run_id,episode,reward,steps,success,navigation_efficiency,goal_distance,grid_size,max_episode_steps,timestamp_utc
2026-04-03_16-59-08,1,-1200.022827372073,195,0,0.018797212215806935,50.24937810560445,50,200,2026-04-03T20:59:16.087354
2026-04-03_16-59-08,2,-81.47618851626831,200,0,0.01607638457164266,59.20304046246274,50,200,2026-04-03T20:59:25.356359
2026-04-03_16-59-08,3,-1049.000626052255,3,0,0.015459457746811891,63.655321851358195,50,200,2026-04-03T20:59:27.422149
2026-04-03_16-59-08,4,-1176.1374814073258,85,0,0.022273457857300796,43.04648650006177,50,200,2026-04-03T20:59:36.418941
2026-04-03_16-59-08,5,-92.68485309962247,200,0,0.015475132526931253,61.61980201201558,50,200,2026-04-03T20:59:41.503168
2026-04-03_16-59-08,6,-43.263559086695544,200,0,0.02062439886513429,45.48626166217664,50,200,2026-04-03T20:59:52.823993
2026-04-03_16-59-08,7,-91.82460119679862,200,0,0.015475132526931253,61.61980201201558,50,200,2026-04-03T21:00:01.061336
2026-04-03_16-59-08,8,-130.80793057725808,200,0,0.01695685271338864,55.97320787662612,50,200,2026-04-03T21:00:06.430255
2026-04-03_16-59-08,9,-99.69587407064192,200,0,0.014694251449008376,65.05382386916237,50,200,2026-04-03T21:00:11.799732
2026-04-03_16-59-08,10,-48.88553550236239,200,0,0.019919646185139157,47.20169488482379,50,200,2026-04-03T21:00:24.918581
2026-04-03_16-59-08,11,-101.0836782565067,200,0,0.014690933476920654,65.06919393998976,50,200,2026-04-03T21:00:29.130578
2026-04-03_16-59-08,12,-209.95529347618884,200,0,0.016610909771468087,57.201398584300364,50,200,2026-04-03T21:00:35.601175
2026-04-03_16-59-08,13,-99.85715356505946,200,0,0.014690933476920654,65.06919393998976,50,200,2026-04-03T21:00:40.922931
2026-04-03_16-59-08,14,-1070.2412508270359,85,0,0.017590149516270887,55.0,50,200,2026-04-03T21:00:45.659014
2026-04-03_16-59-08,15,-65.29771123695767,200,0,0.018779562045152805,50.24937810560445,50,200,2026-04-03T21:00:53.818359
2026-04-03_16-59-08,16,-81.44439391782483,200,0,0.016182209508224014,58.7962583843564,50,200,2026-04-03T21:01:00.861373
2026-04-03_16-59-08,17,-98.59005772715099,200,0,0.014847677195736854,64.35060217278468,50,200,2026-04-03T21:01:52.167584
2026-04-03_16-59-08,18,-99.59568324431213,200,0,0.014840830370231983,64.38167441127949,50,200,2026-04-03T21:01:57.059753
2026-04-03_16-59-08,19,-56.64915362900015,200,0,0.019684390865935184,47.80167361086848,50,200,2026-04-03T21:02:05.824443
2026-04-03_16-59-08,20,-1314.623751310039,131,0,0.02318751149098689,40.8166632639171,50,200,2026-04-03T21:02:16.190620
2026-04-03_16-59-08,21,-81.89483542018738,200,0,0.016774943497769916,56.61271941887264,50,200,2026-04-03T21:02:21.458289
2026-04-03_16-59-08,22,-60.307683733126396,200,0,0.018548853366407828,50.91168824543142,50,200,2026-04-03T21:02:32.323304
2026-04-03_16-59-08,23,-1093.803109176868,67,0,0.017806733614914024,54.48853090330111,50,200,2026-04-03T21:02:37.706134
2026-04-03_16-59-08,24,-98.09668757419821,200,0,0.014395109419717729,66.46803743153546,50,200,2026-04-03T21:02:45.623355
2026-04-03_16-59-08,25,-270.74191094701536,200,0,0.02369410442920505,39.20459156782532,50,200,2026-04-03T21:02:56.762186
2026-04-03_16-59-08,26,-1208.3724159743106,20,0,0.016502475392356854,59.39696961966999,50,200,2026-04-03T21:03:00.006955
2026-04-03_16-59-08,27,-670.0431330433936,200,0,0.017688146747391213,53.53503525729669,50,200,2026-04-03T21:03:08.429326
2026-04-03_16-59-08,28,-41.8873404415473,200,0,0.02255297248069928,41.340053217188775,50,200,2026-04-03T21:03:18.387213
2026-04-03_16-59-08,29,-81.15035843205752,200,0,0.01670824747570822,56.85068161420758,50,200,2026-04-03T21:03:25.192396
2026-04-03_16-59-08,30,-84.23570348034279,200,0,0.016531896058015548,57.48912940721924,50,200,2026-04-03T21:03:30.910318
2026-04-03_16-59-08,31,-131.0133005439408,200,0,0.016324386013151563,58.25804665451803,50,200,2026-04-03T21:03:37.684353
2026-04-03_16-59-08,32,-178.9996583995333,200,0,0.016531896058015548,57.48912940721924,50,200,2026-04-03T21:03:44.340817
2026-04-03_16-59-08,33,-95.4066231742972,200,0,0.01531636424944194,62.289646009589745,50,200,2026-04-03T21:04:38.843818
2026-04-03_16-59-08,34,-100.50449712837627,200,0,0.014694251449008376,65.05382386916237,50,200,2026-04-03T21:04:44.065141
2026-04-03_16-59-08,35,-79.23398352543848,200,0,0.017174220679360835,55.226805085936306,50,200,2026-04-03T21:04:50.045076
2026-04-03_16-59-08,36,-94.62980526593286,200,0,0.015327675363100063,62.24146527838174,50,200,2026-04-03T21:04:55.295619
2026-04-03_16-59-08,37,-100.36131889235746,200,0,0.014847677195736854,64.35060217278468,50,200,2026-04-03T21:04:59.473384
2026-04-03_16-59-08,38,-358.6217995662191,200,0,0.016560495414620673,57.38466694161429,50,200,2026-04-03T21:05:05.051318
2026-04-03_16-59-08,39,-91.65720978583626,200,0,0.015837444516357976,60.14149981501958,50,200,2026-04-03T21:05:09.344606
2026-04-03_16-59-08,40,-102.58489399617368,200,0,0.014542338320164393,65.76473218982953,50,200,2026-04-03T21:05:14.126639
2026-04-03_16-59-08,41,-91.23264733183152,200,0,0.015655105496591208,60.876925020897694,50,200,2026-04-03T21:05:19.758427
2026-04-03_16-59-08,42,-92.71430586151013,200,0,0.015297568801352924,62.369864518050704,50,200,2026-04-03T21:05:25.670331
2026-04-03_16-59-08,43,-105.00576221309754,200,0,0.014395109419717729,66.46803743153546,50,200,2026-04-03T21:05:29.303596
2026-04-03_16-59-08,44,-94.01864431608084,200,0,0.015297568801352924,62.369864518050704,50,200,2026-04-03T21:05:34.620073
2026-04-03_16-59-08,45,-103.07351769775256,200,0,0.014542338320164393,65.76473218982953,50,200,2026-04-03T21:05:38.922997
2026-04-03_16-59-08,46,-103.10212338427743,200,0,0.014542338320164393,65.76473218982953,50,200,2026-04-03T21:05:43.055666
2026-04-03_16-59-08,47,-93.40255739144231,200,0,0.01566719731860802,60.8276253029822,50,200,2026-04-03T21:05:46.969293
2026-04-03_16-59-08,48,-101.04963019658422,200,0,0.014847677195736854,64.35060217278468,50,200,2026-04-03T21:05:50.134138
2026-04-03_16-59-08,49,-92.85478197646283,200,0,0.01566719731860802,60.8276253029822,50,200,2026-04-03T21:06:48.342654
2026-04-03_16-59-08,50,-100.90766028196961,200,0,0.014690933476920654,65.06919393998976,50,200,2026-04-03T21:06:52.680084
2026-04-03_16-59-08,51,-96.29119120863945,200,0,0.01531636424944194,62.289646009589745,50,200,2026-04-03T21:06:56.765504
2026-04-03_16-59-08,52,-103.59344818357056,200,0,0.014395109419717729,66.46803743153546,50,200,2026-04-03T21:07:01.625276
2026-04-03_16-59-08,53,-104.05460923249211,200,0,0.014542338320164393,65.76473218982953,50,200,2026-04-03T21:07:04.799463
2026-04-03_16-59-08,54,-97.86500059437272,200,0,0.015144232602744119,63.0317380372777,50,200,2026-04-03T21:07:08.492272
2026-04-03_16-59-08,55,-105.50308603248632,200,0,0.014690933476920654,65.06919393998976,50,200,2026-04-03T21:07:12.915433
2026-04-03_16-59-08,56,-102.23075410609528,200,0,0.014694251449008376,65.05382386916237,50,200,2026-04-03T21:07:16.392899
2026-04-03_16-59-08,57,-188.4646686482088,200,0,0.014542338320164393,65.76473218982953,50,200,2026-04-03T21:07:20.414916
2026-04-03_16-59-08,58,-100.74036280329085,200,0,0.014840830370231983,64.38167441127949,50,200,2026-04-03T21:07:24.271731
2026-04-03_16-59-08,59,-103.40422272012385,200,0,0.014542338320164393,65.76473218982953,50,200,2026-04-03T21:07:28.606391
2026-04-03_16-59-08,60,-1385.8217502133807,69,0,0.015999697111130935,60.81118318204309,50,200,2026-04-03T21:07:31.474978
2026-04-03_16-59-08,61,-104.6388927235947,200,0,0.014395109419717729,66.46803743153546,50,200,2026-04-03T21:07:35.271356
2026-04-03_16-59-08,62,-97.90966490707194,200,0,0.015158808383651329,62.96824596572466,50,200,2026-04-03T21:07:39.056485
2026-04-03_16-59-08,63,-95.02485028725937,200,0,0.01531636424944194,62.289646009589745,50,200,2026-04-03T21:07:43.888216
2026-04-03_16-59-08,64,-97.819202966036,200,0,0.015144232602744119,63.0317380372777,50,200,2026-04-03T21:07:47.760588
2026-04-03_16-59-08,65,-92.58947791674811,200,0,0.01566719731860802,60.8276253029822,50,200,2026-04-03T21:08:43.784697
2026-04-03_16-59-08,66,-80.96058127046028,200,0,0.01639344262295082,58.0,50,200,2026-04-03T21:08:51.758131
2026-04-03_16-59-08,67,-246.85681494487284,200,0,0.014690933476920654,65.06919393998976,50,200,2026-04-03T21:08:55.071576
2026-04-03_16-59-08,68,-103.98078137344518,200,0,0.014395109419717729,66.46803743153546,50,200,2026-04-03T21:08:59.777238
2026-04-03_16-59-08,69,-100.74850198000657,200,0,0.014840830370231983,64.38167441127949,50,200,2026-04-03T21:09:03.590220
2026-04-03_16-59-08,70,-92.88041823174407,200,0,0.015475132526931253,61.61980201201558,50,200,2026-04-03T21:09:08.563652
2026-04-03_16-59-08,71,-103.4883581841216,200,0,0.014395109419717729,66.46803743153546,50,200,2026-04-03T21:09:13.537269
2026-04-03_16-59-08,72,-102.64645178787595,200,0,0.01531636424944194,62.289646009589745,50,200,2026-04-03T21:09:17.670067
2026-04-03_16-59-08,73,-91.82851750489803,200,0,0.015451867499167868,61.71709649683789,50,200,2026-04-03T21:09:24.931224
2026-04-03_16-59-08,74,-1487.2012990191133,22,0,0.014773659245349988,66.46803743153546,50,200,2026-04-03T21:09:26.840375
2026-04-03_16-59-08,75,-98.30084915787087,200,0,0.014991956837375139,63.702433234531945,50,200,2026-04-03T21:09:31.797027
2026-04-03_16-59-08,76,-99.35251567005189,200,0,0.014991956837375139,63.702433234531945,50,200,2026-04-03T21:09:35.510653
2026-04-03_16-59-08,77,-98.406787762166,200,0,0.015158808383651329,62.96824596572466,50,200,2026-04-03T21:09:38.694996
2026-04-03_16-59-08,78,-1363.957527967481,154,0,0.016658579091099357,57.48912940721924,50,200,2026-04-03T21:09:43.079641
2026-04-03_16-59-08,79,-93.90538195021595,200,0,0.015655105496591208,60.876925020897694,50,200,2026-04-03T21:09:46.543898
2026-04-03_16-59-08,80,-89.51982055270113,200,0,0.015795905494282912,60.30754513325841,50,200,2026-04-03T21:09:53.494438
2026-04-03_16-59-08,81,-1069.0561758790943,43,0,0.017158344279834595,56.85068161420758,50,200,2026-04-03T21:10:48.414594
2026-04-03_16-59-08,82,-67.47155148323732,200,0,0.01826826584749105,51.73973328110612,50,200,2026-04-03T21:10:55.657071
2026-04-03_16-59-08,83,-91.74473310373143,200,0,0.01566719731860802,60.8276253029822,50,200,2026-04-03T21:11:00.789808
2026-04-03_16-59-08,84,-69.46826965434609,200,0,0.01817864039161104,52.009614495783374,50,200,2026-04-03T21:11:07.887075
2026-04-03_16-59-08,85,-94.422558882993,200,0,0.015451867499167868,61.71709649683789,50,200,2026-04-03T21:11:11.783994
2026-04-03_16-59-08,86,-102.11865515047218,200,0,0.014690933476920654,65.06919393998976,50,200,2026-04-03T21:11:15.095324
2026-04-03_16-59-08,87,-102.76693914647535,200,0,0.014542338320164393,65.76473218982953,50,200,2026-04-03T21:11:19.102775
2026-04-03_16-59-08,88,-91.91161227591999,200,0,0.015475132526931253,61.61980201201558,50,200,2026-04-03T21:11:24.559755
2026-04-03_16-59-08,89,-82.97717534393281,200,0,0.016742729328367508,56.72741841473134,50,200,2026-04-03T21:11:29.470366
2026-04-03_16-59-08,90,-97.85716659026811,200,0,0.015166112325465147,62.93647591023825,50,200,2026-04-03T21:11:33.170246
2026-04-03_16-59-08,91,-98.2138782901717,200,0,0.015002553017897154,63.655321851358195,50,200,2026-04-03T21:11:38.058820
2026-04-03_16-59-08,92,-92.5380533881105,200,0,0.015795905494282912,60.30754513325841,50,200,2026-04-03T21:11:41.714496
2026-04-03_16-59-08,93,-96.95177252320731,200,0,0.015158808383651329,62.96824596572466,50,200,2026-04-03T21:11:46.334874
2026-04-03_16-59-08,94,-100.94468711246175,200,0,0.014847677195736854,64.35060217278468,50,200,2026-04-03T21:11:49.891767
2026-04-03_16-59-08,95,-524.237527990558,200,0,0.014542338320164393,65.76473218982953,50,200,2026-04-03T21:11:54.408602
2026-04-03_16-59-08,96,-103.85643577702314,200,0,0.014542338320164393,65.76473218982953,50,200,2026-04-03T21:11:57.888684
2026-04-03_16-59-08,97,-96.65160771647366,200,0,0.015297568801352924,62.369864518050704,50,200,2026-04-03T21:12:51.550998
2026-04-03_16-59-08,98,-101.85453256181509,200,0,0.014690933476920654,65.06919393998976,50,200,2026-04-03T21:12:55.621943
2026-04-03_16-59-08,99,-92.53228403365004,200,0,0.015795905494282912,60.30754513325841,50,200,2026-04-03T21:12:59.483955
2026-04-03_16-59-08,100,-100.04950975021511,200,0,0.014991956837375139,63.702433234531945,50,200,2026-04-03T21:13:02.103284
2026-04-03_16-59-08,101,-103.84484236069764,200,0,0.014542338320164393,65.76473218982953,50,200,2026-04-03T21:13:05.227123
2026-04-03_16-59-08,102,-98.9008569880241,200,0,0.014991956837375139,63.702433234531945,50,200,2026-04-03T21:13:09.826137
2026-04-03_16-59-08,103,-99.38001448145167,200,0,0.014991956837375139,63.702433234531945,50,200,2026-04-03T21:13:13.705889
2026-04-03_16-59-08,104,-98.22937869410075,200,0,0.015166112325465147,62.93647591023825,50,200,2026-04-03T21:13:16.561929
2026-04-03_16-59-08,105,-103.34080978694509,200,0,0.014542338320164393,65.76473218982953,50,200,2026-04-03T21:13:20.125211
2026-04-03_16-59-08,106,-105.4328674597845,200,0,0.014395109419717729,66.46803743153546,50,200,2026-04-03T21:13:23.031800
2026-04-03_16-59-08,107,-95.92384786274798,200,0,0.015475132526931253,61.61980201201558,50,200,2026-04-03T21:13:25.765417
2026-04-03_16-59-08,108,-99.37282426474297,200,0,0.015006090152632831,63.63961030678928,50,200,2026-04-03T21:13:29.360672
2026-04-03_16-59-08,109,-101.84796710136966,200,0,0.014694251449008376,65.05382386916237,50,200,2026-04-03T21:13:33.593791
2026-04-03_16-59-08,110,-93.16246408273446,200,0,0.015475132526931253,61.61980201201558,50,200,2026-04-03T21:13:38.399227
2026-04-03_16-59-08,111,-99.56993630837006,200,0,0.015002553017897154,63.655321851358195,50,200,2026-04-03T21:13:41.957137
2026-04-03_16-59-08,112,-97.08003028355456,200,0,0.015327675363100063,62.24146527838174,50,200,2026-04-03T21:13:44.527568
2026-04-03_16-59-08,113,-96.54633436543385,200,0,0.015331451396431838,62.22539674441618,50,200,2026-04-03T21:14:39.589739
2026-04-03_16-59-08,114,-95.21414484168574,200,0,0.015331451396431838,62.22539674441618,50,200,2026-04-03T21:14:44.199412
2026-04-03_16-59-08,115,-81.80654874829287,200,0,0.0169877605700044,55.86591089385369,50,200,2026-04-03T21:14:49.416351
2026-04-03_16-59-08,116,-103.03800056045344,200,0,0.014542338320164393,65.76473218982953,50,200,2026-04-03T21:14:53.503621
2026-04-03_16-59-08,117,-97.00684629222125,200,0,0.015297568801352924,62.369864518050704,50,200,2026-04-03T21:14:57.004094
2026-04-03_16-59-08,118,-88.97404882210546,200,0,0.015655105496591208,60.876925020897694,50,200,2026-04-03T21:15:02.524328
2026-04-03_16-59-08,119,-103.28579079462304,200,0,0.014542338320164393,65.76473218982953,50,200,2026-04-03T21:15:06.363984
2026-04-03_16-59-08,120,-103.9846693037035,200,0,0.014395109419717729,66.46803743153546,50,200,2026-04-03T21:15:10.579414
2026-04-03_16-59-08,121,-90.9709111754532,200,0,0.015987644818727064,59.54829972383762,50,200,2026-04-03T21:15:14.882496
2026-04-03_16-59-08,122,-103.78520429809112,200,0,0.014395109419717729,66.46803743153546,50,200,2026-04-03T21:15:19.066938
2026-04-03_16-59-08,123,-99.94789905582493,200,0,0.014991956837375139,63.702433234531945,50,200,2026-04-03T21:15:21.924980
2026-04-03_16-59-08,124,-91.90799695810969,200,0,0.01584579237197416,60.108235708594876,50,200,2026-04-03T21:15:26.007659
2026-04-03_16-59-08,125,-98.23965468690815,200,0,0.015297568801352924,62.369864518050704,50,200,2026-04-03T21:15:31.709369
2026-04-03_16-59-08,126,-102.53910067040776,200,0,0.014542338320164393,65.76473218982953,50,200,2026-04-03T21:15:35.659048
2026-04-03_16-59-08,127,-101.09659087665833,200,0,0.014847677195736854,64.35060217278468,50,200,2026-04-03T21:15:38.919495
2026-04-03_16-59-08,128,-1149.0509229909537,23,0,0.016114055204621964,60.8276253029822,50,200,2026-04-03T21:15:41.665105
2026-04-03_16-59-08,129,-102.42503523916159,200,0,0.014542338320164393,65.76473218982953,50,200,2026-04-03T21:16:35.117334
2026-04-03_16-59-08,130,-104.16404790523157,200,0,0.014542338320164393,65.76473218982953,50,200,2026-04-03T21:16:38.016170
2026-04-03_16-59-08,131,-99.52586981182863,200,0,0.015002553017897154,63.655321851358195,50,200,2026-04-03T21:16:41.437095
2026-04-03_16-59-08,132,-1097.4395462755683,131,0,0.017178677304787462,55.90169943749474,50,200,2026-04-03T21:16:45.317945
2026-04-03_16-59-08,133,-95.34464731595642,200,0,0.01531636424944194,62.289646009589745,50,200,2026-04-03T21:16:49.730518
2026-04-03_16-59-08,134,-96.82059575551864,200,0,0.015327675363100063,62.24146527838174,50,200,2026-04-03T21:16:52.727199
2026-04-03_16-59-08,135,-309.4841951606114,200,0,0.014395109419717729,66.46803743153546,50,200,2026-04-03T21:16:55.177537
2026-04-03_16-59-08,136,-97.84325996479154,200,0,0.015166112325465147,62.93647591023825,50,200,2026-04-03T21:16:58.912415
2026-04-03_16-59-08,137,-102.83228860038969,200,0,0.014690933476920654,65.06919393998976,50,200,2026-04-03T21:17:01.388316
2026-04-03_16-59-08,138,-102.63545381836072,200,0,0.014690933476920654,65.06919393998976,50,200,2026-04-03T21:17:04.477765
2026-04-03_16-59-08,139,-104.1298381289545,200,0,0.014542338320164393,65.76473218982953,50,200,2026-04-03T21:17:07.175186
2026-04-03_16-59-08,140,-86.41132735143606,200,0,0.016493997022009554,57.62811813689564,50,200,2026-04-03T21:17:11.525631
2026-04-03_16-59-08,141,-103.60426922281118,200,0,0.014542338320164393,65.76473218982953,50,200,2026-04-03T21:17:14.961232
2026-04-03_16-59-08,142,-97.8584275795682,200,0,0.015002553017897154,63.655321851358195,50,200,2026-04-03T21:17:19.363423
2026-04-03_16-59-08,143,-96.65571640236365,200,0,0.015331451396431838,62.22539674441618,50,200,2026-04-03T21:17:22.768507
2026-04-03_16-59-08,144,-95.40489596276875,200,0,0.015490702006891422,61.554853586049575,50,200,2026-04-03T21:17:26.236714
2026-04-03_16-59-08,145,-103.41977671843476,200,0,0.014542338320164393,65.76473218982953,50,200,2026-04-03T21:18:20.410279
2026-04-03_16-59-08,146,-1162.8288593456564,11,0,0.01578895927715433,62.22539674441618,50,200,2026-04-03T21:18:22.861547
2026-04-03_16-59-08,147,-1388.0744203127356,149,0,0.015781103464784053,60.876925020897694,50,200,2026-04-03T21:18:27.033002
2026-04-03_16-59-08,148,-1083.7808628496584,83,0,0.016136449867841303,60.14149981501958,50,200,2026-04-03T21:18:30.334737
2026-04-03_16-59-08,149,-98.61901843664174,200,0,0.015144232602744119,63.0317380372777,50,200,2026-04-03T21:18:33.412825
2026-04-03_16-59-08,150,-102.96882117236925,200,0,0.014542338320164393,65.76473218982953,50,200,2026-04-03T21:18:37.522478
2026-04-03_16-59-08,151,-98.5053871736677,200,0,0.015166112325465147,62.93647591023825,50,200,2026-04-03T21:18:40.359517
2026-04-03_16-59-08,152,-1215.8309882338817,9,0,0.014802087775468877,66.46803743153546,50,200,2026-04-03T21:18:42.291025
2026-04-03_16-59-08,153,-102.40397002120714,200,0,0.014694251449008376,65.05382386916237,50,200,2026-04-03T21:18:45.501973
2026-04-03_16-59-08,154,-100.95721633170504,200,0,0.014840830370231983,64.38167441127949,50,200,2026-04-03T21:18:49.260870
2026-04-03_16-59-08,155,-100.72929708156917,200,0,0.014840830370231983,64.38167441127949,50,200,2026-04-03T21:18:52.878924
2026-04-03_16-59-08,156,-98.55267223946053,200,0,0.015158808383651329,62.96824596572466,50,200,2026-04-03T21:18:55.654469
2026-04-03_16-59-08,157,-102.44705232448443,200,0,0.014690933476920654,65.06919393998976,50,200,2026-04-03T21:18:58.993151
2026-04-03_16-59-08,158,-105.31530169894933,200,0,0.014395109419717729,66.46803743153546,50,200,2026-04-03T21:19:01.994012
2026-04-03_16-59-08,159,-101.15054954206552,200,0,0.014847677195736854,64.35060217278468,50,200,2026-04-03T21:19:04.828138
2026-04-03_16-59-08,160,-100.00036905990463,200,0,0.015006090152632831,63.63961030678928,50,200,2026-04-03T21:19:07.377103
2026-04-03_16-59-08,161,-105.67807302236446,200,0,0.014395109419717729,66.46803743153546,50,200,2026-04-03T21:19:51.280080
2026-04-03_16-59-08,162,-104.22243681516562,200,0,0.014542338320164393,65.76473218982953,50,200,2026-04-03T21:19:53.810948
2026-04-03_16-59-08,163,-101.45669711370304,200,0,0.014840830370231983,64.38167441127949,50,200,2026-04-03T21:19:56.489066
2026-04-03_16-59-08,164,-102.82615409938154,200,0,0.014690933476920654,65.06919393998976,50,200,2026-04-03T21:19:58.988563
2026-04-03_16-59-08,165,-99.9758952762508,200,0,0.014991956837375139,63.702433234531945,50,200,2026-04-03T21:20:01.901448
2026-04-03_16-59-08,166,-105.58514009970571,200,0,0.014395109419717729,66.46803743153546,50,200,2026-04-03T21:20:04.797436
2026-04-03_16-59-08,167,-95.6847320795329,200,0,0.015490702006891422,61.554853586049575,50,200,2026-04-03T21:20:07.784933
2026-04-03_16-59-08,168,-105.58014334759854,200,0,0.014395109419717729,66.46803743153546,50,200,2026-04-03T21:20:10.857884
2026-04-03_16-59-08,169,-104.1847158442902,200,0,0.014542338320164393,65.76473218982953,50,200,2026-04-03T21:20:13.448252
2026-04-03_16-59-08,170,-104.21326088167518,200,0,0.014542338320164393,65.76473218982953,50,200,2026-04-03T21:20:16.110564
2026-04-03_16-59-08,171,-105.60964569136175,200,0,0.014395109419717729,66.46803743153546,50,200,2026-04-03T21:20:18.902096
2026-04-03_16-59-08,172,-104.26593819339828,200,0,0.014542338320164393,65.76473218982953,50,200,2026-04-03T21:20:21.351874
2026-04-03_16-59-08,173,-102.44338532386027,200,0,0.014694251449008376,65.05382386916237,50,200,2026-04-03T21:20:24.944152
2026-04-03_16-59-08,174,-104.2218681980886,200,0,0.014542338320164393,65.76473218982953,50,200,2026-04-03T21:20:27.585110
2026-04-03_16-59-08,175,-102.76636555425526,200,0,0.014690933476920654,65.06919393998976,50,200,2026-04-03T21:20:30.525624
2026-04-03_16-59-08,176,-1044.487038950727,1,0,0.015813927823395878,62.22539674441618,50,200,2026-04-03T21:20:32.544368
2026-04-03_16-59-08,177,-105.61950145852448,200,0,0.014395109419717729,66.46803743153546,50,200,2026-04-03T21:21:24.748484
2026-04-03_16-59-08,178,-101.432403422884,200,0,0.014847677195736854,64.35060217278468,50,200,2026-04-03T21:21:27.227899
2026-04-03_16-59-08,179,-108.5639359649445,200,0,0.014395109419717729,66.46803743153546,50,200,2026-04-03T21:21:30.239848
2026-04-03_16-59-08,180,-104.2094760680523,200,0,0.014542338320164393,65.76473218982953,50,200,2026-04-03T21:21:32.968586
2026-04-03_16-59-08,181,-105.58034058273785,200,0,0.014395109419717729,66.46803743153546,50,200,2026-04-03T21:21:36.045440
2026-04-03_16-59-08,182,-105.5123472280469,200,0,0.014395109419717729,66.46803743153546,50,200,2026-04-03T21:21:39.128732
2026-04-03_16-59-08,183,-99.90170135098552,200,0,0.014991956837375139,63.702433234531945,50,200,2026-04-03T21:21:42.038013
2026-04-03_16-59-08,184,-97.451649869186,200,0,0.015297568801352924,62.369864518050704,50,200,2026-04-03T21:21:44.529260
2026-04-03_16-59-08,185,-105.52245954080142,200,0,0.014395109419717729,66.46803743153546,50,200,2026-04-03T21:21:47.251456
2026-04-03_16-59-08,186,-361.3056725493252,200,0,0.014840830370231983,64.38167441127949,50,200,2026-04-03T21:21:50.652551
2026-04-03_16-59-08,187,-104.106636189883,200,0,0.014542338320164393,65.76473218982953,50,200,2026-04-03T21:21:53.522289
2026-04-03_16-59-08,188,-104.27146253895259,200,0,0.014542338320164393,65.76473218982953,50,200,2026-04-03T21:21:55.640741
2026-04-03_16-59-08,189,-105.60146352742078,200,0,0.014395109419717729,66.46803743153546,50,200,2026-04-03T21:21:58.142667
2026-04-03_16-59-08,190,-1129.582048853783,112,0,0.015363757083369522,62.96824596572466,50,200,2026-04-03T21:22:01.003589
2026-04-03_16-59-08,191,-104.62290797336172,200,0,0.014395109419717729,66.46803743153546,50,200,2026-04-03T21:22:05.170723
2026-04-03_16-59-08,192,-105.53420297471057,200,0,0.014395109419717729,66.46803743153546,50,200,2026-04-03T21:22:07.988195
2026-04-03_16-59-08,193,-99.40094662566226,200,0,0.015006090152632831,63.63961030678928,50,200,2026-04-03T21:23:00.541773
2026-04-03_16-59-08,194,-100.05424865860209,200,0,0.014991956837375139,63.702433234531945,50,200,2026-04-03T21:23:03.421981
2026-04-03_16-59-08,195,-104.07745057604836,200,0,0.014542338320164393,65.76473218982953,50,200,2026-04-03T21:23:06.986456
2026-04-03_16-59-08,196,-98.49248860601162,200,0,0.015158808383651329,62.96824596572466,50,200,2026-04-03T21:23:09.984828
2026-04-03_16-59-08,197,-94.08029908385272,200,0,0.015607021214299889,61.07372593840988,50,200,2026-04-03T21:23:14.301485
2026-04-03_16-59-08,198,-105.51986213083231,200,0,0.014395109419717729,66.46803743153546,50,200,2026-04-03T21:23:17.202876
2026-04-03_16-59-08,199,-95.40857711853707,200,0,0.015498504677194942,61.5223536610881,50,200,2026-04-03T21:23:20.438311
2026-04-03_16-59-08,200,-97.03290464543548,200,0,0.015331451396431838,62.22539674441618,50,200,2026-04-03T21:23:23.027452
2026-04-03_16-59-08,201,-102.68012387357341,200,0,0.014694251449008376,65.05382386916237,50,200,2026-04-03T21:23:26.145790
2026-04-03_16-59-08,202,-104.21069755049704,200,0,0.014542338320164393,65.76473218982953,50,200,2026-04-03T21:23:28.530351
2026-04-03_16-59-08,203,-101.28510314959263,200,0,0.014847677195736854,64.35060217278468,50,200,2026-04-03T21:23:31.315578
2026-04-03_16-59-08,204,-98.61126882470475,200,0,0.015144232602744119,63.0317380372777,50,200,2026-04-03T21:23:34.304062
2026-04-03_16-59-08,205,-102.67440145772981,200,0,0.014690933476920654,65.06919393998976,50,200,2026-04-03T21:23:37.075137
2026-04-03_16-59-08,206,-112.1468794973502,200,0,0.014840830370231983,64.38167441127949,50,200,2026-04-03T21:23:40.212324
2026-04-03_16-59-08,207,-100.96274979135234,200,0,0.014847677195736854,64.35060217278468,50,200,2026-04-03T21:23:43.005039
2026-04-03_16-59-08,208,-105.65628907560036,200,0,0.014395109419717729,66.46803743153546,50,200,2026-04-03T21:23:45.470592
2026-04-03_16-59-08,209,-1050.4087421069553,21,0,0.016495171016979532,59.413803110051795,50,200,2026-04-03T21:24:40.729778
2026-04-03_16-59-08,210,-104.06356178169118,200,0,0.014542338320164393,65.76473218982953,50,200,2026-04-03T21:24:43.872700
2026-04-03_16-59-08,211,-102.75498828255402,200,0,0.014690933476920654,65.06919393998976,50,200,2026-04-03T21:24:46.628893
2026-04-03_16-59-08,212,-105.39787536226973,200,0,0.014395109419717729,66.46803743153546,50,200,2026-04-03T21:24:50.054651
2026-04-03_16-59-08,213,-100.86353605778812,200,0,0.014847677195736854,64.35060217278468,50,200,2026-04-03T21:24:53.674452
2026-04-03_16-59-08,214,-102.72310218712641,200,0,0.014542338320164393,65.76473218982953,50,200,2026-04-03T21:24:57.645559
2026-04-03_16-59-08,215,-99.93418980224284,200,0,0.014991956837375139,63.702433234531945,50,200,2026-04-03T21:25:00.734983
2026-04-03_16-59-08,216,-100.06525587600937,200,0,0.014991956837375139,63.702433234531945,50,200,2026-04-03T21:25:03.465603
2026-04-03_16-59-08,217,-103.11560586246468,200,0,0.014542338320164393,65.76473218982953,50,200,2026-04-03T21:25:07.250684
2026-04-03_16-59-08,218,-102.63355670159311,200,0,0.014690933476920654,65.06919393998976,50,200,2026-04-03T21:25:10.190302
2026-04-03_16-59-08,219,-1168.130029064573,166,0,0.016114225462969325,59.39696961966999,50,200,2026-04-03T21:25:14.039322
2026-04-03_16-59-08,220,-94.81647117077492,200,0,0.015475132526931253,61.61980201201558,50,200,2026-04-03T21:25:18.276565
2026-04-03_16-59-08,221,-104.0294633351184,200,0,0.014395109419717729,66.46803743153546,50,200,2026-04-03T21:25:22.454314
2026-04-03_16-59-08,222,-104.72877109801485,200,0,0.014395109419717729,66.46803743153546,50,200,2026-04-03T21:25:26.122117
2026-04-03_16-59-08,223,-101.32322279972522,200,0,0.014690933476920654,65.06919393998976,50,200,2026-04-03T21:25:30.943919
2026-04-03_16-59-08,224,-102.81126500240198,200,0,0.014690933476920654,65.06919393998976,50,200,2026-04-03T21:25:33.707518
2026-04-03_16-59-08,225,-103.30982918358794,200,0,0.014542338320164393,65.76473218982953,50,200,2026-04-03T21:26:26.688749
2026-04-03_16-59-08,226,-1094.0013805859746,76,0,0.015449205908183062,62.96824596572466,50,200,2026-04-03T21:26:29.141162
2026-04-03_16-59-08,227,-760.2847893112809,200,0,0.015144232602744119,63.0317380372777,50,200,2026-04-03T21:26:32.580313
2026-04-03_16-59-08,228,-105.81422495775158,200,0,0.014690933476920654,65.06919393998976,50,200,2026-04-03T21:26:35.731798
2026-04-03_16-59-08,229,-93.2136629114116,200,0,0.015795905494282912,60.30754513325841,50,200,2026-04-03T21:26:38.770158
2026-04-03_16-59-08,230,-104.18909798021842,200,0,0.014542338320164393,65.76473218982953,50,200,2026-04-03T21:26:41.360742
2026-04-03_16-59-08,231,-98.67770618733782,200,0,0.015144232602744119,63.0317380372777,50,200,2026-04-03T21:26:44.038622
2026-04-03_16-59-08,232,-115.36436031928045,200,0,0.015158808383651329,62.96824596572466,50,200,2026-04-03T21:26:47.223771
2026-04-03_16-59-08,233,-105.56482602285442,200,0,0.014395109419717729,66.46803743153546,50,200,2026-04-03T21:26:49.856660
2026-04-03_16-59-08,234,-99.77792956320211,200,0,0.015002553017897154,63.655321851358195,50,200,2026-04-03T21:26:52.925196
2026-04-03_16-59-08,235,-104.20686183862274,200,0,0.014542338320164393,65.76473218982953,50,200,2026-04-03T21:26:55.468471
2026-04-03_16-59-08,236,-103.71984601242974,200,0,0.014542338320164393,65.76473218982953,50,200,2026-04-03T21:26:58.820467
2026-04-03_16-59-08,237,-102.62020167140678,200,0,0.014694251449008376,65.05382386916237,50,200,2026-04-03T21:27:01.735680
2026-04-03_16-59-08,238,-102.142795900812,200,0,0.014690933476920654,65.06919393998976,50,200,2026-04-03T21:27:04.955887
2026-04-03_16-59-08,239,-1115.3171279100256,85,0,0.01577975161452809,61.5223536610881,50,200,2026-04-03T21:27:07.897789
2026-04-03_16-59-08,240,-101.50825623968011,200,0,0.014690933476920654,65.06919393998976,50,200,2026-04-03T21:27:11.881254
2026-04-03_16-59-08,241,-98.08735926684818,200,0,0.015327675363100063,62.24146527838174,50,200,2026-04-03T21:28:04.929724
2026-04-03_16-59-08,242,-101.47238809765392,200,0,0.014840830370231983,64.38167441127949,50,200,2026-04-03T21:28:07.366886
2026-04-03_16-59-08,243,-103.74982051501865,200,0,0.014542338320164393,65.76473218982953,50,200,2026-04-03T21:28:10.729710
2026-04-03_16-59-08,244,-105.50130667512147,200,0,0.014395109419717729,66.46803743153546,50,200,2026-04-03T21:28:13.535663
2026-04-03_16-59-08,245,-103.5912398327734,200,0,0.014542338320164393,65.76473218982953,50,200,2026-04-03T21:28:16.936582
2026-04-03_16-59-08,246,-102.85822623705334,200,0,0.014690933476920654,65.06919393998976,50,200,2026-04-03T21:28:19.323308
2026-04-03_16-59-08,247,-101.37879470473773,200,0,0.014840830370231983,64.38167441127949,50,200,2026-04-03T21:28:21.979385
2026-04-03_16-59-08,248,-102.8337995027246,200,0,0.014690933476920654,65.06919393998976,50,200,2026-04-03T21:28:24.656734
2026-04-03_16-59-08,249,-105.64611777059824,200,0,0.014395109419717729,66.46803743153546,50,200,2026-04-03T21:28:27.218711
2026-04-03_16-59-08,250,-104.20797916625355,200,0,0.014542338320164393,65.76473218982953,50,200,2026-04-03T21:28:29.903694
2026-04-03_16-59-08,251,-100.76849162446752,200,0,0.014840830370231983,64.38167441127949,50,200,2026-04-03T21:28:33.850005
2026-04-03_16-59-08,252,-105.46354867502859,200,0,0.014395109419717729,66.46803743153546,50,200,2026-04-03T21:28:36.570687
2026-04-03_16-59-08,253,-103.93641086259464,200,0,0.014542338320164393,65.76473218982953,50,200,2026-04-03T21:28:39.659407
2026-04-03_16-59-08,254,-102.83385424730088,200,0,0.014690933476920654,65.06919393998976,50,200,2026-04-03T21:28:42.071894
2026-04-03_16-59-08,255,-100.04184278003103,200,0,0.015002553017897154,63.655321851358195,50,200,2026-04-03T21:28:44.408863
2026-04-03_16-59-08,256,-105.51269091105382,200,0,0.014395109419717729,66.46803743153546,50,200,2026-04-03T21:28:47.224577
2026-04-03_16-59-08,257,-102.52249182223787,200,0,0.014690933476920654,65.06919393998976,50,200,2026-04-03T21:29:47.406690
2026-04-03_16-59-08,258,-96.90302033812367,200,0,0.01531636424944194,62.289646009589745,50,200,2026-04-03T21:29:50.509419
2026-04-03_16-59-08,259,-1050.3278046818884,1,0,0.015464239121837704,63.655321851358195,50,200,2026-04-03T21:29:52.248279
2026-04-03_16-59-08,260,-97.29432325750508,200,0,0.015297568801352924,62.369864518050704,50,200,2026-04-03T21:29:55.151692
2026-04-03_16-59-08,261,-104.23956413469463,200,0,0.014542338320164393,65.76473218982953,50,200,2026-04-03T21:29:57.632157
2026-04-03_16-59-08,262,-105.49220299395753,200,0,0.014395109419717729,66.46803743153546,50,200,2026-04-03T21:30:00.276400
2026-04-03_16-59-08,263,-104.03093607375203,200,0,0.014542338320164393,65.76473218982953,50,200,2026-04-03T21:30:03.013536
2026-04-03_16-59-08,264,-105.66274765495129,200,0,0.014395109419717729,66.46803743153546,50,200,2026-04-03T21:30:05.338014
2026-04-03_16-59-08,265,-98.55800684842451,200,0,0.015158808383651329,62.96824596572466,50,200,2026-04-03T21:30:07.875483
2026-04-03_16-59-08,266,-101.38692616250512,200,0,0.014847677195736854,64.35060217278468,50,200,2026-04-03T21:30:10.702232
2026-04-03_16-59-08,267,-101.35513896819607,200,0,0.014847677195736854,64.35060217278468,50,200,2026-04-03T21:30:13.153510
2026-04-03_16-59-08,268,-105.58715153557064,200,0,0.014395109419717729,66.46803743153546,50,200,2026-04-03T21:30:15.747976
2026-04-03_16-59-08,269,-104.21815873235829,200,0,0.014542338320164393,65.76473218982953,50,200,2026-04-03T21:30:18.170056
2026-04-03_16-59-08,270,-101.46768197848826,200,0,0.014840830370231983,64.38167441127949,50,200,2026-04-03T21:30:20.870369
2026-04-03_16-59-08,271,-103.63450175850605,200,0,0.014542338320164393,65.76473218982953,50,200,2026-04-03T21:30:24.482755
2026-04-03_16-59-08,272,-102.36638625382155,200,0,0.014690933476920654,65.06919393998976,50,200,2026-04-03T21:30:28.251081
2026-04-03_16-59-08,273,-102.03004968502326,200,0,0.014690933476920654,65.06919393998976,50,200,2026-04-03T21:31:17.837823
2026-04-03_16-59-08,274,-105.67807302236446,200,0,0.014395109419717729,66.46803743153546,50,200,2026-04-03T21:31:20.176760
2026-04-03_16-59-08,275,-102.51089822805154,200,0,0.014690933476920654,65.06919393998976,50,200,2026-04-03T21:31:23.180296
2026-04-03_16-59-08,276,-105.06761623242608,200,0,0.014395109419717729,66.46803743153546,50,200,2026-04-03T21:31:26.526828
2026-04-03_16-59-08,277,-105.45994059068764,200,0,0.014395109419717729,66.46803743153546,50,200,2026-04-03T21:31:29.435221
2026-04-03_16-59-08,278,-104.19462930458783,200,0,0.014542338320164393,65.76473218982953,50,200,2026-04-03T21:31:31.952881
2026-04-03_16-59-08,279,-103.81554333422659,200,0,0.014542338320164393,65.76473218982953,50,200,2026-04-03T21:31:35.073979
2026-04-03_16-59-08,280,-103.46043165155601,200,0,0.014542338320164393,65.76473218982953,50,200,2026-04-03T21:31:38.312347
2026-04-03_16-59-08,281,-102.70760380453991,200,0,0.014690933476920654,65.06919393998976,50,200,2026-04-03T21:31:41.202627
2026-04-03_16-59-08,282,-1427.1480965425844,169,0,0.01636598868604103,58.412327466040935,50,200,2026-04-03T21:31:44.530388
2026-04-03_16-59-08,283,-102.79067107028672,200,0,0.014395109419717729,66.46803743153546,50,200,2026-04-03T21:31:48.695821
2026-04-03_16-59-08,284,-105.10239250038434,200,0,0.014395109419717729,66.46803743153546,50,200,2026-04-03T21:31:52.200727
2026-04-03_16-59-08,285,-123.65051259877896,200,0,0.01531636424944194,62.289646009589745,50,200,2026-04-03T21:31:55.124593
2026-04-03_16-59-08,286,-102.6828467386399,200,0,0.014694251449008376,65.05382386916237,50,200,2026-04-03T21:31:57.874618
2026-04-03_16-59-08,287,-104.24558732229147,200,0,0.014542338320164393,65.76473218982953,50,200,2026-04-03T21:32:00.232801
2026-04-03_16-59-08,288,-101.31487965899696,200,0,0.014840830370231983,64.38167441127949,50,200,2026-04-03T21:32:03.208660
2026-04-03_16-59-08,289,-1480.851777593082,75,0,0.015615326790692332,62.289646009589745,50,200,2026-04-03T21:32:58.609869
2026-04-03_16-59-08,290,-107.18384366420433,200,0,0.014395109419717729,66.46803743153546,50,200,2026-04-03T21:33:01.267054
2026-04-03_16-59-08,291,-95.7878879418607,200,0,0.015451867499167868,61.71709649683789,50,200,2026-04-03T21:33:04.050217
2026-04-03_16-59-08,292,-101.31744889055128,200,0,0.014847677195736854,64.35060217278468,50,200,2026-04-03T21:33:06.797780
2026-04-03_16-59-08,293,-102.74391189543009,200,0,0.014690933476920654,65.06919393998976,50,200,2026-04-03T21:33:09.598542
2026-04-03_16-59-08,294,-105.16360665425586,200,0,0.014395109419717729,66.46803743153546,50,200,2026-04-03T21:33:12.811427
2026-04-03_16-59-08,295,-97.57382994741914,200,0,0.015158808383651329,62.96824596572466,50,200,2026-04-03T21:33:16.302716
2026-04-03_16-59-08,296,-101.24030457362603,200,0,0.014840830370231983,64.38167441127949,50,200,2026-04-03T21:33:18.978508
2026-04-03_16-59-08,297,-102.84173546126229,200,0,0.014542338320164393,65.76473218982953,50,200,2026-04-03T21:33:22.580215
2026-04-03_16-59-08,298,-101.47251434397981,200,0,0.014840830370231983,64.38167441127949,50,200,2026-04-03T21:33:25.027883
2026-04-03_16-59-08,299,-104.14109011185565,200,0,0.014542338320164393,65.76473218982953,50,200,2026-04-03T21:33:27.887775
2026-04-03_16-59-08,300,-98.36407404931249,200,0,0.014991956837375139,63.702433234531945,50,200,2026-04-03T21:33:31.466628
2026-04-03_16-59-08,301,-100.02333787882432,200,0,0.014991956837375139,63.702433234531945,50,200,2026-04-03T21:33:34.623080
2026-04-03_16-59-08,302,-101.96548701775536,200,0,0.014690933476920654,65.06919393998976,50,200,2026-04-03T21:33:37.965044
2026-04-03_16-59-08,303,-105.61961477659652,200,0,0.014395109419717729,66.46803743153546,50,200,2026-04-03T21:33:40.393835
2026-04-03_16-59-08,304,-105.39770699384889,200,0,0.014395109419717729,66.46803743153546,50,200,2026-04-03T21:33:43.300740
2026-04-03_16-59-08,305,-104.27146253895259,200,0,0.014542338320164393,65.76473218982953,50,200,2026-04-03T21:34:36.112828
2026-04-03_16-59-08,306,-102.88038603927305,200,0,0.014690933476920654,65.06919393998976,50,200,2026-04-03T21:34:38.261262
2026-04-03_16-59-08,307,-105.67329712780048,200,0,0.014395109419717729,66.46803743153546,50,200,2026-04-03T21:34:40.507790
2026-04-03_16-59-08,308,-101.49101929816058,200,0,0.014840830370231983,64.38167441127949,50,200,2026-04-03T21:34:42.825437
2026-04-03_16-59-08,309,-104.16192580671778,200,0,0.014542338320164393,65.76473218982953,50,200,2026-04-03T21:34:45.451295
2026-04-03_16-59-08,310,-105.6680223913759,200,0,0.014395109419717729,66.46803743153546,50,200,2026-04-03T21:34:47.756201
2026-04-03_16-59-08,311,-102.80747479441051,200,0,0.014690933476920654,65.06919393998976,50,200,2026-04-03T21:34:50.081826
2026-04-03_16-59-08,312,-102.87486169371874,200,0,0.014690933476920654,65.06919393998976,50,200,2026-04-03T21:34:52.213079
2026-04-03_16-59-08,313,-105.67254867681015,200,0,0.014395109419717729,66.46803743153546,50,200,2026-04-03T21:34:54.431770
2026-04-03_16-59-08,314,-98.56461615641925,200,0,0.015144232602744119,63.0317380372777,50,200,2026-04-03T21:34:57.195560
2026-04-03_16-59-08,315,-104.24490269762451,200,0,0.014542338320164393,65.76473218982953,50,200,2026-04-03T21:34:59.484346
2026-04-03_16-59-08,316,-104.27146253895259,200,0,0.014542338320164393,65.76473218982953,50,200,2026-04-03T21:35:01.611803
2026-04-03_16-59-08,317,-105.67279828593986,200,0,0.014395109419717729,66.46803743153546,50,200,2026-04-03T21:35:03.924404
2026-04-03_16-59-08,318,-96.37277226410436,200,0,0.015144232602744119,63.0317380372777,50,200,2026-04-03T21:35:07.194228
2026-04-03_16-59-08,319,-105.6674667021889,200,0,0.014395109419717729,66.46803743153546,50,200,2026-04-03T21:35:09.363641
2026-04-03_16-59-08,320,-104.24503200950325,200,0,0.014542338320164393,65.76473218982953,50,200,2026-04-03T21:35:11.827686
2026-04-03_16-59-08,321,-104.27146253895259,200,0,0.014542338320164393,65.76473218982953,50,200,2026-04-03T21:36:03.014177
2026-04-03_16-59-08,322,-105.67807302236446,200,0,0.014395109419717729,66.46803743153546,50,200,2026-04-03T21:36:05.121305
2026-04-03_16-59-08,323,-104.19069418544265,200,0,0.014542338320164393,65.76473218982953,50,200,2026-04-03T21:36:07.386707
2026-04-03_16-59-08,324,-104.26085621877704,200,0,0.014542338320164393,65.76473218982953,50,200,2026-04-03T21:36:09.629743
2026-04-03_16-59-08,325,-104.23225769871958,200,0,0.014542338320164393,65.76473218982953,50,200,2026-04-03T21:36:11.780306
2026-04-03_16-59-08,326,-105.60254430475767,200,0,0.014395109419717729,66.46803743153546,50,200,2026-04-03T21:36:14.407106
2026-04-03_16-59-08,327,-104.26141190796402,200,0,0.014542338320164393,65.76473218982953,50,200,2026-04-03T21:36:16.581668
2026-04-03_16-59-08,328,-97.71271625757605,200,0,0.015144232602744119,63.0317380372777,50,200,2026-04-03T21:36:19.970442
2026-04-03_16-59-08,329,-104.21743117316703,200,0,0.014542338320164393,65.76473218982953,50,200,2026-04-03T21:36:22.257547
2026-04-03_16-59-08,330,-105.49009458081755,200,0,0.014395109419717729,66.46803743153546,50,200,2026-04-03T21:36:24.967519
2026-04-03_16-59-08,331,-1049.8921001441554,1,0,0.015136877362419606,65.05382386916237,50,200,2026-04-03T21:36:26.615664
2026-04-03_16-59-08,332,-104.00084924931582,200,0,0.014542338320164393,65.76473218982953,50,200,2026-04-03T21:36:29.528701
2026-04-03_16-59-08,333,-104.21230557061976,200,0,0.014542338320164393,65.76473218982953,50,200,2026-04-03T21:36:31.708689
2026-04-03_16-59-08,334,-104.19588076977922,200,0,0.014542338320164393,65.76473218982953,50,200,2026-04-03T21:36:34.186956
2026-04-03_16-59-08,335,-105.53808367720566,200,0,0.014395109419717729,66.46803743153546,50,200,2026-04-03T21:36:36.656513
2026-04-03_16-59-08,336,-101.45553582144392,200,0,0.014840830370231983,64.38167441127949,50,200,2026-04-03T21:36:39.632668
2026-04-03_16-59-08,337,-105.4040410069792,200,0,0.014395109419717729,66.46803743153546,50,200,2026-04-03T21:37:33.216029
2026-04-03_16-59-08,338,-94.46447095636422,200,0,0.015607021214299889,61.07372593840988,50,200,2026-04-03T21:37:36.092181
2026-04-03_16-59-08,339,-98.0393714652674,200,0,0.015144232602744119,63.0317380372777,50,200,2026-04-03T21:37:39.432008
2026-04-03_16-59-08,340,-96.0163159651178,200,0,0.015297568801352924,62.369864518050704,50,200,2026-04-03T21:37:42.730839
2026-04-03_16-59-08,341,-101.13530149592616,200,0,0.014840830370231983,64.38167441127949,50,200,2026-04-03T21:37:45.534244
2026-04-03_16-59-08,342,-92.1400033762304,200,0,0.015607021214299889,61.07372593840988,50,200,2026-04-03T21:37:48.836332
2026-04-03_16-59-08,343,-73.19929079030642,200,0,0.017908508535570113,52.839379254491625,50,200,2026-04-03T21:37:53.603558
2026-04-03_16-59-08,344,-93.9500128126162,200,0,0.015607021214299889,61.07372593840988,50,200,2026-04-03T21:37:56.606543
2026-04-03_16-59-08,345,-1130.4165690897912,109,0,0.01680157884718232,57.42821606144492,50,200,2026-04-03T21:37:59.943463
2026-04-03_16-59-08,346,-99.99443232629196,200,0,0.014991956837375139,63.702433234531945,50,200,2026-04-03T21:38:02.283498
2026-04-03_16-59-08,347,-104.7925695153591,200,0,0.014395109419717729,66.46803743153546,50,200,2026-04-03T21:38:05.731339
2026-04-03_16-59-08,348,-84.42679750932867,200,0,0.016548560675416515,57.42821606144492,50,200,2026-04-03T21:38:09.379079
2026-04-03_16-59-08,349,-102.38195774918474,200,0,0.014694251449008376,65.05382386916237,50,200,2026-04-03T21:38:12.168564
2026-04-03_16-59-08,350,-97.13850397185361,200,0,0.015297568801352924,62.369864518050704,50,200,2026-04-03T21:38:14.698828
2026-04-03_16-59-08,351,-88.69966367778797,200,0,0.01607638457164266,59.20304046246274,50,200,2026-04-03T21:38:18.353178
2026-04-03_16-59-08,352,-101.4451173853696,200,0,0.014840830370231983,64.38167441127949,50,200,2026-04-03T21:38:20.892637
2026-04-03_16-59-08,353,-103.85495551944176,200,0,0.014395109419717729,66.46803743153546,50,200,2026-04-03T21:39:15.963355
2026-04-03_16-59-08,354,-84.25929726032223,200,0,0.016705792773982008,56.859475903318,50,200,2026-04-03T21:39:20.365758
2026-04-03_16-59-08,355,-98.3187569218195,200,0,0.015144232602744119,63.0317380372777,50,200,2026-04-03T21:39:23.270312
2026-04-03_16-59-08,356,-98.6841217926499,200,0,0.015144232602744119,63.0317380372777,50,200,2026-04-03T21:39:26.108591
2026-04-03_16-59-08,357,-105.38271094954588,200,0,0.014395109419717729,66.46803743153546,50,200,2026-04-03T21:39:28.841569
2026-04-03_16-59-08,358,-102.20894379950032,200,0,0.014690933476920654,65.06919393998976,50,200,2026-04-03T21:39:31.723534
2026-04-03_16-59-08,359,-104.14095982382422,200,0,0.014395109419717729,66.46803743153546,50,200,2026-04-03T21:39:35.118453
2026-04-03_16-59-08,360,-90.54017980680646,200,0,0.015607021214299889,61.07372593840988,50,200,2026-04-03T21:39:38.548882
2026-04-03_16-59-08,361,-100.0997109794231,200,0,0.014847677195736854,64.35060217278468,50,200,2026-04-03T21:39:41.319039
2026-04-03_16-59-08,362,-99.89249118456598,200,0,0.014991956837375139,63.702433234531945,50,200,2026-04-03T21:39:43.850078
2026-04-03_16-59-08,363,-1089.3701987490547,100,0,0.015742489727873076,61.5223536610881,50,200,2026-04-03T21:39:47.168577
2026-04-03_16-59-08,364,-104.11491522557019,200,0,0.014542338320164393,65.76473218982953,50,200,2026-04-03T21:39:49.780526
2026-04-03_16-59-08,365,-100.04565345516524,200,0,0.014991956837375139,63.702433234531945,50,200,2026-04-03T21:39:52.183272
2026-04-03_16-59-08,366,-105.16568843209444,200,0,0.014395109419717729,66.46803743153546,50,200,2026-04-03T21:39:54.936966
2026-04-03_16-59-08,367,-97.96616960266773,200,0,0.015144232602744119,63.0317380372777,50,200,2026-04-03T21:39:58.391793
2026-04-03_16-59-08,368,-105.55706787749816,200,0,0.014395109419717729,66.46803743153546,50,200,2026-04-03T21:40:00.973195
2026-04-03_16-59-08,369,-102.80341953266147,200,0,0.014690933476920654,65.06919393998976,50,200,2026-04-03T21:40:52.161448
2026-04-03_16-59-08,370,-102.68500850007456,200,0,0.014690933476920654,65.06919393998976,50,200,2026-04-03T21:40:54.651887
2026-04-03_16-59-08,371,-104.21042802164314,200,0,0.014542338320164393,65.76473218982953,50,200,2026-04-03T21:40:57.181362
2026-04-03_16-59-08,372,-105.40638222602371,200,0,0.014395109419717729,66.46803743153546,50,200,2026-04-03T21:40:59.913371
2026-04-03_16-59-08,373,-101.432403422884,200,0,0.014847677195736854,64.35060217278468,50,200,2026-04-03T21:41:02.183351
2026-04-03_16-59-08,374,-101.15326877328609,200,0,0.014840830370231983,64.38167441127949,50,200,2026-04-03T21:41:04.720026
2026-04-03_16-59-08,375,-94.64578850378386,200,0,0.015607021214299889,61.07372593840988,50,200,2026-04-03T21:41:07.673008
2026-04-03_16-59-08,376,-99.62932584024551,200,0,0.015002553017897154,63.655321851358195,50,200,2026-04-03T21:41:10.396504
2026-04-03_16-59-08,377,-103.9920920786725,200,0,0.014542338320164393,65.76473218982953,50,200,2026-04-03T21:41:12.955484
2026-04-03_16-59-08,378,-94.68597987096743,200,0,0.01531636424944194,62.289646009589745,50,200,2026-04-03T21:41:17.054811
2026-04-03_16-59-08,379,-102.80030478939702,200,0,0.014690933476920654,65.06919393998976,50,200,2026-04-03T21:41:19.539582
2026-04-03_16-59-08,380,-102.85067614084161,200,0,0.014690933476920654,65.06919393998976,50,200,2026-04-03T21:41:21.744892
2026-04-03_16-59-08,381,-92.90620515139842,200,0,0.01582078896403802,60.207972893961475,50,200,2026-04-03T21:41:24.789602
2026-04-03_16-59-08,382,-101.50007224542792,200,0,0.014840830370231983,64.38167441127949,50,200,2026-04-03T21:41:26.995007
2026-04-03_16-59-08,383,-102.44105593897639,200,0,0.014690933476920654,65.06919393998976,50,200,2026-04-03T21:41:29.970161
2026-04-03_16-59-08,384,-104.26668664420671,200,0,0.014542338320164393,65.76473218982953,50,200,2026-04-03T21:41:32.180535
2026-04-03_16-59-08,385,-81.20452064880223,200,0,0.016862623549837707,56.302753041036986,50,200,2026-04-03T21:42:26.819449
2026-04-03_16-59-08,386,-102.30839253608097,200,0,0.014690933476920654,65.06919393998976,50,200,2026-04-03T21:42:29.753349
2026-04-03_16-59-08,387,-91.05614749283228,200,0,0.01591941320116355,59.81638571495272,50,200,2026-04-03T21:42:32.941692
2026-04-03_16-59-08,388,-67.07441214197172,200,0,0.017929790780920406,52.773099207835045,50,200,2026-04-03T21:42:38.541848
2026-04-03_16-59-08,389,-80.45233181693352,200,0,0.016705792773982008,56.859475903318,50,200,2026-04-03T21:42:42.604714
2026-04-03_16-59-08,390,-98.329243370091,200,0,0.015002553017897154,63.655321851358195,50,200,2026-04-03T21:42:45.589031
2026-04-03_16-59-08,391,-71.82954679007518,200,0,0.018216886356675295,51.894122981316485,50,200,2026-04-03T21:42:50.690662
2026-04-03_16-59-08,392,-67.63451220988158,200,0,0.018074716675633755,52.32590180780452,50,200,2026-04-03T21:42:55.972135
2026-04-03_16-59-08,393,-96.52768413839932,200,0,0.014847677195736854,64.35060217278468,50,200,2026-04-03T21:43:00.400574
2026-04-03_16-59-08,394,-297.7647292210736,200,0,0.01910745795223754,49.33558553417604,50,200,2026-04-03T21:43:06.885496
2026-04-03_16-59-08,395,-101.74118502710367,200,0,0.014542338320164393,65.76473218982953,50,200,2026-04-03T21:43:10.423269
2026-04-03_16-59-08,396,-102.3342630322222,200,0,0.014690933476920654,65.06919393998976,50,200,2026-04-03T21:43:13.393376
2026-04-03_16-59-08,397,-85.45889961152164,200,0,0.016233676290783778,58.60034129593445,50,200,2026-04-03T21:43:16.972818
2026-04-03_16-59-08,398,-44.67919666187202,200,0,0.02075660826393015,45.17742799230607,50,200,2026-04-03T21:43:25.888707
2026-04-03_16-59-08,399,-96.53327796369553,200,0,0.014991956837375139,63.702433234531945,50,200,2026-04-03T21:43:29.630982
2026-04-03_16-59-08,400,-96.88653322335138,200,0,0.015297568801352924,62.369864518050704,50,200,2026-04-03T21:43:32.227590
2026-04-03_16-59-08,401,-88.84340559523727,200,0,0.01607638457164266,59.20304046246274,50,200,2026-04-03T21:44:28.743183
2026-04-03_16-59-08,402,-101.06436023251626,200,0,0.014840830370231983,64.38167441127949,50,200,2026-04-03T21:44:31.556829
2026-04-03_16-59-08,403,-62.74560628007626,200,0,0.01946135575197761,48.38388161361178,50,200,2026-04-03T21:44:37.662790
2026-04-03_16-59-08,404,-96.09251876076328,200,0,0.015297568801352924,62.369864518050704,50,200,2026-04-03T21:44:41.173429
2026-04-03_16-59-08,405,-100.89227898619482,200,0,0.014840830370231983,64.38167441127949,50,200,2026-04-03T21:44:44.168498
2026-04-03_16-59-08,406,-75.45638722700106,200,0,0.017419817700759666,54.405882034941776,50,200,2026-04-03T21:44:48.349299
2026-04-03_16-59-08,407,-116.11234391689956,200,0,0.015607021214299889,61.07372593840988,50,200,2026-04-03T21:44:51.675637
2026-04-03_16-59-08,408,-82.3036596918614,200,0,0.016862623549837707,56.302753041036986,50,200,2026-04-03T21:44:55.886659
2026-04-03_16-59-08,409,-75.386093094944,200,0,0.017481502537204034,54.20332093147061,50,200,2026-04-03T21:45:00.973170
2026-04-03_16-59-08,410,-94.38021702878518,200,0,0.015607021214299889,61.07372593840988,50,200,2026-04-03T21:45:03.940884
2026-04-03_16-59-08,411,-86.7331460842521,200,0,0.016233676290783778,58.60034129593445,50,200,2026-04-03T21:45:07.892045
2026-04-03_16-59-08,412,-99.80428622965307,200,0,0.014694251449008376,65.05382386916237,50,200,2026-04-03T21:45:12.004711
2026-04-03_16-59-08,413,-96.44048206675231,200,0,0.015144232602744119,63.0317380372777,50,200,2026-04-03T21:45:15.503485
2026-04-03_16-59-08,414,-101.29951954271355,200,0,0.014690933476920654,65.06919393998976,50,200,2026-04-03T21:45:19.227716
2026-04-03_16-59-08,415,-89.76323737460675,200,0,0.015795905494282912,60.30754513325841,50,200,2026-04-03T21:45:22.844076
2026-04-03_16-59-08,416,-93.42226632861723,200,0,0.015607021214299889,61.07372593840988,50,200,2026-04-03T21:45:26.207559
2026-04-03_16-59-08,417,-81.0764886156203,200,0,0.016283375687934448,58.412327466040935,50,200,2026-04-03T21:46:22.706570
2026-04-03_16-59-08,418,-51.00966431186505,200,0,0.019995746067320595,47.01063709417264,50,200,2026-04-03T21:46:30.489628
2026-04-03_16-59-08,419,-92.52738962302011,200,0,0.015607021214299889,61.07372593840988,50,200,2026-04-03T21:46:34.406693
2026-04-03_16-59-08,420,-59.22211882195544,200,0,0.01931816857785835,48.76474136094644,50,200,2026-04-03T21:46:40.857217
2026-04-03_16-59-08,421,-72.7495187990906,200,0,0.017481502537204034,54.20332093147061,50,200,2026-04-03T21:46:46.618671
2026-04-03_16-59-08,422,-51.52098769194472,200,0,0.01958785004649385,48.05205510693585,50,200,2026-04-03T21:46:54.165569
2026-04-03_16-59-08,423,-1105.7063866773797,87,0,0.018326011067022637,52.69724850502159,50,200,2026-04-03T21:46:59.230703
2026-04-03_16-59-08,424,-85.02728682068067,200,0,0.016548560675416515,57.42821606144492,50,200,2026-04-03T21:47:03.171078
2026-04-03_16-59-08,425,-87.47390144586373,200,0,0.016283375687934448,58.412327466040935,50,200,2026-04-03T21:47:06.885715
2026-04-03_16-59-08,426,-71.229787090455,200,0,0.017328524620093738,54.70831746635972,50,200,2026-04-03T21:47:12.094264
2026-04-03_16-59-08,427,-84.5597725105678,200,0,0.016548560675416515,57.42821606144492,50,200,2026-04-03T21:47:15.982573
2026-04-03_16-59-08,428,-86.99374640854568,200,0,0.016233676290783778,58.60034129593445,50,200,2026-04-03T21:47:20.104107
2026-04-03_16-59-08,429,-73.85866361227372,200,0,0.01726575353208644,54.91812087098393,50,200,2026-04-03T21:47:24.701897
2026-04-03_16-59-08,430,-72.17049816508892,200,0,0.017174220679360835,55.226805085936306,50,200,2026-04-03T21:47:29.917765
2026-04-03_16-59-08,431,-74.13679873696485,200,0,0.017688146747391213,53.53503525729669,50,200,2026-04-03T21:47:35.739261
2026-04-03_16-59-08,432,-98.95242873920208,200,0,0.014991956837375139,63.702433234531945,50,200,2026-04-03T21:47:39.196368
2026-04-03_16-59-08,433,-59.552118745263684,200,0,0.01998300088264805,47.042533945356304,50,200,2026-04-03T21:48:36.326535
2026-04-03_16-59-08,434,-1165.351561894736,144,0,0.01967578957472185,48.38388161361178,50,200,2026-04-03T21:48:42.110310
2026-04-03_16-59-08,435,-59.24091622141997,200,0,0.018751552348909063,50.32891812864648,50,200,2026-04-03T21:48:47.962688
2026-04-03_16-59-08,436,-58.65177078963573,200,0,0.019414561152960585,48.507731342539614,50,200,2026-04-03T21:48:54.356963
2026-04-03_16-59-08,437,-50.849079830488286,200,0,0.01998300088264805,47.042533945356304,50,200,2026-04-03T21:49:01.761040
2026-04-03_16-59-08,438,-51.705932877973396,200,0,0.019848582720003817,47.38143096192854,50,200,2026-04-03T21:49:08.872919
2026-04-03_16-59-08,439,-1060.1071268397752,2,0,0.0158074112826743,62.24146527838174,50,200,2026-04-03T21:49:10.859591
2026-04-03_16-59-08,440,-72.82448103723328,200,0,0.01701884110896858,55.758407437802596,50,200,2026-04-03T21:49:15.435614
2026-04-03_16-59-08,441,-50.705000489289105,200,0,0.019848582720003817,47.38143096192854,50,200,2026-04-03T21:49:22.684360
2026-04-03_16-59-08,442,-68.05957525259059,200,0,0.018065358876586272,52.354560450833695,50,200,2026-04-03T21:49:28.310137
2026-04-03_16-59-08,443,-64.07273942524013,200,0,0.019215692546309227,49.040799340956916,50,200,2026-04-03T21:49:34.433601
2026-04-03_16-59-08,444,-57.02394610530756,200,0,0.018993797373463208,49.64876634922564,50,200,2026-04-03T21:49:40.157106
2026-04-03_16-59-08,445,-57.96027394519076,200,0,0.019215692546309227,49.040799340956916,50,200,2026-04-03T21:49:46.279977
2026-04-03_16-59-08,446,-52.41785966455836,200,0,0.019995746067320595,47.01063709417264,50,200,2026-04-03T21:49:54.183496
2026-04-03_16-59-08,447,-51.74763989954952,200,0,0.019848582720003817,47.38143096192854,50,200,2026-04-03T21:50:01.460050
2026-04-03_16-59-08,448,-51.051106660648784,200,0,0.019848582720003817,47.38143096192854,50,200,2026-04-03T21:50:08.979164
2026-04-03_16-59-08,449,-56.56178545422988,200,0,0.019504555598702577,48.27007354458868,50,200,2026-04-03T21:51:05.946283
2026-04-03_16-59-08,450,-47.91266889244251,200,0,0.01998300088264805,47.042533945356304,50,200,2026-04-03T21:51:14.060625
2026-04-03_16-59-08,451,-65.81286230415724,200,0,0.020124583196552283,46.69047011971501,50,200,2026-04-03T21:51:23.159389
2026-04-03_16-59-08,452,-1195.1395520054816,136,0,0.02051296609429908,46.389654018972806,50,200,2026-04-03T21:51:30.247620
2026-04-03_16-59-08,453,-49.365829790045645,200,0,0.02040363770460596,46.010868281309364,50,200,2026-04-03T21:51:38.063520
2026-04-03_16-59-08,454,-49.25429925759038,200,0,0.019995746067320595,47.01063709417264,50,200,2026-04-03T21:51:45.440531
2026-04-03_16-59-08,455,-52.81778260202594,200,0,0.01958785004649385,48.05205510693585,50,200,2026-04-03T21:51:52.173356
2026-04-03_16-59-08,456,-44.42705912907657,200,0,0.02081407055357467,45.044422518220834,50,200,2026-04-03T21:51:59.896124
2026-04-03_16-59-08,457,-54.524496338328696,200,0,0.019733211026608157,47.67598976424087,50,200,2026-04-03T21:52:07.133783
2026-04-03_16-59-08,458,-51.24708420928938,200,0,0.01998300088264805,47.042533945356304,50,200,2026-04-03T21:52:14.608053
2026-04-03_16-59-08,459,-112.02116031796832,200,0,0.019995746067320595,47.01063709417264,50,200,2026-04-03T21:52:22.110401
2026-04-03_16-59-08,460,-55.887245350502354,200,0,0.019794760996917248,47.51841748206689,50,200,2026-04-03T21:52:28.924589
2026-04-03_16-59-08,461,-1072.4298093566695,130,0,0.019860162566875107,48.05205510693585,50,200,2026-04-03T21:52:35.746028
2026-04-03_16-59-08,462,-60.46203680199303,200,0,0.01910745795223754,49.33558553417604,50,200,2026-04-03T21:52:41.929927
2026-04-03_16-59-08,463,-48.600815379022414,200,0,0.01998300088264805,47.042533945356304,50,200,2026-04-03T21:52:49.716791
2026-04-03_16-59-08,464,-48.660066566275745,200,0,0.0204581483720505,45.880278987817846,50,200,2026-04-03T21:52:57.587169
2026-04-03_16-59-08,465,-68.12014631289149,200,0,0.018355982849274897,51.478150704935004,50,200,2026-04-03T21:53:53.438518
2026-04-03_16-59-08,466,-174.073265072341,200,0,0.02018996312454887,46.52956049652737,50,200,2026-04-03T21:54:00.697335
2026-04-03_16-59-08,467,-61.77560919936114,200,0,0.01881122649219697,50.15974481593781,50,200,2026-04-03T21:54:06.550465
2026-04-03_16-59-08,468,-56.72306434195295,200,0,0.02018996312454887,46.52956049652737,50,200,2026-04-03T21:54:14.133065
2026-04-03_16-59-08,469,-93.73388731954478,200,0,0.015655105496591208,60.876925020897694,50,200,2026-04-03T21:54:16.905597
2026-04-03_16-59-08,470,-63.86056087132274,200,0,0.018990165271363674,49.658836071740545,50,200,2026-04-03T21:54:22.934980
2026-04-03_16-59-08,471,-61.241308224538976,200,0,0.018993797373463208,49.64876634922564,50,200,2026-04-03T21:54:29.315199
2026-04-03_16-59-08,472,-62.892395915388,200,0,0.01910745795223754,49.33558553417604,50,200,2026-04-03T21:54:35.493108
2026-04-03_16-59-08,473,-92.54098094912892,200,0,0.015762912443755845,60.440052945046304,50,200,2026-04-03T21:54:38.648923
2026-04-03_16-59-08,474,-60.40117000718284,200,0,0.018993797373463208,49.64876634922564,50,200,2026-04-03T21:54:45.473721
2026-04-03_16-59-08,475,-65.10300021991978,200,0,0.01849168121403405,51.07837115648854,50,200,2026-04-03T21:54:51.819366
2026-04-03_16-59-08,476,-73.37798105466639,200,0,0.017589639595760997,53.85164807134504,50,200,2026-04-03T21:54:56.438851
2026-04-03_16-59-08,477,-48.30519422560353,200,0,0.01993226789723963,47.16990566028302,50,200,2026-04-03T21:55:04.937712
2026-04-03_16-59-08,478,-55.89008085923516,200,0,0.019414561152960585,48.507731342539614,50,200,2026-04-03T21:55:12.452718
2026-04-03_16-59-08,479,-77.81775512889851,200,0,0.01701884110896858,55.758407437802596,50,200,2026-04-03T21:55:17.688430
2026-04-03_16-59-08,480,-54.58472536756413,200,0,0.019733211026608157,47.67598976424087,50,200,2026-04-03T21:55:25.333910
2026-04-03_16-59-08,481,-1120.009973575383,190,0,0.018658398659639638,50.695167422546305,50,200,2026-04-03T21:56:23.914782
2026-04-03_16-59-08,482,-46.67330724747381,200,0,0.019995746067320595,47.01063709417264,50,200,2026-04-03T21:56:33.859346
2026-04-03_16-59-08,483,-97.44698546812782,200,0,0.01966415802543691,47.853944456021594,50,200,2026-04-03T21:56:41.651973
2026-04-03_16-59-08,484,-1067.4701511770988,74,0,0.017228679681905973,56.302753041036986,50,200,2026-04-03T21:56:45.376396
2026-04-03_16-59-08,485,-49.03344229153776,200,0,0.020531528619281612,45.70557952810576,50,200,2026-04-03T21:56:53.453592
2026-04-03_16-59-08,486,-59.71768818511396,200,0,0.019414561152960585,48.507731342539614,50,200,2026-04-03T21:57:00.949809
2026-04-03_16-59-08,487,-1048.7890222473768,10,0,0.015592903460977971,63.0317380372777,50,200,2026-04-03T21:57:03.055230
2026-04-03_16-59-08,488,-1092.0339809706477,32,0,0.016784706047830222,58.25804665451803,50,200,2026-04-03T21:57:06.154274
2026-04-03_16-59-08,489,-57.31114925212131,200,0,0.01966415802543691,47.853944456021594,50,200,2026-04-03T21:57:13.007185
2026-04-03_16-59-08,490,-51.114362728702666,200,0,0.01998300088264805,47.042533945356304,50,200,2026-04-03T21:57:22.668008
2026-04-03_16-59-08,491,-49.86776417751504,200,0,0.019995746067320595,47.01063709417264,50,200,2026-04-03T21:57:31.369384
2026-04-03_16-59-08,492,-698.0857229967402,200,0,0.020124583196552283,46.69047011971501,50,200,2026-04-03T21:57:39.862077
2026-04-03_16-59-08,493,-117.47626541872401,200,0,0.01998300088264805,47.042533945356304,50,200,2026-04-03T21:57:47.749732
2026-04-03_16-59-08,494,-164.40186786642363,200,0,0.017908508535570113,52.839379254491625,50,200,2026-04-03T21:57:54.208612
2026-04-03_16-59-08,495,-50.67628586107175,200,0,0.01966415802543691,47.853944456021594,50,200,2026-04-03T21:58:01.784276
2026-04-03_16-59-08,496,-112.25023222034808,200,0,0.01958785004649385,48.05205510693585,50,200,2026-04-03T21:58:09.272315
2026-04-03_16-59-08,497,-268.714920608629,200,0,0.01998300088264805,47.042533945356304,50,200,2026-04-03T21:59:01.998711
2026-04-03_16-59-08,498,-45.521637942277636,200,0,0.02081407055357467,45.044422518220834,50,200,2026-04-03T21:59:10.538974
2026-04-03_16-59-08,499,-51.37126751174176,200,0,0.019995746067320595,47.01063709417264,50,200,2026-04-03T21:59:18.171740
2026-04-03_16-59-08,500,-1090.5853997386976,4,0,0.015622987084124802,62.96824596572466,50,200,2026-04-03T21:59:20.469494
2026-04-03_16-59-08,501,-55.63890998388075,200,0,0.02,47.0,50,200,2026-04-03T21:59:30.085444
2026-04-03_16-59-08,502,-56.18935042772209,200,0,0.01966415802543691,47.853944456021594,50,200,2026-04-03T21:59:38.683244
2026-04-03_16-59-08,503,-67.41898684069737,200,0,0.018875048613258016,49.9799959983992,50,200,2026-04-03T21:59:44.822068
2026-04-03_16-59-08,504,-1099.3438336013517,56,0,0.020043219637709168,48.33218389437829,50,200,2026-04-03T21:59:51.238120
2026-04-03_16-59-08,505,-65.58872044146393,200,0,0.019995746067320595,47.01063709417264,50,200,2026-04-03T22:00:00.083249
2026-04-03_16-59-08,506,-50.40459550208257,200,0,0.019961814104692832,47.095647357266465,50,200,2026-04-03T22:00:09.068396
2026-04-03_16-59-08,507,-79.7900956334779,200,0,0.016548560675416515,57.42821606144492,50,200,2026-04-03T22:00:14.049773
2026-04-03_16-59-08,508,-58.4554972148073,200,0,0.020051264433743995,46.87216658103186,50,200,2026-04-03T22:00:21.458160
2026-04-03_16-59-08,509,-56.18230050328582,200,0,0.01946135575197761,48.38388161361178,50,200,2026-04-03T22:00:28.917187
2026-04-03_16-59-08,510,-1046.928308548369,16,0,0.016612982209883324,59.033888572581766,50,200,2026-04-03T22:00:32.022419
2026-04-03_16-59-08,511,-45.88255874732276,200,0,0.020390079456601304,46.04345773288535,50,200,2026-04-03T22:00:40.345688
2026-04-03_16-59-08,512,-65.54859381372596,200,0,0.018875048613258016,49.9799959983992,50,200,2026-04-03T22:00:46.275434
2026-04-03_16-59-08,513,-76.10332672157558,200,0,0.018355982849274897,51.478150704935004,50,200,2026-04-03T22:01:35.730326
2026-04-03_16-59-08,514,-65.57583513945988,200,0,0.018074716675633755,52.32590180780452,50,200,2026-04-03T22:01:41.411531
2026-04-03_16-59-08,515,-58.74973071599954,200,0,0.019504555598702577,48.27007354458868,50,200,2026-04-03T22:01:48.517521
2026-04-03_16-59-08,516,-93.55101658429412,200,0,0.015451867499167868,61.71709649683789,50,200,2026-04-03T22:01:51.819885
2026-04-03_16-59-08,517,-77.10054793928822,200,0,0.01701884110896858,55.758407437802596,50,200,2026-04-03T22:01:57.018232
2026-04-03_16-59-08,518,-63.51521715202613,200,0,0.018993797373463208,49.64876634922564,50,200,2026-04-03T22:02:03.221049
2026-04-03_16-59-08,519,-54.89276850024847,200,0,0.01931816857785835,48.76474136094644,50,200,2026-04-03T22:02:09.911697
2026-04-03_16-59-08,520,-58.623227812076365,200,0,0.01932199618792045,48.75448697299562,50,200,2026-04-03T22:02:16.197395
2026-04-03_16-59-08,521,-88.25247275505862,200,0,0.016120221108337676,59.033888572581766,50,200,2026-04-03T22:02:20.006149
2026-04-03_16-59-08,522,-55.53352292901537,200,0,0.019504555598702577,48.27007354458868,50,200,2026-04-03T22:02:26.498353
2026-04-03_16-59-08,523,-52.637216546582295,200,0,0.019961814104692832,47.095647357266465,50,200,2026-04-03T22:02:34.061136
2026-04-03_16-59-08,524,-81.31676140771157,200,0,0.01700586979491621,55.80322571321482,50,200,2026-04-03T22:02:38.188893
2026-04-03_16-59-08,525,-60.872969284015504,200,0,0.018950351925655272,49.76946855251722,50,200,2026-04-03T22:02:44.364304
2026-04-03_16-59-08,526,-50.51733228410141,200,0,0.019995746067320595,47.01063709417264,50,200,2026-04-03T22:02:52.080449
2026-04-03_16-59-08,527,-49.77927959871433,200,0,0.020247155398494077,46.389654018972806,50,200,2026-04-03T22:03:00.270786
2026-04-03_16-59-08,528,-1069.997924126162,107,0,0.019212297346396626,49.9799959983992,50,200,2026-04-03T22:03:05.449750
2026-04-03_16-59-08,529,-63.36660200147051,200,0,0.01849168121403405,51.07837115648854,50,200,2026-04-03T22:04:03.337319
2026-04-03_16-59-08,530,-72.91149777967172,200,0,0.017929790780920406,52.773099207835045,50,200,2026-04-03T22:04:09.573477
2026-04-03_16-59-08,531,-100.81581921465241,200,0,0.014847677195736854,64.35060217278468,50,200,2026-04-03T22:04:12.870267
2026-04-03_16-59-08,532,-92.41305619313589,200,0,0.015607021214299889,61.07372593840988,50,200,2026-04-03T22:04:16.581392
2026-04-03_16-59-08,533,-92.60863050670055,200,0,0.015762912443755845,60.440052945046304,50,200,2026-04-03T22:04:19.990784
2026-04-03_16-59-08,534,-93.55114027288234,200,0,0.015331451396431838,62.22539674441618,50,200,2026-04-03T22:04:24.280298
2026-04-03_16-59-08,535,-442.73684412153403,200,0,0.015655105496591208,60.876925020897694,50,200,2026-04-03T22:04:28.956126
2026-04-03_16-59-08,536,-100.25214467324223,200,0,0.014840830370231983,64.38167441127949,50,200,2026-04-03T22:04:32.331502
2026-04-03_16-59-08,537,-87.26098997908007,200,0,0.016233676290783778,58.60034129593445,50,200,2026-04-03T22:04:36.152938
2026-04-03_16-59-08,538,-93.7070521798256,200,0,0.015475132526931253,61.61980201201558,50,200,2026-04-03T22:04:40.172313
2026-04-03_16-59-08,539,-83.16705528392147,200,0,0.016862623549837707,56.302753041036986,50,200,2026-04-03T22:04:44.235161
2026-04-03_16-59-08,540,-91.78248431544729,200,0,0.015451867499167868,61.71709649683789,50,200,2026-04-03T22:04:48.347895
2026-04-03_16-59-08,541,-98.96556123064276,200,0,0.014840830370231983,64.38167441127949,50,200,2026-04-03T22:04:52.631485
2026-04-03_16-59-08,542,-80.93536752511358,200,0,0.016531896058015548,57.48912940721924,50,200,2026-04-03T22:04:57.158719
2026-04-03_16-59-08,543,-72.66139890441826,200,0,0.017481502537204034,54.20332093147061,50,200,2026-04-03T22:05:02.396834
2026-04-03_16-59-08,544,-93.52639201173606,200,0,0.015475132526931253,61.61980201201558,50,200,2026-04-03T22:05:05.959915
2026-04-03_16-59-08,545,-99.39934970690383,200,0,0.014690933476920654,65.06919393998976,50,200,2026-04-03T22:06:00.980989
2026-04-03_16-59-08,546,-73.96016303715686,200,0,0.01701884110896858,55.758407437802596,50,200,2026-04-03T22:06:06.889673
2026-04-03_16-59-08,547,-97.67643088626461,200,0,0.014847677195736854,64.35060217278468,50,200,2026-04-03T22:06:11.555809
2026-04-03_16-59-08,548,-1114.9139239591582,195,0,0.018828936261428012,50.15974481593781,50,200,2026-04-03T22:06:17.000960
2026-04-03_16-59-08,549,-86.8112160111084,200,0,0.015762912443755845,60.440052945046304,50,200,2026-04-03T22:06:21.677378
2026-04-03_16-59-08,550,-88.82608434371394,200,0,0.015795905494282912,60.30754513325841,50,200,2026-04-03T22:06:26.677454
2026-04-03_16-59-08,551,-70.76738534133507,200,0,0.017589639595760997,53.85164807134504,50,200,2026-04-03T22:06:31.375750
2026-04-03_16-59-08,552,-96.68878944721337,200,0,0.015144232602744119,63.0317380372777,50,200,2026-04-03T22:06:35.959161
2026-04-03_16-59-08,553,-85.42120787357224,200,0,0.016548560675416515,57.42821606144492,50,200,2026-04-03T22:06:39.800221
2026-04-03_16-59-08,554,-112.96330654154782,200,0,0.015490702006891422,61.554853586049575,50,200,2026-04-03T22:06:44.205803
2026-04-03_16-59-08,555,-83.24830875083626,200,0,0.018220084638200296,51.884487084291386,50,200,2026-04-03T22:06:49.305658
2026-04-03_16-59-08,556,-102.23540795181589,200,0,0.014690933476920654,65.06919393998976,50,200,2026-04-03T22:06:52.386537
2026-04-03_16-59-08,557,-104.63060895228409,200,0,0.014395109419717729,66.46803743153546,50,200,2026-04-03T22:06:55.810855
2026-04-03_16-59-08,558,-66.08196462968186,200,0,0.017929790780920406,52.773099207835045,50,200,2026-04-03T22:07:01.818578
2026-04-03_16-59-08,559,-102.62417699265814,200,0,0.014690933476920654,65.06919393998976,50,200,2026-04-03T22:07:04.567370
2026-04-03_16-59-08,560,-73.19086444072386,200,0,0.017782416501530854,53.23532661682466,50,200,2026-04-03T22:07:09.475343
2026-04-03_16-59-08,561,-94.9329290753787,200,0,0.015327675363100063,62.24146527838174,50,200,2026-04-03T22:08:08.303438
2026-04-03_16-59-08,562,-101.98861383034006,200,0,0.014690933476920654,65.06919393998976,50,200,2026-04-03T22:08:11.320362
2026-04-03_16-59-08,563,-99.51222168997006,200,0,0.014690933476920654,65.06919393998976,50,200,2026-04-03T22:08:16.220975
2026-04-03_16-59-08,564,-103.86829667876749,200,0,0.014542338320164393,65.76473218982953,50,200,2026-04-03T22:08:19.279110
2026-04-03_16-59-08,565,-92.74035587173779,200,0,0.015655105496591208,60.876925020897694,50,200,2026-04-03T22:08:23.379176
2026-04-03_16-59-08,566,-89.78801905711461,200,0,0.016120221108337676,59.033888572581766,50,200,2026-04-03T22:08:26.920940
2026-04-03_16-59-08,567,-103.88991185184594,200,0,0.014542338320164393,65.76473218982953,50,200,2026-04-03T22:08:29.662952
2026-04-03_16-59-08,568,-94.03385055129435,200,0,0.015490702006891422,61.554853586049575,50,200,2026-04-03T22:08:33.929970
2026-04-03_16-59-08,569,-100.8011503772289,200,0,0.014840830370231983,64.38167441127949,50,200,2026-04-03T22:08:37.550687
2026-04-03_16-59-08,570,-107.88692042338573,200,0,0.01607638457164266,59.20304046246274,50,200,2026-04-03T22:08:41.063283
2026-04-03_16-59-08,571,-80.74236362969343,200,0,0.016233676290783778,58.60034129593445,50,200,2026-04-03T22:08:45.846379
2026-04-03_16-59-08,572,-94.25528083360918,200,0,0.015762912443755845,60.440052945046304,50,200,2026-04-03T22:08:48.925224
2026-04-03_16-59-08,573,-104.76830871177474,200,0,0.014395109419717729,66.46803743153546,50,200,2026-04-03T22:08:53.050882
2026-04-03_16-59-08,574,-92.70018818166393,200,0,0.014847677195736854,64.35060217278468,50,200,2026-04-03T22:09:00.583447
2026-04-03_16-59-08,575,-89.10833154995561,200,0,0.01582078896403802,60.207972893961475,50,200,2026-04-03T22:09:04.931502
2026-04-03_16-59-08,576,-90.09063302432352,200,0,0.016120221108337676,59.033888572581766,50,200,2026-04-03T22:09:08.008565
2026-04-03_16-59-08,577,-94.0982219413223,200,0,0.015607021214299889,61.07372593840988,50,200,2026-04-03T22:10:02.303546
2026-04-03_16-59-08,578,-92.63327829406538,200,0,0.014847677195736854,64.35060217278468,50,200,2026-04-03T22:10:07.981493
2026-04-03_16-59-08,579,-80.26808912968404,200,0,0.016446994017549132,57.8013840664737,50,200,2026-04-03T22:10:13.302945
2026-04-03_16-59-08,580,-102.62700081087695,200,0,0.015297568801352924,62.369864518050704,50,200,2026-04-03T22:10:17.452746
2026-04-03_16-59-08,581,-80.05783539126261,200,0,0.01670824747570822,56.85068161420758,50,200,2026-04-03T22:10:22.467260
2026-04-03_16-59-08,582,-103.84403269668407,200,0,0.014542338320164393,65.76473218982953,50,200,2026-04-03T22:10:25.270529
2026-04-03_16-59-08,583,-91.78154216035497,200,0,0.015451867499167868,61.71709649683789,50,200,2026-04-03T22:10:29.247968
2026-04-03_16-59-08,584,-85.33848406921966,200,0,0.016705792773982008,56.859475903318,50,200,2026-04-03T22:10:32.964970
2026-04-03_16-59-08,585,-100.9368264152153,200,0,0.014840830370231983,64.38167441127949,50,200,2026-04-03T22:10:35.776446
2026-04-03_16-59-08,586,-93.47213316263276,200,0,0.015475132526931253,61.61980201201558,50,200,2026-04-03T22:10:39.297998
2026-04-03_16-59-08,587,-68.73846210268786,200,0,0.017589639595760997,53.85164807134504,50,200,2026-04-03T22:10:45.305370
2026-04-03_16-59-08,588,-80.48709932689387,200,0,0.01701884110896858,55.758407437802596,50,200,2026-04-03T22:10:49.828583
2026-04-03_16-59-08,589,-95.51263486111307,200,0,0.015158808383651329,62.96824596572466,50,200,2026-04-03T22:10:53.616440
2026-04-03_16-59-08,590,-61.88973223626375,200,0,0.018875048613258016,49.9799959983992,50,200,2026-04-03T22:10:59.787059
2026-04-03_16-59-08,591,-91.2053621388307,200,0,0.015957683908956685,59.665735560705194,50,200,2026-04-03T22:11:03.182192
2026-04-03_16-59-08,592,-72.99500655145567,200,0,0.017481502537204034,54.20332093147061,50,200,2026-04-03T22:11:09.272389
2026-04-03_16-59-08,593,-1049.3860715647043,31,0,0.017193746225899087,56.85068161420758,50,200,2026-04-03T22:12:04.622748
2026-04-03_16-59-08,594,-51.73608139657496,200,0,0.019995746067320595,47.01063709417264,50,200,2026-04-03T22:12:13.329784
2026-04-03_16-59-08,595,-92.52295357666829,200,0,0.017174220679360835,55.226805085936306,50,200,2026-04-03T22:12:18.266709
2026-04-03_16-59-08,596,-83.99490828957342,200,0,0.01998300088264805,47.042533945356304,50,200,2026-04-03T22:12:26.076832
2026-04-03_16-59-08,597,-82.12865932360246,200,0,0.016548560675416515,57.42821606144492,50,200,2026-04-03T22:12:30.136473
2026-04-03_16-59-08,598,-86.00287938474945,200,0,0.017428190127981715,54.378304497290095,50,200,2026-04-03T22:12:34.888271
2026-04-03_16-59-08,599,-1056.009309617246,10,0,0.015431519313184055,63.702433234531945,50,200,2026-04-03T22:12:36.831074
2026-04-03_16-59-08,600,-61.924632913579934,200,0,0.01928763103377335,48.84669896727925,50,200,2026-04-03T22:12:43.126923
2026-04-03_16-59-08,601,-55.437989646113266,200,0,0.01993226789723963,47.16990566028302,50,200,2026-04-03T22:12:49.857569
2026-04-03_16-59-08,602,-47.12733698884308,200,0,0.020713829343795728,45.27692569068709,50,200,2026-04-03T22:12:57.781930
2026-04-03_16-59-08,603,-60.976856839835534,200,0,0.01948095569161078,48.33218389437829,50,200,2026-04-03T22:13:04.035569
2026-04-03_16-59-08,604,-1061.9696262167802,3,0,0.01562542824276101,62.96824596572466,50,200,2026-04-03T22:13:06.016398
2026-04-03_16-59-08,605,-1055.4886707863543,22,0,0.016052981017521815,61.07372593840988,50,200,2026-04-03T22:13:08.305316
2026-04-03_16-59-08,606,-99.27928932928025,200,0,0.01993226789723963,47.16990566028302,50,200,2026-04-03T22:13:15.907990
2026-04-03_16-59-08,607,-96.173558221829,200,0,0.01701884110896858,55.758407437802596,50,200,2026-04-03T22:13:20.160193
2026-04-03_16-59-08,608,-54.62665856295755,200,0,0.019575884116667493,48.08326112068523,50,200,2026-04-03T22:13:27.049036
2026-04-03_16-59-08,609,-53.01392650259818,200,0,0.01988192745132041,47.29693436154187,50,200,2026-04-03T22:14:11.926547
2026-04-03_16-59-08,610,-56.74232902679561,200,0,0.01958785004649385,48.05205510693585,50,200,2026-04-03T22:14:18.607433
2026-04-03_16-59-08,611,-63.62610408668508,200,0,0.01946135575197761,48.38388161361178,50,200,2026-04-03T22:14:24.849073
2026-04-03_16-59-08,612,-1310.8229045142161,133,0,0.021163055998584302,44.9221548904324,50,200,2026-04-03T22:14:31.650482
2026-04-03_16-59-08,613,-57.817958101095755,200,0,0.01934116912718734,48.703182647543684,50,200,2026-04-03T22:14:37.618072
2026-04-03_16-59-08,614,-1035.1423071762322,200,0,0.019786520344744048,47.53945729601885,50,200,2026-04-03T22:14:44.886961
2026-04-03_16-59-08,615,-61.35727163365892,200,0,0.018875048613258016,49.9799959983992,50,200,2026-04-03T22:14:50.359174
2026-04-03_16-59-08,616,-54.57083431460593,200,0,0.01966415802543691,47.853944456021594,50,200,2026-04-03T22:14:57.300298
2026-04-03_16-59-08,617,-1196.5889969760728,55,0,0.01728526210828143,56.302753041036986,50,200,2026-04-03T22:15:00.915271
2026-04-03_16-59-08,618,-58.250341040576174,200,0,0.01881122649219697,50.15974481593781,50,200,2026-04-03T22:15:07.069488
2026-04-03_16-59-08,619,-55.02205765280855,200,0,0.02,47.0,50,200,2026-04-03T22:15:14.970606
2026-04-03_16-59-08,620,-52.6805124677311,200,0,0.02018996312454887,46.52956049652737,50,200,2026-04-03T22:15:22.110450
2026-04-03_16-59-08,621,-1046.0755794981387,1,0,0.0156380783423265,62.93647591023825,50,200,2026-04-03T22:15:24.062475
2026-04-03_16-59-08,622,-55.05826532622409,200,0,0.019995746067320595,47.01063709417264,50,200,2026-04-03T22:15:31.335693
2026-04-03_16-59-08,623,-50.08508078948596,200,0,0.020051264433743995,46.87216658103186,50,200,2026-04-03T22:15:38.163164
2026-04-03_16-59-08,624,-47.653426900940644,200,0,0.01998300088264805,47.042533945356304,50,200,2026-04-03T22:15:46.731088
2026-04-03_16-59-08,625,-51.524870230809945,200,0,0.01993226789723963,47.16990566028302,50,200,2026-04-03T22:16:38.255218
2026-04-03_16-59-08,626,-48.075983931532456,200,0,0.019848582720003817,47.38143096192854,50,200,2026-04-03T22:16:45.608223
2026-04-03_16-59-08,627,-66.52494541128148,200,0,0.017908508535570113,52.839379254491625,50,200,2026-04-03T22:16:50.515358
2026-04-03_16-59-08,628,-69.73998156648402,200,0,0.017632891518770216,53.71219600798314,50,200,2026-04-03T22:16:56.085761
2026-04-03_16-59-08,629,-58.29893770016918,200,0,0.019414561152960585,48.507731342539614,50,200,2026-04-03T22:17:02.248782
2026-04-03_16-59-08,630,-86.61022056938705,200,0,0.01966415802543691,47.853944456021594,50,200,2026-04-03T22:17:09.138399
2026-04-03_16-59-08,631,-54.688830750839884,200,0,0.019504555598702577,48.27007354458868,50,200,2026-04-03T22:17:15.892570
2026-04-03_16-59-08,632,-66.01251487412053,200,0,0.018668283955683724,50.566787519082126,50,200,2026-04-03T22:17:22.291212
2026-04-03_16-59-08,633,-49.95455454802064,200,0,0.01998300088264805,47.042533945356304,50,200,2026-04-03T22:17:30.972266
2026-04-03_16-59-08,634,-55.89671072522481,200,0,0.019848582720003817,47.38143096192854,50,200,2026-04-03T22:17:38.083686
2026-04-03_16-59-08,635,-1123.218097405728,3,0,0.015792886774012447,62.289646009589745,50,200,2026-04-03T22:17:40.343871
2026-04-03_16-59-08,636,-55.101468659135904,200,0,0.01946135575197761,48.38388161361178,50,200,2026-04-03T22:17:46.574944
2026-04-03_16-59-08,637,-51.67146766431623,200,0,0.020336121301206208,46.17358552246078,50,200,2026-04-03T22:17:54.133088
2026-04-03_16-59-08,638,-47.230872188925964,200,0,0.01998300088264805,47.042533945356304,50,200,2026-04-03T22:18:01.661311
2026-04-03_16-59-08,639,-50.26082809408442,200,0,0.01989447604152175,47.265209192385896,50,200,2026-04-03T22:18:09.381250
2026-04-03_16-59-08,640,-1089.0045498640961,134,0,0.01841242685124465,51.97114584074513,50,200,2026-04-03T22:18:13.604856
2026-04-03_16-59-08,641,-1277.7010473127066,167,0,0.020505366113388313,46.09772228646444,50,200,2026-04-03T22:19:07.587550
2026-04-03_16-59-08,642,-50.39076544376107,200,0,0.01998300088264805,47.042533945356304,50,200,2026-04-03T22:19:15.766394
2026-04-03_16-59-08,643,-52.87451272400217,200,0,0.019961814104692832,47.095647357266465,50,200,2026-04-03T22:19:22.944632
2026-04-03_16-59-08,644,-68.33683485866636,200,0,0.01849168121403405,51.07837115648854,50,200,2026-04-03T22:19:28.774017
2026-04-03_16-59-08,645,-49.19285868046092,200,0,0.01993226789723963,47.16990566028302,50,200,2026-04-03T22:19:36.065651
2026-04-03_16-59-08,646,-50.14099161557748,200,0,0.019995746067320595,47.01063709417264,50,200,2026-04-03T22:19:43.804606
2026-04-03_16-59-08,647,-110.91699550042104,200,0,0.02,47.0,50,200,2026-04-03T22:19:52.039225
2026-04-03_16-59-08,648,-50.877202334300776,200,0,0.01966415802543691,47.853944456021594,50,200,2026-04-03T22:19:59.342700
2026-04-03_16-59-08,649,-49.23743378314218,200,0,0.02,47.0,50,200,2026-04-03T22:20:06.991048
2026-04-03_16-59-08,650,-48.6665433450661,200,0,0.01998300088264805,47.042533945356304,50,200,2026-04-03T22:20:14.596134
2026-04-03_16-59-08,651,-112.59013125956919,200,0,0.01998300088264805,47.042533945356304,50,200,2026-04-03T22:20:22.306691
2026-04-03_16-59-08,652,-51.87055461179835,200,0,0.01998300088264805,47.042533945356304,50,200,2026-04-03T22:20:29.632552
2026-04-03_16-59-08,653,-49.08812961624089,200,0,0.01998300088264805,47.042533945356304,50,200,2026-04-03T22:20:36.994872
2026-04-03_16-59-08,654,-143.26052172421512,200,0,0.019961814104692832,47.095647357266465,50,200,2026-04-03T22:20:44.084876
2026-04-03_16-59-08,655,-48.24364368704128,200,0,0.01998300088264805,47.042533945356304,50,200,2026-04-03T22:20:51.850014
2026-04-03_16-59-08,656,-47.340408212828166,200,0,0.01998300088264805,47.042533945356304,50,200,2026-04-03T22:20:59.910948
2026-04-03_16-59-08,657,-52.656695271707946,200,0,0.019733211026608157,47.67598976424087,50,200,2026-04-03T22:22:04.468907
2026-04-03_16-59-08,658,-53.487926263838304,200,0,0.01966415802543691,47.853944456021594,50,200,2026-04-03T22:22:11.214424
2026-04-03_16-59-08,659,-62.59818592464186,200,0,0.018751552348909063,50.32891812864648,50,200,2026-04-03T22:22:16.817072
2026-04-03_16-59-08,660,-48.09623466845562,200,0,0.020124583196552283,46.69047011971501,50,200,2026-04-03T22:22:24.339569
2026-04-03_16-59-08,661,-1293.683450991427,21,0,0.016255525116189447,60.30754513325841,50,200,2026-04-03T22:22:26.824338
2026-04-03_16-59-08,662,-52.76191540655055,200,0,0.019995746067320595,47.01063709417264,50,200,2026-04-03T22:22:35.515051
2026-04-03_16-59-08,663,-76.49736793690836,200,0,0.017481502537204034,54.20332093147061,50,200,2026-04-03T22:22:40.425375
2026-04-03_16-59-08,664,-66.4863874027864,200,0,0.017782416501530854,53.23532661682466,50,200,2026-04-03T22:22:45.743427
2026-04-03_16-59-08,665,-54.8250422714003,200,0,0.01989447604152175,47.265209192385896,50,200,2026-04-03T22:22:52.782293
2026-04-03_16-59-08,666,-49.89455878669256,200,0,0.01998300088264805,47.042533945356304,50,200,2026-04-03T22:23:01.489891
2026-04-03_16-59-08,667,-67.4878150927183,200,0,0.018355982849274897,51.478150704935004,50,200,2026-04-03T22:23:07.134045
2026-04-03_16-59-08,668,-56.57150056738157,200,0,0.01910745795223754,49.33558553417604,50,200,2026-04-03T22:23:13.551599
2026-04-03_16-59-08,669,-52.6809614334153,200,0,0.01989447604152175,47.265209192385896,50,200,2026-04-03T22:23:20.634855
2026-04-03_16-59-08,670,-54.184035883254026,200,0,0.020064143576440034,46.84015371452148,50,200,2026-04-03T22:23:27.378298
2026-04-03_16-59-08,671,-1117.4030198527876,196,0,0.01794265910587327,52.773099207835045,50,200,2026-04-03T22:23:31.888366
2026-04-03_16-59-08,672,-49.95559605205524,200,0,0.019995746067320595,47.01063709417264,50,200,2026-04-03T22:23:39.694163
2026-04-03_16-59-08,673,-65.85548920476391,200,0,0.018074716675633755,52.32590180780452,50,200,2026-04-03T22:24:33.740020
2026-04-03_16-59-08,674,-68.81571995385315,200,0,0.018216886356675295,51.894122981316485,50,200,2026-04-03T22:24:39.324406
2026-04-03_16-59-08,675,-49.363158963906194,200,0,0.019995746067320595,47.01063709417264,50,200,2026-04-03T22:24:47.622835
2026-04-03_16-59-08,676,-50.38022132167145,200,0,0.01966415802543691,47.853944456021594,50,200,2026-04-03T22:24:54.926062
2026-04-03_16-59-08,677,-59.16301980781818,200,0,0.01910745795223754,49.33558553417604,50,200,2026-04-03T22:25:00.798568
2026-04-03_16-59-08,678,-49.66036414675657,200,0,0.020124583196552283,46.69047011971501,50,200,2026-04-03T22:25:07.844396
2026-04-03_16-59-08,679,-69.4054905584681,200,0,0.017929790780920406,52.773099207835045,50,200,2026-04-03T22:25:13.705275
2026-04-03_16-59-08,680,-49.681276362522965,200,0,0.01998300088264805,47.042533945356304,50,200,2026-04-03T22:25:21.331160
2026-04-03_16-59-08,681,-48.19800113660251,200,0,0.01989447604152175,47.265209192385896,50,200,2026-04-03T22:25:28.574873
2026-04-03_16-59-08,682,-1304.4969436287365,142,0,0.017175276494050925,55.80322571321482,50,200,2026-04-03T22:25:32.406771
2026-04-03_16-59-08,683,-56.95240944912206,200,0,0.018751552348909063,50.32891812864648,50,200,2026-04-03T22:25:38.690031
2026-04-03_16-59-08,684,-54.463183631555594,200,0,0.019786520344744048,47.53945729601885,50,200,2026-04-03T22:25:44.974687
2026-04-03_16-59-08,685,-65.52803659143531,200,0,0.018216886356675295,51.894122981316485,50,200,2026-04-03T22:25:50.208115
2026-04-03_16-59-08,686,-65.96351029435455,200,0,0.018216886356675295,51.894122981316485,50,200,2026-04-03T22:25:56.318904
2026-04-03_16-59-08,687,-48.04455644732168,200,0,0.019995746067320595,47.01063709417264,50,200,2026-04-03T22:26:03.940393
2026-04-03_16-59-08,688,-1073.0644677189014,85,0,0.01727542294251859,56.0357029044876,50,200,2026-04-03T22:26:07.755781
2026-04-03_16-59-08,689,-48.70617791578662,200,0,0.01998300088264805,47.042533945356304,50,200,2026-04-03T22:27:05.131169
2026-04-03_16-59-08,690,-65.16949633272884,200,0,0.01862364991118559,50.695167422546305,50,200,2026-04-03T22:27:10.837206
2026-04-03_16-59-08,691,-68.98096944988139,200,0,0.017929790780920406,52.773099207835045,50,200,2026-04-03T22:27:15.937471
2026-04-03_16-59-08,692,-1198.6206292089473,151,0,0.018795166869003,50.695167422546305,50,200,2026-04-03T22:27:21.067093
2026-04-03_16-59-08,693,-50.349967956644264,200,0,0.02029593865151834,46.2709412050371,50,200,2026-04-03T22:27:28.877301
2026-04-03_16-59-08,694,-50.47503072824472,200,0,0.019995746067320595,47.01063709417264,50,200,2026-04-03T22:27:36.481865
2026-04-03_16-59-08,695,-53.763475243595565,200,0,0.019504555598702577,48.27007354458868,50,200,2026-04-03T22:27:42.631772
2026-04-03_16-59-08,696,-48.26508229562061,200,0,0.01993226789723963,47.16990566028302,50,200,2026-04-03T22:27:50.241092
2026-04-03_16-59-08,697,-67.06470212529547,200,0,0.019995746067320595,47.01063709417264,50,200,2026-04-03T22:27:57.984905
2026-04-03_16-59-08,698,-57.203347995286535,200,0,0.01910745795223754,49.33558553417604,50,200,2026-04-03T22:28:04.973530
2026-04-03_16-59-08,699,-47.48588029198161,200,0,0.019995746067320595,47.01063709417264,50,200,2026-04-03T22:28:12.395156
2026-04-03_16-59-08,700,-54.094160878712785,200,0,0.01993226789723963,47.16990566028302,50,200,2026-04-03T22:28:19.982530
2026-04-03_16-59-08,701,-55.39090554688472,200,0,0.01931816857785835,48.76474136094644,50,200,2026-04-03T22:28:25.750105
2026-04-03_16-59-08,702,-62.11951174015061,200,0,0.018875048613258016,49.9799959983992,50,200,2026-04-03T22:28:31.655283
2026-04-03_16-59-08,703,-52.29411913409222,200,0,0.019794760996917248,47.51841748206689,50,200,2026-04-03T22:28:38.457978
2026-04-03_16-59-08,704,-1149.858702599162,69,0,0.018460890778416828,52.478567053607705,50,200,2026-04-03T22:28:42.665123
2026-04-03_16-59-08,705,-59.181764371373085,200,0,0.019215692546309227,49.040799340956916,50,200,2026-04-03T22:29:37.065450
2026-04-03_16-59-08,706,-98.73528675613288,200,0,0.019215692546309227,49.040799340956916,50,200,2026-04-03T22:29:42.852624
2026-04-03_16-59-08,707,-64.98549696150585,200,0,0.01910745795223754,49.33558553417604,50,200,2026-04-03T22:29:48.113984
2026-04-03_16-59-08,708,-1060.4970035147942,68,0,0.018209852542215882,53.23532661682466,50,200,2026-04-03T22:29:52.503237
2026-04-03_16-59-08,709,-48.994533244088764,200,0,0.019995746067320595,47.01063709417264,50,200,2026-04-03T22:30:00.306815
2026-04-03_16-59-08,710,-70.6218900364549,200,0,0.017929790780920406,52.773099207835045,50,200,2026-04-03T22:30:04.820558
2026-04-03_16-59-08,711,-78.2190850749744,200,0,0.01701884110896858,55.758407437802596,50,200,2026-04-03T22:30:08.988444
2026-04-03_16-59-08,712,-49.09723907764236,200,0,0.019995746067320595,47.01063709417264,50,200,2026-04-03T22:30:16.907917
2026-04-03_16-59-08,713,-57.00744114250848,200,0,0.019794760996917248,47.51841748206689,50,200,2026-04-03T22:30:23.917083
2026-04-03_16-59-08,714,-46.52016872358925,200,0,0.02040363770460596,46.010868281309364,50,200,2026-04-03T22:30:31.730277
2026-04-03_16-59-08,715,-53.653480891348806,200,0,0.01931816857785835,48.76474136094644,50,200,2026-04-03T22:30:38.397733
2026-04-03_16-59-08,716,-52.47069377033661,200,0,0.019995746067320595,47.01063709417264,50,200,2026-04-03T22:30:45.871640
2026-04-03_16-59-08,717,-68.69395403840792,200,0,0.017589639595760997,53.85164807134504,50,200,2026-04-03T22:30:51.337110
2026-04-03_16-59-08,718,-1124.0633306623215,138,0,0.017200333550068704,55.758407437802596,50,200,2026-04-03T22:30:55.130341
2026-04-03_16-59-08,719,-44.75433875515903,200,0,0.021256049244479793,44.04543109109048,50,200,2026-04-03T22:31:03.492230
2026-04-03_16-59-08,720,-52.28429147966251,200,0,0.01966415802543691,47.853944456021594,50,200,2026-04-03T22:31:11.038247
2026-04-03_16-59-08,721,-1165.1893656044467,146,0,0.01692828787700128,56.61271941887264,50,200,2026-04-03T22:32:01.820071
2026-04-03_16-59-08,722,-61.82985184193907,200,0,0.018216886356675295,51.894122981316485,50,200,2026-04-03T22:32:07.205553
2026-04-03_16-59-08,723,-51.21155118707409,200,0,0.02018996312454887,46.52956049652737,50,200,2026-04-03T22:32:13.939249
2026-04-03_16-59-08,724,-50.57148587706899,200,0,0.01958785004649385,48.05205510693585,50,200,2026-04-03T22:32:21.032401
2026-04-03_16-59-08,725,-56.74767448983307,200,0,0.019414561152960585,48.507731342539614,50,200,2026-04-03T22:32:27.370566
2026-04-03_16-59-08,726,-59.1798925656198,200,0,0.018993797373463208,49.64876634922564,50,200,2026-04-03T22:32:32.803972
2026-04-03_16-59-08,727,-212.9460535981804,200,0,0.01931816857785835,48.76474136094644,50,200,2026-04-03T22:32:39.403696
2026-04-03_16-59-08,728,-84.5501349523982,200,0,0.01639112635551034,58.008620049092706,50,200,2026-04-03T22:32:44.139694
2026-04-03_16-59-08,729,-52.78737463547452,200,0,0.01931816857785835,48.76474136094644,50,200,2026-04-03T22:32:50.944028
2026-04-03_16-59-08,730,-1092.07605478491,3,0,0.015287790887486614,64.38167441127949,50,200,2026-04-03T22:32:52.736972
2026-04-03_16-59-08,731,-61.73318055727855,200,0,0.01910745795223754,49.33558553417604,50,200,2026-04-03T22:32:58.493866
2026-04-03_16-59-08,732,-52.89232208034232,200,0,0.019827829050658496,47.43416490252569,50,200,2026-04-03T22:33:04.722361
2026-04-03_16-59-08,733,-68.15959798719622,200,0,0.017782416501530854,53.23532661682466,50,200,2026-04-03T22:33:10.287641
2026-04-03_16-59-08,734,-72.23323311102934,200,0,0.01701884110896858,55.758407437802596,50,200,2026-04-03T22:33:15.215522
2026-04-03_16-59-08,735,-1118.5039676341303,127,0,0.01935495503636096,49.39635614091387,50,200,2026-04-03T22:33:20.803739
2026-04-03_16-59-08,736,-50.46272160553334,200,0,0.02,47.0,50,200,2026-04-03T22:33:28.014237
2026-04-03_16-59-08,737,-51.90647557297446,200,0,0.01989447604152175,47.265209192385896,50,200,2026-04-03T22:34:20.681483
2026-04-03_16-59-08,738,-48.35640157380135,200,0,0.019961814104692832,47.095647357266465,50,200,2026-04-03T22:34:28.056845
2026-04-03_16-59-08,739,-57.17011111479877,200,0,0.019733211026608157,47.67598976424087,50,200,2026-04-03T22:34:34.211771
2026-04-03_16-59-08,740,-61.31897881602327,200,0,0.018993797373463208,49.64876634922564,50,200,2026-04-03T22:34:39.944149
2026-04-03_16-59-08,741,-67.95362364543165,200,0,0.018355982849274897,51.478150704935004,50,200,2026-04-03T22:34:44.721132
2026-04-03_16-59-08,742,-50.40823774419085,200,0,0.019794760996917248,47.51841748206689,50,200,2026-04-03T22:34:51.436865
2026-04-03_16-59-08,743,-47.59166782702132,200,0,0.01998300088264805,47.042533945356304,50,200,2026-04-03T22:34:58.685341
2026-04-03_16-59-08,744,-1074.2865382305467,75,0,0.016621697366420163,58.412327466040935,50,200,2026-04-03T22:35:01.648486
2026-04-03_16-59-08,745,-82.53677886786159,200,0,0.016610909771468087,57.201398584300364,50,200,2026-04-03T22:35:05.200117
2026-04-03_16-59-08,746,-1048.33533167564,1,0,0.015464239121837704,63.655321851358195,50,200,2026-04-03T22:35:06.995859
2026-04-03_16-59-08,747,-50.26555559834024,200,0,0.019794760996917248,47.51841748206689,50,200,2026-04-03T22:35:13.685092
2026-04-03_16-59-08,748,-65.48532388535415,200,0,0.01862364991118559,50.695167422546305,50,200,2026-04-03T22:35:19.627833
2026-04-03_16-59-08,749,-330.09976042735343,200,0,0.019414561152960585,48.507731342539614,50,200,2026-04-03T22:35:25.158314
2026-04-03_16-59-08,750,-81.60027162025114,200,0,0.016233676290783778,58.60034129593445,50,200,2026-04-03T22:35:29.515822
2026-04-03_16-59-08,751,-62.81048391937811,200,0,0.018875048613258016,49.9799959983992,50,200,2026-04-03T22:35:35.110086
2026-04-03_16-59-08,752,-75.75300567136681,200,0,0.017782416501530854,53.23532661682466,50,200,2026-04-03T22:35:40.127673
2026-04-03_16-59-08,753,-65.85894013593861,200,0,0.017929790780920406,52.773099207835045,50,200,2026-04-03T22:36:32.454822
2026-04-03_16-59-08,754,-76.2731564142497,200,0,0.016862623549837707,56.302753041036986,50,200,2026-04-03T22:36:36.827635
2026-04-03_16-59-08,755,-1079.4206821300822,86,0,0.016866758125486915,57.42821606144492,50,200,2026-04-03T22:36:40.450460
2026-04-03_16-59-08,756,-70.37226254336733,200,0,0.018074716675633755,52.32590180780452,50,200,2026-04-03T22:36:45.100348
2026-04-03_16-59-08,757,-63.6555668530209,200,0,0.018751552348909063,50.32891812864648,50,200,2026-04-03T22:36:50.396084
2026-04-03_16-59-08,758,-55.089472759653,200,0,0.01931816857785835,48.76474136094644,50,200,2026-04-03T22:36:56.374378
2026-04-03_16-59-08,759,-56.8368683884407,200,0,0.019215692546309227,49.040799340956916,50,200,2026-04-03T22:37:02.564604
2026-04-03_16-59-08,760,-61.317940210241375,200,0,0.01862364991118559,50.695167422546305,50,200,2026-04-03T22:37:08.646829
2026-04-03_16-59-08,761,-309.2610936917514,200,0,0.01989447604152175,47.265209192385896,50,200,2026-04-03T22:37:15.149176
2026-04-03_16-59-08,762,-55.4623529416088,200,0,0.01966415802543691,47.853944456021594,50,200,2026-04-03T22:37:22.155862
2026-04-03_16-59-08,763,-62.296116949967605,200,0,0.018216886356675295,51.894122981316485,50,200,2026-04-03T22:37:27.871543
2026-04-03_16-59-08,764,-55.332428400974955,200,0,0.019414561152960585,48.507731342539614,50,200,2026-04-03T22:37:34.221810
2026-04-03_16-59-08,765,-67.69028730844269,200,0,0.017908508535570113,52.839379254491625,50,200,2026-04-03T22:37:39.126965
2026-04-03_16-59-08,766,-78.50772402558334,200,0,0.01639112635551034,58.008620049092706,50,200,2026-04-03T22:37:43.698579
2026-04-03_16-59-08,767,-59.55476901566171,200,0,0.019504555598702577,48.27007354458868,50,200,2026-04-03T22:37:50.111772
2026-04-03_16-59-08,768,-83.1943941198648,200,0,0.01958785004649385,48.05205510693585,50,200,2026-04-03T22:37:56.282580
2026-04-03_16-59-08,769,-56.9150369117068,200,0,0.019504555598702577,48.27007354458868,50,200,2026-04-03T22:38:52.263353
2026-04-03_16-59-08,770,-63.36717061253217,200,0,0.018751552348909063,50.32891812864648,50,200,2026-04-03T22:38:57.570265
2026-04-03_16-59-08,771,-51.51654799995289,200,0,0.01958785004649385,48.05205510693585,50,200,2026-04-03T22:39:04.354031
2026-04-03_16-59-08,772,-56.03220688618311,200,0,0.01989447604152175,47.265209192385896,50,200,2026-04-03T22:39:11.239057
2026-04-03_16-59-08,773,-53.79445491274916,200,0,0.019215692546309227,49.040799340956916,50,200,2026-04-03T22:39:17.890800
2026-04-03_16-59-08,774,-59.81122257571047,200,0,0.018875048613258016,49.9799959983992,50,200,2026-04-03T22:39:24.416453
2026-04-03_16-59-08,775,-62.850021463399514,200,0,0.018993797373463208,49.64876634922564,50,200,2026-04-03T22:39:30.735569
2026-04-03_16-59-08,776,-48.20263797538179,200,0,0.019848582720003817,47.38143096192854,50,200,2026-04-03T22:39:38.272940
2026-04-03_16-59-08,777,-73.07639312131104,200,0,0.017749838297735666,53.33854141237835,50,200,2026-04-03T22:39:43.526996
2026-04-03_16-59-08,778,-54.831624885216286,200,0,0.01989447604152175,47.265209192385896,50,200,2026-04-03T22:39:50.880972
2026-04-03_16-59-08,779,-1248.6047209729495,131,0,0.01747392688734997,54.91812087098393,50,200,2026-04-03T22:39:54.987300
2026-04-03_16-59-08,780,-57.61747047607189,200,0,0.019215692546309227,49.040799340956916,50,200,2026-04-03T22:40:01.048318
2026-04-03_16-59-08,781,-81.00668252095463,200,0,0.016705792773982008,56.859475903318,50,200,2026-04-03T22:40:04.934105
2026-04-03_16-59-08,782,-62.58194744606944,200,0,0.018993797373463208,49.64876634922564,50,200,2026-04-03T22:40:10.288506
2026-04-03_16-59-08,783,-58.78366473243698,200,0,0.018993797373463208,49.64876634922564,50,200,2026-04-03T22:40:16.060142
2026-04-03_16-59-08,784,-52.27240492602312,200,0,0.019414561152960585,48.507731342539614,50,200,2026-04-03T22:40:23.171395
2026-04-03_16-59-08,785,-59.628848435884585,200,0,0.019215692546309227,49.040799340956916,50,200,2026-04-03T22:41:20.982998
2026-04-03_16-59-08,786,-56.47080882799528,200,0,0.019504555598702577,48.27007354458868,50,200,2026-04-03T22:41:27.778599
2026-04-03_16-59-08,787,-52.48596991778653,200,0,0.01998300088264805,47.042533945356304,50,200,2026-04-03T22:41:35.854471
2026-04-03_16-59-08,788,-99.88108594215602,200,0,0.018074716675633755,52.32590180780452,50,200,2026-04-03T22:41:40.862017
2026-04-03_16-59-08,789,-59.175813378287465,200,0,0.01910745795223754,49.33558553417604,50,200,2026-04-03T22:41:47.017621
2026-04-03_16-59-08,790,-62.81413789131793,200,0,0.018355982849274897,51.478150704935004,50,200,2026-04-03T22:41:52.402625
2026-04-03_16-59-08,791,-59.00948176529364,200,0,0.019504555598702577,48.27007354458868,50,200,2026-04-03T22:41:59.432567
2026-04-03_16-59-08,792,-70.3057646840775,200,0,0.017782416501530854,53.23532661682466,50,200,2026-04-03T22:42:04.024250
2026-04-03_16-59-08,793,-63.88899919428502,200,0,0.018216886356675295,51.894122981316485,50,200,2026-04-03T22:42:09.188179
2026-04-03_16-59-08,794,-366.9837853569373,200,0,0.01998300088264805,47.042533945356304,50,200,2026-04-03T22:42:16.842352
2026-04-03_16-59-08,795,-80.12156394225826,200,0,0.017174220679360835,55.226805085936306,50,200,2026-04-03T22:42:21.250760
2026-04-03_16-59-08,796,-55.22468168751228,200,0,0.019848582720003817,47.38143096192854,50,200,2026-04-03T22:42:28.105704
2026-04-03_16-59-08,797,-66.85800168295205,200,0,0.01852188156539091,50.99019513592785,50,200,2026-04-03T22:42:33.177701
2026-04-03_16-59-08,798,-60.87870694969389,200,0,0.018355982849274897,51.478150704935004,50,200,2026-04-03T22:42:38.556505
2026-04-03_16-59-08,799,-58.23784331429119,200,0,0.01993226789723963,47.16990566028302,50,200,2026-04-03T22:42:44.348807
2026-04-03_16-59-08,800,-54.58772833739333,200,0,0.01958785004649385,48.05205510693585,50,200,2026-04-03T22:42:50.490304
2026-04-03_16-59-08,801,-66.3140293008245,200,0,0.018216886356675295,51.894122981316485,50,200,2026-04-03T22:43:45.145228
2026-04-03_16-59-08,802,-69.63071764574451,200,0,0.017929790780920406,52.773099207835045,50,200,2026-04-03T22:43:50.156293
2026-04-03_16-59-08,803,-1094.062411714323,2,0,0.015134586458628056,65.05382386916237,50,200,2026-04-03T22:43:51.806292
2026-04-03_16-59-08,804,-1067.403987152059,11,0,0.015916699254919897,61.71709649683789,50,200,2026-04-03T22:43:54.093663
2026-04-03_16-59-08,805,-49.79412667975699,200,0,0.02,47.0,50,200,2026-04-03T22:44:01.681333
2026-04-03_16-59-08,806,-50.06320663653122,200,0,0.01998300088264805,47.042533945356304,50,200,2026-04-03T22:44:08.991400
2026-04-03_16-59-08,807,-53.37138086979174,200,0,0.019848582720003817,47.38143096192854,50,200,2026-04-03T22:44:15.319783
2026-04-03_16-59-08,808,-51.666737994379226,200,0,0.020390079456601304,46.04345773288535,50,200,2026-04-03T22:44:22.228551
2026-04-03_16-59-08,809,-50.92608819454371,200,0,0.01958785004649385,48.05205510693585,50,200,2026-04-03T22:44:28.750320
2026-04-03_16-59-08,810,-52.183414209724695,200,0,0.01998300088264805,47.042533945356304,50,200,2026-04-03T22:44:35.905837
2026-04-03_16-59-08,811,-49.32480725911203,200,0,0.02,47.0,50,200,2026-04-03T22:44:43.085885
2026-04-03_16-59-08,812,-47.074463088838634,200,0,0.020367543613641036,46.09772228646444,50,200,2026-04-03T22:44:50.196557
2026-04-03_16-59-08,813,-45.86390024515666,200,0,0.019995746067320595,47.01063709417264,50,200,2026-04-03T22:44:57.803250
2026-04-03_16-59-08,814,-62.971029611603925,200,0,0.018751552348909063,50.32891812864648,50,200,2026-04-03T22:45:03.394067
2026-04-03_16-59-08,815,-1048.0686813565405,1,0,0.015464239121837704,63.655321851358195,50,200,2026-04-03T22:45:05.214089
2026-04-03_16-59-08,816,-1215.3807067224043,89,0,0.019212390061397504,50.15974481593781,50,200,2026-04-03T22:45:10.056074
2026-04-03_16-59-08,817,-65.03127122055862,200,0,0.018950351925655272,49.76946855251722,50,200,2026-04-03T22:45:53.711051
2026-04-03_16-59-08,818,-59.258619857350155,200,0,0.019215692546309227,49.040799340956916,50,200,2026-04-03T22:46:00.564472
2026-04-03_16-59-08,819,-1182.2922033451075,146,0,0.017593769005683085,54.378304497290095,50,200,2026-04-03T22:46:04.533567
2026-04-03_16-59-08,820,-118.27495786580273,200,0,0.01849168121403405,51.07837115648854,50,200,2026-04-03T22:46:11.118901
2026-04-03_16-59-08,821,-1083.3440853695129,128,0,0.018462281355010133,51.884487084291386,50,200,2026-04-03T22:46:15.769257
2026-04-03_16-59-08,822,-263.5160972993679,200,0,0.018993797373463208,49.64876634922564,50,200,2026-04-03T22:46:21.912956
2026-04-03_16-59-08,823,-88.3258034529277,200,0,0.016120221108337676,59.033888572581766,50,200,2026-04-03T22:46:25.319017
2026-04-03_16-59-08,824,-1116.6565311502568,196,0,0.018692596761848753,50.53711507397311,50,200,2026-04-03T22:46:30.658290
2026-04-03_16-59-08,825,-75.44361980392783,200,0,0.016705792773982008,56.859475903318,50,200,2026-04-03T22:46:35.495813
2026-04-03_16-59-08,826,-93.15939008149884,200,0,0.015475132526931253,61.61980201201558,50,200,2026-04-03T22:46:38.760253
2026-04-03_16-59-08,827,-1081.3546159696634,3,0,0.01529505643519845,64.35060217278468,50,200,2026-04-03T22:46:40.578331
2026-04-03_16-59-08,828,-81.34688824407286,200,0,0.016548560675416515,57.42821606144492,50,200,2026-04-03T22:46:44.838838
2026-04-03_16-59-08,829,-73.66734738815518,200,0,0.017174220679360835,55.226805085936306,50,200,2026-04-03T22:46:49.097319
2026-04-03_16-59-08,830,-1047.004851672974,1,0,0.0156380783423265,62.93647591023825,50,200,2026-04-03T22:46:50.963798
2026-04-03_16-59-08,831,-51.41912302496926,200,0,0.01966415802543691,47.853944456021594,50,200,2026-04-03T22:46:57.700536
2026-04-03_16-59-08,832,-95.32812531423642,200,0,0.015451867499167868,61.71709649683789,50,200,2026-04-03T22:47:00.352705
2026-04-03_16-59-08,833,-65.08641211591033,200,0,0.018990165271363674,49.658836071740545,50,200,2026-04-03T22:47:48.711575
2026-04-03_16-59-08,834,-1047.3567626607476,1,0,0.015299736641906082,64.35060217278468,50,200,2026-04-03T22:47:50.418446
2026-04-03_16-59-08,835,-70.8637165843899,200,0,0.017782416501530854,53.23532661682466,50,200,2026-04-03T22:47:55.500614
2026-04-03_16-59-08,836,-71.02029634796696,200,0,0.017632891518770216,53.71219600798314,50,200,2026-04-03T22:48:00.662637
2026-04-03_16-59-08,837,-1136.850825482065,31,0,0.015703550997922425,62.369864518050704,50,200,2026-04-03T22:48:02.827997
2026-04-03_16-59-08,838,-76.57059265648165,200,0,0.017174220679360835,55.226805085936306,50,200,2026-04-03T22:48:07.608662
2026-04-03_16-59-08,839,-87.63268348225508,200,0,0.016938902237140722,56.0357029044876,50,200,2026-04-03T22:48:13.075103
2026-04-03_16-59-08,840,-388.73204605342755,200,0,0.018074716675633755,52.32590180780452,50,200,2026-04-03T22:48:18.529357
2026-04-03_16-59-08,841,-66.0201227712767,200,0,0.018751552348909063,50.32891812864648,50,200,2026-04-03T22:48:24.240447
2026-04-03_16-59-08,842,-77.48285094791609,200,0,0.017481502537204034,54.20332093147061,50,200,2026-04-03T22:48:29.376436
2026-04-03_16-59-08,843,-1137.6761615894052,44,0,0.01588250663853468,61.5223536610881,50,200,2026-04-03T22:48:31.905597
2026-04-03_16-59-08,844,-65.20598670550326,200,0,0.01849168121403405,51.07837115648854,50,200,2026-04-03T22:48:38.071794
2026-04-03_16-59-08,845,-57.13040116618771,200,0,0.018751552348909063,50.32891812864648,50,200,2026-04-03T22:48:44.943890
2026-04-03_16-59-08,846,-71.99146701398156,200,0,0.017929790780920406,52.773099207835045,50,200,2026-04-03T22:48:50.460320
2026-04-03_16-59-08,847,-74.83186020341375,200,0,0.017632891518770216,53.71219600798314,50,200,2026-04-03T22:48:54.915671
2026-04-03_16-59-08,848,-1063.3164418739802,85,0,0.018893458803850023,51.07837115648854,50,200,2026-04-03T22:49:00.347810
2026-04-03_16-59-08,849,-71.0741945333078,200,0,0.017174220679360835,55.226805085936306,50,200,2026-04-03T22:49:48.174870
2026-04-03_16-59-08,850,-97.98261962818931,200,0,0.015166112325465147,62.93647591023825,50,200,2026-04-03T22:49:51.514883
2026-04-03_16-59-08,851,-70.09583864423739,200,0,0.017481502537204034,54.20332093147061,50,200,2026-04-03T22:49:56.432430
2026-04-03_16-59-08,852,-86.81729736550241,200,0,0.01607638457164266,59.20304046246274,50,200,2026-04-03T22:50:00.040088
2026-04-03_16-59-08,853,-91.48745895463897,200,0,0.015607021214299889,61.07372593840988,50,200,2026-04-03T22:50:03.525831
2026-04-03_16-59-08,854,-98.89382174111924,200,0,0.014840830370231983,64.38167441127949,50,200,2026-04-03T22:50:06.819121
2026-04-03_16-59-08,855,-90.62738396614033,200,0,0.015607021214299889,61.07372593840988,50,200,2026-04-03T22:50:10.444406
2026-04-03_16-59-08,856,-70.90452199679405,200,0,0.017481502537204034,54.20332093147061,50,200,2026-04-03T22:50:15.667197
2026-04-03_16-59-08,857,-62.704827564085015,200,0,0.019215692546309227,49.040799340956916,50,200,2026-04-03T22:50:21.096466
2026-04-03_16-59-08,858,-90.53790573170323,200,0,0.01591941320116355,59.81638571495272,50,200,2026-04-03T22:50:24.756516
2026-04-03_16-59-08,859,-83.04509678055595,200,0,0.016705792773982008,56.859475903318,50,200,2026-04-03T22:50:28.404352
2026-04-03_16-59-08,860,-79.47512308010648,200,0,0.016705792773982008,56.859475903318,50,200,2026-04-03T22:50:32.439292
2026-04-03_16-59-08,861,-95.38935828287377,200,0,0.015475132526931253,61.61980201201558,50,200,2026-04-03T22:50:35.290978
2026-04-03_16-59-08,862,-91.91199032743567,200,0,0.01607638457164266,59.20304046246274,50,200,2026-04-03T22:50:39.794126
2026-04-03_16-59-08,863,-85.40857347529337,200,0,0.016233676290783778,58.60034129593445,50,200,2026-04-03T22:50:43.650585
2026-04-03_16-59-08,864,-73.87852057892579,200,0,0.016834916333169702,56.4003546088143,50,200,2026-04-03T22:50:48.958512
2026-04-03_16-59-08,865,-46.28198084772386,200,0,0.020247155398494077,46.389654018972806,50,200,2026-04-03T22:51:47.556867
2026-04-03_16-59-08,866,-83.10334620790374,200,0,0.01591941320116355,59.81638571495272,50,200,2026-04-03T22:51:52.243333
2026-04-03_16-59-08,867,-64.01731636898961,200,0,0.018751552348909063,50.32891812864648,50,200,2026-04-03T22:51:58.477695
2026-04-03_16-59-08,868,-94.85034520012032,200,0,0.015144232602744119,63.0317380372777,50,200,2026-04-03T22:52:01.970218
2026-04-03_16-59-08,869,-67.74035444280591,200,0,0.018074716675633755,52.32590180780452,50,200,2026-04-03T22:52:07.238678
2026-04-03_16-59-08,870,-77.23919039087774,200,0,0.017174220679360835,55.226805085936306,50,200,2026-04-03T22:52:11.456553
2026-04-03_16-59-08,871,-70.14074941023647,200,0,0.018216886356675295,51.894122981316485,50,200,2026-04-03T22:52:16.349341
2026-04-03_16-59-08,872,-87.71936787969302,200,0,0.016233676290783778,58.60034129593445,50,200,2026-04-03T22:52:19.443746
2026-04-03_16-59-08,873,-64.05041676945831,200,0,0.018216886356675295,51.894122981316485,50,200,2026-04-03T22:52:24.495893
2026-04-03_16-59-08,874,-77.16552299235633,200,0,0.018216886356675295,51.894122981316485,50,200,2026-04-03T22:52:29.764040
2026-04-03_16-59-08,875,-1116.46422507643,190,0,0.01825334238251424,51.884487084291386,50,200,2026-04-03T22:52:34.441401
2026-04-03_16-59-08,876,-71.98436019813761,200,0,0.017632891518770216,53.71219600798314,50,200,2026-04-03T22:52:39.108816
2026-04-03_16-59-08,877,-75.17905690179995,200,0,0.017632891518770216,53.71219600798314,50,200,2026-04-03T22:52:43.694575
2026-04-03_16-59-08,878,-73.0032173077739,200,0,0.017328524620093738,54.70831746635972,50,200,2026-04-03T22:52:49.021800
2026-04-03_16-59-08,879,-77.93640019023444,200,0,0.016548560675416515,57.42821606144492,50,200,2026-04-03T22:52:53.213315
2026-04-03_16-59-08,880,-225.0801229170534,200,0,0.019414561152960585,48.507731342539614,50,200,2026-04-03T22:52:59.303481
2026-04-03_16-59-08,881,-104.21884977737389,200,0,0.017174220679360835,55.226805085936306,50,200,2026-04-03T22:53:52.514514
2026-04-03_16-59-08,882,-84.88980161083406,200,0,0.01639112635551034,58.008620049092706,50,200,2026-04-03T22:53:56.388777
2026-04-03_16-59-08,883,-383.00237315007115,200,0,0.019995746067320595,47.01063709417264,50,200,2026-04-03T22:54:03.594875
2026-04-03_16-59-08,884,-59.45256997767982,200,0,0.01910745795223754,49.33558553417604,50,200,2026-04-03T22:54:09.657182
2026-04-03_16-59-08,885,-85.80205528563478,200,0,0.01607638457164266,59.20304046246274,50,200,2026-04-03T22:54:13.695076
2026-04-03_16-59-08,886,-63.13296491372117,200,0,0.018993797373463208,49.64876634922564,50,200,2026-04-03T22:54:19.488629
2026-04-03_16-59-08,887,-156.1317082013037,200,0,0.01998300088264805,47.042533945356304,50,200,2026-04-03T22:54:26.868441
2026-04-03_16-59-08,888,-1111.3770521472954,164,0,0.016965614064612528,56.302753041036986,50,200,2026-04-03T22:54:30.405072
2026-04-03_16-59-08,889,-71.65828821909854,200,0,0.017782416501530854,53.23532661682466,50,200,2026-04-03T22:54:35.290850
2026-04-03_16-59-08,890,-157.8227809294751,200,0,0.01993226789723963,47.16990566028302,50,200,2026-04-03T22:54:42.635281
2026-04-03_16-59-08,891,-73.32686863240079,200,0,0.017174220679360835,55.226805085936306,50,200,2026-04-03T22:54:48.014596
2026-04-03_16-59-08,892,-67.86385489253945,200,0,0.018074716675633755,52.32590180780452,50,200,2026-04-03T22:54:53.589132
2026-04-03_16-59-08,893,-95.3612263066874,200,0,0.015451867499167868,61.71709649683789,50,200,2026-04-03T22:54:56.761478
2026-04-03_16-59-08,894,-68.30269659598656,200,0,0.018355982849274897,51.478150704935004,50,200,2026-04-03T22:55:02.075202
2026-04-03_16-59-08,895,-240.8939630174595,200,0,0.019504555598702577,48.27007354458868,50,200,2026-04-03T22:55:08.251724
2026-04-03_16-59-08,896,-87.10845559579329,200,0,0.018751552348909063,50.32891812864648,50,200,2026-04-03T22:55:14.233577
2026-04-03_16-59-08,897,-80.23751035278087,200,0,0.017102579202553668,55.47071299343465,50,200,2026-04-03T22:56:09.825678
2026-04-03_16-59-08,898,-88.26531008102783,200,0,0.01639112635551034,58.008620049092706,50,200,2026-04-03T22:56:12.899996
2026-04-03_16-59-08,899,-76.58610470770455,200,0,0.017632891518770216,53.71219600798314,50,200,2026-04-03T22:56:17.695791
2026-04-03_16-59-08,900,-1195.9379979530456,96,0,0.01634974312000929,59.20304046246274,50,200,2026-04-03T22:56:20.970723
2026-04-03_16-59-08,901,-93.57424372918916,200,0,0.015451867499167868,61.71709649683789,50,200,2026-04-03T22:56:24.266579
2026-04-03_16-59-08,902,-98.10849999855853,200,0,0.015451867499167868,61.71709649683789,50,200,2026-04-03T22:56:27.626019
2026-04-03_16-59-08,903,-83.4117281805984,200,0,0.016233676290783778,58.60034129593445,50,200,2026-04-03T22:56:32.184333
2026-04-03_16-59-08,904,-1058.1357126988446,38,0,0.016340834320803035,59.81638571495272,50,200,2026-04-03T22:56:34.862458
2026-04-03_16-59-08,905,-95.81235851112883,200,0,0.015158808383651329,62.96824596572466,50,200,2026-04-03T22:56:38.704811
2026-04-03_16-59-08,906,-1196.688616256147,95,0,0.01622962041919921,59.665735560705194,50,200,2026-04-03T22:56:41.560079
2026-04-03_16-59-08,907,-72.79964001564541,200,0,0.017328524620093738,54.70831746635972,50,200,2026-04-03T22:56:46.698194
2026-04-03_16-59-08,908,-65.84687096633847,200,0,0.01852188156539091,50.99019513592785,50,200,2026-04-03T22:56:51.896555
2026-04-03_16-59-08,909,-99.15197538024012,200,0,0.014840830370231983,64.38167441127949,50,200,2026-04-03T22:56:55.843765
2026-04-03_16-59-08,910,-63.886363802278986,200,0,0.01910745795223754,49.33558553417604,50,200,2026-04-03T22:57:02.049864
2026-04-03_16-59-08,911,-61.602218361482954,200,0,0.01908529664373257,49.39635614091387,50,200,2026-04-03T22:57:07.297227
2026-04-03_16-59-08,912,-64.75493999006189,200,0,0.018355982849274897,51.478150704935004,50,200,2026-04-03T22:57:12.443545
2026-04-03_16-59-08,913,-79.51140289949836,200,0,0.01701884110896858,55.758407437802596,50,200,2026-04-03T22:57:59.634336
2026-04-03_16-59-08,914,-89.31818724823201,200,0,0.016120221108337676,59.033888572581766,50,200,2026-04-03T22:58:02.814416
2026-04-03_16-59-08,915,-62.16414513754107,200,0,0.018751552348909063,50.32891812864648,50,200,2026-04-03T22:58:08.598153
2026-04-03_16-59-08,916,-67.8953019835417,200,0,0.018216886356675295,51.894122981316485,50,200,2026-04-03T22:58:14.373732
2026-04-03_16-59-08,917,-1360.944847467647,130,0,0.01912777499123412,49.9799959983992,50,200,2026-04-03T22:58:19.797899
2026-04-03_16-59-08,918,-68.46759600190606,200,0,0.018355982849274897,51.478150704935004,50,200,2026-04-03T22:58:25.275251
2026-04-03_16-59-08,919,-93.78558876834683,200,0,0.015451867499167868,61.71709649683789,50,200,2026-04-03T22:58:28.713481
2026-04-03_16-59-08,920,-70.13725460980112,200,0,0.018216886356675295,51.894122981316485,50,200,2026-04-03T22:58:33.389234
2026-04-03_16-59-08,921,-73.27871565136992,200,0,0.017481502537204034,54.20332093147061,50,200,2026-04-03T22:58:38.234118
2026-04-03_16-59-08,922,-546.5487714389895,200,0,0.01849168121403405,51.07837115648854,50,200,2026-04-03T22:58:44.262531
2026-04-03_16-59-08,923,-80.21148737730216,200,0,0.016862623549837707,56.302753041036986,50,200,2026-04-03T22:58:48.470739
2026-04-03_16-59-08,924,-58.33219339620472,200,0,0.018875048613258016,49.9799959983992,50,200,2026-04-03T22:58:55.289145
2026-04-03_16-59-08,925,-73.24847099284192,200,0,0.017174220679360835,55.226805085936306,50,200,2026-04-03T22:58:59.520731
2026-04-03_16-59-08,926,-75.90089825024822,200,0,0.017328524620093738,54.70831746635972,50,200,2026-04-03T22:59:04.102862
2026-04-03_16-59-08,927,-56.67028547587807,200,0,0.01910745795223754,49.33558553417604,50,200,2026-04-03T22:59:11.087916
2026-04-03_16-59-08,928,-54.832597183200605,200,0,0.01934116912718734,48.703182647543684,50,200,2026-04-03T22:59:16.717193
2026-04-03_16-59-08,929,-101.80223223781516,200,0,0.014690933476920654,65.06919393998976,50,200,2026-04-03T23:00:09.578161
2026-04-03_16-59-08,930,-65.04942627332669,200,0,0.018355982849274897,51.478150704935004,50,200,2026-04-03T23:00:15.650968
2026-04-03_16-59-08,931,-80.36267916784925,200,0,0.016938902237140722,56.0357029044876,50,200,2026-04-03T23:00:20.479516
2026-04-03_16-59-08,932,-151.95091340575826,200,0,0.016548560675416515,57.42821606144492,50,200,2026-04-03T23:00:24.273050
2026-04-03_16-59-08,933,-94.15514666273525,200,0,0.015297568801352924,62.369864518050704,50,200,2026-04-03T23:00:27.838534
2026-04-03_16-59-08,934,-77.84285629851769,200,0,0.01701884110896858,55.758407437802596,50,200,2026-04-03T23:00:32.347511
2026-04-03_16-59-08,935,-1059.9119592504403,24,0,0.01555893819799923,63.0317380372777,50,200,2026-04-03T23:00:34.541461
2026-04-03_16-59-08,936,-83.95650442666938,200,0,0.01607638457164266,59.20304046246274,50,200,2026-04-03T23:00:39.392655
2026-04-03_16-59-08,937,-71.76679831234922,200,0,0.017749838297735666,53.33854141237835,50,200,2026-04-03T23:00:44.523033
2026-04-03_16-59-08,938,-77.45791988525856,200,0,0.017102579202553668,55.47071299343465,50,200,2026-04-03T23:00:48.752959
2026-04-03_16-59-08,939,-87.17183853481993,200,0,0.01607638457164266,59.20304046246274,50,200,2026-04-03T23:00:52.520392
2026-04-03_16-59-08,940,-101.02692529494547,200,0,0.014840830370231983,64.38167441127949,50,200,2026-04-03T23:00:55.258953
2026-04-03_16-59-08,941,-99.4858067306058,200,0,0.014991956837375139,63.702433234531945,50,200,2026-04-03T23:00:58.054452
2026-04-03_16-59-08,942,-77.48980038569684,200,0,0.017174220679360835,55.226805085936306,50,200,2026-04-03T23:01:02.835049
2026-04-03_16-59-08,943,-71.26174787759463,200,0,0.017929790780920406,52.773099207835045,50,200,2026-04-03T23:01:08.068862
2026-04-03_16-59-08,944,-93.6452498371244,200,0,0.015607021214299889,61.07372593840988,50,200,2026-04-03T23:01:10.987115
2026-04-03_16-59-08,945,-1071.912329357157,48,0,0.015516326084837549,62.96824596572466,50,200,2026-04-03T23:02:01.444360
2026-04-03_16-59-08,946,-95.62163268634238,200,0,0.015451867499167868,61.71709649683789,50,200,2026-04-03T23:02:04.180177
2026-04-03_16-59-08,947,-91.28426576654068,200,0,0.015957683908956685,59.665735560705194,50,200,2026-04-03T23:02:07.453868
2026-04-03_16-59-08,948,-80.46852872273044,200,0,0.016705792773982008,56.859475903318,50,200,2026-04-03T23:02:11.772963
2026-04-03_16-59-08,949,-99.73611404727845,200,0,0.014542338320164393,65.76473218982953,50,200,2026-04-03T23:02:16.312949
2026-04-03_16-59-08,950,-1044.533491108742,1,0,0.0156380783423265,62.93647591023825,50,200,2026-04-03T23:02:18.122643
2026-04-03_16-59-08,951,-104.11231341905848,200,0,0.014395109419717729,66.46803743153546,50,200,2026-04-03T23:02:21.852970
2026-04-03_16-59-08,952,-65.63891514707831,200,0,0.01849168121403405,51.07837115648854,50,200,2026-04-03T23:02:26.988347
2026-04-03_16-59-08,953,-96.30854255755665,200,0,0.015144232602744119,63.0317380372777,50,200,2026-04-03T23:02:30.706327
2026-04-03_16-59-08,954,-94.99204735603372,200,0,0.015490702006891422,61.554853586049575,50,200,2026-04-03T23:02:34.061489
2026-04-03_16-59-08,955,-104.26041384784399,200,0,0.014542338320164393,65.76473218982953,50,200,2026-04-03T23:02:36.314906
2026-04-03_16-59-08,956,-90.85961371458093,200,0,0.015475132526931253,61.61980201201558,50,200,2026-04-03T23:02:40.567633
2026-04-03_16-59-08,957,-100.53795079059984,200,0,0.014840830370231983,64.38167441127949,50,200,2026-04-03T23:02:43.639873
2026-04-03_16-59-08,958,-83.57934185706401,200,0,0.01607638457164266,59.20304046246274,50,200,2026-04-03T23:02:48.150991
2026-04-03_16-59-08,959,-99.02591121485268,200,0,0.015002553017897154,63.655321851358195,50,200,2026-04-03T23:02:51.304075
2026-04-03_16-59-08,960,-91.12618032932505,200,0,0.01591941320116355,59.81638571495272,50,200,2026-04-03T23:02:54.364400
2026-04-03_16-59-08,961,-96.64650330207411,200,0,0.015451867499167868,61.71709649683789,50,200,2026-04-03T23:03:44.145313
2026-04-03_16-59-08,962,-99.89921172001839,200,0,0.015002553017897154,63.655321851358195,50,200,2026-04-03T23:03:46.542042
2026-04-03_16-59-08,963,-84.31104395194093,200,0,0.01615555413020488,58.89821729050889,50,200,2026-04-03T23:03:50.802380
2026-04-03_16-59-08,964,-1095.3934641857873,77,0,0.015454403688855103,62.93647591023825,50,200,2026-04-03T23:03:53.208524
2026-04-03_16-59-08,965,-99.41388554809423,200,0,0.014991956837375139,63.702433234531945,50,200,2026-04-03T23:03:56.603234
2026-04-03_16-59-08,966,-84.03970517274746,200,0,0.016705792773982008,56.859475903318,50,200,2026-04-03T23:04:00.374504
2026-04-03_16-59-08,967,-99.91830717155946,200,0,0.014991956837375139,63.702433234531945,50,200,2026-04-03T23:04:02.862560
2026-04-03_16-59-08,968,-100.13606554637853,200,0,0.014991956837375139,63.702433234531945,50,200,2026-04-03T23:04:05.116328
2026-04-03_16-59-08,969,-103.8476233940103,200,0,0.014542338320164393,65.76473218982953,50,200,2026-04-03T23:04:08.331543
2026-04-03_16-59-08,970,-1059.7468936694293,27,0,0.015551679169547005,63.0317380372777,50,200,2026-04-03T23:04:10.396381
2026-04-03_16-59-08,971,-83.60672701816402,200,0,0.01591941320116355,59.81638571495272,50,200,2026-04-03T23:04:15.962617
2026-04-03_16-59-08,972,-96.02344728807611,200,0,0.015297568801352924,62.369864518050704,50,200,2026-04-03T23:04:19.398461
2026-04-03_16-59-08,973,-99.44241610860317,200,0,0.014991956837375139,63.702433234531945,50,200,2026-04-03T23:04:22.319007
2026-04-03_16-59-08,974,-93.83367988541957,200,0,0.01566719731860802,60.8276253029822,50,200,2026-04-03T23:04:25.208413
2026-04-03_16-59-08,975,-391.86866026732616,200,0,0.014840830370231983,64.38167441127949,50,200,2026-04-03T23:04:28.330374
2026-04-03_16-59-08,976,-97.88108782268102,200,0,0.015002553017897154,63.655321851358195,50,200,2026-04-03T23:04:31.667551
2026-04-03_16-59-08,977,-97.64545346726575,200,0,0.015144232602744119,63.0317380372777,50,200,2026-04-03T23:05:21.417312
2026-04-03_16-59-08,978,-97.54114321808656,200,0,0.015158808383651329,62.96824596572466,50,200,2026-04-03T23:05:24.288881
2026-04-03_16-59-08,979,-96.60704785208758,200,0,0.01531636424944194,62.289646009589745,50,200,2026-04-03T23:05:27.337060
2026-04-03_16-59-08,980,-80.29164901597727,200,0,0.016610909771468087,57.201398584300364,50,200,2026-04-03T23:05:31.758060
2026-04-03_16-59-08,981,-97.18724010748609,200,0,0.015144232602744119,63.0317380372777,50,200,2026-04-03T23:05:35.112179
2026-04-03_16-59-08,982,-97.05369195310128,200,0,0.014991956837375139,63.702433234531945,50,200,2026-04-03T23:05:38.693677
2026-04-03_16-59-08,983,-99.89078069261944,200,0,0.014840830370231983,64.38167441127949,50,200,2026-04-03T23:05:41.667140
2026-04-03_16-59-08,984,-94.29592554817422,200,0,0.015327675363100063,62.24146527838174,50,200,2026-04-03T23:05:45.472063
2026-04-03_16-59-08,985,-105.6431629544471,200,0,0.014395109419717729,66.46803743153546,50,200,2026-04-03T23:05:47.846055
2026-04-03_16-59-08,986,-93.4563415597183,200,0,0.015607021214299889,61.07372593840988,50,200,2026-04-03T23:05:51.595610
2026-04-03_16-59-08,987,-101.39250688982318,200,0,0.014840830370231983,64.38167441127949,50,200,2026-04-03T23:05:54.230595
2026-04-03_16-59-08,988,-102.12510682296397,200,0,0.014690933476920654,65.06919393998976,50,200,2026-04-03T23:05:57.171062
2026-04-03_16-59-08,989,-79.57006331669548,200,0,0.016548560675416515,57.42821606144492,50,200,2026-04-03T23:06:02.178861
2026-04-03_16-59-08,990,-93.89557849291438,200,0,0.015607021214299889,61.07372593840988,50,200,2026-04-03T23:06:05.199752
2026-04-03_16-59-08,991,-96.10325335083509,200,0,0.015297568801352924,62.369864518050704,50,200,2026-04-03T23:06:08.158877
2026-04-03_16-59-08,992,-1244.2506108636244,44,0,0.01675096684129645,58.25804665451803,50,200,2026-04-03T23:06:11.239051
2026-04-03_16-59-08,993,-99.93420204399045,200,0,0.014840830370231983,64.38167441127949,50,200,2026-04-03T23:07:03.783027
2026-04-03_16-59-08,994,-98.11137984568535,200,0,0.014690933476920654,65.06919393998976,50,200,2026-04-03T23:07:07.582017
2026-04-03_16-59-08,995,-104.49613941934427,200,0,0.014395109419717729,66.46803743153546,50,200,2026-04-03T23:07:10.541218
2026-04-03_16-59-08,996,-90.39555027748445,200,0,0.016120221108337676,59.033888572581766,50,200,2026-04-03T23:07:13.393190
2026-04-03_16-59-08,997,-104.16793022545968,200,0,0.014542338320164393,65.76473218982953,50,200,2026-04-03T23:07:15.683190
2026-04-03_16-59-08,998,-96.7887366537389,200,0,0.01531636424944194,62.289646009589745,50,200,2026-04-03T23:07:18.233665
2026-04-03_16-59-08,999,-98.04060747675067,200,0,0.014840830370231983,64.38167441127949,50,200,2026-04-03T23:07:21.895953
2026-04-03_16-59-08,1000,-100.66185299356148,200,0,0.014840830370231983,64.38167441127949,50,200,2026-04-03T23:07:24.722123
2026-04-03_16-59-08,1001,-95.93193621180278,200,0,0.01531636424944194,62.289646009589745,50,200,2026-04-03T23:07:28.689784
2026-04-03_16-59-08,1002,-104.93891226629121,200,0,0.014395109419717729,66.46803743153546,50,200,2026-04-03T23:07:31.591432
2026-04-03_16-59-08,1003,-98.6788182174161,200,0,0.015144232602744119,63.0317380372777,50,200,2026-04-03T23:07:34.233996
2026-04-03_16-59-08,1004,-100.74927529694527,200,0,0.014840830370231983,64.38167441127949,50,200,2026-04-03T23:07:36.961594
2026-04-03_16-59-08,1005,-94.2971793136171,200,0,0.015451867499167868,61.71709649683789,50,200,2026-04-03T23:07:40.557397
2026-04-03_16-59-08,1006,-101.00323146559893,200,0,0.014847677195736854,64.35060217278468,50,200,2026-04-03T23:07:43.436003
2026-04-03_16-59-08,1007,-102.96502252540772,200,0,0.014542338320164393,65.76473218982953,50,200,2026-04-03T23:07:46.301567
2026-04-03_16-59-08,1008,-96.11008409798814,200,0,0.016834916333169702,56.4003546088143,50,200,2026-04-03T23:07:50.031322
2026-04-03_16-59-08,1009,-104.90679017840185,200,0,0.014395109419717729,66.46803743153546,50,200,2026-04-03T23:08:43.874574
2026-04-03_16-59-08,1010,-95.52610604215383,200,0,0.015490702006891422,61.554853586049575,50,200,2026-04-03T23:08:46.818312
2026-04-03_16-59-08,1011,-90.9773365692134,200,0,0.015762912443755845,60.440052945046304,50,200,2026-04-03T23:08:50.393583
2026-04-03_16-59-08,1012,-82.66730387282394,200,0,0.016548560675416515,57.42821606144492,50,200,2026-04-03T23:08:54.472573
2026-04-03_16-59-08,1013,-99.6206713288852,200,0,0.014991956837375139,63.702433234531945,50,200,2026-04-03T23:08:57.246288
2026-04-03_16-59-08,1014,-93.48849007890877,200,0,0.015297568801352924,62.369864518050704,50,200,2026-04-03T23:09:00.904612
2026-04-03_16-59-08,1015,-85.5963574974263,200,0,0.016283375687934448,58.412327466040935,50,200,2026-04-03T23:09:04.598455
2026-04-03_16-59-08,1016,-101.42862644486202,200,0,0.014690933476920654,65.06919393998976,50,200,2026-04-03T23:09:07.499288
2026-04-03_16-59-08,1017,-99.00780780692008,200,0,0.014991956837375139,63.702433234531945,50,200,2026-04-03T23:09:10.366724
2026-04-03_16-59-08,1018,-62.290962660419005,200,0,0.01852188156539091,50.99019513592785,50,200,2026-04-03T23:09:16.107572
2026-04-03_16-59-08,1019,-93.81324429234503,200,0,0.015607021214299889,61.07372593840988,50,200,2026-04-03T23:09:19.063007
2026-04-03_16-59-08,1020,-102.61459092140092,200,0,0.014690933476920654,65.06919393998976,50,200,2026-04-03T23:09:21.654407
2026-04-03_16-59-08,1021,-1373.0565000189713,200,0,0.01639112635551034,58.008620049092706,50,200,2026-04-03T23:09:25.239531
2026-04-03_16-59-08,1022,-80.65022147704349,200,0,0.01639112635551034,58.008620049092706,50,200,2026-04-03T23:09:29.644436
2026-04-03_16-59-08,1023,-1444.9449666894118,111,0,0.016309744101048507,59.20304046246274,50,200,2026-04-03T23:09:32.588548
2026-04-03_16-59-08,1024,-87.88460718207398,200,0,0.016233676290783778,58.60034129593445,50,200,2026-04-03T23:09:35.966667
2026-04-03_16-59-08,1025,-103.94453147416034,200,0,0.014542338320164393,65.76473218982953,50,200,2026-04-03T23:10:30.229583
2026-04-03_16-59-08,1026,-104.30231717749628,200,0,0.014395109419717729,66.46803743153546,50,200,2026-04-03T23:10:33.274449
2026-04-03_16-59-08,1027,-83.34567197584596,200,0,0.016862623549837707,56.302753041036986,50,200,2026-04-03T23:10:36.906726
2026-04-03_16-59-08,1028,-101.99647757531105,200,0,0.014690933476920654,65.06919393998976,50,200,2026-04-03T23:10:40.378477
2026-04-03_16-59-08,1029,-104.15166941719016,200,0,0.014542338320164393,65.76473218982953,50,200,2026-04-03T23:10:42.739141
2026-04-03_16-59-08,1030,-1089.3923973160734,96,0,0.0161874151170672,59.81638571495272,50,200,2026-04-03T23:10:45.626696
2026-04-03_16-59-08,1031,-103.42849206644054,200,0,0.014542338320164393,65.76473218982953,50,200,2026-04-03T23:10:48.613853
2026-04-03_16-59-08,1032,-96.43976101496516,200,0,0.014991956837375139,63.702433234531945,50,200,2026-04-03T23:10:52.216999
2026-04-03_16-59-08,1033,-91.2432110255499,200,0,0.015297568801352924,62.369864518050704,50,200,2026-04-03T23:10:56.139987
2026-04-03_16-59-08,1034,-92.338899756043,200,0,0.015762912443755845,60.440052945046304,50,200,2026-04-03T23:10:59.185470
2026-04-03_16-59-08,1035,-84.07329418415276,200,0,0.016548560675416515,57.42821606144492,50,200,2026-04-03T23:11:02.827582
2026-04-03_16-59-08,1036,-98.04287254804217,200,0,0.015158808383651329,62.96824596572466,50,200,2026-04-03T23:11:05.579298
2026-04-03_16-59-08,1037,-102.38706300108265,200,0,0.014690933476920654,65.06919393998976,50,200,2026-04-03T23:11:08.889269
2026-04-03_16-59-08,1038,-99.39608384141802,200,0,0.014840830370231983,64.38167441127949,50,200,2026-04-03T23:11:12.347385
2026-04-03_16-59-08,1039,-101.32877014794144,200,0,0.014840830370231983,64.38167441127949,50,200,2026-04-03T23:11:14.904615
2026-04-03_16-59-08,1040,-105.04382633921352,200,0,0.014395109419717729,66.46803743153546,50,200,2026-04-03T23:11:17.751244
2026-04-03_16-59-08,1041,-103.8028165831853,200,0,0.014542338320164393,65.76473218982953,50,200,2026-04-03T23:12:11.614227
2026-04-03_16-59-08,1042,-97.14263385767538,200,0,0.014991956837375139,63.702433234531945,50,200,2026-04-03T23:12:15.020125
2026-04-03_16-59-08,1043,-91.8968454626237,200,0,0.015762912443755845,60.440052945046304,50,200,2026-04-03T23:12:18.168303
2026-04-03_16-59-08,1044,-85.46026455452389,200,0,0.016705792773982008,56.859475903318,50,200,2026-04-03T23:12:21.678087
2026-04-03_16-59-08,1045,-104.7957547566682,200,0,0.014395109419717729,66.46803743153546,50,200,2026-04-03T23:12:24.746669
2026-04-03_16-59-08,1046,-1084.1834124406744,25,0,0.015556517769013786,63.0317380372777,50,200,2026-04-03T23:12:26.887100
2026-04-03_16-59-08,1047,-97.33764938942508,200,0,0.014840830370231983,64.38167441127949,50,200,2026-04-03T23:12:30.813808
2026-04-03_16-59-08,1048,-90.48760504200592,200,0,0.01591941320116355,59.81638571495272,50,200,2026-04-03T23:12:34.578632
2026-04-03_16-59-08,1049,-105.6464242272362,200,0,0.014395109419717729,66.46803743153546,50,200,2026-04-03T23:12:36.740464
2026-04-03_16-59-08,1050,-92.44482670859816,200,0,0.015795905494282912,60.30754513325841,50,200,2026-04-03T23:12:39.601428
2026-04-03_16-59-08,1051,-102.11657299716786,200,0,0.014690933476920654,65.06919393998976,50,200,2026-04-03T23:12:43.005857
2026-04-03_16-59-08,1052,-101.82304499347929,200,0,0.014694251449008376,65.05382386916237,50,200,2026-04-03T23:12:46.170199
2026-04-03_16-59-08,1053,-87.04111061439923,200,0,0.016446994017549132,57.8013840664737,50,200,2026-04-03T23:12:49.685820
2026-04-03_16-59-08,1054,-94.0345270998601,200,0,0.015451867499167868,61.71709649683789,50,200,2026-04-03T23:12:53.106960
2026-04-03_16-59-08,1055,-93.32109455777105,200,0,0.015607021214299889,61.07372593840988,50,200,2026-04-03T23:12:56.179862
2026-04-03_16-59-08,1056,-1107.1837113960214,112,0,0.01520327034293867,63.655321851358195,50,200,2026-04-03T23:12:58.210624
2026-04-03_16-59-08,1057,-91.75673059156644,200,0,0.015762912443755845,60.440052945046304,50,200,2026-04-03T23:13:48.163238
2026-04-03_16-59-08,1058,-86.86584826473225,200,0,0.016446994017549132,57.8013840664737,50,200,2026-04-03T23:13:51.567122
2026-04-03_16-59-08,1059,-88.26881782278416,200,0,0.015762912443755845,60.440052945046304,50,200,2026-04-03T23:13:56.445041
2026-04-03_16-59-08,1060,-75.76518004334548,200,0,0.017481502537204034,54.20332093147061,50,200,2026-04-03T23:14:01.273320
2026-04-03_16-59-08,1061,-80.3928615061816,200,0,0.01639112635551034,58.008620049092706,50,200,2026-04-03T23:14:05.412889
2026-04-03_16-59-08,1062,-72.40516347593623,200,0,0.018074716675633755,52.32590180780452,50,200,2026-04-03T23:14:10.385431
2026-04-03_16-59-08,1063,-104.26668664438863,200,0,0.014542338320164393,65.76473218982953,50,200,2026-04-03T23:14:12.526442
2026-04-03_16-59-08,1064,-97.21117797162135,200,0,0.015158808383651329,62.96824596572466,50,200,2026-04-03T23:14:15.449623
2026-04-03_16-59-08,1065,-91.47317011097623,200,0,0.015762912443755845,60.440052945046304,50,200,2026-04-03T23:14:18.615832
2026-04-03_16-59-08,1066,-104.81234840105563,200,0,0.014395109419717729,66.46803743153546,50,200,2026-04-03T23:14:21.972522
2026-04-03_16-59-08,1067,-101.15083493409897,200,0,0.014840830370231983,64.38167441127949,50,200,2026-04-03T23:14:24.869946
2026-04-03_16-59-08,1068,-100.77355837768053,200,0,0.014840830370231983,64.38167441127949,50,200,2026-04-03T23:14:27.864672
2026-04-03_16-59-08,1069,-102.24784198612083,200,0,0.014690933476920654,65.06919393998976,50,200,2026-04-03T23:14:30.788675
2026-04-03_16-59-08,1070,-79.3220782134817,200,0,0.017428190127981715,54.378304497290095,50,200,2026-04-03T23:14:35.481238
2026-04-03_16-59-08,1071,-77.67065040139843,200,0,0.017174220679360835,55.226805085936306,50,200,2026-04-03T23:14:40.271381
2026-04-03_16-59-08,1072,-65.75791453914357,200,0,0.018220084638200296,51.884487084291386,50,200,2026-04-03T23:14:45.849411
2026-04-03_16-59-08,1073,-81.24778320845668,200,0,0.01639112635551034,58.008620049092706,50,200,2026-04-03T23:15:40.827043
2026-04-03_16-59-08,1074,-100.04587792325974,200,0,0.014991956837375139,63.702433234531945,50,200,2026-04-03T23:15:43.276487
2026-04-03_16-59-08,1075,-92.78792847925281,200,0,0.015762912443755845,60.440052945046304,50,200,2026-04-03T23:15:46.489402
2026-04-03_16-59-08,1076,-78.32390330345586,200,0,0.016548560675416515,57.42821606144492,50,200,2026-04-03T23:15:51.068370
2026-04-03_16-59-08,1077,-46.70755746907419,200,0,0.02040363770460596,46.010868281309364,50,200,2026-04-03T23:15:59.066454
2026-04-03_16-59-08,1078,-67.61353348326683,200,0,0.018216886356675295,51.894122981316485,50,200,2026-04-03T23:16:05.302007
2026-04-03_16-59-08,1079,-83.93111703857019,200,0,0.01639112635551034,58.008620049092706,50,200,2026-04-03T23:16:09.605008
2026-04-03_16-59-08,1080,-94.95095338156946,200,0,0.015158808383651329,62.96824596572466,50,200,2026-04-03T23:16:13.530583
2026-04-03_16-59-08,1081,-1084.9475550716634,25,0,0.016210068759234218,60.440052945046304,50,200,2026-04-03T23:16:15.918062
2026-04-03_16-59-08,1082,-90.97903002805543,200,0,0.01563501554262549,60.959002616512684,50,200,2026-04-03T23:16:19.830140
2026-04-03_16-59-08,1083,-88.32595882993097,200,0,0.01591941320116355,59.81638571495272,50,200,2026-04-03T23:16:24.356742
2026-04-03_16-59-08,1084,-70.21090347970028,200,0,0.018065358876586272,52.354560450833695,50,200,2026-04-03T23:16:29.320487
2026-04-03_16-59-08,1085,-89.54898028751896,200,0,0.017481502537204034,54.20332093147061,50,200,2026-04-03T23:16:34.694725
2026-04-03_16-59-08,1086,-93.21999243488237,200,0,0.015451867499167868,61.71709649683789,50,200,2026-04-03T23:16:38.718861
2026-04-03_16-59-08,1087,-99.30571650239402,200,0,0.014690933476920654,65.06919393998976,50,200,2026-04-03T23:16:42.355564
2026-04-03_16-59-08,1088,-92.14744297723026,200,0,0.015795905494282912,60.30754513325841,50,200,2026-04-03T23:16:45.646425
2026-04-03_16-59-08,1089,-92.50775852743486,200,0,0.015607021214299889,61.07372593840988,50,200,2026-04-03T23:17:35.823748
2026-04-03_16-59-08,1090,-88.08204056539793,200,0,0.016233676290783778,58.60034129593445,50,200,2026-04-03T23:17:39.460431
2026-04-03_16-59-08,1091,-82.17870997889051,200,0,0.016548560675416515,57.42821606144492,50,200,2026-04-03T23:17:44.134468
2026-04-03_16-59-08,1092,-58.53195585595246,200,0,0.019794760996917248,47.51841748206689,50,200,2026-04-03T23:17:51.212270
2026-04-03_16-59-08,1093,-71.68876007668474,200,0,0.017782416501530854,53.23532661682466,50,200,2026-04-03T23:17:56.604357
2026-04-03_16-59-08,1094,-565.7054616170738,200,0,0.019995746067320595,47.01063709417264,50,200,2026-04-03T23:18:03.471796
2026-04-03_16-59-08,1095,-1280.9037189290611,168,0,0.01719669370370235,55.47071299343465,50,200,2026-04-03T23:18:07.472424
2026-04-03_16-59-08,1096,-1086.0000722018003,21,0,0.016220586231959624,60.440052945046304,50,200,2026-04-03T23:18:09.789122
2026-04-03_16-59-08,1097,-66.14434566191245,200,0,0.017782416501530854,53.23532661682466,50,200,2026-04-03T23:18:15.856026
2026-04-03_16-59-08,1098,-99.78773398604399,200,0,0.014542338320164393,65.76473218982953,50,200,2026-04-03T23:18:19.771975
2026-04-03_16-59-08,1099,-103.88167296264591,200,0,0.014395109419717729,66.46803743153546,50,200,2026-04-03T23:18:23.597505
2026-04-03_16-59-08,1100,-1074.0498744489626,69,0,0.016298394776974076,59.665735560705194,50,200,2026-04-03T23:18:26.411135
2026-04-03_16-59-08,1101,-74.72541821447545,200,0,0.017481502537204034,54.20332093147061,50,200,2026-04-03T23:18:32.159184
2026-04-03_16-59-08,1102,-92.36578499325654,200,0,0.015607021214299889,61.07372593840988,50,200,2026-04-03T23:18:35.338473
2026-04-03_16-59-08,1103,-52.44859292468736,200,0,0.019794760996917248,47.51841748206689,50,200,2026-04-03T23:18:42.503308
2026-04-03_16-59-08,1104,-74.01525431922609,200,0,0.017174220679360835,55.226805085936306,50,200,2026-04-03T23:18:46.966581
2026-04-03_16-59-08,1105,-1517.601658974658,71,0,0.01658090434430041,58.60034129593445,50,200,2026-04-03T23:19:34.300812
2026-04-03_16-59-08,1106,-85.51076738438887,200,0,0.01591941320116355,59.81638571495272,50,200,2026-04-03T23:19:38.303038
2026-04-03_16-59-08,1107,-208.12769776057647,200,0,0.01931816857785835,48.76474136094644,50,200,2026-04-03T23:19:44.481768
2026-04-03_16-59-08,1108,-96.82644935186556,200,0,0.015002553017897154,63.655321851358195,50,200,2026-04-03T23:19:48.465971
2026-04-03_16-59-08,1109,-96.32793127410166,200,0,0.01531636424944194,62.289646009589745,50,200,2026-04-03T23:19:51.427754
2026-04-03_16-59-08,1110,-89.11961904196536,200,0,0.015451867499167868,61.71709649683789,50,200,2026-04-03T23:19:55.874184
2026-04-03_16-59-08,1111,-114.28435314456915,200,0,0.017749838297735666,53.33854141237835,50,200,2026-04-03T23:20:00.448208
2026-04-03_16-59-08,1112,-69.80220404690829,200,0,0.017782416501530854,53.23532661682466,50,200,2026-04-03T23:20:06.252137
2026-04-03_16-59-08,1113,-212.91654859684215,200,0,0.01998300088264805,47.042533945356304,50,200,2026-04-03T23:20:12.842664
2026-04-03_16-59-08,1114,-100.52178902576435,200,0,0.014840830370231983,64.38167441127949,50,200,2026-04-03T23:20:16.577193
2026-04-03_16-59-08,1115,-63.97469574319581,200,0,0.018074716675633755,52.32590180780452,50,200,2026-04-03T23:20:22.130767
2026-04-03_16-59-08,1116,-92.55420724201598,200,0,0.015762912443755845,60.440052945046304,50,200,2026-04-03T23:20:24.966636
2026-04-03_16-59-08,1117,-101.65112555825283,200,0,0.014690933476920654,65.06919393998976,50,200,2026-04-03T23:20:28.323096
2026-04-03_16-59-08,1118,-77.09156098204821,200,0,0.01701884110896858,55.758407437802596,50,200,2026-04-03T23:20:32.350255
2026-04-03_16-59-08,1119,-78.60952228524057,200,0,0.016862623549837707,56.302753041036986,50,200,2026-04-03T23:20:37.531085
2026-04-03_16-59-08,1120,-56.09193350508753,200,0,0.020064143576440034,46.84015371452148,50,200,2026-04-03T23:20:45.065298
2026-04-03_16-59-08,1121,-84.33119236191497,200,0,0.016493997022009554,57.62811813689564,50,200,2026-04-03T23:21:38.321598
2026-04-03_16-59-08,1122,-54.06625714879685,200,0,0.020367543613641036,46.09772228646444,50,200,2026-04-03T23:21:46.390213
2026-04-03_16-59-08,1123,-97.36268714078392,200,0,0.014840830370231983,64.38167441127949,50,200,2026-04-03T23:21:51.350413
2026-04-03_16-59-08,1124,-82.98525255426404,200,0,0.016610909771468087,57.201398584300364,50,200,2026-04-03T23:21:55.840282
2026-04-03_16-59-08,1125,-85.19914036059195,200,0,0.016493997022009554,57.62811813689564,50,200,2026-04-03T23:21:59.869622
2026-04-03_16-59-08,1126,-85.5501998382638,200,0,0.016531896058015548,57.48912940721924,50,200,2026-04-03T23:22:03.821108
2026-04-03_16-59-08,1127,-86.82361784283748,200,0,0.016233676290783778,58.60034129593445,50,200,2026-04-03T23:22:08.048718
2026-04-03_16-59-08,1128,-64.73356601511682,200,0,0.01844168026748099,51.22499389946279,50,200,2026-04-03T23:22:14.028972
2026-04-03_16-59-08,1129,-93.82295709609994,200,0,0.015655105496591208,60.876925020897694,50,200,2026-04-03T23:22:17.211113
2026-04-03_16-59-08,1130,-1045.4391032198337,1,0,0.0156380783423265,62.93647591023825,50,200,2026-04-03T23:22:18.958840
2026-04-03_16-59-08,1131,-58.99865139896309,200,0,0.019159475530898123,49.193495504995376,50,200,2026-04-03T23:22:25.850623
2026-04-03_16-59-08,1132,-78.04701217529569,200,0,0.017328524620093738,54.70831746635972,50,200,2026-04-03T23:22:31.251419
2026-04-03_16-59-08,1133,-77.48471994962614,200,0,0.01639112635551034,58.008620049092706,50,200,2026-04-03T23:22:37.878491
2026-04-03_16-59-08,1134,-91.47451568592656,200,0,0.016283375687934448,58.412327466040935,50,200,2026-04-03T23:22:42.336344
2026-04-03_16-59-08,1135,-97.97676614286135,200,0,0.014840830370231983,64.38167441127949,50,200,2026-04-03T23:22:46.778721
2026-04-03_16-59-08,1136,-90.68263363519893,200,0,0.015987644818727064,59.54829972383762,50,200,2026-04-03T23:22:50.081706
2026-04-03_16-59-08,1137,-79.79508509490995,200,0,0.018993797373463208,49.64876634922564,50,200,2026-04-03T23:23:46.402524
2026-04-03_16-59-08,1138,-81.84968358525772,200,0,0.016705792773982008,56.859475903318,50,200,2026-04-03T23:23:51.928248
2026-04-03_16-59-08,1139,-62.6482463592063,200,0,0.018825352115288324,50.11985634456667,50,200,2026-04-03T23:23:58.699813
2026-04-03_16-59-08,1140,-70.07462679979874,200,0,0.018220084638200296,51.884487084291386,50,200,2026-04-03T23:24:04.982009
2026-04-03_16-59-08,1141,-70.63098718098473,200,0,0.017929790780920406,52.773099207835045,50,200,2026-04-03T23:24:11.913724
2026-04-03_16-59-08,1142,-1303.5220623070918,123,0,0.017498388131738807,54.91812087098393,50,200,2026-04-03T23:24:16.991659
2026-04-03_16-59-08,1143,-77.55610260366699,200,0,0.01639112635551034,58.008620049092706,50,200,2026-04-03T23:24:22.999068
2026-04-03_16-59-08,1144,-84.72993480714266,200,0,0.016493997022009554,57.62811813689564,50,200,2026-04-03T23:24:27.631873
2026-04-03_16-59-08,1145,-1349.7030312022375,46,0,0.016319500380649558,59.81638571495272,50,200,2026-04-03T23:24:30.567108
2026-04-03_16-59-08,1146,-1046.4595019558337,1,0,0.0156380783423265,62.93647591023825,50,200,2026-04-03T23:24:32.324041
2026-04-03_16-59-08,1147,-105.72968497761633,200,0,0.015607021214299889,61.07372593840988,50,200,2026-04-03T23:24:37.426201
2026-04-03_16-59-08,1148,-69.48697692308863,200,0,0.018074716675633755,52.32590180780452,50,200,2026-04-03T23:24:43.481496
2026-04-03_16-59-08,1149,-114.6833390768622,200,0,0.019504555598702577,48.27007354458868,50,200,2026-04-03T23:24:51.301920
2026-04-03_16-59-08,1150,-48.920016596596305,200,0,0.020064143576440034,46.84015371452148,50,200,2026-04-03T23:24:59.089099
2026-04-03_16-59-08,1151,-75.12846362712234,200,0,0.017174220679360835,55.226805085936306,50,200,2026-04-03T23:25:04.199743
2026-04-03_16-59-08,1152,-81.22337346506127,200,0,0.016705792773982008,56.859475903318,50,200,2026-04-03T23:25:09.455027
2026-04-03_16-59-08,1153,-66.12507018936782,200,0,0.018355982849274897,51.478150704935004,50,200,2026-04-03T23:25:59.384323
2026-04-03_16-59-08,1154,-49.52745803867731,200,0,0.019794760996917248,47.51841748206689,50,200,2026-04-03T23:26:07.766088
2026-04-03_16-59-08,1155,-60.506082338275206,200,0,0.01946135575197761,48.38388161361178,50,200,2026-04-03T23:26:13.947700
2026-04-03_16-59-08,1156,-60.4139174666627,200,0,0.01849168121403405,51.07837115648854,50,200,2026-04-03T23:26:21.030265
2026-04-03_16-59-08,1157,-58.94432759720241,200,0,0.019414561152960585,48.507731342539614,50,200,2026-04-03T23:26:28.742828
2026-04-03_16-59-08,1158,-76.96244295690452,200,0,0.017328524620093738,54.70831746635972,50,200,2026-04-03T23:26:34.284724
2026-04-03_16-59-08,1159,-1164.654192704471,98,0,0.01731949397941444,55.758407437802596,50,200,2026-04-03T23:26:38.137953
2026-04-03_16-59-08,1160,-62.585783633433536,200,0,0.018668283955683724,50.566787519082126,50,200,2026-04-03T23:26:43.641445
2026-04-03_16-59-08,1161,-79.50177277059063,200,0,0.01639112635551034,58.008620049092706,50,200,2026-04-03T23:26:48.878738
2026-04-03_16-59-08,1162,-51.99108277060474,200,0,0.01989447604152175,47.265209192385896,50,200,2026-04-03T23:26:57.672011
2026-04-03_16-59-08,1163,-96.58338843189951,200,0,0.014840830370231983,64.38167441127949,50,200,2026-04-03T23:27:02.725694
2026-04-03_16-59-08,1164,-1119.3599201601892,183,0,0.01920333467879982,49.24428900898052,50,200,2026-04-03T23:27:08.825766
2026-04-03_16-59-08,1165,-85.00951062339719,200,0,0.015762912443755845,60.440052945046304,50,200,2026-04-03T23:27:15.350745
2026-04-03_16-59-08,1166,-66.09582592376988,200,0,0.018779562045152805,50.24937810560445,50,200,2026-04-03T23:27:21.100413
2026-04-03_16-59-08,1167,-74.81683007898963,200,0,0.017632891518770216,53.71219600798314,50,200,2026-04-03T23:27:26.353759
2026-04-03_16-59-08,1168,-49.3584804778867,200,0,0.02029593865151834,46.2709412050371,50,200,2026-04-03T23:27:35.089591
2026-04-03_16-59-08,1169,-74.4942571445948,200,0,0.01726575353208644,54.91812087098393,50,200,2026-04-03T23:28:30.961745
2026-04-03_16-59-08,1170,-64.52333766381109,200,0,0.018220084638200296,51.884487084291386,50,200,2026-04-03T23:28:38.210907
2026-04-03_16-59-08,1171,-72.30489249948835,200,0,0.01813117640782781,52.15361924162119,50,200,2026-04-03T23:28:43.483112
2026-04-03_16-59-08,1172,-171.79005525954673,200,0,0.020828512513489137,45.0111097397076,50,200,2026-04-03T23:28:51.399637
2026-04-03_16-59-08,1173,-87.39939733352827,200,0,0.018220084638200296,51.884487084291386,50,200,2026-04-03T23:28:57.152670
2026-04-03_16-59-08,1174,-74.5320302407771,200,0,0.016705792773982008,56.859475903318,50,200,2026-04-03T23:29:03.535906
2026-04-03_16-59-08,1175,-61.869385209460994,200,0,0.018678630677396113,50.53711507397311,50,200,2026-04-03T23:29:10.427419
2026-04-03_16-59-08,1176,-64.22685533410726,200,0,0.018355982849274897,51.478150704935004,50,200,2026-04-03T23:29:15.817569
2026-04-03_16-59-08,1177,-81.57912063479826,200,0,0.016774943497769916,56.61271941887264,50,200,2026-04-03T23:29:20.272389
2026-04-03_16-59-08,1178,-1058.2574434676073,45,0,0.016781967900149287,58.137767414994535,50,200,2026-04-03T23:29:23.572557
2026-04-03_16-59-08,1179,-100.20302205802521,200,0,0.014847677195736854,64.35060217278468,50,200,2026-04-03T23:29:26.992838
2026-04-03_16-59-08,1180,-74.17194943967907,200,0,0.017481502537204034,54.20332093147061,50,200,2026-04-03T23:29:32.687812
2026-04-03_16-59-08,1181,-53.243778322342635,200,0,0.019794760996917248,47.51841748206689,50,200,2026-04-03T23:29:40.710121
2026-04-03_16-59-08,1182,-73.4140591086069,200,0,0.017174220679360835,55.226805085936306,50,200,2026-04-03T23:29:47.127413
2026-04-03_16-59-08,1183,-76.45516665024832,200,0,0.019414561152960585,48.507731342539614,50,200,2026-04-03T23:29:54.059645
2026-04-03_16-59-08,1184,-78.14391391649987,200,0,0.017063170644771773,55.60575509783138,50,200,2026-04-03T23:29:59.658923
2026-04-03_16-59-08,1185,-83.20763422920353,200,0,0.01692611593470657,56.08029957123981,50,200,2026-04-03T23:30:53.553200
2026-04-03_16-59-08,1186,-76.04254486312297,200,0,0.017347767675262683,54.644304369257,50,200,2026-04-03T23:31:01.327519
2026-04-03_16-59-08,1187,-63.17301874926131,200,0,0.018993797373463208,49.64876634922564,50,200,2026-04-03T23:31:07.421106
2026-04-03_16-59-08,1188,-74.35492775070067,200,0,0.017328524620093738,54.70831746635972,50,200,2026-04-03T23:31:12.451126
2026-04-03_16-59-08,1189,-72.94021328727831,200,0,0.01804047697652311,52.43090691567332,50,200,2026-04-03T23:31:18.374613
2026-04-03_16-59-08,1190,-70.23393987634185,200,0,0.018216886356675295,51.894122981316485,50,200,2026-04-03T23:31:26.019575
2026-04-03_16-59-08,1191,-52.05170979660837,200,0,0.020367543613641036,46.09772228646444,50,200,2026-04-03T23:31:34.964388
2026-04-03_16-59-08,1192,-87.98624863800445,200,0,0.01591941320116355,59.81638571495272,50,200,2026-04-03T23:31:40.015467
2026-04-03_16-59-08,1193,-77.32980938102295,200,0,0.017419817700759666,54.405882034941776,50,200,2026-04-03T23:31:45.232606
2026-04-03_16-59-08,1194,-1067.0560390098087,80,0,0.018517992969458275,52.20153254455275,50,200,2026-04-03T23:31:50.344022
2026-04-03_16-59-08,1195,-80.70040669109817,200,0,0.01701884110896858,55.758407437802596,50,200,2026-04-03T23:31:56.403341
2026-04-03_16-59-08,1196,-125.75172359535144,200,0,0.018751552348909063,50.32891812864648,50,200,2026-04-03T23:32:04.752863
2026-04-03_16-59-08,1197,-95.7717159015911,200,0,0.015327675363100063,62.24146527838174,50,200,2026-04-03T23:32:08.606312
2026-04-03_16-59-08,1198,-84.80119778321371,200,0,0.016446994017549132,57.8013840664737,50,200,2026-04-03T23:32:13.492518
2026-04-03_16-59-08,1199,-78.51395988077823,200,0,0.01717689170036648,55.21775076911409,50,200,2026-04-03T23:32:19.499716
2026-04-03_16-59-08,1200,-64.24705726587894,200,0,0.017782416501530854,53.23532661682466,50,200,2026-04-03T23:32:26.367615
2026-04-03_16-59-08,1201,-66.7686043595916,200,0,0.017929790780920406,52.773099207835045,50,200,2026-04-03T23:33:24.541303
2026-04-03_16-59-08,1202,-74.86706710863498,200,0,0.017241379310344827,55.0,50,200,2026-04-03T23:33:29.510359
2026-04-03_16-59-08,1203,-169.71816029055847,200,0,0.01666423056308451,57.0087712549569,50,200,2026-04-03T23:33:36.762354
2026-04-03_16-59-08,1204,-71.30714088086442,200,0,0.017749838297735666,53.33854141237835,50,200,2026-04-03T23:33:42.010367
2026-04-03_16-59-08,1205,-78.06195732397202,200,0,0.016938902237140722,56.0357029044876,50,200,2026-04-03T23:33:47.097276
2026-04-03_16-59-08,1206,-73.28723939249613,200,0,0.017975657177748305,52.630789467763066,50,200,2026-04-03T23:33:52.354768
2026-04-03_16-59-08,1207,-76.0516131972431,200,0,0.017102579202553668,55.47071299343465,50,200,2026-04-03T23:33:58.364466
2026-04-03_16-59-08,1208,-103.47203067747051,200,0,0.014395109419717729,66.46803743153546,50,200,2026-04-03T23:34:02.418423
2026-04-03_16-59-08,1209,-90.36762581245843,200,0,0.01531636424944194,62.289646009589745,50,200,2026-04-03T23:34:07.450455
2026-04-03_16-59-08,1210,-92.447389361745,200,0,0.015451867499167868,61.71709649683789,50,200,2026-04-03T23:34:11.321521
2026-04-03_16-59-08,1211,-84.77812516370118,200,0,0.016233676290783778,58.60034129593445,50,200,2026-04-03T23:34:16.324601
2026-04-03_16-59-08,1212,-1237.2472076785493,130,0,0.021404813020732535,44.41846462902562,50,200,2026-04-03T23:34:24.559185
2026-04-03_16-59-08,1213,-69.74474219276611,200,0,0.017857142857142856,53.0,50,200,2026-04-03T23:34:31.987271
2026-04-03_16-59-08,1214,-102.4990943618048,200,0,0.014542338320164393,65.76473218982953,50,200,2026-04-03T23:34:37.737548
2026-04-03_16-59-08,1215,-118.81703537584193,200,0,0.017481502537204034,54.20332093147061,50,200,2026-04-03T23:34:45.387927
2026-04-03_16-59-08,1216,-80.61318580888195,200,0,0.016862623549837707,56.302753041036986,50,200,2026-04-03T23:34:49.983974
2026-04-03_16-59-08,1217,-99.40547058194002,200,0,0.014840830370231983,64.38167441127949,50,200,2026-04-03T23:35:43.251619
2026-04-03_16-59-08,1218,-90.90813061265287,200,0,0.015762912443755845,60.440052945046304,50,200,2026-04-03T23:35:48.039214
2026-04-03_16-59-08,1219,-98.91962392304895,200,0,0.014840830370231983,64.38167441127949,50,200,2026-04-03T23:35:52.446523
2026-04-03_16-59-08,1220,-94.84171204401015,200,0,0.015297568801352924,62.369864518050704,50,200,2026-04-03T23:35:57.601911
2026-04-03_16-59-08,1221,-98.17038551197014,200,0,0.015158808383651329,62.96824596572466,50,200,2026-04-03T23:36:00.610266
2026-04-03_16-59-08,1222,-78.22809959359596,200,0,0.01701884110896858,55.758407437802596,50,200,2026-04-03T23:36:05.293957
2026-04-03_16-59-08,1223,-186.27642241802366,200,0,0.017174220679360835,55.226805085936306,50,200,2026-04-03T23:36:11.536954
2026-04-03_16-59-08,1224,-77.79275554632974,200,0,0.017428190127981715,54.378304497290095,50,200,2026-04-03T23:36:16.873804
2026-04-03_16-59-08,1225,-92.4175238666628,200,0,0.015795905494282912,60.30754513325841,50,200,2026-04-03T23:36:20.267178
2026-04-03_16-59-08,1226,-99.49931283527917,200,0,0.014991956837375139,63.702433234531945,50,200,2026-04-03T23:36:24.181468
2026-04-03_16-59-08,1227,-82.99742427434666,200,0,0.01591941320116355,59.81638571495272,50,200,2026-04-03T23:36:31.565317
2026-04-03_16-59-08,1228,-188.9994329881896,200,0,0.015607021214299889,61.07372593840988,50,200,2026-04-03T23:36:35.979159
2026-04-03_16-59-08,1229,-111.61243768151354,200,0,0.01701884110896858,55.758407437802596,50,200,2026-04-03T23:36:41.828020
2026-04-03_16-59-08,1230,-69.43276687386754,200,0,0.018065358876586272,52.354560450833695,50,200,2026-04-03T23:36:47.831915
2026-04-03_16-59-08,1231,-84.99719458328765,200,0,0.01591941320116355,59.81638571495272,50,200,2026-04-03T23:36:51.803090
2026-04-03_16-59-08,1232,-83.20948109514525,200,0,0.016446994017549132,57.8013840664737,50,200,2026-04-03T23:36:56.720426
2026-04-03_16-59-08,1233,-1169.8216217694214,181,0,0.015885245036869007,60.14149981501958,50,200,2026-04-03T23:37:52.329933
2026-04-03_16-59-08,1234,-71.96424437091092,200,0,0.017481502537204034,54.20332093147061,50,200,2026-04-03T23:37:57.902500
2026-04-03_16-59-08,1235,-73.45989195475453,200,0,0.01777647959772812,53.25410782277739,50,200,2026-04-03T23:38:03.067609
2026-04-03_16-59-08,1236,-88.60410955814439,200,0,0.015762912443755845,60.440052945046304,50,200,2026-04-03T23:38:08.153256
2026-04-03_16-59-08,1237,-86.1232647340114,200,0,0.016120221108337676,59.033888572581766,50,200,2026-04-03T23:38:13.417184
2026-04-03_16-59-08,1238,-86.2965693618487,200,0,0.016548560675416515,57.42821606144492,50,200,2026-04-03T23:38:17.125892
2026-04-03_16-59-08,1239,-89.80676334427531,200,0,0.01607638457164266,59.20304046246274,50,200,2026-04-03T23:38:21.082248
2026-04-03_16-59-08,1240,-85.52637016794867,200,0,0.016548560675416515,57.42821606144492,50,200,2026-04-03T23:38:25.409170
2026-04-03_16-59-08,1241,-212.64191688814694,200,0,0.01701884110896858,55.758407437802596,50,200,2026-04-03T23:38:31.318540
2026-04-03_16-59-08,1242,-67.94175640870478,200,0,0.017929790780920406,52.773099207835045,50,200,2026-04-03T23:38:36.542018
2026-04-03_16-59-08,1243,-89.54665972391358,200,0,0.015607021214299889,61.07372593840988,50,200,2026-04-03T23:38:41.415289
2026-04-03_16-59-08,1244,-80.91531704761057,200,0,0.016705792773982008,56.859475903318,50,200,2026-04-03T23:38:45.422385
2026-04-03_16-59-08,1245,-83.61673799511728,200,0,0.016283375687934448,58.412327466040935,50,200,2026-04-03T23:38:50.350007
2026-04-03_16-59-08,1246,-87.617213168618,200,0,0.01607638457164266,59.20304046246274,50,200,2026-04-03T23:38:55.392572
2026-04-03_16-59-08,1247,-100.42194243621667,200,0,0.014840830370231983,64.38167441127949,50,200,2026-04-03T23:38:58.694488
2026-04-03_16-59-08,1248,-101.63817954738424,200,0,0.014690933476920654,65.06919393998976,50,200,2026-04-03T23:39:02.168069
2026-04-03_16-59-08,1249,-68.84504894527652,200,0,0.017632891518770216,53.71219600798314,50,200,2026-04-03T23:39:57.856226
2026-04-03_16-59-08,1250,-84.81913094624942,200,0,0.016233676290783778,58.60034129593445,50,200,2026-04-03T23:40:02.438857
2026-04-03_16-59-08,1251,-182.93283772760438,200,0,0.017328524620093738,54.70831746635972,50,200,2026-04-03T23:40:08.445085
2026-04-03_16-59-08,1252,-80.4385518829396,200,0,0.016705792773982008,56.859475903318,50,200,2026-04-03T23:40:12.421943
2026-04-03_16-59-08,1253,-67.59604090031974,200,0,0.018074716675633755,52.32590180780452,50,200,2026-04-03T23:40:17.996281
2026-04-03_16-59-08,1254,-53.51485505106721,200,0,0.019733211026608157,47.67598976424087,50,200,2026-04-03T23:40:24.837008
2026-04-03_16-59-08,1255,-207.90451414153992,200,0,0.019414561152960585,48.507731342539614,50,200,2026-04-03T23:40:30.952409
2026-04-03_16-59-08,1256,-75.18812095837627,200,0,0.017632891518770216,53.71219600798314,50,200,2026-04-03T23:40:35.577140
2026-04-03_16-59-08,1257,-65.67218904272869,200,0,0.01993226789723963,47.16990566028302,50,200,2026-04-03T23:40:43.797106
2026-04-03_16-59-08,1258,-92.0163540544718,200,0,0.015795905494282912,60.30754513325841,50,200,2026-04-03T23:40:46.867406
2026-04-03_16-59-08,1259,-72.19395391943611,200,0,0.017782416501530854,53.23532661682466,50,200,2026-04-03T23:40:51.667753
2026-04-03_16-59-08,1260,-79.89599492820432,200,0,0.01701884110896858,55.758407437802596,50,200,2026-04-03T23:40:55.615829
2026-04-03_16-59-08,1261,-92.06470071534869,200,0,0.015762912443755845,60.440052945046304,50,200,2026-04-03T23:40:58.927368
2026-04-03_16-59-08,1262,-62.39499735620806,200,0,0.01862364991118559,50.695167422546305,50,200,2026-04-03T23:41:04.132688
2026-04-03_16-59-08,1263,-103.69154846851148,200,0,0.014542338320164393,65.76473218982953,50,200,2026-04-03T23:41:07.515788
2026-04-03_16-59-08,1264,-81.65921615048846,200,0,0.017174220679360835,55.226805085936306,50,200,2026-04-03T23:41:11.997983
2026-04-03_16-59-08,1265,-1067.0158733780181,50,0,0.01614464231871432,60.440052945046304,50,200,2026-04-03T23:42:06.389429
2026-04-03_16-59-08,1266,-57.72400538930396,200,0,0.019215692546309227,49.040799340956916,50,200,2026-04-03T23:42:12.145877
2026-04-03_16-59-08,1267,-69.73459643639787,200,0,0.018216886356675295,51.894122981316485,50,200,2026-04-03T23:42:17.923720
2026-04-03_16-59-08,1268,-63.44453844677095,200,0,0.018372368544193916,51.42956348249516,50,200,2026-04-03T23:42:23.239146
2026-04-03_16-59-08,1269,-57.199963617329175,200,0,0.019215692546309227,49.040799340956916,50,200,2026-04-03T23:42:29.656466
2026-04-03_16-59-08,1270,-82.1778679625685,200,0,0.016774943497769916,56.61271941887264,50,200,2026-04-03T23:42:33.481746
2026-04-03_16-59-08,1271,-117.98034054477974,200,0,0.01701884110896858,55.758407437802596,50,200,2026-04-03T23:42:37.080236
2026-04-03_16-59-08,1272,-70.37100423965119,200,0,0.018074716675633755,52.32590180780452,50,200,2026-04-03T23:42:41.741525
2026-04-03_16-59-08,1273,-62.0221152607658,200,0,0.018668283955683724,50.566787519082126,50,200,2026-04-03T23:42:47.357784
2026-04-03_16-59-08,1274,-92.9473468693329,200,0,0.02018996312454887,46.52956049652737,50,200,2026-04-03T23:42:54.837580
2026-04-03_16-59-08,1275,-66.50222559038416,200,0,0.01883596765818911,50.08991914547278,50,200,2026-04-03T23:42:59.595844
2026-04-03_16-59-08,1276,-59.34416643217156,200,0,0.019215692546309227,49.040799340956916,50,200,2026-04-03T23:43:05.550134
2026-04-03_16-59-08,1277,-55.397084873445856,200,0,0.019848582720003817,47.38143096192854,50,200,2026-04-03T23:43:12.615921
2026-04-03_16-59-08,1278,-91.71077479785146,200,0,0.015451867499167868,61.71709649683789,50,200,2026-04-03T23:43:17.260534
2026-04-03_16-59-08,1279,-71.13968244111913,200,0,0.017688146747391213,53.53503525729669,50,200,2026-04-03T23:43:22.487061
2026-04-03_16-59-08,1280,-69.48125000525137,200,0,0.019215692546309227,49.040799340956916,50,200,2026-04-03T23:43:27.957180
2026-04-03_16-59-08,1281,-58.012796711801634,200,0,0.019700623127217525,47.75981574503821,50,200,2026-04-03T23:44:21.946651
2026-04-03_16-59-08,1282,-56.74349896003051,200,0,0.019504555598702577,48.27007354458868,50,200,2026-04-03T23:44:29.202300
2026-04-03_16-59-08,1283,-63.80708952765258,200,0,0.01966415802543691,47.853944456021594,50,200,2026-04-03T23:44:36.317957
2026-04-03_16-59-08,1284,-58.93264567632334,200,0,0.018875048613258016,49.9799959983992,50,200,2026-04-03T23:44:42.850228
2026-04-03_16-59-08,1285,-83.73343423482392,200,0,0.016493997022009554,57.62811813689564,50,200,2026-04-03T23:44:47.367417
2026-04-03_16-59-08,1286,-62.60539922876557,200,0,0.018355982849274897,51.478150704935004,50,200,2026-04-03T23:44:53.780062
2026-04-03_16-59-08,1287,-89.0399412545086,200,0,0.01639112635551034,58.008620049092706,50,200,2026-04-03T23:44:57.886421
2026-04-03_16-59-08,1288,-52.685926013000845,200,0,0.019848582720003817,47.38143096192854,50,200,2026-04-03T23:45:05.332693
2026-04-03_16-59-08,1289,-62.985528611056026,200,0,0.018355982849274897,51.478150704935004,50,200,2026-04-03T23:45:11.224701
2026-04-03_16-59-08,1290,-63.00062533756426,200,0,0.01862364991118559,50.695167422546305,50,200,2026-04-03T23:45:17.188242
2026-04-03_16-59-08,1291,-141.8029868937013,200,0,0.01934116912718734,48.703182647543684,50,200,2026-04-03T23:45:23.842035
2026-04-03_16-59-08,1292,-1259.5692938765408,175,0,0.02050824842229711,46.010868281309364,50,200,2026-04-03T23:45:32.356370
2026-04-03_16-59-08,1293,-53.98874369182137,200,0,0.019733211026608157,47.67598976424087,50,200,2026-04-03T23:45:39.007930
2026-04-03_16-59-08,1294,-68.022228730863,200,0,0.01883596765818911,50.08991914547278,50,200,2026-04-03T23:45:44.920965
2026-04-03_16-59-08,1295,-1097.8643285568985,44,0,0.016194975813886743,60.30754513325841,50,200,2026-04-03T23:45:47.633119
2026-04-03_16-59-08,1296,-82.96635821932988,200,0,0.016233676290783778,58.60034129593445,50,200,2026-04-03T23:45:51.741634
2026-04-03_16-59-08,1297,-95.83203368969333,200,0,0.015166112325465147,62.93647591023825,50,200,2026-04-03T23:46:42.910448
2026-04-03_16-59-08,1298,-97.58782983085105,200,0,0.015002553017897154,63.655321851358195,50,200,2026-04-03T23:46:46.357533
2026-04-03_16-59-08,1299,-161.90959598165043,200,0,0.015144232602744119,63.0317380372777,50,200,2026-04-03T23:46:49.722657
2026-04-03_16-59-08,1300,-85.44920804517666,200,0,0.016233676290783778,58.60034129593445,50,200,2026-04-03T23:46:54.044100
2026-04-03_16-59-08,1301,-167.6025985069725,200,0,0.017328524620093738,54.70831746635972,50,200,2026-04-03T23:46:59.381804
2026-04-03_16-59-08,1302,-87.1660528413734,200,0,0.016182209508224014,58.7962583843564,50,200,2026-04-03T23:47:04.177980
2026-04-03_16-59-08,1303,-84.63687229022523,200,0,0.01639112635551034,58.008620049092706,50,200,2026-04-03T23:47:08.666636
2026-04-03_16-59-08,1304,-62.214984263864956,200,0,0.019414561152960585,48.507731342539614,50,200,2026-04-03T23:47:15.418041
2026-04-03_16-59-08,1305,-93.98023644482484,200,0,0.01531636424944194,62.289646009589745,50,200,2026-04-03T23:47:19.171386
2026-04-03_16-59-08,1306,-65.71640130702598,200,0,0.018191361753620034,51.97114584074513,50,200,2026-04-03T23:47:25.421218
2026-04-03_16-59-08,1307,-1112.855887060813,76,0,0.01656716941173682,58.60034129593445,50,200,2026-04-03T23:47:29.565730
2026-04-03_16-59-08,1308,-1161.1464882570688,4,0,0.015802415377091792,62.24146527838174,50,200,2026-04-03T23:47:31.565475
2026-04-03_16-59-08,1309,-2270.262934083863,128,0,0.016425663501771128,58.60034129593445,50,200,2026-04-03T23:47:34.821491
2026-04-03_16-59-08,1310,-90.99922759892875,200,0,0.015655105496591208,60.876925020897694,50,200,2026-04-03T23:47:39.013345
2026-04-03_16-59-08,1311,-71.66485585836737,200,0,0.01751826787790118,54.08326913195984,50,200,2026-04-03T23:47:44.551112
2026-04-03_16-59-08,1312,-76.06912763013392,200,0,0.016705792773982008,56.859475903318,50,200,2026-04-03T23:47:50.224313
2026-04-03_16-59-08,1313,-94.90285516388232,200,0,0.015475132526931253,61.61980201201558,50,200,2026-04-03T23:48:37.067912
2026-04-03_16-59-08,1314,-63.06406110329136,200,0,0.018216886356675295,51.894122981316485,50,200,2026-04-03T23:48:44.368676
2026-04-03_16-59-08,1315,-87.36994196164011,200,0,0.016446994017549132,57.8013840664737,50,200,2026-04-03T23:48:48.482500
2026-04-03_16-59-08,1316,-87.60203106318734,200,0,0.016283375687934448,58.412327466040935,50,200,2026-04-03T23:48:52.347184
2026-04-03_16-59-08,1317,-1125.6968697521372,161,0,0.01896458798342698,50.11985634456667,50,200,2026-04-03T23:48:58.502158
2026-04-03_16-59-08,1318,-97.7873473872786,200,0,0.015158808383651329,62.96824596572466,50,200,2026-04-03T23:49:01.826278
2026-04-03_16-59-08,1319,-64.26940903197037,200,0,0.018654515562507832,50.60632371551998,50,200,2026-04-03T23:49:07.615774
2026-04-03_16-59-08,1320,-62.02763623308383,200,0,0.018372368544193916,51.42956348249516,50,200,2026-04-03T23:49:14.542298
2026-04-03_16-59-08,1321,-83.09748247257467,200,0,0.01639112635551034,58.008620049092706,50,200,2026-04-03T23:49:20.079874
2026-04-03_16-59-08,1322,-65.09964240172467,200,0,0.018481647851218804,51.10772935672255,50,200,2026-04-03T23:49:25.094175
2026-04-03_16-59-08,1323,-87.18366474294695,200,0,0.01607638457164266,59.20304046246274,50,200,2026-04-03T23:49:29.533866
2026-04-03_16-59-08,1324,-91.3126791975373,200,0,0.01591941320116355,59.81638571495272,50,200,2026-04-03T23:49:33.489251
2026-04-03_16-59-08,1325,-76.2993798119302,200,0,0.017174220679360835,55.226805085936306,50,200,2026-04-03T23:49:38.912591
2026-04-03_16-59-08,1326,-81.92419708115504,200,0,0.01639112635551034,58.008620049092706,50,200,2026-04-03T23:49:45.029640
2026-04-03_16-59-08,1327,-93.1220429086581,200,0,0.015607021214299889,61.07372593840988,50,200,2026-04-03T23:49:48.756882
2026-04-03_16-59-08,1328,-85.06717855253478,200,0,0.01639112635551034,58.008620049092706,50,200,2026-04-03T23:49:53.699463
2026-04-03_16-59-08,1329,-62.510421194529066,200,0,0.018024978890203172,52.478567053607705,50,200,2026-04-03T23:50:49.989493
2026-04-03_16-59-08,1330,-61.650947993178505,200,0,0.017929790780920406,52.773099207835045,50,200,2026-04-03T23:50:58.290441
2026-04-03_16-59-08,1331,-92.27285391523071,200,0,0.015327675363100063,62.24146527838174,50,200,2026-04-03T23:51:03.602326
2026-04-03_16-59-08,1332,-101.97289770215978,200,0,0.014690933476920654,65.06919393998976,50,200,2026-04-03T23:51:06.968245
2026-04-03_16-59-08,1333,-97.8620178137358,200,0,0.014840830370231983,64.38167441127949,50,200,2026-04-03T23:51:11.675419
2026-04-03_16-59-08,1334,-72.55212835501466,200,0,0.017328524620093738,54.70831746635972,50,200,2026-04-03T23:51:17.290104
2026-04-03_16-59-08,1335,-99.0253900822728,200,0,0.015006090152632831,63.63961030678928,50,200,2026-04-03T23:51:20.976180
2026-04-03_16-59-08,1336,-80.64652249651851,200,0,0.016548560675416515,57.42821606144492,50,200,2026-04-03T23:51:26.124568
2026-04-03_16-59-08,1337,-1152.2030912846797,42,0,0.01654153311907118,59.033888572581766,50,200,2026-04-03T23:51:29.330130
2026-04-03_16-59-08,1338,-84.34504915466898,200,0,0.016610909771468087,57.201398584300364,50,200,2026-04-03T23:51:33.286776
2026-04-03_16-59-08,1339,-95.96433493558325,200,0,0.015297568801352924,62.369864518050704,50,200,2026-04-03T23:51:36.573429
2026-04-03_16-59-08,1340,-64.08042066436684,200,0,0.01931816857785835,48.76474136094644,50,200,2026-04-03T23:51:45.221468
2026-04-03_16-59-08,1341,-72.687153097637,200,0,0.017428190127981715,54.378304497290095,50,200,2026-04-03T23:51:50.320077
2026-04-03_16-59-08,1342,-72.54476806166365,200,0,0.018065358876586272,52.354560450833695,50,200,2026-04-03T23:51:55.776506
2026-04-03_16-59-08,1343,-71.77874776215721,200,0,0.017589639595760997,53.85164807134504,50,200,2026-04-03T23:52:01.350559
2026-04-03_16-59-08,1344,-136.26756871975684,200,0,0.015607021214299889,61.07372593840988,50,200,2026-04-03T23:52:05.111546
2026-04-03_16-59-08,1345,-75.3278180231221,200,0,0.017328524620093738,54.70831746635972,50,200,2026-04-03T23:52:58.259698
2026-04-03_16-59-08,1346,-65.43848821151441,200,0,0.01862364991118559,50.695167422546305,50,200,2026-04-03T23:53:03.575866
2026-04-03_16-59-08,1347,-71.19476166666965,200,0,0.017749838297735666,53.33854141237835,50,200,2026-04-03T23:53:08.920425
2026-04-03_16-59-08,1348,-112.18545729590787,200,0,0.018216886356675295,51.894122981316485,50,200,2026-04-03T23:53:14.312700
2026-04-03_16-59-08,1349,-96.70507426701899,200,0,0.015144232602744119,63.0317380372777,50,200,2026-04-03T23:53:18.017715
2026-04-03_16-59-08,1350,-98.33770878117474,200,0,0.014840830370231983,64.38167441127949,50,200,2026-04-03T23:53:22.046511
2026-04-03_16-59-08,1351,-72.95819293906945,200,0,0.017481502537204034,54.20332093147061,50,200,2026-04-03T23:53:26.846609
2026-04-03_16-59-08,1352,-74.13279256994552,200,0,0.017632891518770216,53.71219600798314,50,200,2026-04-03T23:53:31.679822
2026-04-03_16-59-08,1353,-79.20418144030471,200,0,0.01701884110896858,55.758407437802596,50,200,2026-04-03T23:53:35.936548
2026-04-03_16-59-08,1354,-75.01816430452189,200,0,0.017632891518770216,53.71219600798314,50,200,2026-04-03T23:53:40.772956
2026-04-03_16-59-08,1355,-68.89410478577533,200,0,0.01849168121403405,51.07837115648854,50,200,2026-04-03T23:53:46.208719
2026-04-03_16-59-08,1356,-76.15381403947949,200,0,0.017481502537204034,54.20332093147061,50,200,2026-04-03T23:53:51.311009
2026-04-03_16-59-08,1357,-1050.271288131592,23,0,0.016631126699940393,58.89821729050889,50,200,2026-04-03T23:53:54.060232
2026-04-03_16-59-08,1358,-1542.958530060227,160,0,0.01889326355716261,50.32891812864648,50,200,2026-04-03T23:54:00.027256
2026-04-03_16-59-08,1359,-74.2426502930114,200,0,0.017481502537204034,54.20332093147061,50,200,2026-04-03T23:54:05.058267
2026-04-03_16-59-08,1360,-118.88588856005637,200,0,0.018950351925655272,49.76946855251722,50,200,2026-04-03T23:54:11.432202
2026-04-03_16-59-08,1361,-100.76840600261046,200,0,0.015297568801352924,62.369864518050704,50,200,2026-04-03T23:55:00.966386
2026-04-03_16-59-08,1362,-1065.7768810157513,47,0,0.01598881398567065,61.07372593840988,50,200,2026-04-03T23:55:03.381280
2026-04-03_16-59-08,1363,-98.50714650547341,200,0,0.015144232602744119,63.0317380372777,50,200,2026-04-03T23:55:06.335317
2026-04-03_16-59-08,1364,-79.27893517932506,200,0,0.01701884110896858,55.758407437802596,50,200,2026-04-03T23:55:10.462676
2026-04-03_16-59-08,1365,-91.3123088462587,200,0,0.015607021214299889,61.07372593840988,50,200,2026-04-03T23:55:14.707982
2026-04-03_16-59-08,1366,-81.03202120729617,200,0,0.017174220679360835,55.226805085936306,50,200,2026-04-03T23:55:18.728936
2026-04-03_16-59-08,1367,-76.84640401583725,200,0,0.01701884110896858,55.758407437802596,50,200,2026-04-03T23:55:22.942554
2026-04-03_16-59-08,1368,-65.20763113110422,200,0,0.01862364991118559,50.695167422546305,50,200,2026-04-03T23:55:28.499845
2026-04-03_16-59-08,1369,-64.81909187746021,200,0,0.018875048613258016,49.9799959983992,50,200,2026-04-03T23:55:34.013837
2026-04-03_16-59-08,1370,-82.179552641125,200,0,0.016862623549837707,56.302753041036986,50,200,2026-04-03T23:55:38.056937
2026-04-03_16-59-08,1371,-89.98742605713062,200,0,0.015762912443755845,60.440052945046304,50,200,2026-04-03T23:55:41.995557
2026-04-03_16-59-08,1372,-77.91405741516277,200,0,0.017481502537204034,54.20332093147061,50,200,2026-04-03T23:55:45.941252
2026-04-03_16-59-08,1373,-102.39954161258342,200,0,0.014690933476920654,65.06919393998976,50,200,2026-04-03T23:55:48.818110
2026-04-03_16-59-08,1374,-87.92840246663613,200,0,0.01607638457164266,59.20304046246274,50,200,2026-04-03T23:55:52.219346
2026-04-03_16-59-08,1375,-68.22052909907678,200,0,0.018355982849274897,51.478150704935004,50,200,2026-04-03T23:55:57.693186
2026-04-03_16-59-08,1376,-93.87611382514747,200,0,0.014991956837375139,63.702433234531945,50,200,2026-04-03T23:56:02.854374
2026-04-03_16-59-08,1377,-67.08393955926742,200,0,0.017929790780920406,52.773099207835045,50,200,2026-04-03T23:56:55.806827
2026-04-03_16-59-08,1378,-79.75893072686758,200,0,0.016548560675416515,57.42821606144492,50,200,2026-04-03T23:57:00.126681
2026-04-03_16-59-08,1379,-95.8474378442584,200,0,0.015297568801352924,62.369864518050704,50,200,2026-04-03T23:57:03.136320
2026-04-03_16-59-08,1380,-74.0817821436538,200,0,0.01701884110896858,55.758407437802596,50,200,2026-04-03T23:57:08.263240
2026-04-03_16-59-08,1381,-87.71669085318466,200,0,0.016182209508224014,58.7962583843564,50,200,2026-04-03T23:57:12.038009
2026-04-03_16-59-08,1382,-74.69462035283537,200,0,0.01726575353208644,54.91812087098393,50,200,2026-04-03T23:57:16.966876
2026-04-03_16-59-08,1383,-77.64718419935704,200,0,0.017481502537204034,54.20332093147061,50,200,2026-04-03T23:57:21.730177
2026-04-03_16-59-08,1384,-70.39247493459328,200,0,0.017174220679360835,55.226805085936306,50,200,2026-04-03T23:57:27.269044
2026-04-03_16-59-08,1385,-308.34402001552337,200,0,0.019970280554489933,47.07440918375928,50,200,2026-04-03T23:57:34.204775
2026-04-03_16-59-08,1386,-96.36118303144967,200,0,0.015144232602744119,63.0317380372777,50,200,2026-04-03T23:57:37.751052
2026-04-03_16-59-08,1387,-83.93035425225492,200,0,0.016705792773982008,56.859475903318,50,200,2026-04-03T23:57:41.452674
2026-04-03_16-59-08,1388,-81.77922674302556,200,0,0.016610909771468087,57.201398584300364,50,200,2026-04-03T23:57:46.039587
2026-04-03_16-59-08,1389,-93.53213010966257,200,0,0.01566719731860802,60.8276253029822,50,200,2026-04-03T23:57:49.203844
2026-04-03_16-59-08,1390,-101.54597020390132,200,0,0.014690933476920654,65.06919393998976,50,200,2026-04-03T23:57:52.240889
2026-04-03_16-59-08,1391,-100.40895144596736,200,0,0.014690933476920654,65.06919393998976,50,200,2026-04-03T23:57:56.393117
2026-04-03_16-59-08,1392,-89.39395960323883,200,0,0.015987644818727064,59.54829972383762,50,200,2026-04-03T23:58:00.415817
2026-04-03_16-59-08,1393,-74.538291279951,200,0,0.017174220679360835,55.226805085936306,50,200,2026-04-03T23:58:55.416436
2026-04-03_16-59-08,1394,-134.3950500824641,200,0,0.01591941320116355,59.81638571495272,50,200,2026-04-03T23:58:58.743253
2026-04-03_16-59-08,1395,-94.55264996533042,200,0,0.015451867499167868,61.71709649683789,50,200,2026-04-03T23:59:01.916226
2026-04-03_16-59-08,1396,-115.13035885034701,200,0,0.014694251449008376,65.05382386916237,50,200,2026-04-03T23:59:05.999785
2026-04-03_16-59-08,1397,-86.05073534573911,200,0,0.01607638457164266,59.20304046246274,50,200,2026-04-03T23:59:09.773596
2026-04-03_16-59-08,1398,-101.1793511327763,200,0,0.014840830370231983,64.38167441127949,50,200,2026-04-03T23:59:12.288271
2026-04-03_16-59-08,1399,-77.18893567280706,200,0,0.017174220679360835,55.226805085936306,50,200,2026-04-03T23:59:16.227509
2026-04-03_16-59-08,1400,-92.30144501242096,200,0,0.015607021214299889,61.07372593840988,50,200,2026-04-03T23:59:19.673070
2026-04-03_16-59-08,1401,-102.61395386179862,200,0,0.014694251449008376,65.05382386916237,50,200,2026-04-03T23:59:22.344054
2026-04-03_16-59-08,1402,-95.19182891577087,200,0,0.015475132526931253,61.61980201201558,50,200,2026-04-03T23:59:25.137845
2026-04-03_16-59-08,1403,-1068.8561539007435,35,0,0.015213365686427746,64.38167441127949,50,200,2026-04-03T23:59:27.509245
2026-04-03_16-59-08,1404,-82.56071862906926,200,0,0.016705792773982008,56.859475903318,50,200,2026-04-03T23:59:31.653393
2026-04-03_16-59-08,1405,-97.76239233148975,200,0,0.014840830370231983,64.38167441127949,50,200,2026-04-03T23:59:34.923009
2026-04-03_16-59-08,1406,-98.48030733527945,200,0,0.015144232602744119,63.0317380372777,50,200,2026-04-03T23:59:37.762728
2026-04-03_16-59-08,1407,-1286.48955586828,200,0,0.01958785004649385,48.05205510693585,50,200,2026-04-03T23:59:43.336138
2026-04-03_16-59-08,1408,-82.32283323661323,200,0,0.016862623549837707,56.302753041036986,50,200,2026-04-03T23:59:47.303406
2026-04-03_16-59-08,1409,-51.61946948552156,200,0,0.01989447604152175,47.265209192385896,50,200,2026-04-04T00:00:41.727785
2026-04-03_16-59-08,1410,-83.72794593990334,200,0,0.016705792773982008,56.859475903318,50,200,2026-04-04T00:00:45.330789
2026-04-03_16-59-08,1411,-56.49127621092249,200,0,0.019215692546309227,49.040799340956916,50,200,2026-04-04T00:00:51.419664
2026-04-03_16-59-08,1412,-94.92649948397343,200,0,0.015451867499167868,61.71709649683789,50,200,2026-04-04T00:00:54.076985
2026-04-03_16-59-08,1413,-91.71567067388608,200,0,0.015762912443755845,60.440052945046304,50,200,2026-04-04T00:00:57.503620
2026-04-03_16-59-08,1414,-1482.860942730535,113,0,0.01790760520694854,53.71219600798314,50,200,2026-04-04T00:01:01.412087
2026-04-03_16-59-08,1415,-72.32939001292189,200,0,0.017632891518770216,53.71219600798314,50,200,2026-04-04T00:01:05.591369
2026-04-03_16-59-08,1416,-60.862184281316104,200,0,0.018993797373463208,49.64876634922564,50,200,2026-04-04T00:01:11.449553
2026-04-03_16-59-08,1417,-69.99720632318392,200,0,0.018216886356675295,51.894122981316485,50,200,2026-04-04T00:01:16.564822
2026-04-03_16-59-08,1418,-63.57142231155528,200,0,0.018751552348909063,50.32891812864648,50,200,2026-04-04T00:01:22.046846
2026-04-03_16-59-08,1419,-70.66588017814,200,0,0.017929790780920406,52.773099207835045,50,200,2026-04-04T00:01:27.031734
2026-04-03_16-59-08,1420,-86.86219702122527,200,0,0.01607638457164266,59.20304046246274,50,200,2026-04-04T00:01:30.763377
2026-04-03_16-59-08,1421,-65.3687174537155,200,0,0.01862364991118559,50.695167422546305,50,200,2026-04-04T00:01:35.577985
2026-04-03_16-59-08,1422,-64.64347158872299,200,0,0.018216886356675295,51.894122981316485,50,200,2026-04-04T00:01:40.329454
2026-04-03_16-59-08,1423,-59.42447516236651,200,0,0.019215692546309227,49.040799340956916,50,200,2026-04-04T00:01:45.809744
2026-04-03_16-59-08,1424,-49.51117464397375,200,0,0.02,47.0,50,200,2026-04-04T00:01:53.327501
2026-04-03_16-59-08,1425,-96.48810340100789,200,0,0.015297568801352924,62.369864518050704,50,200,2026-04-04T00:02:44.453253
2026-04-03_16-59-08,1426,-69.44726671109915,200,0,0.018074716675633755,52.32590180780452,50,200,2026-04-04T00:02:49.226411
2026-04-03_16-59-08,1427,-82.01271782970959,200,0,0.016862623549837707,56.302753041036986,50,200,2026-04-04T00:02:53.243728
2026-04-03_16-59-08,1428,-81.8177237150651,200,0,0.016862623549837707,56.302753041036986,50,200,2026-04-04T00:02:57.013664
2026-04-03_16-59-08,1429,-89.8405280413002,200,0,0.01607638457164266,59.20304046246274,50,200,2026-04-04T00:03:00.070199
2026-04-03_16-59-08,1430,-1109.42384072012,167,0,0.017364692316325522,54.91812087098393,50,200,2026-04-04T00:03:03.864892
2026-04-03_16-59-08,1431,-71.63244636183119,200,0,0.017782416501530854,53.23532661682466,50,200,2026-04-04T00:03:08.224465
2026-04-03_16-59-08,1432,-1134.6166835115341,200,0,0.016446994017549132,57.8013840664737,50,200,2026-04-04T00:03:11.502011
2026-04-03_16-59-08,1433,-94.01326718533826,200,0,0.015451867499167868,61.71709649683789,50,200,2026-04-04T00:03:14.934175
2026-04-03_16-59-08,1434,-74.12460498342583,200,0,0.01701884110896858,55.758407437802596,50,200,2026-04-04T00:03:19.407450
2026-04-03_16-59-08,1435,-65.34854908766943,200,0,0.017929790780920406,52.773099207835045,50,200,2026-04-04T00:03:24.832783
2026-04-03_16-59-08,1436,-87.0267688288367,200,0,0.01607638457164266,59.20304046246274,50,200,2026-04-04T00:03:28.704852
2026-04-03_16-59-08,1437,-85.62023618123382,200,0,0.01666423056308451,57.0087712549569,50,200,2026-04-04T00:03:32.215003
2026-04-03_16-59-08,1438,-98.33775961846302,200,0,0.014991956837375139,63.702433234531945,50,200,2026-04-04T00:03:35.067329
2026-04-03_16-59-08,1439,-72.9404730898232,200,0,0.017632891518770216,53.71219600798314,50,200,2026-04-04T00:03:39.582773
2026-04-03_16-59-08,1440,-1117.6652513946992,154,0,0.016355813180036916,58.60034129593445,50,200,2026-04-04T00:03:42.619017
2026-04-03_16-59-08,1441,-1046.9047333321653,3,0,0.015978306933722763,61.554853586049575,50,200,2026-04-04T00:04:34.906539
2026-04-03_16-59-08,1442,-69.11083965269967,200,0,0.018074716675633755,52.32590180780452,50,200,2026-04-04T00:04:40.273030
2026-04-03_16-59-08,1443,-82.73764735759423,200,0,0.01639112635551034,58.008620049092706,50,200,2026-04-04T00:04:44.468892
2026-04-03_16-59-08,1444,-94.41682596184835,200,0,0.015607021214299889,61.07372593840988,50,200,2026-04-04T00:04:47.137943
2026-04-03_16-59-08,1445,-1086.6204275561493,111,0,0.01806837290749687,53.23532661682466,50,200,2026-04-04T00:04:51.398997
2026-04-03_16-59-08,1446,-1103.755784420278,143,0,0.016866399723800517,56.859475903318,50,200,2026-04-04T00:04:54.898489
2026-04-03_16-59-08,1447,-83.75136834833356,200,0,0.016705792773982008,56.859475903318,50,200,2026-04-04T00:04:58.670495
2026-04-03_16-59-08,1448,-81.24681086310123,200,0,0.016548560675416515,57.42821606144492,50,200,2026-04-04T00:05:02.337569
2026-04-03_16-59-08,1449,-78.08912440843234,200,0,0.016862623549837707,56.302753041036986,50,200,2026-04-04T00:05:06.630452
2026-04-03_16-59-08,1450,-86.2441357372641,200,0,0.016120221108337676,59.033888572581766,50,200,2026-04-04T00:05:10.582910
2026-04-03_16-59-08,1451,-92.49303248120336,200,0,0.015762912443755845,60.440052945046304,50,200,2026-04-04T00:05:13.527396
2026-04-03_16-59-08,1452,-1050.853454943361,2,0,0.015297396180577386,64.35060217278468,50,200,2026-04-04T00:05:15.233627
2026-04-03_16-59-08,1453,-89.1952915402645,200,0,0.01607638457164266,59.20304046246274,50,200,2026-04-04T00:05:18.391631
2026-04-03_16-59-08,1454,-66.55204693382885,200,0,0.017782416501530854,53.23532661682466,50,200,2026-04-04T00:05:23.844879
2026-04-03_16-59-08,1455,-58.649112078380064,200,0,0.01910745795223754,49.33558553417604,50,200,2026-04-04T00:05:29.840965
2026-04-03_16-59-08,1456,-82.16522212478826,200,0,0.016705792773982008,56.859475903318,50,200,2026-04-04T00:05:33.613268
2026-04-03_16-59-08,1457,-105.66852123287272,200,0,0.014395109419717729,66.46803743153546,50,200,2026-04-04T00:06:33.858941
2026-04-03_16-59-08,1458,-96.38352435441713,200,0,0.01531636424944194,62.289646009589745,50,200,2026-04-04T00:06:37.100103
2026-04-03_16-59-08,1459,-1052.842750265722,7,0,0.015762959262239085,62.369864518050704,50,200,2026-04-04T00:06:39.425349
2026-04-03_16-59-08,1460,-100.33713878811935,200,0,0.014840830370231983,64.38167441127949,50,200,2026-04-04T00:06:43.067508
2026-04-03_16-59-08,1461,-102.21540524922284,200,0,0.014542338320164393,65.76473218982953,50,200,2026-04-04T00:06:46.978283
2026-04-03_16-59-08,1462,-78.22293454049348,200,0,0.016862623549837707,56.302753041036986,50,200,2026-04-04T00:06:52.341556
2026-04-03_16-59-08,1463,-101.88861723999118,200,0,0.014690933476920654,65.06919393998976,50,200,2026-04-04T00:06:55.805083
2026-04-03_16-59-08,1464,-93.24044398594474,200,0,0.015607021214299889,61.07372593840988,50,200,2026-04-04T00:07:00.067681
2026-04-03_16-59-08,1465,-79.5533890379979,200,0,0.01639112635551034,58.008620049092706,50,200,2026-04-04T00:07:04.308033
2026-04-03_16-59-08,1466,-80.02981941353538,200,0,0.016705792773982008,56.859475903318,50,200,2026-04-04T00:07:09.289055
2026-04-03_16-59-08,1467,-86.54999510101905,200,0,0.016283375687934448,58.412327466040935,50,200,2026-04-04T00:07:13.332401
2026-04-03_16-59-08,1468,-102.81012951559444,200,0,0.014690933476920654,65.06919393998976,50,200,2026-04-04T00:07:16.212956
2026-04-03_16-59-08,1469,-95.64107879417882,200,0,0.015297568801352924,62.369864518050704,50,200,2026-04-04T00:07:21.285539
2026-04-03_16-59-08,1470,-104.27146253895259,200,0,0.014542338320164393,65.76473218982953,50,200,2026-04-04T00:07:23.887059
2026-04-03_16-59-08,1471,-85.69511563515675,200,0,0.016548560675416515,57.42821606144492,50,200,2026-04-04T00:07:27.796226
2026-04-03_16-59-08,1472,-409.51288151823564,200,0,0.014690933476920654,65.06919393998976,50,200,2026-04-04T00:07:31.303653
2026-04-03_16-59-08,1473,-1048.9753685128746,1,0,0.015299736641906082,64.35060217278468,50,200,2026-04-04T00:08:30.396154
2026-04-03_16-59-08,1474,-1064.6297695716592,41,0,0.01603360576645236,60.959002616512684,50,200,2026-04-04T00:08:33.058381
2026-04-03_16-59-08,1475,-104.27146253895259,200,0,0.014542338320164393,65.76473218982953,50,200,2026-04-04T00:08:37.357682
2026-04-03_16-59-08,1476,-101.46433915885396,200,0,0.014840830370231983,64.38167441127949,50,200,2026-04-04T00:08:43.697181
2026-04-03_16-59-08,1477,-105.64283877746922,200,0,0.014395109419717729,66.46803743153546,50,200,2026-04-04T00:08:47.279597
2026-04-03_16-59-08,1478,-94.06311687275763,200,0,0.015451867499167868,61.71709649683789,50,200,2026-04-04T00:08:51.917716
2026-04-03_16-59-08,1479,-102.88317786929676,200,0,0.014690933476920654,65.06919393998976,50,200,2026-04-04T00:08:54.799766
2026-04-03_16-59-08,1480,-97.29150999087496,200,0,0.015144232602744119,63.0317380372777,50,200,2026-04-04T00:08:59.362650
2026-04-03_16-59-08,1481,-105.65144935453111,200,0,0.014395109419717729,66.46803743153546,50,200,2026-04-04T00:09:02.191088
2026-04-03_16-59-08,1482,-105.60501264526165,200,0,0.014395109419717729,66.46803743153546,50,200,2026-04-04T00:09:04.930726
2026-04-03_16-59-08,1483,-98.33982955737338,200,0,0.015144232602744119,63.0317380372777,50,200,2026-04-04T00:09:08.288308
2026-04-03_16-59-08,1484,-100.5346126154608,200,0,0.014847677195736854,64.35060217278468,50,200,2026-04-04T00:09:13.006974
2026-04-03_16-59-08,1485,-98.15162608863855,200,0,0.015158808383651329,62.96824596572466,50,200,2026-04-04T00:09:17.874236
2026-04-03_16-59-08,1486,-93.86844234777523,200,0,0.015607021214299889,61.07372593840988,50,200,2026-04-04T00:09:21.518083
2026-04-03_16-59-08,1487,-104.96227330295171,200,0,0.014395109419717729,66.46803743153546,50,200,2026-04-04T00:09:25.099606
2026-04-03_16-59-08,1488,-104.20916961086864,200,0,0.014542338320164393,65.76473218982953,50,200,2026-04-04T00:09:27.814601
2026-04-03_16-59-08,1489,-102.70446901368295,200,0,0.014690933476920654,65.06919393998976,50,200,2026-04-04T00:10:30.725230
2026-04-03_16-59-08,1490,-102.61417655597435,200,0,0.014840830370231983,64.38167441127949,50,200,2026-04-04T00:10:34.109764
2026-04-03_16-59-08,1491,-101.42235279171352,200,0,0.014847677195736854,64.35060217278468,50,200,2026-04-04T00:10:37.874103
2026-04-03_16-59-08,1492,-104.04466696413063,200,0,0.014542338320164393,65.76473218982953,50,200,2026-04-04T00:10:41.066943
2026-04-03_16-59-08,1493,-102.88038603927305,200,0,0.014690933476920654,65.06919393998976,50,200,2026-04-04T00:10:43.295659
2026-04-03_16-59-08,1494,-102.8486744479254,200,0,0.014690933476920654,65.06919393998976,50,200,2026-04-04T00:10:45.905678
2026-04-03_16-59-08,1495,-105.5306142377556,200,0,0.014395109419717729,66.46803743153546,50,200,2026-04-04T00:10:48.681050
2026-04-03_16-59-08,1496,-105.67807302236446,200,0,0.014395109419717729,66.46803743153546,50,200,2026-04-04T00:10:51.228399
2026-04-03_16-59-08,1497,-101.35674397206498,200,0,0.014840830370231983,64.38167441127949,50,200,2026-04-04T00:10:54.014243
2026-04-03_16-59-08,1498,-104.27146253895259,200,0,0.014542338320164393,65.76473218982953,50,200,2026-04-04T00:10:56.300664
2026-04-03_16-59-08,1499,-104.1838629475732,200,0,0.014542338320164393,65.76473218982953,50,200,2026-04-04T00:10:59.118724
2026-04-03_16-59-08,1500,-104.21715509992593,200,0,0.014542338320164393,65.76473218982953,50,200,2026-04-04T00:11:01.684459
2026-04-03_16-59-08,1501,-105.28992997189393,200,0,0.014395109419717729,66.46803743153546,50,200,2026-04-04T00:11:05.480248
2026-04-03_16-59-08,1502,-102.86958695729416,200,0,0.014690933476920654,65.06919393998976,50,200,2026-04-04T00:11:07.881149
2026-04-03_16-59-08,1503,-105.66324649681192,200,0,0.014395109419717729,66.46803743153546,50,200,2026-04-04T00:11:10.238381
2026-04-03_16-59-08,1504,-105.81366070176075,200,0,0.014395109419717729,66.46803743153546,50,200,2026-04-04T00:11:12.660258
2026-04-03_16-59-08,1505,-1048.4612814319191,1,0,0.015299736641906082,64.35060217278468,50,200,2026-04-04T00:12:16.789693
2026-04-03_16-59-08,1506,-104.0217450388529,200,0,0.014542338320164393,65.76473218982953,50,200,2026-04-04T00:12:20.430447
2026-04-03_16-59-08,1507,-105.65138693471047,200,0,0.014395109419717729,66.46803743153546,50,200,2026-04-04T00:12:23.796330
2026-04-03_16-59-08,1508,-260.3734519243085,200,0,0.014395109419717729,66.46803743153546,50,200,2026-04-04T00:12:27.258040
2026-04-03_16-59-08,1509,-98.1376573820013,200,0,0.015144232602744119,63.0317380372777,50,200,2026-04-04T00:12:30.724788
2026-04-03_16-59-08,1510,-104.20108221244561,200,0,0.014542338320164393,65.76473218982953,50,200,2026-04-04T00:12:33.359213
2026-04-03_16-59-08,1511,-104.11291263464749,200,0,0.014542338320164393,65.76473218982953,50,200,2026-04-04T00:12:36.849014
2026-04-03_16-59-08,1512,-101.49982263629822,200,0,0.014840830370231983,64.38167441127949,50,200,2026-04-04T00:12:39.523349
2026-04-03_16-59-08,1513,-117.72903556075215,200,0,0.014395109419717729,66.46803743153546,50,200,2026-04-04T00:12:41.962743
2026-04-03_16-59-08,1514,-102.7759366557981,200,0,0.014690933476920654,65.06919393998976,50,200,2026-04-04T00:12:44.976126
2026-04-03_16-59-08,1515,-101.46240686530108,200,0,0.014840830370231983,64.38167441127949,50,200,2026-04-04T00:12:47.575472
2026-04-03_16-59-08,1516,-102.8174992907334,200,0,0.014694251449008376,65.05382386916237,50,200,2026-04-04T00:12:50.063881
2026-04-03_16-59-08,1517,-103.84281705876495,200,0,0.014542338320164393,65.76473218982953,50,200,2026-04-04T00:12:53.213211
2026-04-03_16-59-08,1518,-105.5564232381583,200,0,0.014395109419717729,66.46803743153546,50,200,2026-04-04T00:12:56.308415
2026-04-03_16-59-08,1519,-105.65847060170225,200,0,0.014395109419717729,66.46803743153546,50,200,2026-04-04T00:12:58.826596
2026-04-03_16-59-08,1520,-104.27146253895259,200,0,0.014542338320164393,65.76473218982953,50,200,2026-04-04T00:13:01.051916
2026-04-03_16-59-08,1521,-101.42360008474635,200,0,0.014847677195736854,64.35060217278468,50,200,2026-04-04T00:13:54.351310
2026-04-03_16-59-08,1522,-104.24553085100007,200,0,0.014542338320164393,65.76473218982953,50,200,2026-04-04T00:13:57.088257
2026-04-03_16-59-08,1523,-105.62348596739191,200,0,0.014395109419717729,66.46803743153546,50,200,2026-04-04T00:13:59.746634
2026-04-03_16-59-08,1524,-105.41611467258191,200,0,0.014395109419717729,66.46803743153546,50,200,2026-04-04T00:14:02.837866
2026-04-03_16-59-08,1525,-105.437067652177,200,0,0.014395109419717729,66.46803743153546,50,200,2026-04-04T00:14:05.845744
2026-04-03_16-59-08,1526,-102.87561014452717,200,0,0.014690933476920654,65.06919393998976,50,200,2026-04-04T00:14:08.308893
2026-04-03_16-59-08,1527,-92.0594096706568,200,0,0.01591941320116355,59.81638571495272,50,200,2026-04-04T00:14:11.428689
2026-04-03_16-59-08,1528,-93.2306590529885,200,0,0.015795905494282912,60.30754513325841,50,200,2026-04-04T00:14:14.437920
2026-04-03_16-59-08,1529,-101.43767815930858,200,0,0.014847677195736854,64.35060217278468,50,200,2026-04-04T00:14:16.636150
2026-04-03_16-59-08,1530,-96.99251912240102,200,0,0.015297568801352924,62.369864518050704,50,200,2026-04-04T00:14:19.853855
2026-04-03_16-59-08,1531,-104.22067141443507,200,0,0.014542338320164393,65.76473218982953,50,200,2026-04-04T00:14:22.489193
2026-04-03_16-59-08,1532,-104.16110898674094,200,0,0.014542338320164393,65.76473218982953,50,200,2026-04-04T00:14:25.634772
2026-04-03_16-59-08,1533,-104.23975689631607,200,0,0.014542338320164393,65.76473218982953,50,200,2026-04-04T00:14:28.376123
2026-04-03_16-59-08,1534,-96.11872997018921,200,0,0.015451867499167868,61.71709649683789,50,200,2026-04-04T00:14:31.140264
2026-04-03_16-59-08,1535,-101.32447689986962,200,0,0.014840830370231983,64.38167441127949,50,200,2026-04-04T00:14:34.150241
2026-04-03_16-59-08,1536,-102.82796747868883,200,0,0.014690933476920654,65.06919393998976,50,200,2026-04-04T00:14:37.104725
2026-04-03_16-59-08,1537,-100.66358580152773,200,0,0.014690933476920654,65.06919393998976,50,200,2026-04-04T00:15:39.727536
2026-04-03_16-59-08,1538,-100.03505092929429,200,0,0.014991956837375139,63.702433234531945,50,200,2026-04-04T00:15:42.369045
2026-04-03_16-59-08,1539,-105.5740032338696,200,0,0.014395109419717729,66.46803743153546,50,200,2026-04-04T00:15:45.148228
2026-04-03_16-59-08,1540,-101.46453192083919,200,0,0.014840830370231983,64.38167441127949,50,200,2026-04-04T00:15:47.876862
2026-04-03_16-59-08,1541,-103.94020054108522,200,0,0.014542338320164393,65.76473218982953,50,200,2026-04-04T00:15:50.977026
2026-04-03_16-59-08,1542,-103.8335679569532,200,0,0.014542338320164393,65.76473218982953,50,200,2026-04-04T00:15:54.041426
2026-04-03_16-59-08,1543,-100.14488449177837,200,0,0.014847677195736854,64.35060217278468,50,200,2026-04-04T00:15:57.746965
2026-04-03_16-59-08,1544,-90.96151489091467,200,0,0.01591941320116355,59.81638571495272,50,200,2026-04-04T00:16:01.103904
2026-04-03_16-59-08,1545,-1079.6066009291274,13,0,0.015936305262102914,61.61980201201558,50,200,2026-04-04T00:16:03.754434
2026-04-03_16-59-08,1546,-105.51557452386334,200,0,0.014395109419717729,66.46803743153546,50,200,2026-04-04T00:16:06.770157
2026-04-03_16-59-08,1547,-95.77267256021152,200,0,0.015490702006891422,61.554853586049575,50,200,2026-04-04T00:16:09.361898
2026-04-03_16-59-08,1548,-98.50221454447038,200,0,0.015144232602744119,63.0317380372777,50,200,2026-04-04T00:16:12.207201
2026-04-03_16-59-08,1549,-98.75363198677884,200,0,0.014840830370231983,64.38167441127949,50,200,2026-04-04T00:16:15.977902
2026-04-03_16-59-08,1550,-105.23850315816946,200,0,0.014395109419717729,66.46803743153546,50,200,2026-04-04T00:16:19.084533
2026-04-03_16-59-08,1551,-93.32272178153544,200,0,0.015607021214299889,61.07372593840988,50,200,2026-04-04T00:16:22.906332
2026-04-03_16-59-08,1552,-101.14268250219074,200,0,0.014847677195736854,64.35060217278468,50,200,2026-04-04T00:16:25.850850
2026-04-03_16-59-08,1553,-104.26041384784399,200,0,0.014542338320164393,65.76473218982953,50,200,2026-04-04T00:17:26.601375
2026-04-03_16-59-08,1554,-99.55506884623543,200,0,0.015002553017897154,63.655321851358195,50,200,2026-04-04T00:17:30.002758
2026-04-03_16-59-08,1555,-102.77740786528905,200,0,0.014690933476920654,65.06919393998976,50,200,2026-04-04T00:17:32.723309
2026-04-03_16-59-08,1556,-102.79669845037753,200,0,0.014690933476920654,65.06919393998976,50,200,2026-04-04T00:17:35.785853
2026-04-03_16-59-08,1557,-1056.209632658515,9,0,0.015433900998597429,63.702433234531945,50,200,2026-04-04T00:17:37.987048
2026-04-03_16-59-08,1558,-104.25663601340005,200,0,0.014542338320164393,65.76473218982953,50,200,2026-04-04T00:17:40.428394
2026-04-03_16-59-08,1559,-102.88635017139912,200,0,0.014694251449008376,65.05382386916237,50,200,2026-04-04T00:17:43.657271
2026-04-03_16-59-08,1560,-104.14637777254876,200,0,0.014542338320164393,65.76473218982953,50,200,2026-04-04T00:17:46.326131
2026-04-03_16-59-08,1561,-105.5914973606318,200,0,0.014395109419717729,66.46803743153546,50,200,2026-04-04T00:17:48.826281
2026-04-03_16-59-08,1562,-105.60523578955238,200,0,0.014395109419717729,66.46803743153546,50,200,2026-04-04T00:17:51.500134
2026-04-03_16-59-08,1563,-1080.359946709799,200,0,0.01931816857785835,48.76474136094644,50,200,2026-04-04T00:17:57.294273
2026-04-03_16-59-08,1564,-103.51782357181966,200,0,0.014542338320164393,65.76473218982953,50,200,2026-04-04T00:18:00.169293
2026-04-03_16-59-08,1565,-98.78964964799445,200,0,0.015144232602744119,63.0317380372777,50,200,2026-04-04T00:18:02.697125
2026-04-03_16-59-08,1566,-122.21566162290753,200,0,0.015002553017897154,63.655321851358195,50,200,2026-04-04T00:18:06.432610
2026-04-03_16-59-08,1567,-105.09000222224135,200,0,0.014395109419717729,66.46803743153546,50,200,2026-04-04T00:18:09.556113
2026-04-03_16-59-08,1568,-102.61659644743872,200,0,0.014694251449008376,65.05382386916237,50,200,2026-04-04T00:18:12.565982
2026-04-03_16-59-08,1569,-101.13231913169581,200,0,0.014840830370231983,64.38167441127949,50,200,2026-04-04T00:19:06.549853
2026-04-03_16-59-08,1570,-104.92052186924074,200,0,0.014395109419717729,66.46803743153546,50,200,2026-04-04T00:19:09.853303
2026-04-03_16-59-08,1571,-105.66181342115465,200,0,0.014395109419717729,66.46803743153546,50,200,2026-04-04T00:19:12.291132
2026-04-03_16-59-08,1572,-100.6892921589494,200,0,0.014840830370231983,64.38167441127949,50,200,2026-04-04T00:19:15.185592
2026-04-03_16-59-08,1573,-102.61706881560323,200,0,0.014690933476920654,65.06919393998976,50,200,2026-04-04T00:19:18.086665
2026-04-03_16-59-08,1574,-101.40301769961144,200,0,0.014847677195736854,64.35060217278468,50,200,2026-04-04T00:19:20.883317
2026-04-03_16-59-08,1575,-101.32439547116088,200,0,0.014847677195736854,64.35060217278468,50,200,2026-04-04T00:19:23.703070
2026-04-03_16-59-08,1576,-1116.6550100006043,148,0,0.015624425396842494,61.5223536610881,50,200,2026-04-04T00:19:27.122103
2026-04-03_16-59-08,1577,-102.68952476564647,200,0,0.014690933476920654,65.06919393998976,50,200,2026-04-04T00:19:30.099728
2026-04-03_16-59-08,1578,-101.23123054522446,200,0,0.014694251449008376,65.05382386916237,50,200,2026-04-04T00:19:34.142197
2026-04-03_16-59-08,1579,-93.99163661652116,200,0,0.015490702006891422,61.554853586049575,50,200,2026-04-04T00:19:38.232991
2026-04-03_16-59-08,1580,-1100.1282880547487,41,0,0.015698674367035786,62.289646009589745,50,200,2026-04-04T00:19:40.539935
2026-04-03_16-59-08,1581,-98.63663349509736,200,0,0.014991956837375139,63.702433234531945,50,200,2026-04-04T00:19:44.326973
2026-04-03_16-59-08,1582,-103.97747773593508,200,0,0.014542338320164393,65.76473218982953,50,200,2026-04-04T00:19:47.196112
2026-04-03_16-59-08,1583,-102.86406261173985,200,0,0.014690933476920654,65.06919393998976,50,200,2026-04-04T00:19:49.490444
2026-04-03_16-59-08,1584,-105.67807302236446,200,0,0.014395109419717729,66.46803743153546,50,200,2026-04-04T00:19:51.733516
2026-04-03_16-59-08,1585,-101.28423993225725,200,0,0.014847677195736854,64.35060217278468,50,200,2026-04-04T00:20:48.951686
2026-04-03_16-59-08,1586,-97.23851344866685,200,0,0.015297568801352924,62.369864518050704,50,200,2026-04-04T00:20:52.070349
2026-04-03_16-59-08,1587,-99.4637369633821,200,0,0.014991956837375139,63.702433234531945,50,200,2026-04-04T00:20:55.744836
2026-04-03_16-59-08,1588,-102.84964589761827,200,0,0.014694251449008376,65.05382386916237,50,200,2026-04-04T00:20:58.497408
2026-04-03_16-59-08,1589,-101.91126053834833,200,0,0.014690933476920654,65.06919393998976,50,200,2026-04-04T00:21:02.336626
2026-04-03_16-59-08,1590,-2357.4010857960516,200,0,0.01591941320116355,59.81638571495272,50,200,2026-04-04T00:21:06.012552
2026-04-03_16-59-08,1591,-111.98965290219265,200,0,0.014542338320164393,65.76473218982953,50,200,2026-04-04T00:21:09.395445
2026-04-03_16-59-08,1592,-86.02301156668057,200,0,0.01639112635551034,58.008620049092706,50,200,2026-04-04T00:21:13.115229
2026-04-03_16-59-08,1593,-103.77115769149987,200,0,0.014542338320164393,65.76473218982953,50,200,2026-04-04T00:21:16.388489
2026-04-03_16-59-08,1594,-98.2743747515892,200,0,0.015144232602744119,63.0317380372777,50,200,2026-04-04T00:21:19.718210
2026-04-03_16-59-08,1595,-105.60698897932056,200,0,0.014395109419717729,66.46803743153546,50,200,2026-04-04T00:21:22.257340
2026-04-03_16-59-08,1596,-103.91338473730826,200,0,0.014542338320164393,65.76473218982953,50,200,2026-04-04T00:21:25.251836
2026-04-03_16-59-08,1597,-102.71218556363202,200,0,0.014690933476920654,65.06919393998976,50,200,2026-04-04T00:21:27.928833
2026-04-03_16-59-08,1598,-98.49316141879203,200,0,0.015144232602744119,63.0317380372777,50,200,2026-04-04T00:21:30.857090
2026-04-03_16-59-08,1599,-104.2294121300349,200,0,0.014542338320164393,65.76473218982953,50,200,2026-04-04T00:21:33.435573
2026-04-03_16-59-08,1600,-102.23031896056432,200,0,0.014690933476920654,65.06919393998976,50,200,2026-04-04T00:21:37.012084
2026-04-03_16-59-08,1601,-1117.7706790702316,92,0,0.01590356014548789,60.959002616512684,50,200,2026-04-04T00:22:34.847552
2026-04-03_16-59-08,1602,-99.9989279795849,200,0,0.014991956837375139,63.702433234531945,50,200,2026-04-04T00:22:38.056605
2026-04-03_16-59-08,1603,-102.75444246465928,200,0,0.014690933476920654,65.06919393998976,50,200,2026-04-04T00:22:40.756354
2026-04-03_16-59-08,1604,-96.12062348566013,200,0,0.015451867499167868,61.71709649683789,50,200,2026-04-04T00:22:43.672818
2026-04-03_16-59-08,1605,-104.09444762619842,200,0,0.014542338320164393,65.76473218982953,50,200,2026-04-04T00:22:46.541250
2026-04-03_16-59-08,1606,-103.97047716432556,200,0,0.014542338320164393,65.76473218982953,50,200,2026-04-04T00:22:49.594340
2026-04-03_16-59-08,1607,-100.88109573510303,200,0,0.014840830370231983,64.38167441127949,50,200,2026-04-04T00:22:52.556863
2026-04-03_16-59-08,1608,-1459.7428275371835,35,0,0.015856128719198906,61.71709649683789,50,200,2026-04-04T00:22:55.465890
2026-04-03_16-59-08,1609,-101.48474687801475,200,0,0.014840830370231983,64.38167441127949,50,200,2026-04-04T00:22:58.053071
2026-04-03_16-59-08,1610,-101.4595632641081,200,0,0.014840830370231983,64.38167441127949,50,200,2026-04-04T00:23:00.517493
2026-04-03_16-59-08,1611,-102.84415411102034,200,0,0.014690933476920654,65.06919393998976,50,200,2026-04-04T00:23:03.052139
2026-04-03_16-59-08,1612,-98.57905535838837,200,0,0.015158808383651329,62.96824596572466,50,200,2026-04-04T00:23:05.836034
2026-04-03_16-59-08,1613,-105.64736543966607,200,0,0.014395109419717729,66.46803743153546,50,200,2026-04-04T00:23:08.318361
2026-04-03_16-59-08,1614,-105.47964896826194,200,0,0.014395109419717729,66.46803743153546,50,200,2026-04-04T00:23:11.119222
2026-04-03_16-59-08,1615,-105.40519668480538,200,0,0.014395109419717729,66.46803743153546,50,200,2026-04-04T00:23:13.954777
2026-04-03_16-59-08,1616,-98.03800698205316,200,0,0.015144232602744119,63.0317380372777,50,200,2026-04-04T00:23:17.183039
2026-04-03_16-59-08,1617,-104.2606634569737,200,0,0.014542338320164393,65.76473218982953,50,200,2026-04-04T00:24:10.397607
2026-04-03_16-59-08,1618,-103.79274336676448,200,0,0.014542338320164393,65.76473218982953,50,200,2026-04-04T00:24:13.611829
2026-04-03_16-59-08,1619,-98.79592244472097,200,0,0.015144232602744119,63.0317380372777,50,200,2026-04-04T00:24:16.136089
2026-04-03_16-59-08,1620,-104.26593819339828,200,0,0.014542338320164393,65.76473218982953,50,200,2026-04-04T00:24:18.461533
2026-04-03_16-59-08,1621,-101.39210042331356,200,0,0.014847677195736854,64.35060217278468,50,200,2026-04-04T00:24:21.180973
2026-04-03_16-59-08,1622,-97.29510888139079,200,0,0.01531636424944194,62.289646009589745,50,200,2026-04-04T00:24:23.800298
2026-04-03_16-59-08,1623,-104.2606634569737,200,0,0.014542338320164393,65.76473218982953,50,200,2026-04-04T00:24:26.179456
2026-04-03_16-59-08,1624,-104.2659381933983,200,0,0.014542338320164393,65.76473218982953,50,200,2026-04-04T00:24:28.600230
2026-04-03_16-59-08,1625,-105.67807302236446,200,0,0.014395109419717729,66.46803743153546,50,200,2026-04-04T00:24:30.820564
2026-04-03_16-59-08,1626,-105.6572233092151,200,0,0.014395109419717729,66.46803743153546,50,200,2026-04-04T00:24:33.403966
2026-04-03_16-59-08,1627,-102.39670384812712,200,0,0.014694251449008376,65.05382386916237,50,200,2026-04-04T00:24:36.582483
2026-04-03_16-59-08,1628,-105.35994556589742,200,0,0.014395109419717729,66.46803743153546,50,200,2026-04-04T00:24:39.894038
2026-04-03_16-59-08,1629,-104.26066345697369,200,0,0.014542338320164393,65.76473218982953,50,200,2026-04-04T00:24:42.328023
2026-04-03_16-59-08,1630,-116.97276126521858,200,0,0.01531636424944194,62.289646009589745,50,200,2026-04-04T00:24:45.483239
2026-04-03_16-59-08,1631,-105.12353393816748,200,0,0.014395109419717729,66.46803743153546,50,200,2026-04-04T00:24:48.573324
2026-04-03_16-59-08,1632,-105.67807302236446,200,0,0.014395109419717729,66.46803743153546,50,200,2026-04-04T00:24:50.833057
2026-04-03_16-59-08,1633,-102.79965589459992,200,0,0.014690933476920654,65.06919393998976,50,200,2026-04-04T00:25:51.199224
2026-04-03_16-59-08,1634,-101.81066936206652,200,0,0.014694251449008376,65.05382386916237,50,200,2026-04-04T00:25:55.114200
2026-04-03_16-59-08,1635,-104.95969392584331,200,0,0.014395109419717729,66.46803743153546,50,200,2026-04-04T00:25:58.460784
2026-04-03_16-59-08,1636,-105.67807302236446,200,0,0.014395109419717729,66.46803743153546,50,200,2026-04-04T00:26:00.957546
2026-04-03_16-59-08,1637,-105.62336777252725,200,0,0.014395109419717729,66.46803743153546,50,200,2026-04-04T00:26:03.647739
2026-04-03_16-59-08,1638,-100.01497090957074,200,0,0.015002553017897154,63.655321851358195,50,200,2026-04-04T00:26:06.301449
2026-04-03_16-59-08,1639,-103.95710799614234,200,0,0.014542338320164393,65.76473218982953,50,200,2026-04-04T00:26:09.224470
2026-04-03_16-59-08,1640,-105.64524038449176,200,0,0.014395109419717729,66.46803743153546,50,200,2026-04-04T00:26:11.562341
2026-04-03_16-59-08,1641,-101.39085709554928,200,0,0.014840830370231983,64.38167441127949,50,200,2026-04-04T00:26:14.349549
2026-04-03_16-59-08,1642,-102.87511130284845,200,0,0.014690933476920654,65.06919393998976,50,200,2026-04-04T00:26:16.553437
2026-04-03_16-59-08,1643,-105.65063848372017,200,0,0.014395109419717729,66.46803743153546,50,200,2026-04-04T00:26:18.941417
2026-04-03_16-59-08,1644,-102.83719074109766,200,0,0.014690933476920654,65.06919393998976,50,200,2026-04-04T00:26:21.526304
2026-04-03_16-59-08,1645,-101.40901063261572,200,0,0.014840830370231983,64.38167441127949,50,200,2026-04-04T00:26:24.337356
2026-04-03_16-59-08,1646,-103.88011686105368,200,0,0.014542338320164393,65.76473218982953,50,200,2026-04-04T00:26:27.137721
2026-04-03_16-59-08,1647,-1064.2968438615153,37,0,0.015550533377009231,62.93647591023825,50,200,2026-04-04T00:26:29.538830
2026-04-03_16-59-08,1648,-104.07810945842506,200,0,0.014542338320164393,65.76473218982953,50,200,2026-04-04T00:26:32.464709
2026-04-03_16-59-08,1649,-105.46536003585044,200,0,0.014395109419717729,66.46803743153546,50,200,2026-04-04T00:27:25.602234
2026-04-03_16-59-08,1650,-102.73509812131145,200,0,0.014694251449008376,65.05382386916237,50,200,2026-04-04T00:27:28.322098
2026-04-03_16-59-08,1651,-102.74166898463298,200,0,0.014690933476920654,65.06919393998976,50,200,2026-04-04T00:27:31.203270
2026-04-03_16-59-08,1652,-105.6228866502789,200,0,0.014395109419717729,66.46803743153546,50,200,2026-04-04T00:27:34.103677
2026-04-03_16-59-08,1653,-104.24658538186577,200,0,0.014542338320164393,65.76473218982953,50,200,2026-04-04T00:27:36.545712
2026-04-03_16-59-08,1654,-102.20371059968896,200,0,0.014690933476920654,65.06919393998976,50,200,2026-04-04T00:27:39.946172
2026-04-03_16-59-08,1655,-102.87033540828449,200,0,0.014690933476920654,65.06919393998976,50,200,2026-04-04T00:27:42.470874
2026-04-03_16-59-08,1656,-105.66324649681192,200,0,0.014395109419717729,66.46803743153546,50,200,2026-04-04T00:27:44.734497
2026-04-03_16-59-08,1657,-102.83756928570732,200,0,0.014690933476920654,65.06919393998976,50,200,2026-04-04T00:27:47.452123
2026-04-03_16-59-08,1658,-105.65666762021002,200,0,0.014395109419717729,66.46803743153546,50,200,2026-04-04T00:27:49.979249
2026-04-03_16-59-08,1659,-104.23428939827004,200,0,0.014542338320164393,65.76473218982953,50,200,2026-04-04T00:27:52.547766
2026-04-03_16-59-08,1660,-104.2457800835491,200,0,0.014542338320164393,65.76473218982953,50,200,2026-04-04T00:27:55.001529
2026-04-03_16-59-08,1661,-102.50489380321328,200,0,0.014690933476920654,65.06919393998976,50,200,2026-04-04T00:27:58.011383
2026-04-03_16-59-08,1662,-100.04040838348145,200,0,0.014991956837375139,63.702433234531945,50,200,2026-04-04T00:28:01.014655
2026-04-03_16-59-08,1663,-1070.5611048092508,58,0,0.01579851297049552,61.71709649683789,50,200,2026-04-04T00:28:03.665591
2026-04-03_16-59-08,1664,-100.08803750649469,200,0,0.014991956837375139,63.702433234531945,50,200,2026-04-04T00:28:06.502636
2026-04-03_16-59-08,1665,-100.88733561098611,200,0,0.014840830370231983,64.38167441127949,50,200,2026-04-04T00:29:05.556072
2026-04-03_16-59-08,1666,-104.27146253895259,200,0,0.014542338320164393,65.76473218982953,50,200,2026-04-04T00:29:07.888312
2026-04-03_16-59-08,1667,-104.27146253895259,200,0,0.014542338320164393,65.76473218982953,50,200,2026-04-04T00:29:10.038699
2026-04-03_16-59-08,1668,-104.20701042866412,200,0,0.014542338320164393,65.76473218982953,50,200,2026-04-04T00:29:12.668855
2026-04-03_16-59-08,1669,-101.47872331401916,200,0,0.014840830370231983,64.38167441127949,50,200,2026-04-04T00:29:15.068644
2026-04-03_16-59-08,1670,-104.27146253895259,200,0,0.014542338320164393,65.76473218982953,50,200,2026-04-04T00:29:17.202068
2026-04-03_16-59-08,1671,-102.87561014470907,200,0,0.014690933476920654,65.06919393998976,50,200,2026-04-04T00:29:19.485365
2026-04-03_16-59-08,1672,-105.66752354951527,200,0,0.014395109419717729,66.46803743153546,50,200,2026-04-04T00:29:21.962965
2026-04-03_16-59-08,1673,-105.67254867681015,200,0,0.014395109419717729,66.46803743153546,50,200,2026-04-04T00:29:24.202661
2026-04-03_16-59-08,1674,-104.266187802528,200,0,0.014542338320164393,65.76473218982953,50,200,2026-04-04T00:29:26.822235
2026-04-03_16-59-08,1675,-105.67807302236446,200,0,0.014395109419717729,66.46803743153546,50,200,2026-04-04T00:29:29.140402
2026-04-03_16-59-08,1676,-104.11616336787228,200,0,0.014542338320164393,65.76473218982953,50,200,2026-04-04T00:29:32.115699
2026-04-03_16-59-08,1677,-101.40182687859756,200,0,0.014847677195736854,64.35060217278468,50,200,2026-04-04T00:29:34.836986
2026-04-03_16-59-08,1678,-104.1313806336796,200,0,0.014542338320164393,65.76473218982953,50,200,2026-04-04T00:29:37.951715
2026-04-03_16-59-08,1679,-104.2609130661034,200,0,0.014542338320164393,65.76473218982953,50,200,2026-04-04T00:29:40.209302
2026-04-03_16-59-08,1680,-107.1694679083302,200,0,0.014395109419717729,66.46803743153546,50,200,2026-04-04T00:29:42.434458
2026-04-03_16-59-08,1681,-105.60186959529877,200,0,0.014395109419717729,66.46803743153546,50,200,2026-04-04T00:30:37.471370
2026-04-03_16-59-08,1682,-105.60326997357308,200,0,0.014395109419717729,66.46803743153546,50,200,2026-04-04T00:30:39.951570
2026-04-03_16-59-08,1683,-102.79991017976155,200,0,0.014690933476920654,65.06919393998976,50,200,2026-04-04T00:30:42.524549
2026-04-03_16-59-08,1684,-102.85878787531526,200,0,0.014690933476920654,65.06919393998976,50,200,2026-04-04T00:30:44.988059
2026-04-03_16-59-08,1685,-104.1733520473299,200,0,0.014542338320164393,65.76473218982953,50,200,2026-04-04T00:30:47.944383
2026-04-03_16-59-08,1686,-104.27146253895259,200,0,0.014542338320164393,65.76473218982953,50,200,2026-04-04T00:30:50.107551
2026-04-03_16-59-08,1687,-105.58551103582654,200,0,0.014395109419717729,66.46803743153546,50,200,2026-04-04T00:30:52.855160
2026-04-03_16-59-08,1688,-105.47598537971206,200,0,0.014395109419717729,66.46803743153546,50,200,2026-04-04T00:30:55.815274
2026-04-03_16-59-08,1689,-105.66802239137589,200,0,0.014395109419717729,66.46803743153546,50,200,2026-04-04T00:30:58.180557
2026-04-03_16-59-08,1690,-105.66274765495129,200,0,0.014395109419717729,66.46803743153546,50,200,2026-04-04T00:31:00.553324
2026-04-03_16-59-08,1691,-100.03631843447673,200,0,0.015002553017897154,63.655321851358195,50,200,2026-04-04T00:31:02.964013
2026-04-03_16-59-08,1692,-104.27146253895259,200,0,0.014542338320164393,65.76473218982953,50,200,2026-04-04T00:31:05.129503
2026-04-03_16-59-08,1693,-104.2391291193393,200,0,0.014542338320164393,65.76473218982953,50,200,2026-04-04T00:31:07.655801
2026-04-03_16-59-08,1694,-102.83313668727877,200,0,0.014694251449008376,65.05382386916237,50,200,2026-04-04T00:31:09.926540
2026-04-03_16-59-08,1695,-104.27146253895259,200,0,0.014542338320164393,65.76473218982953,50,200,2026-04-04T00:31:12.160477
2026-04-03_16-59-08,1696,-103.49703914812551,200,0,0.014690933476920654,65.06919393998976,50,200,2026-04-04T00:31:14.429572
2026-04-03_16-59-08,1697,-104.1192890737448,200,0,0.014542338320164393,65.76473218982953,50,200,2026-04-04T00:32:15.730442
2026-04-03_16-59-08,1698,-105.67807302236446,200,0,0.014395109419717729,66.46803743153546,50,200,2026-04-04T00:32:17.869826
2026-04-03_16-59-08,1699,-104.27146253895259,200,0,0.014542338320164393,65.76473218982953,50,200,2026-04-04T00:32:20.181768
2026-04-03_16-59-08,1700,-105.66702433125586,200,0,0.014395109419717729,66.46803743153546,50,200,2026-04-04T00:32:22.441968
2026-04-03_16-59-08,1701,-104.27146253895259,200,0,0.014542338320164393,65.76473218982953,50,200,2026-04-04T00:32:24.710139
2026-04-03_16-59-08,1702,-105.52052324394674,200,0,0.014395109419717729,66.46803743153546,50,200,2026-04-04T00:32:27.779244
2026-04-03_16-59-08,1703,-105.61226260939965,200,0,0.014395109419717729,66.46803743153546,50,200,2026-04-04T00:32:30.423293
2026-04-03_16-59-08,1704,-104.2184027332568,200,0,0.014542338320164393,65.76473218982953,50,200,2026-04-04T00:32:33.151595
2026-04-03_16-59-08,1705,-102.84302711596608,200,0,0.014690933476920654,65.06919393998976,50,200,2026-04-04T00:32:35.954692
2026-04-03_16-59-08,1706,-101.35472956727217,200,0,0.014840830370231983,64.38167441127949,50,200,2026-04-04T00:32:38.631122
2026-04-03_16-59-08,1707,-105.53916735925472,200,0,0.014395109419717729,66.46803743153546,50,200,2026-04-04T00:32:41.342067
2026-04-03_16-59-08,1708,-104.24477645129863,200,0,0.014542338320164393,65.76473218982953,50,200,2026-04-04T00:32:43.972786
2026-04-03_16-59-08,1709,-105.65697370008539,200,0,0.014395109419717729,66.46803743153546,50,200,2026-04-04T00:32:46.502152
2026-04-03_16-59-08,1710,-104.27146253895259,200,0,0.014542338320164393,65.76473218982953,50,200,2026-04-04T00:32:48.662381
2026-04-03_16-59-08,1711,-105.63060662019686,200,0,0.014395109419717729,66.46803743153546,50,200,2026-04-04T00:32:51.310432
2026-04-03_16-59-08,1712,-1124.0129692494986,21,0,0.015728249935419318,62.369864518050704,50,200,2026-04-04T00:32:53.745349
2026-04-03_16-59-08,1713,-102.83909642476908,200,0,0.014694251449008376,65.05382386916237,50,200,2026-04-04T00:33:46.064519
2026-04-03_16-59-08,1714,-102.8354253403671,200,0,0.014690933476920654,65.06919393998976,50,200,2026-04-04T00:33:48.835139
2026-04-03_16-59-08,1715,-105.42377667041421,200,0,0.014395109419717729,66.46803743153546,50,200,2026-04-04T00:33:51.872657
2026-04-03_16-59-08,1716,-105.66696191125334,200,0,0.014395109419717729,66.46803743153546,50,200,2026-04-04T00:33:54.198030
2026-04-03_16-59-08,1717,-105.67254867681015,200,0,0.014395109419717729,66.46803743153546,50,200,2026-04-04T00:33:56.358578
2026-04-03_16-59-08,1718,-105.67807302236446,200,0,0.014395109419717729,66.46803743153546,50,200,2026-04-04T00:33:58.671934
2026-04-03_16-59-08,1719,-104.26593819339828,200,0,0.014542338320164393,65.76473218982953,50,200,2026-04-04T00:34:00.982514
2026-04-03_16-59-08,1720,-105.67807302236446,200,0,0.014395109419717729,66.46803743153546,50,200,2026-04-04T00:34:03.251508
2026-04-03_16-59-08,1721,-105.6514493545311,200,0,0.014395109419717729,66.46803743153546,50,200,2026-04-04T00:34:05.870458
2026-04-03_16-59-08,1722,-105.5845980699436,200,0,0.014395109419717729,66.46803743153546,50,200,2026-04-04T00:34:08.629115
2026-04-03_16-59-08,1723,-104.25713485471498,200,0,0.014542338320164393,65.76473218982953,50,200,2026-04-04T00:34:10.995103
2026-04-03_16-59-08,1724,-105.67807302236446,200,0,0.014395109419717729,66.46803743153546,50,200,2026-04-04T00:34:13.234037
2026-04-03_16-59-08,1725,-105.67807302236446,200,0,0.014395109419717729,66.46803743153546,50,200,2026-04-04T00:34:15.565445
2026-04-03_16-59-08,1726,-104.266187802528,200,0,0.014542338320164393,65.76473218982953,50,200,2026-04-04T00:34:17.741997
2026-04-03_16-59-08,1727,-105.64258954564781,200,0,0.014395109419717729,66.46803743153546,50,200,2026-04-04T00:34:20.172518
2026-04-03_16-59-08,1728,-105.6624980458216,200,0,0.014395109419717729,66.46803743153546,50,200,2026-04-04T00:34:22.730073
2026-04-03_16-59-08,1729,-104.27146253895259,200,0,0.014542338320164393,65.76473218982953,50,200,2026-04-04T00:35:23.352460
2026-04-03_16-59-08,1730,-102.88038603927305,200,0,0.014690933476920654,65.06919393998976,50,200,2026-04-04T00:35:25.583152
2026-04-03_16-59-08,1731,-105.67807302236446,200,0,0.014395109419717729,66.46803743153546,50,200,2026-04-04T00:35:27.976273
2026-04-03_16-59-08,1732,-105.67279828593986,200,0,0.014395109419717729,66.46803743153546,50,200,2026-04-04T00:35:30.573153
2026-04-03_16-59-08,1733,-105.67807302236446,200,0,0.014395109419717729,66.46803743153546,50,200,2026-04-04T00:35:32.974400
2026-04-03_16-59-08,1734,-105.63424142144481,200,0,0.014395109419717729,66.46803743153546,50,200,2026-04-04T00:35:35.391794
2026-04-03_16-59-08,1735,-105.65101433917576,200,0,0.014395109419717729,66.46803743153546,50,200,2026-04-04T00:35:37.799897
2026-04-03_16-59-08,1736,-107.83702011628397,200,0,0.014395109419717729,66.46803743153546,50,200,2026-04-04T00:35:40.087470
2026-04-03_16-59-08,1737,-105.67807302236446,200,0,0.014395109419717729,66.46803743153546,50,200,2026-04-04T00:35:42.021753
2026-04-03_16-59-08,1738,-104.27146253895259,200,0,0.014542338320164393,65.76473218982953,50,200,2026-04-04T00:35:44.163924
2026-04-03_16-59-08,1739,-104.266187802528,200,0,0.014542338320164393,65.76473218982953,50,200,2026-04-04T00:35:46.394056
2026-04-03_16-59-08,1740,-105.67807302236446,200,0,0.014395109419717729,66.46803743153546,50,200,2026-04-04T00:35:48.421936
2026-04-03_16-59-08,1741,-105.66249804582161,200,0,0.014395109419717729,66.46803743153546,50,200,2026-04-04T00:35:50.885626
2026-04-03_16-59-08,1742,-105.67807302236446,200,0,0.014395109419717729,66.46803743153546,50,200,2026-04-04T00:35:52.962762
2026-04-03_16-59-08,1743,-104.27146253895259,200,0,0.014542338320164393,65.76473218982953,50,200,2026-04-04T00:35:55.371036
2026-04-03_16-59-08,1744,-105.65741607120034,200,0,0.014395109419717729,66.46803743153546,50,200,2026-04-04T00:35:57.751923
2026-04-03_16-59-08,1745,-105.66702433125586,200,0,0.014395109419717729,66.46803743153546,50,200,2026-04-04T00:36:54.114100
2026-04-03_16-59-08,1746,-105.67807302236446,200,0,0.014395109419717729,66.46803743153546,50,200,2026-04-04T00:36:56.226722
2026-04-03_16-59-08,1747,-104.27146253895259,200,0,0.014542338320164393,65.76473218982953,50,200,2026-04-04T00:36:58.382991
2026-04-03_16-59-08,1748,-105.67807302236446,200,0,0.014395109419717729,66.46803743153546,50,200,2026-04-04T00:37:00.611199
2026-04-03_16-59-08,1749,-104.27146253895259,200,0,0.014542338320164393,65.76473218982953,50,200,2026-04-04T00:37:02.999279
2026-04-03_16-59-08,1750,-105.67807302236446,200,0,0.014395109419717729,66.46803743153546,50,200,2026-04-04T00:37:06.305200
2026-04-03_16-59-08,1751,-105.75714289506224,200,0,0.014395109419717729,66.46803743153546,50,200,2026-04-04T00:37:09.459889
2026-04-03_16-59-08,1752,-105.67807302236446,200,0,0.014395109419717729,66.46803743153546,50,200,2026-04-04T00:37:14.480165
2026-04-03_16-59-08,1753,-105.67279828593986,200,0,0.014395109419717729,66.46803743153546,50,200,2026-04-04T00:37:18.940716
2026-04-03_16-59-08,1754,-105.67807302236446,200,0,0.014395109419717729,66.46803743153546,50,200,2026-04-04T00:37:21.846747
2026-04-03_16-59-08,1755,-105.67254867681015,200,0,0.014395109419717729,66.46803743153546,50,200,2026-04-04T00:37:24.967714
2026-04-03_16-59-08,1756,-105.67254867681015,200,0,0.014395109419717729,66.46803743153546,50,200,2026-04-04T00:37:27.744511
2026-04-03_16-59-08,1757,-102.88038603927305,200,0,0.014690933476920654,65.06919393998976,50,200,2026-04-04T00:37:30.093441
2026-04-03_16-59-08,1758,-105.67807302236446,200,0,0.014395109419717729,66.46803743153546,50,200,2026-04-04T00:37:32.500105
2026-04-03_16-59-08,1759,-105.67807302236446,200,0,0.014395109419717729,66.46803743153546,50,200,2026-04-04T00:37:34.743667
2026-04-03_16-59-08,1760,-105.67254867681015,200,0,0.014395109419717729,66.46803743153546,50,200,2026-04-04T00:37:37.239939
2026-04-03_16-59-08,1761,-105.67807302236446,200,0,0.014395109419717729,66.46803743153546,50,200,2026-04-04T00:38:41.869794
2026-04-03_16-59-08,1762,-105.67807302236446,200,0,0.014395109419717729,66.46803743153546,50,200,2026-04-04T00:38:44.161932
2026-04-03_16-59-08,1763,-105.67254867681015,200,0,0.014395109419717729,66.46803743153546,50,200,2026-04-04T00:38:46.318473
2026-04-03_16-59-08,1764,-105.67807302236446,200,0,0.014395109419717729,66.46803743153546,50,200,2026-04-04T00:38:48.310049
2026-04-03_16-59-08,1765,-105.66149998570157,200,0,0.014395109419717729,66.46803743153546,50,200,2026-04-04T00:38:50.587283
2026-04-03_16-59-08,1766,-105.65628907560036,200,0,0.014395109419717729,66.46803743153546,50,200,2026-04-04T00:38:53.062169
2026-04-03_16-59-08,1767,-105.67807302236446,200,0,0.014395109419717729,66.46803743153546,50,200,2026-04-04T00:38:55.463528
2026-04-03_16-59-08,1768,-104.24390463750449,200,0,0.014542338320164393,65.76473218982953,50,200,2026-04-04T00:38:57.855084
2026-04-03_16-59-08,1769,-105.67807302236446,200,0,0.014395109419717729,66.46803743153546,50,200,2026-04-04T00:39:00.068935
2026-04-03_16-59-08,1770,-102.84964589761827,200,0,0.014694251449008376,65.05382386916237,50,200,2026-04-04T00:39:02.061399
2026-04-03_16-59-08,1771,-105.67807302236446,200,0,0.014395109419717729,66.46803743153546,50,200,2026-04-04T00:39:04.123644
2026-04-03_16-59-08,1772,-105.67807302236446,200,0,0.014395109419717729,66.46803743153546,50,200,2026-04-04T00:39:06.254350
2026-04-03_16-59-08,1773,-104.27146253895259,200,0,0.014542338320164393,65.76473218982953,50,200,2026-04-04T00:39:08.328581
2026-04-03_16-59-08,1774,-105.67807302236446,200,0,0.014395109419717729,66.46803743153546,50,200,2026-04-04T00:39:10.313310
2026-04-03_16-59-08,1775,-105.67807302236446,200,0,0.014395109419717729,66.46803743153546,50,200,2026-04-04T00:39:12.517432
2026-04-03_16-59-08,1776,-104.26593819339828,200,0,0.014542338320164393,65.76473218982953,50,200,2026-04-04T00:39:14.633767
2026-04-03_16-59-08,1777,-104.27146253895259,200,0,0.014542338320164393,65.76473218982953,50,200,2026-04-04T00:40:19.417789
2026-04-03_16-59-08,1778,-102.88038603927305,200,0,0.014690933476920654,65.06919393998976,50,200,2026-04-04T00:40:21.491248
2026-04-03_16-59-08,1779,-105.67279828593986,200,0,0.014395109419717729,66.46803743153546,50,200,2026-04-04T00:40:23.913412
2026-04-03_16-59-08,1780,-105.67807302236446,200,0,0.014395109419717729,66.46803743153546,50,200,2026-04-04T00:40:26.059416
2026-04-03_16-59-08,1781,-105.67807302236446,200,0,0.014395109419717729,66.46803743153546,50,200,2026-04-04T00:40:28.267564
2026-04-03_16-59-08,1782,-105.67807302236446,200,0,0.014395109419717729,66.46803743153546,50,200,2026-04-04T00:40:30.441119
2026-04-03_16-59-08,1783,-105.67807302236446,200,0,0.014395109419717729,66.46803743153546,50,200,2026-04-04T00:40:32.554140
2026-04-03_16-59-08,1784,-105.67807302236446,200,0,0.014395109419717729,66.46803743153546,50,200,2026-04-04T00:40:34.759231
2026-04-03_16-59-08,1785,-104.27146253895259,200,0,0.014542338320164393,65.76473218982953,50,200,2026-04-04T00:40:36.816363
2026-04-03_16-59-08,1786,-104.27146253895259,200,0,0.014542338320164393,65.76473218982953,50,200,2026-04-04T00:40:39.147295
2026-04-03_16-59-08,1787,-105.67807302236446,200,0,0.014395109419717729,66.46803743153546,50,200,2026-04-04T00:40:41.351279
2026-04-03_16-59-08,1788,-104.27146253895259,200,0,0.014542338320164393,65.76473218982953,50,200,2026-04-04T00:40:43.426033
2026-04-03_16-59-08,1789,-105.67807302236446,200,0,0.014395109419717729,66.46803743153546,50,200,2026-04-04T00:40:45.477427
2026-04-03_16-59-08,1790,-105.67807302236446,200,0,0.014395109419717729,66.46803743153546,50,200,2026-04-04T00:40:47.474833
2026-04-03_16-59-08,1791,-104.27146253895259,200,0,0.014542338320164393,65.76473218982953,50,200,2026-04-04T00:40:49.718381
2026-04-03_16-59-08,1792,-113.11226577077008,200,0,0.014395109419717729,66.46803743153546,50,200,2026-04-04T00:40:51.712723
2026-04-03_16-59-08,1793,-105.67807302236446,200,0,0.014395109419717729,66.46803743153546,50,200,2026-04-04T00:41:45.701682
2026-04-03_16-59-08,1794,-105.67807302236446,200,0,0.014395109419717729,66.46803743153546,50,200,2026-04-04T00:41:47.730976
2026-04-03_16-59-08,1795,-102.88038603927305,200,0,0.014690933476920654,65.06919393998976,50,200,2026-04-04T00:41:49.806061
2026-04-03_16-59-08,1796,-105.67807302236446,200,0,0.014395109419717729,66.46803743153546,50,200,2026-04-04T00:41:51.848671
2026-04-03_16-59-08,1797,-102.84964589761827,200,0,0.014694251449008376,65.05382386916237,50,200,2026-04-04T00:41:54.007429
2026-04-03_16-59-08,1798,-104.27146253895259,200,0,0.014542338320164393,65.76473218982953,50,200,2026-04-04T00:41:56.093883
2026-04-03_16-59-08,1799,-105.67807302236446,200,0,0.014395109419717729,66.46803743153546,50,200,2026-04-04T00:41:58.358645
2026-04-03_16-59-08,1800,-104.27146253895259,200,0,0.014542338320164393,65.76473218982953,50,200,2026-04-04T00:42:00.259232
2026-04-03_16-59-08,1801,-104.27146253895259,200,0,0.014542338320164393,65.76473218982953,50,200,2026-04-04T00:42:02.362509
2026-04-03_16-59-08,1802,-104.27146253895259,200,0,0.014542338320164393,65.76473218982953,50,200,2026-04-04T00:42:04.730265
2026-04-03_16-59-08,1803,-104.2659381933983,200,0,0.014542338320164393,65.76473218982953,50,200,2026-04-04T00:42:07.078554
2026-04-03_16-59-08,1804,-105.67807302236446,200,0,0.014395109419717729,66.46803743153546,50,200,2026-04-04T00:42:09.130852
2026-04-03_16-59-08,1805,-105.67807302236446,200,0,0.014395109419717729,66.46803743153546,50,200,2026-04-04T00:42:11.128560
2026-04-03_16-59-08,1806,-105.67807302236446,200,0,0.014395109419717729,66.46803743153546,50,200,2026-04-04T00:42:13.184478
2026-04-03_16-59-08,1807,-102.88038603927305,200,0,0.014690933476920654,65.06919393998976,50,200,2026-04-04T00:42:15.089621
2026-04-03_16-59-08,1808,-105.67807302236446,200,0,0.014395109419717729,66.46803743153546,50,200,2026-04-04T00:42:17.221128
2026-04-03_16-59-08,1809,-102.88038603927305,200,0,0.014690933476920654,65.06919393998976,50,200,2026-04-04T00:43:17.769607
2026-04-03_16-59-08,1810,-104.27146253895259,200,0,0.014542338320164393,65.76473218982953,50,200,2026-04-04T00:43:19.944439
2026-04-03_16-59-08,1811,-105.67807302236446,200,0,0.014395109419717729,66.46803743153546,50,200,2026-04-04T00:43:22.117867
2026-04-03_16-59-08,1812,-105.67807302236446,200,0,0.014395109419717729,66.46803743153546,50,200,2026-04-04T00:43:24.393995
2026-04-03_16-59-08,1813,-104.24936656305627,200,0,0.014542338320164393,65.76473218982953,50,200,2026-04-04T00:43:26.967849
2026-04-03_16-59-08,1814,-104.27146253895259,200,0,0.014542338320164393,65.76473218982953,50,200,2026-04-04T00:43:28.942417
2026-04-03_16-59-08,1815,-102.88038603927305,200,0,0.014690933476920654,65.06919393998976,50,200,2026-04-04T00:43:31.032807
2026-04-03_16-59-08,1816,-105.67807302236446,200,0,0.014395109419717729,66.46803743153546,50,200,2026-04-04T00:43:33.262873
2026-04-03_16-59-08,1817,-104.27146253895259,200,0,0.014542338320164393,65.76473218982953,50,200,2026-04-04T00:43:35.422696
2026-04-03_16-59-08,1818,-1063.1724595258347,2,0,0.014973482219822204,65.76473218982953,50,200,2026-04-04T00:43:37.264639
2026-04-03_16-59-08,1819,-105.67807302236446,200,0,0.014395109419717729,66.46803743153546,50,200,2026-04-04T00:43:39.372582
2026-04-03_16-59-08,1820,-104.27146253895259,200,0,0.014542338320164393,65.76473218982953,50,200,2026-04-04T00:43:41.472766
2026-04-03_16-59-08,1821,-104.25520293774278,200,0,0.014542338320164393,65.76473218982953,50,200,2026-04-04T00:43:43.726298
2026-04-03_16-59-08,1822,-105.67807302236446,200,0,0.014395109419717729,66.46803743153546,50,200,2026-04-04T00:43:46.007462
2026-04-03_16-59-08,1823,-104.27146253895259,200,0,0.014542338320164393,65.76473218982953,50,200,2026-04-04T00:43:48.008853
2026-04-03_16-59-08,1824,-105.67279828593986,200,0,0.014395109419717729,66.46803743153546,50,200,2026-04-04T00:43:50.535039
2026-04-03_16-59-08,1825,-104.27146253895259,200,0,0.014542338320164393,65.76473218982953,50,200,2026-04-04T00:44:41.580330
2026-04-03_16-59-08,1826,-104.25482708228719,200,0,0.014542338320164393,65.76473218982953,50,200,2026-04-04T00:44:43.866423
2026-04-03_16-59-08,1827,-105.67807302236446,200,0,0.014395109419717729,66.46803743153546,50,200,2026-04-04T00:44:46.067866
2026-04-03_16-59-08,1828,-105.67807302236446,200,0,0.014395109419717729,66.46803743153546,50,200,2026-04-04T00:44:48.336667
2026-04-03_16-59-08,1829,-107.77259589880882,200,0,0.014542338320164393,65.76473218982953,50,200,2026-04-04T00:44:50.453818
2026-04-03_16-59-08,1830,-105.67807302236446,200,0,0.014395109419717729,66.46803743153546,50,200,2026-04-04T00:44:52.587286
2026-04-03_16-59-08,1831,-105.67807302236446,200,0,0.014395109419717729,66.46803743153546,50,200,2026-04-04T00:44:54.788896
2026-04-03_16-59-08,1832,-105.67807302236446,200,0,0.014395109419717729,66.46803743153546,50,200,2026-04-04T00:44:57.153535
2026-04-03_16-59-08,1833,-102.88038603927305,200,0,0.014690933476920654,65.06919393998976,50,200,2026-04-04T00:44:59.318668
2026-04-03_16-59-08,1834,-104.27146253895259,200,0,0.014542338320164393,65.76473218982953,50,200,2026-04-04T00:45:01.347853
2026-04-03_16-59-08,1835,-104.27146253895259,200,0,0.014542338320164393,65.76473218982953,50,200,2026-04-04T00:45:03.382769
2026-04-03_16-59-08,1836,-105.67807302236446,200,0,0.014395109419717729,66.46803743153546,50,200,2026-04-04T00:45:05.642295
2026-04-03_16-59-08,1837,-104.2659381933983,200,0,0.014542338320164393,65.76473218982953,50,200,2026-04-04T00:45:07.753850
2026-04-03_16-59-08,1838,-104.27146253895259,200,0,0.014542338320164393,65.76473218982953,50,200,2026-04-04T00:45:09.955164
2026-04-03_16-59-08,1839,-104.27146253895259,200,0,0.014542338320164393,65.76473218982953,50,200,2026-04-04T00:45:12.055819
2026-04-03_16-59-08,1840,-105.67807302236446,200,0,0.014395109419717729,66.46803743153546,50,200,2026-04-04T00:45:14.077725
2026-04-03_16-59-08,1841,-105.67279828593986,200,0,0.014395109419717729,66.46803743153546,50,200,2026-04-04T00:46:12.841912
2026-04-03_16-59-08,1842,-102.84964589761827,200,0,0.014694251449008376,65.05382386916237,50,200,2026-04-04T00:46:15.182017
2026-04-03_16-59-08,1843,-105.66324649681192,200,0,0.014395109419717729,66.46803743153546,50,200,2026-04-04T00:46:17.748910
2026-04-03_16-59-08,1844,-104.26035142784147,200,0,0.014542338320164393,65.76473218982953,50,200,2026-04-04T00:46:20.440088
2026-04-03_16-59-08,1845,-102.58717292017224,200,0,0.014690933476920654,65.06919393998976,50,200,2026-04-04T00:46:23.665965
2026-04-03_16-59-08,1846,-102.84964589761827,200,0,0.014694251449008376,65.05382386916237,50,200,2026-04-04T00:46:25.853867
2026-04-03_16-59-08,1847,-130.42278976181726,200,0,0.014840830370231983,64.38167441127949,50,200,2026-04-04T00:46:28.671791
2026-04-03_16-59-08,1848,-105.67807302236446,200,0,0.014395109419717729,66.46803743153546,50,200,2026-04-04T00:46:30.758529
2026-04-03_16-59-08,1849,-105.61392663809615,200,0,0.014395109419717729,66.46803743153546,50,200,2026-04-04T00:46:33.550686
2026-04-03_16-59-08,1850,-104.26593819339828,200,0,0.014542338320164393,65.76473218982953,50,200,2026-04-04T00:46:35.866460
2026-04-03_16-59-08,1851,-105.67279828593986,200,0,0.014395109419717729,66.46803743153546,50,200,2026-04-04T00:46:38.238014
2026-04-03_16-59-08,1852,-105.66752354951527,200,0,0.014395109419717729,66.46803743153546,50,200,2026-04-04T00:46:40.475213
2026-04-03_16-59-08,1853,-105.67807302236446,200,0,0.014395109419717729,66.46803743153546,50,200,2026-04-04T00:46:42.588744
2026-04-03_16-59-08,1854,-104.2496147658651,200,0,0.014542338320164393,65.76473218982953,50,200,2026-04-04T00:46:45.175562
2026-04-03_16-59-08,1855,-102.88038603927305,200,0,0.014690933476920654,65.06919393998976,50,200,2026-04-04T00:46:47.463181
2026-04-03_16-59-08,1856,-104.26668664438861,200,0,0.014542338320164393,65.76473218982953,50,200,2026-04-04T00:46:49.914140
2026-04-03_16-59-08,1857,-105.66727394038557,200,0,0.014395109419717729,66.46803743153546,50,200,2026-04-04T00:47:46.554269
2026-04-03_16-59-08,1858,-105.53826633072373,200,0,0.014395109419717729,66.46803743153546,50,200,2026-04-04T00:47:49.408144
2026-04-03_16-59-08,1859,-105.67279828593986,200,0,0.014395109419717729,66.46803743153546,50,200,2026-04-04T00:47:51.847208
2026-04-03_16-59-08,1860,-105.64002947439053,200,0,0.014395109419717729,66.46803743153546,50,200,2026-04-04T00:47:54.224863
2026-04-03_16-59-08,1861,-104.26593819339828,200,0,0.014542338320164393,65.76473218982953,50,200,2026-04-04T00:47:56.558203
2026-04-03_16-59-08,1862,-104.20279632210516,200,0,0.014542338320164393,65.76473218982953,50,200,2026-04-04T00:47:59.313029
2026-04-03_16-59-08,1863,-105.67807302236446,200,0,0.014395109419717729,66.46803743153546,50,200,2026-04-04T00:48:01.381603
2026-04-03_16-59-08,1864,-105.46210140004878,200,0,0.014395109419717729,66.46803743153546,50,200,2026-04-04T00:48:04.755057
2026-04-03_16-59-08,1865,-1156.710829226684,116,0,0.015194030384877068,63.655321851358195,50,200,2026-04-04T00:48:07.355047
2026-04-03_16-59-08,1866,-105.67254867681015,200,0,0.014395109419717729,66.46803743153546,50,200,2026-04-04T00:48:09.927995
2026-04-03_16-59-08,1867,-105.69635188215281,200,0,0.014395109419717729,66.46803743153546,50,200,2026-04-04T00:48:12.253197
2026-04-03_16-59-08,1868,-104.27146253895259,200,0,0.014542338320164393,65.76473218982953,50,200,2026-04-04T00:48:14.496413
2026-04-03_16-59-08,1869,-4890.246412441473,200,0,0.014542338320164393,65.76473218982953,50,200,2026-04-04T00:48:17.150091
2026-04-03_16-59-08,1870,-104.07424687603233,200,0,0.014542338320164393,65.76473218982953,50,200,2026-04-04T00:48:20.249634
2026-04-03_16-59-08,1871,-104.27146253895259,200,0,0.014542338320164393,65.76473218982953,50,200,2026-04-04T00:48:22.510036
2026-04-03_16-59-08,1872,-105.67279828593986,200,0,0.014395109419717729,66.46803743153546,50,200,2026-04-04T00:48:24.925631
2026-04-03_16-59-08,1873,-104.2309655034888,200,0,0.014542338320164393,65.76473218982953,50,200,2026-04-04T00:49:21.644426
2026-04-03_16-59-08,1874,-104.22932772108163,200,0,0.014542338320164393,65.76473218982953,50,200,2026-04-04T00:49:24.908054
2026-04-03_16-59-08,1875,-105.67807302236446,200,0,0.014395109419717729,66.46803743153546,50,200,2026-04-04T00:49:27.598621
2026-04-03_16-59-08,1876,-105.6181257341557,200,0,0.014395109419717729,66.46803743153546,50,200,2026-04-04T00:49:30.949325
2026-04-03_16-59-08,1877,-105.65597564014729,200,0,0.014395109419717729,66.46803743153546,50,200,2026-04-04T00:49:34.945972
2026-04-03_16-59-08,1878,-104.27146253895259,200,0,0.014542338320164393,65.76473218982953,50,200,2026-04-04T00:49:39.140433
2026-04-03_16-59-08,1879,-102.85295150062876,200,0,0.014690933476920654,65.06919393998976,50,200,2026-04-04T00:49:42.133799
2026-04-03_16-59-08,1880,-102.87561014470907,200,0,0.014690933476920654,65.06919393998976,50,200,2026-04-04T00:49:45.106599
2026-04-03_16-59-08,1881,-104.048443072888,200,0,0.014542338320164393,65.76473218982953,50,200,2026-04-04T00:49:48.379692
2026-04-03_16-59-08,1882,-1116.425372476339,66,0,0.015149081618471998,64.35060217278468,50,200,2026-04-04T00:49:51.116204
2026-04-03_16-59-08,1883,-104.23856748107738,200,0,0.014542338320164393,65.76473218982953,50,200,2026-04-04T00:49:53.957122
2026-04-03_16-59-08,1884,-105.66702433125586,200,0,0.014395109419717729,66.46803743153546,50,200,2026-04-04T00:49:56.371976
2026-04-03_16-59-08,1885,-104.2606634569737,200,0,0.014542338320164393,65.76473218982953,50,200,2026-04-04T00:49:59.288626
2026-04-03_16-59-08,1886,-105.59896997273236,200,0,0.014395109419717729,66.46803743153546,50,200,2026-04-04T00:50:02.823409
2026-04-03_16-59-08,1887,-102.5167698414625,200,0,0.014694251449008376,65.05382386916237,50,200,2026-04-04T00:50:07.106725
2026-04-03_16-59-08,1888,-105.64015246079558,200,0,0.014395109419717729,66.46803743153546,50,200,2026-04-04T00:50:10.267393
2026-04-03_16-59-08,1889,-105.61774342584496,200,0,0.014395109419717729,66.46803743153546,50,200,2026-04-04T00:51:18.524534
2026-04-03_16-59-08,1890,-104.26593819339828,200,0,0.014542338320164393,65.76473218982953,50,200,2026-04-04T00:51:21.074743
2026-04-03_16-59-08,1891,-105.63462849164004,200,0,0.014395109419717729,66.46803743153546,50,200,2026-04-04T00:51:23.836136
2026-04-03_16-59-08,1892,-105.67807302236446,200,0,0.014395109419717729,66.46803743153546,50,200,2026-04-04T00:51:26.257719
2026-04-03_16-59-08,1893,-105.67254867681017,200,0,0.014395109419717729,66.46803743153546,50,200,2026-04-04T00:51:28.688159
2026-04-03_16-59-08,1894,-105.67279828593986,200,0,0.014395109419717729,66.46803743153546,50,200,2026-04-04T00:51:30.907812
2026-04-03_16-59-08,1895,-105.59941214076633,200,0,0.014395109419717729,66.46803743153546,50,200,2026-04-04T00:51:33.679253
2026-04-03_16-59-08,1896,-102.70611158161616,200,0,0.014694251449008376,65.05382386916237,50,200,2026-04-04T00:51:36.632593
2026-04-03_16-59-08,1897,-104.22795418190482,200,0,0.014542338320164393,65.76473218982953,50,200,2026-04-04T00:51:39.224223
2026-04-03_16-59-08,1898,-105.57281028450288,200,0,0.015327675363100063,62.24146527838174,50,200,2026-04-04T00:51:41.811083
2026-04-03_16-59-08,1899,-105.43221908017372,200,0,0.014395109419717729,66.46803743153546,50,200,2026-04-04T00:51:45.147924
2026-04-03_16-59-08,1900,-2569.630125776224,200,0,0.015297568801352924,62.369864518050704,50,200,2026-04-04T00:51:47.793581
2026-04-03_16-59-08,1901,-102.71580037402042,200,0,0.014690933476920654,65.06919393998976,50,200,2026-04-04T00:51:50.712050
2026-04-03_16-59-08,1902,-102.88038603927305,200,0,0.014690933476920654,65.06919393998976,50,200,2026-04-04T00:51:53.007553
2026-04-03_16-59-08,1903,-102.75941495522083,200,0,0.014690933476920654,65.06919393998976,50,200,2026-04-04T00:51:56.138707
2026-04-03_16-59-08,1904,-105.63334383548575,200,0,0.014395109419717729,66.46803743153546,50,200,2026-04-04T00:51:58.614615
2026-04-03_16-59-08,1905,-102.84412155206398,200,0,0.014694251449008376,65.05382386916237,50,200,2026-04-04T00:52:55.189883
2026-04-03_16-59-08,1906,-95.8559533460982,200,0,0.015475132526931253,61.61980201201558,50,200,2026-04-04T00:52:58.449693
2026-04-03_16-59-08,1907,-105.60248047843427,200,0,0.014395109419717729,66.46803743153546,50,200,2026-04-04T00:53:01.278074
2026-04-03_16-59-08,1908,-105.6142193663403,200,0,0.014395109419717729,66.46803743153546,50,200,2026-04-04T00:53:04.024661
2026-04-03_16-59-08,1909,-99.98126429180626,200,0,0.015002553017897154,63.655321851358195,50,200,2026-04-04T00:53:06.841209
2026-04-03_16-59-08,1910,-102.84964589761827,200,0,0.014694251449008376,65.05382386916237,50,200,2026-04-04T00:53:09.058970
2026-04-03_16-59-08,1911,-105.67807302236446,200,0,0.014395109419717729,66.46803743153546,50,200,2026-04-04T00:53:11.316542
2026-04-03_16-59-08,1912,-104.18076226188543,200,0,0.014542338320164393,65.76473218982953,50,200,2026-04-04T00:53:13.891542
2026-04-03_16-59-08,1913,-104.25482708228718,200,0,0.014542338320164393,65.76473218982953,50,200,2026-04-04T00:53:16.305695
2026-04-03_16-59-08,1914,-102.75017024208076,200,0,0.014690933476920654,65.06919393998976,50,200,2026-04-04T00:53:19.533893
2026-04-03_16-59-08,1915,-102.84412155206397,200,0,0.014694251449008376,65.05382386916237,50,200,2026-04-04T00:53:21.836173
2026-04-03_16-59-08,1916,-102.86958695729416,200,0,0.014690933476920654,65.06919393998976,50,200,2026-04-04T00:53:24.447580
2026-04-03_16-59-08,1917,-101.03658416943058,200,0,0.014847677195736854,64.35060217278468,50,200,2026-04-04T00:53:27.899222
2026-04-03_16-59-08,1918,-105.66174959483126,200,0,0.014395109419717729,66.46803743153546,50,200,2026-04-04T00:53:30.295580
2026-04-03_16-59-08,1919,-101.37810941570947,200,0,0.014847677195736854,64.35060217278468,50,200,2026-04-04T00:53:32.951416
2026-04-03_16-59-08,1920,-105.65244741446922,200,0,0.014395109419717729,66.46803743153546,50,200,2026-04-04T00:53:35.507976
2026-04-03_16-59-08,1921,-1104.4444013166344,109,0,0.015199316256252062,63.702433234531945,50,200,2026-04-04T00:54:36.585739
2026-04-03_16-59-08,1922,-105.37096220343851,200,0,0.014395109419717729,66.46803743153546,50,200,2026-04-04T00:54:40.164688
2026-04-03_16-59-08,1923,-102.84412155206398,200,0,0.014694251449008376,65.05382386916237,50,200,2026-04-04T00:54:42.649230
2026-04-03_16-59-08,1924,-105.62868851658574,200,0,0.014395109419717729,66.46803743153546,50,200,2026-04-04T00:54:45.383798
2026-04-03_16-59-08,1925,-105.67807302236446,200,0,0.014395109419717729,66.46803743153546,50,200,2026-04-04T00:54:47.839838
2026-04-03_16-59-08,1926,-100.05264186200992,200,0,0.015002553017897154,63.655321851358195,50,200,2026-04-04T00:54:49.884685
2026-04-03_16-59-08,1927,-105.67807302236446,200,0,0.014395109419717729,66.46803743153546,50,200,2026-04-04T00:54:51.906449
2026-04-03_16-59-08,1928,-104.23597906205404,200,0,0.014542338320164393,65.76473218982953,50,200,2026-04-04T00:54:54.657663
2026-04-03_16-59-08,1929,-105.66199920396097,200,0,0.014395109419717729,66.46803743153546,50,200,2026-04-04T00:54:57.116756
2026-04-03_16-59-08,1930,-102.80733393517,200,0,0.014694251449008376,65.05382386916237,50,200,2026-04-04T00:54:59.659272
2026-04-03_16-59-08,1931,-104.17846202889785,200,0,0.014542338320164393,65.76473218982953,50,200,2026-04-04T00:55:02.529185
2026-04-03_16-59-08,1932,-101.4522303645673,200,0,0.014840830370231983,64.38167441127949,50,200,2026-04-04T00:55:05.363250
2026-04-03_16-59-08,1933,-98.64746198885236,200,0,0.015144232602744119,63.0317380372777,50,200,2026-04-04T00:55:08.239512
2026-04-03_16-59-08,1934,-102.76759606867068,200,0,0.014690933476920654,65.06919393998976,50,200,2026-04-04T00:55:10.890255
2026-04-03_16-59-08,1935,-104.260413847844,200,0,0.014542338320164393,65.76473218982953,50,200,2026-04-04T00:55:13.040684
2026-04-03_16-59-08,1936,-105.62471324844088,200,0,0.014395109419717729,66.46803743153546,50,200,2026-04-04T00:55:15.536926
2026-04-03_16-59-08,1937,-105.66702433125586,200,0,0.014395109419717729,66.46803743153546,50,200,2026-04-04T00:56:09.645892
2026-04-03_16-59-08,1938,-102.83859720650968,200,0,0.014694251449008376,65.05382386916237,50,200,2026-04-04T00:56:11.897611
2026-04-03_16-59-08,1939,-98.56573221178607,200,0,0.015166112325465147,62.93647591023825,50,200,2026-04-04T00:56:14.670490
2026-04-03_16-59-08,1940,-105.67807302236446,200,0,0.014395109419717729,66.46803743153546,50,200,2026-04-04T00:56:16.971024
2026-04-03_16-59-08,1941,-104.2556383296788,200,0,0.014542338320164393,65.76473218982953,50,200,2026-04-04T00:56:19.649204
2026-04-03_16-59-08,1942,-104.19611960415213,200,0,0.014542338320164393,65.76473218982953,50,200,2026-04-04T00:56:22.289659
2026-04-03_16-59-08,1943,-102.86605835558112,200,0,0.014690933476920654,65.06919393998976,50,200,2026-04-04T00:56:24.747336
2026-04-03_16-59-08,1944,-104.26668664438861,200,0,0.014542338320164393,65.76473218982953,50,200,2026-04-04T00:56:27.251154
2026-04-03_16-59-08,1945,-1324.7552406765099,28,0,0.015071773153784818,65.06919393998976,50,200,2026-04-04T00:56:29.210361
2026-04-03_16-59-08,1946,-105.60757179144589,200,0,0.014395109419717729,66.46803743153546,50,200,2026-04-04T00:56:32.082499
2026-04-03_16-59-08,1947,-104.19331161622915,200,0,0.014542338320164393,65.76473218982953,50,200,2026-04-04T00:56:34.933481
2026-04-03_16-59-08,1948,-104.27146253895259,200,0,0.014542338320164393,65.76473218982953,50,200,2026-04-04T00:56:37.229640
2026-04-03_16-59-08,1949,-101.38719311466645,200,0,0.014847677195736854,64.35060217278468,50,200,2026-04-04T00:56:39.832605
2026-04-03_16-59-08,1950,-104.27146253895259,200,0,0.014542338320164393,65.76473218982953,50,200,2026-04-04T00:56:42.074271
2026-04-03_16-59-08,1951,-101.49982263629822,200,0,0.014840830370231983,64.38167441127949,50,200,2026-04-04T00:56:44.289725
2026-04-03_16-59-08,1952,-102.85326352976097,200,0,0.014690933476920654,65.06919393998976,50,200,2026-04-04T00:56:46.949067
2026-04-03_16-59-08,1953,-104.27146253895259,200,0,0.014542338320164393,65.76473218982953,50,200,2026-04-04T00:57:45.002450
2026-04-03_16-59-08,1954,-105.67254867681015,200,0,0.014395109419717729,66.46803743153546,50,200,2026-04-04T00:57:47.287866
2026-04-03_16-59-08,1955,-102.84412155206397,200,0,0.014694251449008376,65.05382386916237,50,200,2026-04-04T00:57:49.817905
2026-04-03_16-59-08,1956,-101.42662946819999,200,0,0.014847677195736854,64.35060217278468,50,200,2026-04-04T00:57:52.294484
2026-04-03_16-59-08,1957,-104.27146253895259,200,0,0.014542338320164393,65.76473218982953,50,200,2026-04-04T00:57:54.847585
2026-04-03_16-59-08,1958,-102.88975123246414,200,0,0.014840830370231983,64.38167441127949,50,200,2026-04-04T00:57:57.748561
2026-04-03_16-59-08,1959,-101.41174647171987,200,0,0.014847677195736854,64.35060217278468,50,200,2026-04-04T00:58:00.550317
2026-04-03_16-59-08,1960,-102.88038603927305,200,0,0.014690933476920654,65.06919393998976,50,200,2026-04-04T00:58:02.882949
2026-04-03_16-59-08,1961,-104.2493651567354,200,0,0.014542338320164393,65.76473218982953,50,200,2026-04-04T00:58:05.371969
2026-04-03_16-59-08,1962,-101.44320250486288,200,0,0.014847677195736854,64.35060217278468,50,200,2026-04-04T00:58:07.650731
2026-04-03_16-59-08,1963,-102.87511130284845,200,0,0.014690933476920654,65.06919393998976,50,200,2026-04-04T00:58:09.944739
2026-04-03_16-59-08,1964,-101.43792776843829,200,0,0.014847677195736854,64.35060217278468,50,200,2026-04-04T00:58:12.354561
2026-04-03_16-59-08,1965,-104.27146253895259,200,0,0.014542338320164393,65.76473218982953,50,200,2026-04-04T00:58:14.565835
2026-04-03_16-59-08,1966,-105.67807302236446,200,0,0.014395109419717729,66.46803743153546,50,200,2026-04-04T00:58:16.967541
2026-04-03_16-59-08,1967,-105.67807302236446,200,0,0.014395109419717729,66.46803743153546,50,200,2026-04-04T00:58:19.130403
2026-04-03_16-59-08,1968,-105.61566189977967,200,0,0.014395109419717729,66.46803743153546,50,200,2026-04-04T00:58:21.910996
2026-04-03_16-59-08,1969,-98.79592244472097,200,0,0.015144232602744119,63.0317380372777,50,200,2026-04-04T00:59:20.222622
2026-04-03_16-59-08,1970,-105.66374533867256,200,0,0.014395109419717729,66.46803743153546,50,200,2026-04-04T00:59:23.208801
2026-04-03_16-59-08,1971,-104.27146253895259,200,0,0.014542338320164393,65.76473218982953,50,200,2026-04-04T00:59:25.532815
2026-04-03_16-59-08,1972,-105.67807302236446,200,0,0.014395109419717729,66.46803743153546,50,200,2026-04-04T00:59:27.845637
2026-04-03_16-59-08,1973,-102.88038603927305,200,0,0.014690933476920654,65.06919393998976,50,200,2026-04-04T00:59:30.156191
2026-04-03_16-59-08,1974,-101.44320250486288,200,0,0.014847677195736854,64.35060217278468,50,200,2026-04-04T00:59:32.123776
2026-04-03_16-59-08,1975,-105.67807302236446,200,0,0.014395109419717729,66.46803743153546,50,200,2026-04-04T00:59:34.309073
2026-04-03_16-59-08,1976,-104.27146253895259,200,0,0.014542338320164393,65.76473218982953,50,200,2026-04-04T00:59:36.567762
2026-04-03_16-59-08,1977,-102.87511130284845,200,0,0.014690933476920654,65.06919393998976,50,200,2026-04-04T00:59:38.863057
2026-04-03_16-59-08,1978,-102.87486169371876,200,0,0.014690933476920654,65.06919393998976,50,200,2026-04-04T00:59:41.066011
2026-04-03_16-59-08,1979,-105.67807302236446,200,0,0.014395109419717729,66.46803743153546,50,200,2026-04-04T00:59:43.482398
2026-04-03_16-59-08,1980,-105.67807302236446,200,0,0.014395109419717729,66.46803743153546,50,200,2026-04-04T00:59:45.554273
2026-04-03_16-59-08,1981,-104.2493651567354,200,0,0.014542338320164393,65.76473218982953,50,200,2026-04-04T00:59:47.904397
2026-04-03_16-59-08,1982,-107.62918074200627,200,0,0.014395109419717729,66.46803743153546,50,200,2026-04-04T00:59:50.202647
2026-04-03_16-59-08,1983,-106.67170710082154,200,0,0.014542338320164393,65.76473218982953,50,200,2026-04-04T00:59:52.590547
2026-04-03_16-59-08,1984,-105.67254867681015,200,0,0.014395109419717729,66.46803743153546,50,200,2026-04-04T00:59:54.815030
2026-04-03_16-59-08,1985,-105.67807302236446,200,0,0.014395109419717729,66.46803743153546,50,200,2026-04-04T01:01:00.294941
2026-04-03_16-59-08,1986,-105.63303775651985,200,0,0.014395109419717729,66.46803743153546,50,200,2026-04-04T01:01:03.023947
2026-04-03_16-59-08,1987,-105.67807302236446,200,0,0.014395109419717729,66.46803743153546,50,200,2026-04-04T01:01:05.587020
2026-04-03_16-59-08,1988,-105.66224843651,200,0,0.014395109419717729,66.46803743153546,50,200,2026-04-04T01:01:08.306490
2026-04-03_16-59-08,1989,-102.80970401393856,200,0,0.014840830370231983,64.38167441127949,50,200,2026-04-04T01:01:10.988077
2026-04-03_16-59-08,1990,-102.83859720650969,200,0,0.014694251449008376,65.05382386916237,50,200,2026-04-04T01:01:13.671350
2026-04-03_16-59-08,1991,-105.67254867681015,200,0,0.014395109419717729,66.46803743153546,50,200,2026-04-04T01:01:16.442198
2026-04-03_16-59-08,1992,-104.14509318253606,200,0,0.014542338320164393,65.76473218982953,50,200,2026-04-04T01:01:19.732564
2026-04-03_16-59-08,1993,-104.25136127697544,200,0,0.014542338320164393,65.76473218982953,50,200,2026-04-04T01:01:22.698321
2026-04-03_16-59-08,1994,-104.27146253895259,200,0,0.014542338320164393,65.76473218982953,50,200,2026-04-04T01:01:26.199214
2026-04-03_16-59-08,1995,-102.88038603927305,200,0,0.014690933476920654,65.06919393998976,50,200,2026-04-04T01:01:28.826441
2026-04-03_16-59-08,1996,-1046.4401453705939,1,0,0.015464239121837704,63.655321851358195,50,200,2026-04-04T01:01:30.965962
2026-04-03_16-59-08,1997,-105.67807302236446,200,0,0.014395109419717729,66.46803743153546,50,200,2026-04-04T01:01:33.389466
2026-04-03_16-59-08,1998,-105.65628907560036,200,0,0.014395109419717729,66.46803743153546,50,200,2026-04-04T01:01:36.424758
2026-04-03_16-59-08,1999,-144.158265586112,200,0,0.014395109419717729,66.46803743153546,50,200,2026-04-04T01:01:39.114688
2026-04-03_16-59-08,2000,-105.60863028839199,200,0,0.014395109419717729,66.46803743153546,50,200,2026-04-04T01:01:42.039781
2026-04-03_16-59-08,2001,-105.66324649681192,200,0,0.014395109419717729,66.46803743153546,50,200,2026-04-04T01:02:53.383412
2026-04-03_16-59-08,2002,-102.75932813541587,200,0,0.014694251449008376,65.05382386916237,50,200,2026-04-04T01:02:57.000074
2026-04-03_16-59-08,2003,-1091.623816825976,95,0,0.015867040310775227,61.07372593840988,50,200,2026-04-04T01:03:00.396030
2026-04-03_16-59-08,2004,-104.24942898305878,200,0,0.014542338320164393,65.76473218982953,50,200,2026-04-04T01:03:03.655782
2026-04-03_16-59-08,2005,-104.27146253895259,200,0,0.014542338320164393,65.76473218982953,50,200,2026-04-04T01:03:06.456346
2026-04-03_16-59-08,2006,-105.67807302236446,200,0,0.014395109419717729,66.46803743153546,50,200,2026-04-04T01:03:09.168342
2026-04-03_16-59-08,2007,-104.27146253895259,200,0,0.014542338320164393,65.76473218982953,50,200,2026-04-04T01:03:11.537714
2026-04-03_16-59-08,2008,-105.67807302236446,200,0,0.014395109419717729,66.46803743153546,50,200,2026-04-04T01:03:13.867579
2026-04-03_16-59-08,2009,-105.60794346243617,200,0,0.014395109419717729,66.46803743153546,50,200,2026-04-04T01:03:17.131157
2026-04-03_16-59-08,2010,-105.65294625614796,200,0,0.014395109419717729,66.46803743153546,50,200,2026-04-04T01:03:20.070348
2026-04-03_16-59-08,2011,-104.266187802528,200,0,0.014542338320164393,65.76473218982953,50,200,2026-04-04T01:03:22.827805
2026-04-03_16-59-08,2012,-100.13631515550823,200,0,0.014991956837375139,63.702433234531945,50,200,2026-04-04T01:03:25.403915
2026-04-03_16-59-08,2013,-104.266187802528,200,0,0.014542338320164393,65.76473218982953,50,200,2026-04-04T01:03:28.214931
2026-04-03_16-59-08,2014,-105.65264017609066,200,0,0.014395109419717729,66.46803743153546,50,200,2026-04-04T01:03:31.146183
2026-04-03_16-59-08,2015,-105.67807302236446,200,0,0.014395109419717729,66.46803743153546,50,200,2026-04-04T01:03:33.647060
2026-04-03_16-59-08,2016,-102.87033540810259,200,0,0.014690933476920654,65.06919393998976,50,200,2026-04-04T01:03:36.490981
2026-04-03_16-59-08,2017,-104.2108840507278,200,0,0.014542338320164393,65.76473218982953,50,200,2026-04-04T01:04:45.834963
2026-04-03_16-59-08,2018,-101.4998226362982,200,0,0.014840830370231983,64.38167441127949,50,200,2026-04-04T01:04:48.605192
2026-04-03_16-59-08,2019,-105.67443623578326,200,0,0.014395109419717729,66.46803743153546,50,200,2026-04-04T01:04:51.359314
2026-04-03_16-59-08,2020,-104.25193468541096,200,0,0.014542338320164393,65.76473218982953,50,200,2026-04-04T01:04:54.103871
2026-04-03_16-59-08,2021,-105.67807302236446,200,0,0.014395109419717729,66.46803743153546,50,200,2026-04-04T01:04:56.902208
2026-04-03_16-59-08,2022,-105.61034015822517,200,0,0.014395109419717729,66.46803743153546,50,200,2026-04-04T01:05:00.194703
2026-04-03_16-59-08,2023,-104.27146253895259,200,0,0.014542338320164393,65.76473218982953,50,200,2026-04-04T01:05:02.678818
2026-04-03_16-59-08,2024,-105.67807302236446,200,0,0.014395109419717729,66.46803743153546,50,200,2026-04-04T01:05:05.107664
2026-04-03_16-59-08,2025,-105.67807302236446,200,0,0.014395109419717729,66.46803743153546,50,200,2026-04-04T01:05:07.734646
2026-04-03_16-59-08,2026,-105.67807302236446,200,0,0.014395109419717729,66.46803743153546,50,200,2026-04-04T01:05:10.435757
2026-04-03_16-59-08,2027,-1049.7554510804327,1,0,0.015464239121837704,63.655321851358195,50,200,2026-04-04T01:05:12.536321
2026-04-03_16-59-08,2028,-102.86958695729415,200,0,0.014690933476920654,65.06919393998976,50,200,2026-04-04T01:05:15.237128
2026-04-03_16-59-08,2029,-104.27146253895259,200,0,0.014542338320164393,65.76473218982953,50,200,2026-04-04T01:05:17.601906
2026-04-03_16-59-08,2030,-98.76726707733712,200,0,0.015144232602744119,63.0317380372777,50,200,2026-04-04T01:05:20.473882
2026-04-03_16-59-08,2031,-104.22155760380525,200,0,0.014542338320164393,65.76473218982953,50,200,2026-04-04T01:05:23.743456
2026-04-03_16-59-08,2032,-106.89276398907288,200,0,0.014395109419717729,66.46803743153546,50,200,2026-04-04T01:05:27.060355
2026-04-03_16-59-08,2033,-104.15707332963456,200,0,0.014542338320164393,65.76473218982953,50,200,2026-04-04T01:06:36.329893
2026-04-03_16-59-08,2034,-105.67279828593986,200,0,0.014395109419717729,66.46803743153546,50,200,2026-04-04T01:06:39.724107
2026-04-03_16-59-08,2035,-104.2337281365888,200,0,0.014542338320164393,65.76473218982953,50,200,2026-04-04T01:06:42.802362
2026-04-03_16-59-08,2036,-104.16045591621392,200,0,0.014542338320164393,65.76473218982953,50,200,2026-04-04T01:06:46.068838
2026-04-03_16-59-08,2037,-104.23472582031005,200,0,0.014542338320164393,65.76473218982953,50,200,2026-04-04T01:06:49.076719
2026-04-03_16-59-08,2038,-1162.5028694867444,95,0,0.015403989820180554,62.96824596572466,50,200,2026-04-04T01:06:51.579043
2026-04-03_16-59-08,2039,-106.92541162465565,200,0,0.014542338320164393,65.76473218982953,50,200,2026-04-04T01:06:54.319675
2026-04-03_16-59-08,2040,-104.1124028409562,200,0,0.014542338320164393,65.76473218982953,50,200,2026-04-04T01:06:57.885625
2026-04-03_16-59-08,2041,-101.50534698185251,200,0,0.014840830370231983,64.38167441127949,50,200,2026-04-04T01:07:00.471577
2026-04-03_16-59-08,2042,-101.49429829074391,200,0,0.014840830370231983,64.38167441127949,50,200,2026-04-04T01:07:03.031848
2026-04-03_16-59-08,2043,-100.05264186200992,200,0,0.015002553017897154,63.655321851358195,50,200,2026-04-04T01:07:05.446189
2026-04-03_16-59-08,2044,-102.87486169371874,200,0,0.014690933476920654,65.06919393998976,50,200,2026-04-04T01:07:07.967848
2026-04-03_16-59-08,2045,-104.22235620160832,200,0,0.014542338320164393,65.76473218982953,50,200,2026-04-04T01:07:10.791179
2026-04-03_16-59-08,2046,-105.67279828593986,200,0,0.014395109419717729,66.46803743153546,50,200,2026-04-04T01:07:13.419236
2026-04-03_16-59-08,2047,-95.67349748916186,200,0,0.015451867499167868,61.71709649683789,50,200,2026-04-04T01:07:16.459740
2026-04-03_16-59-08,2048,-104.27146253895259,200,0,0.014542338320164393,65.76473218982953,50,200,2026-04-04T01:07:18.921955
2026-04-03_16-59-08,2049,-105.63656635768717,200,0,0.014395109419717729,66.46803743153546,50,200,2026-04-04T01:08:33.877742
2026-04-03_16-59-08,2050,-96.96367950049618,200,0,0.015331451396431838,62.22539674441618,50,200,2026-04-04T01:08:38.058893
2026-04-03_16-59-08,2051,-100.04711751645561,200,0,0.015002553017897154,63.655321851358195,50,200,2026-04-04T01:08:41.030285
2026-04-03_16-59-08,2052,-539.452427948132,200,0,0.014395109419717729,66.46803743153546,50,200,2026-04-04T01:08:44.460079
2026-04-03_16-59-08,2053,-101.25393053731024,200,0,0.014847677195736854,64.35060217278468,50,200,2026-04-04T01:08:47.473825
2026-04-03_16-59-08,2054,-104.266187802528,200,0,0.014542338320164393,65.76473218982953,50,200,2026-04-04T01:08:49.933828
2026-04-03_16-59-08,2055,-105.64524038449176,200,0,0.014395109419717729,66.46803743153546,50,200,2026-04-04T01:08:52.674534
2026-04-03_16-59-08,2056,-105.53117484123804,200,0,0.014395109419717729,66.46803743153546,50,200,2026-04-04T01:08:55.956253
2026-04-03_16-59-08,2057,-105.58207007030133,200,0,0.014395109419717729,66.46803743153546,50,200,2026-04-04T01:08:59.327358
2026-04-03_16-59-08,2058,-104.24758306522324,200,0,0.014542338320164393,65.76473218982953,50,200,2026-04-04T01:09:02.173798
2026-04-03_16-59-08,2059,-103.9995239824118,200,0,0.014542338320164393,65.76473218982953,50,200,2026-04-04T01:09:05.299225
2026-04-03_16-59-08,2060,-119.23743283448961,200,0,0.014395109419717729,66.46803743153546,50,200,2026-04-04T01:09:08.040479
2026-04-03_16-59-08,2061,-105.5438900249741,200,0,0.014395109419717729,66.46803743153546,50,200,2026-04-04T01:09:11.276461
2026-04-03_16-59-08,2062,-105.54969106911616,200,0,0.014395109419717729,66.46803743153546,50,200,2026-04-04T01:09:14.500716
2026-04-03_16-59-08,2063,-103.94530700390136,200,0,0.014542338320164393,65.76473218982953,50,200,2026-04-04T01:09:17.984694
2026-04-03_16-59-08,2064,-104.22927125015406,200,0,0.014542338320164393,65.76473218982953,50,200,2026-04-04T01:09:21.153650
2026-04-03_16-59-08,2065,-105.3372961066598,200,0,0.014395109419717729,66.46803743153546,50,200,2026-04-04T01:10:22.453945
2026-04-03_16-59-08,2066,-105.67807302236446,200,0,0.014395109419717729,66.46803743153546,50,200,2026-04-04T01:10:25.091546
2026-04-03_16-59-08,2067,-105.5984337666589,200,0,0.014395109419717729,66.46803743153546,50,200,2026-04-04T01:10:28.140799
2026-04-03_16-59-08,2068,-104.12251443418558,200,0,0.014542338320164393,65.76473218982953,50,200,2026-04-04T01:10:31.492985
2026-04-03_16-59-08,2069,-100.13060502714761,200,0,0.014991956837375139,63.702433234531945,50,200,2026-04-04T01:10:34.252093
2026-04-03_16-59-08,2070,-102.88038603927305,200,0,0.014690933476920654,65.06919393998976,50,200,2026-04-04T01:10:36.738409
2026-04-03_16-59-08,2071,-105.61396418471635,200,0,0.014395109419717729,66.46803743153546,50,200,2026-04-04T01:10:39.661930
2026-04-03_16-59-08,2072,-104.27146253895259,200,0,0.014542338320164393,65.76473218982953,50,200,2026-04-04T01:10:41.914951
2026-04-03_16-59-08,2073,-105.5903113517897,200,0,0.014395109419717729,66.46803743153546,50,200,2026-04-04T01:10:45.070043
2026-04-03_16-59-08,2074,-103.72302343513282,200,0,0.014542338320164393,65.76473218982953,50,200,2026-04-04T01:10:49.154650
2026-04-03_16-59-08,2075,-98.24982100822884,200,0,0.015166112325465147,62.93647591023825,50,200,2026-04-04T01:10:53.018712
2026-04-03_16-59-08,2076,-102.86381300261016,200,0,0.014690933476920654,65.06919393998976,50,200,2026-04-04T01:10:55.738088
2026-04-03_16-59-08,2077,-1118.7896517460827,4,0,0.015126489076659203,65.06919393998976,50,200,2026-04-04T01:10:58.081443
2026-04-03_16-59-08,2078,-102.83763258570694,200,0,0.014690933476920654,65.06919393998976,50,200,2026-04-04T01:11:01.113006
2026-04-03_16-59-08,2079,-102.82402028972305,200,0,0.014694251449008376,65.05382386916237,50,200,2026-04-04T01:11:04.145906
2026-04-03_16-59-08,2080,-105.67254867681015,200,0,0.014395109419717729,66.46803743153546,50,200,2026-04-04T01:11:06.814732
2026-04-03_16-59-08,2081,-105.67807302236446,200,0,0.014395109419717729,66.46803743153546,50,200,2026-04-04T01:12:20.262485
2026-04-03_16-59-08,2082,-101.432403422884,200,0,0.014847677195736854,64.35060217278468,50,200,2026-04-04T01:12:23.153533
2026-04-03_16-59-08,2083,-105.66702433125586,200,0,0.014395109419717729,66.46803743153546,50,200,2026-04-04T01:12:26.290760
2026-04-03_16-59-08,2084,-104.15192582683272,200,0,0.014542338320164393,65.76473218982953,50,200,2026-04-04T01:12:29.697997
2026-04-03_16-59-08,2085,-104.08553709699483,200,0,0.014542338320164393,65.76473218982953,50,200,2026-04-04T01:12:33.563826
2026-04-03_16-59-08,2086,-102.84964589761827,200,0,0.014694251449008376,65.05382386916237,50,200,2026-04-04T01:12:36.438349
2026-04-03_16-59-08,2087,-100.14686462835742,200,0,0.014991956837375139,63.702433234531945,50,200,2026-04-04T01:12:39.443629
2026-04-03_16-59-08,2088,-105.67807302236446,200,0,0.014395109419717729,66.46803743153546,50,200,2026-04-04T01:12:41.840701
2026-04-03_16-59-08,2089,-104.14400946882012,200,0,0.014542338320164393,65.76473218982953,50,200,2026-04-04T01:12:44.968389
2026-04-03_16-59-08,2090,-104.2418094871199,200,0,0.014542338320164393,65.76473218982953,50,200,2026-04-04T01:12:47.513919
2026-04-03_16-59-08,2091,-104.26593819339828,200,0,0.014542338320164393,65.76473218982953,50,200,2026-04-04T01:12:50.194912
2026-04-03_16-59-08,2092,-105.44236923613755,200,0,0.014395109419717729,66.46803743153546,50,200,2026-04-04T01:12:53.535384
2026-04-03_16-59-08,2093,-105.50030923452675,200,0,0.014395109419717729,66.46803743153546,50,200,2026-04-04T01:12:57.030780
2026-04-03_16-59-08,2094,-104.266187802528,200,0,0.014542338320164393,65.76473218982953,50,200,2026-04-04T01:12:59.575834
2026-04-03_16-59-08,2095,-104.2609130661034,200,0,0.014542338320164393,65.76473218982953,50,200,2026-04-04T01:13:01.970708
2026-04-03_16-59-08,2096,-104.26593819339828,200,0,0.014542338320164393,65.76473218982953,50,200,2026-04-04T01:13:04.575219
2026-04-03_16-59-08,2097,-104.26041384784399,200,0,0.014542338320164393,65.76473218982953,50,200,2026-04-04T01:14:06.898180
2026-04-03_16-59-08,2098,-104.24427760943799,200,0,0.014542338320164393,65.76473218982953,50,200,2026-04-04T01:14:09.632911
2026-04-03_16-59-08,2099,-104.24967859218849,200,0,0.014542338320164393,65.76473218982953,50,200,2026-04-04T01:14:12.344187
2026-04-03_16-59-08,2100,-102.88038603927305,200,0,0.014690933476920654,65.06919393998976,50,200,2026-04-04T01:14:14.813115
2026-04-03_16-59-08,2101,-105.67807302236446,200,0,0.014395109419717729,66.46803743153546,50,200,2026-04-04T01:14:17.222867
2026-04-03_16-59-08,2102,-105.63375413534948,200,0,0.014395109419717729,66.46803743153546,50,200,2026-04-04T01:14:20.030176
2026-04-03_16-59-08,2103,-101.50534698185251,200,0,0.014840830370231983,64.38167441127949,50,200,2026-04-04T01:14:22.576604
2026-04-03_16-59-08,2104,-104.2659381933983,200,0,0.014542338320164393,65.76473218982953,50,200,2026-04-04T01:14:25.183812
2026-04-03_16-59-08,2105,-104.266187802528,200,0,0.014542338320164393,65.76473218982953,50,200,2026-04-04T01:14:27.757497
2026-04-03_16-59-08,2106,-106.45431896049402,200,0,0.014395109419717729,66.46803743153546,50,200,2026-04-04T01:14:30.351709
2026-04-03_16-59-08,2107,-105.67279828593986,200,0,0.014395109419717729,66.46803743153546,50,200,2026-04-04T01:14:32.905202
2026-04-03_16-59-08,2108,-98.69762909781407,200,0,0.015144232602744119,63.0317380372777,50,200,2026-04-04T01:14:35.881545
2026-04-03_16-59-08,2109,-104.27146253895259,200,0,0.014542338320164393,65.76473218982953,50,200,2026-04-04T01:14:38.225133
2026-04-03_16-59-08,2110,-346.58909232749,200,0,0.014542338320164393,65.76473218982953,50,200,2026-04-04T01:14:40.796257
2026-04-03_16-59-08,2111,-223.6376723472526,200,0,0.014395109419717729,66.46803743153546,50,200,2026-04-04T01:14:43.038312
2026-04-03_16-59-08,2112,-101.48318717963281,200,0,0.014840830370231983,64.38167441127949,50,200,2026-04-04T01:14:45.839366
2026-04-03_16-59-08,2113,-94.94576121799963,200,0,0.015498504677194942,61.5223536610881,50,200,2026-04-04T01:15:56.106306
2026-04-03_16-59-08,2114,-102.61655659962925,200,0,0.014694251449008376,65.05382386916237,50,200,2026-04-04T01:15:59.661062
2026-04-03_16-59-08,2115,-97.23685413804151,200,0,0.01531636424944194,62.289646009589745,50,200,2026-04-04T01:16:02.578751
2026-04-03_16-59-08,2116,-101.34690299096856,200,0,0.014847677195736854,64.35060217278468,50,200,2026-04-04T01:16:05.710504
2026-04-03_16-59-08,2117,-105.52954898722945,200,0,0.014395109419717729,66.46803743153546,50,200,2026-04-04T01:16:08.915510
2026-04-03_16-59-08,2118,-103.9872805769725,200,0,0.014542338320164393,65.76473218982953,50,200,2026-04-04T01:16:12.701674
2026-04-03_16-59-08,2119,-100.01410559291938,200,0,0.014991956837375139,63.702433234531945,50,200,2026-04-04T01:16:15.938324
2026-04-03_16-59-08,2120,-104.04467497558859,200,0,0.014542338320164393,65.76473218982953,50,200,2026-04-04T01:16:19.171162
2026-04-03_16-59-08,2121,-212.4440702639574,200,0,0.014542338320164393,65.76473218982953,50,200,2026-04-04T01:16:22.659080
2026-04-03_16-59-08,2122,-104.23981374400624,200,0,0.014542338320164393,65.76473218982953,50,200,2026-04-04T01:16:25.573856
2026-04-03_16-59-08,2123,-99.48751221102941,200,0,0.014991956837375139,63.702433234531945,50,200,2026-04-04T01:16:29.236598
2026-04-03_16-59-08,2124,-105.51483027979772,200,0,0.014395109419717729,66.46803743153546,50,200,2026-04-04T01:16:32.528862
2026-04-03_16-59-08,2125,-100.858407633247,200,0,0.014847677195736854,64.35060217278468,50,200,2026-04-04T01:16:36.333923
2026-04-03_16-59-08,2126,-118.89937276510123,200,0,0.014395109419717729,66.46803743153546,50,200,2026-04-04T01:16:39.775745
2026-04-03_16-59-08,2127,-103.8206975383508,200,0,0.014542338320164393,65.76473218982953,50,200,2026-04-04T01:16:43.879896
2026-04-03_16-59-08,2128,-104.03659788120632,200,0,0.014542338320164393,65.76473218982953,50,200,2026-04-04T01:16:47.320458
2026-04-03_16-59-08,2129,-99.81569175199915,200,0,0.014991956837375139,63.702433234531945,50,200,2026-04-04T01:17:58.989030
2026-04-03_16-59-08,2130,-104.15759566433465,200,0,0.014690933476920654,65.06919393998976,50,200,2026-04-04T01:18:02.603604
2026-04-03_16-59-08,2131,-102.68364218844886,200,0,0.014690933476920654,65.06919393998976,50,200,2026-04-04T01:18:06.131296
2026-04-03_16-59-08,2132,-104.15429916030928,200,0,0.014542338320164393,65.76473218982953,50,200,2026-04-04T01:18:09.475051
2026-04-03_16-59-08,2133,-105.44039805365678,200,0,0.014395109419717729,66.46803743153546,50,200,2026-04-04T01:18:12.544033
2026-04-03_16-59-08,2134,-105.32794583820495,200,0,0.014395109419717729,66.46803743153546,50,200,2026-04-04T01:18:16.445803
2026-04-03_16-59-08,2135,-102.81565537372308,200,0,0.014690933476920654,65.06919393998976,50,200,2026-04-04T01:18:19.234106
2026-04-03_16-59-08,2136,-102.67156252430723,200,0,0.014694251449008376,65.05382386916237,50,200,2026-04-04T01:18:22.335409
2026-04-03_16-59-08,2137,-105.56262908186757,200,0,0.014395109419717729,66.46803743153546,50,200,2026-04-04T01:18:25.632081
2026-04-03_16-59-08,2138,-102.78729191777981,200,0,0.014690933476920654,65.06919393998976,50,200,2026-04-04T01:18:28.834369
2026-04-03_16-59-08,2139,-105.5610049009644,200,0,0.014395109419717729,66.46803743153546,50,200,2026-04-04T01:18:32.185825
2026-04-03_16-59-08,2140,-104.17431428698183,200,0,0.014542338320164393,65.76473218982953,50,200,2026-04-04T01:18:34.942667
2026-04-03_16-59-08,2141,-97.34873381266812,200,0,0.015297568801352924,62.369864518050704,50,200,2026-04-04T01:18:38.021546
2026-04-03_16-59-08,2142,-105.21168061896475,200,0,0.014395109419717729,66.46803743153546,50,200,2026-04-04T01:18:41.721340
2026-04-03_16-59-08,2143,-1154.1195019601382,11,0,0.015957908504913822,61.554853586049575,50,200,2026-04-04T01:18:44.545592
2026-04-03_16-59-08,2144,-96.66858052162911,200,0,0.015331451396431838,62.22539674441618,50,200,2026-04-04T01:18:48.080752
2026-04-03_16-59-08,2145,-105.6251675648662,200,0,0.014395109419717729,66.46803743153546,50,200,2026-04-04T01:19:44.824976
2026-04-03_16-59-08,2146,-102.72052072557588,200,0,0.014694251449008376,65.05382386916237,50,200,2026-04-04T01:19:47.748461
2026-04-03_16-59-08,2147,-102.76462716196093,200,0,0.014690933476920654,65.06919393998976,50,200,2026-04-04T01:19:50.725432
2026-04-03_16-59-08,2148,-102.82238090541725,200,0,0.014690933476920654,65.06919393998976,50,200,2026-04-04T01:19:53.822953
2026-04-03_16-59-08,2149,-105.52012161277842,200,0,0.014395109419717729,66.46803743153546,50,200,2026-04-04T01:19:57.334679
2026-04-03_16-59-08,2150,-99.94500033363815,200,0,0.015002553017897154,63.655321851358195,50,200,2026-04-04T01:20:00.555755
2026-04-03_16-59-08,2151,-105.25049922567288,200,0,0.014395109419717729,66.46803743153546,50,200,2026-04-04T01:20:04.639102
2026-04-03_16-59-08,2152,-99.93137769225314,200,0,0.014991956837375139,63.702433234531945,50,200,2026-04-04T01:20:08.003203
2026-04-03_16-59-08,2153,-102.82595523744259,200,0,0.014690933476920654,65.06919393998976,50,200,2026-04-04T01:20:10.942521
2026-04-03_16-59-08,2154,-99.91874821821094,200,0,0.014991956837375139,63.702433234531945,50,200,2026-04-04T01:20:14.133801
2026-04-03_16-59-08,2155,-97.9277134665373,200,0,0.015158808383651329,62.96824596572466,50,200,2026-04-04T01:20:17.695369
2026-04-03_16-59-08,2156,-101.4889611343168,200,0,0.014840830370231983,64.38167441127949,50,200,2026-04-04T01:20:20.763673
2026-04-03_16-59-08,2157,-101.46422096435309,200,0,0.014840830370231983,64.38167441127949,50,200,2026-04-04T01:20:23.886724
2026-04-03_16-59-08,2158,-104.31720404785406,200,0,0.014395109419717729,66.46803743153546,50,200,2026-04-04T01:20:27.994721
2026-04-03_16-59-08,2159,-102.56655492515539,200,0,0.014690933476920654,65.06919393998976,50,200,2026-04-04T01:20:31.557299
2026-04-03_16-59-08,2160,-104.25533187322274,200,0,0.014542338320164393,65.76473218982953,50,200,2026-04-04T01:20:34.368325
2026-04-03_16-59-08,2161,-100.81171481465444,200,0,0.014847677195736854,64.35060217278468,50,200,2026-04-04T01:21:39.274714
2026-04-03_16-59-08,2162,-98.63359539426673,200,0,0.015144232602744119,63.0317380372777,50,200,2026-04-04T01:21:42.614024
2026-04-03_16-59-08,2163,-102.72550169211902,200,0,0.014690933476920654,65.06919393998976,50,200,2026-04-04T01:21:45.514800
2026-04-03_16-59-08,2164,-103.46780054971887,200,0,0.014542338320164393,65.76473218982953,50,200,2026-04-04T01:21:49.109789
2026-04-03_16-59-08,2165,-100.74868688382372,200,0,0.014840830370231983,64.38167441127949,50,200,2026-04-04T01:21:53.728796
2026-04-03_16-59-08,2166,-103.85878487339394,200,0,0.014542338320164393,65.76473218982953,50,200,2026-04-04T01:21:57.310447
2026-04-03_16-59-08,2167,-102.53391055450604,200,0,0.014694251449008376,65.05382386916237,50,200,2026-04-04T01:22:01.122227
2026-04-03_16-59-08,2168,-98.33151187186887,200,0,0.015158808383651329,62.96824596572466,50,200,2026-04-04T01:22:04.969186
2026-04-03_16-59-08,2169,-101.40576202288351,200,0,0.014840830370231983,64.38167441127949,50,200,2026-04-04T01:22:08.257536
2026-04-03_16-59-08,2170,-103.82950686505757,200,0,0.014542338320164393,65.76473218982953,50,200,2026-04-04T01:22:11.952853
2026-04-03_16-59-08,2171,-103.64608244459542,200,0,0.014542338320164393,65.76473218982953,50,200,2026-04-04T01:22:15.620177
2026-04-03_16-59-08,2172,-102.7679561206355,200,0,0.014690933476920654,65.06919393998976,50,200,2026-04-04T01:22:18.809474
2026-04-03_16-59-08,2173,-103.77130744162116,200,0,0.014542338320164393,65.76473218982953,50,200,2026-04-04T01:22:22.294046
2026-04-03_16-59-08,2174,-105.22375711693718,200,0,0.014395109419717729,66.46803743153546,50,200,2026-04-04T01:22:26.022400
2026-04-03_16-59-08,2175,-102.88693868958183,200,0,0.014690933476920654,65.06919393998976,50,200,2026-04-04T01:22:29.129083
2026-04-03_16-59-08,2176,-102.75049805675471,200,0,0.014694251449008376,65.05382386916237,50,200,2026-04-04T01:22:32.006966
2026-04-03_16-59-08,2177,-107.5767842240063,200,0,0.014690933476920654,65.06919393998976,50,200,2026-04-04T01:23:35.803108
2026-04-03_16-59-08,2178,-95.26962123989831,200,0,0.015498504677194942,61.5223536610881,50,200,2026-04-04T01:23:40.076432
2026-04-03_16-59-08,2179,-105.54642539203074,200,0,0.014395109419717729,66.46803743153546,50,200,2026-04-04T01:23:43.056413
2026-04-03_16-59-08,2180,-102.60858888889841,200,0,0.014694251449008376,65.05382386916237,50,200,2026-04-04T01:23:46.906915
2026-04-03_16-59-08,2181,-99.38969346760182,200,0,0.015006090152632831,63.63961030678928,50,200,2026-04-04T01:23:51.197483
2026-04-03_16-59-08,2182,-105.3156829420757,200,0,0.014395109419717729,66.46803743153546,50,200,2026-04-04T01:23:54.797778
2026-04-03_16-59-08,2183,-99.99244314018082,200,0,0.014991956837375139,63.702433234531945,50,200,2026-04-04T01:23:58.429567
2026-04-03_16-59-08,2184,-92.85915861713269,200,0,0.015837444516357976,60.14149981501958,50,200,2026-04-04T01:24:01.838177
2026-04-03_16-59-08,2185,-99.79065303178203,200,0,0.014991956837375139,63.702433234531945,50,200,2026-04-04T01:24:05.889291
2026-04-03_16-59-08,2186,-223.60717890830944,200,0,0.015475132526931253,61.61980201201558,50,200,2026-04-04T01:24:09.681474
2026-04-03_16-59-08,2187,-98.59806518113922,200,0,0.015158808383651329,62.96824596572466,50,200,2026-04-04T01:24:12.788208
2026-04-03_16-59-08,2188,-102.23461616228084,200,0,0.014694251449008376,65.05382386916237,50,200,2026-04-04T01:24:16.351614
2026-04-03_16-59-08,2189,-100.11949250971563,200,0,0.014991956837375139,63.702433234531945,50,200,2026-04-04T01:24:18.923381
2026-04-03_16-59-08,2190,-103.69109765925981,200,0,0.014542338320164393,65.76473218982953,50,200,2026-04-04T01:24:22.637440
2026-04-03_16-59-08,2191,-105.36236693727098,200,0,0.014395109419717729,66.46803743153546,50,200,2026-04-04T01:24:26.201772
2026-04-03_16-59-08,2192,-104.11043123466003,200,0,0.014542338320164393,65.76473218982953,50,200,2026-04-04T01:24:29.822160
2026-04-03_16-59-08,2193,-105.20496301604645,200,0,0.014395109419717729,66.46803743153546,50,200,2026-04-04T01:25:31.185991
2026-04-03_16-59-08,2194,-1205.8096824922327,138,0,0.015444047758914215,62.369864518050704,50,200,2026-04-04T01:25:33.771962
2026-04-03_16-59-08,2195,-104.20363828649926,200,0,0.014542338320164393,65.76473218982953,50,200,2026-04-04T01:25:36.667514
2026-04-03_16-59-08,2196,-89.56739296257251,200,0,0.016120221108337676,59.033888572581766,50,200,2026-04-04T01:25:40.958886
2026-04-03_16-59-08,2197,-103.81249041893221,200,0,0.014542338320164393,65.76473218982953,50,200,2026-04-04T01:25:44.364044
2026-04-03_16-59-08,2198,-100.01488204614348,200,0,0.014991956837375139,63.702433234531945,50,200,2026-04-04T01:25:47.436190
2026-04-03_16-59-08,2199,-102.2119469375213,200,0,0.014694251449008376,65.05382386916237,50,200,2026-04-04T01:25:51.374409
2026-04-03_16-59-08,2200,-90.17496788015319,200,0,0.01600915083336377,59.464274989274024,50,200,2026-04-04T01:25:55.514061
2026-04-03_16-59-08,2201,-102.40733237786947,200,0,0.014690933476920654,65.06919393998976,50,200,2026-04-04T01:25:58.886001
2026-04-03_16-59-08,2202,-100.8313474008495,200,0,0.014847677195736854,64.35060217278468,50,200,2026-04-04T01:26:02.993608
2026-04-03_16-59-08,2203,-104.18966747747444,200,0,0.014542338320164393,65.76473218982953,50,200,2026-04-04T01:26:06.076808
2026-04-03_16-59-08,2204,-96.59737065467272,200,0,0.015297568801352924,62.369864518050704,50,200,2026-04-04T01:26:10.016964
2026-04-03_16-59-08,2205,-104.14627740114113,200,0,0.014542338320164393,65.76473218982953,50,200,2026-04-04T01:26:13.011703
2026-04-03_16-59-08,2206,-105.62966540776699,200,0,0.014395109419717729,66.46803743153546,50,200,2026-04-04T01:26:15.956496
2026-04-03_16-59-08,2207,-102.08458411875631,200,0,0.014694251449008376,65.05382386916237,50,200,2026-04-04T01:26:19.630230
2026-04-03_16-59-08,2208,-102.4429831720215,200,0,0.014690933476920654,65.06919393998976,50,200,2026-04-04T01:26:23.287188
2026-04-03_16-59-08,2209,-104.63462834789192,200,0,0.014395109419717729,66.46803743153546,50,200,2026-04-04T01:27:32.022180
2026-04-03_16-59-08,2210,-1467.0507959626302,43,0,0.014882118990740736,65.76473218982953,50,200,2026-04-04T01:27:34.911264
2026-04-03_16-59-08,2211,-98.44037397570477,200,0,0.015158808383651329,62.96824596572466,50,200,2026-04-04T01:27:39.009913
2026-04-03_16-59-08,2212,-97.90070924092797,200,0,0.015144232602744119,63.0317380372777,50,200,2026-04-04T01:27:43.133369
2026-04-03_16-59-08,2213,-99.28762558804819,200,0,0.014991956837375139,63.702433234531945,50,200,2026-04-04T01:27:47.240689
2026-04-03_16-59-08,2214,-698.7655700818837,200,0,0.014690933476920654,65.06919393998976,50,200,2026-04-04T01:27:49.987946
2026-04-03_16-59-08,2215,-92.35527831054323,200,0,0.01584579237197416,60.108235708594876,50,200,2026-04-04T01:27:54.006537
2026-04-03_16-59-08,2216,-101.14872618390608,200,0,0.014847677195736854,64.35060217278468,50,200,2026-04-04T01:27:57.238639
2026-04-03_16-59-08,2217,-97.00520406912618,200,0,0.01531636424944194,62.289646009589745,50,200,2026-04-04T01:28:00.539794
2026-04-03_16-59-08,2218,-98.05987573157341,200,0,0.015158808383651329,62.96824596572466,50,200,2026-04-04T01:28:04.751299
2026-04-03_16-59-08,2219,-96.35214692799451,200,0,0.01531636424944194,62.289646009589745,50,200,2026-04-04T01:28:08.748492
2026-04-03_16-59-08,2220,-263.0900534434559,200,0,0.015297568801352924,62.369864518050704,50,200,2026-04-04T01:28:12.521901
2026-04-03_16-59-08,2221,-87.17155696783105,200,0,0.01639344262295082,58.0,50,200,2026-04-04T01:28:17.645502
2026-04-03_16-59-08,2222,-103.02342479075818,200,0,0.014542338320164393,65.76473218982953,50,200,2026-04-04T01:28:22.679694
2026-04-03_16-59-08,2223,-99.81801594649218,200,0,0.014840830370231983,64.38167441127949,50,200,2026-04-04T01:28:27.863904
2026-04-03_16-59-08,2224,-98.70447399379589,200,0,0.015144232602744119,63.0317380372777,50,200,2026-04-04T01:28:31.157105
2026-04-03_16-59-08,2225,-103.85015974717497,200,0,0.014542338320164393,65.76473218982953,50,200,2026-04-04T01:29:38.271731
2026-04-03_16-59-08,2226,-103.8639896080771,200,0,0.014542338320164393,65.76473218982953,50,200,2026-04-04T01:29:42.100147
2026-04-03_16-59-08,2227,-104.0634906905915,200,0,0.014542338320164393,65.76473218982953,50,200,2026-04-04T01:29:45.349115
2026-04-03_16-59-08,2228,-87.71331860782104,200,0,0.016446994017549132,57.8013840664737,50,200,2026-04-04T01:29:49.265554
2026-04-03_16-59-08,2229,-100.24118608840145,200,0,0.014847677195736854,64.35060217278468,50,200,2026-04-04T01:29:53.932456
2026-04-03_16-59-08,2230,-102.79318103699246,200,0,0.014694251449008376,65.05382386916237,50,200,2026-04-04T01:29:56.952975
2026-04-03_16-59-08,2231,-101.84876489944047,200,0,0.014395109419717729,66.46803743153546,50,200,2026-04-04T01:30:02.136093
2026-04-03_16-59-08,2232,-105.39168583308233,200,0,0.014395109419717729,66.46803743153546,50,200,2026-04-04T01:30:05.445900
2026-04-03_16-59-08,2233,-105.50406238437817,200,0,0.014395109419717729,66.46803743153546,50,200,2026-04-04T01:30:08.832287
2026-04-03_16-59-08,2234,-102.66937861780089,200,0,0.014694251449008376,65.05382386916237,50,200,2026-04-04T01:30:12.084198
2026-04-03_16-59-08,2235,-97.10676688807376,200,0,0.015297568801352924,62.369864518050704,50,200,2026-04-04T01:30:15.456858
2026-04-03_16-59-08,2236,-101.2360284230326,200,0,0.014847677195736854,64.35060217278468,50,200,2026-04-04T01:30:18.615156
2026-04-03_16-59-08,2237,-105.3831482318075,200,0,0.014395109419717729,66.46803743153546,50,200,2026-04-04T01:30:22.238510
2026-04-03_16-59-08,2238,-99.79437470800387,200,0,0.015002553017897154,63.655321851358195,50,200,2026-04-04T01:30:25.777095
2026-04-03_16-59-08,2239,-100.57507828077158,200,0,0.014840830370231983,64.38167441127949,50,200,2026-04-04T01:30:29.542610
2026-04-03_16-59-08,2240,-93.36777899990867,200,0,0.015451867499167868,61.71709649683789,50,200,2026-04-04T01:30:33.825398
2026-04-03_16-59-08,2241,-103.4659711755501,200,0,0.014395109419717729,66.46803743153546,50,200,2026-04-04T01:31:43.732951
2026-04-03_16-59-08,2242,-105.27378736836593,200,0,0.014395109419717729,66.46803743153546,50,200,2026-04-04T01:31:47.681009
2026-04-03_16-59-08,2243,-102.45133303487842,200,0,0.014690933476920654,65.06919393998976,50,200,2026-04-04T01:31:51.533086
2026-04-03_16-59-08,2244,-101.79388636535406,200,0,0.014690933476920654,65.06919393998976,50,200,2026-04-04T01:31:57.132479
2026-04-03_16-59-08,2245,-92.96724455932598,200,0,0.015762912443755845,60.440052945046304,50,200,2026-04-04T01:32:00.648461
2026-04-03_16-59-08,2246,-91.47347639569203,200,0,0.015957683908956685,59.665735560705194,50,200,2026-04-04T01:32:04.573619
2026-04-03_16-59-08,2247,-103.99449765195824,200,0,0.014542338320164393,65.76473218982953,50,200,2026-04-04T01:32:08.565248
2026-04-03_16-59-08,2248,-102.07336182289977,200,0,0.014694251449008376,65.05382386916237,50,200,2026-04-04T01:32:12.666641
2026-04-03_16-59-08,2249,-96.30638995199092,200,0,0.015331451396431838,62.22539674441618,50,200,2026-04-04T01:32:16.897715
2026-04-03_16-59-08,2250,-101.56124027956996,200,0,0.014690933476920654,65.06919393998976,50,200,2026-04-04T01:32:20.973163
2026-04-03_16-59-08,2251,-98.89614259611953,200,0,0.015002553017897154,63.655321851358195,50,200,2026-04-04T01:32:25.197690
2026-04-03_16-59-08,2252,-89.72467855646826,200,0,0.01591941320116355,59.81638571495272,50,200,2026-04-04T01:32:29.562707
2026-04-03_16-59-08,2253,-128.93165959625588,200,0,0.014840830370231983,64.38167441127949,50,200,2026-04-04T01:32:33.728378
2026-04-03_16-59-08,2254,-101.48349920876502,200,0,0.014840830370231983,64.38167441127949,50,200,2026-04-04T01:32:36.697704
2026-04-03_16-59-08,2255,-236.36867798503914,200,0,0.014542338320164393,65.76473218982953,50,200,2026-04-04T01:32:40.731790
2026-04-03_16-59-08,2256,-182.88592899135452,200,0,0.017589639595760997,53.85164807134504,50,200,2026-04-04T01:32:47.089706
2026-04-03_16-59-08,2257,-103.303599527176,200,0,0.014542338320164393,65.76473218982953,50,200,2026-04-04T01:33:59.120146
2026-04-03_16-59-08,2258,-1116.3098451699987,114,0,0.015501505195692775,62.369864518050704,50,200,2026-04-04T01:34:02.301770
2026-04-03_16-59-08,2259,-100.07844614392972,200,0,0.014991956837375139,63.702433234531945,50,200,2026-04-04T01:34:05.739351
2026-04-03_16-59-08,2260,-1054.3601028040673,52,0,0.017458585961662405,55.758407437802596,50,200,2026-04-04T01:34:09.773739
2026-04-03_16-59-08,2261,-103.15617704191796,200,0,0.014542338320164393,65.76473218982953,50,200,2026-04-04T01:34:13.053278
2026-04-03_16-59-08,2262,-94.25848579561024,200,0,0.015498504677194942,61.5223536610881,50,200,2026-04-04T01:34:16.801797
2026-04-03_16-59-08,2263,-101.38605844400402,200,0,0.014847677195736854,64.35060217278468,50,200,2026-04-04T01:34:19.685749
2026-04-03_16-59-08,2264,-99.7921920263683,200,0,0.015002553017897154,63.655321851358195,50,200,2026-04-04T01:34:22.823816
2026-04-03_16-59-08,2265,-86.27866258616682,200,0,0.016531896058015548,57.48912940721924,50,200,2026-04-04T01:34:27.224977
2026-04-03_16-59-08,2266,-99.2299887307909,200,0,0.014542338320164393,65.76473218982953,50,200,2026-04-04T01:34:32.011116
2026-04-03_16-59-08,2267,-97.9093455120935,200,0,0.015158808383651329,62.96824596572466,50,200,2026-04-04T01:34:35.974906
2026-04-03_16-59-08,2268,-103.7713189217398,200,0,0.014542338320164393,65.76473218982953,50,200,2026-04-04T01:34:39.744471
2026-04-03_16-59-08,2269,-94.992863314936,200,0,0.015297568801352924,62.369864518050704,50,200,2026-04-04T01:34:44.015695
2026-04-03_16-59-08,2270,-97.68753123649503,200,0,0.015144232602744119,63.0317380372777,50,200,2026-04-04T01:34:48.294183
2026-04-03_16-59-08,2271,-71.14550374998534,200,0,0.017929790780920406,52.773099207835045,50,200,2026-04-04T01:34:55.116528
2026-04-03_16-59-08,2272,-103.96701877386306,200,0,0.014542338320164393,65.76473218982953,50,200,2026-04-04T01:34:58.819104
2026-04-03_16-59-08,2273,-91.10253486508414,200,0,0.015987644818727064,59.54829972383762,50,200,2026-04-04T01:35:55.812153
2026-04-03_16-59-08,2274,-102.2367087555026,200,0,0.014690933476920654,65.06919393998976,50,200,2026-04-04T01:35:59.581227
2026-04-03_16-59-08,2275,-101.40366873313714,200,0,0.014542338320164393,65.76473218982953,50,200,2026-04-04T01:36:03.827241
2026-04-03_16-59-08,2276,-103.8605194905933,200,0,0.014542338320164393,65.76473218982953,50,200,2026-04-04T01:36:07.983004
2026-04-03_16-59-08,2277,-96.71489881000291,200,0,0.015297568801352924,62.369864518050704,50,200,2026-04-04T01:36:11.717751
2026-04-03_16-59-08,2278,-102.34047303778921,200,0,0.014690933476920654,65.06919393998976,50,200,2026-04-04T01:36:15.368314
2026-04-03_16-59-08,2279,-103.38886267127427,200,0,0.014542338320164393,65.76473218982953,50,200,2026-04-04T01:36:18.924990
2026-04-03_16-59-08,2280,-100.00227067676047,200,0,0.014991956837375139,63.702433234531945,50,200,2026-04-04T01:36:22.644324
2026-04-03_16-59-08,2281,-96.03855974685563,200,0,0.015451867499167868,61.71709649683789,50,200,2026-04-04T01:36:26.550409
2026-04-03_16-59-08,2282,-1193.1733296387472,9,0,0.015273780745520684,64.38167441127949,50,200,2026-04-04T01:36:29.502391
2026-04-03_16-59-08,2283,-102.71314610731363,200,0,0.014690933476920654,65.06919393998976,50,200,2026-04-04T01:36:32.603689
2026-04-03_16-59-08,2284,-104.24641248133116,200,0,0.014395109419717729,66.46803743153546,50,200,2026-04-04T01:36:36.335967
2026-04-03_16-59-08,2285,-89.19453643075678,200,0,0.016233676290783778,58.60034129593445,50,200,2026-04-04T01:36:40.415591
2026-04-03_16-59-08,2286,-103.8962331907201,200,0,0.014542338320164393,65.76473218982953,50,200,2026-04-04T01:36:44.027351
2026-04-03_16-59-08,2287,-135.33836918477624,200,0,0.014542338320164393,65.76473218982953,50,200,2026-04-04T01:36:47.795861
2026-04-03_16-59-08,2288,-101.26042705342024,200,0,0.014847677195736854,64.35060217278468,50,200,2026-04-04T01:36:50.768371
2026-04-03_16-59-08,2289,-92.19230344447344,200,0,0.01582078896403802,60.207972893961475,50,200,2026-04-04T01:37:59.327987
2026-04-03_16-59-08,2290,-100.51990727815163,200,0,0.014840830370231983,64.38167441127949,50,200,2026-04-04T01:38:03.650066
2026-04-03_16-59-08,2291,-98.35340854051829,200,0,0.015144232602744119,63.0317380372777,50,200,2026-04-04T01:38:07.406783
2026-04-03_16-59-08,2292,-86.58231975896884,200,0,0.016379559980601005,58.05170109479997,50,200,2026-04-04T01:38:12.150304
2026-04-03_16-59-08,2293,-95.92319216236466,200,0,0.014991956837375139,63.702433234531945,50,200,2026-04-04T01:38:17.192384
2026-04-03_16-59-08,2294,-100.47988021859622,200,0,0.014395109419717729,66.46803743153546,50,200,2026-04-04T01:38:23.262532
2026-04-03_16-59-08,2295,-94.81281125732592,200,0,0.015498504677194942,61.5223536610881,50,200,2026-04-04T01:38:27.601781
2026-04-03_16-59-08,2296,-105.44612359155508,200,0,0.014395109419717729,66.46803743153546,50,200,2026-04-04T01:38:31.097959
2026-04-03_16-59-08,2297,-105.80571022436962,200,0,0.014395109419717729,66.46803743153546,50,200,2026-04-04T01:38:34.356670
2026-04-03_16-59-08,2298,-99.95581546044909,200,0,0.014690933476920654,65.06919393998976,50,200,2026-04-04T01:38:39.187330
2026-04-03_16-59-08,2299,-97.2658349938462,200,0,0.014991956837375139,63.702433234531945,50,200,2026-04-04T01:38:43.885347
2026-04-03_16-59-08,2300,-100.82167666560598,200,0,0.014840830370231983,64.38167441127949,50,200,2026-04-04T01:38:47.582092
2026-04-03_16-59-08,2301,-105.32747036960139,200,0,0.014395109419717729,66.46803743153546,50,200,2026-04-04T01:38:51.163552
2026-04-03_16-59-08,2302,-91.05083263336495,200,0,0.015957683908956685,59.665735560705194,50,200,2026-04-04T01:38:55.397561
2026-04-03_16-59-08,2303,-105.59665005282272,200,0,0.014395109419717729,66.46803743153546,50,200,2026-04-04T01:38:58.240962
2026-04-03_16-59-08,2304,-287.17065227509346,200,0,0.015158808383651329,62.96824596572466,50,200,2026-04-04T01:39:02.047498
2026-04-03_16-59-08,2305,-100.71764456213725,200,0,0.014840830370231983,64.38167441127949,50,200,2026-04-04T01:40:12.531215
2026-04-03_16-59-08,2306,-101.12364383731872,200,0,0.014840830370231983,64.38167441127949,50,200,2026-04-04T01:40:16.439318
2026-04-03_16-59-08,2307,-105.6677566968291,200,0,0.014395109419717729,66.46803743153546,50,200,2026-04-04T01:40:19.577064
2026-04-03_16-59-08,2308,-88.27009850982064,200,0,0.016233676290783778,58.60034129593445,50,200,2026-04-04T01:40:24.676020
2026-04-03_16-59-08,2309,-96.85231948371991,200,0,0.015327675363100063,62.24146527838174,50,200,2026-04-04T01:40:28.358794
2026-04-03_16-59-08,2310,-103.46969889228224,200,0,0.014542338320164393,65.76473218982953,50,200,2026-04-04T01:40:31.900230
2026-04-03_16-59-08,2311,-98.24945043350287,200,0,0.015144232602744119,63.0317380372777,50,200,2026-04-04T01:40:35.355505
2026-04-03_16-59-08,2312,-102.65244459519545,200,0,0.014690933476920654,65.06919393998976,50,200,2026-04-04T01:40:39.197418
2026-04-03_16-59-08,2313,-98.20845027484081,200,0,0.015166112325465147,62.93647591023825,50,200,2026-04-04T01:40:43.010407
2026-04-03_16-59-08,2314,-97.57462369679384,200,0,0.015166112325465147,62.93647591023825,50,200,2026-04-04T01:40:47.273613
2026-04-03_16-59-08,2315,-1068.8838823921756,2,0,0.015134586458628056,65.05382386916237,50,200,2026-04-04T01:40:49.264398
2026-04-03_16-59-08,2316,-121.29023505281724,200,0,0.014840830370231983,64.38167441127949,50,200,2026-04-04T01:40:54.616491
2026-04-03_16-59-08,2317,-94.00204669803823,200,0,0.015475132526931253,61.61980201201558,50,200,2026-04-04T01:40:58.996557
2026-04-03_16-59-08,2318,-102.4732305190211,200,0,0.014542338320164393,65.76473218982953,50,200,2026-04-04T01:41:02.869773
2026-04-03_16-59-08,2319,-104.26668664438861,200,0,0.014542338320164393,65.76473218982953,50,200,2026-04-04T01:41:05.607363
2026-04-03_16-59-08,2320,-86.443080149118,200,0,0.016120221108337676,59.033888572581766,50,200,2026-04-04T01:41:10.738095
2026-04-03_16-59-08,2321,-105.12773834666807,200,0,0.014395109419717729,66.46803743153546,50,200,2026-04-04T01:42:13.096689
2026-04-03_16-59-08,2322,-95.69678329296153,200,0,0.015475132526931253,61.61980201201558,50,200,2026-04-04T01:42:16.588094
2026-04-03_16-59-08,2323,-86.71480072750443,200,0,0.016356501754670582,58.137767414994535,50,200,2026-04-04T01:42:21.712135
2026-04-03_16-59-08,2324,-103.01911397738621,200,0,0.014542338320164393,65.76473218982953,50,200,2026-04-04T01:42:26.400188
2026-04-03_16-59-08,2325,-101.05028054822469,200,0,0.014840830370231983,64.38167441127949,50,200,2026-04-04T01:42:30.564872
2026-04-03_16-59-08,2326,-97.90251075852889,200,0,0.015144232602744119,63.0317380372777,50,200,2026-04-04T01:42:34.268290
2026-04-03_16-59-08,2327,-77.53278096538197,200,0,0.017174220679360835,55.226805085936306,50,200,2026-04-04T01:42:40.153378
2026-04-03_16-59-08,2328,-91.46260169627608,200,0,0.015762912443755845,60.440052945046304,50,200,2026-04-04T01:42:44.882625
2026-04-03_16-59-08,2329,-200.42305529274316,200,0,0.014840830370231983,64.38167441127949,50,200,2026-04-04T01:42:48.949969
2026-04-03_16-59-08,2330,-74.7113416544851,200,0,0.016862623549837707,56.302753041036986,50,200,2026-04-04T01:42:56.816979
2026-04-03_16-59-08,2331,-102.46705225966164,200,0,0.014694251449008376,65.05382386916237,50,200,2026-04-04T01:43:00.958952
2026-04-03_16-59-08,2332,-90.48165048189453,200,0,0.01591941320116355,59.81638571495272,50,200,2026-04-04T01:43:05.574870
2026-04-03_16-59-08,2333,-102.34839733308233,200,0,0.014395109419717729,66.46803743153546,50,200,2026-04-04T01:43:09.900500
2026-04-03_16-59-08,2334,-103.94175781714121,200,0,0.014542338320164393,65.76473218982953,50,200,2026-04-04T01:43:13.478056
2026-04-03_16-59-08,2335,-79.07430350661397,200,0,0.016548560675416515,57.42821606144492,50,200,2026-04-04T01:43:21.872108
2026-04-03_16-59-08,2336,-188.12800137997522,200,0,0.014542338320164393,65.76473218982953,50,200,2026-04-04T01:43:26.949043
2026-04-03_16-59-08,2337,-92.85673169812236,200,0,0.015795905494282912,60.30754513325841,50,200,2026-04-04T01:44:28.799231
2026-04-03_16-59-08,2338,-100.70316876955224,200,0,0.014840830370231983,64.38167441127949,50,200,2026-04-04T01:44:32.950640
2026-04-03_16-59-08,2339,-123.06663194545087,200,0,0.016705792773982008,56.859475903318,50,200,2026-04-04T01:44:37.719137
2026-04-03_16-59-08,2340,-95.29844642840914,200,0,0.015490702006891422,61.554853586049575,50,200,2026-04-04T01:44:41.340122
2026-04-03_16-59-08,2341,-94.02566829702651,200,0,0.015451867499167868,61.71709649683789,50,200,2026-04-04T01:44:45.335614
2026-04-03_16-59-08,2342,-90.42105277684315,200,0,0.015957683908956685,59.665735560705194,50,200,2026-04-04T01:44:49.558989
2026-04-03_16-59-08,2343,-100.86466484153671,200,0,0.014840830370231983,64.38167441127949,50,200,2026-04-04T01:44:53.067521
2026-04-03_16-59-08,2344,-102.7725938368914,200,0,0.014690933476920654,65.06919393998976,50,200,2026-04-04T01:44:56.361950
2026-04-03_16-59-08,2345,-101.10471851127382,200,0,0.014847677195736854,64.35060217278468,50,200,2026-04-04T01:44:59.878382
2026-04-03_16-59-08,2346,-71.07104863666551,200,0,0.018074716675633755,52.32590180780452,50,200,2026-04-04T01:45:07.049777
2026-04-03_16-59-08,2347,-180.3042453705998,200,0,0.016548560675416515,57.42821606144492,50,200,2026-04-04T01:45:11.433768
2026-04-03_16-59-08,2348,-99.94542871038445,200,0,0.014991956837375139,63.702433234531945,50,200,2026-04-04T01:45:14.287419
2026-04-03_16-59-08,2349,-103.76578673384293,200,0,0.014542338320164393,65.76473218982953,50,200,2026-04-04T01:45:18.244831
2026-04-03_16-59-08,2350,-92.61921131231084,200,0,0.015607021214299889,61.07372593840988,50,200,2026-04-04T01:45:22.520991
2026-04-03_16-59-08,2351,-101.19858347149436,200,0,0.014840830370231983,64.38167441127949,50,200,2026-04-04T01:45:25.996074
2026-04-03_16-59-08,2352,-99.06065345714723,200,0,0.014991956837375139,63.702433234531945,50,200,2026-04-04T01:45:30.249641
2026-04-03_16-59-08,2353,-85.6789408630984,200,0,0.016548560675416515,57.42821606144492,50,200,2026-04-04T01:46:40.431624
2026-04-03_16-59-08,2354,-90.4060686949411,200,0,0.015451867499167868,61.71709649683789,50,200,2026-04-04T01:46:46.254444
2026-04-03_16-59-08,2355,-96.97329604556268,200,0,0.015144232602744119,63.0317380372777,50,200,2026-04-04T01:46:50.209250
2026-04-03_16-59-08,2356,-89.02426471651958,200,0,0.016120221108337676,59.033888572581766,50,200,2026-04-04T01:46:53.714982
2026-04-03_16-59-08,2357,-1126.1132449407469,176,0,0.016388594109902663,58.25804665451803,50,200,2026-04-04T01:46:57.550925
2026-04-03_16-59-08,2358,-90.947052337699,200,0,0.015762912443755845,60.440052945046304,50,200,2026-04-04T01:47:01.344201
2026-04-03_16-59-08,2359,-93.0957536501669,200,0,0.01563501554262549,60.959002616512684,50,200,2026-04-04T01:47:05.652286
2026-04-03_16-59-08,2360,-94.89513243291132,200,0,0.015297568801352924,62.369864518050704,50,200,2026-04-04T01:47:10.268850
2026-04-03_16-59-08,2361,-78.25540662447621,200,0,0.016548560675416515,57.42821606144492,50,200,2026-04-04T01:47:16.560015
2026-04-03_16-59-08,2362,-1050.8320442569313,1,0,0.015299736641906082,64.35060217278468,50,200,2026-04-04T01:47:18.551426
2026-04-03_16-59-08,2363,-66.39566054071176,200,0,0.01849168121403405,51.07837115648854,50,200,2026-04-04T01:47:25.116215
2026-04-03_16-59-08,2364,-75.10901647302474,200,0,0.017782416501530854,53.23532661682466,50,200,2026-04-04T01:47:30.849555
2026-04-03_16-59-08,2365,-102.73339604916838,200,0,0.014690933476920654,65.06919393998976,50,200,2026-04-04T01:47:33.787526
2026-04-03_16-59-08,2366,-100.07687789291744,200,0,0.014840830370231983,64.38167441127949,50,200,2026-04-04T01:47:37.660649
2026-04-03_16-59-08,2367,-84.14099924852043,200,0,0.016705792773982008,56.859475903318,50,200,2026-04-04T01:47:43.546573
2026-04-03_16-59-08,2368,-78.7755195085298,200,0,0.016548560675416515,57.42821606144492,50,200,2026-04-04T01:47:49.171028
2026-04-03_16-59-08,2369,-55.03794765182075,200,0,0.019848582720003817,47.38143096192854,50,200,2026-04-04T01:48:57.657124
2026-04-03_16-59-08,2370,-65.54197293927247,200,0,0.01849168121403405,51.07837115648854,50,200,2026-04-04T01:49:04.419435
2026-04-03_16-59-08,2371,-51.99331888088975,200,0,0.02,47.0,50,200,2026-04-04T01:49:13.644131
2026-04-03_16-59-08,2372,-61.673746299125476,200,0,0.01862364991118559,50.695167422546305,50,200,2026-04-04T01:49:20.551682
2026-04-03_16-59-08,2373,-84.1662084845279,200,0,0.01607638457164266,59.20304046246274,50,200,2026-04-04T01:49:26.648788
2026-04-03_16-59-08,2374,-72.55270663902436,200,0,0.017782416501530854,53.23532661682466,50,200,2026-04-04T01:49:32.758065
2026-04-03_16-59-08,2375,-54.245331702423236,200,0,0.019733211026608157,47.67598976424087,50,200,2026-04-04T01:49:41.934288
2026-04-03_16-59-08,2376,-92.3360474843733,200,0,0.015607021214299889,61.07372593840988,50,200,2026-04-04T01:49:46.166738
2026-04-03_16-59-08,2377,-67.8212384212647,200,0,0.01813117640782781,52.15361924162119,50,200,2026-04-04T01:49:52.186132
2026-04-03_16-59-08,2378,-66.21948389838256,200,0,0.018074716675633755,52.32590180780452,50,200,2026-04-04T01:49:59.111863
2026-04-03_16-59-08,2379,-68.74864672275302,200,0,0.018668283955683724,50.566787519082126,50,200,2026-04-04T01:50:05.795823
2026-04-03_16-59-08,2380,-55.971857836286866,200,0,0.02040816326530612,46.0,50,200,2026-04-04T01:50:14.344385
2026-04-03_16-59-08,2381,-70.95925564392829,200,0,0.018355982849274897,51.478150704935004,50,200,2026-04-04T01:50:21.661383
2026-04-03_16-59-08,2382,-92.18907353636362,200,0,0.014991956837375139,63.702433234531945,50,200,2026-04-04T01:50:27.449958
2026-04-03_16-59-08,2383,-106.41360132282918,200,0,0.017929790780920406,52.773099207835045,50,200,2026-04-04T01:50:34.067448
2026-04-03_16-59-08,2384,-67.40254188411542,200,0,0.017782416501530854,53.23532661682466,50,200,2026-04-04T01:50:40.395437
2026-04-03_16-59-08,2385,-52.13674118527286,200,0,0.01966415802543691,47.853944456021594,50,200,2026-04-04T01:51:49.975566
2026-04-03_16-59-08,2386,-44.50910186360701,200,0,0.019995746067320595,47.01063709417264,50,200,2026-04-04T01:51:59.476914
2026-04-03_16-59-08,2387,-223.9608495828211,200,0,0.02,47.0,50,200,2026-04-04T01:52:08.323688
2026-04-03_16-59-08,2388,-49.648814864550914,200,0,0.02,47.0,50,200,2026-04-04T01:52:17.782925
2026-04-03_16-59-08,2389,-45.28409759905227,200,0,0.019995746067320595,47.01063709417264,50,200,2026-04-04T01:52:26.317055
2026-04-03_16-59-08,2390,-58.789310629155395,200,0,0.018993797373463208,49.64876634922564,50,200,2026-04-04T01:52:33.948012
2026-04-03_16-59-08,2391,-85.31549458483505,200,0,0.02,47.0,50,200,2026-04-04T01:52:43.165877
2026-04-03_16-59-08,2392,-57.33125029245639,200,0,0.02,47.0,50,200,2026-04-04T01:52:51.740309
2026-04-03_16-59-08,2393,-247.865368717768,200,0,0.019995746067320595,47.01063709417264,50,200,2026-04-04T01:53:00.203804
2026-04-03_16-59-08,2394,-93.12203724809957,200,0,0.01998300088264805,47.042533945356304,50,200,2026-04-04T01:53:08.837622
2026-04-03_16-59-08,2395,-47.27977329220759,200,0,0.01998300088264805,47.042533945356304,50,200,2026-04-04T01:53:17.323852
2026-04-03_16-59-08,2396,-43.33036252978785,200,0,0.020390079456601304,46.04345773288535,50,200,2026-04-04T01:53:26.199175
2026-04-03_16-59-08,2397,-49.379766335030155,200,0,0.019995746067320595,47.01063709417264,50,200,2026-04-04T01:53:35.284551
2026-04-03_16-59-08,2398,-47.04197799186632,200,0,0.01998300088264805,47.042533945356304,50,200,2026-04-04T01:53:43.698113
2026-04-03_16-59-08,2399,-103.39393084160027,200,0,0.020124583196552283,46.69047011971501,50,200,2026-04-04T01:53:51.781380
2026-04-03_16-59-08,2400,-49.40036149815631,200,0,0.01998300088264805,47.042533945356304,50,200,2026-04-04T01:54:00.762170
2026-04-03_16-59-08,2401,-47.12704464929879,200,0,0.02040816326530612,46.0,50,200,2026-04-04T01:55:10.317180
2026-04-03_16-59-08,2402,-45.71793766251224,200,0,0.02040363770460596,46.010868281309364,50,200,2026-04-04T01:55:19.162514
2026-04-03_16-59-08,2403,-44.310711724208495,200,0,0.020390079456601304,46.04345773288535,50,200,2026-04-04T01:55:28.407945
2026-04-03_16-59-08,2404,-1043.9369845523381,35,0,0.018319941676263107,53.23532661682466,50,200,2026-04-04T01:55:33.101554
2026-04-03_16-59-08,2405,-44.34435051127556,200,0,0.01998300088264805,47.042533945356304,50,200,2026-04-04T01:55:42.773504
2026-04-03_16-59-08,2406,-47.401313233092075,200,0,0.01998300088264805,47.042533945356304,50,200,2026-04-04T01:55:51.571845
2026-04-03_16-59-08,2407,-46.48521433424203,200,0,0.019995746067320595,47.01063709417264,50,200,2026-04-04T01:56:00.681071
2026-04-03_16-59-08,2408,-1100.429671939831,4,0,0.015770416915420672,62.369864518050704,50,200,2026-04-04T01:56:03.130491
2026-04-03_16-59-08,2409,-48.307931583554165,200,0,0.01998300088264805,47.042533945356304,50,200,2026-04-04T01:56:12.360081
2026-04-03_16-59-08,2410,-49.209636099289995,200,0,0.02,47.0,50,200,2026-04-04T01:56:20.713353
2026-04-03_16-59-08,2411,-440.18055750082334,200,0,0.020828512513489137,45.0111097397076,50,200,2026-04-04T01:56:29.845617
2026-04-03_16-59-08,2412,-43.109452040025396,200,0,0.020390079456601304,46.04345773288535,50,200,2026-04-04T01:56:39.808410
2026-04-03_16-59-08,2413,-42.39187428746647,200,0,0.02040363770460596,46.010868281309364,50,200,2026-04-04T01:56:48.533441
2026-04-03_16-59-08,2414,-58.197351077554835,200,0,0.019995746067320595,47.01063709417264,50,200,2026-04-04T01:56:58.148556
2026-04-03_16-59-08,2415,-46.168328883234615,200,0,0.01998300088264805,47.042533945356304,50,200,2026-04-04T01:57:07.079886
2026-04-03_16-59-08,2416,-101.9528799417355,200,0,0.019995746067320595,47.01063709417264,50,200,2026-04-04T01:57:15.912799
2026-04-03_16-59-08,2417,-59.992623714284505,200,0,0.020051264433743995,46.87216658103186,50,200,2026-04-04T01:58:17.572208
2026-04-03_16-59-08,2418,-1047.607240078083,1,0,0.015464239121837704,63.655321851358195,50,200,2026-04-04T01:58:20.018293
2026-04-03_16-59-08,2419,-46.57263742581066,200,0,0.01998300088264805,47.042533945356304,50,200,2026-04-04T01:58:30.296745
2026-04-03_16-59-08,2420,-82.33811571877386,200,0,0.019995746067320595,47.01063709417264,50,200,2026-04-04T01:58:38.782121
2026-04-03_16-59-08,2421,-46.222976144366704,200,0,0.01998300088264805,47.042533945356304,50,200,2026-04-04T01:58:49.099742
2026-04-03_16-59-08,2422,-43.21701258588815,200,0,0.02040363770460596,46.010868281309364,50,200,2026-04-04T01:58:57.678371
2026-04-03_16-59-08,2423,-46.47557619504053,200,0,0.020390079456601304,46.04345773288535,50,200,2026-04-04T01:59:06.902300
2026-04-03_16-59-08,2424,-50.81489533973563,200,0,0.019995746067320595,47.01063709417264,50,200,2026-04-04T01:59:17.553793
2026-04-03_16-59-08,2425,-49.95761809029112,200,0,0.01993226789723963,47.16990566028302,50,200,2026-04-04T01:59:26.381645
2026-04-03_16-59-08,2426,-1112.9763784549375,133,0,0.019947468894858548,47.80167361086848,50,200,2026-04-04T01:59:33.750500
2026-04-03_16-59-08,2427,-54.952631781681355,200,0,0.01998300088264805,47.042533945356304,50,200,2026-04-04T01:59:43.466193
2026-04-03_16-59-08,2428,-1056.1140516141731,106,0,0.020690679201914218,46.2709412050371,50,200,2026-04-04T01:59:51.300484
2026-04-03_16-59-08,2429,-76.73996392819228,200,0,0.020390079456601304,46.04345773288535,50,200,2026-04-04T02:00:01.978428
2026-04-03_16-59-08,2430,-44.767462113174815,200,0,0.02040363770460596,46.010868281309364,50,200,2026-04-04T02:00:11.498429
2026-04-03_16-59-08,2431,-49.06605818672279,200,0,0.01998300088264805,47.042533945356304,50,200,2026-04-04T02:00:20.811563
2026-04-03_16-59-08,2432,-1300.123683143493,139,0,0.020623777584189686,46.09772228646444,50,200,2026-04-04T02:00:30.007281
2026-04-03_16-59-08,2433,-48.37792402352728,200,0,0.01998300088264805,47.042533945356304,50,200,2026-04-04T02:01:31.730952
2026-04-03_16-59-08,2434,-42.973351958222835,200,0,0.02040816326530612,46.0,50,200,2026-04-04T02:01:41.461384
2026-04-03_16-59-08,2435,-46.326663387767475,200,0,0.01998300088264805,47.042533945356304,50,200,2026-04-04T02:01:50.403557
2026-04-03_16-59-08,2436,-46.961767227360426,200,0,0.01998300088264805,47.042533945356304,50,200,2026-04-04T02:01:59.456935
2026-04-03_16-59-08,2437,-297.9894438307185,200,0,0.01998300088264805,47.042533945356304,50,200,2026-04-04T02:02:07.789953
2026-04-03_16-59-08,2438,-1050.839927915575,27,0,0.0169286705534898,57.8013840664737,50,200,2026-04-04T02:02:11.464498
2026-04-03_16-59-08,2439,-45.22722538221875,200,0,0.019995746067320595,47.01063709417264,50,200,2026-04-04T02:02:20.877684
2026-04-03_16-59-08,2440,-1062.484443276294,107,0,0.020308731030055597,47.16990566028302,50,200,2026-04-04T02:02:29.178240
2026-04-03_16-59-08,2441,-47.51184897947257,200,0,0.01998300088264805,47.042533945356304,50,200,2026-04-04T02:02:38.173809
2026-04-03_16-59-08,2442,-41.52705419387559,200,0,0.020828512513489137,45.0111097397076,50,200,2026-04-04T02:02:46.271244
2026-04-03_16-59-08,2443,-45.00567287901026,200,0,0.019995746067320595,47.01063709417264,50,200,2026-04-04T02:02:54.398371
2026-04-03_16-59-08,2444,-44.67195593499891,200,0,0.02040363770460596,46.010868281309364,50,200,2026-04-04T02:03:02.679571
2026-04-03_16-59-08,2445,-49.11188795064101,200,0,0.01998300088264805,47.042533945356304,50,200,2026-04-04T02:03:11.258208
2026-04-03_16-59-08,2446,-46.919688870561615,200,0,0.01998300088264805,47.042533945356304,50,200,2026-04-04T02:03:20.474841
2026-04-03_16-59-08,2447,-45.585540389801686,200,0,0.01998300088264805,47.042533945356304,50,200,2026-04-04T02:03:28.853773
2026-04-03_16-59-08,2448,-43.38587459374972,200,0,0.02040816326530612,46.0,50,200,2026-04-04T02:03:37.301793
2026-04-03_16-59-08,2449,-79.57334923919969,200,0,0.01998300088264805,47.042533945356304,50,200,2026-04-04T02:04:43.357640
2026-04-03_16-59-08,2450,-152.4328606202439,200,0,0.01998300088264805,47.042533945356304,50,200,2026-04-04T02:04:52.502957
2026-04-03_16-59-08,2451,-45.59666231098051,200,0,0.02,47.0,50,200,2026-04-04T02:05:01.442561
2026-04-03_16-59-08,2452,-47.37452750995847,200,0,0.01998300088264805,47.042533945356304,50,200,2026-04-04T02:05:10.041155
2026-04-03_16-59-08,2453,-53.35262912315829,200,0,0.020390079456601304,46.04345773288535,50,200,2026-04-04T02:05:18.258338
2026-04-03_16-59-08,2454,-75.29573894640623,200,0,0.019995746067320595,47.01063709417264,50,200,2026-04-04T02:05:27.877246
2026-04-03_16-59-08,2455,-51.4213443379361,200,0,0.019995746067320595,47.01063709417264,50,200,2026-04-04T02:05:36.850725
2026-04-03_16-59-08,2456,-47.340458505464625,200,0,0.02,47.0,50,200,2026-04-04T02:05:45.255078
2026-04-03_16-59-08,2457,-1051.8357586137213,55,0,0.018408375342763388,52.773099207835045,50,200,2026-04-04T02:05:50.100713
2026-04-03_16-59-08,2458,-45.856170516013975,200,0,0.019995746067320595,47.01063709417264,50,200,2026-04-04T02:05:59.671578
2026-04-03_16-59-08,2459,-45.73042262698862,200,0,0.019995746067320595,47.01063709417264,50,200,2026-04-04T02:06:08.038226
2026-04-03_16-59-08,2460,-51.42025302315961,200,0,0.01998300088264805,47.042533945356304,50,200,2026-04-04T02:06:17.064833
2026-04-03_16-59-08,2461,-50.073462476825,200,0,0.01998300088264805,47.042533945356304,50,200,2026-04-04T02:06:25.627108
2026-04-03_16-59-08,2462,-1133.3027369370257,12,0,0.01641055648882401,59.81638571495272,50,200,2026-04-04T02:06:29.183454
2026-04-03_16-59-08,2463,-45.26799125509672,200,0,0.02040363770460596,46.010868281309364,50,200,2026-04-04T02:06:39.198438
2026-04-03_16-59-08,2464,-1152.0323284470787,29,0,0.01657718067688556,59.033888572581766,50,200,2026-04-04T02:06:42.525080
2026-04-03_16-59-08,2465,-45.92708711561288,200,0,0.02040363770460596,46.010868281309364,50,200,2026-04-04T02:07:50.092909
2026-04-03_16-59-08,2466,-48.898733599512475,200,0,0.019995746067320595,47.01063709417264,50,200,2026-04-04T02:08:00.249202
2026-04-03_16-59-08,2467,-49.975267464811026,200,0,0.01989447604152175,47.265209192385896,50,200,2026-04-04T02:08:10.355664
2026-04-03_16-59-08,2468,-49.38213428488446,200,0,0.02040363770460596,46.010868281309364,50,200,2026-04-04T02:08:19.776511
2026-04-03_16-59-08,2469,-50.19490947910488,200,0,0.019995746067320595,47.01063709417264,50,200,2026-04-04T02:08:29.305041
2026-04-03_16-59-08,2470,-47.478846597228674,200,0,0.019995746067320595,47.01063709417264,50,200,2026-04-04T02:08:38.132793
2026-04-03_16-59-08,2471,-55.47864481129744,200,0,0.01989447604152175,47.265209192385896,50,200,2026-04-04T02:08:46.150825
2026-04-03_16-59-08,2472,-44.469923870442955,200,0,0.01998300088264805,47.042533945356304,50,200,2026-04-04T02:08:55.433237
2026-04-03_16-59-08,2473,-40.225459851711726,200,0,0.021739130434782608,43.0,50,200,2026-04-04T02:09:05.279261
2026-04-03_16-59-08,2474,-68.84431526604406,200,0,0.01998300088264805,47.042533945356304,50,200,2026-04-04T02:09:14.250138
2026-04-03_16-59-08,2475,-50.786399740966324,200,0,0.01998300088264805,47.042533945356304,50,200,2026-04-04T02:09:22.965591
2026-04-03_16-59-08,2476,-46.68344741688662,200,0,0.020390079456601304,46.04345773288535,50,200,2026-04-04T02:09:32.119390
2026-04-03_16-59-08,2477,-46.89035458819814,200,0,0.01998300088264805,47.042533945356304,50,200,2026-04-04T02:09:41.677669
2026-04-03_16-59-08,2478,-44.88971258547008,200,0,0.01998300088264805,47.042533945356304,50,200,2026-04-04T02:09:50.058189
2026-04-03_16-59-08,2479,-53.97473559689704,200,0,0.020390079456601304,46.04345773288535,50,200,2026-04-04T02:09:59.610546
2026-04-03_16-59-08,2480,-45.84139292561859,200,0,0.01998300088264805,47.042533945356304,50,200,2026-04-04T02:10:07.365356
2026-04-03_16-59-08,2481,-44.05931237285544,200,0,0.020390079456601304,46.04345773288535,50,200,2026-04-04T02:11:14.503297
2026-04-03_16-59-08,2482,-44.28549816509675,200,0,0.01998300088264805,47.042533945356304,50,200,2026-04-04T02:11:23.100961
2026-04-03_16-59-08,2483,-46.92239086394399,200,0,0.01998300088264805,47.042533945356304,50,200,2026-04-04T02:11:31.186539
2026-04-03_16-59-08,2484,-47.381375715607774,200,0,0.019995746067320595,47.01063709417264,50,200,2026-04-04T02:11:39.497094
2026-04-03_16-59-08,2485,-44.179054662022395,200,0,0.01998300088264805,47.042533945356304,50,200,2026-04-04T02:11:46.584527
2026-04-03_16-59-08,2486,-1234.7899691335076,39,0,0.01782584657016971,54.70831746635972,50,200,2026-04-04T02:11:50.581856
2026-04-03_16-59-08,2487,-47.28055958250414,200,0,0.01998300088264805,47.042533945356304,50,200,2026-04-04T02:11:59.386752
2026-04-03_16-59-08,2488,-434.592381316344,200,0,0.01998300088264805,47.042533945356304,50,200,2026-04-04T02:12:07.150825
2026-04-03_16-59-08,2489,-325.7304586485544,200,0,0.019995746067320595,47.01063709417264,50,200,2026-04-04T02:12:14.701616
2026-04-03_16-59-08,2490,-50.66820760747917,200,0,0.019995746067320595,47.01063709417264,50,200,2026-04-04T02:12:23.300964
2026-04-03_16-59-08,2491,-54.04484517227906,200,0,0.019961814104692832,47.095647357266465,50,200,2026-04-04T02:12:31.075508
2026-04-03_16-59-08,2492,-44.830890888278226,200,0,0.01998300088264805,47.042533945356304,50,200,2026-04-04T02:12:39.717673
2026-04-03_16-59-08,2493,-46.34709056307934,200,0,0.019995746067320595,47.01063709417264,50,200,2026-04-04T02:12:47.818325
2026-04-03_16-59-08,2494,-1059.538739485256,31,0,0.015703550997922425,62.369864518050704,50,200,2026-04-04T02:12:50.407297
2026-04-03_16-59-08,2495,-48.968117898876706,200,0,0.01993226789723963,47.16990566028302,50,200,2026-04-04T02:12:58.152268
2026-04-03_16-59-08,2496,-42.35612020843841,200,0,0.020390079456601304,46.04345773288535,50,200,2026-04-04T02:13:06.318455
2026-04-03_16-59-08,2497,-42.01289242276974,200,0,0.02040816326530612,46.0,50,200,2026-04-04T02:14:06.233000
2026-04-03_16-59-08,2498,-50.92451716532472,200,0,0.02,47.0,50,200,2026-04-04T02:14:14.291420
2026-04-03_16-59-08,2499,-46.105515333082764,200,0,0.019995746067320595,47.01063709417264,50,200,2026-04-04T02:14:22.305814
2026-04-03_16-59-08,2500,-86.89472380116622,200,0,0.019995746067320595,47.01063709417264,50,200,2026-04-04T02:14:30.508903
2026-04-03_16-59-08,2501,-1049.1471431121024,44,0,0.01780997267815073,54.70831746635972,50,200,2026-04-04T02:14:35.184782
2026-04-03_16-59-08,2502,-112.48686456183904,200,0,0.02,47.0,50,200,2026-04-04T02:14:43.196082
2026-04-03_16-59-08,2503,-88.09498665780507,200,0,0.019995746067320595,47.01063709417264,50,200,2026-04-04T02:14:51.112286
2026-04-03_16-59-08,2504,-466.8919069073587,200,0,0.02040363770460596,46.010868281309364,50,200,2026-04-04T02:14:59.191168
2026-04-03_16-59-08,2505,-47.66788699981026,200,0,0.01998300088264805,47.042533945356304,50,200,2026-04-04T02:15:07.771655
2026-04-03_16-59-08,2506,-68.86385032872677,200,0,0.01998300088264805,47.042533945356304,50,200,2026-04-04T02:15:16.301803
2026-04-03_16-59-08,2507,-46.53734087051257,200,0,0.01998300088264805,47.042533945356304,50,200,2026-04-04T02:15:24.140835
2026-04-03_16-59-08,2508,-45.894055393818476,200,0,0.020390079456601304,46.04345773288535,50,200,2026-04-04T02:15:32.636861
2026-04-03_16-59-08,2509,-48.614687522258336,200,0,0.01998300088264805,47.042533945356304,50,200,2026-04-04T02:15:40.490879
2026-04-03_16-59-08,2510,-47.73278117861862,200,0,0.019995746067320595,47.01063709417264,50,200,2026-04-04T02:15:48.992459
2026-04-03_16-59-08,2511,-68.62735523954689,200,0,0.02,47.0,50,200,2026-04-04T02:15:58.044439
2026-04-03_16-59-08,2512,-50.08019140591719,200,0,0.019848582720003817,47.38143096192854,50,200,2026-04-04T02:16:06.501806
2026-04-03_16-59-08,2513,-62.83538421533569,200,0,0.01998300088264805,47.042533945356304,50,200,2026-04-04T02:17:09.442914
2026-04-03_16-59-08,2514,-48.62122208415501,200,0,0.019794760996917248,47.51841748206689,50,200,2026-04-04T02:17:17.507738
2026-04-03_16-59-08,2515,-47.798922569687704,200,0,0.019848582720003817,47.38143096192854,50,200,2026-04-04T02:17:26.957657
2026-04-03_16-59-08,2516,-96.3877314411016,200,0,0.01998300088264805,47.042533945356304,50,200,2026-04-04T02:17:36.076961
2026-04-03_16-59-08,2517,-51.17900508111776,200,0,0.020336121301206208,46.17358552246078,50,200,2026-04-04T02:17:44.299604
2026-04-03_16-59-08,2518,-50.5317204186532,200,0,0.01998300088264805,47.042533945356304,50,200,2026-04-04T02:17:53.288659
2026-04-03_16-59-08,2519,-48.3831320079772,200,0,0.01998300088264805,47.042533945356304,50,200,2026-04-04T02:18:02.310893
2026-04-03_16-59-08,2520,-46.02733584598154,200,0,0.02040816326530612,46.0,50,200,2026-04-04T02:18:11.450227
2026-04-03_16-59-08,2521,-65.42173939263782,200,0,0.01862364991118559,50.695167422546305,50,200,2026-04-04T02:18:17.601412
2026-04-03_16-59-08,2522,-46.361363707120006,200,0,0.02040363770460596,46.010868281309364,50,200,2026-04-04T02:18:25.823860
2026-04-03_16-59-08,2523,-57.57621134939151,200,0,0.019995746067320595,47.01063709417264,50,200,2026-04-04T02:18:34.428277
2026-04-03_16-59-08,2524,-46.5442029150704,200,0,0.02075660826393015,45.17742799230607,50,200,2026-04-04T02:18:43.189517
2026-04-03_16-59-08,2525,-48.138836090676726,200,0,0.020390079456601304,46.04345773288535,50,200,2026-04-04T02:18:51.965274
2026-04-03_16-59-08,2526,-52.029302818082414,200,0,0.019995746067320595,47.01063709417264,50,200,2026-04-04T02:19:01.388256
2026-04-03_16-59-08,2527,-59.282223464997344,200,0,0.019215692546309227,49.040799340956916,50,200,2026-04-04T02:19:08.568751
2026-04-03_16-59-08,2528,-1069.306711473516,105,0,0.018959082867040872,50.695167422546305,50,200,2026-04-04T02:19:14.439954
2026-04-03_16-59-08,2529,-47.11201241904593,200,0,0.020713829343795728,45.27692569068709,50,200,2026-04-04T02:20:16.605822
2026-04-03_16-59-08,2530,-87.38904663459343,200,0,0.016233676290783778,58.60034129593445,50,200,2026-04-04T02:20:20.919172
2026-04-03_16-59-08,2531,-1104.7670101526232,173,0,0.018584468894100953,51.07837115648854,50,200,2026-04-04T02:20:26.359564
2026-04-03_16-59-08,2532,-1074.3980938361594,88,0,0.018396364256876255,52.478567053607705,50,200,2026-04-04T02:20:31.320384
2026-04-03_16-59-08,2533,-50.943406519505366,200,0,0.019848582720003817,47.38143096192854,50,200,2026-04-04T02:20:40.284402
2026-04-03_16-59-08,2534,-310.55591306283947,200,0,0.01958785004649385,48.05205510693585,50,200,2026-04-04T02:20:48.248113
2026-04-03_16-59-08,2535,-65.49819833717298,200,0,0.017782416501530854,53.23532661682466,50,200,2026-04-04T02:20:54.328342
2026-04-03_16-59-08,2536,-77.36194014801104,200,0,0.01701884110896858,55.758407437802596,50,200,2026-04-04T02:20:59.801935
2026-04-03_16-59-08,2537,-126.62039110856969,200,0,0.01956791925519426,48.104053883222775,50,200,2026-04-04T02:21:08.463148
2026-04-03_16-59-08,2538,-55.200330849823885,200,0,0.019215692546309227,49.040799340956916,50,200,2026-04-04T02:21:15.820508
2026-04-03_16-59-08,2539,-68.43980315805769,200,0,0.01849168121403405,51.07837115648854,50,200,2026-04-04T02:21:21.395683
2026-04-03_16-59-08,2540,-74.99834974230956,200,0,0.017328524620093738,54.70831746635972,50,200,2026-04-04T02:21:27.298179
2026-04-03_16-59-08,2541,-72.67120969279928,200,0,0.017632891518770216,53.71219600798314,50,200,2026-04-04T02:21:32.967625
2026-04-03_16-59-08,2542,-1048.9278490837887,18,0,0.016607464219730653,59.033888572581766,50,200,2026-04-04T02:21:35.979746
2026-04-03_16-59-08,2543,-46.636317069687856,200,0,0.01998300088264805,47.042533945356304,50,200,2026-04-04T02:21:44.599105
2026-04-03_16-59-08,2544,-103.42510247859178,200,0,0.014542338320164393,65.76473218982953,50,200,2026-04-04T02:21:48.253443
2026-04-03_16-59-08,2545,-111.5785062821753,200,0,0.015762912443755845,60.440052945046304,50,200,2026-04-04T02:22:45.056596
2026-04-03_16-59-08,2546,-88.1618647643528,200,0,0.016233676290783778,58.60034129593445,50,200,2026-04-04T02:22:49.234244
2026-04-03_16-59-08,2547,-84.86179952262972,200,0,0.01639112635551034,58.008620049092706,50,200,2026-04-04T02:22:53.622072
2026-04-03_16-59-08,2548,-71.16992066181747,200,0,0.017782416501530854,53.23532661682466,50,200,2026-04-04T02:22:58.754746
2026-04-03_16-59-08,2549,-79.90389077299949,200,0,0.016705792773982008,56.859475903318,50,200,2026-04-04T02:23:04.620947
2026-04-03_16-59-08,2550,-94.1632361581441,200,0,0.015607021214299889,61.07372593840988,50,200,2026-04-04T02:23:07.741368
2026-04-03_16-59-08,2551,-654.2311223648035,200,0,0.020051264433743995,46.87216658103186,50,200,2026-04-04T02:23:15.485087
2026-04-03_16-59-08,2552,-55.138048821487175,200,0,0.019504555598702577,48.27007354458868,50,200,2026-04-04T02:23:23.905262
2026-04-03_16-59-08,2553,-356.86738880357444,200,0,0.017328524620093738,54.70831746635972,50,200,2026-04-04T02:23:28.951419
2026-04-03_16-59-08,2554,-56.51540793199981,200,0,0.019970280554489933,47.07440918375928,50,200,2026-04-04T02:23:37.090828
2026-04-03_16-59-08,2555,-54.640664024357136,200,0,0.02018996312454887,46.52956049652737,50,200,2026-04-04T02:23:44.695900
2026-04-03_16-59-08,2556,-93.12275643765115,200,0,0.014847677195736854,64.35060217278468,50,200,2026-04-04T02:23:50.186962
2026-04-03_16-59-08,2557,-94.4974899648797,200,0,0.015451867499167868,61.71709649683789,50,200,2026-04-04T02:23:53.927962
2026-04-03_16-59-08,2558,-105.2213004884963,200,0,0.014395109419717729,66.46803743153546,50,200,2026-04-04T02:23:57.126988
2026-04-03_16-59-08,2559,-1052.3194277770594,1,0,0.015136877362419606,65.05382386916237,50,200,2026-04-04T02:23:59.057888
2026-04-03_16-59-08,2560,-84.50818360937528,200,0,0.016548560675416515,57.42821606144492,50,200,2026-04-04T02:24:04.095691
2026-04-03_16-59-08,2561,-80.18221354886815,200,0,0.016548560675416515,57.42821606144492,50,200,2026-04-04T02:25:05.083400
2026-04-03_16-59-08,2562,-384.7580420126592,200,0,0.014690933476920654,65.06919393998976,50,200,2026-04-04T02:25:08.525152
2026-04-03_16-59-08,2563,-50.752835372631935,200,0,0.01988192745132041,47.29693436154187,50,200,2026-04-04T02:25:16.662311
2026-04-03_16-59-08,2564,-102.6008198767329,200,0,0.014395109419717729,66.46803743153546,50,200,2026-04-04T02:25:21.375187
2026-04-03_16-59-08,2565,-90.26454234313175,200,0,0.01591941320116355,59.81638571495272,50,200,2026-04-04T02:25:25.207371
2026-04-03_16-59-08,2566,-60.55409018104616,200,0,0.01862364991118559,50.695167422546305,50,200,2026-04-04T02:25:33.781993
2026-04-03_16-59-08,2567,-255.99889187351727,200,0,0.016233676290783778,58.60034129593445,50,200,2026-04-04T02:25:37.704451
2026-04-03_16-59-08,2568,-145.72943648622592,200,0,0.014395109419717729,66.46803743153546,50,200,2026-04-04T02:25:41.084031
2026-04-03_16-59-08,2569,-91.9273968323076,200,0,0.015451867499167868,61.71709649683789,50,200,2026-04-04T02:25:46.199751
2026-04-03_16-59-08,2570,-1066.2339354629275,84,0,0.01795601377640912,53.85164807134504,50,200,2026-04-04T02:25:50.908176
2026-04-03_16-59-08,2571,-95.64408103218526,200,0,0.015144232602744119,63.0317380372777,50,200,2026-04-04T02:25:56.057501
2026-04-03_16-59-08,2572,-84.80679475508866,200,0,0.01639112635551034,58.008620049092706,50,200,2026-04-04T02:26:00.173461
2026-04-03_16-59-08,2573,-81.66074207678359,200,0,0.01607638457164266,59.20304046246274,50,200,2026-04-04T02:26:05.771701
2026-04-03_16-59-08,2574,-91.94671717775097,200,0,0.015297568801352924,62.369864518050704,50,200,2026-04-04T02:26:11.230690
2026-04-03_16-59-08,2575,-81.33538018526029,200,0,0.016938902237140722,56.0357029044876,50,200,2026-04-04T02:26:16.085271
2026-04-03_16-59-08,2576,-73.24593231168909,200,0,0.017174220679360835,55.226805085936306,50,200,2026-04-04T02:26:22.797077
2026-04-03_16-59-08,2577,-72.1497505052537,200,0,0.017929790780920406,52.773099207835045,50,200,2026-04-04T02:27:24.859379
2026-04-03_16-59-08,2578,-102.28841936876462,200,0,0.014690933476920654,65.06919393998976,50,200,2026-04-04T02:27:28.301859
2026-04-03_16-59-08,2579,-102.87973424312838,200,0,0.014542338320164393,65.76473218982953,50,200,2026-04-04T02:27:31.784588
2026-04-03_16-59-08,2580,-79.17051151752969,200,0,0.01701884110896858,55.758407437802596,50,200,2026-04-04T02:27:36.098836
2026-04-03_16-59-08,2581,-99.55672768438329,200,0,0.014395109419717729,66.46803743153546,50,200,2026-04-04T02:27:40.877624
2026-04-03_16-59-08,2582,-82.75292100978074,200,0,0.01700586979491621,55.80322571321482,50,200,2026-04-04T02:27:44.878584
2026-04-03_16-59-08,2583,-92.53332551248307,200,0,0.015144232602744119,63.0317380372777,50,200,2026-04-04T02:27:49.365089
2026-04-03_16-59-08,2584,-76.18830766792037,200,0,0.017481502537204034,54.20332093147061,50,200,2026-04-04T02:27:54.762450
2026-04-03_16-59-08,2585,-89.85291803495815,200,0,0.015451867499167868,61.71709649683789,50,200,2026-04-04T02:27:59.882906
2026-04-03_16-59-08,2586,-87.71438394641916,200,0,0.01639112635551034,58.008620049092706,50,200,2026-04-04T02:28:03.997280
2026-04-03_16-59-08,2587,-86.42538204106852,200,0,0.015607021214299889,61.07372593840988,50,200,2026-04-04T02:28:08.859791
2026-04-03_16-59-08,2588,-103.00382708277428,200,0,0.014542338320164393,65.76473218982953,50,200,2026-04-04T02:28:12.374997
2026-04-03_16-59-08,2589,-97.1135760072083,200,0,0.015144232602744119,63.0317380372777,50,200,2026-04-04T02:28:16.160891
2026-04-03_16-59-08,2590,-93.88381394049968,200,0,0.015451867499167868,61.71709649683789,50,200,2026-04-04T02:28:19.687256
2026-04-03_16-59-08,2591,-79.86123663460307,200,0,0.016233676290783778,58.60034129593445,50,200,2026-04-04T02:28:25.384267
2026-04-03_16-59-08,2592,-1196.341660904204,9,0,0.01559533522654426,63.0317380372777,50,200,2026-04-04T02:28:27.582353
2026-04-03_16-59-08,2593,-1048.0411469908865,1,0,0.015464239121837704,63.655321851358195,50,200,2026-04-04T02:29:26.401699
2026-04-03_16-59-08,2594,-205.12400641083477,200,0,0.02040816326530612,46.0,50,200,2026-04-04T02:29:34.419058
2026-04-03_16-59-08,2595,-237.2021914919973,200,0,0.01998300088264805,47.042533945356304,50,200,2026-04-04T02:29:41.996732
2026-04-03_16-59-08,2596,-88.6237542323101,200,0,0.015762912443755845,60.440052945046304,50,200,2026-04-04T02:29:46.700099
2026-04-03_16-59-08,2597,-79.0745597432064,200,0,0.017532471434017583,54.037024344425184,50,200,2026-04-04T02:29:53.663997
2026-04-03_16-59-08,2598,-103.98385481533354,200,0,0.014542338320164393,65.76473218982953,50,200,2026-04-04T02:29:56.530458
2026-04-03_16-59-08,2599,-97.5128835399322,200,0,0.014694251449008376,65.05382386916237,50,200,2026-04-04T02:30:01.937349
2026-04-03_16-59-08,2600,-98.5854498616396,200,0,0.015002553017897154,63.655321851358195,50,200,2026-04-04T02:30:05.673254
2026-04-03_16-59-08,2601,-96.57345854931536,200,0,0.015297568801352924,62.369864518050704,50,200,2026-04-04T02:30:09.989726
2026-04-03_16-59-08,2602,-91.33490492657849,200,0,0.01591941320116355,59.81638571495272,50,200,2026-04-04T02:30:13.750942
2026-04-03_16-59-08,2603,-78.47268034287139,200,0,0.017063170644771773,55.60575509783138,50,200,2026-04-04T02:30:18.196528
2026-04-03_16-59-08,2604,-76.23079793723913,200,0,0.017632891518770216,53.71219600798314,50,200,2026-04-04T02:30:24.067742
2026-04-03_16-59-08,2605,-94.62180928704886,200,0,0.015475132526931253,61.61980201201558,50,200,2026-04-04T02:30:28.109256
2026-04-03_16-59-08,2606,-63.121568737605244,200,0,0.017749838297735666,53.33854141237835,50,200,2026-04-04T02:30:35.495795
2026-04-03_16-59-08,2607,-90.61877746464184,200,0,0.01607638457164266,59.20304046246274,50,200,2026-04-04T02:30:38.896104
2026-04-03_16-59-08,2608,-99.01523787985751,200,0,0.014991956837375139,63.702433234531945,50,200,2026-04-04T02:30:42.037531
2026-04-03_16-59-08,2609,-102.24623437449405,200,0,0.014694251449008376,65.05382386916237,50,200,2026-04-04T02:31:37.937221
2026-04-03_16-59-08,2610,-100.58905934805689,200,0,0.014847677195736854,64.35060217278468,50,200,2026-04-04T02:31:42.453213
2026-04-03_16-59-08,2611,-99.56768180157849,200,0,0.014991956837375139,63.702433234531945,50,200,2026-04-04T02:31:45.959424
2026-04-03_16-59-08,2612,-89.74979180528325,200,0,0.01591941320116355,59.81638571495272,50,200,2026-04-04T02:31:51.731026
2026-04-03_16-59-08,2613,-98.81783395349785,200,0,0.014542338320164393,65.76473218982953,50,200,2026-04-04T02:31:57.873915
2026-04-03_16-59-08,2614,-84.7344435765184,200,0,0.016705792773982008,56.859475903318,50,200,2026-04-04T02:32:03.034792
2026-04-03_16-59-08,2615,-81.94420788959548,200,0,0.01639112635551034,58.008620049092706,50,200,2026-04-04T02:32:07.677436
2026-04-03_16-59-08,2616,-105.21793945827699,200,0,0.014395109419717729,66.46803743153546,50,200,2026-04-04T02:32:11.047739
2026-04-03_16-59-08,2617,-200.07605220482304,200,0,0.015655105496591208,60.876925020897694,50,200,2026-04-04T02:32:17.462115
2026-04-03_16-59-08,2618,-101.25926017061254,200,0,0.014694251449008376,65.05382386916237,50,200,2026-04-04T02:32:21.996325
2026-04-03_16-59-08,2619,-103.37477579587446,200,0,0.014542338320164393,65.76473218982953,50,200,2026-04-04T02:32:25.309854
2026-04-03_16-59-08,2620,-103.79898490927256,200,0,0.014395109419717729,66.46803743153546,50,200,2026-04-04T02:32:29.528675
2026-04-03_16-59-08,2621,-80.48484941728547,200,0,0.016862623549837707,56.302753041036986,50,200,2026-04-04T02:32:35.253514
2026-04-03_16-59-08,2622,-97.37003296637783,200,0,0.015297568801352924,62.369864518050704,50,200,2026-04-04T02:32:37.954743
2026-04-03_16-59-08,2623,-105.97690029557728,200,0,0.014395109419717729,66.46803743153546,50,200,2026-04-04T02:32:41.359066
2026-04-03_16-59-08,2624,-73.94481289224339,200,0,0.018074716675633755,52.32590180780452,50,200,2026-04-04T02:32:47.107507
2026-04-03_16-59-08,2625,-97.38086873463782,200,0,0.015144232602744119,63.0317380372777,50,200,2026-04-04T02:33:45.435444
2026-04-03_16-59-08,2626,-87.62223286288199,200,0,0.015957683908956685,59.665735560705194,50,200,2026-04-04T02:33:51.741761
2026-04-03_16-59-08,2627,-75.11902269564544,200,0,0.017347767675262683,54.644304369257,50,200,2026-04-04T02:33:57.402349
2026-04-03_16-59-08,2628,-93.95738792341952,200,0,0.015451867499167868,61.71709649683789,50,200,2026-04-04T02:34:01.407299
2026-04-03_16-59-08,2629,-88.26359906394426,200,0,0.016022096878742342,59.413803110051795,50,200,2026-04-04T02:34:06.037327
2026-04-03_16-59-08,2630,-96.19863027531817,200,0,0.01531636424944194,62.289646009589745,50,200,2026-04-04T02:34:10.053556
2026-04-03_16-59-08,2631,-91.54921860359981,200,0,0.015607021214299889,61.07372593840988,50,200,2026-04-04T02:34:13.789499
2026-04-03_16-59-08,2632,-87.19939242808876,200,0,0.016548560675416515,57.42821606144492,50,200,2026-04-04T02:34:18.831860
2026-04-03_16-59-08,2633,-99.87590389965553,200,0,0.014840830370231983,64.38167441127949,50,200,2026-04-04T02:34:23.316054
2026-04-03_16-59-08,2634,-104.89619091539879,200,0,0.014840830370231983,64.38167441127949,50,200,2026-04-04T02:34:26.823013
2026-04-03_16-59-08,2635,-70.531635952559,200,0,0.018191361753620034,51.97114584074513,50,200,2026-04-04T02:34:32.848827
2026-04-03_16-59-08,2636,-1046.5308278771552,1,0,0.015464239121837704,63.655321851358195,50,200,2026-04-04T02:34:34.908847
2026-04-03_16-59-08,2637,-55.33232507852975,200,0,0.01993226789723963,47.16990566028302,50,200,2026-04-04T02:34:42.374800
2026-04-03_16-59-08,2638,-70.88554889404948,200,0,0.017632891518770216,53.71219600798314,50,200,2026-04-04T02:34:49.155691
2026-04-03_16-59-08,2639,-96.95844044262819,200,0,0.015297568801352924,62.369864518050704,50,200,2026-04-04T02:34:52.775042
2026-04-03_16-59-08,2640,-92.45453240319729,200,0,0.015762912443755845,60.440052945046304,50,200,2026-04-04T02:34:56.539220
2026-04-03_16-59-08,2641,-90.31563017085875,200,0,0.016774943497769916,56.61271941887264,50,200,2026-04-04T02:35:55.171811
2026-04-03_16-59-08,2642,-84.59578758201182,200,0,0.016233676290783778,58.60034129593445,50,200,2026-04-04T02:36:00.458549
2026-04-03_16-59-08,2643,-93.80174129693701,200,0,0.01563501554262549,60.959002616512684,50,200,2026-04-04T02:36:04.362667
2026-04-03_16-59-08,2644,-95.1700324827477,200,0,0.015475132526931253,61.61980201201558,50,200,2026-04-04T02:36:08.461470
2026-04-03_16-59-08,2645,-268.530408095157,200,0,0.017328524620093738,54.70831746635972,50,200,2026-04-04T02:36:14.106157
2026-04-03_16-59-08,2646,-103.5517606006194,200,0,0.014542338320164393,65.76473218982953,50,200,2026-04-04T02:36:17.373478
2026-04-03_16-59-08,2647,-89.06339270413903,200,0,0.01591941320116355,59.81638571495272,50,200,2026-04-04T02:36:21.513254
2026-04-03_16-59-08,2648,-99.50303625091527,200,0,0.014840830370231983,64.38167441127949,50,200,2026-04-04T02:36:25.542490
2026-04-03_16-59-08,2649,-100.82624442967295,200,0,0.014847677195736854,64.35060217278468,50,200,2026-04-04T02:36:29.486557
2026-04-03_16-59-08,2650,-95.45629486278511,200,0,0.015297568801352924,62.369864518050704,50,200,2026-04-04T02:36:33.894505
2026-04-03_16-59-08,2651,-97.68862286043526,200,0,0.015166112325465147,62.93647591023825,50,200,2026-04-04T02:36:37.497848
2026-04-03_16-59-08,2652,-87.39961490067644,200,0,0.015451867499167868,61.71709649683789,50,200,2026-04-04T02:36:43.656532
2026-04-03_16-59-08,2653,-79.43152571021061,200,0,0.017347767675262683,54.644304369257,50,200,2026-04-04T02:36:48.706222
2026-04-03_16-59-08,2654,-105.22253226683365,200,0,0.014395109419717729,66.46803743153546,50,200,2026-04-04T02:36:52.281303
2026-04-03_16-59-08,2655,-101.08845728237375,200,0,0.01566719731860802,60.8276253029822,50,200,2026-04-04T02:36:56.853274
2026-04-03_16-59-08,2656,-71.63219171241474,200,0,0.017481502537204034,54.20332093147061,50,200,2026-04-04T02:37:02.503404
2026-04-03_16-59-08,2657,-98.01634042292147,200,0,0.014694251449008376,65.05382386916237,50,200,2026-04-04T02:38:06.513216
2026-04-03_16-59-08,2658,-91.87061969642765,200,0,0.01591941320116355,59.81638571495272,50,200,2026-04-04T02:38:10.314625
2026-04-03_16-59-08,2659,-76.12190076015519,200,0,0.01701884110896858,55.758407437802596,50,200,2026-04-04T02:38:15.352812
2026-04-03_16-59-08,2660,-69.18110497709844,200,0,0.018355982849274897,51.478150704935004,50,200,2026-04-04T02:38:21.153417
2026-04-03_16-59-08,2661,-61.712896699298746,200,0,0.01852188156539091,50.99019513592785,50,200,2026-04-04T02:38:28.112014
2026-04-03_16-59-08,2662,-110.20262119175159,200,0,0.016324386013151563,58.25804665451803,50,200,2026-04-04T02:38:32.390626
2026-04-03_16-59-08,2663,-78.73159878621307,200,0,0.016862623549837707,56.302753041036986,50,200,2026-04-04T02:38:38.077767
2026-04-03_16-59-08,2664,-88.32877888778916,200,0,0.01591941320116355,59.81638571495272,50,200,2026-04-04T02:38:42.547609
2026-04-03_16-59-08,2665,-87.02055744238702,200,0,0.01582078896403802,60.207972893961475,50,200,2026-04-04T02:38:47.155880
2026-04-03_16-59-08,2666,-83.53470213330297,200,0,0.01639112635551034,58.008620049092706,50,200,2026-04-04T02:38:51.447250
2026-04-03_16-59-08,2667,-73.0194684361281,200,0,0.017481502537204034,54.20332093147061,50,200,2026-04-04T02:38:57.069063
2026-04-03_16-59-08,2668,-67.16219358478249,200,0,0.018220084638200296,51.884487084291386,50,200,2026-04-04T02:39:03.903660
2026-04-03_16-59-08,2669,-85.59791567352295,200,0,0.016233676290783778,58.60034129593445,50,200,2026-04-04T02:39:08.718770
2026-04-03_16-59-08,2670,-100.31537538809596,200,0,0.015762912443755845,60.440052945046304,50,200,2026-04-04T02:39:13.440440
2026-04-03_16-59-08,2671,-81.26973631505702,200,0,0.016705792773982008,56.859475903318,50,200,2026-04-04T02:39:18.790425
2026-04-03_16-59-08,2672,-83.50166780365994,200,0,0.016548560675416515,57.42821606144492,50,200,2026-04-04T02:39:23.866528
2026-04-03_16-59-08,2673,-63.023062833101974,200,0,0.018993797373463208,49.64876634922564,50,200,2026-04-04T02:40:31.025109
2026-04-03_16-59-08,2674,-46.110859721067044,200,0,0.021544022757028155,43.41658669218482,50,200,2026-04-04T02:40:39.564406
2026-04-03_16-59-08,2675,-75.90744960009535,200,0,0.017589639595760997,53.85164807134504,50,200,2026-04-04T02:40:44.274310
2026-04-03_16-59-08,2676,-46.22777480165234,200,0,0.020872023478969742,44.91102314577124,50,200,2026-04-04T02:40:52.846775
2026-04-03_16-59-08,2677,-47.014813467441954,200,0,0.020453588756478333,45.89117562233506,50,200,2026-04-04T02:41:02.166547
2026-04-03_16-59-08,2678,-186.83796303891538,200,0,0.017929790780920406,52.773099207835045,50,200,2026-04-04T02:41:08.600039
2026-04-03_16-59-08,2679,-83.15433485249481,200,0,0.016548560675416515,57.42821606144492,50,200,2026-04-04T02:41:13.529371
2026-04-03_16-59-08,2680,-45.27536145082932,200,0,0.02,47.0,50,200,2026-04-04T02:41:23.449861
2026-04-03_16-59-08,2681,-64.88619124760288,200,0,0.018668283955683724,50.566787519082126,50,200,2026-04-04T02:41:30.215344
2026-04-03_16-59-08,2682,-59.94003028242245,200,0,0.018751552348909063,50.32891812864648,50,200,2026-04-04T02:41:37.404677
2026-04-03_16-59-08,2683,-64.85095580446425,200,0,0.018355982849274897,51.478150704935004,50,200,2026-04-04T02:41:44.375024
2026-04-03_16-59-08,2684,-110.01567177391324,200,0,0.017174220679360835,55.226805085936306,50,200,2026-04-04T02:41:49.589033
2026-04-03_16-59-08,2685,-162.89588232620954,200,0,0.01862364991118559,50.695167422546305,50,200,2026-04-04T02:41:56.318941
2026-04-03_16-59-08,2686,-51.71677209991428,200,0,0.020072743766778974,46.8187996428785,50,200,2026-04-04T02:42:03.905756
2026-04-03_16-59-08,2687,-82.2275963980623,200,0,0.01701884110896858,55.758407437802596,50,200,2026-04-04T02:42:08.706406
2026-04-03_16-59-08,2688,-61.17879180449599,200,0,0.018875048613258016,49.9799959983992,50,200,2026-04-04T02:42:15.271213
2026-04-03_16-59-08,2689,-62.91845604929757,200,0,0.018518518518518517,51.0,50,200,2026-04-04T02:43:16.389107
2026-04-03_16-59-08,2690,-59.38662620750001,200,0,0.018993797373463208,49.64876634922564,50,200,2026-04-04T02:43:23.707441
2026-04-03_16-59-08,2691,-43.91752662139053,200,0,0.02040816326530612,46.0,50,200,2026-04-04T02:43:34.362165
2026-04-03_16-59-08,2692,-59.19744963405888,200,0,0.019215692546309227,49.040799340956916,50,200,2026-04-04T02:43:41.553018
2026-04-03_16-59-08,2693,-56.48862489902513,200,0,0.018950351925655272,49.76946855251722,50,200,2026-04-04T02:43:48.832535
2026-04-03_16-59-08,2694,-88.75989664712792,200,0,0.019635938752310768,47.92702786528704,50,200,2026-04-04T02:43:56.965949
2026-04-03_16-59-08,2695,-1048.4550316750976,11,0,0.016246939720634023,60.440052945046304,50,200,2026-04-04T02:43:59.807992
2026-04-03_16-59-08,2696,-56.38037703534191,200,0,0.019827829050658496,47.43416490252569,50,200,2026-04-04T02:44:08.106967
2026-04-03_16-59-08,2697,-1130.4227968101848,111,0,0.0183702293300968,52.32590180780452,50,200,2026-04-04T02:44:13.361049
2026-04-03_16-59-08,2698,-36.7868610131901,200,0,0.022503921961476187,41.43669871020132,50,200,2026-04-04T02:44:23.843342
2026-04-03_16-59-08,2699,-57.24047161969885,200,0,0.019215692546309227,49.040799340956916,50,200,2026-04-04T02:44:31.797961
2026-04-03_16-59-08,2700,-51.14728691360693,200,0,0.019848582720003817,47.38143096192854,50,200,2026-04-04T02:44:41.275791
2026-04-03_16-59-08,2701,-68.08158300399197,200,0,0.017782416501530854,53.23532661682466,50,200,2026-04-04T02:44:47.687974
2026-04-03_16-59-08,2702,-84.92479347994163,200,0,0.01666423056308451,57.0087712549569,50,200,2026-04-04T02:44:51.733120
2026-04-03_16-59-08,2703,-158.9931591853889,200,0,0.02029593865151834,46.2709412050371,50,200,2026-04-04T02:45:01.142217
2026-04-03_16-59-08,2704,-40.51299599271343,200,0,0.02127145340732924,44.01136216933077,50,200,2026-04-04T02:45:10.594023
2026-04-03_16-59-08,2705,-1114.686245422717,78,0,0.01848227211057694,52.32590180780452,50,200,2026-04-04T02:46:07.471049
2026-04-03_16-59-08,2706,-39.467070952809806,200,0,0.021256049244479793,44.04543109109048,50,200,2026-04-04T02:46:19.091797
2026-04-03_16-59-08,2707,-100.76963456476709,200,0,0.0201724648559167,46.57252408878007,50,200,2026-04-04T02:46:27.006884
2026-04-03_16-59-08,2708,-45.60933623078566,200,0,0.020713829343795728,45.27692569068709,50,200,2026-04-04T02:46:36.739554
2026-04-03_16-59-08,2709,-52.88959260026524,200,0,0.019504555598702577,48.27007354458868,50,200,2026-04-04T02:46:44.653776
2026-04-03_16-59-08,2710,-91.39420954817045,200,0,0.015607021214299889,61.07372593840988,50,200,2026-04-04T02:46:50.184700
2026-04-03_16-59-08,2711,-71.42528102370845,200,0,0.018216886356675295,51.894122981316485,50,200,2026-04-04T02:46:56.248970
2026-04-03_16-59-08,2712,-51.10142967962516,200,0,0.019794760996917248,47.51841748206689,50,200,2026-04-04T02:47:05.152572
2026-04-03_16-59-08,2713,-57.23791322405532,200,0,0.01908529664373257,49.39635614091387,50,200,2026-04-04T02:47:12.203724
2026-04-03_16-59-08,2714,-64.52563944373127,200,0,0.01862364991118559,50.695167422546305,50,200,2026-04-04T02:47:19.530214
2026-04-03_16-59-08,2715,-45.533676189857125,200,0,0.01998300088264805,47.042533945356304,50,200,2026-04-04T02:47:29.076715
2026-04-03_16-59-08,2716,-49.02886210112804,200,0,0.019848582720003817,47.38143096192854,50,200,2026-04-04T02:47:38.456897
2026-04-03_16-59-08,2717,-46.611496744483446,200,0,0.02,47.0,50,200,2026-04-04T02:47:48.533789
2026-04-03_16-59-08,2718,-52.64321712078409,200,0,0.02029593865151834,46.2709412050371,50,200,2026-04-04T02:47:56.792263
2026-04-03_16-59-08,2719,-47.1201140399191,200,0,0.01998300088264805,47.042533945356304,50,200,2026-04-04T02:48:05.997710
2026-04-03_16-59-08,2720,-64.09046112553997,200,0,0.01862364991118559,50.695167422546305,50,200,2026-04-04T02:48:12.616667
2026-04-03_16-59-08,2721,-61.01092622029912,200,0,0.01908529664373257,49.39635614091387,50,200,2026-04-04T02:49:12.554883
2026-04-03_16-59-08,2722,-59.53872026524824,200,0,0.020531528619281612,45.70557952810576,50,200,2026-04-04T02:49:21.815086
2026-04-03_16-59-08,2723,-46.83816425917757,200,0,0.020367543613641036,46.09772228646444,50,200,2026-04-04T02:49:30.860528
2026-04-03_16-59-08,2724,-78.65084794685086,200,0,0.01701884110896858,55.758407437802596,50,200,2026-04-04T02:49:36.519885
2026-04-03_16-59-08,2725,-44.712250984941925,200,0,0.02075660826393015,45.17742799230607,50,200,2026-04-04T02:49:45.561728
2026-04-03_16-59-08,2726,-267.9471616631571,200,0,0.018668283955683724,50.566787519082126,50,200,2026-04-04T02:49:52.303748
2026-04-03_16-59-08,2727,-50.97935734260786,200,0,0.019995746067320595,47.01063709417264,50,200,2026-04-04T02:50:02.739450
2026-04-03_16-59-08,2728,-62.347493968016295,200,0,0.01931816857785835,48.76474136094644,50,200,2026-04-04T02:50:10.005609
2026-04-03_16-59-08,2729,-55.524517408095655,200,0,0.019949135023414426,47.12748667179272,50,200,2026-04-04T02:50:18.385323
2026-04-03_16-59-08,2730,-310.8031808512165,200,0,0.019995746067320595,47.01063709417264,50,200,2026-04-04T02:50:28.249044
2026-04-03_16-59-08,2731,-58.140672513623294,200,0,0.019504555598702577,48.27007354458868,50,200,2026-04-04T02:50:37.062922
2026-04-03_16-59-08,2732,-1058.8556189708409,64,0,0.017584951334769276,55.226805085936306,50,200,2026-04-04T02:50:41.822575
2026-04-03_16-59-08,2733,-1057.00273375233,22,0,0.015563781316231757,63.0317380372777,50,200,2026-04-04T02:50:44.344343
2026-04-03_16-59-08,2734,-53.726787795982695,200,0,0.020247155398494077,46.389654018972806,50,200,2026-04-04T02:50:52.087270
2026-04-03_16-59-08,2735,-1044.5813708064627,3,0,0.01580892779853245,62.22539674441618,50,200,2026-04-04T02:50:54.365772
2026-04-03_16-59-08,2736,-1052.1802077082807,21,0,0.015891405382898134,61.71709649683789,50,200,2026-04-04T02:50:57.016099
2026-04-03_16-59-08,2737,-47.189543097980135,200,0,0.019995746067320595,47.01063709417264,50,200,2026-04-04T02:51:49.502932
2026-04-03_16-59-08,2738,-58.21569328811349,200,0,0.019215692546309227,49.040799340956916,50,200,2026-04-04T02:51:57.135883
2026-04-03_16-59-08,2739,-50.04313473265482,200,0,0.01989447604152175,47.265209192385896,50,200,2026-04-04T02:52:05.537006
2026-04-03_16-59-08,2740,-49.04907930808179,200,0,0.020661909284242042,45.39823785126467,50,200,2026-04-04T02:52:14.099504
2026-04-03_16-59-08,2741,-57.81697664729736,200,0,0.018993797373463208,49.64876634922564,50,200,2026-04-04T02:52:20.989447
2026-04-03_16-59-08,2742,-55.8384871029314,200,0,0.019794760996917248,47.51841748206689,50,200,2026-04-04T02:52:29.640294
2026-04-03_16-59-08,2743,-229.88060452302943,200,0,0.01998300088264805,47.042533945356304,50,200,2026-04-04T02:52:39.216722
2026-04-03_16-59-08,2744,-49.731680274948516,200,0,0.019995746067320595,47.01063709417264,50,200,2026-04-04T02:52:48.499797
2026-04-03_16-59-08,2745,-49.24138744360416,200,0,0.019995746067320595,47.01063709417264,50,200,2026-04-04T02:52:58.449796
2026-04-03_16-59-08,2746,-61.76278572254467,200,0,0.018875048613258016,49.9799959983992,50,200,2026-04-04T02:53:05.703208
2026-04-03_16-59-08,2747,-1183.6826211120692,59,0,0.018372430729447973,52.839379254491625,50,200,2026-04-04T02:53:11.160223
2026-04-03_16-59-08,2748,-46.60000434930558,200,0,0.02040363770460596,46.010868281309364,50,200,2026-04-04T02:53:20.275013
2026-04-03_16-59-08,2749,-85.01634017494648,200,0,0.018875048613258016,49.9799959983992,50,200,2026-04-04T02:53:27.072267
2026-04-03_16-59-08,2750,-49.33034437338666,200,0,0.019794760996917248,47.51841748206689,50,200,2026-04-04T02:53:35.891161
2026-04-03_16-59-08,2751,-60.751853146395234,200,0,0.020828512513489137,45.0111097397076,50,200,2026-04-04T02:53:45.003004
2026-04-03_16-59-08,2752,-44.76307045377179,200,0,0.020390079456601304,46.04345773288535,50,200,2026-04-04T02:53:54.071831
2026-04-03_16-59-08,2753,-54.70578257310785,200,0,0.019504555598702577,48.27007354458868,50,200,2026-04-04T02:54:56.436878
2026-04-03_16-59-08,2754,-46.42520901912397,200,0,0.0213541914234426,43.829214001622255,50,200,2026-04-04T02:55:06.216993
2026-04-03_16-59-08,2755,-60.92492891055163,200,0,0.018875048613258016,49.9799959983992,50,200,2026-04-04T02:55:13.370073
2026-04-03_16-59-08,2756,-1075.6913210085756,28,0,0.015229584212799454,64.38167441127949,50,200,2026-04-04T02:55:15.443025
2026-04-03_16-59-08,2757,-72.19384245284984,200,0,0.017481502537204034,54.20332093147061,50,200,2026-04-04T02:55:22.100778
2026-04-03_16-59-08,2758,-62.54396677482733,200,0,0.019652048850810646,47.885279575251516,50,200,2026-04-04T02:55:28.775559
2026-04-03_16-59-08,2759,-52.10240763043544,200,0,0.01993226789723963,47.16990566028302,50,200,2026-04-04T02:55:37.055485
2026-04-03_16-59-08,2760,-49.22411708516465,200,0,0.02018996312454887,46.52956049652737,50,200,2026-04-04T02:55:46.215980
2026-04-03_16-59-08,2761,-101.36234307713958,200,0,0.01862364991118559,50.695167422546305,50,200,2026-04-04T02:55:54.623706
2026-04-03_16-59-08,2762,-62.606991100233934,200,0,0.019140848099743594,49.24428900898052,50,200,2026-04-04T02:56:04.122160
2026-04-03_16-59-08,2763,-50.05541440706777,200,0,0.02,47.0,50,200,2026-04-04T02:56:13.882076
2026-04-03_16-59-08,2764,-54.80343305773727,200,0,0.01931816857785835,48.76474136094644,50,200,2026-04-04T02:56:21.497189
2026-04-03_16-59-08,2765,-49.262038064596354,200,0,0.01993226789723963,47.16990566028302,50,200,2026-04-04T02:56:32.605883
2026-04-03_16-59-08,2766,-1071.2892341607721,115,0,0.019457414807806023,49.24428900898052,50,200,2026-04-04T02:56:38.896129
2026-04-03_16-59-08,2767,-49.13219294406226,200,0,0.020367543613641036,46.09772228646444,50,200,2026-04-04T02:56:48.347967
2026-04-03_16-59-08,2768,-1289.9555683626897,97,0,0.020706103263633605,46.32493928760188,50,200,2026-04-04T02:56:54.862122
2026-04-03_16-59-08,2769,-74.22082238858057,200,0,0.017174220679360835,55.226805085936306,50,200,2026-04-04T02:57:47.832598
2026-04-03_16-59-08,2770,-80.70723099337991,200,0,0.016774943497769916,56.61271941887264,50,200,2026-04-04T02:57:52.398341
2026-04-03_16-59-08,2771,-69.28357128084005,200,0,0.017782416501530854,53.23532661682466,50,200,2026-04-04T02:57:58.749221
2026-04-03_16-59-08,2772,-78.42667739967793,200,0,0.016885396950343398,56.22277118748239,50,200,2026-04-04T02:58:03.702071
2026-04-03_16-59-08,2773,-1226.052235606877,135,0,0.017990359342375768,53.23532661682466,50,200,2026-04-04T02:58:09.988382
2026-04-03_16-59-08,2774,-84.13978534709514,200,0,0.016283375687934448,58.412327466040935,50,200,2026-04-04T02:58:14.306272
2026-04-03_16-59-08,2775,-624.7264967173845,200,0,0.019700623127217525,47.75981574503821,50,200,2026-04-04T02:58:20.690168
2026-04-03_16-59-08,2776,-87.13384242939597,200,0,0.016233676290783778,58.60034129593445,50,200,2026-04-04T02:58:25.287928
2026-04-03_16-59-08,2777,-81.07244041777057,200,0,0.016610909771468087,57.201398584300364,50,200,2026-04-04T02:58:30.482889
2026-04-03_16-59-08,2778,-1218.3405262352414,59,0,0.015844758466305616,61.5223536610881,50,200,2026-04-04T02:58:34.549635
2026-04-03_16-59-08,2779,-1121.4377554012724,128,0,0.018601830362222634,51.478150704935004,50,200,2026-04-04T02:58:40.467152
2026-04-03_16-59-08,2780,-55.69452903336618,200,0,0.019794760996917248,47.51841748206689,50,200,2026-04-04T02:58:48.855020
2026-04-03_16-59-08,2781,-54.75350293586209,200,0,0.01966415802543691,47.853944456021594,50,200,2026-04-04T02:58:57.322399
2026-04-03_16-59-08,2782,-73.40959523665421,200,0,0.017328524620093738,54.70831746635972,50,200,2026-04-04T02:59:03.158954
2026-04-03_16-59-08,2783,-59.46537244481851,200,0,0.01862364991118559,50.695167422546305,50,200,2026-04-04T02:59:10.489185
2026-04-03_16-59-08,2784,-79.06825584476798,200,0,0.017174220679360835,55.226805085936306,50,200,2026-04-04T02:59:17.203230
2026-04-03_16-59-08,2785,-171.48584473371616,200,0,0.015158808383651329,62.96824596572466,50,200,2026-04-04T03:00:11.305848
2026-04-03_16-59-08,2786,-99.0583148295634,200,0,0.014991956837375139,63.702433234531945,50,200,2026-04-04T03:00:15.936753
2026-04-03_16-59-08,2787,-97.49766784030712,200,0,0.015158808383651329,62.96824596572466,50,200,2026-04-04T03:00:20.316132
2026-04-03_16-59-08,2788,-47.74693958010465,200,0,0.020751841667870148,45.18849411078001,50,200,2026-04-04T03:00:28.664435
2026-04-03_16-59-08,2789,-55.34032764762637,200,0,0.018993797373463208,49.64876634922564,50,200,2026-04-04T03:00:35.591767
2026-04-03_16-59-08,2790,-89.24175653367278,200,0,0.01607638457164266,59.20304046246274,50,200,2026-04-04T03:00:40.132511
2026-04-03_16-59-08,2791,-83.02576607406044,200,0,0.016705792773982008,56.859475903318,50,200,2026-04-04T03:00:45.855089
2026-04-03_16-59-08,2792,-82.1020821716635,200,0,0.016548560675416515,57.42821606144492,50,200,2026-04-04T03:00:51.962211
2026-04-03_16-59-08,2793,-1054.6654507119465,22,0,0.015761584784919954,62.22539674441618,50,200,2026-04-04T03:00:54.383613
2026-04-03_16-59-08,2794,-98.75876052254806,200,0,0.014840830370231983,64.38167441127949,50,200,2026-04-04T03:00:59.803045
2026-04-03_16-59-08,2795,-89.33516966173238,200,0,0.015607021214299889,61.07372593840988,50,200,2026-04-04T03:01:04.580959
2026-04-03_16-59-08,2796,-82.18238482409461,200,0,0.016356501754670582,58.137767414994535,50,200,2026-04-04T03:01:10.351524
2026-04-03_16-59-08,2797,-89.40932601634395,200,0,0.015655105496591208,60.876925020897694,50,200,2026-04-04T03:01:15.009409
2026-04-03_16-59-08,2798,-104.70005882565562,200,0,0.014840830370231983,64.38167441127949,50,200,2026-04-04T03:01:19.772447
2026-04-03_16-59-08,2799,-78.25154091235623,200,0,0.01639112635551034,58.008620049092706,50,200,2026-04-04T03:01:27.533327
2026-04-03_16-59-08,2800,-95.20985711441202,200,0,0.015144232602744119,63.0317380372777,50,200,2026-04-04T03:01:31.866641
2026-04-03_16-59-08,2801,-74.99475484257388,200,0,0.016938902237140722,56.0357029044876,50,200,2026-04-04T03:02:31.235605
2026-04-03_16-59-08,2802,-96.97419831509802,200,0,0.014847677195736854,64.35060217278468,50,200,2026-04-04T03:02:36.498748
2026-04-03_16-59-08,2803,-1075.2573307339435,13,0,0.016838405307676902,58.25804665451803,50,200,2026-04-04T03:02:39.718730
2026-04-03_16-59-08,2804,-352.39090002306875,200,0,0.018355982849274897,51.478150704935004,50,200,2026-04-04T03:02:45.374531
2026-04-03_16-59-08,2805,-70.05201029540773,200,0,0.018024978890203172,52.478567053607705,50,200,2026-04-04T03:02:51.618428
2026-04-03_16-59-08,2806,-87.78079452317998,200,0,0.015987644818727064,59.54829972383762,50,200,2026-04-04T03:02:57.424749
2026-04-03_16-59-08,2807,-91.10971188096289,200,0,0.015655105496591208,60.876925020897694,50,200,2026-04-04T03:03:01.878366
2026-04-03_16-59-08,2808,-975.5796934926294,200,0,0.01998300088264805,47.042533945356304,50,200,2026-04-04T03:03:10.113964
2026-04-03_16-59-08,2809,-99.3371879651895,200,0,0.014847677195736854,64.35060217278468,50,200,2026-04-04T03:03:13.869489
2026-04-03_16-59-08,2810,-89.82659103691732,200,0,0.015451867499167868,61.71709649683789,50,200,2026-04-04T03:03:18.863231
2026-04-03_16-59-08,2811,-66.09946168471718,200,0,0.01862364991118559,50.695167422546305,50,200,2026-04-04T03:03:25.912008
2026-04-03_16-59-08,2812,-72.90633582914141,200,0,0.018220084638200296,51.884487084291386,50,200,2026-04-04T03:03:31.818152
2026-04-03_16-59-08,2813,-84.43888045578545,200,0,0.016548560675416515,57.42821606144492,50,200,2026-04-04T03:03:36.990901
2026-04-03_16-59-08,2814,-60.11745478979365,200,0,0.018875048613258016,49.9799959983992,50,200,2026-04-04T03:03:44.033047
2026-04-03_16-59-08,2815,-94.62925655612075,200,0,0.015297568801352924,62.369864518050704,50,200,2026-04-04T03:03:48.310162
2026-04-03_16-59-08,2816,-571.6842154396294,200,0,0.019414561152960585,48.507731342539614,50,200,2026-04-04T03:03:55.848396
2026-04-03_16-59-08,2817,-51.82912046372463,200,0,0.01958785004649385,48.05205510693585,50,200,2026-04-04T03:04:53.698798
2026-04-03_16-59-08,2818,-69.11720052810435,200,0,0.016862623549837707,56.302753041036986,50,200,2026-04-04T03:05:01.832388
2026-04-03_16-59-08,2819,-66.68844574595917,200,0,0.017908508535570113,52.839379254491625,50,200,2026-04-04T03:05:08.903414
2026-04-03_16-59-08,2820,-1088.36793325287,2,0,0.01545059340362471,63.702433234531945,50,200,2026-04-04T03:05:11.008711
2026-04-03_16-59-08,2821,-68.1197121992864,200,0,0.018875048613258016,49.9799959983992,50,200,2026-04-04T03:05:17.631823
2026-04-03_16-59-08,2822,-81.61358486667497,200,0,0.017328524620093738,54.70831746635972,50,200,2026-04-04T03:05:23.160876
2026-04-03_16-59-08,2823,-92.40131680381886,200,0,0.01563501554262549,60.959002616512684,50,200,2026-04-04T03:05:26.882612
2026-04-03_16-59-08,2824,-92.48926134056208,200,0,0.015795905494282912,60.30754513325841,50,200,2026-04-04T03:05:30.985172
2026-04-03_16-59-08,2825,-92.20951711763414,200,0,0.015451867499167868,61.71709649683789,50,200,2026-04-04T03:05:35.559385
2026-04-03_16-59-08,2826,-81.36062284514361,200,0,0.016610909771468087,57.201398584300364,50,200,2026-04-04T03:05:40.963593
2026-04-03_16-59-08,2827,-1062.8561558599015,33,0,0.01556021216095172,62.93647591023825,50,200,2026-04-04T03:05:43.425495
2026-04-03_16-59-08,2828,-65.99915040331615,200,0,0.018220084638200296,51.884487084291386,50,200,2026-04-04T03:05:51.387969
2026-04-03_16-59-08,2829,-80.37361762449689,200,0,0.016548560675416515,57.42821606144492,50,200,2026-04-04T03:05:57.732232
2026-04-03_16-59-08,2830,-1353.1843449726318,161,0,0.018545042585364893,51.31276644267,50,200,2026-04-04T03:06:04.044422
2026-04-03_16-59-08,2831,-82.00312366189847,200,0,0.01639112635551034,58.008620049092706,50,200,2026-04-04T03:06:08.907192
2026-04-03_16-59-08,2832,-84.2709943595938,200,0,0.017632891518770216,53.71219600798314,50,200,2026-04-04T03:06:16.442233
2026-04-03_16-59-08,2833,-53.31500622321856,200,0,0.01958785004649385,48.05205510693585,50,200,2026-04-04T03:07:11.989613
2026-04-03_16-59-08,2834,-1151.126838958136,60,0,0.016376187225274525,59.464274989274024,50,200,2026-04-04T03:07:15.747920
2026-04-03_16-59-08,2835,-67.21326032570423,200,0,0.018355982849274897,51.478150704935004,50,200,2026-04-04T03:07:21.793429
2026-04-03_16-59-08,2836,-65.77467751268541,200,0,0.018355982849274897,51.478150704935004,50,200,2026-04-04T03:07:27.499380
2026-04-03_16-59-08,2837,-83.91157966867657,200,0,0.016774943497769916,56.61271941887264,50,200,2026-04-04T03:07:32.599850
2026-04-03_16-59-08,2838,-76.2161701328501,200,0,0.017481502537204034,54.20332093147061,50,200,2026-04-04T03:07:39.056947
2026-04-03_16-59-08,2839,-101.95091700756241,200,0,0.01600915083336377,59.464274989274024,50,200,2026-04-04T03:07:43.359700
2026-04-03_16-59-08,2840,-66.00297790510736,200,0,0.018220084638200296,51.884487084291386,50,200,2026-04-04T03:07:48.884015
2026-04-03_16-59-08,2841,-160.1552422120883,200,0,0.018875048613258016,49.9799959983992,50,200,2026-04-04T03:07:54.576174
2026-04-03_16-59-08,2842,-66.48620799567134,200,0,0.018074716675633755,52.32590180780452,50,200,2026-04-04T03:08:01.562980
2026-04-03_16-59-08,2843,-60.47923675438917,200,0,0.018993797373463208,49.64876634922564,50,200,2026-04-04T03:08:08.806315
2026-04-03_16-59-08,2844,-73.46772968374903,200,0,0.017749838297735666,53.33854141237835,50,200,2026-04-04T03:08:13.469370
2026-04-03_16-59-08,2845,-92.3135166713731,200,0,0.01607638457164266,59.20304046246274,50,200,2026-04-04T03:08:18.848313
2026-04-03_16-59-08,2846,-60.79634171914421,200,0,0.018668283955683724,50.566787519082126,50,200,2026-04-04T03:08:25.736340
2026-04-03_16-59-08,2847,-94.5117457954056,200,0,0.018024978890203172,52.478567053607705,50,200,2026-04-04T03:08:31.894256
2026-04-03_16-59-08,2848,-77.90492406409788,200,0,0.01701884110896858,55.758407437802596,50,200,2026-04-04T03:08:37.045822
2026-04-03_16-59-08,2849,-75.82244014096682,200,0,0.017428190127981715,54.378304497290095,50,200,2026-04-04T03:09:32.467071
2026-04-03_16-59-08,2850,-76.01309523212379,200,0,0.017688146747391213,53.53503525729669,50,200,2026-04-04T03:09:37.860527
2026-04-03_16-59-08,2851,-316.9097800792971,200,0,0.01600915083336377,59.464274989274024,50,200,2026-04-04T03:09:43.661406
2026-04-03_16-59-08,2852,-75.39191393997102,200,0,0.01998300088264805,47.042533945356304,50,200,2026-04-04T03:09:51.678058
2026-04-03_16-59-08,2853,-61.50119750622416,200,0,0.018355982849274897,51.478150704935004,50,200,2026-04-04T03:09:58.312792
2026-04-03_16-59-08,2854,-60.97842641614819,200,0,0.01946135575197761,48.38388161361178,50,200,2026-04-04T03:10:04.382850
2026-04-03_16-59-08,2855,-81.28038454934925,200,0,0.01639112635551034,58.008620049092706,50,200,2026-04-04T03:10:09.149115
2026-04-03_16-59-08,2856,-67.09813646554923,200,0,0.018216886356675295,51.894122981316485,50,200,2026-04-04T03:10:14.911231
2026-04-03_16-59-08,2857,-56.70963904585941,200,0,0.01910745795223754,49.33558553417604,50,200,2026-04-04T03:10:22.007860
2026-04-03_16-59-08,2858,-1046.0844129296454,1,0,0.015464239121837704,63.655321851358195,50,200,2026-04-04T03:10:23.909432
2026-04-03_16-59-08,2859,-63.28604984124948,200,0,0.018751552348909063,50.32891812864648,50,200,2026-04-04T03:10:30.072241
2026-04-03_16-59-08,2860,-1045.9224492283972,1,0,0.015464239121837704,63.655321851358195,50,200,2026-04-04T03:10:31.963182
2026-04-03_16-59-08,2861,-49.69356029654671,200,0,0.019961814104692832,47.095647357266465,50,200,2026-04-04T03:10:40.279135
2026-04-03_16-59-08,2862,-51.17406589971472,200,0,0.01998300088264805,47.042533945356304,50,200,2026-04-04T03:10:49.237737
2026-04-03_16-59-08,2863,-77.83824060034281,200,0,0.017174220679360835,55.226805085936306,50,200,2026-04-04T03:10:54.166195
2026-04-03_16-59-08,2864,-421.1537701197722,200,0,0.01998300088264805,47.042533945356304,50,200,2026-04-04T03:11:01.470970
2026-04-03_16-59-08,2865,-61.639994942010496,200,0,0.01849168121403405,51.07837115648854,50,200,2026-04-04T03:11:55.506606
2026-04-03_16-59-08,2866,-53.94963899618677,200,0,0.020051264433743995,46.87216658103186,50,200,2026-04-04T03:12:03.599888
2026-04-03_16-59-08,2867,-50.81808627426579,200,0,0.01958785004649385,48.05205510693585,50,200,2026-04-04T03:12:11.562724
2026-04-03_16-59-08,2868,-54.095371543114105,200,0,0.020390079456601304,46.04345773288535,50,200,2026-04-04T03:12:19.462868
2026-04-03_16-59-08,2869,-51.7464514373734,200,0,0.019961814104692832,47.095647357266465,50,200,2026-04-04T03:12:28.544840
2026-04-03_16-59-08,2870,-57.49322552947633,200,0,0.018993797373463208,49.64876634922564,50,200,2026-04-04T03:12:34.945534
2026-04-03_16-59-08,2871,-60.122783604160624,200,0,0.019215692546309227,49.040799340956916,50,200,2026-04-04T03:12:40.916203
2026-04-03_16-59-08,2872,-53.48569807084113,200,0,0.019504555598702577,48.27007354458868,50,200,2026-04-04T03:12:47.867450
2026-04-03_16-59-08,2873,-53.12473511150977,200,0,0.01931816857785835,48.76474136094644,50,200,2026-04-04T03:12:55.092000
2026-04-03_16-59-08,2874,-184.36897650022902,200,0,0.01998300088264805,47.042533945356304,50,200,2026-04-04T03:13:03.248418
2026-04-03_16-59-08,2875,-59.20270191021676,200,0,0.018355982849274897,51.478150704935004,50,200,2026-04-04T03:13:11.607220
2026-04-03_16-59-08,2876,-51.36529768616321,200,0,0.019733211026608157,47.67598976424087,50,200,2026-04-04T03:13:19.230795
2026-04-03_16-59-08,2877,-48.21780663603074,200,0,0.01998300088264805,47.042533945356304,50,200,2026-04-04T03:13:26.727236
2026-04-03_16-59-08,2878,-59.449976158495254,200,0,0.018993797373463208,49.64876634922564,50,200,2026-04-04T03:13:34.767095
2026-04-03_16-59-08,2879,-55.99349931177285,200,0,0.019504555598702577,48.27007354458868,50,200,2026-04-04T03:13:42.283868
2026-04-03_16-59-08,2880,-63.90849604468286,200,0,0.018355982849274897,51.478150704935004,50,200,2026-04-04T03:13:49.229274
2026-04-03_16-59-08,2881,-49.21647290238315,200,0,0.01998300088264805,47.042533945356304,50,200,2026-04-04T03:14:54.699233
2026-04-03_16-59-08,2882,-54.49234732553364,200,0,0.019794760996917248,47.51841748206689,50,200,2026-04-04T03:15:02.784907
2026-04-03_16-59-08,2883,-51.39802185095359,200,0,0.019995746067320595,47.01063709417264,50,200,2026-04-04T03:15:11.538531
2026-04-03_16-59-08,2884,-72.91333619275031,200,0,0.019995746067320595,47.01063709417264,50,200,2026-04-04T03:15:19.902632
2026-04-03_16-59-08,2885,-45.69656275901215,200,0,0.01998300088264805,47.042533945356304,50,200,2026-04-04T03:15:28.361685
2026-04-03_16-59-08,2886,-43.51311207581761,200,0,0.02040816326530612,46.0,50,200,2026-04-04T03:15:36.474448
2026-04-03_16-59-08,2887,-46.730516785551366,200,0,0.02040816326530612,46.0,50,200,2026-04-04T03:15:45.197337
2026-04-03_16-59-08,2888,-36.07959710604589,200,0,0.022198744788662465,42.04759208325728,50,200,2026-04-04T03:15:54.124908
2026-04-03_16-59-08,2889,-49.77084682682169,200,0,0.019995746067320595,47.01063709417264,50,200,2026-04-04T03:16:02.023659
2026-04-03_16-59-08,2890,-92.51097518333424,200,0,0.019995746067320595,47.01063709417264,50,200,2026-04-04T03:16:10.003931
2026-04-03_16-59-08,2891,-45.534736579004964,200,0,0.02,47.0,50,200,2026-04-04T03:16:18.336813
2026-04-03_16-59-08,2892,-44.519402796976856,200,0,0.019995746067320595,47.01063709417264,50,200,2026-04-04T03:16:26.484019
2026-04-03_16-59-08,2893,-46.00852829332371,200,0,0.019995746067320595,47.01063709417264,50,200,2026-04-04T03:16:35.105100
2026-04-03_16-59-08,2894,-1060.9025257581343,106,0,0.02022595180891976,47.38143096192854,50,200,2026-04-04T03:16:42.011562
2026-04-03_16-59-08,2895,-1050.994641271542,58,0,0.018700633956154712,51.894122981316485,50,200,2026-04-04T03:16:46.423639
2026-04-03_16-59-08,2896,-1047.2593957507565,63,0,0.019597715291258696,49.39635614091387,50,200,2026-04-04T03:16:51.488578
2026-04-03_16-59-08,2897,-49.46722067721684,200,0,0.019995746067320595,47.01063709417264,50,200,2026-04-04T03:17:46.783654
2026-04-03_16-59-08,2898,-50.67587655778947,200,0,0.01966415802543691,47.853944456021594,50,200,2026-04-04T03:17:54.977181
2026-04-03_16-59-08,2899,-46.5691510020635,200,0,0.020661909284242042,45.39823785126467,50,200,2026-04-04T03:18:03.314321
2026-04-03_16-59-08,2900,-51.21436494749838,200,0,0.019961814104692832,47.095647357266465,50,200,2026-04-04T03:18:11.939681
2026-04-03_16-59-08,2901,-50.69656508834632,200,0,0.019995746067320595,47.01063709417264,50,200,2026-04-04T03:18:20.899834
2026-04-03_16-59-08,2902,-51.35012101896601,200,0,0.019848582720003817,47.38143096192854,50,200,2026-04-04T03:18:29.351640
2026-04-03_16-59-08,2903,-46.77695456639015,200,0,0.020713829343795728,45.27692569068709,50,200,2026-04-04T03:18:37.253186
2026-04-03_16-59-08,2904,-1182.4797790588923,118,0,0.019171780611921256,49.9799959983992,50,200,2026-04-04T03:18:42.785893
2026-04-03_16-59-08,2905,-55.092984349555806,200,0,0.019414561152960585,48.507731342539614,50,200,2026-04-04T03:18:49.085060
2026-04-03_16-59-08,2906,-45.706547045944724,200,0,0.019995746067320595,47.01063709417264,50,200,2026-04-04T03:18:57.395734
2026-04-03_16-59-08,2907,-42.50759390389888,200,0,0.02040816326530612,46.0,50,200,2026-04-04T03:19:05.637754
2026-04-03_16-59-08,2908,-45.58617430918114,200,0,0.020833333333333332,45.0,50,200,2026-04-04T03:19:14.473998
2026-04-03_16-59-08,2909,-45.81852770699786,200,0,0.02,47.0,50,200,2026-04-04T03:19:23.472998
2026-04-03_16-59-08,2910,-1107.802916279572,190,0,0.019921535303282285,47.29693436154187,50,200,2026-04-04T03:19:30.938964
2026-04-03_16-59-08,2911,-52.20553062921985,200,0,0.01998300088264805,47.042533945356304,50,200,2026-04-04T03:19:38.799167
2026-04-03_16-59-08,2912,-43.8560259649732,200,0,0.02040363770460596,46.010868281309364,50,200,2026-04-04T03:19:47.698653
2026-04-03_16-59-08,2913,-49.26607213903356,200,0,0.01988192745132041,47.29693436154187,50,200,2026-04-04T03:20:49.930189
2026-04-03_16-59-08,2914,-51.80165497479273,200,0,0.019848582720003817,47.38143096192854,50,200,2026-04-04T03:20:58.488356
2026-04-03_16-59-08,2915,-191.0682111343962,200,0,0.02040363770460596,46.010868281309364,50,200,2026-04-04T03:21:06.456914
2026-04-03_16-59-08,2916,-59.5082181340701,200,0,0.019414561152960585,48.507731342539614,50,200,2026-04-04T03:21:13.098647
2026-04-03_16-59-08,2917,-48.74031434162898,200,0,0.02018996312454887,46.52956049652737,50,200,2026-04-04T03:21:20.998891
2026-04-03_16-59-08,2918,-50.9091072549159,200,0,0.02018996312454887,46.52956049652737,50,200,2026-04-04T03:21:29.976674
2026-04-03_16-59-08,2919,-81.17931666633822,200,0,0.020390079456601304,46.04345773288535,50,200,2026-04-04T03:21:37.974664
2026-04-03_16-59-08,2920,-51.8701078794933,200,0,0.019700623127217525,47.75981574503821,50,200,2026-04-04T03:21:44.937789
2026-04-03_16-59-08,2921,-292.48456631216527,200,0,0.020273719835096807,46.32493928760188,50,200,2026-04-04T03:21:54.462633
2026-04-03_16-59-08,2922,-45.38076584920168,200,0,0.019995746067320595,47.01063709417264,50,200,2026-04-04T03:22:03.801218
2026-04-03_16-59-08,2923,-49.64155025607003,200,0,0.01998300088264805,47.042533945356304,50,200,2026-04-04T03:22:12.803522
2026-04-03_16-59-08,2924,-48.690140206015826,200,0,0.01998300088264805,47.042533945356304,50,200,2026-04-04T03:22:21.480752
2026-04-03_16-59-08,2925,-56.39882588405615,200,0,0.019961814104692832,47.095647357266465,50,200,2026-04-04T03:22:29.897713
2026-04-03_16-59-08,2926,-46.50355949953781,200,0,0.020273719835096807,46.32493928760188,50,200,2026-04-04T03:22:38.006146
2026-04-03_16-59-08,2927,-64.85300322903099,200,0,0.018355982849274897,51.478150704935004,50,200,2026-04-04T03:22:44.705224
2026-04-03_16-59-08,2928,-1190.4917694283095,132,0,0.020822237020893735,45.70557952810576,50,200,2026-04-04T03:22:52.825274
2026-04-03_16-59-08,2929,-55.26410710027398,200,0,0.019414561152960585,48.507731342539614,50,200,2026-04-04T03:23:54.401006
2026-04-03_16-59-08,2930,-48.047723853039,200,0,0.019995746067320595,47.01063709417264,50,200,2026-04-04T03:24:02.901146
2026-04-03_16-59-08,2931,-45.75016244235685,200,0,0.019995746067320595,47.01063709417264,50,200,2026-04-04T03:24:11.481128
2026-04-03_16-59-08,2932,-55.241214989131606,200,0,0.019215692546309227,49.040799340956916,50,200,2026-04-04T03:24:17.666483
2026-04-03_16-59-08,2933,-1059.0061113330448,6,0,0.015970651414615736,61.554853586049575,50,200,2026-04-04T03:24:20.329312
2026-04-03_16-59-08,2934,-1068.628493794248,78,0,0.01754176538208948,55.226805085936306,50,200,2026-04-04T03:24:24.281315
2026-04-03_16-59-08,2935,-62.663938389098234,200,0,0.01849168121403405,51.07837115648854,50,200,2026-04-04T03:24:30.327948
2026-04-03_16-59-08,2936,-49.07603750786083,200,0,0.01998300088264805,47.042533945356304,50,200,2026-04-04T03:24:39.192423
2026-04-03_16-59-08,2937,-71.96152455009604,200,0,0.017328524620093738,54.70831746635972,50,200,2026-04-04T03:24:45.009810
2026-04-03_16-59-08,2938,-47.61708823918518,200,0,0.020390079456601304,46.04345773288535,50,200,2026-04-04T03:24:53.828041
2026-04-03_16-59-08,2939,-64.62959419322533,200,0,0.018216886356675295,51.894122981316485,50,200,2026-04-04T03:24:59.005483
2026-04-03_16-59-08,2940,-45.147920650975834,200,0,0.019995746067320595,47.01063709417264,50,200,2026-04-04T03:25:08.603161
2026-04-03_16-59-08,2941,-48.68112165535043,200,0,0.01998300088264805,47.042533945356304,50,200,2026-04-04T03:25:17.001567
2026-04-03_16-59-08,2942,-120.0835841119418,200,0,0.020367543613641036,46.09772228646444,50,200,2026-04-04T03:25:24.608159
2026-04-03_16-59-08,2943,-49.6618928566538,200,0,0.020390079456601304,46.04345773288535,50,200,2026-04-04T03:25:33.179303
2026-04-03_16-59-08,2944,-51.32559114345752,200,0,0.019995746067320595,47.01063709417264,50,200,2026-04-04T03:25:41.345923
2026-04-03_16-59-08,2945,-113.96312519715906,200,0,0.01989447604152175,47.265209192385896,50,200,2026-04-04T03:26:38.151504
2026-04-03_16-59-08,2946,-64.60133769786601,200,0,0.019700623127217525,47.75981574503821,50,200,2026-04-04T03:26:45.105513
2026-04-03_16-59-08,2947,-55.1819120364168,200,0,0.019215692546309227,49.040799340956916,50,200,2026-04-04T03:26:51.500302
2026-04-03_16-59-08,2948,-76.6725963415363,200,0,0.017174220679360835,55.226805085936306,50,200,2026-04-04T03:26:56.701213
2026-04-03_16-59-08,2949,-69.4318323213681,200,0,0.017929790780920406,52.773099207835045,50,200,2026-04-04T03:27:02.578919
2026-04-03_16-59-08,2950,-66.67187311681418,200,0,0.018220084638200296,51.884487084291386,50,200,2026-04-04T03:27:09.023809
2026-04-03_16-59-08,2951,-217.05445023062657,200,0,0.02127145340732924,44.01136216933077,50,200,2026-04-04T03:27:17.532235
2026-04-03_16-59-08,2952,-81.44673282257439,200,0,0.01639112635551034,58.008620049092706,50,200,2026-04-04T03:27:22.242559
2026-04-03_16-59-08,2953,-80.93998828234467,200,0,0.018074716675633755,52.32590180780452,50,200,2026-04-04T03:27:28.271060
2026-04-03_16-59-08,2954,-62.21279602953545,200,0,0.019215692546309227,49.040799340956916,50,200,2026-04-04T03:27:35.260266
2026-04-03_16-59-08,2955,-67.49375281133678,200,0,0.017782416501530854,53.23532661682466,50,200,2026-04-04T03:27:42.090745
2026-04-03_16-59-08,2956,-85.62568879093956,200,0,0.01639112635551034,58.008620049092706,50,200,2026-04-04T03:27:46.456015
2026-04-03_16-59-08,2957,-89.94671837968981,200,0,0.01607638457164266,59.20304046246274,50,200,2026-04-04T03:27:50.001695
2026-04-03_16-59-08,2958,-70.47400492058905,200,0,0.01813117640782781,52.15361924162119,50,200,2026-04-04T03:27:55.577433
2026-04-03_16-59-08,2959,-64.46547019847132,200,0,0.01862364991118559,50.695167422546305,50,200,2026-04-04T03:28:01.628775
2026-04-03_16-59-08,2960,-54.52703217317457,200,0,0.019504555598702577,48.27007354458868,50,200,2026-04-04T03:28:09.537793
2026-04-03_16-59-08,2961,-71.57810543164312,200,0,0.017632891518770216,53.71219600798314,50,200,2026-04-04T03:29:09.435147
2026-04-03_16-59-08,2962,-1082.6424550881152,95,0,0.01656662428337587,58.412327466040935,50,200,2026-04-04T03:29:12.993767
2026-04-03_16-59-08,2963,-65.2007893806379,200,0,0.01862364991118559,50.695167422546305,50,200,2026-04-04T03:29:20.291651
2026-04-03_16-59-08,2964,-57.02823065579911,200,0,0.020051264433743995,46.87216658103186,50,200,2026-04-04T03:29:28.348756
2026-04-03_16-59-08,2965,-56.79461918827735,200,0,0.019700623127217525,47.75981574503821,50,200,2026-04-04T03:29:36.320651
2026-04-03_16-59-08,2966,-1080.3240649259108,108,0,0.01754443803969458,54.91812087098393,50,200,2026-04-04T03:29:40.630692
2026-04-03_16-59-08,2967,-94.83178383078815,200,0,0.018875048613258016,49.9799959983992,50,200,2026-04-04T03:29:46.485866
2026-04-03_16-59-08,2968,-72.31654887887575,200,0,0.018216886356675295,51.894122981316485,50,200,2026-04-04T03:29:52.257078
2026-04-03_16-59-08,2969,-872.1750917962949,200,0,0.019848582720003817,47.38143096192854,50,200,2026-04-04T03:30:00.459445
2026-04-03_16-59-08,2970,-78.74885286138345,200,0,0.017174220679360835,55.226805085936306,50,200,2026-04-04T03:30:05.757506
2026-04-03_16-59-08,2971,-67.12981461233721,200,0,0.017908508535570113,52.839379254491625,50,200,2026-04-04T03:30:11.869090
2026-04-03_16-59-08,2972,-53.42028183976675,200,0,0.020453588756478333,45.89117562233506,50,200,2026-04-04T03:30:19.754031
2026-04-03_16-59-08,2973,-88.60002830940228,200,0,0.017632891518770216,53.71219600798314,50,200,2026-04-04T03:30:25.833392
2026-04-03_16-59-08,2974,-76.44558315862373,200,0,0.01700586979491621,55.80322571321482,50,200,2026-04-04T03:30:31.604860
2026-04-03_16-59-08,2975,-76.06849107544664,200,0,0.017328524620093738,54.70831746635972,50,200,2026-04-04T03:30:37.100331
2026-04-03_16-59-08,2976,-48.898654687727294,200,0,0.01988192745132041,47.29693436154187,50,200,2026-04-04T03:30:44.605777
2026-04-03_16-59-08,2977,-59.57485970750395,200,0,0.018993797373463208,49.64876634922564,50,200,2026-04-04T03:31:46.216235
2026-04-03_16-59-08,2978,-67.15005813511067,200,0,0.019215692546309227,49.040799340956916,50,200,2026-04-04T03:31:53.631815
2026-04-03_16-59-08,2979,-53.712209390193415,200,0,0.01956791925519426,48.104053883222775,50,200,2026-04-04T03:32:00.168201
2026-04-03_16-59-08,2980,-76.94778927840568,200,0,0.017174220679360835,55.226805085936306,50,200,2026-04-04T03:32:04.696351
2026-04-03_16-59-08,2981,-49.07980322507801,200,0,0.01989447604152175,47.265209192385896,50,200,2026-04-04T03:32:14.013032
2026-04-03_16-59-08,2982,-64.00600786365978,200,0,0.01908529664373257,49.39635614091387,50,200,2026-04-04T03:32:20.939994
2026-04-03_16-59-08,2983,-47.49643319115699,200,0,0.021029017621402295,44.553338819890925,50,200,2026-04-04T03:32:29.797839
2026-04-03_16-59-08,2984,-64.98915060417403,200,0,0.018074716675633755,52.32590180780452,50,200,2026-04-04T03:32:35.354879
2026-04-03_16-59-08,2985,-51.9134991255986,200,0,0.019700623127217525,47.75981574503821,50,200,2026-04-04T03:32:42.714183
2026-04-03_16-59-08,2986,-82.61584906963768,200,0,0.017102579202553668,55.47071299343465,50,200,2026-04-04T03:32:46.914490
2026-04-03_16-59-08,2987,-49.71183441556276,200,0,0.02018996312454887,46.52956049652737,50,200,2026-04-04T03:32:55.069199
2026-04-03_16-59-08,2988,-57.60326747126726,200,0,0.01862364991118559,50.695167422546305,50,200,2026-04-04T03:33:01.434876
2026-04-03_16-59-08,2989,-62.32083212132911,200,0,0.01928763103377335,48.84669896727925,50,200,2026-04-04T03:33:07.878341
2026-04-03_16-59-08,2990,-1122.3819222690297,156,0,0.01807236562412543,52.773099207835045,50,200,2026-04-04T03:33:12.917902
2026-04-03_16-59-08,2991,-53.52506348483667,200,0,0.01934116912718734,48.703182647543684,50,200,2026-04-04T03:33:20.878662
2026-04-03_16-59-08,2992,-73.27169123667159,200,0,0.016774943497769916,56.61271941887264,50,200,2026-04-04T03:33:27.360391
2026-04-03_16-59-08,2993,-73.54605295348802,200,0,0.017174220679360835,55.226805085936306,50,200,2026-04-04T03:34:25.662181
2026-04-03_16-59-08,2994,-168.7963020837122,200,0,0.01910745795223754,49.33558553417604,50,200,2026-04-04T03:34:32.340933
2026-04-03_16-59-08,2995,-87.70568094941468,200,0,0.01591941320116355,59.81638571495272,50,200,2026-04-04T03:34:36.712428
2026-04-03_16-59-08,2996,-100.56646924032327,200,0,0.014840830370231983,64.38167441127949,50,200,2026-04-04T03:34:39.546776
2026-04-03_16-59-08,2997,-74.84712376104325,200,0,0.017102579202553668,55.47071299343465,50,200,2026-04-04T03:34:44.358721
2026-04-03_16-59-08,2998,-67.6496506296995,200,0,0.018074716675633755,52.32590180780452,50,200,2026-04-04T03:34:50.211733
2026-04-03_16-59-08,2999,-45.20777493296094,200,0,0.01998300088264805,47.042533945356304,50,200,2026-04-04T03:34:58.047153
2026-04-03_16-59-08,3000,-54.24770488895815,200,0,0.019430121053081426,48.46648326421054,50,200,2026-04-04T03:35:05.281286
