run_id,episode,reward,steps,success,navigation_efficiency,goal_distance,grid_size,max_episode_steps,timestamp_utc
2026-04-03_20-07-03,1,-91.85324009209823,200,0,0.015002553017897154,63.655321851358195,50,200,2026-04-04T00:07:11.266179
2026-04-03_20-07-03,2,-11.457109193192066,200,0,0.02704853755714066,33.97057550292606,50,200,2026-04-04T00:07:26.959521
2026-04-03_20-07-03,3,-81.09419492272107,200,0,0.016283375687934448,58.412327466040935,50,200,2026-04-04T00:07:34.835057
2026-04-03_20-07-03,4,-73.31898870785098,200,0,0.017601141734774797,53.81449618829484,50,200,2026-04-04T00:07:43.008751
2026-04-03_20-07-03,5,-94.89008814483014,200,0,0.015144232602744119,63.0317380372777,50,200,2026-04-04T00:07:48.600255
2026-04-03_20-07-03,6,-68.62079595741703,200,0,0.017195624441988366,55.154328932550705,50,200,2026-04-04T00:07:58.659259
2026-04-03_20-07-03,7,-1088.780033231424,95,0,0.01819523861837746,53.009433122794285,50,200,2026-04-04T00:08:05.429172
2026-04-03_20-07-03,8,-68.58015238731615,200,0,0.017174220679360835,55.226805085936306,50,200,2026-04-04T00:08:14.928203
2026-04-03_20-07-03,9,-77.87370366645939,200,0,0.017845122120080055,53.03772242470448,50,200,2026-04-04T00:08:23.151232
2026-04-03_20-07-03,10,-97.21944818321036,200,0,0.014840830370231983,64.38167441127949,50,200,2026-04-04T00:08:29.071107
2026-04-03_20-07-03,11,-85.34585863917908,200,0,0.016182209508224014,58.7962583843564,50,200,2026-04-04T00:08:37.104340
2026-04-03_20-07-03,12,-53.73183352327667,200,0,0.019414561152960585,48.507731342539614,50,200,2026-04-04T00:08:53.416083
2026-04-03_20-07-03,13,-80.99459398509839,200,0,0.017063170644771773,55.60575509783138,50,200,2026-04-04T00:08:59.642760
2026-04-03_20-07-03,14,-51.44011852522513,200,0,0.020930474125489092,44.77722635447622,50,200,2026-04-04T00:09:10.735187
2026-04-03_20-07-03,15,-1162.2278439125969,92,0,0.01607005382999651,60.30754513325841,50,200,2026-04-04T00:09:17.444560
2026-04-03_20-07-03,16,-87.7206553008372,200,0,0.015837444516357976,60.14149981501958,50,200,2026-04-04T00:09:24.726075
2026-04-03_20-07-03,17,-81.81215546566997,200,0,0.016283375687934448,58.412327466040935,50,200,2026-04-04T00:10:34.344634
2026-04-03_20-07-03,18,-74.52266343149294,200,0,0.016885396950343398,56.22277118748239,50,200,2026-04-04T00:10:44.486207
2026-04-03_20-07-03,19,-84.43432687812171,200,0,0.016782404448224375,56.586217403180434,50,200,2026-04-04T00:10:49.930893
2026-04-03_20-07-03,20,-1052.9100674860117,15,0,0.015947728809026,61.554853586049575,50,200,2026-04-04T00:10:52.206394
2026-04-03_20-07-03,21,-161.4860729993597,200,0,0.014991956837375139,63.702433234531945,50,200,2026-04-04T00:10:56.642920
2026-04-03_20-07-03,22,-1118.7032325356242,52,0,0.016039103255985086,60.8276253029822,50,200,2026-04-04T00:10:59.545132
2026-04-03_20-07-03,23,-64.85587981125673,200,0,0.017845122120080055,53.03772242470448,50,200,2026-04-04T00:11:08.496988
2026-04-03_20-07-03,24,-98.26420491754652,200,0,0.014991956837375139,63.702433234531945,50,200,2026-04-04T00:11:13.067091
2026-04-03_20-07-03,25,-1196.2909059169333,99,0,0.01857163040663071,51.85556864985669,50,200,2026-04-04T00:11:18.273235
2026-04-03_20-07-03,26,-1144.7299351327213,117,0,0.017738887535393474,54.20332093147061,50,200,2026-04-04T00:11:24.821260
2026-04-03_20-07-03,27,-76.01078249056951,200,0,0.01700586979491621,55.80322571321482,50,200,2026-04-04T00:11:32.041358
2026-04-03_20-07-03,28,-74.2109094060541,200,0,0.017601141734774797,53.81449618829484,50,200,2026-04-04T00:11:40.937453
2026-04-03_20-07-03,29,-94.3532464491538,200,0,0.015166112325465147,62.93647591023825,50,200,2026-04-04T00:11:46.512034
2026-04-03_20-07-03,30,-72.79327506765323,200,0,0.01695685271338864,55.97320787662612,50,200,2026-04-04T00:11:55.956032
2026-04-03_20-07-03,31,-1048.81630259886,10,0,0.015787446589766486,62.24146527838174,50,200,2026-04-04T00:11:58.375292
2026-04-03_20-07-03,32,-94.48047925542681,200,0,0.015158808383651329,62.96824596572466,50,200,2026-04-04T00:12:04.377905
2026-04-03_20-07-03,33,-96.98177321390608,200,0,0.015144232602744119,63.0317380372777,50,200,2026-04-04T00:12:56.187729
2026-04-03_20-07-03,34,-1133.2173547913258,74,0,0.01674403637770197,57.982756057296896,50,200,2026-04-04T00:13:00.369448
2026-04-03_20-07-03,35,-99.92616968361259,200,0,0.014847677195736854,64.35060217278468,50,200,2026-04-04T00:13:05.111041
2026-04-03_20-07-03,36,-81.6749859296443,200,0,0.016493997022009554,57.62811813689564,50,200,2026-04-04T00:13:12.259776
2026-04-03_20-07-03,37,-90.9286249985233,200,0,0.01584579237197416,60.108235708594876,50,200,2026-04-04T00:13:16.951086
2026-04-03_20-07-03,38,-97.4198086855504,200,0,0.014847677195736854,64.35060217278468,50,200,2026-04-04T00:13:22.178278
2026-04-03_20-07-03,39,-97.68823109100957,200,0,0.015158808383651329,62.96824596572466,50,200,2026-04-04T00:13:26.499649
2026-04-03_20-07-03,40,-92.62981330675935,200,0,0.014840830370231983,64.38167441127949,50,200,2026-04-04T00:13:36.292404
2026-04-03_20-07-03,41,-98.729138119259,200,0,0.014840830370231983,64.38167441127949,50,200,2026-04-04T00:13:41.246652
2026-04-03_20-07-03,42,-101.71564922178963,200,0,0.014690933476920654,65.06919393998976,50,200,2026-04-04T00:13:45.224492
2026-04-03_20-07-03,43,-84.481096271696,200,0,0.016742729328367508,56.72741841473134,50,200,2026-04-04T00:13:50.189174
2026-04-03_20-07-03,44,-133.13451448211399,200,0,0.015475132526931253,61.61980201201558,50,200,2026-04-04T00:13:56.953738
2026-04-03_20-07-03,45,-99.21983392057474,200,0,0.015006090152632831,63.63961030678928,50,200,2026-04-04T00:14:00.912964
2026-04-03_20-07-03,46,-92.29379567159027,200,0,0.015490702006891422,61.554853586049575,50,200,2026-04-04T00:14:06.527749
2026-04-03_20-07-03,47,-1049.493869591482,1,0,0.015136877362419606,65.05382386916237,50,200,2026-04-04T00:14:08.391558
2026-04-03_20-07-03,48,-92.53507775361744,200,0,0.015498504677194942,61.5223536610881,50,200,2026-04-04T00:14:13.573150
2026-04-03_20-07-03,49,-99.16528104843644,200,0,0.015002553017897154,63.655321851358195,50,200,2026-04-04T00:15:12.750403
2026-04-03_20-07-03,50,-98.25764514616999,200,0,0.015144232602744119,63.0317380372777,50,200,2026-04-04T00:15:16.645139
2026-04-03_20-07-03,51,-102.69919266585197,200,0,0.014690933476920654,65.06919393998976,50,200,2026-04-04T00:15:20.986285
2026-04-03_20-07-03,52,-1119.4946275628922,53,0,0.01639498133514747,59.464274989274024,50,200,2026-04-04T00:15:24.483968
2026-04-03_20-07-03,53,-98.63752842666051,200,0,0.014991956837375139,63.702433234531945,50,200,2026-04-04T00:15:29.282983
2026-04-03_20-07-03,54,-89.76281098211632,200,0,0.01591941320116355,59.81638571495272,50,200,2026-04-04T00:15:33.574545
2026-04-03_20-07-03,55,-92.93127191042537,200,0,0.01563501554262549,60.959002616512684,50,200,2026-04-04T00:15:37.875459
2026-04-03_20-07-03,56,-85.03797616513481,200,0,0.016379559980601005,58.05170109479997,50,200,2026-04-04T00:15:44.013524
2026-04-03_20-07-03,57,-82.65038294068525,200,0,0.016589246322273456,57.28001396647874,50,200,2026-04-04T00:15:50.660449
2026-04-03_20-07-03,58,-88.16643452533566,200,0,0.015837444516357976,60.14149981501958,50,200,2026-04-04T00:15:56.532339
2026-04-03_20-07-03,59,-83.24211151456004,200,0,0.016885396950343398,56.22277118748239,50,200,2026-04-04T00:16:02.131183
2026-04-03_20-07-03,60,-102.87660692417934,200,0,0.014542338320164393,65.76473218982953,50,200,2026-04-04T00:16:06.682090
2026-04-03_20-07-03,61,-92.11917323928871,200,0,0.015607021214299889,61.07372593840988,50,200,2026-04-04T00:16:12.070301
2026-04-03_20-07-03,62,-93.68308165514564,200,0,0.015144232602744119,63.0317380372777,50,200,2026-04-04T00:16:17.202717
2026-04-03_20-07-03,63,-1191.8398203594882,135,0,0.01760507169263761,54.45181356024793,50,200,2026-04-04T00:16:22.275283
2026-04-03_20-07-03,64,-95.74922151465476,200,0,0.015144232602744119,63.0317380372777,50,200,2026-04-04T00:16:28.217576
2026-04-03_20-07-03,65,-1104.1738967694266,28,0,0.01523679452715237,64.35060217278468,50,200,2026-04-04T00:17:28.597666
2026-04-03_20-07-03,66,-99.94807689981074,200,0,0.014847677195736854,64.35060217278468,50,200,2026-04-04T00:17:33.172150
2026-04-03_20-07-03,67,-92.35647814597802,200,0,0.01566719731860802,60.8276253029822,50,200,2026-04-04T00:17:38.241177
2026-04-03_20-07-03,68,-103.34521029963896,200,0,0.014542338320164393,65.76473218982953,50,200,2026-04-04T00:17:42.142553
2026-04-03_20-07-03,69,-98.17098096200921,200,0,0.015002553017897154,63.655321851358195,50,200,2026-04-04T00:17:46.919348
2026-04-03_20-07-03,70,-82.24846100997685,200,0,0.016938902237140722,56.0357029044876,50,200,2026-04-04T00:17:51.763963
2026-04-03_20-07-03,71,-98.35942554111388,200,0,0.014840830370231983,64.38167441127949,50,200,2026-04-04T00:17:57.702380
2026-04-03_20-07-03,72,-103.14833393712101,200,0,0.014542338320164393,65.76473218982953,50,200,2026-04-04T00:18:01.869563
2026-04-03_20-07-03,73,-82.79981881100517,200,0,0.016834916333169702,56.4003546088143,50,200,2026-04-04T00:18:06.982374
2026-04-03_20-07-03,74,-166.7675033451887,200,0,0.015795905494282912,60.30754513325841,50,200,2026-04-04T00:18:10.833561
2026-04-03_20-07-03,75,-100.95638432819811,200,0,0.014840830370231983,64.38167441127949,50,200,2026-04-04T00:18:14.190994
2026-04-03_20-07-03,76,-100.2030719577599,200,0,0.014840830370231983,64.38167441127949,50,200,2026-04-04T00:18:18.451994
2026-04-03_20-07-03,77,-105.14362734530398,200,0,0.014395109419717729,66.46803743153546,50,200,2026-04-04T00:18:22.017035
2026-04-03_20-07-03,78,-127.92579018696983,200,0,0.016120221108337676,59.033888572581766,50,200,2026-04-04T00:18:27.660054
2026-04-03_20-07-03,79,-86.36309436584378,200,0,0.016200054488402352,58.728187440104094,50,200,2026-04-04T00:18:32.304795
2026-04-03_20-07-03,80,-99.92543958509296,200,0,0.014690933476920654,65.06919393998976,50,200,2026-04-04T00:18:37.738015
2026-04-03_20-07-03,81,-93.11774520108116,200,0,0.015762912443755845,60.440052945046304,50,200,2026-04-04T00:19:32.238793
2026-04-03_20-07-03,82,-100.19568691589346,200,0,0.014694251449008376,65.05382386916237,50,200,2026-04-04T00:19:37.256704
2026-04-03_20-07-03,83,-102.05301153409022,200,0,0.014395109419717729,66.46803743153546,50,200,2026-04-04T00:19:42.536324
2026-04-03_20-07-03,84,-86.62988354612555,200,0,0.01639112635551034,58.008620049092706,50,200,2026-04-04T00:19:47.928349
2026-04-03_20-07-03,85,-90.96622489490939,200,0,0.01600915083336377,59.464274989274024,50,200,2026-04-04T00:19:51.764949
2026-04-03_20-07-03,86,-102.44549323549995,200,0,0.014395109419717729,66.46803743153546,50,200,2026-04-04T00:19:56.714586
2026-04-03_20-07-03,87,-93.85311423594678,200,0,0.015158808383651329,62.96824596572466,50,200,2026-04-04T00:20:01.180209
2026-04-03_20-07-03,88,-79.48315295698356,200,0,0.01666423056308451,57.0087712549569,50,200,2026-04-04T00:20:07.876583
2026-04-03_20-07-03,89,-90.57917492687739,200,0,0.015297568801352924,62.369864518050704,50,200,2026-04-04T00:20:13.074949
2026-04-03_20-07-03,90,-84.87556747742306,200,0,0.01620899952366611,58.69412236331676,50,200,2026-04-04T00:20:18.739699
2026-04-03_20-07-03,91,-106.85643328394958,200,0,0.015144232602744119,63.0317380372777,50,200,2026-04-04T00:20:22.389773
2026-04-03_20-07-03,92,-95.23502186995687,200,0,0.015331451396431838,62.22539674441618,50,200,2026-04-04T00:20:26.858999
2026-04-03_20-07-03,93,-93.5517976434571,200,0,0.015451867499167868,61.71709649683789,50,200,2026-04-04T00:20:31.964137
2026-04-03_20-07-03,94,-86.3073510092894,200,0,0.016120221108337676,59.033888572581766,50,200,2026-04-04T00:20:36.810391
2026-04-03_20-07-03,95,-97.98936468133479,200,0,0.015166112325465147,62.93647591023825,50,200,2026-04-04T00:20:40.492715
2026-04-03_20-07-03,96,-88.27707900956177,200,0,0.015837444516357976,60.14149981501958,50,200,2026-04-04T00:20:45.869736
2026-04-03_20-07-03,97,-98.1559436365527,200,0,0.015158808383651329,62.96824596572466,50,200,2026-04-04T00:21:47.232080
2026-04-03_20-07-03,98,-89.79216462263416,200,0,0.015987644818727064,59.54829972383762,50,200,2026-04-04T00:21:51.793514
2026-04-03_20-07-03,99,-56.24027474070728,200,0,0.018961184771514625,49.73932046178355,50,200,2026-04-04T00:22:01.335663
2026-04-03_20-07-03,100,-96.08718118660562,200,0,0.015144232602744119,63.0317380372777,50,200,2026-04-04T00:22:06.425703
2026-04-03_20-07-03,101,-1118.5835293468906,28,0,0.01592297010708363,61.5223536610881,50,200,2026-04-04T00:22:09.319837
2026-04-03_20-07-03,102,-68.07470197774254,200,0,0.017908508535570113,52.839379254491625,50,200,2026-04-04T00:22:15.610080
2026-04-03_20-07-03,103,-1158.5772299497885,12,0,0.016332334068212023,60.108235708594876,50,200,2026-04-04T00:22:18.370256
2026-04-03_20-07-03,104,-1120.2489020519558,111,0,0.01853033378538587,51.85556864985669,50,200,2026-04-04T00:22:24.112642
2026-04-03_20-07-03,105,-83.67443997841141,200,0,0.015987644818727064,59.54829972383762,50,200,2026-04-04T00:22:30.500177
2026-04-03_20-07-03,106,-129.0385821158739,200,0,0.015002553017897154,63.655321851358195,50,200,2026-04-04T00:22:37.185620
2026-04-03_20-07-03,107,-186.1532896031268,200,0,0.016233676290783778,58.60034129593445,50,200,2026-04-04T00:22:45.099049
2026-04-03_20-07-03,108,-93.31198620206209,200,0,0.015451867499167868,61.71709649683789,50,200,2026-04-04T00:22:50.356393
2026-04-03_20-07-03,109,-87.97826300427297,200,0,0.01607638457164266,59.20304046246274,50,200,2026-04-04T00:22:56.580683
2026-04-03_20-07-03,110,-1446.9618059612508,70,0,0.016170371077532112,60.14149981501958,50,200,2026-04-04T00:23:00.417061
2026-04-03_20-07-03,111,-70.05608197765552,200,0,0.017328524620093738,54.70831746635972,50,200,2026-04-04T00:23:09.104997
2026-04-03_20-07-03,112,-53.946926301241454,200,0,0.01934116912718734,48.703182647543684,50,200,2026-04-04T00:23:18.956660
2026-04-03_20-07-03,113,-77.43633549589998,200,0,0.016774943497769916,56.61271941887264,50,200,2026-04-04T00:24:11.502140
2026-04-03_20-07-03,114,-94.13518663714017,200,0,0.015475132526931253,61.61980201201558,50,200,2026-04-04T00:24:16.499486
2026-04-03_20-07-03,115,-100.64264835369873,200,0,0.014847677195736854,64.35060217278468,50,200,2026-04-04T00:24:20.184260
2026-04-03_20-07-03,116,-84.53327933105795,200,0,0.016493997022009554,57.62811813689564,50,200,2026-04-04T00:24:25.918395
2026-04-03_20-07-03,117,-93.7817166349461,200,0,0.015607021214299889,61.07372593840988,50,200,2026-04-04T00:24:30.156075
2026-04-03_20-07-03,118,-216.4403400079043,200,0,0.02085748886548407,44.94441010848846,50,200,2026-04-04T00:24:40.838384
2026-04-03_20-07-03,119,-79.44525106572553,200,0,0.0169877605700044,55.86591089385369,50,200,2026-04-04T00:24:48.221861
2026-04-03_20-07-03,120,-108.510130728661,200,0,0.017110494323822657,55.44366510251645,50,200,2026-04-04T00:24:53.411036
2026-04-03_20-07-03,121,-90.0112729958213,200,0,0.016200054488402352,58.728187440104094,50,200,2026-04-04T00:24:56.747842
2026-04-03_20-07-03,122,-114.78158388205107,200,0,0.016531896058015548,57.48912940721924,50,200,2026-04-04T00:25:03.246976
2026-04-03_20-07-03,123,-71.74508163161678,200,0,0.01777647959772812,53.25410782277739,50,200,2026-04-04T00:25:10.336382
2026-04-03_20-07-03,124,-83.36111319485524,200,0,0.016446994017549132,57.8013840664737,50,200,2026-04-04T00:25:15.847850
2026-04-03_20-07-03,125,-84.13169065774483,200,0,0.016356501754670582,58.137767414994535,50,200,2026-04-04T00:25:22.923352
2026-04-03_20-07-03,126,-93.1006428439799,200,0,0.0156712342591605,60.81118318204309,50,200,2026-04-04T00:25:27.111857
2026-04-03_20-07-03,127,-1620.241958322715,76,0,0.017473135449399647,55.47071299343465,50,200,2026-04-04T00:25:33.191141
2026-04-03_20-07-03,128,-77.11551372055115,200,0,0.016774943497769916,56.61271941887264,50,200,2026-04-04T00:25:39.788588
2026-04-03_20-07-03,129,-87.47742855781881,200,0,0.016120221108337676,59.033888572581766,50,200,2026-04-04T00:26:39.723856
2026-04-03_20-07-03,130,-74.67938270411062,200,0,0.017102579202553668,55.47071299343465,50,200,2026-04-04T00:26:46.741163
2026-04-03_20-07-03,131,-1125.8308738317478,66,0,0.018682785205379818,51.86520991955976,50,200,2026-04-04T00:26:53.063593
2026-04-03_20-07-03,132,-88.05146425288054,200,0,0.01607638457164266,59.20304046246274,50,200,2026-04-04T00:26:58.378691
2026-04-03_20-07-03,133,-78.78334036347472,200,0,0.01719026586376767,55.17245689653489,50,200,2026-04-04T00:27:04.172684
2026-04-03_20-07-03,134,-77.01757682229747,200,0,0.01695685271338864,55.97320787662612,50,200,2026-04-04T00:27:11.800204
2026-04-03_20-07-03,135,-53.79986829485123,200,0,0.020568522640843714,45.617978911828175,50,200,2026-04-04T00:27:20.782917
2026-04-03_20-07-03,136,-94.68594448614438,200,0,0.015475132526931253,61.61980201201558,50,200,2026-04-04T00:27:24.871434
2026-04-03_20-07-03,137,-59.36107266352862,200,0,0.018226486355673165,51.86520991955976,50,200,2026-04-04T00:27:34.790381
2026-04-03_20-07-03,138,-90.87484857267418,200,0,0.015327675363100063,62.24146527838174,50,200,2026-04-04T00:27:42.326053
2026-04-03_20-07-03,139,-58.61612748639647,200,0,0.02031376754008688,46.22769732530488,50,200,2026-04-04T00:27:51.134322
2026-04-03_20-07-03,140,-812.0472193951124,200,0,0.02029593865151834,46.2709412050371,50,200,2026-04-04T00:28:00.441424
2026-04-03_20-07-03,141,-110.95558792725626,200,0,0.01998300088264805,47.042533945356304,50,200,2026-04-04T00:28:09.728295
2026-04-03_20-07-03,142,-93.75017573911025,200,0,0.015475132526931253,61.61980201201558,50,200,2026-04-04T00:28:14.398851
2026-04-03_20-07-03,143,-83.70185473964892,200,0,0.01600915083336377,59.464274989274024,50,200,2026-04-04T00:28:22.638400
2026-04-03_20-07-03,144,-1193.3307710153822,103,0,0.016882937494321737,57.201398584300364,50,200,2026-04-04T00:28:26.799657
2026-04-03_20-07-03,145,-1133.1529214074271,45,0,0.01731519187127645,56.302753041036986,50,200,2026-04-04T00:29:26.516703
2026-04-03_20-07-03,146,-85.64831020979395,200,0,0.016862623549837707,56.302753041036986,50,200,2026-04-04T00:29:35.330559
2026-04-03_20-07-03,147,-55.03452539819458,200,0,0.020242738354701827,46.400431032480725,50,200,2026-04-04T00:29:44.857832
2026-04-03_20-07-03,148,-88.93822062073434,200,0,0.01600915083336377,59.464274989274024,50,200,2026-04-04T00:29:49.600493
2026-04-03_20-07-03,149,-76.12409927353944,200,0,0.017174220679360835,55.226805085936306,50,200,2026-04-04T00:29:57.664036
2026-04-03_20-07-03,150,-94.02983619971883,200,0,0.015297568801352924,62.369864518050704,50,200,2026-04-04T00:30:03.648316
2026-04-03_20-07-03,151,-84.32265391420444,200,0,0.01620899952366611,58.69412236331676,50,200,2026-04-04T00:30:10.394075
2026-04-03_20-07-03,152,-1559.8257508583238,28,0,0.01646245675294628,59.464274989274024,50,200,2026-04-04T00:30:14.331200
2026-04-03_20-07-03,153,-90.02448590553841,200,0,0.015451867499167868,61.71709649683789,50,200,2026-04-04T00:30:20.319199
2026-04-03_20-07-03,154,-76.81962952115765,200,0,0.01700586979491621,55.80322571321482,50,200,2026-04-04T00:30:26.575670
2026-04-03_20-07-03,155,-93.97366182165696,200,0,0.015327675363100063,62.24146527838174,50,200,2026-04-04T00:30:32.435820
2026-04-03_20-07-03,156,-95.21147381066788,200,0,0.015158808383651329,62.96824596572466,50,200,2026-04-04T00:30:36.931192
2026-04-03_20-07-03,157,-95.54108718247313,200,0,0.015158808383651329,62.96824596572466,50,200,2026-04-04T00:30:41.905380
2026-04-03_20-07-03,158,-94.30261244318497,200,0,0.015451867499167868,61.71709649683789,50,200,2026-04-04T00:30:45.885861
2026-04-03_20-07-03,159,-61.296431299432484,200,0,0.018548853366407828,50.91168824543142,50,200,2026-04-04T00:30:56.469732
2026-04-03_20-07-03,160,-78.1527871962805,200,0,0.017110494323822657,55.44366510251645,50,200,2026-04-04T00:31:02.448708
2026-04-03_20-07-03,161,-89.16901520803003,200,0,0.01620899952366611,58.69412236331676,50,200,2026-04-04T00:31:57.248000
2026-04-03_20-07-03,162,-1310.4408636260916,17,0,0.01623111736151176,60.440052945046304,50,200,2026-04-04T00:32:00.103170
2026-04-03_20-07-03,163,-80.2749736775093,200,0,0.016774943497769916,56.61271941887264,50,200,2026-04-04T00:32:06.336033
2026-04-03_20-07-03,164,-95.70659677136283,200,0,0.015451867499167868,61.71709649683789,50,200,2026-04-04T00:32:09.871457
2026-04-03_20-07-03,165,-99.61679932931307,200,0,0.014690933476920654,65.06919393998976,50,200,2026-04-04T00:32:14.938431
2026-04-03_20-07-03,166,-92.64228902858756,200,0,0.015795905494282912,60.30754513325841,50,200,2026-04-04T00:32:18.796703
2026-04-03_20-07-03,167,-116.91341071556873,200,0,0.016120221108337676,59.033888572581766,50,200,2026-04-04T00:32:22.924990
2026-04-03_20-07-03,168,-104.13393561441295,200,0,0.014395109419717729,66.46803743153546,50,200,2026-04-04T00:32:27.110882
2026-04-03_20-07-03,169,-78.34140304831838,200,0,0.01714758005367333,55.31726674375732,50,200,2026-04-04T00:32:32.826625
2026-04-03_20-07-03,170,-85.71376734888672,200,0,0.01600915083336377,59.464274989274024,50,200,2026-04-04T00:32:38.889951
2026-04-03_20-07-03,171,-81.7663107424719,200,0,0.016862623549837707,56.302753041036986,50,200,2026-04-04T00:32:44.094189
2026-04-03_20-07-03,172,-96.33399496777966,200,0,0.015144232602744119,63.0317380372777,50,200,2026-04-04T00:32:49.056356
2026-04-03_20-07-03,173,-183.84730385706678,200,0,0.017929790780920406,52.773099207835045,50,200,2026-04-04T00:32:54.994794
2026-04-03_20-07-03,174,-93.89095292482726,200,0,0.015490702006891422,61.554853586049575,50,200,2026-04-04T00:32:59.921897
2026-04-03_20-07-03,175,-94.78796412900014,200,0,0.01531636424944194,62.289646009589745,50,200,2026-04-04T00:33:04.934283
2026-04-03_20-07-03,176,-257.41429216650926,200,0,0.018074716675633755,52.32590180780452,50,200,2026-04-04T00:33:12.510776
2026-04-03_20-07-03,177,-94.54384384592265,200,0,0.015158808383651329,62.96824596572466,50,200,2026-04-04T00:34:07.291114
2026-04-03_20-07-03,178,-97.90180463355145,200,0,0.014991956837375139,63.702433234531945,50,200,2026-04-04T00:34:12.016626
2026-04-03_20-07-03,179,-103.81005428075053,200,0,0.014542338320164393,65.76473218982953,50,200,2026-04-04T00:34:15.047355
2026-04-03_20-07-03,180,-101.20893169033296,200,0,0.014847677195736854,64.35060217278468,50,200,2026-04-04T00:34:17.932837
2026-04-03_20-07-03,181,-92.03881061927873,200,0,0.01584579237197416,60.108235708594876,50,200,2026-04-04T00:34:21.788074
2026-04-03_20-07-03,182,-102.80404504435256,200,0,0.014690933476920654,65.06919393998976,50,200,2026-04-04T00:34:24.469135
2026-04-03_20-07-03,183,-76.83904548794195,200,0,0.017632891518770216,53.71219600798314,50,200,2026-04-04T00:34:30.510194
2026-04-03_20-07-03,184,-96.55737263658118,200,0,0.015002553017897154,63.655321851358195,50,200,2026-04-04T00:34:36.283129
2026-04-03_20-07-03,185,-103.61028815834855,200,0,0.014542338320164393,65.76473218982953,50,200,2026-04-04T00:34:39.868851
2026-04-03_20-07-03,186,-102.02432984679136,200,0,0.014690933476920654,65.06919393998976,50,200,2026-04-04T00:34:43.459703
2026-04-03_20-07-03,187,-101.16906111074945,200,0,0.014847677195736854,64.35060217278468,50,200,2026-04-04T00:34:46.883781
2026-04-03_20-07-03,188,-96.51318099623897,200,0,0.01531636424944194,62.289646009589745,50,200,2026-04-04T00:34:50.332471
2026-04-03_20-07-03,189,-1256.1135183100032,64,0,0.017766942510996177,54.644304369257,50,200,2026-04-04T00:34:54.262150
2026-04-03_20-07-03,190,-102.36624182846232,200,0,0.014694251449008376,65.05382386916237,50,200,2026-04-04T00:34:57.584582
2026-04-03_20-07-03,191,-98.82683025088127,200,0,0.014840830370231983,64.38167441127949,50,200,2026-04-04T00:35:02.072925
2026-04-03_20-07-03,192,-98.39284058949794,200,0,0.015144232602744119,63.0317380372777,50,200,2026-04-04T00:35:05.546784
2026-04-03_20-07-03,193,-91.87190512528358,200,0,0.01582078896403802,60.207972893961475,50,200,2026-04-04T00:36:04.762597
2026-04-03_20-07-03,194,-96.90112145338968,200,0,0.015331451396431838,62.22539674441618,50,200,2026-04-04T00:36:07.896838
2026-04-03_20-07-03,195,-99.28642832887921,200,0,0.014991956837375139,63.702433234531945,50,200,2026-04-04T00:36:11.692588
2026-04-03_20-07-03,196,-94.2859841891453,200,0,0.015451867499167868,61.71709649683789,50,200,2026-04-04T00:36:15.949072
2026-04-03_20-07-03,197,-105.28107146499089,200,0,0.014395109419717729,66.46803743153546,50,200,2026-04-04T00:36:19.420892
2026-04-03_20-07-03,198,-101.65898879952285,200,0,0.014847677195736854,64.35060217278468,50,200,2026-04-04T00:36:22.551303
2026-04-03_20-07-03,199,-95.62267243014465,200,0,0.015498504677194942,61.5223536610881,50,200,2026-04-04T00:36:25.676533
2026-04-03_20-07-03,200,-102.36613157444576,200,0,0.014694251449008376,65.05382386916237,50,200,2026-04-04T00:36:29.263987
2026-04-03_20-07-03,201,-102.23501006702062,200,0,0.014694251449008376,65.05382386916237,50,200,2026-04-04T00:36:32.564668
2026-04-03_20-07-03,202,-96.25869297025743,200,0,0.014847677195736854,64.35060217278468,50,200,2026-04-04T00:36:37.822080
2026-04-03_20-07-03,203,-98.62144315922993,200,0,0.015002553017897154,63.655321851358195,50,200,2026-04-04T00:36:41.905986
2026-04-03_20-07-03,204,-94.3775372806445,200,0,0.015475132526931253,61.61980201201558,50,200,2026-04-04T00:36:46.172014
2026-04-03_20-07-03,205,-104.17755071730352,200,0,0.014542338320164393,65.76473218982953,50,200,2026-04-04T00:36:48.773092
2026-04-03_20-07-03,206,-103.66718516252551,200,0,0.014542338320164393,65.76473218982953,50,200,2026-04-04T00:36:52.044928
2026-04-03_20-07-03,207,-99.94405620264314,200,0,0.014840830370231983,64.38167441127949,50,200,2026-04-04T00:36:56.257661
2026-04-03_20-07-03,208,-101.27990827973103,200,0,0.014847677195736854,64.35060217278468,50,200,2026-04-04T00:36:59.414412
2026-04-03_20-07-03,209,-93.7914523141131,200,0,0.015002553017897154,63.655321851358195,50,200,2026-04-04T00:38:20.173995
2026-04-03_20-07-03,210,-89.5847009156212,200,0,0.01600915083336377,59.464274989274024,50,200,2026-04-04T00:38:25.032042
2026-04-03_20-07-03,211,-105.5517788849724,200,0,0.014395109419717729,66.46803743153546,50,200,2026-04-04T00:38:28.436597
2026-04-03_20-07-03,212,-98.73572387557778,200,0,0.014991956837375139,63.702433234531945,50,200,2026-04-04T00:38:33.259941
2026-04-03_20-07-03,213,-88.45310315054789,200,0,0.015795905494282912,60.30754513325841,50,200,2026-04-04T00:38:38.395386
2026-04-03_20-07-03,214,-97.54693912465909,200,0,0.015166112325465147,62.93647591023825,50,200,2026-04-04T00:38:42.443367
2026-04-03_20-07-03,215,-90.23164715521493,200,0,0.015451867499167868,61.71709649683789,50,200,2026-04-04T00:38:47.450274
2026-04-03_20-07-03,216,-96.23184535696114,200,0,0.015297568801352924,62.369864518050704,50,200,2026-04-04T00:38:51.505451
2026-04-03_20-07-03,217,-98.40286277128122,200,0,0.015144232602744119,63.0317380372777,50,200,2026-04-04T00:38:55.147383
2026-04-03_20-07-03,218,-98.63548982755647,200,0,0.014991956837375139,63.702433234531945,50,200,2026-04-04T00:39:00.368416
2026-04-03_20-07-03,219,-103.99607337046413,200,0,0.014542338320164393,65.76473218982953,50,200,2026-04-04T00:39:03.441833
2026-04-03_20-07-03,220,-92.85686188243378,200,0,0.015498504677194942,61.5223536610881,50,200,2026-04-04T00:39:08.526043
2026-04-03_20-07-03,221,-102.16506641262092,200,0,0.014690933476920654,65.06919393998976,50,200,2026-04-04T00:39:12.216775
2026-04-03_20-07-03,222,-94.8954904645711,200,0,0.015144232602744119,63.0317380372777,50,200,2026-04-04T00:39:17.252749
2026-04-03_20-07-03,223,-82.76147129930102,200,0,0.01700586979491621,55.80322571321482,50,200,2026-04-04T00:39:22.025782
2026-04-03_20-07-03,224,-101.07664644340767,200,0,0.014840830370231983,64.38167441127949,50,200,2026-04-04T00:39:25.681423
2026-04-03_20-07-03,225,-89.18537508795274,200,0,0.015957683908956685,59.665735560705194,50,200,2026-04-04T00:40:35.149287
2026-04-03_20-07-03,226,-45.41189807976953,200,0,0.02018996312454887,46.52956049652737,50,200,2026-04-04T00:40:46.457135
2026-04-03_20-07-03,227,-1272.5015944648983,150,0,0.01885472086114144,50.53711507397311,50,200,2026-04-04T00:40:54.768756
2026-04-03_20-07-03,228,-65.35162125583145,200,0,0.01792066035616277,52.80151512977634,50,200,2026-04-04T00:41:02.327103
2026-04-03_20-07-03,229,-94.87957394488512,200,0,0.015490702006891422,61.554853586049575,50,200,2026-04-04T00:41:05.810169
2026-04-03_20-07-03,230,-79.58430750774143,200,0,0.016283375687934448,58.412327466040935,50,200,2026-04-04T00:41:13.176047
2026-04-03_20-07-03,231,-52.28806373654596,200,0,0.019504555598702577,48.27007354458868,50,200,2026-04-04T00:41:19.759037
2026-04-03_20-07-03,232,-79.16899379808731,200,0,0.016885396950343398,56.22277118748239,50,200,2026-04-04T00:41:27.097885
2026-04-03_20-07-03,233,-1148.2404812369107,190,0,0.016795654766399815,56.639209034025185,50,200,2026-04-04T00:41:31.769246
2026-04-03_20-07-03,234,-617.6054381711971,200,0,0.015451867499167868,61.71709649683789,50,200,2026-04-04T00:41:35.050810
2026-04-03_20-07-03,235,-76.76835323396271,200,0,0.017174220679360835,55.226805085936306,50,200,2026-04-04T00:41:42.949920
2026-04-03_20-07-03,236,-76.97081479023394,200,0,0.01670824747570822,56.85068161420758,50,200,2026-04-04T00:41:49.110211
2026-04-03_20-07-03,237,-167.0952816261639,200,0,0.020336121301206208,46.17358552246078,50,200,2026-04-04T00:41:59.035594
2026-04-03_20-07-03,238,-97.47637454212962,200,0,0.015144232602744119,63.0317380372777,50,200,2026-04-04T00:42:03.078280
2026-04-03_20-07-03,239,-97.15013187890395,200,0,0.015158808383651329,62.96824596572466,50,200,2026-04-04T00:42:07.292859
2026-04-03_20-07-03,240,-101.84827925186269,200,0,0.014694251449008376,65.05382386916237,50,200,2026-04-04T00:42:10.841906
2026-04-03_20-07-03,241,-87.33191510719523,200,0,0.015607021214299889,61.07372593840988,50,200,2026-04-04T00:43:14.108983
2026-04-03_20-07-03,242,-95.81004777087702,200,0,0.015166112325465147,62.93647591023825,50,200,2026-04-04T00:43:19.585045
2026-04-03_20-07-03,243,-92.72701049540424,200,0,0.015498504677194942,61.5223536610881,50,200,2026-04-04T00:43:24.558223
2026-04-03_20-07-03,244,-88.43023763062624,200,0,0.016182209508224014,58.7962583843564,50,200,2026-04-04T00:43:29.811697
2026-04-03_20-07-03,245,-98.68608711593684,200,0,0.014847677195736854,64.35060217278468,50,200,2026-04-04T00:43:35.192052
2026-04-03_20-07-03,246,-82.92330740337076,200,0,0.016560495414620673,57.38466694161429,50,200,2026-04-04T00:43:41.097262
2026-04-03_20-07-03,247,-1247.9375049839803,140,0,0.018695726621885542,51.088159097779204,50,200,2026-04-04T00:43:46.836678
2026-04-03_20-07-03,248,-1429.0787416687967,120,0,0.01602359367927425,60.207972893961475,50,200,2026-04-04T00:43:50.169654
2026-04-03_20-07-03,249,-96.5612224490833,200,0,0.014542338320164393,65.76473218982953,50,200,2026-04-04T00:43:57.097543
2026-04-03_20-07-03,250,-1169.3679266173626,45,0,0.01566910252084853,62.369864518050704,50,200,2026-04-04T00:44:00.078125
2026-04-03_20-07-03,251,-71.51663835459959,200,0,0.017372604940301534,54.56189146281496,50,200,2026-04-04T00:44:11.736186
2026-04-03_20-07-03,252,-292.86583301290005,200,0,0.016560495414620673,57.38466694161429,50,200,2026-04-04T00:44:16.364494
2026-04-03_20-07-03,253,-1167.2131348038401,34,0,0.016600756877935687,58.89821729050889,50,200,2026-04-04T00:44:19.900407
2026-04-03_20-07-03,254,-95.46201621876891,200,0,0.01531636424944194,62.289646009589745,50,200,2026-04-04T00:44:24.323946
2026-04-03_20-07-03,255,-66.01280600078222,200,0,0.01831033958653701,51.61395160225576,50,200,2026-04-04T00:44:33.363921
2026-04-03_20-07-03,256,-77.97908688888727,200,0,0.016742729328367508,56.72741841473134,50,200,2026-04-04T00:44:41.115783
2026-04-03_20-07-03,257,-1163.0487174619436,18,0,0.016316345028345513,60.108235708594876,50,200,2026-04-04T00:45:29.506809
2026-04-03_20-07-03,258,-96.66880012692808,200,0,0.015166112325465147,62.93647591023825,50,200,2026-04-04T00:45:34.380774
2026-04-03_20-07-03,259,-96.23606763234682,200,0,0.014694251449008376,65.05382386916237,50,200,2026-04-04T00:45:41.371189
2026-04-03_20-07-03,260,-102.95881222621983,200,0,0.014395109419717729,66.46803743153546,50,200,2026-04-04T00:45:46.236948
2026-04-03_20-07-03,261,-56.11183779222487,200,0,0.01983197446674889,47.4236228055175,50,200,2026-04-04T00:45:56.382250
2026-04-03_20-07-03,262,-94.97626508248744,200,0,0.01531636424944194,62.289646009589745,50,200,2026-04-04T00:46:01.361093
2026-04-03_20-07-03,263,-91.887847373668,200,0,0.014847677195736854,64.35060217278468,50,200,2026-04-04T00:46:08.744444
2026-04-03_20-07-03,264,-1180.5488237861798,160,0,0.0184421414155837,51.62363799656123,50,200,2026-04-04T00:46:15.633961
2026-04-03_20-07-03,265,-95.0175414655654,200,0,0.015331451396431838,62.22539674441618,50,200,2026-04-04T00:46:20.771307
2026-04-03_20-07-03,266,-101.83883829007969,200,0,0.014395109419717729,66.46803743153546,50,200,2026-04-04T00:46:26.023518
2026-04-03_20-07-03,267,-80.16745689411904,200,0,0.01719026586376767,55.17245689653489,50,200,2026-04-04T00:46:31.488001
2026-04-03_20-07-03,268,-1099.0929710188386,171,0,0.018755981851556424,50.60632371551998,50,200,2026-04-04T00:46:39.294047
2026-04-03_20-07-03,269,-60.90184581127066,200,0,0.01844168026748099,51.22499389946279,50,200,2026-04-04T00:46:50.657275
2026-04-03_20-07-03,270,-90.94702110158157,200,0,0.015837444516357976,60.14149981501958,50,200,2026-04-04T00:46:54.426365
2026-04-03_20-07-03,271,-207.79343471683902,200,0,0.018024978890203172,52.478567053607705,50,200,2026-04-04T00:47:04.543957
2026-04-03_20-07-03,272,-76.12250600649897,200,0,0.01729568768179672,54.817880294662984,50,200,2026-04-04T00:47:12.165484
2026-04-03_20-07-03,273,-92.09510132098302,200,0,0.014847677195736854,64.35060217278468,50,200,2026-04-04T00:48:11.517647
2026-04-03_20-07-03,274,-92.33326350703898,200,0,0.01566719731860802,60.8276253029822,50,200,2026-04-04T00:48:15.500481
2026-04-03_20-07-03,275,-117.05601636365245,200,0,0.01974956701560098,47.634021455258214,50,200,2026-04-04T00:48:24.428205
2026-04-03_20-07-03,276,-88.03309424722181,200,0,0.01584579237197416,60.108235708594876,50,200,2026-04-04T00:48:31.000718
2026-04-03_20-07-03,277,-95.46189535138998,200,0,0.01531636424944194,62.289646009589745,50,200,2026-04-04T00:48:35.226033
2026-04-03_20-07-03,278,-76.7881366264502,200,0,0.019995746067320595,47.01063709417264,50,200,2026-04-04T00:48:44.292654
2026-04-03_20-07-03,279,-83.3093585981852,200,0,0.016589246322273456,57.28001396647874,50,200,2026-04-04T00:48:50.075653
2026-04-03_20-07-03,280,-88.09737265152883,200,0,0.015475132526931253,61.61980201201558,50,200,2026-04-04T00:48:57.683366
2026-04-03_20-07-03,281,-70.25628314672859,200,0,0.018229689794722646,51.85556864985669,50,200,2026-04-04T00:49:05.315476
2026-04-03_20-07-03,282,-91.17729233535879,200,0,0.015607021214299889,61.07372593840988,50,200,2026-04-04T00:49:10.418563
2026-04-03_20-07-03,283,-1056.6104043798514,54,0,0.017203940746113026,56.586217403180434,50,200,2026-04-04T00:49:15.879326
2026-04-03_20-07-03,284,-123.57524164301437,200,0,0.01566719731860802,60.8276253029822,50,200,2026-04-04T00:49:27.343712
2026-04-03_20-07-03,285,-1229.0029745883926,61,0,0.01676117143242432,58.05170109479997,50,200,2026-04-04T00:49:31.622491
2026-04-03_20-07-03,286,-110.80192255827308,200,0,0.014694251449008376,65.05382386916237,50,200,2026-04-04T00:49:43.154931
2026-04-03_20-07-03,287,-73.19243030717224,200,0,0.016862623549837707,56.302753041036986,50,200,2026-04-04T00:49:54.195496
2026-04-03_20-07-03,288,-126.39720955273778,200,0,0.01639344262295082,58.0,50,200,2026-04-04T00:50:01.132353
2026-04-03_20-07-03,289,-1225.8867749238486,37,0,0.016043895426221248,60.959002616512684,50,200,2026-04-04T00:51:06.951622
2026-04-03_20-07-03,290,-1048.6232101889761,1,0,0.015464239121837704,63.655321851358195,50,200,2026-04-04T00:51:09.468438
2026-04-03_20-07-03,291,-38.443314365616395,200,0,0.022412828841189565,41.617304093369626,50,200,2026-04-04T00:51:21.378032
2026-04-03_20-07-03,292,-96.18172337400044,200,0,0.015144232602744119,63.0317380372777,50,200,2026-04-04T00:51:26.377094
2026-04-03_20-07-03,293,-99.01466172965243,200,0,0.014694251449008376,65.05382386916237,50,200,2026-04-04T00:51:32.818243
2026-04-03_20-07-03,294,-1113.6744019121159,146,0,0.01693588588701258,56.586217403180434,50,200,2026-04-04T00:51:38.247758
2026-04-03_20-07-03,295,-103.46857678793572,200,0,0.014395109419717729,66.46803743153546,50,200,2026-04-04T00:51:42.907666
2026-04-03_20-07-03,296,-1236.6791752934687,25,0,0.01628889997822382,60.14149981501958,50,200,2026-04-04T00:51:45.638707
2026-04-03_20-07-03,297,-93.82521022965425,200,0,0.015498504677194942,61.5223536610881,50,200,2026-04-04T00:51:49.963837
2026-04-03_20-07-03,298,-99.05429693829545,200,0,0.014991956837375139,63.702433234531945,50,200,2026-04-04T00:51:54.120930
2026-04-03_20-07-03,299,-83.53571627972526,200,0,0.01591941320116355,59.81638571495272,50,200,2026-04-04T00:52:02.003919
2026-04-03_20-07-03,300,-100.89335815193297,200,0,0.014395109419717729,66.46803743153546,50,200,2026-04-04T00:52:09.309377
2026-04-03_20-07-03,301,-76.19587012979778,200,0,0.017110494323822657,55.44366510251645,50,200,2026-04-04T00:52:16.751634
2026-04-03_20-07-03,302,-97.60829607068801,200,0,0.014991956837375139,63.702433234531945,50,200,2026-04-04T00:52:22.526527
2026-04-03_20-07-03,303,-98.49943504334625,200,0,0.015002553017897154,63.655321851358195,50,200,2026-04-04T00:52:26.494690
2026-04-03_20-07-03,304,-1157.9171982432867,128,0,0.01748309183540487,54.91812087098393,50,200,2026-04-04T00:52:31.408524
2026-04-03_20-07-03,305,-52.439857653280136,200,0,0.021009195071694707,44.598206241955516,50,200,2026-04-04T00:53:23.344088
2026-04-03_20-07-03,306,-99.2128408948975,200,0,0.014847677195736854,64.35060217278468,50,200,2026-04-04T00:53:27.829088
2026-04-03_20-07-03,307,-93.90548348942347,200,0,0.015607021214299889,61.07372593840988,50,200,2026-04-04T00:53:31.864930
2026-04-03_20-07-03,308,-81.94730405728134,200,0,0.016782404448224375,56.586217403180434,50,200,2026-04-04T00:53:37.350899
2026-04-03_20-07-03,309,-1219.9430561362456,177,0,0.01572385753769816,60.8276253029822,50,200,2026-04-04T00:53:40.855252
2026-04-03_20-07-03,310,-95.71051299208231,200,0,0.015144232602744119,63.0317380372777,50,200,2026-04-04T00:53:46.634057
2026-04-03_20-07-03,311,-89.4343286055824,200,0,0.015607021214299889,61.07372593840988,50,200,2026-04-04T00:53:53.827083
2026-04-03_20-07-03,312,-102.15685256917332,200,0,0.014542338320164393,65.76473218982953,50,200,2026-04-04T00:53:59.089783
2026-04-03_20-07-03,313,-87.61551895115932,200,0,0.01639112635551034,58.008620049092706,50,200,2026-04-04T00:54:03.698332
2026-04-03_20-07-03,314,-1045.6586646267074,6,0,0.016162613167711823,60.81118318204309,50,200,2026-04-04T00:54:06.418399
2026-04-03_20-07-03,315,-89.75415803886396,200,0,0.01582078896403802,60.207972893961475,50,200,2026-04-04T00:54:11.175642
2026-04-03_20-07-03,316,-86.35598105847838,200,0,0.016120221108337676,59.033888572581766,50,200,2026-04-04T00:54:16.865863
2026-04-03_20-07-03,317,-1654.3680288369096,37,0,0.015708538496261183,62.289646009589745,50,200,2026-04-04T00:54:19.138870
2026-04-03_20-07-03,318,-1140.963978901556,22,0,0.01621795558448898,60.440052945046304,50,200,2026-04-04T00:54:23.097586
2026-04-03_20-07-03,319,-93.59848467900471,200,0,0.015297568801352924,62.369864518050704,50,200,2026-04-04T00:54:29.359244
2026-04-03_20-07-03,320,-1069.9310561081172,66,0,0.016513035633179497,58.89821729050889,50,200,2026-04-04T00:54:33.530706
2026-04-03_20-07-03,321,-171.91758617032937,200,0,0.018790098733767958,50.21951811795888,50,200,2026-04-04T00:55:26.595814
2026-04-03_20-07-03,322,-88.81412690251241,200,0,0.016026419329261153,59.39696961966999,50,200,2026-04-04T00:55:32.115906
2026-04-03_20-07-03,323,-74.99119137793252,200,0,0.017481502537204034,54.20332093147061,50,200,2026-04-04T00:55:38.464347
2026-04-03_20-07-03,324,-38.08126450950207,200,0,0.022990137009585025,40.496913462633174,50,200,2026-04-04T00:55:50.542348
2026-04-03_20-07-03,325,-98.10807034720152,200,0,0.014991956837375139,63.702433234531945,50,200,2026-04-04T00:55:55.434412
2026-04-03_20-07-03,326,-94.01445495725335,200,0,0.015331451396431838,62.22539674441618,50,200,2026-04-04T00:56:00.175751
2026-04-03_20-07-03,327,-100.23025246293417,200,0,0.014690933476920654,65.06919393998976,50,200,2026-04-04T00:56:05.399687
2026-04-03_20-07-03,328,-75.13881349340862,200,0,0.017532471434017583,54.037024344425184,50,200,2026-04-04T00:56:13.910116
2026-04-03_20-07-03,329,-98.80069531861899,200,0,0.014840830370231983,64.38167441127949,50,200,2026-04-04T00:56:19.132648
2026-04-03_20-07-03,330,-262.53991874619334,200,0,0.015144232602744119,63.0317380372777,50,200,2026-04-04T00:56:25.132824
2026-04-03_20-07-03,331,-88.18275144342299,200,0,0.016356501754670582,58.137767414994535,50,200,2026-04-04T00:56:29.393821
2026-04-03_20-07-03,332,-83.264976918797,200,0,0.016531896058015548,57.48912940721924,50,200,2026-04-04T00:56:35.466461
2026-04-03_20-07-03,333,-1177.7363301819041,50,0,0.015842888731014054,61.61980201201558,50,200,2026-04-04T00:56:38.894346
2026-04-03_20-07-03,334,-74.92210944387928,200,0,0.017481502537204034,54.20332093147061,50,200,2026-04-04T00:56:47.019490
2026-04-03_20-07-03,335,-85.18558472149589,200,0,0.016324386013151563,58.25804665451803,50,200,2026-04-04T00:56:53.358572
2026-04-03_20-07-03,336,-101.68835377489135,200,0,0.014690933476920654,65.06919393998976,50,200,2026-04-04T00:56:57.601399
2026-04-03_20-07-03,337,-87.2144311845925,200,0,0.01591941320116355,59.81638571495272,50,200,2026-04-04T00:58:00.885968
2026-04-03_20-07-03,338,-73.86456460224716,200,0,0.017726259298275163,53.41348144429457,50,200,2026-04-04T00:58:08.036283
2026-04-03_20-07-03,339,-97.99111694157217,200,0,0.015002553017897154,63.655321851358195,50,200,2026-04-04T00:58:13.487724
2026-04-03_20-07-03,340,-94.59995657533011,200,0,0.01831033958653701,51.61395160225576,50,200,2026-04-04T00:58:21.274134
2026-04-03_20-07-03,341,-116.33855506429134,200,0,0.02212296596615033,42.20189569201838,50,200,2026-04-04T00:58:33.216168
2026-04-03_20-07-03,342,-1078.4510904891335,88,0,0.01690330905882849,57.28001396647874,50,200,2026-04-04T00:58:37.834275
2026-04-03_20-07-03,343,-86.6901332797046,200,0,0.016120221108337676,59.033888572581766,50,200,2026-04-04T00:58:44.431084
2026-04-03_20-07-03,344,-94.55767856852339,200,0,0.015297568801352924,62.369864518050704,50,200,2026-04-04T00:58:50.350548
2026-04-03_20-07-03,345,-1507.1536552335542,174,0,0.01874543418085755,50.60632371551998,50,200,2026-04-04T00:58:57.482033
2026-04-03_20-07-03,346,-79.18917940846688,200,0,0.0173395126615257,54.67174773134658,50,200,2026-04-04T00:59:02.742266
2026-04-03_20-07-03,347,-94.12890524475401,200,0,0.014690933476920654,65.06919393998976,50,200,2026-04-04T00:59:11.452638
2026-04-03_20-07-03,348,-93.81503964524698,200,0,0.01666423056308451,57.0087712549569,50,200,2026-04-04T00:59:18.277054
2026-04-03_20-07-03,349,-82.43878563598146,200,0,0.01697743884386866,55.90169943749474,50,200,2026-04-04T00:59:23.964985
2026-04-03_20-07-03,350,-97.89469572242923,200,0,0.015166112325465147,62.93647591023825,50,200,2026-04-04T00:59:27.315244
2026-04-03_20-07-03,351,-1107.8949277997833,11,0,0.016145275107146407,60.8276253029822,50,200,2026-04-04T00:59:30.614953
2026-04-03_20-07-03,352,-53.06754354830415,200,0,0.019919646185139157,47.20169488482379,50,200,2026-04-04T00:59:43.999486
2026-04-03_20-07-03,353,-126.47794612744003,200,0,0.016356501754670582,58.137767414994535,50,200,2026-04-04T01:00:45.506945
2026-04-03_20-07-03,354,-62.96227052396487,200,0,0.01926103155811243,48.91829923454004,50,200,2026-04-04T01:00:56.080479
2026-04-03_20-07-03,355,-113.29706424251728,200,0,0.014690933476920654,65.06919393998976,50,200,2026-04-04T01:01:01.517917
2026-04-03_20-07-03,356,-93.77330803540227,200,0,0.014847677195736854,64.35060217278468,50,200,2026-04-04T01:01:09.825535
2026-04-03_20-07-03,357,-1084.454667622789,3,0,0.01598660868011541,61.5223536610881,50,200,2026-04-04T01:01:12.577982
2026-04-03_20-07-03,358,-99.01556566426868,200,0,0.014847677195736854,64.35060217278468,50,200,2026-04-04T01:01:18.263162
2026-04-03_20-07-03,359,-99.7874962856533,200,0,0.014690933476920654,65.06919393998976,50,200,2026-04-04T01:01:25.014948
2026-04-03_20-07-03,360,-89.1520713334626,200,0,0.016182209508224014,58.7962583843564,50,200,2026-04-04T01:01:31.942061
2026-04-03_20-07-03,361,-77.72894485716346,200,0,0.017195624441988366,55.154328932550705,50,200,2026-04-04T01:01:38.793361
2026-04-03_20-07-03,362,-86.87218894599312,200,0,0.015655105496591208,60.876925020897694,50,200,2026-04-04T01:01:46.501859
2026-04-03_20-07-03,363,-89.79293436597672,200,0,0.01615555413020488,58.89821729050889,50,200,2026-04-04T01:01:51.234596
2026-04-03_20-07-03,364,-91.74933220987032,200,0,0.0156712342591605,60.81118318204309,50,200,2026-04-04T01:01:57.345275
2026-04-03_20-07-03,365,-504.21029542718895,200,0,0.015451867499167868,61.71709649683789,50,200,2026-04-04T01:02:02.863952
2026-04-03_20-07-03,366,-90.47893104070435,200,0,0.015655105496591208,60.876925020897694,50,200,2026-04-04T01:02:09.723004
2026-04-03_20-07-03,367,-87.172457531872,200,0,0.01600915083336377,59.464274989274024,50,200,2026-04-04T01:02:18.491794
2026-04-03_20-07-03,368,-90.2996713227472,200,0,0.015837444516357976,60.14149981501958,50,200,2026-04-04T01:02:24.091544
2026-04-03_20-07-03,369,-96.16615607488664,200,0,0.015297568801352924,62.369864518050704,50,200,2026-04-04T01:03:32.142045
2026-04-03_20-07-03,370,-85.986456716945,200,0,0.01639112635551034,58.008620049092706,50,200,2026-04-04T01:03:38.151947
2026-04-03_20-07-03,371,-68.78565447396716,200,0,0.01830709261918721,51.62363799656123,50,200,2026-04-04T01:03:46.416999
2026-04-03_20-07-03,372,-1047.9286322032824,12,0,0.016129832240275203,60.876925020897694,50,200,2026-04-04T01:03:49.656670
2026-04-03_20-07-03,373,-88.21053131931377,200,0,0.015607021214299889,61.07372593840988,50,200,2026-04-04T01:03:59.980096
2026-04-03_20-07-03,374,-85.06265232079518,200,0,0.016493997022009554,57.62811813689564,50,200,2026-04-04T01:04:05.940125
2026-04-03_20-07-03,375,-104.4751816689725,200,0,0.014395109419717729,66.46803743153546,50,200,2026-04-04T01:04:10.983953
2026-04-03_20-07-03,376,-90.0925391915066,200,0,0.015655105496591208,60.876925020897694,50,200,2026-04-04T01:04:18.898817
2026-04-03_20-07-03,377,-96.86517878644544,200,0,0.015331451396431838,62.22539674441618,50,200,2026-04-04T01:04:22.563686
2026-04-03_20-07-03,378,-100.89619320592277,200,0,0.014840830370231983,64.38167441127949,50,200,2026-04-04T01:04:26.832676
2026-04-03_20-07-03,379,-81.21561252639457,200,0,0.01697743884386866,55.90169943749474,50,200,2026-04-04T01:04:32.838443
2026-04-03_20-07-03,380,-98.33385852244713,200,0,0.015490702006891422,61.554853586049575,50,200,2026-04-04T01:04:40.413151
2026-04-03_20-07-03,381,-94.3255498950337,200,0,0.015451867499167868,61.71709649683789,50,200,2026-04-04T01:04:45.636288
2026-04-03_20-07-03,382,-350.4595340786477,200,0,0.014542338320164393,65.76473218982953,50,200,2026-04-04T01:04:51.380704
2026-04-03_20-07-03,383,-171.78380837794973,200,0,0.016120221108337676,59.033888572581766,50,200,2026-04-04T01:04:56.724753
2026-04-03_20-07-03,384,-95.63128148427901,200,0,0.015144232602744119,63.0317380372777,50,200,2026-04-04T01:05:02.936961
2026-04-03_20-07-03,385,-96.72089451615949,200,0,0.015158808383651329,62.96824596572466,50,200,2026-04-04T01:06:15.142724
2026-04-03_20-07-03,386,-73.23725315193832,200,0,0.017954208274935542,52.69724850502159,50,200,2026-04-04T01:06:23.399491
2026-04-03_20-07-03,387,-109.41698721493991,200,0,0.015987644818727064,59.54829972383762,50,200,2026-04-04T01:06:31.245554
2026-04-03_20-07-03,388,-98.39904326939403,200,0,0.015002553017897154,63.655321851358195,50,200,2026-04-04T01:06:37.454119
2026-04-03_20-07-03,389,-83.61782770287202,200,0,0.01582078896403802,60.207972893961475,50,200,2026-04-04T01:06:49.777563
2026-04-03_20-07-03,390,-84.77208807073457,200,0,0.016182209508224014,58.7962583843564,50,200,2026-04-04T01:06:57.254733
2026-04-03_20-07-03,391,-100.59563040729856,200,0,0.015002553017897154,63.655321851358195,50,200,2026-04-04T01:07:02.046050
2026-04-03_20-07-03,392,-100.6353844211959,200,0,0.014847677195736854,64.35060217278468,50,200,2026-04-04T01:07:06.060658
2026-04-03_20-07-03,393,-147.45750251530188,200,0,0.014694251449008376,65.05382386916237,50,200,2026-04-04T01:07:12.080715
2026-04-03_20-07-03,394,-97.09912238384598,200,0,0.015002553017897154,63.655321851358195,50,200,2026-04-04T01:07:17.335962
2026-04-03_20-07-03,395,-88.7026037904488,200,0,0.01563501554262549,60.959002616512684,50,200,2026-04-04T01:07:25.744352
2026-04-03_20-07-03,396,-82.29542217734732,200,0,0.01695685271338864,55.97320787662612,50,200,2026-04-04T01:07:32.248890
2026-04-03_20-07-03,397,-90.8459381349967,200,0,0.016022096878742342,59.413803110051795,50,200,2026-04-04T01:07:36.937965
2026-04-03_20-07-03,398,-83.2714003616525,200,0,0.016610909771468087,57.201398584300364,50,200,2026-04-04T01:07:42.858240
2026-04-03_20-07-03,399,-90.70971189179056,200,0,0.01566719731860802,60.8276253029822,50,200,2026-04-04T01:07:49.129109
2026-04-03_20-07-03,400,-74.56142108322746,200,0,0.017782416501530854,53.23532661682466,50,200,2026-04-04T01:07:57.303719
2026-04-03_20-07-03,401,-71.97709011057496,200,0,0.017174220679360835,55.226805085936306,50,200,2026-04-04T01:09:19.729065
2026-04-03_20-07-03,402,-73.5656632431586,200,0,0.01804047697652311,52.43090691567332,50,200,2026-04-04T01:09:26.489637
2026-04-03_20-07-03,403,-67.60337093388196,200,0,0.0187936149850847,50.20956084253277,50,200,2026-04-04T01:09:35.319111
2026-04-03_20-07-03,404,-78.81505123616058,200,0,0.016446994017549132,57.8013840664737,50,200,2026-04-04T01:09:46.425450
2026-04-03_20-07-03,405,-82.48160601101925,200,0,0.016446994017549132,57.8013840664737,50,200,2026-04-04T01:09:54.503546
2026-04-03_20-07-03,406,-66.4849222709682,200,0,0.01904120901046246,49.51767361255979,50,200,2026-04-04T01:10:03.244139
2026-04-03_20-07-03,407,-92.86873803566246,200,0,0.015166112325465147,62.93647591023825,50,200,2026-04-04T01:10:10.492998
2026-04-03_20-07-03,408,-80.3663088109554,200,0,0.016610909771468087,57.201398584300364,50,200,2026-04-04T01:10:19.412510
2026-04-03_20-07-03,409,-91.19690379028134,200,0,0.01591941320116355,59.81638571495272,50,200,2026-04-04T01:10:24.600972
2026-04-03_20-07-03,410,-82.74993410530294,200,0,0.0169877605700044,55.86591089385369,50,200,2026-04-04T01:10:30.290070
2026-04-03_20-07-03,411,-78.10994769497235,200,0,0.016742729328367508,56.72741841473134,50,200,2026-04-04T01:10:38.705391
2026-04-03_20-07-03,412,-74.38305746382773,200,0,0.017481502537204034,54.20332093147061,50,200,2026-04-04T01:10:46.678409
2026-04-03_20-07-03,413,-94.32639491267005,200,0,0.015451867499167868,61.71709649683789,50,200,2026-04-04T01:10:52.159975
2026-04-03_20-07-03,414,-1146.489472406941,97,0,0.016428935239342534,58.89821729050889,50,200,2026-04-04T01:10:57.124678
2026-04-03_20-07-03,415,-65.41630618221143,200,0,0.017632891518770216,53.71219600798314,50,200,2026-04-04T01:11:07.906572
2026-04-03_20-07-03,416,-151.5830418310949,200,0,0.014542338320164393,65.76473218982953,50,200,2026-04-04T01:11:14.457355
2026-04-03_20-07-03,417,-82.41872270629355,200,0,0.0169877605700044,55.86591089385369,50,200,2026-04-04T01:12:32.660263
2026-04-03_20-07-03,418,-64.3356446059132,200,0,0.018825352115288324,50.11985634456667,50,200,2026-04-04T01:12:42.344196
2026-04-03_20-07-03,419,-1451.299822375221,118,0,0.01716434703150153,56.08029957123981,50,200,2026-04-04T01:12:47.172102
2026-04-03_20-07-03,420,-229.49074880184486,200,0,0.014395109419717729,66.46803743153546,50,200,2026-04-04T01:12:55.255137
2026-04-03_20-07-03,421,-93.083728144242,200,0,0.015490702006891422,61.554853586049575,50,200,2026-04-04T01:13:00.285956
2026-04-03_20-07-03,422,-79.53153415500881,200,0,0.017195624441988366,55.154328932550705,50,200,2026-04-04T01:13:07.740604
2026-04-03_20-07-03,423,-55.07485202692471,200,0,0.018961184771514625,49.73932046178355,50,200,2026-04-04T01:13:21.934306
2026-04-03_20-07-03,424,-1246.4382408994325,185,0,0.017154522678259794,55.44366510251645,50,200,2026-04-04T01:13:28.383245
2026-04-03_20-07-03,425,-78.80357793410435,200,0,0.01697743884386866,55.90169943749474,50,200,2026-04-04T01:13:37.213743
2026-04-03_20-07-03,426,-1244.2476345807854,10,0,0.016724051804354143,58.69412236331676,50,200,2026-04-04T01:13:40.668105
2026-04-03_20-07-03,427,-1091.6727510633286,26,0,0.016585428866413225,59.033888572581766,50,200,2026-04-04T01:13:44.203646
2026-04-03_20-07-03,428,-94.23412025295232,200,0,0.015327675363100063,62.24146527838174,50,200,2026-04-04T01:13:54.203006
2026-04-03_20-07-03,429,-1050.5194244234053,53,0,0.018086871896638507,53.75872022286245,50,200,2026-04-04T01:13:59.928087
2026-04-03_20-07-03,430,-84.54943362248369,200,0,0.01607638457164266,59.20304046246274,50,200,2026-04-04T01:14:07.742580
2026-04-03_20-07-03,431,-40.56667411025367,200,0,0.020723312406051516,45.254833995939045,50,200,2026-04-04T01:14:21.795932
2026-04-03_20-07-03,432,-1134.4177752022374,17,0,0.01707805803074782,57.38466694161429,50,200,2026-04-04T01:14:25.801006
2026-04-03_20-07-03,433,-96.07150040477774,200,0,0.015158808383651329,62.96824596572466,50,200,2026-04-04T01:15:19.840050
2026-04-03_20-07-03,434,-71.5993541496354,200,0,0.01792066035616277,52.80151512977634,50,200,2026-04-04T01:15:26.281315
2026-04-03_20-07-03,435,-135.39524874011846,200,0,0.01531636424944194,62.289646009589745,50,200,2026-04-04T01:15:31.521951
2026-04-03_20-07-03,436,-98.4118170864449,200,0,0.015002553017897154,63.655321851358195,50,200,2026-04-04T01:15:36.104078
2026-04-03_20-07-03,437,-1119.290791537074,71,0,0.017153771626106287,56.586217403180434,50,200,2026-04-04T01:15:42.092304
2026-04-03_20-07-03,438,-90.67603778775522,200,0,0.016182209508224014,58.7962583843564,50,200,2026-04-04T01:15:48.025809
2026-04-03_20-07-03,439,-64.50424284892807,200,0,0.018790098733767958,50.21951811795888,50,200,2026-04-04T01:15:57.980957
2026-04-03_20-07-03,440,-93.8115926914024,200,0,0.015166112325465147,62.93647591023825,50,200,2026-04-04T01:16:04.981362
2026-04-03_20-07-03,441,-90.42221677121583,200,0,0.015837444516357976,60.14149981501958,50,200,2026-04-04T01:16:09.921749
2026-04-03_20-07-03,442,-122.78078074865604,200,0,0.014694251449008376,65.05382386916237,50,200,2026-04-04T01:16:15.274713
2026-04-03_20-07-03,443,-91.18888627729893,200,0,0.015762912443755845,60.440052945046304,50,200,2026-04-04T01:16:20.036010
2026-04-03_20-07-03,444,-101.0413610440909,200,0,0.014690933476920654,65.06919393998976,50,200,2026-04-04T01:16:24.377367
2026-04-03_20-07-03,445,-83.56104034761867,200,0,0.016548560675416515,57.42821606144492,50,200,2026-04-04T01:16:31.311497
2026-04-03_20-07-03,446,-91.86982957896676,200,0,0.0156712342591605,60.81118318204309,50,200,2026-04-04T01:16:36.912196
2026-04-03_20-07-03,447,-98.59462514063041,200,0,0.014991956837375139,63.702433234531945,50,200,2026-04-04T01:16:41.094465
2026-04-03_20-07-03,448,-1130.5219512543206,181,0,0.015544278160070762,61.5223536610881,50,200,2026-04-04T01:16:45.507192
2026-04-03_20-07-03,449,-87.82803174886494,200,0,0.015655105496591208,60.876925020897694,50,200,2026-04-04T01:17:58.872140
2026-04-03_20-07-03,450,-391.34582818268154,200,0,0.01813117640782781,52.15361924162119,50,200,2026-04-04T01:18:09.419037
2026-04-03_20-07-03,451,-77.99617558459836,200,0,0.01666423056308451,57.0087712549569,50,200,2026-04-04T01:18:19.454252
2026-04-03_20-07-03,452,-96.5814944527249,200,0,0.015006090152632831,63.63961030678928,50,200,2026-04-04T01:18:25.498323
2026-04-03_20-07-03,453,-75.2795068945258,200,0,0.01739477395381794,54.48853090330111,50,200,2026-04-04T01:18:32.760403
2026-04-03_20-07-03,454,-83.81793732312876,200,0,0.016493997022009554,57.62811813689564,50,200,2026-04-04T01:18:39.571239
2026-04-03_20-07-03,455,-1100.6984206673644,141,0,0.01780350337398231,53.75872022286245,50,200,2026-04-04T01:18:46.479966
2026-04-03_20-07-03,456,-76.16329349150728,200,0,0.017102579202553668,55.47071299343465,50,200,2026-04-04T01:18:55.143612
2026-04-03_20-07-03,457,-75.75927701157943,200,0,0.01757242937099559,53.907327887774215,50,200,2026-04-04T01:19:02.235572
2026-04-03_20-07-03,458,-96.9962978118859,200,0,0.014847677195736854,64.35060217278468,50,200,2026-04-04T01:19:09.152036
2026-04-03_20-07-03,459,-87.27106299640268,200,0,0.01615555413020488,58.89821729050889,50,200,2026-04-04T01:19:15.002639
2026-04-03_20-07-03,460,-89.81484011039771,200,0,0.015498504677194942,61.5223536610881,50,200,2026-04-04T01:19:21.221621
2026-04-03_20-07-03,461,-85.48767892706874,200,0,0.016200054488402352,58.728187440104094,50,200,2026-04-04T01:19:28.947970
2026-04-03_20-07-03,462,-84.19785141268886,200,0,0.016026419329261153,59.39696961966999,50,200,2026-04-04T01:19:37.165709
2026-04-03_20-07-03,463,-96.22474318602312,200,0,0.015166112325465147,62.93647591023825,50,200,2026-04-04T01:19:42.769971
2026-04-03_20-07-03,464,-86.29516338552739,200,0,0.016120221108337676,59.033888572581766,50,200,2026-04-04T01:19:49.390594
2026-04-03_20-07-03,465,-38.75491486697761,200,0,0.023168435945166085,40.162171256046406,50,200,2026-04-04T01:20:59.652269
2026-04-03_20-07-03,466,-92.70191137004616,200,0,0.015607021214299889,61.07372593840988,50,200,2026-04-04T01:21:04.568473
2026-04-03_20-07-03,467,-256.7134521302631,200,0,0.015297568801352924,62.369864518050704,50,200,2026-04-04T01:21:17.471433
2026-04-03_20-07-03,468,-934.2435942476702,200,0,0.01966415802543691,47.853944456021594,50,200,2026-04-04T01:21:26.729233
2026-04-03_20-07-03,469,-1058.4381691751978,23,0,0.015759100900870123,62.22539674441618,50,200,2026-04-04T01:21:29.420445
2026-04-03_20-07-03,470,-92.45260014897744,200,0,0.015607021214299889,61.07372593840988,50,200,2026-04-04T01:21:35.358080
2026-04-03_20-07-03,471,-1140.8596436095945,95,0,0.016480386810945987,58.728187440104094,50,200,2026-04-04T01:21:40.449343
2026-04-03_20-07-03,472,-1055.4535345315544,16,0,0.015740628562427843,62.369864518050704,50,200,2026-04-04T01:21:43.140028
2026-04-03_20-07-03,473,-71.07692999443071,200,0,0.01852188156539091,50.99019513592785,50,200,2026-04-04T01:21:53.709480
2026-04-03_20-07-03,474,-68.55601638113428,200,0,0.01777647959772812,53.25410782277739,50,200,2026-04-04T01:22:01.649974
2026-04-03_20-07-03,475,-1125.5362678846345,173,0,0.016078650328707252,59.464274989274024,50,200,2026-04-04T01:22:06.968930
2026-04-03_20-07-03,476,-68.16810665159855,200,0,0.01717689170036648,55.21775076911409,50,200,2026-04-04T01:22:20.639589
2026-04-03_20-07-03,477,-1059.3728682367573,66,0,0.018419330604757235,52.630789467763066,50,200,2026-04-04T01:22:26.089788
2026-04-03_20-07-03,478,-63.45469827057017,200,0,0.01956791925519426,48.104053883222775,50,200,2026-04-04T01:22:34.161735
2026-04-03_20-07-03,479,-107.73330333317206,200,0,0.015490702006891422,61.554853586049575,50,200,2026-04-04T01:22:42.533972
2026-04-03_20-07-03,480,-1134.573010112135,192,0,0.020990165046624664,44.721359549995796,50,200,2026-04-04T01:22:52.721224
2026-04-03_20-07-03,481,-62.36327983357274,200,0,0.018024978890203172,52.478567053607705,50,200,2026-04-04T01:23:53.236545
2026-04-03_20-07-03,482,-97.0299956139958,200,0,0.014840830370231983,64.38167441127949,50,200,2026-04-04T01:24:00.520238
2026-04-03_20-07-03,483,-87.99903571327954,200,0,0.01600915083336377,59.464274989274024,50,200,2026-04-04T01:24:06.660514
2026-04-03_20-07-03,484,-79.58271284564346,200,0,0.01700586979491621,55.80322571321482,50,200,2026-04-04T01:24:14.773201
2026-04-03_20-07-03,485,-86.98909274006483,200,0,0.015655105496591208,60.876925020897694,50,200,2026-04-04T01:24:22.556701
2026-04-03_20-07-03,486,-308.2529642852111,200,0,0.014690933476920654,65.06919393998976,50,200,2026-04-04T01:24:29.109524
2026-04-03_20-07-03,487,-78.74032327907783,200,0,0.017063170644771773,55.60575509783138,50,200,2026-04-04T01:24:36.811116
2026-04-03_20-07-03,488,-185.74950484068623,200,0,0.015607021214299889,61.07372593840988,50,200,2026-04-04T01:24:45.155829
2026-04-03_20-07-03,489,-78.87890198578465,200,0,0.016742729328367508,56.72741841473134,50,200,2026-04-04T01:24:52.940511
2026-04-03_20-07-03,490,-85.79247164161163,200,0,0.02228718052231459,41.86884283091664,50,200,2026-04-04T01:25:05.526556
2026-04-03_20-07-03,491,-78.76546665590739,200,0,0.01729568768179672,54.817880294662984,50,200,2026-04-04T01:25:12.540454
2026-04-03_20-07-03,492,-93.71901679839257,200,0,0.015451867499167868,61.71709649683789,50,200,2026-04-04T01:25:19.398690
2026-04-03_20-07-03,493,-91.87543390421249,200,0,0.01566719731860802,60.8276253029822,50,200,2026-04-04T01:25:25.085091
2026-04-03_20-07-03,494,-108.874987186196,200,0,0.016885396950343398,56.22277118748239,50,200,2026-04-04T01:25:37.507302
2026-04-03_20-07-03,495,-92.59181648166322,200,0,0.014847677195736854,64.35060217278468,50,200,2026-04-04T01:25:45.829383
2026-04-03_20-07-03,496,-112.74375086545275,200,0,0.014690933476920654,65.06919393998976,50,200,2026-04-04T01:25:51.822034
2026-04-03_20-07-03,497,-82.5452141159915,200,0,0.016742729328367508,56.72741841473134,50,200,2026-04-04T01:27:00.818401
2026-04-03_20-07-03,498,-79.25187145944014,200,0,0.016782404448224375,56.586217403180434,50,200,2026-04-04T01:27:08.381471
2026-04-03_20-07-03,499,-1094.7923666156323,106,0,0.01607678276205381,60.14149981501958,50,200,2026-04-04T01:27:12.675270
2026-04-03_20-07-03,500,-103.12800246380321,200,0,0.014395109419717729,66.46803743153546,50,200,2026-04-04T01:27:18.298622
2026-04-03_20-07-03,501,-95.47513726139395,200,0,0.019720971225190228,47.70744176750625,50,200,2026-04-04T01:27:31.912210
2026-04-03_20-07-03,502,-68.79599566223978,200,0,0.017110494323822657,55.44366510251645,50,200,2026-04-04T01:27:41.874040
2026-04-03_20-07-03,503,-78.08163594735123,200,0,0.017618438119702342,53.75872022286245,50,200,2026-04-04T01:27:47.466302
2026-04-03_20-07-03,504,-100.73644136388108,200,0,0.014690933476920654,65.06919393998976,50,200,2026-04-04T01:27:52.781669
2026-04-03_20-07-03,505,-84.81812022566861,200,0,0.016379559980601005,58.05170109479997,50,200,2026-04-04T01:27:58.939049
2026-04-03_20-07-03,506,-86.49415329095554,200,0,0.016356501754670582,58.137767414994535,50,200,2026-04-04T01:28:04.288528
2026-04-03_20-07-03,507,-94.86622684191362,200,0,0.015166112325465147,62.93647591023825,50,200,2026-04-04T01:28:10.361663
2026-04-03_20-07-03,508,-1101.6813111186145,122,0,0.016044092835794853,60.108235708594876,50,200,2026-04-04T01:28:14.945813
2026-04-03_20-07-03,509,-94.10549498459099,200,0,0.016022096878742342,59.413803110051795,50,200,2026-04-04T01:28:19.364052
2026-04-03_20-07-03,510,-103.45780362911569,200,0,0.014395109419717729,66.46803743153546,50,200,2026-04-04T01:28:24.679514
2026-04-03_20-07-03,511,-93.99218729351038,200,0,0.015451867499167868,61.71709649683789,50,200,2026-04-04T01:28:29.620196
2026-04-03_20-07-03,512,-98.45312873304383,200,0,0.015144232602744119,63.0317380372777,50,200,2026-04-04T01:28:33.317793
2026-04-03_20-07-03,513,-70.48002719736229,200,0,0.017102579202553668,55.47071299343465,50,200,2026-04-04T01:29:43.994199
2026-04-03_20-07-03,514,-95.21184173112493,200,0,0.015331451396431838,62.22539674441618,50,200,2026-04-04T01:29:48.633364
2026-04-03_20-07-03,515,-100.91843092892137,200,0,0.014542338320164393,65.76473218982953,50,200,2026-04-04T01:29:54.448623
2026-04-03_20-07-03,516,-81.03015108576876,200,0,0.016834916333169702,56.4003546088143,50,200,2026-04-04T01:30:01.625797
2026-04-03_20-07-03,517,-1187.3221832142983,200,0,0.014395109419717729,66.46803743153546,50,200,2026-04-04T01:30:04.099542
2026-04-03_20-07-03,518,-108.56102389460354,200,0,0.014840830370231983,64.38167441127949,50,200,2026-04-04T01:30:10.090973
2026-04-03_20-07-03,519,-101.0544651008045,200,0,0.014847677195736854,64.35060217278468,50,200,2026-04-04T01:30:13.718311
2026-04-03_20-07-03,520,-102.01763084860085,200,0,0.014542338320164393,65.76473218982953,50,200,2026-04-04T01:30:18.501643
2026-04-03_20-07-03,521,-74.49248180137953,200,0,0.01801879104245604,52.49761899362675,50,200,2026-04-04T01:30:25.851101
2026-04-03_20-07-03,522,-434.72782421939667,200,0,0.014395109419717729,66.46803743153546,50,200,2026-04-04T01:30:28.750852
2026-04-03_20-07-03,523,-98.50799586616579,200,0,0.014694251449008376,65.05382386916237,50,200,2026-04-04T01:30:34.998818
2026-04-03_20-07-03,524,-116.352672520491,200,0,0.015327675363100063,62.24146527838174,50,200,2026-04-04T01:30:40.044998
2026-04-03_20-07-03,525,-92.49650881573365,200,0,0.01566719731860802,60.8276253029822,50,200,2026-04-04T01:30:44.576412
2026-04-03_20-07-03,526,-87.81168910749585,200,0,0.01639344262295082,58.0,50,200,2026-04-04T01:30:48.923852
2026-04-03_20-07-03,527,-97.42975461707542,200,0,0.015166112325465147,62.93647591023825,50,200,2026-04-04T01:30:53.495009
2026-04-03_20-07-03,528,-101.11903664628112,200,0,0.014690933476920654,65.06919393998976,50,200,2026-04-04T01:30:58.232182
2026-04-03_20-07-03,529,-114.42693266528545,200,0,0.014395109419717729,66.46803743153546,50,200,2026-04-04T01:32:12.633597
2026-04-03_20-07-03,530,-93.88087811461581,200,0,0.01531636424944194,62.289646009589745,50,200,2026-04-04T01:32:17.918785
2026-04-03_20-07-03,531,-96.4267262383463,200,0,0.015166112325465147,62.93647591023825,50,200,2026-04-04T01:32:23.442462
2026-04-03_20-07-03,532,-83.77866325937698,200,0,0.01639344262295082,58.0,50,200,2026-04-04T01:32:30.048862
2026-04-03_20-07-03,533,-89.48910739434464,200,0,0.016120221108337676,59.033888572581766,50,200,2026-04-04T01:32:35.381607
2026-04-03_20-07-03,534,-96.96079875770128,200,0,0.014847677195736854,64.35060217278468,50,200,2026-04-04T01:32:41.297149
2026-04-03_20-07-03,535,-263.8708113041462,200,0,0.017241379310344827,55.0,50,200,2026-04-04T01:32:47.775965
2026-04-03_20-07-03,536,-100.83848068980612,200,0,0.014840830370231983,64.38167441127949,50,200,2026-04-04T01:32:51.781251
2026-04-03_20-07-03,537,-82.84812249935105,200,0,0.016233676290783778,58.60034129593445,50,200,2026-04-04T01:33:00.824830
2026-04-03_20-07-03,538,-89.49354519099879,200,0,0.015795905494282912,60.30754513325841,50,200,2026-04-04T01:33:07.780319
2026-04-03_20-07-03,539,-79.40170276707683,200,0,0.016233676290783778,58.60034129593445,50,200,2026-04-04T01:33:18.646847
2026-04-03_20-07-03,540,-1132.0857778541247,99,0,0.016812619988997784,57.48912940721924,50,200,2026-04-04T01:33:24.841382
2026-04-03_20-07-03,541,-93.95192273698883,200,0,0.015451867499167868,61.71709649683789,50,200,2026-04-04T01:33:30.111734
2026-04-03_20-07-03,542,-85.12391512708507,200,0,0.016356501754670582,58.137767414994535,50,200,2026-04-04T01:33:37.218578
2026-04-03_20-07-03,543,-93.14156563669839,200,0,0.015498504677194942,61.5223536610881,50,200,2026-04-04T01:33:42.295445
2026-04-03_20-07-03,544,-71.17697532081613,200,0,0.01757242937099559,53.907327887774215,50,200,2026-04-04T01:33:50.469418
2026-04-03_20-07-03,545,-99.34687066318509,200,0,0.014694251449008376,65.05382386916237,50,200,2026-04-04T01:34:53.599660
2026-04-03_20-07-03,546,-104.1354657334749,200,0,0.014542338320164393,65.76473218982953,50,200,2026-04-04T01:34:56.995890
2026-04-03_20-07-03,547,-95.69431696123111,200,0,0.015002553017897154,63.655321851358195,50,200,2026-04-04T01:35:03.375042
2026-04-03_20-07-03,548,-98.04104311146902,200,0,0.015144232602744119,63.0317380372777,50,200,2026-04-04T01:35:07.784788
2026-04-03_20-07-03,549,-87.81366006670095,200,0,0.016022096878742342,59.413803110051795,50,200,2026-04-04T01:35:13.933360
2026-04-03_20-07-03,550,-103.99150110235634,200,0,0.014395109419717729,66.46803743153546,50,200,2026-04-04T01:35:18.528604
2026-04-03_20-07-03,551,-87.96125925150702,200,0,0.016379559980601005,58.05170109479997,50,200,2026-04-04T01:35:23.237927
2026-04-03_20-07-03,552,-77.33027474783411,200,0,0.016782404448224375,56.586217403180434,50,200,2026-04-04T01:35:33.303439
2026-04-03_20-07-03,553,-92.47071186959333,200,0,0.015607021214299889,61.07372593840988,50,200,2026-04-04T01:35:39.673731
2026-04-03_20-07-03,554,-90.6551835492132,200,0,0.01582078896403802,60.207972893961475,50,200,2026-04-04T01:35:44.245192
2026-04-03_20-07-03,555,-100.86343677872931,200,0,0.014542338320164393,65.76473218982953,50,200,2026-04-04T01:35:50.053062
2026-04-03_20-07-03,556,-80.89706083747726,200,0,0.01697743884386866,55.90169943749474,50,200,2026-04-04T01:35:56.619600
2026-04-03_20-07-03,557,-104.75148305112258,200,0,0.014395109419717729,66.46803743153546,50,200,2026-04-04T01:36:01.461886
2026-04-03_20-07-03,558,-94.84442845178243,200,0,0.015490702006891422,61.554853586049575,50,200,2026-04-04T01:36:05.450800
2026-04-03_20-07-03,559,-85.142048440402,200,0,0.016834916333169702,56.4003546088143,50,200,2026-04-04T01:36:10.916108
2026-04-03_20-07-03,560,-85.62317987958393,200,0,0.016446994017549132,57.8013840664737,50,200,2026-04-04T01:36:16.311532
2026-04-03_20-07-03,561,-68.07812674291621,200,0,0.018779562045152805,50.24937810560445,50,200,2026-04-04T01:37:34.799998
2026-04-03_20-07-03,562,-97.62606188752078,200,0,0.015002553017897154,63.655321851358195,50,200,2026-04-04T01:37:40.254103
2026-04-03_20-07-03,563,-94.77742154835579,200,0,0.015498504677194942,61.5223536610881,50,200,2026-04-04T01:37:44.652955
2026-04-03_20-07-03,564,-79.15401346178705,200,0,0.017063170644771773,55.60575509783138,50,200,2026-04-04T01:37:51.957172
2026-04-03_20-07-03,565,-91.46513749306911,200,0,0.01582078896403802,60.207972893961475,50,200,2026-04-04T01:37:57.799263
2026-04-03_20-07-03,566,-96.12208411165905,200,0,0.015158808383651329,62.96824596572466,50,200,2026-04-04T01:38:03.132758
2026-04-03_20-07-03,567,-75.56907365510031,200,0,0.017532471434017583,54.037024344425184,50,200,2026-04-04T01:38:10.692877
2026-04-03_20-07-03,568,-101.94252007125051,200,0,0.014690933476920654,65.06919393998976,50,200,2026-04-04T01:38:14.666681
2026-04-03_20-07-03,569,-98.80064885459028,200,0,0.014991956837375139,63.702433234531945,50,200,2026-04-04T01:38:20.878835
2026-04-03_20-07-03,570,-121.579827628586,200,0,0.016782404448224375,56.586217403180434,50,200,2026-04-04T01:38:29.447194
2026-04-03_20-07-03,571,-102.97790626469885,200,0,0.014542338320164393,65.76473218982953,50,200,2026-04-04T01:38:34.469510
2026-04-03_20-07-03,572,-94.1420418526541,200,0,0.015158808383651329,62.96824596572466,50,200,2026-04-04T01:38:41.400111
2026-04-03_20-07-03,573,-81.787030342937,200,0,0.016589246322273456,57.28001396647874,50,200,2026-04-04T01:38:49.150535
2026-04-03_20-07-03,574,-101.84457147012859,200,0,0.014395109419717729,66.46803743153546,50,200,2026-04-04T01:38:55.141609
2026-04-03_20-07-03,575,-73.04978106716295,200,0,0.018074716675633755,52.32590180780452,50,200,2026-04-04T01:39:01.501139
2026-04-03_20-07-03,576,-86.34913776503994,200,0,0.01591941320116355,59.81638571495272,50,200,2026-04-04T01:39:08.158883
2026-04-03_20-07-03,577,-87.24213871378547,200,0,0.016283375687934448,58.412327466040935,50,200,2026-04-04T01:40:21.767937
2026-04-03_20-07-03,578,-52.765215607000464,200,0,0.021029017621402295,44.553338819890925,50,200,2026-04-04T01:40:33.390995
2026-04-03_20-07-03,579,-99.0342975671719,200,0,0.015002553017897154,63.655321851358195,50,200,2026-04-04T01:40:37.139782
2026-04-03_20-07-03,580,-98.75461976019545,200,0,0.015002553017897154,63.655321851358195,50,200,2026-04-04T01:40:42.208204
2026-04-03_20-07-03,581,-91.8319024151558,200,0,0.01563501554262549,60.959002616512684,50,200,2026-04-04T01:40:47.930174
2026-04-03_20-07-03,582,-95.1135398135651,200,0,0.015327675363100063,62.24146527838174,50,200,2026-04-04T01:40:52.511336
2026-04-03_20-07-03,583,-98.47817416174966,200,0,0.015158808383651329,62.96824596572466,50,200,2026-04-04T01:40:56.057118
2026-04-03_20-07-03,584,-126.38459469379143,200,0,0.015327675363100063,62.24146527838174,50,200,2026-04-04T01:41:01.646749
2026-04-03_20-07-03,585,-78.36192408703181,200,0,0.017372604940301534,54.56189146281496,50,200,2026-04-04T01:41:08.737113
2026-04-03_20-07-03,586,-105.1236444923603,200,0,0.014395109419717729,66.46803743153546,50,200,2026-04-04T01:41:13.312950
2026-04-03_20-07-03,587,-76.78849666428637,200,0,0.017174220679360835,55.226805085936306,50,200,2026-04-04T01:41:19.575679
2026-04-03_20-07-03,588,-93.58004181563552,200,0,0.015002553017897154,63.655321851358195,50,200,2026-04-04T01:41:27.884920
2026-04-03_20-07-03,589,-88.27982982623979,200,0,0.016182209508224014,58.7962583843564,50,200,2026-04-04T01:41:33.054841
2026-04-03_20-07-03,590,-85.04225166957252,200,0,0.016233676290783778,58.60034129593445,50,200,2026-04-04T01:41:39.974999
2026-04-03_20-07-03,591,-86.77791227943901,200,0,0.016182209508224014,58.7962583843564,50,200,2026-04-04T01:41:46.402223
2026-04-03_20-07-03,592,-75.01930563272501,200,0,0.017782416501530854,53.23532661682466,50,200,2026-04-04T01:41:54.369793
2026-04-03_20-07-03,593,-67.74173705530228,200,0,0.01801879104245604,52.49761899362675,50,200,2026-04-04T01:43:10.292725
2026-04-03_20-07-03,594,-1539.6709696658197,157,0,0.017992266991832255,53.009433122794285,50,200,2026-04-04T01:43:20.270749
2026-04-03_20-07-03,595,-87.69300229531315,200,0,0.01584579237197416,60.108235708594876,50,200,2026-04-04T01:43:25.660944
2026-04-03_20-07-03,596,-75.1385931518055,200,0,0.017688146747391213,53.53503525729669,50,200,2026-04-04T01:43:33.470035
2026-04-03_20-07-03,597,-98.2973123477286,200,0,0.014840830370231983,64.38167441127949,50,200,2026-04-04T01:43:39.495438
2026-04-03_20-07-03,598,-71.94317036793437,200,0,0.01777647959772812,53.25410782277739,50,200,2026-04-04T01:43:48.036465
2026-04-03_20-07-03,599,-458.53626019877385,200,0,0.023744388186203745,39.11521443121589,50,200,2026-04-04T01:44:02.151489
2026-04-03_20-07-03,600,-61.522176895801984,200,0,0.018875048613258016,49.9799959983992,50,200,2026-04-04T01:44:12.564935
2026-04-03_20-07-03,601,-79.1360556593561,200,0,0.016560495414620673,57.38466694161429,50,200,2026-04-04T01:44:21.841516
2026-04-03_20-07-03,602,-77.82517667052004,200,0,0.01739477395381794,54.48853090330111,50,200,2026-04-04T01:44:28.858529
2026-04-03_20-07-03,603,-76.8695624760141,200,0,0.017428190127981715,54.378304497290095,50,200,2026-04-04T01:44:38.367414
2026-04-03_20-07-03,604,-1167.4996639028893,36,0,0.015218244346179032,64.35060217278468,50,200,2026-04-04T01:44:40.914930
2026-04-03_20-07-03,605,-95.93462550607492,200,0,0.015006090152632831,63.63961030678928,50,200,2026-04-04T01:44:46.391152
2026-04-03_20-07-03,606,-88.58728430414214,200,0,0.016200054488402352,58.728187440104094,50,200,2026-04-04T01:44:50.993287
2026-04-03_20-07-03,607,-88.22097040837436,200,0,0.015762912443755845,60.440052945046304,50,200,2026-04-04T01:44:57.754293
2026-04-03_20-07-03,608,-87.75538179879496,200,0,0.01584579237197416,60.108235708594876,50,200,2026-04-04T01:45:04.195207
2026-04-03_20-07-03,609,-107.61949664755728,200,0,0.016233676290783778,58.60034129593445,50,200,2026-04-04T01:46:11.700307
2026-04-03_20-07-03,610,-81.74399073753938,200,0,0.01666423056308451,57.0087712549569,50,200,2026-04-04T01:46:19.614809
2026-04-03_20-07-03,611,-83.6255531825651,200,0,0.01678738404729671,56.568542494923804,50,200,2026-04-04T01:46:24.898431
2026-04-03_20-07-03,612,-1514.033263439212,111,0,0.014885561158910095,65.06919393998976,50,200,2026-04-04T01:46:27.543973
2026-04-03_20-07-03,613,-52.100701452276994,200,0,0.021093839338945,44.40720662234904,50,200,2026-04-04T01:46:38.161266
2026-04-03_20-07-03,614,-84.85494903744808,200,0,0.01566719731860802,60.8276253029822,50,200,2026-04-04T01:46:50.428827
2026-04-03_20-07-03,615,-63.95624039590417,200,0,0.01904120901046246,49.51767361255979,50,200,2026-04-04T01:46:59.154765
2026-04-03_20-07-03,616,-78.17132302434345,200,0,0.01717689170036648,55.21775076911409,50,200,2026-04-04T01:47:05.852544
2026-04-03_20-07-03,617,-91.40604244620663,200,0,0.015498504677194942,61.5223536610881,50,200,2026-04-04T01:47:11.384682
2026-04-03_20-07-03,618,-83.56649278685686,200,0,0.01670824747570822,56.85068161420758,50,200,2026-04-04T01:47:18.412966
2026-04-03_20-07-03,619,-39.57701491220215,200,0,0.022358713677858043,41.72529209005013,50,200,2026-04-04T01:47:31.060426
2026-04-03_20-07-03,620,-100.0052162914055,200,0,0.014840830370231983,64.38167441127949,50,200,2026-04-04T01:47:35.754059
2026-04-03_20-07-03,621,-72.36305751122464,200,0,0.019684390865935184,47.80167361086848,50,200,2026-04-04T01:47:46.294711
2026-04-03_20-07-03,622,-124.64110494623117,200,0,0.014542338320164393,65.76473218982953,50,200,2026-04-04T01:47:49.256076
2026-04-03_20-07-03,623,-96.89143080376063,200,0,0.015158808383651329,62.96824596572466,50,200,2026-04-04T01:47:53.519989
2026-04-03_20-07-03,624,-84.14729806675145,200,0,0.016742729328367508,56.72741841473134,50,200,2026-04-04T01:47:59.717501
2026-04-03_20-07-03,625,-1080.7320446036872,135,0,0.01876830156452485,50.93132631298737,50,200,2026-04-04T01:49:12.278392
2026-04-03_20-07-03,626,-87.08400771690826,200,0,0.016356501754670582,58.137767414994535,50,200,2026-04-04T01:49:17.558156
2026-04-03_20-07-03,627,-84.45550551993425,200,0,0.0190192817578449,49.57822102496216,50,200,2026-04-04T01:49:27.400865
2026-04-03_20-07-03,628,-95.15776524169688,200,0,0.015331451396431838,62.22539674441618,50,200,2026-04-04T01:49:32.385356
2026-04-03_20-07-03,629,-72.64057571106011,200,0,0.016560495414620673,57.38466694161429,50,200,2026-04-04T01:49:43.306735
2026-04-03_20-07-03,630,-387.0709690122602,200,0,0.01639112635551034,58.008620049092706,50,200,2026-04-04T01:49:53.483420
2026-04-03_20-07-03,631,-77.2901694171467,200,0,0.017532471434017583,54.037024344425184,50,200,2026-04-04T01:50:00.367772
2026-04-03_20-07-03,632,-1166.8784142956213,188,0,0.01998005764061904,47.16990566028302,50,200,2026-04-04T01:50:11.922882
2026-04-03_20-07-03,633,-1099.4690016413442,5,0,0.014966759084790868,65.76473218982953,50,200,2026-04-04T01:50:13.927859
2026-04-03_20-07-03,634,-1127.6627561060814,21,0,0.015589320937900388,62.93647591023825,50,200,2026-04-04T01:50:16.564838
2026-04-03_20-07-03,635,-89.29851270171744,200,0,0.01582078896403802,60.207972893961475,50,200,2026-04-04T01:50:24.040344
2026-04-03_20-07-03,636,-75.17092099606444,200,0,0.0169877605700044,55.86591089385369,50,200,2026-04-04T01:50:33.188855
2026-04-03_20-07-03,637,-70.42199689564872,200,0,0.017532471434017583,54.037024344425184,50,200,2026-04-04T01:50:41.363917
2026-04-03_20-07-03,638,-68.2647488507273,200,0,0.01852188156539091,50.99019513592785,50,200,2026-04-04T01:50:50.399639
2026-04-03_20-07-03,639,-1134.3243303636984,192,0,0.020455176885205314,45.967379738244816,50,200,2026-04-04T01:51:00.337499
2026-04-03_20-07-03,640,-71.12357380727198,200,0,0.017481502537204034,54.20332093147061,50,200,2026-04-04T01:51:10.487752
2026-04-03_20-07-03,641,-90.14457469155379,200,0,0.016200054488402352,58.728187440104094,50,200,2026-04-04T01:52:11.834417
2026-04-03_20-07-03,642,-72.22177260786964,200,0,0.017428190127981715,54.378304497290095,50,200,2026-04-04T01:52:19.642680
2026-04-03_20-07-03,643,-96.96685550773206,200,0,0.014840830370231983,64.38167441127949,50,200,2026-04-04T01:52:26.642445
2026-04-03_20-07-03,644,-1073.354227080244,55,0,0.016937919140076634,57.48912940721924,50,200,2026-04-04T01:52:30.714565
2026-04-03_20-07-03,645,-99.09201345448356,200,0,0.014690933476920654,65.06919393998976,50,200,2026-04-04T01:52:36.514423
2026-04-03_20-07-03,646,-101.4507901927443,200,0,0.019276217495546113,48.877397639399746,50,200,2026-04-04T01:52:45.102460
2026-04-03_20-07-03,647,-107.11162685756429,200,0,0.016579645764233333,57.3149195236284,50,200,2026-04-04T01:52:56.479070
2026-04-03_20-07-03,648,-75.7984128523099,200,0,0.01830709261918721,51.62363799656123,50,200,2026-04-04T01:53:04.073924
2026-04-03_20-07-03,649,-87.87574144755338,200,0,0.016356501754670582,58.137767414994535,50,200,2026-04-04T01:53:08.884242
2026-04-03_20-07-03,650,-83.65726285807011,200,0,0.01697743884386866,55.90169943749474,50,200,2026-04-04T01:53:15.167086
2026-04-03_20-07-03,651,-86.42288062073374,200,0,0.016200054488402352,58.728187440104094,50,200,2026-04-04T01:53:20.921089
2026-04-03_20-07-03,652,-1209.2118995354544,162,0,0.017087678751846053,55.90169943749474,50,200,2026-04-04T01:53:26.922907
2026-04-03_20-07-03,653,-190.66451414518212,200,0,0.01777351341667012,53.2634959423431,50,200,2026-04-04T01:53:37.576803
2026-04-03_20-07-03,654,-85.69444149926616,200,0,0.01591941320116355,59.81638571495272,50,200,2026-04-04T01:53:45.603485
2026-04-03_20-07-03,655,-198.73276736650396,200,0,0.014395109419717729,66.46803743153546,50,200,2026-04-04T01:53:48.337604
2026-04-03_20-07-03,656,-65.03125637635057,200,0,0.0190192817578449,49.57822102496216,50,200,2026-04-04T01:54:00.000715
2026-04-03_20-07-03,657,-1073.3596907926496,112,0,0.018606853523090206,51.62363799656123,50,200,2026-04-04T01:55:03.565691
2026-04-03_20-07-03,658,-79.65339823616307,200,0,0.01639112635551034,58.008620049092706,50,200,2026-04-04T01:55:11.990468
2026-04-03_20-07-03,659,-98.28671833508284,200,0,0.015144232602744119,63.0317380372777,50,200,2026-04-04T01:55:15.509378
2026-04-03_20-07-03,660,-85.74687338673652,200,0,0.015607021214299889,61.07372593840988,50,200,2026-04-04T01:55:22.321739
2026-04-03_20-07-03,661,-91.73188834081633,200,0,0.01582078896403802,60.207972893961475,50,200,2026-04-04T01:55:27.829614
2026-04-03_20-07-03,662,-93.07705555520957,200,0,0.0156712342591605,60.81118318204309,50,200,2026-04-04T01:55:32.172717
2026-04-03_20-07-03,663,-284.2319557433005,200,0,0.015327675363100063,62.24146527838174,50,200,2026-04-04T01:55:37.568906
2026-04-03_20-07-03,664,-101.74229493009292,200,0,0.014542338320164393,65.76473218982953,50,200,2026-04-04T01:55:43.276655
2026-04-03_20-07-03,665,-93.98713185557384,200,0,0.015451867499167868,61.71709649683789,50,200,2026-04-04T01:55:48.327465
2026-04-03_20-07-03,666,-1049.1852913486941,18,0,0.016607464219730653,59.033888572581766,50,200,2026-04-04T01:55:51.704804
2026-04-03_20-07-03,667,-62.380076236514945,200,0,0.019919646185139157,47.20169488482379,50,200,2026-04-04T01:56:00.225445
2026-04-03_20-07-03,668,-96.32101741791666,200,0,0.014690933476920654,65.06919393998976,50,200,2026-04-04T01:56:08.494251
2026-04-03_20-07-03,669,-1158.4971263876223,179,0,0.016589489759290327,57.48912940721924,50,200,2026-04-04T01:56:15.228907
2026-04-03_20-07-03,670,-1293.3931706285707,95,0,0.015231727915211811,63.702433234531945,50,200,2026-04-04T01:56:18.469847
2026-04-03_20-07-03,671,-82.3287202152113,200,0,0.016446994017549132,57.8013840664737,50,200,2026-04-04T01:56:26.455665
2026-04-03_20-07-03,672,-1239.867724564895,6,0,0.015970651414615736,61.554853586049575,50,200,2026-04-04T01:56:29.184657
2026-04-03_20-07-03,673,-96.27199723661568,200,0,0.015158808383651329,62.96824596572466,50,200,2026-04-04T01:57:19.320348
2026-04-03_20-07-03,674,-98.53918168359253,200,0,0.014840830370231983,64.38167441127949,50,200,2026-04-04T01:57:25.672981
2026-04-03_20-07-03,675,-86.32491699378859,200,0,0.016120221108337676,59.033888572581766,50,200,2026-04-04T01:57:32.714027
2026-04-03_20-07-03,676,-89.91399168060407,200,0,0.016200054488402352,58.728187440104094,50,200,2026-04-04T01:57:37.625762
2026-04-03_20-07-03,677,-79.04083297768872,200,0,0.017174220679360835,55.226805085936306,50,200,2026-04-04T01:57:44.040212
2026-04-03_20-07-03,678,-104.89696586922788,200,0,0.014395109419717729,66.46803743153546,50,200,2026-04-04T01:57:48.016862
2026-04-03_20-07-03,679,-86.10610115616613,200,0,0.01639344262295082,58.0,50,200,2026-04-04T01:57:53.021138
2026-04-03_20-07-03,680,-99.37919756990061,200,0,0.014847677195736854,64.35060217278468,50,200,2026-04-04T01:57:57.598866
2026-04-03_20-07-03,681,-97.54998256931005,200,0,0.015166112325465147,62.93647591023825,50,200,2026-04-04T01:58:02.115161
2026-04-03_20-07-03,682,-104.52254154970396,200,0,0.014395109419717729,66.46803743153546,50,200,2026-04-04T01:58:07.231834
2026-04-03_20-07-03,683,-102.0790416238861,200,0,0.014690933476920654,65.06919393998976,50,200,2026-04-04T01:58:11.956148
2026-04-03_20-07-03,684,-91.83091968661748,200,0,0.015795905494282912,60.30754513325841,50,200,2026-04-04T01:58:16.730816
2026-04-03_20-07-03,685,-87.34055756997219,200,0,0.01639344262295082,58.0,50,200,2026-04-04T01:58:21.272976
2026-04-03_20-07-03,686,-1871.761135782798,200,0,0.014542338320164393,65.76473218982953,50,200,2026-04-04T01:58:26.368572
2026-04-03_20-07-03,687,-100.51166329227603,200,0,0.014690933476920654,65.06919393998976,50,200,2026-04-04T01:58:31.299185
2026-04-03_20-07-03,688,-91.60250228094772,200,0,0.015655105496591208,60.876925020897694,50,200,2026-04-04T01:58:37.276305
2026-04-03_20-07-03,689,-77.02011832776954,200,0,0.017195624441988366,55.154328932550705,50,200,2026-04-04T01:59:44.191994
2026-04-03_20-07-03,690,-89.32559213470518,200,0,0.01600915083336377,59.464274989274024,50,200,2026-04-04T01:59:50.346248
2026-04-03_20-07-03,691,-145.4431807938506,200,0,0.014690933476920654,65.06919393998976,50,200,2026-04-04T01:59:56.911132
2026-04-03_20-07-03,692,-84.49438621500057,200,0,0.016548560675416515,57.42821606144492,50,200,2026-04-04T02:00:03.064765
2026-04-03_20-07-03,693,-94.48119882353949,200,0,0.015451867499167868,61.71709649683789,50,200,2026-04-04T02:00:08.139095
2026-04-03_20-07-03,694,-106.4234622046503,200,0,0.014542338320164393,65.76473218982953,50,200,2026-04-04T02:00:12.778827
2026-04-03_20-07-03,695,-85.08500387719712,200,0,0.016283375687934448,58.412327466040935,50,200,2026-04-04T02:00:20.287155
2026-04-03_20-07-03,696,-100.28645581088804,200,0,0.014847677195736854,64.35060217278468,50,200,2026-04-04T02:00:24.913187
2026-04-03_20-07-03,697,-95.48075302652809,200,0,0.015158808383651329,62.96824596572466,50,200,2026-04-04T02:00:31.238718
2026-04-03_20-07-03,698,-103.15110887333302,200,0,0.014542338320164393,65.76473218982953,50,200,2026-04-04T02:00:37.014001
2026-04-03_20-07-03,699,-92.76181451599373,200,0,0.01563501554262549,60.959002616512684,50,200,2026-04-04T02:00:42.311014
2026-04-03_20-07-03,700,-101.97652830632641,200,0,0.014694251449008376,65.05382386916237,50,200,2026-04-04T02:00:46.310905
2026-04-03_20-07-03,701,-82.81941871577233,200,0,0.016705792773982008,56.859475903318,50,200,2026-04-04T02:00:51.981633
2026-04-03_20-07-03,702,-95.59983364752222,200,0,0.01531636424944194,62.289646009589745,50,200,2026-04-04T02:00:56.498787
2026-04-03_20-07-03,703,-71.49978101674267,200,0,0.01801879104245604,52.49761899362675,50,200,2026-04-04T02:01:04.720324
2026-04-03_20-07-03,704,-98.40950615714556,200,0,0.015144232602744119,63.0317380372777,50,200,2026-04-04T02:01:08.550625
2026-04-03_20-07-03,705,-79.74997858338979,200,0,0.017174220679360835,55.226805085936306,50,200,2026-04-04T02:02:23.463280
2026-04-03_20-07-03,706,-80.0666309012948,200,0,0.01697743884386866,55.90169943749474,50,200,2026-04-04T02:02:30.004085
2026-04-03_20-07-03,707,-87.8109888243625,200,0,0.0156712342591605,60.81118318204309,50,200,2026-04-04T02:02:38.370347
2026-04-03_20-07-03,708,-93.68123831473973,200,0,0.01531636424944194,62.289646009589745,50,200,2026-04-04T02:02:44.412372
2026-04-03_20-07-03,709,-114.2829174479852,200,0,0.014690933476920654,65.06919393998976,50,200,2026-04-04T02:02:48.581448
2026-04-03_20-07-03,710,-72.61900691372416,200,0,0.016548560675416515,57.42821606144492,50,200,2026-04-04T02:02:58.343235
2026-04-03_20-07-03,711,-81.84899343193835,200,0,0.01566719731860802,60.8276253029822,50,200,2026-04-04T02:03:08.989949
2026-04-03_20-07-03,712,-76.63687615566616,200,0,0.01729568768179672,54.817880294662984,50,200,2026-04-04T02:03:15.623297
2026-04-03_20-07-03,713,-89.24429506439435,200,0,0.015987644818727064,59.54829972383762,50,200,2026-04-04T02:03:20.754123
2026-04-03_20-07-03,714,-78.37039992857223,200,0,0.01700586979491621,55.80322571321482,50,200,2026-04-04T02:03:27.006299
2026-04-03_20-07-03,715,-82.47519996945957,200,0,0.016531896058015548,57.48912940721924,50,200,2026-04-04T02:03:33.844542
2026-04-03_20-07-03,716,-77.37860952054862,200,0,0.01719026586376767,55.17245689653489,50,200,2026-04-04T02:03:40.416000
2026-04-03_20-07-03,717,-98.6228635674593,200,0,0.015957683908956685,59.665735560705194,50,200,2026-04-04T02:03:45.298041
2026-04-03_20-07-03,718,-96.5923977929516,200,0,0.015297568801352924,62.369864518050704,50,200,2026-04-04T02:03:49.022053
2026-04-03_20-07-03,719,-95.43644749180594,200,0,0.01531636424944194,62.289646009589745,50,200,2026-04-04T02:03:53.634185
2026-04-03_20-07-03,720,-88.31166301861683,200,0,0.015655105496591208,60.876925020897694,50,200,2026-04-04T02:04:00.835744
2026-04-03_20-07-03,721,-63.58766597411892,200,0,0.017857142857142856,53.0,50,200,2026-04-04T02:05:17.263985
2026-04-03_20-07-03,722,-83.02881508678479,200,0,0.015498504677194942,61.5223536610881,50,200,2026-04-04T02:05:28.140271
2026-04-03_20-07-03,723,-95.48446785677457,200,0,0.015002553017897154,63.655321851358195,50,200,2026-04-04T02:05:35.850925
2026-04-03_20-07-03,724,-79.35774525816603,200,0,0.01670824747570822,56.85068161420758,50,200,2026-04-04T02:05:42.987971
2026-04-03_20-07-03,725,-81.02628113345469,200,0,0.016767492664590555,56.639209034025185,50,200,2026-04-04T02:05:49.711814
2026-04-03_20-07-03,726,-99.28460548239978,200,0,0.014991956837375139,63.702433234531945,50,200,2026-04-04T02:05:53.555227
2026-04-03_20-07-03,727,-70.75874857244683,200,0,0.017857142857142856,53.0,50,200,2026-04-04T02:06:04.322469
2026-04-03_20-07-03,728,-80.48559526073004,200,0,0.0169877605700044,55.86591089385369,50,200,2026-04-04T02:06:11.066413
2026-04-03_20-07-03,729,-101.35145790045298,200,0,0.014690933476920654,65.06919393998976,50,200,2026-04-04T02:06:16.037261
2026-04-03_20-07-03,730,-99.30141743682809,200,0,0.014840830370231983,64.38167441127949,50,200,2026-04-04T02:06:21.324820
2026-04-03_20-07-03,731,-134.1301021975087,200,0,0.014847677195736854,64.35060217278468,50,200,2026-04-04T02:06:25.862035
2026-04-03_20-07-03,732,-86.06819550704205,200,0,0.01620899952366611,58.69412236331676,50,200,2026-04-04T02:06:31.844218
2026-04-03_20-07-03,733,-1319.7406940598948,34,0,0.01677907341153087,58.25804665451803,50,200,2026-04-04T02:06:35.503426
2026-04-03_20-07-03,734,-169.52355443685252,200,0,0.017174220679360835,55.226805085936306,50,200,2026-04-04T02:06:44.869074
2026-04-03_20-07-03,735,-74.13737724784347,200,0,0.01717689170036648,55.21775076911409,50,200,2026-04-04T02:06:54.645539
2026-04-03_20-07-03,736,-86.62120541708244,200,0,0.01615555413020488,58.89821729050889,50,200,2026-04-04T02:07:01.228262
2026-04-03_20-07-03,737,-79.82770092060365,200,0,0.016767492664590555,56.639209034025185,50,200,2026-04-04T02:08:15.990635
2026-04-03_20-07-03,738,-1085.350912856775,87,0,0.015774773174478715,61.5223536610881,50,200,2026-04-04T02:08:20.814416
2026-04-03_20-07-03,739,-42.98810380079267,200,0,0.02233479098410763,41.773197148410844,50,200,2026-04-04T02:08:32.864027
2026-04-03_20-07-03,740,-66.51853996378095,200,0,0.018382221459774244,51.40038910358559,50,200,2026-04-04T02:08:42.433526
2026-04-03_20-07-03,741,-62.38368286375173,200,0,0.017667728049242173,53.600373133029585,50,200,2026-04-04T02:08:52.540625
2026-04-03_20-07-03,742,-1074.5151641481757,35,0,0.016183834651984544,60.440052945046304,50,200,2026-04-04T02:08:56.459763
2026-04-03_20-07-03,743,-1189.785626606481,50,0,0.016612917685953597,58.69412236331676,50,200,2026-04-04T02:09:01.380771
2026-04-03_20-07-03,744,-70.82749364844004,200,0,0.018024978890203172,52.478567053607705,50,200,2026-04-04T02:09:11.740048
2026-04-03_20-07-03,745,-100.1204728848323,200,0,0.014840830370231983,64.38167441127949,50,200,2026-04-04T02:09:16.602293
2026-04-03_20-07-03,746,-73.43764612285993,200,0,0.017174220679360835,55.226805085936306,50,200,2026-04-04T02:09:25.084636
2026-04-03_20-07-03,747,-64.27820587560522,200,0,0.01831033958653701,51.61395160225576,50,200,2026-04-04T02:09:33.226328
2026-04-03_20-07-03,748,-68.58349760905736,200,0,0.017667728049242173,53.600373133029585,50,200,2026-04-04T02:09:43.948654
2026-04-03_20-07-03,749,-83.89048680359046,200,0,0.01639344262295082,58.0,50,200,2026-04-04T02:09:50.362141
2026-04-03_20-07-03,750,-98.87427512636405,200,0,0.015006090152632831,63.63961030678928,50,200,2026-04-04T02:09:54.616288
2026-04-03_20-07-03,751,-84.18616790244297,200,0,0.016579645764233333,57.3149195236284,50,200,2026-04-04T02:10:00.681555
2026-04-03_20-07-03,752,-81.16907529060704,200,0,0.01678738404729671,56.568542494923804,50,200,2026-04-04T02:10:06.969743
2026-04-03_20-07-03,753,-89.43040048895011,200,0,0.015655105496591208,60.876925020897694,50,200,2026-04-04T02:11:03.096071
2026-04-03_20-07-03,754,-78.10011699176161,200,0,0.01844168026748099,51.22499389946279,50,200,2026-04-04T02:11:11.070126
2026-04-03_20-07-03,755,-80.95604351183846,200,0,0.016531896058015548,57.48912940721924,50,200,2026-04-04T02:11:18.507277
2026-04-03_20-07-03,756,-44.672610602546456,200,0,0.021911559541545434,42.638011210655684,50,200,2026-04-04T02:11:29.711087
2026-04-03_20-07-03,757,-102.3906023889623,200,0,0.014542338320164393,65.76473218982953,50,200,2026-04-04T02:11:33.891236
2026-04-03_20-07-03,758,-1399.6828600386957,174,0,0.021736004558435242,43.266615305567875,50,200,2026-04-04T02:11:45.181670
2026-04-03_20-07-03,759,-107.66513522201213,200,0,0.015498504677194942,61.5223536610881,50,200,2026-04-04T02:11:50.668963
2026-04-03_20-07-03,760,-85.25245866627344,200,0,0.016531896058015548,57.48912940721924,50,200,2026-04-04T02:11:55.379163
2026-04-03_20-07-03,761,-71.06127093507408,200,0,0.01777647959772812,53.25410782277739,50,200,2026-04-04T02:12:03.295046
2026-04-03_20-07-03,762,-1062.785417787868,52,0,0.01679864238706204,58.008620049092706,50,200,2026-04-04T02:12:06.869216
2026-04-03_20-07-03,763,-48.56609044338137,200,0,0.02042175843072472,45.967379738244816,50,200,2026-04-04T02:12:18.072108
2026-04-03_20-07-03,764,-104.77460745101492,200,0,0.014542338320164393,65.76473218982953,50,200,2026-04-04T02:12:22.556850
2026-04-03_20-07-03,765,-79.39115720764336,200,0,0.016774943497769916,56.61271941887264,50,200,2026-04-04T02:12:28.960407
2026-04-03_20-07-03,766,-75.87311801603481,200,0,0.01695685271338864,55.97320787662612,50,200,2026-04-04T02:12:37.533071
2026-04-03_20-07-03,767,-90.32076067309423,200,0,0.017405890920246254,54.45181356024793,50,200,2026-04-04T02:12:46.568897
2026-04-03_20-07-03,768,-135.14860496489985,200,0,0.014694251449008376,65.05382386916237,50,200,2026-04-04T02:12:51.619772
2026-04-03_20-07-03,769,-87.80104178100457,200,0,0.015837444516357976,60.14149981501958,50,200,2026-04-04T02:13:51.055538
2026-04-03_20-07-03,770,-96.98601422630684,200,0,0.014840830370231983,64.38167441127949,50,200,2026-04-04T02:13:57.597854
2026-04-03_20-07-03,771,-83.82676064636252,200,0,0.016324386013151563,58.25804665451803,50,200,2026-04-04T02:14:03.799352
2026-04-03_20-07-03,772,-95.19168024922345,200,0,0.015327675363100063,62.24146527838174,50,200,2026-04-04T02:14:08.411599
2026-04-03_20-07-03,773,-126.0481049609249,200,0,0.018867924528301886,50.0,50,200,2026-04-04T02:14:15.115869
2026-04-03_20-07-03,774,-80.46680720780108,200,0,0.016589246322273456,57.28001396647874,50,200,2026-04-04T02:14:23.399201
2026-04-03_20-07-03,775,-1081.4842950572533,70,0,0.0154711404964082,62.93647591023825,50,200,2026-04-04T02:14:25.546072
2026-04-03_20-07-03,776,-1146.12394028604,79,0,0.015119305950490373,64.35060217278468,50,200,2026-04-04T02:14:27.762126
2026-04-03_20-07-03,777,-76.96175859823765,200,0,0.01714758005367333,55.31726674375732,50,200,2026-04-04T02:14:34.103551
2026-04-03_20-07-03,778,-89.4638617986294,200,0,0.015837444516357976,60.14149981501958,50,200,2026-04-04T02:14:39.858192
2026-04-03_20-07-03,779,-63.75251581168288,200,0,0.01862364991118559,50.695167422546305,50,200,2026-04-04T02:14:46.934979
2026-04-03_20-07-03,780,-86.3912029270152,200,0,0.016200054488402352,58.728187440104094,50,200,2026-04-04T02:14:52.282043
2026-04-03_20-07-03,781,-90.76949680919472,200,0,0.01566719731860802,60.8276253029822,50,200,2026-04-04T02:14:57.028168
2026-04-03_20-07-03,782,-59.95268424031785,200,0,0.019599838404080052,48.02082881417188,50,200,2026-04-04T02:15:05.208715
2026-04-03_20-07-03,783,-87.92322167077562,200,0,0.016120221108337676,59.033888572581766,50,200,2026-04-04T02:15:10.676177
2026-04-03_20-07-03,784,-85.75068162317153,200,0,0.016493997022009554,57.62811813689564,50,200,2026-04-04T02:15:15.837613
2026-04-03_20-07-03,785,-85.25649033823102,200,0,0.016120221108337676,59.033888572581766,50,200,2026-04-04T02:16:12.683432
2026-04-03_20-07-03,786,-79.14722141622046,200,0,0.01729568768179672,54.817880294662984,50,200,2026-04-04T02:16:19.557522
2026-04-03_20-07-03,787,-79.38045766955395,200,0,0.016782404448224375,56.586217403180434,50,200,2026-04-04T02:16:26.507112
2026-04-03_20-07-03,788,-76.7419439762031,200,0,0.01739477395381794,54.48853090330111,50,200,2026-04-04T02:16:33.240475
2026-04-03_20-07-03,789,-77.1405038162938,200,0,0.01695685271338864,55.97320787662612,50,200,2026-04-04T02:16:40.294795
2026-04-03_20-07-03,790,-63.143629058112396,200,0,0.018825352115288324,50.11985634456667,50,200,2026-04-04T02:16:49.270676
2026-04-03_20-07-03,791,-67.74202330191645,200,0,0.01844168026748099,51.22499389946279,50,200,2026-04-04T02:16:57.961490
2026-04-03_20-07-03,792,-86.26528298833527,200,0,0.015655105496591208,60.876925020897694,50,200,2026-04-04T02:17:06.609325
2026-04-03_20-07-03,793,-46.86600214816829,200,0,0.02133860281928074,43.86342439892262,50,200,2026-04-04T02:17:17.537969
2026-04-03_20-07-03,794,-101.68922848075428,200,0,0.014395109419717729,66.46803743153546,50,200,2026-04-04T02:17:24.025329
2026-04-03_20-07-03,795,-87.63282881401169,200,0,0.016200054488402352,58.728187440104094,50,200,2026-04-04T02:17:28.949155
2026-04-03_20-07-03,796,-73.78068632470139,200,0,0.0173395126615257,54.67174773134658,50,200,2026-04-04T02:17:37.191134
2026-04-03_20-07-03,797,-101.82908069487965,200,0,0.015144232602744119,63.0317380372777,50,200,2026-04-04T02:17:43.584886
2026-04-03_20-07-03,798,-145.57434815049496,200,0,0.014542338320164393,65.76473218982953,50,200,2026-04-04T02:17:47.684058
2026-04-03_20-07-03,799,-90.11045892982492,200,0,0.015655105496591208,60.876925020897694,50,200,2026-04-04T02:17:53.839719
2026-04-03_20-07-03,800,-86.14216702514602,200,0,0.016324386013151563,58.25804665451803,50,200,2026-04-04T02:17:59.572955
2026-04-03_20-07-03,801,-57.66095136135292,200,0,0.01983197446674889,47.4236228055175,50,200,2026-04-04T02:19:04.620860
2026-04-03_20-07-03,802,-59.15766998146081,200,0,0.019081610735255966,49.4064773081425,50,200,2026-04-04T02:19:15.374082
2026-04-03_20-07-03,803,-45.177816600770136,200,0,0.01988192745132041,47.29693436154187,50,200,2026-04-04T02:19:28.298732
2026-04-03_20-07-03,804,-59.755812330392544,200,0,0.01954408408272141,48.16637831516918,50,200,2026-04-04T02:19:37.546622
2026-04-03_20-07-03,805,-1095.1809181793594,89,0,0.019936174916312117,48.27007354458868,50,200,2026-04-04T02:19:44.789551
2026-04-03_20-07-03,806,-103.39924604212635,200,0,0.015002553017897154,63.655321851358195,50,200,2026-04-04T02:19:52.130761
2026-04-03_20-07-03,807,-75.08409549696,200,0,0.017667728049242173,53.600373133029585,50,200,2026-04-04T02:19:59.808811
2026-04-03_20-07-03,808,-44.28828075431,200,0,0.021544022757028155,43.41658669218482,50,200,2026-04-04T02:20:12.184017
2026-04-03_20-07-03,809,-67.77177802416162,200,0,0.018065358876586272,52.354560450833695,50,200,2026-04-04T02:20:21.068814
2026-04-03_20-07-03,810,-8.59824445495081,200,0,0.028648277767182987,31.906112267087632,50,200,2026-04-04T02:20:34.752794
2026-04-03_20-07-03,811,-97.29045770832326,200,0,0.015158808383651329,62.96824596572466,50,200,2026-04-04T02:20:39.392269
2026-04-03_20-07-03,812,-1353.926221065802,96,0,0.019271554165166713,49.92995093127971,50,200,2026-04-04T02:20:47.003141
2026-04-03_20-07-03,813,-1088.985388480648,111,0,0.016915101223727712,57.0087712549569,50,200,2026-04-04T02:20:52.857685
2026-04-03_20-07-03,814,-76.93214659594065,200,0,0.017110494323822657,55.44366510251645,50,200,2026-04-04T02:20:59.136073
2026-04-03_20-07-03,815,-84.81745645959786,200,0,0.016446994017549132,57.8013840664737,50,200,2026-04-04T02:21:03.851775
2026-04-03_20-07-03,816,-81.99957790184021,200,0,0.016548560675416515,57.42821606144492,50,200,2026-04-04T02:21:12.197598
2026-04-03_20-07-03,817,-58.58576875200899,200,0,0.020133263051319565,46.66904755831214,50,200,2026-04-04T02:22:10.704431
2026-04-03_20-07-03,818,-301.0379367484306,200,0,0.01852188156539091,50.99019513592785,50,200,2026-04-04T02:22:20.212652
2026-04-03_20-07-03,819,-150.7104248592077,200,0,0.015002553017897154,63.655321851358195,50,200,2026-04-04T02:22:27.295693
2026-04-03_20-07-03,820,-75.3687048394623,200,0,0.01670824747570822,56.85068161420758,50,200,2026-04-04T02:22:35.060710
2026-04-03_20-07-03,821,-79.67804875630684,200,0,0.0187097764284376,50.44799302251776,50,200,2026-04-04T02:22:46.338853
2026-04-03_20-07-03,822,-544.0005086596886,200,0,0.019399039342314066,48.54894437575342,50,200,2026-04-04T02:22:59.092888
2026-04-03_20-07-03,823,-93.73484344373709,200,0,0.016548560675416515,57.42821606144492,50,200,2026-04-04T02:23:04.634789
2026-04-03_20-07-03,824,-85.83640728737483,200,0,0.016446994017549132,57.8013840664737,50,200,2026-04-04T02:23:09.758102
2026-04-03_20-07-03,825,-1063.4666180346926,42,0,0.01767019943714847,55.17245689653489,50,200,2026-04-04T02:23:15.049260
2026-04-03_20-07-03,826,-1045.8575851659336,9,0,0.016340340345131172,60.108235708594876,50,200,2026-04-04T02:23:17.739123
2026-04-03_20-07-03,827,-85.7206896840945,200,0,0.01600915083336377,59.464274989274024,50,200,2026-04-04T02:23:24.514906
2026-04-03_20-07-03,828,-1160.0648138105098,124,0,0.019741437023057896,48.41487374764082,50,200,2026-04-04T02:23:32.106038
2026-04-03_20-07-03,829,-1107.7075497636906,4,0,0.01496899945887728,65.76473218982953,50,200,2026-04-04T02:23:33.975820
2026-04-03_20-07-03,830,-86.73192562839156,200,0,0.01582078896403802,60.207972893961475,50,200,2026-04-04T02:23:40.101482
2026-04-03_20-07-03,831,-84.35586248470925,200,0,0.016182209508224014,58.7962583843564,50,200,2026-04-04T02:23:46.738519
2026-04-03_20-07-03,832,-132.99518266745562,200,0,0.015957683908956685,59.665735560705194,50,200,2026-04-04T02:23:51.596435
2026-04-03_20-07-03,833,-83.48302285591411,200,0,0.01639112635551034,58.008620049092706,50,200,2026-04-04T02:24:45.759476
2026-04-03_20-07-03,834,-152.09138629912593,200,0,0.014690933476920654,65.06919393998976,50,200,2026-04-04T02:24:48.406085
2026-04-03_20-07-03,835,-85.00081203477791,200,0,0.01607638457164266,59.20304046246274,50,200,2026-04-04T02:24:55.848408
2026-04-03_20-07-03,836,-90.43666987330553,200,0,0.01591941320116355,59.81638571495272,50,200,2026-04-04T02:25:00.904793
2026-04-03_20-07-03,837,-82.68747400448808,200,0,0.016610909771468087,57.201398584300364,50,200,2026-04-04T02:25:07.312687
2026-04-03_20-07-03,838,-98.91544613705263,200,0,0.014991956837375139,63.702433234531945,50,200,2026-04-04T02:25:11.643891
2026-04-03_20-07-03,839,-97.78260897331806,200,0,0.014690933476920654,65.06919393998976,50,200,2026-04-04T02:25:19.528520
2026-04-03_20-07-03,840,-82.38312782660122,200,0,0.016283375687934448,58.412327466040935,50,200,2026-04-04T02:25:25.649971
2026-04-03_20-07-03,841,-83.67665574137126,200,0,0.016356501754670582,58.137767414994535,50,200,2026-04-04T02:25:31.747731
2026-04-03_20-07-03,842,-222.71931272839623,200,0,0.014395109419717729,66.46803743153546,50,200,2026-04-04T02:25:33.923020
2026-04-03_20-07-03,843,-96.5630728123924,200,0,0.015158808383651329,62.96824596572466,50,200,2026-04-04T02:25:38.728188
2026-04-03_20-07-03,844,-221.58243696460428,200,0,0.014690933476920654,65.06919393998976,50,200,2026-04-04T02:25:43.442372
2026-04-03_20-07-03,845,-94.75947057714363,200,0,0.015002553017897154,63.655321851358195,50,200,2026-04-04T02:25:50.568284
2026-04-03_20-07-03,846,-82.13857611684234,200,0,0.016579645764233333,57.3149195236284,50,200,2026-04-04T02:25:57.048373
2026-04-03_20-07-03,847,-93.63081384473946,200,0,0.015475132526931253,61.61980201201558,50,200,2026-04-04T02:26:02.007659
2026-04-03_20-07-03,848,-385.31297007453,200,0,0.015006090152632831,63.63961030678928,50,200,2026-04-04T02:26:07.746624
2026-04-03_20-07-03,849,-89.5968170946403,200,0,0.01591941320116355,59.81638571495272,50,200,2026-04-04T02:27:12.250628
2026-04-03_20-07-03,850,-73.23369100824897,200,0,0.017908508535570113,52.839379254491625,50,200,2026-04-04T02:27:18.764517
2026-04-03_20-07-03,851,-94.79866664230741,200,0,0.015475132526931253,61.61980201201558,50,200,2026-04-04T02:27:23.139716
2026-04-03_20-07-03,852,-93.81464168766799,200,0,0.015490702006891422,61.554853586049575,50,200,2026-04-04T02:27:28.103453
2026-04-03_20-07-03,853,-91.63604834718723,200,0,0.015475132526931253,61.61980201201558,50,200,2026-04-04T02:27:33.049906
2026-04-03_20-07-03,854,-87.1018244505665,200,0,0.016120221108337676,59.033888572581766,50,200,2026-04-04T02:27:40.512219
2026-04-03_20-07-03,855,-91.6031007321195,200,0,0.016579645764233333,57.3149195236284,50,200,2026-04-04T02:27:45.784928
2026-04-03_20-07-03,856,-95.813083838051,200,0,0.014991956837375139,63.702433234531945,50,200,2026-04-04T02:27:50.551449
2026-04-03_20-07-03,857,-103.77916964519258,200,0,0.014542338320164393,65.76473218982953,50,200,2026-04-04T02:27:53.864195
2026-04-03_20-07-03,858,-89.26761840396678,200,0,0.015987644818727064,59.54829972383762,50,200,2026-04-04T02:27:59.549534
2026-04-03_20-07-03,859,-103.75410260498128,200,0,0.014542338320164393,65.76473218982953,50,200,2026-04-04T02:28:02.975461
2026-04-03_20-07-03,860,-104.71255071585479,200,0,0.014395109419717729,66.46803743153546,50,200,2026-04-04T02:28:06.482220
2026-04-03_20-07-03,861,-103.34574377504187,200,0,0.014542338320164393,65.76473218982953,50,200,2026-04-04T02:28:10.320659
2026-04-03_20-07-03,862,-96.91033486000416,200,0,0.015006090152632831,63.63961030678928,50,200,2026-04-04T02:28:15.194346
2026-04-03_20-07-03,863,-102.70108013892852,200,0,0.014542338320164393,65.76473218982953,50,200,2026-04-04T02:28:20.167587
2026-04-03_20-07-03,864,-91.00402565717232,200,0,0.015795905494282912,60.30754513325841,50,200,2026-04-04T02:28:25.385676
2026-04-03_20-07-03,865,-92.22142550248128,200,0,0.015475132526931253,61.61980201201558,50,200,2026-04-04T02:29:31.737627
2026-04-03_20-07-03,866,-61.790714589904404,200,0,0.01974956701560098,47.634021455258214,50,200,2026-04-04T02:29:40.353600
2026-04-03_20-07-03,867,-78.34854077095218,200,0,0.016885396950343398,56.22277118748239,50,200,2026-04-04T02:29:46.691636
2026-04-03_20-07-03,868,-102.36579100663135,200,0,0.014395109419717729,66.46803743153546,50,200,2026-04-04T02:29:51.538991
2026-04-03_20-07-03,869,-76.80540726259566,200,0,0.016782404448224375,56.586217403180434,50,200,2026-04-04T02:29:59.831247
2026-04-03_20-07-03,870,-67.67059267122767,200,0,0.01852188156539091,50.99019513592785,50,200,2026-04-04T02:30:08.093200
2026-04-03_20-07-03,871,-116.8324876326415,200,0,0.015957683908956685,59.665735560705194,50,200,2026-04-04T02:30:14.821097
2026-04-03_20-07-03,872,-84.93785897616416,200,0,0.016200054488402352,58.728187440104094,50,200,2026-04-04T02:30:23.052032
2026-04-03_20-07-03,873,-80.38410795704549,200,0,0.01666423056308451,57.0087712549569,50,200,2026-04-04T02:30:30.990853
2026-04-03_20-07-03,874,-77.85513665698,200,0,0.0169877605700044,55.86591089385369,50,200,2026-04-04T02:30:39.495834
2026-04-03_20-07-03,875,-77.38087888645848,200,0,0.016610909771468087,57.201398584300364,50,200,2026-04-04T02:30:48.444671
2026-04-03_20-07-03,876,-73.53717958501923,200,0,0.017102579202553668,55.47071299343465,50,200,2026-04-04T02:30:55.830383
2026-04-03_20-07-03,877,-168.60700364330467,200,0,0.01639344262295082,58.0,50,200,2026-04-04T02:31:03.135957
2026-04-03_20-07-03,878,-98.13868660206072,200,0,0.014847677195736854,64.35060217278468,50,200,2026-04-04T02:31:08.450599
2026-04-03_20-07-03,879,-93.31600750323892,200,0,0.015607021214299889,61.07372593840988,50,200,2026-04-04T02:31:13.352660
2026-04-03_20-07-03,880,-94.79945124570956,200,0,0.015297568801352924,62.369864518050704,50,200,2026-04-04T02:31:18.870149
2026-04-03_20-07-03,881,-90.1992453737911,200,0,0.015490702006891422,61.554853586049575,50,200,2026-04-04T02:32:24.541945
2026-04-03_20-07-03,882,-305.1970013411449,200,0,0.020573161276661284,45.60701700396552,50,200,2026-04-04T02:32:34.843120
2026-04-03_20-07-03,883,-406.60809815679465,200,0,0.02270839943723366,41.036569057366385,50,200,2026-04-04T02:32:48.185897
2026-04-03_20-07-03,884,-93.16898786645604,200,0,0.016182209508224014,58.7962583843564,50,200,2026-04-04T02:32:53.961777
2026-04-03_20-07-03,885,-1192.6070312481074,17,0,0.01575804566966674,62.289646009589745,50,200,2026-04-04T02:32:56.438837
2026-04-03_20-07-03,886,-56.54178263310331,200,0,0.019465270909391378,48.373546489791295,50,200,2026-04-04T02:33:06.930489
2026-04-03_20-07-03,887,-79.05400600514477,200,0,0.017063170644771773,55.60575509783138,50,200,2026-04-04T02:33:13.293871
2026-04-03_20-07-03,888,-1044.0629751650747,4,0,0.01615067285176853,60.876925020897694,50,200,2026-04-04T02:33:15.734879
2026-04-03_20-07-03,889,-38.18125965914769,200,0,0.020242738354701827,46.400431032480725,50,200,2026-04-04T02:33:33.509054
2026-04-03_20-07-03,890,-59.21196633692907,200,0,0.01974956701560098,47.634021455258214,50,200,2026-04-04T02:33:41.910514
2026-04-03_20-07-03,891,-95.86467046539464,200,0,0.015158808383651329,62.96824596572466,50,200,2026-04-04T02:33:46.699065
2026-04-03_20-07-03,892,-60.219550400297315,200,0,0.020055554666410576,46.861498055439924,50,200,2026-04-04T02:33:55.575842
2026-04-03_20-07-03,893,-74.80035771006153,200,0,0.017174220679360835,55.226805085936306,50,200,2026-04-04T02:34:04.729680
2026-04-03_20-07-03,894,-1101.975902906637,169,0,0.018054697190984976,52.69724850502159,50,200,2026-04-04T02:34:13.288398
2026-04-03_20-07-03,895,-62.320846369422895,200,0,0.018596344530612853,50.774009099144415,50,200,2026-04-04T02:34:21.556956
2026-04-03_20-07-03,896,-1103.4756066703924,54,0,0.01761592885994116,55.226805085936306,50,200,2026-04-04T02:34:26.679583
2026-04-03_20-07-03,897,-40.2320635314488,200,0,0.022608548939193732,41.23105625617661,50,200,2026-04-04T02:35:24.875573
2026-04-03_20-07-03,898,-1039.4149637856806,19,0,0.017515681085913764,55.90169943749474,50,200,2026-04-04T02:35:28.995719
2026-04-03_20-07-03,899,-1046.7746764162448,1,0,0.0156380783423265,62.93647591023825,50,200,2026-04-04T02:35:31.069374
2026-04-03_20-07-03,900,-81.5824577934915,200,0,0.01678738404729671,56.568542494923804,50,200,2026-04-04T02:35:37.137818
2026-04-03_20-07-03,901,-80.65434876243975,200,0,0.01692611593470657,56.08029957123981,50,200,2026-04-04T02:35:43.156584
2026-04-03_20-07-03,902,-101.55314244883456,200,0,0.014694251449008376,65.05382386916237,50,200,2026-04-04T02:35:47.704474
2026-04-03_20-07-03,903,-1106.813606055505,177,0,0.018004036761760992,52.773099207835045,50,200,2026-04-04T02:35:56.662365
2026-04-03_20-07-03,904,-99.43178881150631,200,0,0.014847677195736854,64.35060217278468,50,200,2026-04-04T02:36:02.168554
2026-04-03_20-07-03,905,-115.79225939231571,200,0,0.0201943449644789,46.51881339845203,50,200,2026-04-04T02:36:13.124043
2026-04-03_20-07-03,906,-53.11092654734407,200,0,0.019798885267294845,47.50789408087881,50,200,2026-04-04T02:36:22.975652
2026-04-03_20-07-03,907,-42.263667468020884,200,0,0.022880015093504395,40.70626487409524,50,200,2026-04-04T02:36:34.477661
2026-04-03_20-07-03,908,-67.50907590299114,200,0,0.018779562045152805,50.24937810560445,50,200,2026-04-04T02:36:41.932201
2026-04-03_20-07-03,909,-64.99145994088536,200,0,0.018993797373463208,49.64876634922564,50,200,2026-04-04T02:36:50.478940
2026-04-03_20-07-03,910,-104.08761269736135,200,0,0.01714758005367333,55.31726674375732,50,200,2026-04-04T02:36:58.403688
2026-04-03_20-07-03,911,-1147.930840602914,105,0,0.016825197337815505,57.38466694161429,50,200,2026-04-04T02:37:04.747561
2026-04-03_20-07-03,912,-92.42499874096085,200,0,0.015144232602744119,63.0317380372777,50,200,2026-04-04T02:37:11.878350
2026-04-03_20-07-03,913,-60.39951260367173,200,0,0.017954208274935542,52.69724850502159,50,200,2026-04-04T02:38:13.263394
2026-04-03_20-07-03,914,-894.1526755913145,200,0,0.018932339194631866,49.8196748283246,50,200,2026-04-04T02:38:22.276140
2026-04-03_20-07-03,915,-106.33724399387573,200,0,0.016531896058015548,57.48912940721924,50,200,2026-04-04T02:38:30.109421
2026-04-03_20-07-03,916,-1114.437713632037,127,0,0.016348359397996778,58.89821729050889,50,200,2026-04-04T02:38:34.497472
2026-04-03_20-07-03,917,-52.530880298161726,200,0,0.021608460309423178,43.278170016764804,50,200,2026-04-04T02:38:43.428391
2026-04-03_20-07-03,918,-93.32740045161616,200,0,0.015327675363100063,62.24146527838174,50,200,2026-04-04T02:38:48.947871
2026-04-03_20-07-03,919,-83.71623432660124,200,0,0.016560495414620673,57.38466694161429,50,200,2026-04-04T02:38:54.855109
2026-04-03_20-07-03,920,-103.22879449810108,200,0,0.01584579237197416,60.108235708594876,50,200,2026-04-04T02:38:59.834499
2026-04-03_20-07-03,921,-1220.3305202609934,99,0,0.016103517090125512,60.108235708594876,50,200,2026-04-04T02:39:03.253013
2026-04-03_20-07-03,922,-89.05865643452424,200,0,0.016182209508224014,58.7962583843564,50,200,2026-04-04T02:39:07.950223
2026-04-03_20-07-03,923,-1074.5423388414258,77,0,0.01690483695879821,57.38466694161429,50,200,2026-04-04T02:39:12.368259
2026-04-03_20-07-03,924,-83.64707517485391,200,0,0.01582078896403802,60.207972893961475,50,200,2026-04-04T02:39:20.510916
2026-04-03_20-07-03,925,-85.39505576819842,200,0,0.016548560675416515,57.42821606144492,50,200,2026-04-04T02:39:26.590733
2026-04-03_20-07-03,926,-1060.1752888535723,129,0,0.022257829203951668,42.638011210655684,50,200,2026-04-04T02:39:36.513949
2026-04-03_20-07-03,927,-72.5090942632495,200,0,0.01792066035616277,52.80151512977634,50,200,2026-04-04T02:39:42.945160
2026-04-03_20-07-03,928,-81.2592411375451,200,0,0.01670824747570822,56.85068161420758,50,200,2026-04-04T02:39:49.421965
2026-04-03_20-07-03,929,-88.14840199499513,200,0,0.01591941320116355,59.81638571495272,50,200,2026-04-04T02:40:50.046565
2026-04-03_20-07-03,930,-100.16163084874529,200,0,0.014694251449008376,65.05382386916237,50,200,2026-04-04T02:40:55.087978
2026-04-03_20-07-03,931,-1101.485871640316,152,0,0.01755253936128426,54.45181356024793,50,200,2026-04-04T02:41:01.814077
2026-04-03_20-07-03,932,-76.21154848088028,200,0,0.017110494323822657,55.44366510251645,50,200,2026-04-04T02:41:09.099411
2026-04-03_20-07-03,933,-1072.258933156397,81,0,0.01723164307920727,56.22277118748239,50,200,2026-04-04T02:41:13.984070
2026-04-03_20-07-03,934,-1180.3581413390189,195,0,0.019587083178298145,48.104053883222775,50,200,2026-04-04T02:41:21.421332
2026-04-03_20-07-03,935,-89.82428355416685,200,0,0.01584579237197416,60.108235708594876,50,200,2026-04-04T02:41:27.202740
2026-04-03_20-07-03,936,-266.22499145679564,200,0,0.01600915083336377,59.464274989274024,50,200,2026-04-04T02:41:33.782626
2026-04-03_20-07-03,937,-75.84920769297797,200,0,0.016834916333169702,56.4003546088143,50,200,2026-04-04T02:41:43.886309
2026-04-03_20-07-03,938,-84.13574121349022,200,0,0.017405890920246254,54.45181356024793,50,200,2026-04-04T02:41:49.293601
2026-04-03_20-07-03,939,-73.53784140103423,200,0,0.016834916333169702,56.4003546088143,50,200,2026-04-04T02:41:59.000981
2026-04-03_20-07-03,940,-54.46615255639102,200,0,0.02085748886548407,44.94441010848846,50,200,2026-04-04T02:42:08.594392
2026-04-03_20-07-03,941,-113.38625764463563,200,0,0.017419817700759666,54.405882034941776,50,200,2026-04-04T02:42:15.201219
2026-04-03_20-07-03,942,-302.83848692400625,200,0,0.015297568801352924,62.369864518050704,50,200,2026-04-04T02:42:21.896086
2026-04-03_20-07-03,943,-75.06067548447955,200,0,0.017854135352657726,53.009433122794285,50,200,2026-04-04T02:42:29.232372
2026-04-03_20-07-03,944,-64.03100388582463,200,0,0.019081610735255966,49.4064773081425,50,200,2026-04-04T02:42:37.288906
2026-04-03_20-07-03,945,-113.9005304699512,200,0,0.014690933476920654,65.06919393998976,50,200,2026-04-04T02:43:33.165806
2026-04-03_20-07-03,946,-106.41584390339267,200,0,0.014690933476920654,65.06919393998976,50,200,2026-04-04T02:43:36.752956
2026-04-03_20-07-03,947,-1360.2216489556006,43,0,0.017111927210741583,57.0087712549569,50,200,2026-04-04T02:43:41.419859
2026-04-03_20-07-03,948,-78.11237644162392,200,0,0.016767492664590555,56.639209034025185,50,200,2026-04-04T02:43:48.484032
2026-04-03_20-07-03,949,-75.56337835682865,200,0,0.017405890920246254,54.45181356024793,50,200,2026-04-04T02:43:55.903679
2026-04-03_20-07-03,950,-81.86295283767606,200,0,0.016560495414620673,57.38466694161429,50,200,2026-04-04T02:44:02.528952
2026-04-03_20-07-03,951,-85.38169107439218,200,0,0.016022096878742342,59.413803110051795,50,200,2026-04-04T02:44:11.835525
2026-04-03_20-07-03,952,-158.20932082383231,200,0,0.01563501554262549,60.959002616512684,50,200,2026-04-04T02:44:18.165908
2026-04-03_20-07-03,953,-81.1417714738407,200,0,0.01607638457164266,59.20304046246274,50,200,2026-04-04T02:44:26.333805
2026-04-03_20-07-03,954,-98.85774680529114,200,0,0.015002553017897154,63.655321851358195,50,200,2026-04-04T02:44:30.549158
2026-04-03_20-07-03,955,-87.57959161438838,200,0,0.0156712342591605,60.81118318204309,50,200,2026-04-04T02:44:37.630466
2026-04-03_20-07-03,956,-93.10864167938374,200,0,0.015607021214299889,61.07372593840988,50,200,2026-04-04T02:44:41.894310
2026-04-03_20-07-03,957,-69.24039600825978,200,0,0.0185420991539603,50.93132631298737,50,200,2026-04-04T02:44:49.919747
2026-04-03_20-07-03,958,-73.44226651851477,200,0,0.01792066035616277,52.80151512977634,50,200,2026-04-04T02:44:56.305888
2026-04-03_20-07-03,959,-106.54659232835246,200,0,0.015158808383651329,62.96824596572466,50,200,2026-04-04T02:45:00.268395
2026-04-03_20-07-03,960,-91.77650448097776,200,0,0.015837444516357976,60.14149981501958,50,200,2026-04-04T02:45:04.375213
2026-04-03_20-07-03,961,-92.15287325000021,200,0,0.015607021214299889,61.07372593840988,50,200,2026-04-04T02:46:02.855164
2026-04-03_20-07-03,962,-76.78589491658019,200,0,0.017601141734774797,53.81449618829484,50,200,2026-04-04T02:46:08.992063
2026-04-03_20-07-03,963,-91.7029558376353,200,0,0.015655105496591208,60.876925020897694,50,200,2026-04-04T02:46:13.645677
2026-04-03_20-07-03,964,-92.27501484827121,200,0,0.015762912443755845,60.440052945046304,50,200,2026-04-04T02:46:18.024037
2026-04-03_20-07-03,965,-88.0819966326812,200,0,0.016022096878742342,59.413803110051795,50,200,2026-04-04T02:46:23.866775
2026-04-03_20-07-03,966,-88.11681351089638,200,0,0.016120221108337676,59.033888572581766,50,200,2026-04-04T02:46:29.249413
2026-04-03_20-07-03,967,-1071.8255250245786,132,0,0.020098819907019214,47.43416490252569,50,200,2026-04-04T02:46:37.539918
2026-04-03_20-07-03,968,-86.32410739713485,200,0,0.016531896058015548,57.48912940721924,50,200,2026-04-04T02:46:41.591784
2026-04-03_20-07-03,969,-83.41454685905957,200,0,0.01639112635551034,58.008620049092706,50,200,2026-04-04T02:46:47.123739
2026-04-03_20-07-03,970,-82.93177862139868,200,0,0.016283375687934448,58.412327466040935,50,200,2026-04-04T02:46:53.758550
2026-04-03_20-07-03,971,-101.69599700983495,200,0,0.014542338320164393,65.76473218982953,50,200,2026-04-04T02:47:00.851779
2026-04-03_20-07-03,972,-81.76450437315209,200,0,0.01695685271338864,55.97320787662612,50,200,2026-04-04T02:47:06.789997
2026-04-03_20-07-03,973,-277.2518026609721,200,0,0.014395109419717729,66.46803743153546,50,200,2026-04-04T02:47:12.904482
2026-04-03_20-07-03,974,-87.5285908750259,200,0,0.016182209508224014,58.7962583843564,50,200,2026-04-04T02:47:18.315038
2026-04-03_20-07-03,975,-88.58599359354584,200,0,0.016120221108337676,59.033888572581766,50,200,2026-04-04T02:47:22.772383
2026-04-03_20-07-03,976,-99.24564297731867,200,0,0.015490702006891422,61.554853586049575,50,200,2026-04-04T02:47:26.697482
2026-04-03_20-07-03,977,-90.1945961888523,200,0,0.01591941320116355,59.81638571495272,50,200,2026-04-04T02:48:23.463917
2026-04-03_20-07-03,978,-60.865141855164644,200,0,0.018220084638200296,51.884487084291386,50,200,2026-04-04T02:48:31.944972
2026-04-03_20-07-03,979,-70.06291105287438,200,0,0.018216886356675295,51.894122981316485,50,200,2026-04-04T02:48:39.345899
2026-04-03_20-07-03,980,-94.16675217762361,200,0,0.015475132526931253,61.61980201201558,50,200,2026-04-04T02:48:43.941754
2026-04-03_20-07-03,981,-88.90539725336913,200,0,0.015837444516357976,60.14149981501958,50,200,2026-04-04T02:48:50.278964
2026-04-03_20-07-03,982,-97.01701860807066,200,0,0.015144232602744119,63.0317380372777,50,200,2026-04-04T02:48:55.041930
2026-04-03_20-07-03,983,-1113.2489089619419,4,0,0.016353701597631574,60.108235708594876,50,200,2026-04-04T02:48:57.650243
2026-04-03_20-07-03,984,-85.18477040085294,200,0,0.016120221108337676,59.033888572581766,50,200,2026-04-04T02:49:03.251284
2026-04-03_20-07-03,985,-103.49211796307317,200,0,0.014542338320164393,65.76473218982953,50,200,2026-04-04T02:49:07.031947
2026-04-03_20-07-03,986,-88.4565656239632,200,0,0.015607021214299889,61.07372593840988,50,200,2026-04-04T02:49:13.776544
2026-04-03_20-07-03,987,-102.3410175782159,200,0,0.014690933476920654,65.06919393998976,50,200,2026-04-04T02:49:17.370497
2026-04-03_20-07-03,988,-92.21441952810991,200,0,0.015607021214299889,61.07372593840988,50,200,2026-04-04T02:49:22.333534
2026-04-03_20-07-03,989,-90.72290875802908,200,0,0.01563501554262549,60.959002616512684,50,200,2026-04-04T02:49:28.835457
2026-04-03_20-07-03,990,-101.97113013462538,200,0,0.014690933476920654,65.06919393998976,50,200,2026-04-04T02:49:32.630598
2026-04-03_20-07-03,991,-92.08416228634049,200,0,0.015655105496591208,60.876925020897694,50,200,2026-04-04T02:49:37.305298
2026-04-03_20-07-03,992,-95.77768350808915,200,0,0.01531636424944194,62.289646009589745,50,200,2026-04-04T02:49:41.441629
2026-04-03_20-07-03,993,-80.25284535593543,200,0,0.016938902237140722,56.0357029044876,50,200,2026-04-04T02:50:39.836964
2026-04-03_20-07-03,994,-85.12574309512883,200,0,0.01666423056308451,57.0087712549569,50,200,2026-04-04T02:50:45.362081
2026-04-03_20-07-03,995,-81.01526315545469,200,0,0.016610909771468087,57.201398584300364,50,200,2026-04-04T02:50:52.296105
2026-04-03_20-07-03,996,-99.31608979229826,200,0,0.014847677195736854,64.35060217278468,50,200,2026-04-04T02:50:57.225853
2026-04-03_20-07-03,997,-98.29595847972041,200,0,0.014991956837375139,63.702433234531945,50,200,2026-04-04T02:51:02.582820
2026-04-03_20-07-03,998,-102.805576619733,200,0,0.014694251449008376,65.05382386916237,50,200,2026-04-04T02:51:05.333475
2026-04-03_20-07-03,999,-96.97728179731988,200,0,0.014991956837375139,63.702433234531945,50,200,2026-04-04T02:51:10.459619
2026-04-03_20-07-03,1000,-128.82481050858883,200,0,0.015158808383651329,62.96824596572466,50,200,2026-04-04T02:51:14.192211
2026-04-03_20-07-03,1001,-93.39383868380179,200,0,0.015451867499167868,61.71709649683789,50,200,2026-04-04T02:51:20.260889
2026-04-03_20-07-03,1002,-80.40146227876443,200,0,0.016705792773982008,56.859475903318,50,200,2026-04-04T02:51:26.732693
2026-04-03_20-07-03,1003,-90.90154373031659,200,0,0.01591941320116355,59.81638571495272,50,200,2026-04-04T02:51:31.521435
2026-04-03_20-07-03,1004,-96.1844408638726,200,0,0.01531636424944194,62.289646009589745,50,200,2026-04-04T02:51:36.011671
2026-04-03_20-07-03,1005,-100.18259541442934,200,0,0.014840830370231983,64.38167441127949,50,200,2026-04-04T02:51:40.559965
2026-04-03_20-07-03,1006,-85.98685507495273,200,0,0.016560495414620673,57.38466694161429,50,200,2026-04-04T02:51:45.035487
2026-04-03_20-07-03,1007,-73.38150556067615,200,0,0.017726259298275163,53.41348144429457,50,200,2026-04-04T02:51:52.248265
2026-04-03_20-07-03,1008,-98.52153895963023,200,0,0.015144232602744119,63.0317380372777,50,200,2026-04-04T02:51:55.648344
2026-04-03_20-07-03,1009,-1063.9587493268432,104,0,0.019767164789453208,48.54894437575342,50,200,2026-04-04T02:52:56.756710
2026-04-03_20-07-03,1010,-84.92753059681269,200,0,0.017726259298275163,53.41348144429457,50,200,2026-04-04T02:53:03.296526
2026-04-03_20-07-03,1011,-67.06184016690032,200,0,0.01792066035616277,52.80151512977634,50,200,2026-04-04T02:53:15.339779
2026-04-03_20-07-03,1012,-76.8867842847272,200,0,0.017174220679360835,55.226805085936306,50,200,2026-04-04T02:53:23.006413
2026-04-03_20-07-03,1013,-50.17009675875632,200,0,0.020390079456601304,46.04345773288535,50,200,2026-04-04T02:53:33.001855
2026-04-03_20-07-03,1014,-95.06156862995157,200,0,0.015475132526931253,61.61980201201558,50,200,2026-04-04T02:53:37.125616
2026-04-03_20-07-03,1015,-65.11703879534086,200,0,0.018481647851218804,51.10772935672255,50,200,2026-04-04T02:53:44.325524
2026-04-03_20-07-03,1016,-64.58202068649315,200,0,0.02091093483101497,44.82186966202994,50,200,2026-04-04T02:53:53.087888
2026-04-03_20-07-03,1017,-103.80120885109105,200,0,0.014395109419717729,66.46803743153546,50,200,2026-04-04T02:53:57.838365
2026-04-03_20-07-03,1018,-65.30295737393436,200,0,0.018668283955683724,50.566787519082126,50,200,2026-04-04T02:54:06.679089
2026-04-03_20-07-03,1019,-60.265118207572776,200,0,0.01849168121403405,51.07837115648854,50,200,2026-04-04T02:54:16.576479
2026-04-03_20-07-03,1020,-1068.687682763463,126,0,0.02085304004910837,45.69463863518345,50,200,2026-04-04T02:54:25.027159
2026-04-03_20-07-03,1021,-1073.5638575760672,99,0,0.018009894012063456,53.53503525729669,50,200,2026-04-04T02:54:30.386172
2026-04-03_20-07-03,1022,-82.24006910777538,200,0,0.01862364991118559,50.695167422546305,50,200,2026-04-04T02:54:41.810150
2026-04-03_20-07-03,1023,-35.250704577873826,200,0,0.024644752997941465,37.57658845611187,50,200,2026-04-04T02:54:51.760936
2026-04-03_20-07-03,1024,-1108.8032471565,94,0,0.018809369223121545,51.22499389946279,50,200,2026-04-04T02:54:57.867941
2026-04-03_20-07-03,1025,-1203.1119885648027,193,0,0.018734312464279902,50.44799302251776,50,200,2026-04-04T02:55:54.033098
2026-04-03_20-07-03,1026,-58.38393052870445,200,0,0.019652048850810646,47.885279575251516,50,200,2026-04-04T02:56:04.848068
2026-04-03_20-07-03,1027,-86.80086780317463,200,0,0.015762912443755845,60.440052945046304,50,200,2026-04-04T02:56:11.551709
2026-04-03_20-07-03,1028,-1545.197646596479,173,0,0.01978956817660038,47.80167361086848,50,200,2026-04-04T02:56:21.269171
2026-04-03_20-07-03,1029,-1646.8261865256677,119,0,0.016369768907225378,58.89821729050889,50,200,2026-04-04T02:56:26.419969
2026-04-03_20-07-03,1030,-58.903078048593194,200,0,0.020124583196552283,46.69047011971501,50,200,2026-04-04T02:56:36.161320
2026-04-03_20-07-03,1031,-1271.363443418985,53,0,0.017358007291099375,56.08029957123981,50,200,2026-04-04T02:56:40.177918
2026-04-03_20-07-03,1032,-91.41643582536389,200,0,0.01566719731860802,60.8276253029822,50,200,2026-04-04T02:56:45.191211
2026-04-03_20-07-03,1033,-67.95545226284311,200,0,0.018372368544193916,51.42956348249516,50,200,2026-04-04T02:56:52.803776
2026-04-03_20-07-03,1034,-188.93804626355944,200,0,0.014395109419717729,66.46803743153546,50,200,2026-04-04T02:56:55.001646
2026-04-03_20-07-03,1035,-57.132682169694235,200,0,0.019652048850810646,47.885279575251516,50,200,2026-04-04T02:57:03.798941
2026-04-03_20-07-03,1036,-631.4248180236875,200,0,0.014690933476920654,65.06919393998976,50,200,2026-04-04T02:57:06.873514
2026-04-03_20-07-03,1037,-70.28239038656572,200,0,0.017667728049242173,53.600373133029585,50,200,2026-04-04T02:57:14.167180
2026-04-03_20-07-03,1038,-58.26938122721925,200,0,0.02031376754008688,46.22769732530488,50,200,2026-04-04T02:57:22.088971
2026-04-03_20-07-03,1039,-42.08545005512735,200,0,0.021307530074428732,43.93176527297759,50,200,2026-04-04T02:57:35.024328
2026-04-03_20-07-03,1040,-1135.843099517665,153,0,0.017718769428426925,53.907327887774215,50,200,2026-04-04T02:57:40.704058
2026-04-03_20-07-03,1041,-101.2759252418853,200,0,0.014840830370231983,64.38167441127949,50,200,2026-04-04T02:58:32.137366
2026-04-03_20-07-03,1042,-104.03857295491403,200,0,0.014395109419717729,66.46803743153546,50,200,2026-04-04T02:58:36.056629
2026-04-03_20-07-03,1043,-99.07289330993059,200,0,0.01759826404542644,53.823786563191554,50,200,2026-04-04T02:58:42.032528
2026-04-03_20-07-03,1044,-92.40296379274878,200,0,0.015837444516357976,60.14149981501958,50,200,2026-04-04T02:58:45.658511
2026-04-03_20-07-03,1045,-99.9841410346563,200,0,0.016548560675416515,57.42821606144492,50,200,2026-04-04T02:58:50.071548
2026-04-03_20-07-03,1046,-101.50413044719684,200,0,0.014690933476920654,65.06919393998976,50,200,2026-04-04T02:58:54.176959
2026-04-03_20-07-03,1047,-88.45617659435618,200,0,0.016022096878742342,59.413803110051795,50,200,2026-04-04T02:58:59.070242
2026-04-03_20-07-03,1048,-85.58506013160661,200,0,0.016283375687934448,58.412327466040935,50,200,2026-04-04T02:59:03.751289
2026-04-03_20-07-03,1049,-111.21676234807754,200,0,0.01531636424944194,62.289646009589745,50,200,2026-04-04T02:59:07.055668
2026-04-03_20-07-03,1050,-99.17692941791296,200,0,0.014690933476920654,65.06919393998976,50,200,2026-04-04T02:59:12.286289
2026-04-03_20-07-03,1051,-86.88319829942716,200,0,0.01566719731860802,60.8276253029822,50,200,2026-04-04T02:59:19.027120
2026-04-03_20-07-03,1052,-98.54717208545938,200,0,0.014991956837375139,63.702433234531945,50,200,2026-04-04T02:59:23.587184
2026-04-03_20-07-03,1053,-80.54198012952035,200,0,0.017481502537204034,54.20332093147061,50,200,2026-04-04T02:59:30.127918
2026-04-03_20-07-03,1054,-101.82473849737575,200,0,0.014694251449008376,65.05382386916237,50,200,2026-04-04T02:59:34.009490
2026-04-03_20-07-03,1055,-99.9773082047159,200,0,0.014840830370231983,64.38167441127949,50,200,2026-04-04T02:59:38.121177
2026-04-03_20-07-03,1056,-71.45550959568506,200,0,0.01777647959772812,53.25410782277739,50,200,2026-04-04T02:59:44.519527
2026-04-03_20-07-03,1057,-79.98898231842729,200,0,0.016938902237140722,56.0357029044876,50,200,2026-04-04T03:00:46.897958
2026-04-03_20-07-03,1058,-98.9301832458207,200,0,0.014840830370231983,64.38167441127949,50,200,2026-04-04T03:00:52.377436
2026-04-03_20-07-03,1059,-90.4469907991757,200,0,0.015957683908956685,59.665735560705194,50,200,2026-04-04T03:00:57.101639
2026-04-03_20-07-03,1060,-1113.7920652343144,127,0,0.016733844852150646,57.48912940721924,50,200,2026-04-04T03:01:02.062401
2026-04-03_20-07-03,1061,-64.48381494363836,200,0,0.018220084638200296,51.884487084291386,50,200,2026-04-04T03:01:11.173855
2026-04-03_20-07-03,1062,-72.9751933131295,200,0,0.017419817700759666,54.405882034941776,50,200,2026-04-04T03:01:18.373493
2026-04-03_20-07-03,1063,-93.54851684421621,200,0,0.01531636424944194,62.289646009589745,50,200,2026-04-04T03:01:22.590539
2026-04-03_20-07-03,1064,-80.97045040362994,200,0,0.016610909771468087,57.201398584300364,50,200,2026-04-04T03:01:28.549502
2026-04-03_20-07-03,1065,-1057.1774007384647,28,0,0.0160883119566129,60.876925020897694,50,200,2026-04-04T03:01:31.173277
2026-04-03_20-07-03,1066,-68.72955806914231,200,0,0.01848833490879631,51.088159097779204,50,200,2026-04-04T03:01:38.318815
2026-04-03_20-07-03,1067,-91.8554512890801,200,0,0.01531636424944194,62.289646009589745,50,200,2026-04-04T03:01:44.754190
2026-04-03_20-07-03,1068,-278.3029747561545,200,0,0.01729568768179672,54.817880294662984,50,200,2026-04-04T03:01:56.330482
2026-04-03_20-07-03,1069,-1188.846872039106,151,0,0.017822016574887935,53.600373133029585,50,200,2026-04-04T03:02:01.637285
2026-04-03_20-07-03,1070,-189.06979182386735,200,0,0.021761145528229334,42.95346318982906,50,200,2026-04-04T03:02:11.602988
2026-04-03_20-07-03,1071,-103.00754643376305,200,0,0.015607021214299889,61.07372593840988,50,200,2026-04-04T03:02:18.578832
2026-04-03_20-07-03,1072,-52.84101009305393,200,0,0.020349569801998733,46.14108798023731,50,200,2026-04-04T03:02:28.332266
2026-04-03_20-07-03,1073,-101.38444723778086,200,0,0.014542338320164393,65.76473218982953,50,200,2026-04-04T03:03:21.508610
2026-04-03_20-07-03,1074,-72.08117114363527,200,0,0.017174220679360835,55.226805085936306,50,200,2026-04-04T03:03:29.858526
2026-04-03_20-07-03,1075,-96.9084766816412,200,0,0.015006090152632831,63.63961030678928,50,200,2026-04-04T03:03:34.661696
2026-04-03_20-07-03,1076,-95.86902337795154,200,0,0.01531636424944194,62.289646009589745,50,200,2026-04-04T03:03:39.237661
2026-04-03_20-07-03,1077,-51.67248559931783,200,0,0.019430121053081426,48.46648326421054,50,200,2026-04-04T03:03:48.295498
2026-04-03_20-07-03,1078,-105.12481432929476,200,0,0.014395109419717729,66.46803743153546,50,200,2026-04-04T03:03:51.521073
2026-04-03_20-07-03,1079,-67.44349367728137,200,0,0.018216886356675295,51.894122981316485,50,200,2026-04-04T03:03:58.562300
2026-04-03_20-07-03,1080,-91.34078213201735,200,0,0.015327675363100063,62.24146527838174,50,200,2026-04-04T03:04:04.759278
2026-04-03_20-07-03,1081,-95.75272892583644,200,0,0.015166112325465147,62.93647591023825,50,200,2026-04-04T03:04:09.410713
2026-04-03_20-07-03,1082,-179.69153118857363,200,0,0.015158808383651329,62.96824596572466,50,200,2026-04-04T03:04:15.589045
2026-04-03_20-07-03,1083,-118.86945837958332,200,0,0.01620899952366611,58.69412236331676,50,200,2026-04-04T03:04:22.471861
2026-04-03_20-07-03,1084,-71.03632213380916,200,0,0.017601141734774797,53.81449618829484,50,200,2026-04-04T03:04:32.012129
2026-04-03_20-07-03,1085,-87.49420464576407,200,0,0.015957683908956685,59.665735560705194,50,200,2026-04-04T03:04:38.530334
2026-04-03_20-07-03,1086,-97.55397272073625,200,0,0.014991956837375139,63.702433234531945,50,200,2026-04-04T03:04:42.971217
2026-04-03_20-07-03,1087,-94.99912270581399,200,0,0.015166112325465147,62.93647591023825,50,200,2026-04-04T03:04:49.191780
2026-04-03_20-07-03,1088,-80.75876614457219,200,0,0.016774943497769916,56.61271941887264,50,200,2026-04-04T03:04:55.777882
2026-04-03_20-07-03,1089,-56.641832498097436,200,0,0.01908529664373257,49.39635614091387,50,200,2026-04-04T03:05:58.600645
2026-04-03_20-07-03,1090,-58.04200807214457,200,0,0.01974956701560098,47.634021455258214,50,200,2026-04-04T03:06:09.378424
2026-04-03_20-07-03,1091,-971.9102451474457,200,0,0.015158808383651329,62.96824596572466,50,200,2026-04-04T03:06:14.359020
2026-04-03_20-07-03,1092,-50.59679626698528,200,0,0.021009195071694707,44.598206241955516,50,200,2026-04-04T03:06:25.348010
2026-04-03_20-07-03,1093,-1101.9316132616214,141,0,0.016935027858269575,56.639209034025185,50,200,2026-04-04T03:06:30.415073
2026-04-03_20-07-03,1094,-80.66318069987486,200,0,0.018654515562507832,50.60632371551998,50,200,2026-04-04T03:06:38.621673
2026-04-03_20-07-03,1095,-89.32544877685108,200,0,0.015795905494282912,60.30754513325841,50,200,2026-04-04T03:06:44.712084
2026-04-03_20-07-03,1096,-81.14401820673606,200,0,0.016548560675416515,57.42821606144492,50,200,2026-04-04T03:06:51.231866
2026-04-03_20-07-03,1097,-70.83764788616888,200,0,0.017854135352657726,53.009433122794285,50,200,2026-04-04T03:06:59.129778
2026-04-03_20-07-03,1098,-63.46462999719727,200,0,0.01889289489987106,49.92995093127971,50,200,2026-04-04T03:07:07.506011
2026-04-03_20-07-03,1099,-1117.2891547226213,108,0,0.018607294121260467,51.66236541235796,50,200,2026-04-04T03:07:15.258282
2026-04-03_20-07-03,1100,-1185.32883758767,46,0,0.015877463160253763,61.5223536610881,50,200,2026-04-04T03:07:18.464255
2026-04-03_20-07-03,1101,-1162.1715831920064,154,0,0.016835165374651746,56.859475903318,50,200,2026-04-04T03:07:26.276604
2026-04-03_20-07-03,1102,-89.1399572391969,200,0,0.01607638457164266,59.20304046246274,50,200,2026-04-04T03:07:31.173782
2026-04-03_20-07-03,1103,-85.3808093730743,200,0,0.01639112635551034,58.008620049092706,50,200,2026-04-04T03:07:37.379447
2026-04-03_20-07-03,1104,-1145.4210227136434,178,0,0.017041087930065105,55.90169943749474,50,200,2026-04-04T03:07:42.176273
2026-04-03_20-07-03,1105,-1075.4277439805853,101,0,0.024315982635727124,39.11521443121589,50,200,2026-04-04T03:08:38.761149
2026-04-03_20-07-03,1106,-97.07180601737129,200,0,0.015297568801352924,62.369864518050704,50,200,2026-04-04T03:08:44.653550
2026-04-03_20-07-03,1107,-85.0915299515179,200,0,0.016120221108337676,59.033888572581766,50,200,2026-04-04T03:08:51.767740
2026-04-03_20-07-03,1108,-73.72438337250234,200,0,0.023062266753840203,40.36087214122113,50,200,2026-04-04T03:09:03.925894
2026-04-03_20-07-03,1109,-54.17288089505009,200,0,0.020536141719664957,45.69463863518345,50,200,2026-04-04T03:09:14.233879
2026-04-03_20-07-03,1110,-677.1296166876594,200,0,0.016200054488402352,58.728187440104094,50,200,2026-04-04T03:09:20.287148
2026-04-03_20-07-03,1111,-61.42219446720464,200,0,0.019081610735255966,49.4064773081425,50,200,2026-04-04T03:09:27.967912
2026-04-03_20-07-03,1112,-1244.4861097534304,168,0,0.02123211463211318,44.41846462902562,50,200,2026-04-04T03:09:38.681767
2026-04-03_20-07-03,1113,-91.48580945670683,200,0,0.015837444516357976,60.14149981501958,50,200,2026-04-04T03:09:42.775870
2026-04-03_20-07-03,1114,-98.0759790525384,200,0,0.014991956837375139,63.702433234531945,50,200,2026-04-04T03:09:47.067999
2026-04-03_20-07-03,1115,-1067.594947161742,39,0,0.015538024459718356,62.96824596572466,50,200,2026-04-04T03:09:50.078362
2026-04-03_20-07-03,1116,-98.48315841778673,200,0,0.014847677195736854,64.35060217278468,50,200,2026-04-04T03:09:55.040007
2026-04-03_20-07-03,1117,-78.5641936442495,200,0,0.0169877605700044,55.86591089385369,50,200,2026-04-04T03:10:01.933320
2026-04-03_20-07-03,1118,-239.21993701188302,200,0,0.016705792773982008,56.859475903318,50,200,2026-04-04T03:10:09.391404
2026-04-03_20-07-03,1119,-78.17947613376053,200,0,0.015837444516357976,60.14149981501958,50,200,2026-04-04T03:10:21.077083
2026-04-03_20-07-03,1120,-1112.9477429030349,76,0,0.01687788512683453,57.48912940721924,50,200,2026-04-04T03:10:24.911196
2026-04-03_20-07-03,1121,-83.28237968433285,200,0,0.015762912443755845,60.440052945046304,50,200,2026-04-04T03:11:22.400148
2026-04-03_20-07-03,1122,-74.2491525955204,200,0,0.01780920776408851,53.150729063673246,50,200,2026-04-04T03:11:29.884400
2026-04-03_20-07-03,1123,-80.91654577847105,200,0,0.016862623549837707,56.302753041036986,50,200,2026-04-04T03:11:35.744532
2026-04-03_20-07-03,1124,-67.76523274577545,200,0,0.018355982849274897,51.478150704935004,50,200,2026-04-04T03:11:43.075529
2026-04-03_20-07-03,1125,-48.92824088160747,200,0,0.020367543613641036,46.09772228646444,50,200,2026-04-04T03:11:54.104222
2026-04-03_20-07-03,1126,-92.06791676334392,200,0,0.0156712342591605,60.81118318204309,50,200,2026-04-04T03:11:58.842784
2026-04-03_20-07-03,1127,-89.38329620801386,200,0,0.01620899952366611,58.69412236331676,50,200,2026-04-04T03:12:03.105113
2026-04-03_20-07-03,1128,-1149.26718393697,77,0,0.018023799920538715,53.71219600798314,50,200,2026-04-04T03:12:07.795863
2026-04-03_20-07-03,1129,-66.15000541318464,200,0,0.019492744708663204,48.30113870293329,50,200,2026-04-04T03:12:17.785158
2026-04-03_20-07-03,1130,-61.28770186582973,200,0,0.018825352115288324,50.11985634456667,50,200,2026-04-04T03:12:25.990101
2026-04-03_20-07-03,1131,-70.35408559095146,200,0,0.017954208274935542,52.69724850502159,50,200,2026-04-04T03:12:33.731571
2026-04-03_20-07-03,1132,-84.598216501521,200,0,0.016579645764233333,57.3149195236284,50,200,2026-04-04T03:12:39.218209
2026-04-03_20-07-03,1133,-1090.2290389910822,144,0,0.01863412119031305,51.22499389946279,50,200,2026-04-04T03:12:45.312850
2026-04-03_20-07-03,1134,-74.61257373087874,200,0,0.017174220679360835,55.226805085936306,50,200,2026-04-04T03:12:51.940959
2026-04-03_20-07-03,1135,-82.6119465513564,200,0,0.016531896058015548,57.48912940721924,50,200,2026-04-04T03:12:57.142877
2026-04-03_20-07-03,1136,-87.91472874571981,200,0,0.01591941320116355,59.81638571495272,50,200,2026-04-04T03:13:03.178705
2026-04-03_20-07-03,1137,-57.48386757065352,200,0,0.021093839338945,44.40720662234904,50,200,2026-04-04T03:14:04.133632
2026-04-03_20-07-03,1138,-74.12384104792736,200,0,0.017601141734774797,53.81449618829484,50,200,2026-04-04T03:14:11.618124
2026-04-03_20-07-03,1139,-85.19122275389003,200,0,0.016356501754670582,58.137767414994535,50,200,2026-04-04T03:14:17.213588
2026-04-03_20-07-03,1140,-68.65964351296059,200,0,0.017667728049242173,53.600373133029585,50,200,2026-04-04T03:14:24.452420
2026-04-03_20-07-03,1141,-82.97946892035301,200,0,0.016356501754670582,58.137767414994535,50,200,2026-04-04T03:14:31.849226
2026-04-03_20-07-03,1142,-1089.3603262261054,131,0,0.018458627137482555,51.86520991955976,50,200,2026-04-04T03:14:38.427776
2026-04-03_20-07-03,1143,-85.43242455632107,200,0,0.015837444516357976,60.14149981501958,50,200,2026-04-04T03:14:46.370250
2026-04-03_20-07-03,1144,-1133.2303950102917,130,0,0.017838437909828874,53.75872022286245,50,200,2026-04-04T03:14:51.905083
2026-04-03_20-07-03,1145,-60.43512475095124,200,0,0.019140848099743594,49.24428900898052,50,200,2026-04-04T03:14:59.723065
2026-04-03_20-07-03,1146,-67.43515621089047,200,0,0.0185420991539603,50.93132631298737,50,200,2026-04-04T03:15:07.323375
2026-04-03_20-07-03,1147,-94.24556502501284,200,0,0.01531636424944194,62.289646009589745,50,200,2026-04-04T03:15:12.394867
2026-04-03_20-07-03,1148,-72.98017760203744,200,0,0.017532471434017583,54.037024344425184,50,200,2026-04-04T03:15:18.533477
2026-04-03_20-07-03,1149,-89.7467957309209,200,0,0.015655105496591208,60.876925020897694,50,200,2026-04-04T03:15:24.385703
2026-04-03_20-07-03,1150,-95.28979840882201,200,0,0.015158808383651329,62.96824596572466,50,200,2026-04-04T03:15:29.832459
2026-04-03_20-07-03,1151,-79.64352899214734,200,0,0.01714758005367333,55.31726674375732,50,200,2026-04-04T03:15:36.280595
2026-04-03_20-07-03,1152,-727.7739757538461,200,0,0.014694251449008376,65.05382386916237,50,200,2026-04-04T03:15:43.222541
2026-04-03_20-07-03,1153,-82.90430212512311,200,0,0.015607021214299889,61.07372593840988,50,200,2026-04-04T03:16:42.923564
2026-04-03_20-07-03,1154,-81.40042271759177,200,0,0.016782404448224375,56.586217403180434,50,200,2026-04-04T03:16:48.778989
2026-04-03_20-07-03,1155,-71.94480524145548,200,0,0.017667728049242173,53.600373133029585,50,200,2026-04-04T03:16:55.360897
2026-04-03_20-07-03,1156,-89.75090120800559,200,0,0.01566719731860802,60.8276253029822,50,200,2026-04-04T03:17:01.113026
2026-04-03_20-07-03,1157,-133.77271949372448,200,0,0.01531636424944194,62.289646009589745,50,200,2026-04-04T03:17:07.194438
2026-04-03_20-07-03,1158,-68.52601962337442,200,0,0.017975657177748305,52.630789467763066,50,200,2026-04-04T03:17:15.501557
2026-04-03_20-07-03,1159,-81.51801367897389,200,0,0.016182209508224014,58.7962583843564,50,200,2026-04-04T03:17:22.649566
2026-04-03_20-07-03,1160,-63.45266495739365,200,0,0.018751552348909063,50.32891812864648,50,200,2026-04-04T03:17:32.732424
2026-04-03_20-07-03,1161,-134.17319464175569,200,0,0.016120221108337676,59.033888572581766,50,200,2026-04-04T03:17:39.026112
2026-04-03_20-07-03,1162,-1050.1334957015572,1,0,0.015299736641906082,64.35060217278468,50,200,2026-04-04T03:17:40.916815
2026-04-03_20-07-03,1163,-82.05393967043602,200,0,0.016938902237140722,56.0357029044876,50,200,2026-04-04T03:17:46.474038
2026-04-03_20-07-03,1164,-75.12711505635876,200,0,0.017481502537204034,54.20332093147061,50,200,2026-04-04T03:17:57.992466
2026-04-03_20-07-03,1165,-90.90397264145444,200,0,0.01563501554262549,60.959002616512684,50,200,2026-04-04T03:18:03.898098
2026-04-03_20-07-03,1166,-1096.4448090573478,8,0,0.015792433033627304,62.24146527838174,50,200,2026-04-04T03:18:06.186613
2026-04-03_20-07-03,1167,-88.18516829351685,200,0,0.015795905494282912,60.30754513325841,50,200,2026-04-04T03:18:12.356619
2026-04-03_20-07-03,1168,-1229.2203863897366,173,0,0.015516602831736032,61.71709649683789,50,200,2026-04-04T03:18:16.658161
2026-04-03_20-07-03,1169,-98.11907628343327,200,0,0.015451867499167868,61.71709649683789,50,200,2026-04-04T03:19:10.867120
2026-04-03_20-07-03,1170,-84.657523826208,200,0,0.016200054488402352,58.728187440104094,50,200,2026-04-04T03:19:16.906212
2026-04-03_20-07-03,1171,-104.7652614179723,200,0,0.014847677195736854,64.35060217278468,50,200,2026-04-04T03:19:20.998135
2026-04-03_20-07-03,1172,-76.08113529308498,200,0,0.0173395126615257,54.67174773134658,50,200,2026-04-04T03:19:28.569784
2026-04-03_20-07-03,1173,-88.55424029785647,200,0,0.01620899952366611,58.69412236331676,50,200,2026-04-04T03:19:33.272001
2026-04-03_20-07-03,1174,-125.24936270243168,200,0,0.014694251449008376,65.05382386916237,50,200,2026-04-04T03:19:39.897269
2026-04-03_20-07-03,1175,-74.4584143613577,200,0,0.01714758005367333,55.31726674375732,50,200,2026-04-04T03:19:46.895837
2026-04-03_20-07-03,1176,-92.34994916849946,200,0,0.01531636424944194,62.289646009589745,50,200,2026-04-04T03:19:53.576007
2026-04-03_20-07-03,1177,-84.60552758573598,200,0,0.015498504677194942,61.5223536610881,50,200,2026-04-04T03:20:02.128830
2026-04-03_20-07-03,1178,-77.14224367572724,200,0,0.016398078156068266,57.982756057296896,50,200,2026-04-04T03:20:10.775037
2026-04-03_20-07-03,1179,-1098.2227498629954,3,0,0.015633188881677057,62.93647591023825,50,200,2026-04-04T03:20:12.738671
2026-04-03_20-07-03,1180,-79.65249006573205,200,0,0.016446994017549132,57.8013840664737,50,200,2026-04-04T03:20:20.987718
2026-04-03_20-07-03,1181,-77.71493334629832,200,0,0.017688146747391213,53.53503525729669,50,200,2026-04-04T03:20:26.974861
2026-04-03_20-07-03,1182,-88.49195195087333,200,0,0.01531636424944194,62.289646009589745,50,200,2026-04-04T03:20:35.393039
2026-04-03_20-07-03,1183,-88.87933251340965,200,0,0.01607638457164266,59.20304046246274,50,200,2026-04-04T03:20:39.843064
2026-04-03_20-07-03,1184,-94.3840239106778,200,0,0.015158808383651329,62.96824596572466,50,200,2026-04-04T03:20:46.393029
2026-04-03_20-07-03,1185,-71.17966273073301,200,0,0.018024978890203172,52.478567053607705,50,200,2026-04-04T03:21:44.692818
2026-04-03_20-07-03,1186,-96.1827054893962,200,0,0.015297568801352924,62.369864518050704,50,200,2026-04-04T03:21:48.835842
2026-04-03_20-07-03,1187,-1242.1233902616918,182,0,0.016202671494754618,58.89821729050889,50,200,2026-04-04T03:21:54.198196
2026-04-03_20-07-03,1188,-147.45717161035432,200,0,0.020155012977461487,46.61544808322666,50,200,2026-04-04T03:22:06.854406
2026-04-03_20-07-03,1189,-81.93009612802034,200,0,0.016446994017549132,57.8013840664737,50,200,2026-04-04T03:22:13.765589
2026-04-03_20-07-03,1190,-85.22437908638864,200,0,0.016493997022009554,57.62811813689564,50,200,2026-04-04T03:22:19.086881
2026-04-03_20-07-03,1191,-1114.769934604857,175,0,0.017805164036916843,53.41348144429457,50,200,2026-04-04T03:22:27.036168
2026-04-03_20-07-03,1192,-1067.4922925050191,14,0,0.015598617384332242,62.96824596572466,50,200,2026-04-04T03:22:29.562504
2026-04-03_20-07-03,1193,-100.43931897686592,200,0,0.015490702006891422,61.554853586049575,50,200,2026-04-04T03:22:33.930017
2026-04-03_20-07-03,1194,-77.50312705029403,200,0,0.01670824747570822,56.85068161420758,50,200,2026-04-04T03:22:41.276330
2026-04-03_20-07-03,1195,-61.015030716842936,200,0,0.019504555598702577,48.27007354458868,50,200,2026-04-04T03:22:49.825716
2026-04-03_20-07-03,1196,-1050.4234425735626,25,0,0.01665382701448265,58.7962583843564,50,200,2026-04-04T03:22:53.030787
2026-04-03_20-07-03,1197,-73.51608743151449,200,0,0.016705792773982008,56.859475903318,50,200,2026-04-04T03:23:02.822411
2026-04-03_20-07-03,1198,-60.81353254087755,200,0,0.01881122649219697,50.15974481593781,50,200,2026-04-04T03:23:12.641281
2026-04-03_20-07-03,1199,-49.27194248231181,200,0,0.02091093483101497,44.82186966202994,50,200,2026-04-04T03:23:21.450837
2026-04-03_20-07-03,1200,-71.26882822517567,200,0,0.017063170644771773,55.60575509783138,50,200,2026-04-04T03:23:29.835496
2026-04-03_20-07-03,1201,-93.58344339431622,200,0,0.015451867499167868,61.71709649683789,50,200,2026-04-04T03:24:21.618289
2026-04-03_20-07-03,1202,-313.97544984039325,200,0,0.014395109419717729,66.46803743153546,50,200,2026-04-04T03:24:24.940639
2026-04-03_20-07-03,1203,-80.98457696657398,200,0,0.016579645764233333,57.3149195236284,50,200,2026-04-04T03:24:31.331487
2026-04-03_20-07-03,1204,-179.08558406091964,200,0,0.014542338320164393,65.76473218982953,50,200,2026-04-04T03:24:36.731119
2026-04-03_20-07-03,1205,-95.54640528181962,200,0,0.015144232602744119,63.0317380372777,50,200,2026-04-04T03:24:41.032162
2026-04-03_20-07-03,1206,-84.46960213788977,200,0,0.016182209508224014,58.7962583843564,50,200,2026-04-04T03:24:47.477061
2026-04-03_20-07-03,1207,-94.32660790160506,200,0,0.015475132526931253,61.61980201201558,50,200,2026-04-04T03:24:52.006335
2026-04-03_20-07-03,1208,-97.62696824311487,200,0,0.014847677195736854,64.35060217278468,50,200,2026-04-04T03:24:57.324919
2026-04-03_20-07-03,1209,-90.08280674520364,200,0,0.01563501554262549,60.959002616512684,50,200,2026-04-04T03:25:03.201884
2026-04-03_20-07-03,1210,-1082.2769298989465,4,0,0.015130006730728337,65.05382386916237,50,200,2026-04-04T03:25:05.039675
2026-04-03_20-07-03,1211,-111.6388825899019,200,0,0.015837444516357976,60.14149981501958,50,200,2026-04-04T03:25:11.614843
2026-04-03_20-07-03,1212,-58.5245719052274,200,0,0.018668283955683724,50.566787519082126,50,200,2026-04-04T03:25:20.897318
2026-04-03_20-07-03,1213,-78.33897051104815,200,0,0.0169877605700044,55.86591089385369,50,200,2026-04-04T03:25:27.824983
2026-04-03_20-07-03,1214,-54.856106353206165,200,0,0.019798885267294845,47.50789408087881,50,200,2026-04-04T03:25:39.957090
2026-04-03_20-07-03,1215,-81.56438794619011,200,0,0.01695685271338864,55.97320787662612,50,200,2026-04-04T03:25:45.204508
2026-04-03_20-07-03,1216,-82.69545687450432,200,0,0.016782404448224375,56.586217403180434,50,200,2026-04-04T03:25:50.805699
2026-04-03_20-07-03,1217,-97.83098026459517,200,0,0.014690933476920654,65.06919393998976,50,200,2026-04-04T03:26:49.535710
2026-04-03_20-07-03,1218,-88.52812370687319,200,0,0.01600915083336377,59.464274989274024,50,200,2026-04-04T03:26:54.677234
2026-04-03_20-07-03,1219,-82.48266939815461,200,0,0.016579645764233333,57.3149195236284,50,200,2026-04-04T03:27:00.763125
2026-04-03_20-07-03,1220,-66.11651671426219,200,0,0.02134899134007629,43.840620433565945,50,200,2026-04-04T03:27:09.395790
2026-04-03_20-07-03,1221,-80.53314610553542,200,0,0.016834916333169702,56.4003546088143,50,200,2026-04-04T03:27:15.105157
2026-04-03_20-07-03,1222,-155.8413437744328,200,0,0.015957683908956685,59.665735560705194,50,200,2026-04-04T03:27:20.563900
2026-04-03_20-07-03,1223,-1185.7398654966933,191,0,0.016223708735298777,58.728187440104094,50,200,2026-04-04T03:27:24.796163
2026-04-03_20-07-03,1224,-80.52304504267596,200,0,0.016548560675416515,57.42821606144492,50,200,2026-04-04T03:27:32.221061
2026-04-03_20-07-03,1225,-88.56754331584891,200,0,0.01582078896403802,60.207972893961475,50,200,2026-04-04T03:27:39.308074
2026-04-03_20-07-03,1226,-1062.7391143707766,32,0,0.01572088610348878,62.289646009589745,50,200,2026-04-04T03:27:41.589454
2026-04-03_20-07-03,1227,-81.86428368440139,200,0,0.01695685271338864,55.97320787662612,50,200,2026-04-04T03:27:46.492844
2026-04-03_20-07-03,1228,-105.20261709566843,200,0,0.014395109419717729,66.46803743153546,50,200,2026-04-04T03:27:49.803555
2026-04-03_20-07-03,1229,-92.29856504985375,200,0,0.015498504677194942,61.5223536610881,50,200,2026-04-04T03:27:55.250527
2026-04-03_20-07-03,1230,-1078.3497815117857,123,0,0.018056822597085416,53.150729063673246,50,200,2026-04-04T03:28:02.676811
2026-04-03_20-07-03,1231,-82.98443427020683,200,0,0.016834916333169702,56.4003546088143,50,200,2026-04-04T03:28:08.810051
2026-04-03_20-07-03,1232,-56.97372275071067,200,0,0.019786520344744048,47.53945729601885,50,200,2026-04-04T03:28:17.355276
2026-04-03_20-07-03,1233,-79.49552058181176,200,0,0.016885396950343398,56.22277118748239,50,200,2026-04-04T03:29:15.883160
2026-04-03_20-07-03,1234,-89.37171044182368,200,0,0.016026419329261153,59.39696961966999,50,200,2026-04-04T03:29:21.107968
2026-04-03_20-07-03,1235,-68.87230707717596,200,0,0.01751826787790118,54.08326913195984,50,200,2026-04-04T03:29:30.615741
2026-04-03_20-07-03,1236,-96.01394041348884,200,0,0.015331451396431838,62.22539674441618,50,200,2026-04-04T03:29:34.508041
2026-04-03_20-07-03,1237,-94.1782008948415,200,0,0.015490702006891422,61.554853586049575,50,200,2026-04-04T03:29:38.618338
2026-04-03_20-07-03,1238,-78.57771159699365,200,0,0.01639112635551034,58.008620049092706,50,200,2026-04-04T03:29:45.661426
2026-04-03_20-07-03,1239,-113.62647516287602,200,0,0.015166112325465147,62.93647591023825,50,200,2026-04-04T03:29:54.719257
2026-04-03_20-07-03,1240,-78.79509545401989,200,0,0.01714758005367333,55.31726674375732,50,200,2026-04-04T03:30:00.616455
2026-04-03_20-07-03,1241,-1118.911425128172,191,0,0.017873828578917027,53.03772242470448,50,200,2026-04-04T03:30:07.101073
2026-04-03_20-07-03,1242,-93.1353886327978,200,0,0.01531636424944194,62.289646009589745,50,200,2026-04-04T03:30:13.017220
2026-04-03_20-07-03,1243,-70.99955610448875,200,0,0.01804047697652311,52.43090691567332,50,200,2026-04-04T03:30:19.150894
2026-04-03_20-07-03,1244,-98.52169513475488,200,0,0.014991956837375139,63.702433234531945,50,200,2026-04-04T03:30:23.462582
2026-04-03_20-07-03,1245,-88.93845125924585,200,0,0.016120221108337676,59.033888572581766,50,200,2026-04-04T03:30:28.187566
2026-04-03_20-07-03,1246,-105.62333090882618,200,0,0.014395109419717729,66.46803743153546,50,200,2026-04-04T03:30:30.889685
2026-04-03_20-07-03,1247,-83.09256052594202,200,0,0.016560495414620673,57.38466694161429,50,200,2026-04-04T03:30:37.593536
2026-04-03_20-07-03,1248,-73.71105893198568,200,0,0.017854135352657726,53.009433122794285,50,200,2026-04-04T03:30:44.761348
2026-04-03_20-07-03,1249,-103.63959611355881,200,0,0.014542338320164393,65.76473218982953,50,200,2026-04-04T03:31:45.720379
2026-04-03_20-07-03,1250,-102.5930343411671,200,0,0.014690933476920654,65.06919393998976,50,200,2026-04-04T03:31:48.644985
2026-04-03_20-07-03,1251,-84.24142484470751,200,0,0.016398078156068266,57.982756057296896,50,200,2026-04-04T03:31:54.022440
2026-04-03_20-07-03,1252,-95.26795823661692,200,0,0.015166112325465147,62.93647591023825,50,200,2026-04-04T03:31:59.351875
2026-04-03_20-07-03,1253,-88.32875888248992,200,0,0.015957683908956685,59.665735560705194,50,200,2026-04-04T03:32:04.879055
2026-04-03_20-07-03,1254,-231.39132484458128,200,0,0.014690933476920654,65.06919393998976,50,200,2026-04-04T03:32:07.870991
2026-04-03_20-07-03,1255,-98.42565295230516,200,0,0.014991956837375139,63.702433234531945,50,200,2026-04-04T03:32:12.473943
2026-04-03_20-07-03,1256,-80.93396417052573,200,0,0.017195624441988366,55.154328932550705,50,200,2026-04-04T03:32:17.387966
2026-04-03_20-07-03,1257,-103.2612671845598,200,0,0.014542338320164393,65.76473218982953,50,200,2026-04-04T03:32:21.599793
2026-04-03_20-07-03,1258,-102.31524579514634,200,0,0.014542338320164393,65.76473218982953,50,200,2026-04-04T03:32:25.731984
2026-04-03_20-07-03,1259,-94.7335761761967,200,0,0.015451867499167868,61.71709649683789,50,200,2026-04-04T03:32:29.719051
2026-04-03_20-07-03,1260,-93.74072094188747,200,0,0.015475132526931253,61.61980201201558,50,200,2026-04-04T03:32:34.825007
2026-04-03_20-07-03,1261,-166.0849017817291,200,0,0.015331451396431838,62.22539674441618,50,200,2026-04-04T03:32:38.389652
2026-04-03_20-07-03,1262,-93.1731635515128,200,0,0.015607021214299889,61.07372593840988,50,200,2026-04-04T03:32:42.768980
2026-04-03_20-07-03,1263,-102.44538320105288,200,0,0.014542338320164393,65.76473218982953,50,200,2026-04-04T03:32:47.238620
2026-04-03_20-07-03,1264,-103.50396956765107,200,0,0.014395109419717729,66.46803743153546,50,200,2026-04-04T03:32:51.769805
2026-04-03_20-07-03,1265,-400.01128607253577,200,0,0.015144232602744119,63.0317380372777,50,200,2026-04-04T03:33:46.673734
2026-04-03_20-07-03,1266,-86.241889606871,200,0,0.016938902237140722,56.0357029044876,50,200,2026-04-04T03:33:52.614860
2026-04-03_20-07-03,1267,-84.60065177059323,200,0,0.016610909771468087,57.201398584300364,50,200,2026-04-04T03:33:58.447547
2026-04-03_20-07-03,1268,-93.14035915220299,200,0,0.015166112325465147,62.93647591023825,50,200,2026-04-04T03:34:04.242533
2026-04-03_20-07-03,1269,-96.83191484100536,200,0,0.015002553017897154,63.655321851358195,50,200,2026-04-04T03:34:09.950361
2026-04-03_20-07-03,1270,-90.0360344084176,200,0,0.015837444516357976,60.14149981501958,50,200,2026-04-04T03:34:14.934802
2026-04-03_20-07-03,1271,-98.92452550967982,200,0,0.015002553017897154,63.655321851358195,50,200,2026-04-04T03:34:18.661454
2026-04-03_20-07-03,1272,-95.81426067426185,200,0,0.015331451396431838,62.22539674441618,50,200,2026-04-04T03:34:22.673252
2026-04-03_20-07-03,1273,-89.4010853110785,200,0,0.016182209508224014,58.7962583843564,50,200,2026-04-04T03:34:26.873582
2026-04-03_20-07-03,1274,-96.94696682719493,200,0,0.015002553017897154,63.655321851358195,50,200,2026-04-04T03:34:31.673040
2026-04-03_20-07-03,1275,-94.70019440437012,200,0,0.015158808383651329,62.96824596572466,50,200,2026-04-04T03:34:36.848312
2026-04-03_20-07-03,1276,-90.87648647099188,200,0,0.01582078896403802,60.207972893961475,50,200,2026-04-04T03:34:41.402554
2026-04-03_20-07-03,1277,-90.63237708069536,200,0,0.015837444516357976,60.14149981501958,50,200,2026-04-04T03:34:46.345357
2026-04-03_20-07-03,1278,-89.74830329082792,200,0,0.01600915083336377,59.464274989274024,50,200,2026-04-04T03:34:51.267583
2026-04-03_20-07-03,1279,-86.15253736419291,200,0,0.01615555413020488,58.89821729050889,50,200,2026-04-04T03:34:57.133321
2026-04-03_20-07-03,1280,-71.75464299115471,200,0,0.018068476496964338,52.3450093132096,50,200,2026-04-04T03:35:04.207705
2026-04-03_20-07-03,1281,-96.76918338472275,200,0,0.014847677195736854,64.35060217278468,50,200,2026-04-04T03:35:58.894096
2026-04-03_20-07-03,1282,-101.36967069396806,200,0,0.015451867499167868,61.71709649683789,50,200,2026-04-04T03:36:02.252080
2026-04-03_20-07-03,1283,-105.69298627431266,200,0,0.014395109419717729,66.46803743153546,50,200,2026-04-04T03:36:04.263798
2026-04-03_20-07-03,1284,-104.32940304000383,200,0,0.014542338320164393,65.76473218982953,50,200,2026-04-04T03:36:06.549447
2026-04-03_20-07-03,1285,-89.41013400560325,200,0,0.01582078896403802,60.207972893961475,50,200,2026-04-04T03:36:11.263999
2026-04-03_20-07-03,1286,-98.19785402029628,200,0,0.015002553017897154,63.655321851358195,50,200,2026-04-04T03:36:14.758718
2026-04-03_20-07-03,1287,-79.17341104984519,200,0,0.016767492664590555,56.639209034025185,50,200,2026-04-04T03:36:21.227279
2026-04-03_20-07-03,1288,-67.64168617452782,200,0,0.0187097764284376,50.44799302251776,50,200,2026-04-04T03:36:27.752889
2026-04-03_20-07-03,1289,-86.78482545716925,200,0,0.016026419329261153,59.39696961966999,50,200,2026-04-04T03:36:33.187016
2026-04-03_20-07-03,1290,-100.68531892133852,200,0,0.014840830370231983,64.38167441127949,50,200,2026-04-04T03:36:36.831502
2026-04-03_20-07-03,1291,-103.69276235359028,200,0,0.014395109419717729,66.46803743153546,50,200,2026-04-04T03:36:41.286435
2026-04-03_20-07-03,1292,-93.09786309086883,200,0,0.015607021214299889,61.07372593840988,50,200,2026-04-04T03:36:45.098158
2026-04-03_20-07-03,1293,-87.03339442539092,200,0,0.016356501754670582,58.137767414994535,50,200,2026-04-04T03:36:49.700824
2026-04-03_20-07-03,1294,-95.9525278511119,200,0,0.015158808383651329,62.96824596572466,50,200,2026-04-04T03:36:54.006448
2026-04-03_20-07-03,1295,-93.71149581404087,200,0,0.015490702006891422,61.554853586049575,50,200,2026-04-04T03:36:58.878899
2026-04-03_20-07-03,1296,-88.12731509134572,200,0,0.016022096878742342,59.413803110051795,50,200,2026-04-04T03:37:04.419557
2026-04-03_20-07-03,1297,-79.9423835547036,200,0,0.016834916333169702,56.4003546088143,50,200,2026-04-04T03:38:00.168238
2026-04-03_20-07-03,1298,-127.22961285362219,200,0,0.014690933476920654,65.06919393998976,50,200,2026-04-04T03:38:04.694086
2026-04-03_20-07-03,1299,-129.3107055035373,200,0,0.0169877605700044,55.86591089385369,50,200,2026-04-04T03:38:09.858572
2026-04-03_20-07-03,1300,-79.50605072632332,200,0,0.01714758005367333,55.31726674375732,50,200,2026-04-04T03:38:15.398642
2026-04-03_20-07-03,1301,-331.55954653792935,200,0,0.014840830370231983,64.38167441127949,50,200,2026-04-04T03:38:18.863990
2026-04-03_20-07-03,1302,-97.23994297399624,200,0,0.015158808383651329,62.96824596572466,50,200,2026-04-04T03:38:22.731674
2026-04-03_20-07-03,1303,-86.9091167377828,200,0,0.01639344262295082,58.0,50,200,2026-04-04T03:38:27.095577
2026-04-03_20-07-03,1304,-102.45697238956276,200,0,0.016233676290783778,58.60034129593445,50,200,2026-04-04T03:38:33.524679
2026-04-03_20-07-03,1305,-99.98307197473395,200,0,0.015002553017897154,63.655321851358195,50,200,2026-04-04T03:38:36.428935
2026-04-03_20-07-03,1306,-123.75670446208366,200,0,0.015002553017897154,63.655321851358195,50,200,2026-04-04T03:38:39.522240
2026-04-03_20-07-03,1307,-77.6840136296831,200,0,0.017102579202553668,55.47071299343465,50,200,2026-04-04T03:38:46.279933
2026-04-03_20-07-03,1308,-87.22052063462033,200,0,0.015957683908956685,59.665735560705194,50,200,2026-04-04T03:38:52.042251
2026-04-03_20-07-03,1309,-73.43330197585621,200,0,0.017481502537204034,54.20332093147061,50,200,2026-04-04T03:38:58.154547
2026-04-03_20-07-03,1310,-99.84057665734038,200,0,0.014694251449008376,65.05382386916237,50,200,2026-04-04T03:39:02.764916
2026-04-03_20-07-03,1311,-99.10814843852565,200,0,0.015002553017897154,63.655321851358195,50,200,2026-04-04T03:39:06.521126
2026-04-03_20-07-03,1312,-81.4336824683925,200,0,0.016938902237140722,56.0357029044876,50,200,2026-04-04T03:39:12.041428
2026-04-03_20-07-03,1313,-67.99532188463266,200,0,0.018382221459774244,51.40038910358559,50,200,2026-04-04T03:40:08.750717
2026-04-03_20-07-03,1314,-103.41590296197059,200,0,0.014395109419717729,66.46803743153546,50,200,2026-04-04T03:40:13.376142
2026-04-03_20-07-03,1315,-70.31437035087922,200,0,0.018229689794722646,51.85556864985669,50,200,2026-04-04T03:40:20.237348
2026-04-03_20-07-03,1316,-100.58277128031159,200,0,0.014847677195736854,64.35060217278468,50,200,2026-04-04T03:40:24.170961
2026-04-03_20-07-03,1317,-79.96029627559464,200,0,0.016885396950343398,56.22277118748239,50,200,2026-04-04T03:40:30.026106
2026-04-03_20-07-03,1318,-99.44783517579776,200,0,0.014991956837375139,63.702433234531945,50,200,2026-04-04T03:40:33.662642
2026-04-03_20-07-03,1319,-88.25334361785545,200,0,0.01607638457164266,59.20304046246274,50,200,2026-04-04T03:40:38.315092
2026-04-03_20-07-03,1320,-92.5031427503219,200,0,0.015166112325465147,62.93647591023825,50,200,2026-04-04T03:40:43.688127
2026-04-03_20-07-03,1321,-92.58387012076462,200,0,0.01563501554262549,60.959002616512684,50,200,2026-04-04T03:40:48.004567
2026-04-03_20-07-03,1322,-63.56111857817632,200,0,0.019379690404118768,48.60041152089147,50,200,2026-04-04T03:40:55.223677
2026-04-03_20-07-03,1323,-97.12252226652046,200,0,0.015002553017897154,63.655321851358195,50,200,2026-04-04T03:41:00.115076
2026-04-03_20-07-03,1324,-46.30622004906161,200,0,0.021307530074428732,43.93176527297759,50,200,2026-04-04T03:41:13.426326
2026-04-03_20-07-03,1325,-111.07213614536747,200,0,0.014542338320164393,65.76473218982953,50,200,2026-04-04T03:41:15.500916
2026-04-03_20-07-03,1326,-87.85229174915479,200,0,0.017328524620093738,54.70831746635972,50,200,2026-04-04T03:41:21.553792
2026-04-03_20-07-03,1327,-70.15707405333029,200,0,0.018548853366407828,50.91168824543142,50,200,2026-04-04T03:41:28.119801
2026-04-03_20-07-03,1328,-55.51662384103137,200,0,0.019836122538865027,47.41307836451879,50,200,2026-04-04T03:41:37.503130
2026-04-03_20-07-03,1329,-104.16849962372719,200,0,0.014542338320164393,65.76473218982953,50,200,2026-04-04T03:42:29.807807
2026-04-03_20-07-03,1330,-99.20398751899944,200,0,0.015006090152632831,63.63961030678928,50,200,2026-04-04T03:42:33.380104
2026-04-03_20-07-03,1331,-99.17054362486748,200,0,0.014991956837375139,63.702433234531945,50,200,2026-04-04T03:42:37.243968
2026-04-03_20-07-03,1332,-100.36471645240685,200,0,0.014847677195736854,64.35060217278468,50,200,2026-04-04T03:42:40.765840
2026-04-03_20-07-03,1333,-100.42205642165743,200,0,0.014847677195736854,64.35060217278468,50,200,2026-04-04T03:42:44.716825
2026-04-03_20-07-03,1334,-104.82208609871405,200,0,0.014395109419717729,66.46803743153546,50,200,2026-04-04T03:42:48.415561
2026-04-03_20-07-03,1335,-1137.4161376373484,65,0,0.015144247195239692,64.38167441127949,50,200,2026-04-04T03:42:50.317663
2026-04-03_20-07-03,1336,-105.49596593774066,200,0,0.014395109419717729,66.46803743153546,50,200,2026-04-04T03:42:53.180243
2026-04-03_20-07-03,1337,-104.06533611015028,200,0,0.014542338320164393,65.76473218982953,50,200,2026-04-04T03:42:56.026313
2026-04-03_20-07-03,1338,-100.38313176139016,200,0,0.014840830370231983,64.38167441127949,50,200,2026-04-04T03:42:59.582574
2026-04-03_20-07-03,1339,-96.97964326660096,200,0,0.01531636424944194,62.289646009589745,50,200,2026-04-04T03:43:02.723940
2026-04-03_20-07-03,1340,-65.67266481691208,200,0,0.018229689794722646,51.85556864985669,50,200,2026-04-04T03:43:10.408963
2026-04-03_20-07-03,1341,-105.65628907560036,200,0,0.014395109419717729,66.46803743153546,50,200,2026-04-04T03:43:12.689275
2026-04-03_20-07-03,1342,-100.50614422867486,200,0,0.014847677195736854,64.35060217278468,50,200,2026-04-04T03:43:16.183181
2026-04-03_20-07-03,1343,-97.49035234918425,200,0,0.014991956837375139,63.702433234531945,50,200,2026-04-04T03:43:20.584912
2026-04-03_20-07-03,1344,-104.96683277696734,200,0,0.014395109419717729,66.46803743153546,50,200,2026-04-04T03:43:23.925972
2026-04-03_20-07-03,1345,-82.08874220457633,200,0,0.016233676290783778,58.60034129593445,50,200,2026-04-04T03:44:18.326783
2026-04-03_20-07-03,1346,-102.64764011377426,200,0,0.014542338320164393,65.76473218982953,50,200,2026-04-04T03:44:22.716619
2026-04-03_20-07-03,1347,-1351.5189407098594,199,0,0.016496717990183582,57.62811813689564,50,200,2026-04-04T03:44:29.126539
2026-04-03_20-07-03,1348,-105.27326746937099,200,0,0.014395109419717729,66.46803743153546,50,200,2026-04-04T03:44:32.142775
2026-04-03_20-07-03,1349,-152.28614107220469,200,0,0.014690933476920654,65.06919393998976,50,200,2026-04-04T03:44:37.012494
2026-04-03_20-07-03,1350,-76.72855104479387,200,0,0.017749838297735666,53.33854141237835,50,200,2026-04-04T03:44:42.973576
2026-04-03_20-07-03,1351,-103.96970634902644,200,0,0.014542338320164393,65.76473218982953,50,200,2026-04-04T03:44:46.127305
2026-04-03_20-07-03,1352,-87.94179309591105,200,0,0.01639344262295082,58.0,50,200,2026-04-04T03:44:50.201111
2026-04-03_20-07-03,1353,-52.08608413426271,200,0,0.020155012977461487,46.61544808322666,50,200,2026-04-04T03:45:00.496166
2026-04-03_20-07-03,1354,-98.06325494919733,200,0,0.015795905494282912,60.30754513325841,50,200,2026-04-04T03:45:04.729138
2026-04-03_20-07-03,1355,-1779.3618303542094,146,0,0.020948144136460137,45.27692569068709,50,200,2026-04-04T03:45:13.604138
2026-04-03_20-07-03,1356,-77.06716387427176,200,0,0.017589639595760997,53.85164807134504,50,200,2026-04-04T03:45:18.712568
2026-04-03_20-07-03,1357,-102.6016651129772,200,0,0.014542338320164393,65.76473218982953,50,200,2026-04-04T03:45:23.082019
2026-04-03_20-07-03,1358,-66.05085867268647,200,0,0.01929144014659054,48.83646178829912,50,200,2026-04-04T03:45:30.433759
2026-04-03_20-07-03,1359,-97.4482722589251,200,0,0.015144232602744119,63.0317380372777,50,200,2026-04-04T03:45:34.547428
2026-04-03_20-07-03,1360,-1089.9106722550082,130,0,0.020231657875711496,47.12748667179272,50,200,2026-04-04T03:45:42.870581
2026-04-03_20-07-03,1361,-90.4326454296015,200,0,0.015607021214299889,61.07372593840988,50,200,2026-04-04T03:46:37.111116
2026-04-03_20-07-03,1362,-97.43648251978036,200,0,0.015006090152632831,63.63961030678928,50,200,2026-04-04T03:46:41.529588
2026-04-03_20-07-03,1363,-91.03880264846705,200,0,0.015475132526931253,61.61980201201558,50,200,2026-04-04T03:46:46.919551
2026-04-03_20-07-03,1364,-94.61820783906957,200,0,0.015837444516357976,60.14149981501958,50,200,2026-04-04T03:46:54.179541
2026-04-03_20-07-03,1365,-169.06624370937763,200,0,0.01566719731860802,60.8276253029822,50,200,2026-04-04T03:46:58.310152
2026-04-03_20-07-03,1366,-80.84115830870363,200,0,0.01678738404729671,56.568542494923804,50,200,2026-04-04T03:47:04.398500
2026-04-03_20-07-03,1367,-93.52935758810769,200,0,0.015655105496591208,60.876925020897694,50,200,2026-04-04T03:47:08.187513
2026-04-03_20-07-03,1368,-96.73971818907411,200,0,0.014991956837375139,63.702433234531945,50,200,2026-04-04T03:47:13.803203
2026-04-03_20-07-03,1369,-296.6361975612738,200,0,0.015655105496591208,60.876925020897694,50,200,2026-04-04T03:47:18.422935
2026-04-03_20-07-03,1370,-71.32281115775908,200,0,0.017481502537204034,54.20332093147061,50,200,2026-04-04T03:47:25.777243
2026-04-03_20-07-03,1371,-95.9807472156486,200,0,0.014847677195736854,64.35060217278468,50,200,2026-04-04T03:47:30.960679
2026-04-03_20-07-03,1372,-131.1420690250104,200,0,0.015144232602744119,63.0317380372777,50,200,2026-04-04T03:47:37.925261
2026-04-03_20-07-03,1373,-96.66822956026388,200,0,0.015327675363100063,62.24146527838174,50,200,2026-04-04T03:47:41.161112
2026-04-03_20-07-03,1374,-96.31906790143452,200,0,0.01531636424944194,62.289646009589745,50,200,2026-04-04T03:47:45.328944
2026-04-03_20-07-03,1375,-103.27914775396731,200,0,0.014542338320164393,65.76473218982953,50,200,2026-04-04T03:47:49.266384
2026-04-03_20-07-03,1376,-99.8309833620492,200,0,0.014690933476920654,65.06919393998976,50,200,2026-04-04T03:47:53.431647
2026-04-03_20-07-03,1377,-94.21098633248953,200,0,0.015490702006891422,61.554853586049575,50,200,2026-04-04T03:48:47.140541
2026-04-03_20-07-03,1378,-91.22479720397935,200,0,0.015795905494282912,60.30754513325841,50,200,2026-04-04T03:48:51.857987
2026-04-03_20-07-03,1379,-91.25125922443193,200,0,0.015837444516357976,60.14149981501958,50,200,2026-04-04T03:48:56.264032
2026-04-03_20-07-03,1380,-95.66521925703266,200,0,0.014991956837375139,63.702433234531945,50,200,2026-04-04T03:49:02.025459
2026-04-03_20-07-03,1381,-75.19199589377108,200,0,0.017174220679360835,55.226805085936306,50,200,2026-04-04T03:49:09.492007
2026-04-03_20-07-03,1382,-100.41412191242901,200,0,0.015331451396431838,62.22539674441618,50,200,2026-04-04T03:49:13.189296
2026-04-03_20-07-03,1383,-98.90712213387867,200,0,0.015002553017897154,63.655321851358195,50,200,2026-04-04T03:49:17.237181
2026-04-03_20-07-03,1384,-81.96431836504044,200,0,0.016774943497769916,56.61271941887264,50,200,2026-04-04T03:49:22.276007
2026-04-03_20-07-03,1385,-92.62670428729041,200,0,0.015498504677194942,61.5223536610881,50,200,2026-04-04T03:49:26.114888
2026-04-03_20-07-03,1386,-95.90459421128217,200,0,0.015327675363100063,62.24146527838174,50,200,2026-04-04T03:49:29.800862
2026-04-03_20-07-03,1387,-95.92029733287269,200,0,0.015331451396431838,62.22539674441618,50,200,2026-04-04T03:49:34.068999
2026-04-03_20-07-03,1388,-98.834834184646,200,0,0.015002553017897154,63.655321851358195,50,200,2026-04-04T03:49:38.299041
2026-04-03_20-07-03,1389,-98.72234434544757,200,0,0.015002553017897154,63.655321851358195,50,200,2026-04-04T03:49:42.009625
2026-04-03_20-07-03,1390,-474.65701628657814,200,0,0.014395109419717729,66.46803743153546,50,200,2026-04-04T03:49:47.713969
2026-04-03_20-07-03,1391,-102.30477133452423,200,0,0.014542338320164393,65.76473218982953,50,200,2026-04-04T03:49:51.896138
2026-04-03_20-07-03,1392,-102.21150528213073,200,0,0.014542338320164393,65.76473218982953,50,200,2026-04-04T03:49:57.263619
2026-04-03_20-07-03,1393,-96.74893561116156,200,0,0.015327675363100063,62.24146527838174,50,200,2026-04-04T03:50:50.326691
2026-04-03_20-07-03,1394,-103.67173872908822,200,0,0.014542338320164393,65.76473218982953,50,200,2026-04-04T03:50:53.866243
2026-04-03_20-07-03,1395,-98.09666205508583,200,0,0.015158808383651329,62.96824596572466,50,200,2026-04-04T03:50:57.317528
2026-04-03_20-07-03,1396,-97.23476498553043,200,0,0.015297568801352924,62.369864518050704,50,200,2026-04-04T03:51:00.301493
2026-04-03_20-07-03,1397,-103.70589874202786,200,0,0.014542338320164393,65.76473218982953,50,200,2026-04-04T03:51:06.791081
2026-04-03_20-07-03,1398,-107.92159558381765,200,0,0.015002553017897154,63.655321851358195,50,200,2026-04-04T03:51:10.473870
2026-04-03_20-07-03,1399,-1162.9416591584359,186,0,0.015524369680731084,61.554853586049575,50,200,2026-04-04T03:51:13.977900
2026-04-03_20-07-03,1400,-105.60744913461971,200,0,0.014395109419717729,66.46803743153546,50,200,2026-04-04T03:51:16.596107
2026-04-03_20-07-03,1401,-103.7536482482724,200,0,0.014542338320164393,65.76473218982953,50,200,2026-04-04T03:51:19.567494
2026-04-03_20-07-03,1402,-95.07711212048466,200,0,0.01531636424944194,62.289646009589745,50,200,2026-04-04T03:51:24.018216
2026-04-03_20-07-03,1403,-94.44056573039039,200,0,0.015451867499167868,61.71709649683789,50,200,2026-04-04T03:51:28.438349
2026-04-03_20-07-03,1404,-103.97559387587557,200,0,0.014542338320164393,65.76473218982953,50,200,2026-04-04T03:51:31.214932
2026-04-03_20-07-03,1405,-84.96771569941649,200,0,0.016782404448224375,56.586217403180434,50,200,2026-04-04T03:51:35.390795
2026-04-03_20-07-03,1406,-85.7310858591416,200,0,0.016579645764233333,57.3149195236284,50,200,2026-04-04T03:51:39.506571
2026-04-03_20-07-03,1407,-101.59636041243806,200,0,0.014690933476920654,65.06919393998976,50,200,2026-04-04T03:51:43.219857
2026-04-03_20-07-03,1408,-99.30023603104,200,0,0.014991956837375139,63.702433234531945,50,200,2026-04-04T03:51:46.546395
2026-04-03_20-07-03,1409,-92.64982351899616,200,0,0.01584579237197416,60.108235708594876,50,200,2026-04-04T03:52:39.560293
2026-04-03_20-07-03,1410,-97.24372822355878,200,0,0.015297568801352924,62.369864518050704,50,200,2026-04-04T03:52:42.446755
2026-04-03_20-07-03,1411,-89.41184267179203,200,0,0.015987644818727064,59.54829972383762,50,200,2026-04-04T03:52:46.968737
2026-04-03_20-07-03,1412,-93.24143227693995,200,0,0.01563501554262549,60.959002616512684,50,200,2026-04-04T03:52:50.778858
2026-04-03_20-07-03,1413,-102.75842293559406,200,0,0.014694251449008376,65.05382386916237,50,200,2026-04-04T03:52:53.533128
2026-04-03_20-07-03,1414,-86.58488990629058,200,0,0.01620899952366611,58.69412236331676,50,200,2026-04-04T03:52:58.831427
2026-04-03_20-07-03,1415,-101.40834168000832,200,0,0.014840830370231983,64.38167441127949,50,200,2026-04-04T03:53:01.406478
2026-04-03_20-07-03,1416,-94.18328090357616,200,0,0.015475132526931253,61.61980201201558,50,200,2026-04-04T03:53:05.890283
2026-04-03_20-07-03,1417,-89.44942608387083,200,0,0.01615555413020488,58.89821729050889,50,200,2026-04-04T03:53:09.722760
2026-04-03_20-07-03,1418,-104.23167532757519,200,0,0.014542338320164393,65.76473218982953,50,200,2026-04-04T03:53:12.601978
2026-04-03_20-07-03,1419,-99.69151786616503,200,0,0.014991956837375139,63.702433234531945,50,200,2026-04-04T03:53:15.911057
2026-04-03_20-07-03,1420,-89.50123543176633,200,0,0.01591941320116355,59.81638571495272,50,200,2026-04-04T03:53:20.427287
2026-04-03_20-07-03,1421,-96.6760844519006,200,0,0.015327675363100063,62.24146527838174,50,200,2026-04-04T03:53:23.634544
2026-04-03_20-07-03,1422,-97.86843708923028,200,0,0.015144232602744119,63.0317380372777,50,200,2026-04-04T03:53:27.237421
2026-04-03_20-07-03,1423,-102.51912274438011,200,0,0.014690933476920654,65.06919393998976,50,200,2026-04-04T03:53:30.490448
2026-04-03_20-07-03,1424,-91.58670332658255,200,0,0.015837444516357976,60.14149981501958,50,200,2026-04-04T03:53:34.206687
2026-04-03_20-07-03,1425,-94.48148586436795,200,0,0.015490702006891422,61.554853586049575,50,200,2026-04-04T03:54:27.284921
2026-04-03_20-07-03,1426,-96.93106645454637,200,0,0.015158808383651329,62.96824596572466,50,200,2026-04-04T03:54:31.678125
2026-04-03_20-07-03,1427,-101.36038123122354,200,0,0.014542338320164393,65.76473218982953,50,200,2026-04-04T03:54:36.376983
2026-04-03_20-07-03,1428,-93.81272291910535,200,0,0.01566719731860802,60.8276253029822,50,200,2026-04-04T03:54:39.897325
2026-04-03_20-07-03,1429,-92.95312138530126,200,0,0.016548560675416515,57.42821606144492,50,200,2026-04-04T03:54:45.482381
2026-04-03_20-07-03,1430,-90.92145322529302,200,0,0.015762912443755845,60.440052945046304,50,200,2026-04-04T03:54:50.222752
2026-04-03_20-07-03,1431,-95.06322940156174,200,0,0.015498504677194942,61.5223536610881,50,200,2026-04-04T03:54:53.527483
2026-04-03_20-07-03,1432,-83.10287104459722,200,0,0.01666423056308451,57.0087712549569,50,200,2026-04-04T03:54:59.092101
2026-04-03_20-07-03,1433,-83.35655950207438,200,0,0.016782404448224375,56.586217403180434,50,200,2026-04-04T03:55:03.583698
2026-04-03_20-07-03,1434,-87.39372900524066,200,0,0.01591941320116355,59.81638571495272,50,200,2026-04-04T03:55:09.680674
2026-04-03_20-07-03,1435,-164.17999295208506,200,0,0.015006090152632831,63.63961030678928,50,200,2026-04-04T03:55:13.113434
2026-04-03_20-07-03,1436,-1068.3249948996968,53,0,0.016023862731021247,60.876925020897694,50,200,2026-04-04T03:55:15.729037
2026-04-03_20-07-03,1437,-98.21984476528571,200,0,0.015144232602744119,63.0317380372777,50,200,2026-04-04T03:55:18.935631
2026-04-03_20-07-03,1438,-87.31382168609692,200,0,0.016182209508224014,58.7962583843564,50,200,2026-04-04T03:55:24.192345
2026-04-03_20-07-03,1439,-88.17643870755293,200,0,0.01600915083336377,59.464274989274024,50,200,2026-04-04T03:55:29.920602
2026-04-03_20-07-03,1440,-87.5739110095544,200,0,0.016379559980601005,58.05170109479997,50,200,2026-04-04T03:55:34.105382
2026-04-03_20-07-03,1441,-88.30143788945823,200,0,0.015795905494282912,60.30754513325841,50,200,2026-04-04T03:56:28.149170
2026-04-03_20-07-03,1442,-84.2116995806419,200,0,0.016446994017549132,57.8013840664737,50,200,2026-04-04T03:56:33.049762
2026-04-03_20-07-03,1443,-102.84273641958788,200,0,0.018065358876586272,52.354560450833695,50,200,2026-04-04T03:56:40.067655
2026-04-03_20-07-03,1444,-92.0221991251043,200,0,0.015607021214299889,61.07372593840988,50,200,2026-04-04T03:56:44.783093
2026-04-03_20-07-03,1445,-91.67161555968639,200,0,0.015607021214299889,61.07372593840988,50,200,2026-04-04T03:56:49.867709
2026-04-03_20-07-03,1446,-1047.0201305282174,1,0,0.015299736641906082,64.35060217278468,50,200,2026-04-04T03:56:51.591493
2026-04-03_20-07-03,1447,-72.92861925992807,200,0,0.01714758005367333,55.31726674375732,50,200,2026-04-04T03:57:00.108007
2026-04-03_20-07-03,1448,-78.42510851663316,200,0,0.01954408408272141,48.16637831516918,50,200,2026-04-04T03:57:07.997058
2026-04-03_20-07-03,1449,-193.12483819275556,200,0,0.014395109419717729,66.46803743153546,50,200,2026-04-04T03:57:11.245214
2026-04-03_20-07-03,1450,-1095.2317914742534,132,0,0.01726347802132385,55.60575509783138,50,200,2026-04-04T03:57:15.936160
2026-04-03_20-07-03,1451,-73.8438253790519,200,0,0.01777647959772812,53.25410782277739,50,200,2026-04-04T03:57:22.543021
2026-04-03_20-07-03,1452,-68.90365496068046,200,0,0.017405890920246254,54.45181356024793,50,200,2026-04-04T03:57:33.261063
2026-04-03_20-07-03,1453,-79.2090583511428,200,0,0.016579645764233333,57.3149195236284,50,200,2026-04-04T03:57:40.691587
2026-04-03_20-07-03,1454,-99.7850338947541,200,0,0.014840830370231983,64.38167441127949,50,200,2026-04-04T03:57:44.491195
2026-04-03_20-07-03,1455,-72.83050214600834,200,0,0.018049795406026893,52.40229002629561,50,200,2026-04-04T03:57:50.105023
2026-04-03_20-07-03,1456,-86.8358378268657,200,0,0.01563501554262549,60.959002616512684,50,200,2026-04-04T03:57:58.258256
2026-04-03_20-07-03,1457,-60.54940032917247,200,0,0.0195084974345063,48.25971404805462,50,200,2026-04-04T03:58:50.412476
2026-04-03_20-07-03,1458,-103.52019148382784,200,0,0.014542338320164393,65.76473218982953,50,200,2026-04-04T03:58:54.161755
2026-04-03_20-07-03,1459,-83.15231242319466,200,0,0.016579645764233333,57.3149195236284,50,200,2026-04-04T03:58:58.955069
2026-04-03_20-07-03,1460,-101.07085687131415,200,0,0.014690933476920654,65.06919393998976,50,200,2026-04-04T03:59:02.560130
2026-04-03_20-07-03,1461,-145.23907050620977,200,0,0.015158808383651329,62.96824596572466,50,200,2026-04-04T03:59:07.468540
2026-04-03_20-07-03,1462,-88.89074025438396,200,0,0.016022096878742342,59.413803110051795,50,200,2026-04-04T03:59:11.671843
2026-04-03_20-07-03,1463,-82.91806089937124,200,0,0.016589246322273456,57.28001396647874,50,200,2026-04-04T03:59:19.874706
2026-04-03_20-07-03,1464,-96.55478293845533,200,0,0.015297568801352924,62.369864518050704,50,200,2026-04-04T03:59:23.521037
2026-04-03_20-07-03,1465,-102.1063266028818,200,0,0.014690933476920654,65.06919393998976,50,200,2026-04-04T03:59:26.737639
2026-04-03_20-07-03,1466,-94.58735715052512,200,0,0.015158808383651329,62.96824596572466,50,200,2026-04-04T03:59:32.246571
2026-04-03_20-07-03,1467,-89.18331100190368,200,0,0.015837444516357976,60.14149981501958,50,200,2026-04-04T03:59:37.285994
2026-04-03_20-07-03,1468,-98.622314259591,200,0,0.015006090152632831,63.63961030678928,50,200,2026-04-04T03:59:41.323443
2026-04-03_20-07-03,1469,-87.31696710265543,200,0,0.01615555413020488,58.89821729050889,50,200,2026-04-04T03:59:46.935860
2026-04-03_20-07-03,1470,-95.85690353725461,200,0,0.015158808383651329,62.96824596572466,50,200,2026-04-04T03:59:52.018465
2026-04-03_20-07-03,1471,-90.4094247202719,200,0,0.01584579237197416,60.108235708594876,50,200,2026-04-04T03:59:56.831916
2026-04-03_20-07-03,1472,-84.63639718059676,200,0,0.016774943497769916,56.61271941887264,50,200,2026-04-04T04:00:01.683076
2026-04-03_20-07-03,1473,-80.29579990686231,200,0,0.016742729328367508,56.72741841473134,50,200,2026-04-04T04:00:58.370195
2026-04-03_20-07-03,1474,-105.67843385371219,200,0,0.014395109419717729,66.46803743153546,50,200,2026-04-04T04:01:00.440278
2026-04-03_20-07-03,1475,-99.74637673114026,200,0,0.014991956837375139,63.702433234531945,50,200,2026-04-04T04:01:03.619817
2026-04-03_20-07-03,1476,-62.32749726424797,200,0,0.01852188156539091,50.99019513592785,50,200,2026-04-04T04:01:12.703545
2026-04-03_20-07-03,1477,-72.2023604922142,200,0,0.017854135352657726,53.009433122794285,50,200,2026-04-04T04:01:21.232278
2026-04-03_20-07-03,1478,-92.13411276058223,200,0,0.01563501554262549,60.959002616512684,50,200,2026-04-04T04:01:25.618204
2026-04-03_20-07-03,1479,-80.30541785419597,200,0,0.017174220679360835,55.226805085936306,50,200,2026-04-04T04:01:30.661502
2026-04-03_20-07-03,1480,-58.065357249298785,200,0,0.020133263051319565,46.66904755831214,50,200,2026-04-04T04:01:39.225976
2026-04-03_20-07-03,1481,-1140.1560024267394,44,0,0.016536062482566893,59.033888572581766,50,200,2026-04-04T04:01:42.315222
2026-04-03_20-07-03,1482,-79.21961388647206,200,0,0.016767492664590555,56.639209034025185,50,200,2026-04-04T04:01:49.224804
2026-04-03_20-07-03,1483,-321.84143188964674,200,0,0.014847677195736854,64.35060217278468,50,200,2026-04-04T04:01:51.967664
2026-04-03_20-07-03,1484,-1125.4787828682702,135,0,0.01635423043735803,58.7962583843564,50,200,2026-04-04T04:01:56.462836
2026-04-03_20-07-03,1485,-60.54864228109919,200,0,0.019504555598702577,48.27007354458868,50,200,2026-04-04T04:02:05.338093
2026-04-03_20-07-03,1486,-106.1162954008047,200,0,0.014395109419717729,66.46803743153546,50,200,2026-04-04T04:02:08.467023
2026-04-03_20-07-03,1487,-94.49353245641056,200,0,0.015498504677194942,61.5223536610881,50,200,2026-04-04T04:02:12.729582
2026-04-03_20-07-03,1488,-1146.1744564539988,107,0,0.018357957771139532,52.40229002629561,50,200,2026-04-04T04:02:17.843165
2026-04-03_20-07-03,1489,-101.6426246296882,200,0,0.014690933476920654,65.06919393998976,50,200,2026-04-04T04:03:05.918713
2026-04-03_20-07-03,1490,-95.39244696819406,200,0,0.014847677195736854,64.35060217278468,50,200,2026-04-04T04:03:11.774925
2026-04-03_20-07-03,1491,-92.09741781666138,200,0,0.015475132526931253,61.61980201201558,50,200,2026-04-04T04:03:17.457278
2026-04-03_20-07-03,1492,-1104.4219192498103,29,0,0.015234473281761134,64.35060217278468,50,200,2026-04-04T04:03:19.452077
2026-04-03_20-07-03,1493,-97.46965968150288,200,0,0.015166112325465147,62.93647591023825,50,200,2026-04-04T04:03:23.365778
2026-04-03_20-07-03,1494,-102.42553807491915,200,0,0.014694251449008376,65.05382386916237,50,200,2026-04-04T04:03:26.554783
2026-04-03_20-07-03,1495,-63.786830519291904,200,0,0.019140848099743594,49.24428900898052,50,200,2026-04-04T04:03:34.858287
2026-04-03_20-07-03,1496,-96.26289806861472,200,0,0.01817864039161104,52.009614495783374,50,200,2026-04-04T04:03:44.325607
2026-04-03_20-07-03,1497,-97.10327220066718,200,0,0.015158808383651329,62.96824596572466,50,200,2026-04-04T04:03:47.974327
2026-04-03_20-07-03,1498,-97.43565201120067,200,0,0.014840830370231983,64.38167441127949,50,200,2026-04-04T04:03:53.542611
2026-04-03_20-07-03,1499,-93.35895927564953,200,0,0.015166112325465147,62.93647591023825,50,200,2026-04-04T04:04:00.356681
2026-04-03_20-07-03,1500,-59.791325413229835,200,0,0.01974956701560098,47.634021455258214,50,200,2026-04-04T04:04:09.934174
2026-04-03_20-07-03,1501,-100.25834758610164,200,0,0.014694251449008376,65.05382386916237,50,200,2026-04-04T04:04:14.731285
2026-04-03_20-07-03,1502,-1132.6320153742677,186,0,0.01615668401295096,59.033888572581766,50,200,2026-04-04T04:04:18.337678
2026-04-03_20-07-03,1503,-86.68939807971886,200,0,0.016182209508224014,58.7962583843564,50,200,2026-04-04T04:04:23.284187
2026-04-03_20-07-03,1504,-84.20624537332725,200,0,0.016589246322273456,57.28001396647874,50,200,2026-04-04T04:04:28.906672
2026-04-03_20-07-03,1505,-114.91765513528104,200,0,0.014542338320164393,65.76473218982953,50,200,2026-04-04T04:05:19.748317
2026-04-03_20-07-03,1506,-82.87535237294115,200,0,0.016767492664590555,56.639209034025185,50,200,2026-04-04T04:05:26.507864
2026-04-03_20-07-03,1507,-99.8632619400802,200,0,0.015006090152632831,63.63961030678928,50,200,2026-04-04T04:05:29.458861
2026-04-03_20-07-03,1508,-88.00043888205462,200,0,0.015607021214299889,61.07372593840988,50,200,2026-04-04T04:05:35.763440
2026-04-03_20-07-03,1509,-55.94944144067018,200,0,0.02040363770460596,46.010868281309364,50,200,2026-04-04T04:05:44.064696
2026-04-03_20-07-03,1510,-97.27038388647189,200,0,0.015158808383651329,62.96824596572466,50,200,2026-04-04T04:05:47.839572
2026-04-03_20-07-03,1511,-90.24243473395298,200,0,0.015957683908956685,59.665735560705194,50,200,2026-04-04T04:05:52.942482
2026-04-03_20-07-03,1512,-1205.8453038746989,104,0,0.015055326576202413,64.38167441127949,50,200,2026-04-04T04:05:55.142900
2026-04-03_20-07-03,1513,-103.94430458430284,200,0,0.014395109419717729,66.46803743153546,50,200,2026-04-04T04:05:59.629521
2026-04-03_20-07-03,1514,-96.83386450069086,200,0,0.015166112325465147,62.93647591023825,50,200,2026-04-04T04:06:04.426532
2026-04-03_20-07-03,1515,-129.03987940421067,200,0,0.01584579237197416,60.108235708594876,50,200,2026-04-04T04:06:08.260930
2026-04-03_20-07-03,1516,-57.35334647832997,200,0,0.020242738354701827,46.400431032480725,50,200,2026-04-04T04:06:15.697190
2026-04-03_20-07-03,1517,-73.13111248575602,200,0,0.0173395126615257,54.67174773134658,50,200,2026-04-04T04:06:24.637026
2026-04-03_20-07-03,1518,-86.12834382048437,200,0,0.016324386013151563,58.25804665451803,50,200,2026-04-04T04:06:29.930973
2026-04-03_20-07-03,1519,-86.8304639594176,200,0,0.015987644818727064,59.54829972383762,50,200,2026-04-04T04:06:35.969203
2026-04-03_20-07-03,1520,-1101.5687006167248,159,0,0.01885440875516238,50.44799302251776,50,200,2026-04-04T04:06:41.384828
2026-04-03_20-07-03,1521,-114.40506653023066,200,0,0.017481502537204034,54.20332093147061,50,200,2026-04-04T04:07:37.340165
2026-04-03_20-07-03,1522,-87.39717801093772,200,0,0.01607638457164266,59.20304046246274,50,200,2026-04-04T04:07:42.757609
2026-04-03_20-07-03,1523,-103.32163398301665,200,0,0.018993797373463208,49.64876634922564,50,200,2026-04-04T04:07:56.049585
2026-04-03_20-07-03,1524,-1095.2835010888539,154,0,0.019000599207381074,50.08991914547278,50,200,2026-04-04T04:08:02.318468
2026-04-03_20-07-03,1525,-54.99551930350359,200,0,0.02060106060384639,45.5411901469428,50,200,2026-04-04T04:08:10.037552
2026-04-03_20-07-03,1526,-72.05239549395175,200,0,0.01826826584749105,51.73973328110612,50,200,2026-04-04T04:08:16.238170
2026-04-03_20-07-03,1527,-293.7216316413192,200,0,0.015607021214299889,61.07372593840988,50,200,2026-04-04T04:08:20.434575
2026-04-03_20-07-03,1528,-71.53126696978198,200,0,0.017405890920246254,54.45181356024793,50,200,2026-04-04T04:08:28.038792
2026-04-03_20-07-03,1529,-85.60481721049241,200,0,0.015987644818727064,59.54829972383762,50,200,2026-04-04T04:08:34.180064
2026-04-03_20-07-03,1530,-53.42789368316249,200,0,0.020713829343795728,45.27692569068709,50,200,2026-04-04T04:08:43.551484
2026-04-03_20-07-03,1531,-79.59157155014792,200,0,0.021230451519834655,44.10215414239989,50,200,2026-04-04T04:08:52.595820
2026-04-03_20-07-03,1532,-1155.113491196965,136,0,0.01887992086011029,50.60632371551998,50,200,2026-04-04T04:09:00.739720
2026-04-03_20-07-03,1533,-1139.8673904479242,97,0,0.017896346117488502,53.907327887774215,50,200,2026-04-04T04:09:05.499971
2026-04-03_20-07-03,1534,-75.35387896353988,200,0,0.017241379310344827,55.0,50,200,2026-04-04T04:09:11.998878
2026-04-03_20-07-03,1535,-75.05621762110482,200,0,0.01719026586376767,55.17245689653489,50,200,2026-04-04T04:09:19.169277
2026-04-03_20-07-03,1536,-74.44727246511636,200,0,0.017481502537204034,54.20332093147061,50,200,2026-04-04T04:09:25.949613
2026-04-03_20-07-03,1537,-57.18935801619412,200,0,0.01974956701560098,47.634021455258214,50,200,2026-04-04T04:10:20.391536
2026-04-03_20-07-03,1538,-102.32230066152108,200,0,0.014694251449008376,65.05382386916237,50,200,2026-04-04T04:10:24.190570
2026-04-03_20-07-03,1539,-87.55116415193694,200,0,0.01620899952366611,58.69412236331676,50,200,2026-04-04T04:10:29.206151
2026-04-03_20-07-03,1540,-103.62086735565808,200,0,0.014395109419717729,66.46803743153546,50,200,2026-04-04T04:10:33.651589
2026-04-03_20-07-03,1541,-211.3484292369805,200,0,0.014847677195736854,64.35060217278468,50,200,2026-04-04T04:10:37.615544
2026-04-03_20-07-03,1542,-104.1798366020438,200,0,0.014542338320164393,65.76473218982953,50,200,2026-04-04T04:10:41.411956
2026-04-03_20-07-03,1543,-121.19151225812331,200,0,0.014395109419717729,66.46803743153546,50,200,2026-04-04T04:10:43.750426
2026-04-03_20-07-03,1544,-97.58911974783025,200,0,0.015166112325465147,62.93647591023825,50,200,2026-04-04T04:10:47.493048
2026-04-03_20-07-03,1545,-98.52642079997001,200,0,0.015002553017897154,63.655321851358195,50,200,2026-04-04T04:10:51.557393
2026-04-03_20-07-03,1546,-95.8284080201893,200,0,0.015158808383651329,62.96824596572466,50,200,2026-04-04T04:10:55.768242
2026-04-03_20-07-03,1547,-86.93742477578719,200,0,0.016379559980601005,58.05170109479997,50,200,2026-04-04T04:11:00.357784
2026-04-03_20-07-03,1548,-97.10318217922517,200,0,0.015144232602744119,63.0317380372777,50,200,2026-04-04T04:11:03.946989
2026-04-03_20-07-03,1549,-96.53767496562314,200,0,0.015158808383651329,62.96824596572466,50,200,2026-04-04T04:11:08.115718
2026-04-03_20-07-03,1550,-107.35242645206402,200,0,0.014542338320164393,65.76473218982953,50,200,2026-04-04T04:11:11.228145
2026-04-03_20-07-03,1551,-90.51791279498508,200,0,0.015987644818727064,59.54829972383762,50,200,2026-04-04T04:11:15.116991
2026-04-03_20-07-03,1552,-92.32411271750509,200,0,0.015327675363100063,62.24146527838174,50,200,2026-04-04T04:11:20.807929
2026-04-03_20-07-03,1553,-90.49109561259971,200,0,0.015490702006891422,61.554853586049575,50,200,2026-04-04T04:12:16.400515
2026-04-03_20-07-03,1554,-218.19826602957718,200,0,0.014542338320164393,65.76473218982953,50,200,2026-04-04T04:12:21.152503
2026-04-03_20-07-03,1555,-164.94901351619015,200,0,0.016446994017549132,57.8013840664737,50,200,2026-04-04T04:12:27.146794
2026-04-03_20-07-03,1556,-88.70913248692908,200,0,0.016200054488402352,58.728187440104094,50,200,2026-04-04T04:12:30.939979
2026-04-03_20-07-03,1557,-99.84532169091126,200,0,0.015297568801352924,62.369864518050704,50,200,2026-04-04T04:12:35.922569
2026-04-03_20-07-03,1558,-74.84621290689208,200,0,0.017063170644771773,55.60575509783138,50,200,2026-04-04T04:12:42.883282
2026-04-03_20-07-03,1559,-100.12114156857929,200,0,0.014840830370231983,64.38167441127949,50,200,2026-04-04T04:12:47.991882
2026-04-03_20-07-03,1560,-101.76151477633952,200,0,0.014690933476920654,65.06919393998976,50,200,2026-04-04T04:12:51.843459
2026-04-03_20-07-03,1561,-60.75398019121154,200,0,0.019081610735255966,49.4064773081425,50,200,2026-04-04T04:13:00.940789
2026-04-03_20-07-03,1562,-103.47047651339459,200,0,0.014395109419717729,66.46803743153546,50,200,2026-04-04T04:13:06.311285
2026-04-03_20-07-03,1563,-64.37823839705439,200,0,0.018867924528301886,50.0,50,200,2026-04-04T04:13:13.830690
2026-04-03_20-07-03,1564,-75.271794212328,200,0,0.017347767675262683,54.644304369257,50,200,2026-04-04T04:13:21.469140
2026-04-03_20-07-03,1565,-92.41525026082786,200,0,0.015327675363100063,62.24146527838174,50,200,2026-04-04T04:13:27.069275
2026-04-03_20-07-03,1566,-86.05820016098588,200,0,0.01639344262295082,58.0,50,200,2026-04-04T04:13:35.234921
2026-04-03_20-07-03,1567,-103.58021430509545,200,0,0.018294122335472916,51.66236541235796,50,200,2026-04-04T04:13:43.810045
2026-04-03_20-07-03,1568,-1079.5209356394319,146,0,0.02099189738290468,45.17742799230607,50,200,2026-04-04T04:13:53.557244
2026-04-03_20-07-03,1569,-94.32042292554164,200,0,0.015451867499167868,61.71709649683789,50,200,2026-04-04T04:14:46.884684
2026-04-03_20-07-03,1570,-113.71588809715918,200,0,0.014840830370231983,64.38167441127949,50,200,2026-04-04T04:14:50.747981
2026-04-03_20-07-03,1571,-101.08555443358921,200,0,0.014690933476920654,65.06919393998976,50,200,2026-04-04T04:14:54.680685
2026-04-03_20-07-03,1572,-92.20578485072505,200,0,0.01566719731860802,60.8276253029822,50,200,2026-04-04T04:14:59.315794
2026-04-03_20-07-03,1573,-92.33409764117557,200,0,0.015795905494282912,60.30754513325841,50,200,2026-04-04T04:15:03.118884
2026-04-03_20-07-03,1574,-99.3434035576836,200,0,0.014847677195736854,64.35060217278468,50,200,2026-04-04T04:15:07.062529
2026-04-03_20-07-03,1575,-102.82590969006736,200,0,0.014991956837375139,63.702433234531945,50,200,2026-04-04T04:15:12.145376
2026-04-03_20-07-03,1576,-100.83598180019011,200,0,0.014847677195736854,64.35060217278468,50,200,2026-04-04T04:15:15.447980
2026-04-03_20-07-03,1577,-96.8888058016403,200,0,0.01531636424944194,62.289646009589745,50,200,2026-04-04T04:15:18.617070
2026-04-03_20-07-03,1578,-103.61547316599888,200,0,0.014542338320164393,65.76473218982953,50,200,2026-04-04T04:15:22.081042
2026-04-03_20-07-03,1579,-85.75477633578974,200,0,0.016283375687934448,58.412327466040935,50,200,2026-04-04T04:15:27.601515
2026-04-03_20-07-03,1580,-99.34036007518398,200,0,0.014690933476920654,65.06919393998976,50,200,2026-04-04T04:15:33.434954
2026-04-03_20-07-03,1581,-98.24421201507566,200,0,0.015158808383651329,62.96824596572466,50,200,2026-04-04T04:15:36.528449
2026-04-03_20-07-03,1582,-120.15279133612968,200,0,0.014395109419717729,66.46803743153546,50,200,2026-04-04T04:15:39.642783
2026-04-03_20-07-03,1583,-121.88765543893174,200,0,0.015144232602744119,63.0317380372777,50,200,2026-04-04T04:15:44.888925
2026-04-03_20-07-03,1584,-98.44876363977855,200,0,0.014991956837375139,63.702433234531945,50,200,2026-04-04T04:15:48.932622
2026-04-03_20-07-03,1585,-82.37155634721113,200,0,0.01639112635551034,58.008620049092706,50,200,2026-04-04T04:16:45.905655
2026-04-03_20-07-03,1586,-99.56097326569649,200,0,0.014991956837375139,63.702433234531945,50,200,2026-04-04T04:16:49.809288
2026-04-03_20-07-03,1587,-1127.9549095009277,84,0,0.01577415110901141,61.554853586049575,50,200,2026-04-04T04:16:52.611773
2026-04-03_20-07-03,1588,-78.68181307050713,200,0,0.01639112635551034,58.008620049092706,50,200,2026-04-04T04:16:59.220351
2026-04-03_20-07-03,1589,-74.80684939208865,200,0,0.017328524620093738,54.70831746635972,50,200,2026-04-04T04:17:04.139685
2026-04-03_20-07-03,1590,-94.41553090020318,200,0,0.015158808383651329,62.96824596572466,50,200,2026-04-04T04:17:09.694772
2026-04-03_20-07-03,1591,-81.20583193754423,200,0,0.017174220679360835,55.226805085936306,50,200,2026-04-04T04:17:14.718967
2026-04-03_20-07-03,1592,-79.98193870244565,200,0,0.01717689170036648,55.21775076911409,50,200,2026-04-04T04:17:20.260807
2026-04-03_20-07-03,1593,-1169.12463605646,17,0,0.016129650048901118,60.8276253029822,50,200,2026-04-04T04:17:22.883939
2026-04-03_20-07-03,1594,-177.92353133581275,200,0,0.01584579237197416,60.108235708594876,50,200,2026-04-04T04:17:27.130729
2026-04-03_20-07-03,1595,-93.4992795564672,200,0,0.015655105496591208,60.876925020897694,50,200,2026-04-04T04:17:30.691501
2026-04-03_20-07-03,1596,-88.16990787780863,200,0,0.01615555413020488,58.89821729050889,50,200,2026-04-04T04:17:35.108023
2026-04-03_20-07-03,1597,-91.6871248051659,200,0,0.015762912443755845,60.440052945046304,50,200,2026-04-04T04:17:38.800412
2026-04-03_20-07-03,1598,-100.38314052287375,200,0,0.014847677195736854,64.35060217278468,50,200,2026-04-04T04:17:42.513200
2026-04-03_20-07-03,1599,-76.21375066501714,200,0,0.017174220679360835,55.226805085936306,50,200,2026-04-04T04:17:47.990308
2026-04-03_20-07-03,1600,-205.97856598530387,200,0,0.01591941320116355,59.81638571495272,50,200,2026-04-04T04:17:52.389711
2026-04-03_20-07-03,1601,-60.47815217634541,200,0,0.01931816857785835,48.76474136094644,50,200,2026-04-04T04:18:44.256706
2026-04-03_20-07-03,1602,-79.98413883165865,200,0,0.016548560675416515,57.42821606144492,50,200,2026-04-04T04:18:50.232003
2026-04-03_20-07-03,1603,-70.5471844018117,200,0,0.018068476496964338,52.3450093132096,50,200,2026-04-04T04:18:56.339913
2026-04-03_20-07-03,1604,-74.39102161974505,200,0,0.017589639595760997,53.85164807134504,50,200,2026-04-04T04:19:02.363485
2026-04-03_20-07-03,1605,-132.1787419380423,200,0,0.015490702006891422,61.554853586049575,50,200,2026-04-04T04:19:08.549665
2026-04-03_20-07-03,1606,-89.75341537314132,200,0,0.015762912443755845,60.440052945046304,50,200,2026-04-04T04:19:13.731792
2026-04-03_20-07-03,1607,-94.64461135396014,200,0,0.015297568801352924,62.369864518050704,50,200,2026-04-04T04:19:17.334028
2026-04-03_20-07-03,1608,-80.20318671924815,200,0,0.01666423056308451,57.0087712549569,50,200,2026-04-04T04:19:23.587030
2026-04-03_20-07-03,1609,-79.63410996153509,200,0,0.016834916333169702,56.4003546088143,50,200,2026-04-04T04:19:30.818061
2026-04-03_20-07-03,1610,-81.98114314471503,200,0,0.016446994017549132,57.8013840664737,50,200,2026-04-04T04:19:35.272372
2026-04-03_20-07-03,1611,-84.64205894791563,200,0,0.016548560675416515,57.42821606144492,50,200,2026-04-04T04:19:39.808951
2026-04-03_20-07-03,1612,-89.72581677459932,200,0,0.015655105496591208,60.876925020897694,50,200,2026-04-04T04:19:44.359948
2026-04-03_20-07-03,1613,-1059.7481046100509,16,0,0.01526470474752305,64.35060217278468,50,200,2026-04-04T04:19:46.108838
2026-04-03_20-07-03,1614,-71.70169574181334,200,0,0.018024978890203172,52.478567053607705,50,200,2026-04-04T04:19:52.305499
2026-04-03_20-07-03,1615,-72.86069903159483,200,0,0.017632891518770216,53.71219600798314,50,200,2026-04-04T04:19:58.650521
2026-04-03_20-07-03,1616,-53.16895628765422,200,0,0.01946135575197761,48.38388161361178,50,200,2026-04-04T04:20:06.961535
2026-04-03_20-07-03,1617,-1083.9663260674247,150,0,0.019847066612113926,47.885279575251516,50,200,2026-04-04T04:21:01.062621
2026-04-03_20-07-03,1618,-181.9326319688735,200,0,0.014395109419717729,66.46803743153546,50,200,2026-04-04T04:21:03.651346
2026-04-03_20-07-03,1619,-67.22196358453662,200,0,0.017929790780920406,52.773099207835045,50,200,2026-04-04T04:21:11.880373
2026-04-03_20-07-03,1620,-78.23622962023961,200,0,0.01700586979491621,55.80322571321482,50,200,2026-04-04T04:21:17.699988
2026-04-03_20-07-03,1621,-103.36787740381533,200,0,0.01908529664373257,49.39635614091387,50,200,2026-04-04T04:21:24.834886
2026-04-03_20-07-03,1622,-68.6007530566183,200,0,0.018355982849274897,51.478150704935004,50,200,2026-04-04T04:21:31.269612
2026-04-03_20-07-03,1623,-127.50627036888721,200,0,0.019215692546309227,49.040799340956916,50,200,2026-04-04T04:21:39.276850
2026-04-03_20-07-03,1624,-40.91646242722162,200,0,0.02200221447494827,42.44997055358225,50,200,2026-04-04T04:21:47.604313
2026-04-03_20-07-03,1625,-204.52173851250436,200,0,0.014690933476920654,65.06919393998976,50,200,2026-04-04T04:21:51.229810
2026-04-03_20-07-03,1626,-125.74431394735737,200,0,0.01881122649219697,50.15974481593781,50,200,2026-04-04T04:21:59.592855
2026-04-03_20-07-03,1627,-52.0489593803402,200,0,0.019414561152960585,48.507731342539614,50,200,2026-04-04T04:22:08.712567
2026-04-03_20-07-03,1628,-75.19250413158379,200,0,0.01701884110896858,55.758407437802596,50,200,2026-04-04T04:22:14.139873
2026-04-03_20-07-03,1629,-77.14833106575605,200,0,0.016610909771468087,57.201398584300364,50,200,2026-04-04T04:22:21.399376
2026-04-03_20-07-03,1630,-49.33209686993934,200,0,0.020954977172273126,44.721359549995796,50,200,2026-04-04T04:22:29.069729
2026-04-03_20-07-03,1631,-61.963384565410664,200,0,0.01852188156539091,50.99019513592785,50,200,2026-04-04T04:22:35.242991
2026-04-03_20-07-03,1632,-156.01126355695106,200,0,0.014542338320164393,65.76473218982953,50,200,2026-04-04T04:22:37.877611
2026-04-03_20-07-03,1633,-94.37875287148879,200,0,0.01639112635551034,58.008620049092706,50,200,2026-04-04T04:23:32.550037
2026-04-03_20-07-03,1634,-1202.655572972953,148,0,0.01756487168534958,54.45181356024793,50,200,2026-04-04T04:23:37.328937
2026-04-03_20-07-03,1635,-69.3160883402344,200,0,0.01831033958653701,51.61395160225576,50,200,2026-04-04T04:23:42.809190
2026-04-03_20-07-03,1636,-84.14304523164141,200,0,0.016834916333169702,56.4003546088143,50,200,2026-04-04T04:23:46.948702
2026-04-03_20-07-03,1637,-86.4596778762172,200,0,0.016233676290783778,58.60034129593445,50,200,2026-04-04T04:23:51.897026
2026-04-03_20-07-03,1638,-82.30547102283923,200,0,0.016774943497769916,56.61271941887264,50,200,2026-04-04T04:23:57.473298
2026-04-03_20-07-03,1639,-1120.1178178544897,158,0,0.01626592383566694,58.89821729050889,50,200,2026-04-04T04:24:01.284621
2026-04-03_20-07-03,1640,-65.2554782285114,200,0,0.018668283955683724,50.566787519082126,50,200,2026-04-04T04:24:08.946578
2026-04-03_20-07-03,1641,-87.73736982118633,200,0,0.015957683908956685,59.665735560705194,50,200,2026-04-04T04:24:13.854978
2026-04-03_20-07-03,1642,-106.38526946294263,200,0,0.014395109419717729,66.46803743153546,50,200,2026-04-04T04:24:15.843747
2026-04-03_20-07-03,1643,-1257.6293578491072,95,0,0.018001679261545986,53.600373133029585,50,200,2026-04-04T04:24:20.668008
2026-04-03_20-07-03,1644,-85.43560236356824,200,0,0.01639344262295082,58.0,50,200,2026-04-04T04:24:25.563746
2026-04-03_20-07-03,1645,-63.577933165894194,200,0,0.01849168121403405,51.07837115648854,50,200,2026-04-04T04:24:32.950804
2026-04-03_20-07-03,1646,-71.78728577822527,200,0,0.017954208274935542,52.69724850502159,50,200,2026-04-04T04:24:38.489258
2026-04-03_20-07-03,1647,-1177.1756983992623,123,0,0.0167940440259254,57.3149195236284,50,200,2026-04-04T04:24:42.442801
2026-04-03_20-07-03,1648,-90.8468031741731,200,0,0.015957683908956685,59.665735560705194,50,200,2026-04-04T04:24:46.547141
2026-04-03_20-07-03,1649,-104.44410373188877,200,0,0.015451867499167868,61.71709649683789,50,200,2026-04-04T04:25:37.380210
2026-04-03_20-07-03,1650,-101.7278642644935,200,0,0.014690933476920654,65.06919393998976,50,200,2026-04-04T04:25:41.508164
2026-04-03_20-07-03,1651,-102.51541427052393,200,0,0.014690933476920654,65.06919393998976,50,200,2026-04-04T04:25:44.567777
2026-04-03_20-07-03,1652,-71.78398185075345,200,0,0.017908508535570113,52.839379254491625,50,200,2026-04-04T04:25:51.560309
2026-04-03_20-07-03,1653,-100.69020234501133,200,0,0.014847677195736854,64.35060217278468,50,200,2026-04-04T04:25:54.814669
2026-04-03_20-07-03,1654,-80.33407968534064,200,0,0.01692611593470657,56.08029957123981,50,200,2026-04-04T04:25:59.759559
2026-04-03_20-07-03,1655,-102.06864333287669,200,0,0.014690933476920654,65.06919393998976,50,200,2026-04-04T04:26:03.306813
2026-04-03_20-07-03,1656,-229.94345904934175,200,0,0.015607021214299889,61.07372593840988,50,200,2026-04-04T04:26:07.435613
2026-04-03_20-07-03,1657,-96.13171682105532,200,0,0.015795905494282912,60.30754513325841,50,200,2026-04-04T04:26:11.644498
2026-04-03_20-07-03,1658,-96.86152768782159,200,0,0.015327675363100063,62.24146527838174,50,200,2026-04-04T04:26:14.893577
2026-04-03_20-07-03,1659,-83.35325741168874,200,0,0.016834916333169702,56.4003546088143,50,200,2026-04-04T04:26:18.975683
2026-04-03_20-07-03,1660,-95.9715990838367,200,0,0.01566719731860802,60.8276253029822,50,200,2026-04-04T04:26:22.871145
2026-04-03_20-07-03,1661,-71.22241952961069,200,0,0.01841187745528582,51.31276644267,50,200,2026-04-04T04:26:28.904532
2026-04-03_20-07-03,1662,-98.44201984154573,200,0,0.014847677195736854,64.35060217278468,50,200,2026-04-04T04:26:33.656317
2026-04-03_20-07-03,1663,-101.85852912674126,200,0,0.014690933476920654,65.06919393998976,50,200,2026-04-04T04:26:37.133119
2026-04-03_20-07-03,1664,-162.395153913036,200,0,0.01531636424944194,62.289646009589745,50,200,2026-04-04T04:26:41.056672
2026-04-03_20-07-03,1665,-78.9650068003821,200,0,0.01692611593470657,56.08029957123981,50,200,2026-04-04T04:27:37.009304
2026-04-03_20-07-03,1666,-103.81729643718096,200,0,0.014542338320164393,65.76473218982953,50,200,2026-04-04T04:27:40.038104
2026-04-03_20-07-03,1667,-76.01162753679802,200,0,0.017481502537204034,54.20332093147061,50,200,2026-04-04T04:27:45.566083
2026-04-03_20-07-03,1668,-98.98579155588449,200,0,0.014840830370231983,64.38167441127949,50,200,2026-04-04T04:27:49.954069
2026-04-03_20-07-03,1669,-157.9521180715477,200,0,0.01719026586376767,55.17245689653489,50,200,2026-04-04T04:27:57.415875
2026-04-03_20-07-03,1670,-87.88297345874794,200,0,0.015607021214299889,61.07372593840988,50,200,2026-04-04T04:28:05.802405
2026-04-03_20-07-03,1671,-98.74456700810033,200,0,0.015002553017897154,63.655321851358195,50,200,2026-04-04T04:28:09.535195
2026-04-03_20-07-03,1672,-1421.624901209145,128,0,0.01825563101083944,52.49761899362675,50,200,2026-04-04T04:28:14.484772
2026-04-03_20-07-03,1673,-79.54611214995107,200,0,0.01717689170036648,55.21775076911409,50,200,2026-04-04T04:28:20.555666
2026-04-03_20-07-03,1674,-1096.0880648635843,166,0,0.018946622239204774,50.11985634456667,50,200,2026-04-04T04:28:27.856133
2026-04-03_20-07-03,1675,-74.4652989113807,200,0,0.01780920776408851,53.150729063673246,50,200,2026-04-04T04:28:33.866498
2026-04-03_20-07-03,1676,-56.37557627523061,200,0,0.019575884116667493,48.08326112068523,50,200,2026-04-04T04:28:42.735917
2026-04-03_20-07-03,1677,-76.666283314815,200,0,0.020713829343795728,45.27692569068709,50,200,2026-04-04T04:28:54.370117
2026-04-03_20-07-03,1678,-69.00149047726772,200,0,0.017929790780920406,52.773099207835045,50,200,2026-04-04T04:29:01.189539
2026-04-03_20-07-03,1679,-88.31727473079386,200,0,0.015987644818727064,59.54829972383762,50,200,2026-04-04T04:29:05.802142
2026-04-03_20-07-03,1680,-42.27384000395039,200,0,0.021544022757028155,43.41658669218482,50,200,2026-04-04T04:29:14.578416
2026-04-03_20-07-03,1681,-1053.937397651432,14,0,0.015606351407353511,62.93647591023825,50,200,2026-04-04T04:30:04.515478
2026-04-03_20-07-03,1682,-1214.8318872569782,85,0,0.016088151452186835,60.30754513325841,50,200,2026-04-04T04:30:08.707763
2026-04-03_20-07-03,1683,-98.00936884396395,200,0,0.015002553017897154,63.655321851358195,50,200,2026-04-04T04:30:12.859738
2026-04-03_20-07-03,1684,-88.12911944868868,200,0,0.015957683908956685,59.665735560705194,50,200,2026-04-04T04:30:17.939679
2026-04-03_20-07-03,1685,-66.33642981583307,200,0,0.01852188156539091,50.99019513592785,50,200,2026-04-04T04:30:25.973264
2026-04-03_20-07-03,1686,-93.94563331545613,200,0,0.015451867499167868,61.71709649683789,50,200,2026-04-04T04:30:30.143285
2026-04-03_20-07-03,1687,-316.3167267033648,200,0,0.018548853366407828,50.91168824543142,50,200,2026-04-04T04:30:36.540140
2026-04-03_20-07-03,1688,-84.8751422344514,200,0,0.01639112635551034,58.008620049092706,50,200,2026-04-04T04:30:43.048640
2026-04-03_20-07-03,1689,-90.09723391205513,200,0,0.015795905494282912,60.30754513325841,50,200,2026-04-04T04:30:48.297470
2026-04-03_20-07-03,1690,-88.65995554663829,200,0,0.016120221108337676,59.033888572581766,50,200,2026-04-04T04:30:52.717413
2026-04-03_20-07-03,1691,-82.19822983685845,200,0,0.016531896058015548,57.48912940721924,50,200,2026-04-04T04:30:57.759401
2026-04-03_20-07-03,1692,-95.08065645389183,200,0,0.015451867499167868,61.71709649683789,50,200,2026-04-04T04:31:01.406034
2026-04-03_20-07-03,1693,-79.39029098723923,200,0,0.01700586979491621,55.80322571321482,50,200,2026-04-04T04:31:06.900049
2026-04-03_20-07-03,1694,-87.79149830153219,200,0,0.01615555413020488,58.89821729050889,50,200,2026-04-04T04:31:11.059175
2026-04-03_20-07-03,1695,-84.31271192275553,200,0,0.016548560675416515,57.42821606144492,50,200,2026-04-04T04:31:17.109017
2026-04-03_20-07-03,1696,-99.58461068946767,200,0,0.014840830370231983,64.38167441127949,50,200,2026-04-04T04:31:21.327463
2026-04-03_20-07-03,1697,-76.89199375313096,200,0,0.01670824747570822,56.85068161420758,50,200,2026-04-04T04:32:12.834292
2026-04-03_20-07-03,1698,-86.56095446731759,200,0,0.01600915083336377,59.464274989274024,50,200,2026-04-04T04:32:17.547441
2026-04-03_20-07-03,1699,-92.3118755594999,200,0,0.015607021214299889,61.07372593840988,50,200,2026-04-04T04:32:21.555064
2026-04-03_20-07-03,1700,-86.9011103983045,200,0,0.015987644818727064,59.54829972383762,50,200,2026-04-04T04:32:26.689287
2026-04-03_20-07-03,1701,-98.80637248811108,200,0,0.015002553017897154,63.655321851358195,50,200,2026-04-04T04:32:30.923935
2026-04-03_20-07-03,1702,-101.33494207993368,200,0,0.014395109419717729,66.46803743153546,50,200,2026-04-04T04:32:36.593224
2026-04-03_20-07-03,1703,-93.57771210752819,200,0,0.015655105496591208,60.876925020897694,50,200,2026-04-04T04:32:40.277755
2026-04-03_20-07-03,1704,-74.18700288035915,200,0,0.01780920776408851,53.150729063673246,50,200,2026-04-04T04:32:45.840446
2026-04-03_20-07-03,1705,-91.23270455696938,200,0,0.015837444516357976,60.14149981501958,50,200,2026-04-04T04:32:49.790027
2026-04-03_20-07-03,1706,-1067.2958627125945,4,0,0.01496899945887728,65.76473218982953,50,200,2026-04-04T04:32:51.448148
2026-04-03_20-07-03,1707,-98.18617070454283,200,0,0.015158808383651329,62.96824596572466,50,200,2026-04-04T04:32:54.510023
2026-04-03_20-07-03,1708,-76.85328047807944,200,0,0.016885396950343398,56.22277118748239,50,200,2026-04-04T04:33:02.975266
2026-04-03_20-07-03,1709,-96.91496521033858,200,0,0.01531636424944194,62.289646009589745,50,200,2026-04-04T04:33:06.437661
2026-04-03_20-07-03,1710,-475.2579291916178,200,0,0.015158808383651329,62.96824596572466,50,200,2026-04-04T04:33:12.389557
2026-04-03_20-07-03,1711,-103.31490857276802,200,0,0.014542338320164393,65.76473218982953,50,200,2026-04-04T04:33:16.385551
2026-04-03_20-07-03,1712,-99.93203456101777,200,0,0.014690933476920654,65.06919393998976,50,200,2026-04-04T04:33:20.709267
2026-04-03_20-07-03,1713,-103.35906964702261,200,0,0.014542338320164393,65.76473218982953,50,200,2026-04-04T04:34:10.521040
2026-04-03_20-07-03,1714,-96.52349527909657,200,0,0.015158808383651329,62.96824596572466,50,200,2026-04-04T04:34:15.445022
2026-04-03_20-07-03,1715,-100.18230507765121,200,0,0.014690933476920654,65.06919393998976,50,200,2026-04-04T04:34:19.973861
2026-04-03_20-07-03,1716,-104.96346386001079,200,0,0.014395109419717729,66.46803743153546,50,200,2026-04-04T04:34:23.235744
2026-04-03_20-07-03,1717,-1067.5226620953565,51,0,0.016228961905517755,60.108235708594876,50,200,2026-04-04T04:34:26.459726
2026-04-03_20-07-03,1718,-66.50456306819822,200,0,0.018355982849274897,51.478150704935004,50,200,2026-04-04T04:34:33.977234
2026-04-03_20-07-03,1719,-84.82278193998653,200,0,0.01639112635551034,58.008620049092706,50,200,2026-04-04T04:34:38.958864
2026-04-03_20-07-03,1720,-129.75932403627166,200,0,0.01531636424944194,62.289646009589745,50,200,2026-04-04T04:34:45.167323
2026-04-03_20-07-03,1721,-90.63967868412473,200,0,0.015957683908956685,59.665735560705194,50,200,2026-04-04T04:34:49.059519
2026-04-03_20-07-03,1722,-1097.5706607626626,129,0,0.01664132080721905,57.8013840664737,50,200,2026-04-04T04:34:52.985505
2026-04-03_20-07-03,1723,-101.98832313432038,200,0,0.014542338320164393,65.76473218982953,50,200,2026-04-04T04:34:57.605928
2026-04-03_20-07-03,1724,-84.12378620965828,200,0,0.016446994017549132,57.8013840664737,50,200,2026-04-04T04:35:02.349194
2026-04-03_20-07-03,1725,-95.56387238632922,200,0,0.015006090152632831,63.63961030678928,50,200,2026-04-04T04:35:09.167702
2026-04-03_20-07-03,1726,-1059.5208547950372,17,0,0.015255140451880353,64.38167441127949,50,200,2026-04-04T04:35:11.100240
2026-04-03_20-07-03,1727,-100.80656705432715,200,0,0.014542338320164393,65.76473218982953,50,200,2026-04-04T04:35:15.979284
2026-04-03_20-07-03,1728,-90.3926802486291,200,0,0.01566719731860802,60.8276253029822,50,200,2026-04-04T04:35:20.682904
2026-04-03_20-07-03,1729,-101.43992204720962,200,0,0.014690933476920654,65.06919393998976,50,200,2026-04-04T04:36:07.638487
2026-04-03_20-07-03,1730,-100.99450551533344,200,0,0.014847677195736854,64.35060217278468,50,200,2026-04-04T04:36:10.742172
2026-04-03_20-07-03,1731,-94.98175433626928,200,0,0.015331451396431838,62.22539674441618,50,200,2026-04-04T04:36:15.227276
2026-04-03_20-07-03,1732,-1068.3214209994976,44,0,0.015671558113355927,62.369864518050704,50,200,2026-04-04T04:36:17.530193
2026-04-03_20-07-03,1733,-98.15857812497265,200,0,0.014991956837375139,63.702433234531945,50,200,2026-04-04T04:36:22.859961
2026-04-03_20-07-03,1734,-86.71516116333044,200,0,0.016493997022009554,57.62811813689564,50,200,2026-04-04T04:36:26.874314
2026-04-03_20-07-03,1735,-106.8049973982331,200,0,0.014542338320164393,65.76473218982953,50,200,2026-04-04T04:36:31.582976
2026-04-03_20-07-03,1736,-96.78908660014851,200,0,0.015327675363100063,62.24146527838174,50,200,2026-04-04T04:36:35.047057
2026-04-03_20-07-03,1737,-102.61665152402601,200,0,0.014542338320164393,65.76473218982953,50,200,2026-04-04T04:36:39.528720
2026-04-03_20-07-03,1738,-100.40192876451,200,0,0.014840830370231983,64.38167441127949,50,200,2026-04-04T04:36:42.998273
2026-04-03_20-07-03,1739,-99.69002185079376,200,0,0.014840830370231983,64.38167441127949,50,200,2026-04-04T04:36:47.813832
2026-04-03_20-07-03,1740,-103.3680799421949,200,0,0.014395109419717729,66.46803743153546,50,200,2026-04-04T04:36:51.381251
2026-04-03_20-07-03,1741,-98.5023083982928,200,0,0.015144232602744119,63.0317380372777,50,200,2026-04-04T04:36:54.395421
2026-04-03_20-07-03,1742,-98.03809090539362,200,0,0.015158808383651329,62.96824596572466,50,200,2026-04-04T04:36:57.741985
2026-04-03_20-07-03,1743,-101.18243804617914,200,0,0.014847677195736854,64.35060217278468,50,200,2026-04-04T04:37:00.986063
2026-04-03_20-07-03,1744,-104.43917598836421,200,0,0.014542338320164393,65.76473218982953,50,200,2026-04-04T04:37:02.940587
2026-04-03_20-07-03,1745,-1084.4889306065802,117,0,0.017661037983814472,54.45181356024793,50,200,2026-04-04T04:37:55.392178
2026-04-03_20-07-03,1746,-94.29366942480814,200,0,0.014991956837375139,63.702433234531945,50,200,2026-04-04T04:38:02.020599
2026-04-03_20-07-03,1747,-97.92617401902746,200,0,0.014840830370231983,64.38167441127949,50,200,2026-04-04T04:38:06.680404
2026-04-03_20-07-03,1748,-92.19148343956812,200,0,0.015475132526931253,61.61980201201558,50,200,2026-04-04T04:38:11.757012
2026-04-03_20-07-03,1749,-87.40725736089321,200,0,0.01639344262295082,58.0,50,200,2026-04-04T04:38:15.597410
2026-04-03_20-07-03,1750,-80.05112788731566,200,0,0.016705792773982008,56.859475903318,50,200,2026-04-04T04:38:22.639382
2026-04-03_20-07-03,1751,-91.02863180216464,200,0,0.01584579237197416,60.108235708594876,50,200,2026-04-04T04:38:27.311247
2026-04-03_20-07-03,1752,-101.34912864543003,200,0,0.015158808383651329,62.96824596572466,50,200,2026-04-04T04:38:32.081816
2026-04-03_20-07-03,1753,-98.10441565794044,200,0,0.014840830370231983,64.38167441127949,50,200,2026-04-04T04:38:36.483991
2026-04-03_20-07-03,1754,-195.94283849121848,200,0,0.015144232602744119,63.0317380372777,50,200,2026-04-04T04:38:39.884904
2026-04-03_20-07-03,1755,-101.9906990155588,200,0,0.014395109419717729,66.46803743153546,50,200,2026-04-04T04:38:45.841298
2026-04-03_20-07-03,1756,-94.39254815202783,200,0,0.01563501554262549,60.959002616512684,50,200,2026-04-04T04:38:48.863270
2026-04-03_20-07-03,1757,-99.29057935118585,200,0,0.014694251449008376,65.05382386916237,50,200,2026-04-04T04:38:55.244945
2026-04-03_20-07-03,1758,-92.29351429313841,200,0,0.01563501554262549,60.959002616512684,50,200,2026-04-04T04:38:59.465136
2026-04-03_20-07-03,1759,-95.25665877512863,200,0,0.015327675363100063,62.24146527838174,50,200,2026-04-04T04:39:03.222839
2026-04-03_20-07-03,1760,-96.87963108787362,200,0,0.015158808383651329,62.96824596572466,50,200,2026-04-04T04:39:07.334370
2026-04-03_20-07-03,1761,-94.33697172283263,200,0,0.015331451396431838,62.22539674441618,50,200,2026-04-04T04:40:01.025136
2026-04-03_20-07-03,1762,-109.4544449395068,200,0,0.014542338320164393,65.76473218982953,50,200,2026-04-04T04:40:03.966595
2026-04-03_20-07-03,1763,-105.20220578581758,200,0,0.014395109419717729,66.46803743153546,50,200,2026-04-04T04:40:07.148926
2026-04-03_20-07-03,1764,-103.60858560407272,200,0,0.014395109419717729,66.46803743153546,50,200,2026-04-04T04:40:11.335230
2026-04-03_20-07-03,1765,-177.10313015043977,200,0,0.015002553017897154,63.655321851358195,50,200,2026-04-04T04:40:13.722179
2026-04-03_20-07-03,1766,-91.21776059763523,200,0,0.01563501554262549,60.959002616512684,50,200,2026-04-04T04:40:18.713845
2026-04-03_20-07-03,1767,-98.33919782275042,200,0,0.015144232602744119,63.0317380372777,50,200,2026-04-04T04:40:21.860004
2026-04-03_20-07-03,1768,-99.90356367352909,200,0,0.014542338320164393,65.76473218982953,50,200,2026-04-04T04:40:26.969758
2026-04-03_20-07-03,1769,-102.3713473056908,200,0,0.014694251449008376,65.05382386916237,50,200,2026-04-04T04:40:30.303878
2026-04-03_20-07-03,1770,-94.4446854751853,200,0,0.015490702006891422,61.554853586049575,50,200,2026-04-04T04:40:34.647561
2026-04-03_20-07-03,1771,-93.44114287960204,200,0,0.015607021214299889,61.07372593840988,50,200,2026-04-04T04:40:38.869763
2026-04-03_20-07-03,1772,-99.96093708533577,200,0,0.014840830370231983,64.38167441127949,50,200,2026-04-04T04:40:43.089816
2026-04-03_20-07-03,1773,-97.92046319322739,200,0,0.014847677195736854,64.35060217278468,50,200,2026-04-04T04:40:47.684449
2026-04-03_20-07-03,1774,-87.86391191357443,200,0,0.016283375687934448,58.412327466040935,50,200,2026-04-04T04:40:51.989555
2026-04-03_20-07-03,1775,-318.5589901640017,200,0,0.015297568801352924,62.369864518050704,50,200,2026-04-04T04:40:56.292540
2026-04-03_20-07-03,1776,-98.59866477171829,200,0,0.014847677195736854,64.35060217278468,50,200,2026-04-04T04:41:01.166491
2026-04-03_20-07-03,1777,-101.79916392090274,200,0,0.014690933476920654,65.06919393998976,50,200,2026-04-04T04:41:55.148455
2026-04-03_20-07-03,1778,-100.15967304510602,200,0,0.014847677195736854,64.35060217278468,50,200,2026-04-04T04:41:59.543473
2026-04-03_20-07-03,1779,-105.02683249001436,200,0,0.014395109419717729,66.46803743153546,50,200,2026-04-04T04:42:03.046496
2026-04-03_20-07-03,1780,-102.41585665678356,200,0,0.014542338320164393,65.76473218982953,50,200,2026-04-04T04:42:07.124841
2026-04-03_20-07-03,1781,-94.11768342297172,200,0,0.015451867499167868,61.71709649683789,50,200,2026-04-04T04:42:11.266627
2026-04-03_20-07-03,1782,-98.4949316828804,200,0,0.015166112325465147,62.93647591023825,50,200,2026-04-04T04:42:13.911135
2026-04-03_20-07-03,1783,-100.89893557659897,200,0,0.014847677195736854,64.35060217278468,50,200,2026-04-04T04:42:17.807074
2026-04-03_20-07-03,1784,-131.34185459669047,200,0,0.015655105496591208,60.876925020897694,50,200,2026-04-04T04:42:22.463126
2026-04-03_20-07-03,1785,-84.51185603014191,200,0,0.01639344262295082,58.0,50,200,2026-04-04T04:42:28.092780
2026-04-03_20-07-03,1786,-90.0166506545511,200,0,0.01600915083336377,59.464274989274024,50,200,2026-04-04T04:42:32.251537
2026-04-03_20-07-03,1787,-102.53451750335518,200,0,0.014690933476920654,65.06919393998976,50,200,2026-04-04T04:42:35.295413
2026-04-03_20-07-03,1788,-103.78274505969381,200,0,0.014542338320164393,65.76473218982953,50,200,2026-04-04T04:42:38.808173
2026-04-03_20-07-03,1789,-99.25128733238803,200,0,0.014847677195736854,64.35060217278468,50,200,2026-04-04T04:42:42.566529
2026-04-03_20-07-03,1790,-97.33282101746076,200,0,0.01531636424944194,62.289646009589745,50,200,2026-04-04T04:42:45.778059
2026-04-03_20-07-03,1791,-104.08511254166709,200,0,0.014542338320164393,65.76473218982953,50,200,2026-04-04T04:42:48.624695
2026-04-03_20-07-03,1792,-101.96408187030822,200,0,0.014694251449008376,65.05382386916237,50,200,2026-04-04T04:42:52.396433
2026-04-03_20-07-03,1793,-91.83150374901712,200,0,0.01584579237197416,60.108235708594876,50,200,2026-04-04T04:43:47.854902
2026-04-03_20-07-03,1794,-98.73012608868459,200,0,0.014991956837375139,63.702433234531945,50,200,2026-04-04T04:43:51.563468
2026-04-03_20-07-03,1795,-104.66285778088749,200,0,0.014395109419717729,66.46803743153546,50,200,2026-04-04T04:43:55.040120
2026-04-03_20-07-03,1796,-98.44828012139696,200,0,0.014991956837375139,63.702433234531945,50,200,2026-04-04T04:43:58.978798
2026-04-03_20-07-03,1797,-105.58860080837965,200,0,0.014542338320164393,65.76473218982953,50,200,2026-04-04T04:44:02.062962
2026-04-03_20-07-03,1798,-101.29942105426848,200,0,0.014690933476920654,65.06919393998976,50,200,2026-04-04T04:44:05.626228
2026-04-03_20-07-03,1799,-96.95883936135009,200,0,0.01531636424944194,62.289646009589745,50,200,2026-04-04T04:44:08.624722
2026-04-03_20-07-03,1800,-105.00043954118537,200,0,0.014395109419717729,66.46803743153546,50,200,2026-04-04T04:44:11.813906
2026-04-03_20-07-03,1801,-102.45178782312738,200,0,0.014690933476920654,65.06919393998976,50,200,2026-04-04T04:44:15.086730
2026-04-03_20-07-03,1802,-99.97757160155852,200,0,0.014991956837375139,63.702433234531945,50,200,2026-04-04T04:44:17.870070
2026-04-03_20-07-03,1803,-100.99688542017323,200,0,0.014840830370231983,64.38167441127949,50,200,2026-04-04T04:44:21.572764
2026-04-03_20-07-03,1804,-1157.4998126566425,172,0,0.01645502729041703,58.05170109479997,50,200,2026-04-04T04:44:25.060823
2026-04-03_20-07-03,1805,-106.63320812487042,200,0,0.014395109419717729,66.46803743153546,50,200,2026-04-04T04:44:28.143868
2026-04-03_20-07-03,1806,-104.01545404457879,200,0,0.014542338320164393,65.76473218982953,50,200,2026-04-04T04:44:31.032089
2026-04-03_20-07-03,1807,-102.71687062512436,200,0,0.014694251449008376,65.05382386916237,50,200,2026-04-04T04:44:33.789075
2026-04-03_20-07-03,1808,-97.98795247261374,200,0,0.015144232602744119,63.0317380372777,50,200,2026-04-04T04:44:37.795256
2026-04-03_20-07-03,1809,-101.39819681329175,200,0,0.014840830370231983,64.38167441127949,50,200,2026-04-04T04:45:29.390869
2026-04-03_20-07-03,1810,-105.562880885532,200,0,0.014395109419717729,66.46803743153546,50,200,2026-04-04T04:45:32.038971
2026-04-03_20-07-03,1811,-2520.9537572150552,68,0,0.014981454321366645,65.06919393998976,50,200,2026-04-04T04:45:33.799221
2026-04-03_20-07-03,1812,-104.16955976282408,200,0,0.014542338320164393,65.76473218982953,50,200,2026-04-04T04:45:36.443629
2026-04-03_20-07-03,1813,-102.2850640661878,200,0,0.014690933476920654,65.06919393998976,50,200,2026-04-04T04:45:39.769438
2026-04-03_20-07-03,1814,-101.36955728494384,200,0,0.014847677195736854,64.35060217278468,50,200,2026-04-04T04:45:42.449730
2026-04-03_20-07-03,1815,-105.55497600350465,200,0,0.014395109419717729,66.46803743153546,50,200,2026-04-04T04:45:45.139570
2026-04-03_20-07-03,1816,-99.25233249181986,200,0,0.015002553017897154,63.655321851358195,50,200,2026-04-04T04:45:48.803880
2026-04-03_20-07-03,1817,-102.74468541347962,200,0,0.014694251449008376,65.05382386916237,50,200,2026-04-04T04:45:51.355196
2026-04-03_20-07-03,1818,-100.37172276060983,200,0,0.014847677195736854,64.35060217278468,50,200,2026-04-04T04:45:55.039844
2026-04-03_20-07-03,1819,-103.58937069239649,200,0,0.014542338320164393,65.76473218982953,50,200,2026-04-04T04:45:58.240865
2026-04-03_20-07-03,1820,-98.03228640171923,200,0,0.015144232602744119,63.0317380372777,50,200,2026-04-04T04:46:01.504296
2026-04-03_20-07-03,1821,-99.54364451203782,200,0,0.014991956837375139,63.702433234531945,50,200,2026-04-04T04:46:04.490551
2026-04-03_20-07-03,1822,-105.61855326691571,200,0,0.014395109419717729,66.46803743153546,50,200,2026-04-04T04:46:06.939048
2026-04-03_20-07-03,1823,-103.66363019297778,200,0,0.014542338320164393,65.76473218982953,50,200,2026-04-04T04:46:10.405230
2026-04-03_20-07-03,1824,-102.87511130284845,200,0,0.014690933476920654,65.06919393998976,50,200,2026-04-04T04:46:12.438337
2026-04-03_20-07-03,1825,-82.96661241246923,200,0,0.016579645764233333,57.3149195236284,50,200,2026-04-04T04:47:05.902551
2026-04-03_20-07-03,1826,-97.9139887048317,200,0,0.015144232602744119,63.0317380372777,50,200,2026-04-04T04:47:09.082009
2026-04-03_20-07-03,1827,-96.80389003988078,200,0,0.015144232602744119,63.0317380372777,50,200,2026-04-04T04:47:13.745938
2026-04-03_20-07-03,1828,-79.6153628951734,200,0,0.016834916333169702,56.4003546088143,50,200,2026-04-04T04:47:21.223717
2026-04-03_20-07-03,1829,-118.9440288348899,200,0,0.014542338320164393,65.76473218982953,50,200,2026-04-04T04:47:24.570673
2026-04-03_20-07-03,1830,-104.87399726134225,200,0,0.014395109419717729,66.46803743153546,50,200,2026-04-04T04:47:28.335793
2026-04-03_20-07-03,1831,-99.0702758928601,200,0,0.014991956837375139,63.702433234531945,50,200,2026-04-04T04:47:31.839031
2026-04-03_20-07-03,1832,-75.43065147668187,200,0,0.01719026586376767,55.17245689653489,50,200,2026-04-04T04:47:38.994262
2026-04-03_20-07-03,1833,-126.10244072755019,200,0,0.015006090152632831,63.63961030678928,50,200,2026-04-04T04:47:43.347007
2026-04-03_20-07-03,1834,-91.85420925307979,200,0,0.01582078896403802,60.207972893961475,50,200,2026-04-04T04:47:47.008266
2026-04-03_20-07-03,1835,-99.32781450278998,200,0,0.015006090152632831,63.63961030678928,50,200,2026-04-04T04:47:50.270600
2026-04-03_20-07-03,1836,-98.55079592602513,200,0,0.014991956837375139,63.702433234531945,50,200,2026-04-04T04:47:53.634615
2026-04-03_20-07-03,1837,-97.89217221977948,200,0,0.014991956837375139,63.702433234531945,50,200,2026-04-04T04:47:58.309127
2026-04-03_20-07-03,1838,-101.13969751895294,200,0,0.014847677195736854,64.35060217278468,50,200,2026-04-04T04:48:01.354795
2026-04-03_20-07-03,1839,-100.45961751481319,200,0,0.014840830370231983,64.38167441127949,50,200,2026-04-04T04:48:04.723707
2026-04-03_20-07-03,1840,-98.4342159954367,200,0,0.015166112325465147,62.93647591023825,50,200,2026-04-04T04:48:07.458629
2026-04-03_20-07-03,1841,-1171.9344148489336,187,0,0.01697628498927253,56.0357029044876,50,200,2026-04-04T04:49:01.020405
2026-04-03_20-07-03,1842,-82.4035350972123,200,0,0.01697743884386866,55.90169943749474,50,200,2026-04-04T04:49:05.937100
2026-04-03_20-07-03,1843,-100.98168503397083,200,0,0.014694251449008376,65.05382386916237,50,200,2026-04-04T04:49:09.915564
2026-04-03_20-07-03,1844,-81.91283214296816,200,0,0.016834916333169702,56.4003546088143,50,200,2026-04-04T04:49:15.666537
2026-04-03_20-07-03,1845,-133.58692013624238,200,0,0.014395109419717729,66.46803743153546,50,200,2026-04-04T04:49:17.646658
2026-04-03_20-07-03,1846,-101.53406597471435,200,0,0.014690933476920654,65.06919393998976,50,200,2026-04-04T04:49:21.685735
2026-04-03_20-07-03,1847,-77.02840890330232,200,0,0.017405890920246254,54.45181356024793,50,200,2026-04-04T04:49:28.004529
2026-04-03_20-07-03,1848,-96.92672586776108,200,0,0.01531636424944194,62.289646009589745,50,200,2026-04-04T04:49:30.928699
2026-04-03_20-07-03,1849,-104.23329274465277,200,0,0.014542338320164393,65.76473218982953,50,200,2026-04-04T04:49:33.394317
2026-04-03_20-07-03,1850,-103.29536011607377,200,0,0.014542338320164393,65.76473218982953,50,200,2026-04-04T04:49:38.396969
2026-04-03_20-07-03,1851,-99.60936722054186,200,0,0.014991956837375139,63.702433234531945,50,200,2026-04-04T04:49:41.605907
2026-04-03_20-07-03,1852,-92.10170525681157,200,0,0.01584579237197416,60.108235708594876,50,200,2026-04-04T04:49:44.921992
2026-04-03_20-07-03,1853,-99.70715207192241,200,0,0.014847677195736854,64.35060217278468,50,200,2026-04-04T04:49:49.181854
2026-04-03_20-07-03,1854,-88.66481961101755,200,0,0.016120221108337676,59.033888572581766,50,200,2026-04-04T04:49:53.632079
2026-04-03_20-07-03,1855,-105.67254867681017,200,0,0.014395109419717729,66.46803743153546,50,200,2026-04-04T04:49:55.820971
2026-04-03_20-07-03,1856,-178.10554515193812,200,0,0.015607021214299889,61.07372593840988,50,200,2026-04-04T04:49:59.665611
2026-04-03_20-07-03,1857,-60.053822094195745,200,0,0.018668283955683724,50.566787519082126,50,200,2026-04-04T04:50:57.682568
2026-04-03_20-07-03,1858,-102.713363791265,200,0,0.014542338320164393,65.76473218982953,50,200,2026-04-04T04:51:01.450406
2026-04-03_20-07-03,1859,-81.50084803830282,200,0,0.017195624441988366,55.154328932550705,50,200,2026-04-04T04:51:06.060567
2026-04-03_20-07-03,1860,-113.02632436387776,200,0,0.015837444516357976,60.14149981501958,50,200,2026-04-04T04:51:09.881585
2026-04-03_20-07-03,1861,-99.89728838956088,200,0,0.015006090152632831,63.63961030678928,50,200,2026-04-04T04:51:12.368403
2026-04-03_20-07-03,1862,-84.61249259473338,200,0,0.016579645764233333,57.3149195236284,50,200,2026-04-04T04:51:16.998847
2026-04-03_20-07-03,1863,-72.32159609900876,200,0,0.01780920776408851,53.150729063673246,50,200,2026-04-04T04:51:23.844757
2026-04-03_20-07-03,1864,-97.93255828102541,200,0,0.015166112325465147,62.93647591023825,50,200,2026-04-04T04:51:27.243897
2026-04-03_20-07-03,1865,-105.43865108993522,200,0,0.014395109419717729,66.46803743153546,50,200,2026-04-04T04:51:29.997023
2026-04-03_20-07-03,1866,-98.01180422814224,200,0,0.015144232602744119,63.0317380372777,50,200,2026-04-04T04:51:33.376909
2026-04-03_20-07-03,1867,-102.53375430393085,200,0,0.014542338320164393,65.76473218982953,50,200,2026-04-04T04:51:37.522175
2026-04-03_20-07-03,1868,-98.55038584709877,200,0,0.015166112325465147,62.93647591023825,50,200,2026-04-04T04:51:39.926655
2026-04-03_20-07-03,1869,-77.66912626498934,200,0,0.017063170644771773,55.60575509783138,50,200,2026-04-04T04:51:47.315859
2026-04-03_20-07-03,1870,-93.653449137558,200,0,0.01566719731860802,60.8276253029822,50,200,2026-04-04T04:51:50.740305
2026-04-03_20-07-03,1871,-104.1638958538179,200,0,0.014542338320164393,65.76473218982953,50,200,2026-04-04T04:51:53.388077
2026-04-03_20-07-03,1872,-81.3853884580808,200,0,0.01697743884386866,55.90169943749474,50,200,2026-04-04T04:51:58.863797
2026-04-03_20-07-03,1873,-99.15898855799692,200,0,0.014840830370231983,64.38167441127949,50,200,2026-04-04T04:52:52.727695
2026-04-03_20-07-03,1874,-78.38968643175188,200,0,0.01757242937099559,53.907327887774215,50,200,2026-04-04T04:52:57.986751
2026-04-03_20-07-03,1875,-96.11095551556623,200,0,0.015158808383651329,62.96824596572466,50,200,2026-04-04T04:53:02.142511
2026-04-03_20-07-03,1876,-1088.035583249989,79,0,0.01769964212820003,54.70831746635972,50,200,2026-04-04T04:53:07.466059
2026-04-03_20-07-03,1877,-72.32678557556032,200,0,0.01811543908120499,52.20153254455275,50,200,2026-04-04T04:53:13.251050
2026-04-03_20-07-03,1878,-90.63425390929221,200,0,0.01639344262295082,58.0,50,200,2026-04-04T04:53:17.563271
2026-04-03_20-07-03,1879,-83.21315260369306,200,0,0.01692611593470657,56.08029957123981,50,200,2026-04-04T04:53:22.850905
2026-04-03_20-07-03,1880,-69.99385911575652,200,0,0.01844168026748099,51.22499389946279,50,200,2026-04-04T04:53:30.399105
2026-04-03_20-07-03,1881,-169.17423320305176,200,0,0.01956791925519426,48.104053883222775,50,200,2026-04-04T04:53:38.692632
2026-04-03_20-07-03,1882,-101.42857353576149,200,0,0.014694251449008376,65.05382386916237,50,200,2026-04-04T04:53:43.259256
2026-04-03_20-07-03,1883,-93.88897413732383,200,0,0.015498504677194942,61.5223536610881,50,200,2026-04-04T04:53:47.856235
2026-04-03_20-07-03,1884,-92.73675784966385,200,0,0.01566719731860802,60.8276253029822,50,200,2026-04-04T04:53:51.662723
2026-04-03_20-07-03,1885,-101.6047396918549,200,0,0.014694251449008376,65.05382386916237,50,200,2026-04-04T04:53:55.541970
2026-04-03_20-07-03,1886,-99.05742714196774,200,0,0.015006090152632831,63.63961030678928,50,200,2026-04-04T04:53:59.546048
2026-04-03_20-07-03,1887,-93.2395770832013,200,0,0.01563501554262549,60.959002616512684,50,200,2026-04-04T04:54:03.571836
2026-04-03_20-07-03,1888,-1135.70434816557,13,0,0.014948860205647658,65.76473218982953,50,200,2026-04-04T04:54:05.310287
2026-04-03_20-07-03,1889,-62.73048610452073,200,0,0.019159475530898123,49.193495504995376,50,200,2026-04-04T04:54:59.398594
2026-04-03_20-07-03,1890,-72.98504694497215,200,0,0.01811543908120499,52.20153254455275,50,200,2026-04-04T04:55:05.426004
2026-04-03_20-07-03,1891,-94.73571993931878,200,0,0.01531636424944194,62.289646009589745,50,200,2026-04-04T04:55:10.716503
2026-04-03_20-07-03,1892,-90.92399756077144,200,0,0.015987644818727064,59.54829972383762,50,200,2026-04-04T04:55:14.235694
2026-04-03_20-07-03,1893,-104.27146253895259,200,0,0.014542338320164393,65.76473218982953,50,200,2026-04-04T04:55:16.403706
2026-04-03_20-07-03,1894,-94.29102943510152,200,0,0.01531636424944194,62.289646009589745,50,200,2026-04-04T04:55:21.544748
2026-04-03_20-07-03,1895,-95.58047036463813,200,0,0.015166112325465147,62.93647591023825,50,200,2026-04-04T04:55:26.051177
2026-04-03_20-07-03,1896,-93.86450149493767,200,0,0.015607021214299889,61.07372593840988,50,200,2026-04-04T04:55:29.720038
2026-04-03_20-07-03,1897,-86.87645196273145,200,0,0.016200054488402352,58.728187440104094,50,200,2026-04-04T04:55:34.717441
2026-04-03_20-07-03,1898,-56.123904906483375,200,0,0.019995746067320595,47.01063709417264,50,200,2026-04-04T04:55:43.970410
2026-04-03_20-07-03,1899,-66.67478646676759,200,0,0.018068476496964338,52.3450093132096,50,200,2026-04-04T04:55:52.009557
2026-04-03_20-07-03,1900,-89.7750702498713,200,0,0.015297568801352924,62.369864518050704,50,200,2026-04-04T04:55:59.760924
2026-04-03_20-07-03,1901,-1065.3172026092018,30,0,0.016863406408094434,58.0,50,200,2026-04-04T04:56:02.835866
2026-04-03_20-07-03,1902,-86.24712582796573,200,0,0.01639344262295082,58.0,50,200,2026-04-04T04:56:07.871740
2026-04-03_20-07-03,1903,-70.55975233172514,200,0,0.01830709261918721,51.62363799656123,50,200,2026-04-04T04:56:14.510686
2026-04-03_20-07-03,1904,-100.55567989991296,200,0,0.016446994017549132,57.8013840664737,50,200,2026-04-04T04:56:19.514355
2026-04-03_20-07-03,1905,-119.06462894521059,200,0,0.014840830370231983,64.38167441127949,50,200,2026-04-04T04:57:10.781825
2026-04-03_20-07-03,1906,-99.28022092601967,200,0,0.014847677195736854,64.35060217278468,50,200,2026-04-04T04:57:15.882505
2026-04-03_20-07-03,1907,-95.8102711397626,200,0,0.01531636424944194,62.289646009589745,50,200,2026-04-04T04:57:20.388526
2026-04-03_20-07-03,1908,-86.92700191355333,200,0,0.016493997022009554,57.62811813689564,50,200,2026-04-04T04:57:24.362489
2026-04-03_20-07-03,1909,-83.32539622942915,200,0,0.016610909771468087,57.201398584300364,50,200,2026-04-04T04:57:29.648553
2026-04-03_20-07-03,1910,-102.45365224562525,200,0,0.014690933476920654,65.06919393998976,50,200,2026-04-04T04:57:32.721620
2026-04-03_20-07-03,1911,-91.34315479917284,200,0,0.01591941320116355,59.81638571495272,50,200,2026-04-04T04:57:37.162335
2026-04-03_20-07-03,1912,-206.70410302971936,200,0,0.01615555413020488,58.89821729050889,50,200,2026-04-04T04:57:42.956421
2026-04-03_20-07-03,1913,-89.62554899168639,200,0,0.015762912443755845,60.440052945046304,50,200,2026-04-04T04:57:49.210929
2026-04-03_20-07-03,1914,-84.84678331272528,200,0,0.01600915083336377,59.464274989274024,50,200,2026-04-04T04:57:55.386713
2026-04-03_20-07-03,1915,-98.92403214080905,200,0,0.014847677195736854,64.35060217278468,50,200,2026-04-04T04:57:59.863969
2026-04-03_20-07-03,1916,-75.17047993291764,200,0,0.02267079689600769,41.10960958218893,50,200,2026-04-04T04:58:08.356756
2026-04-03_20-07-03,1917,-92.08086451158908,200,0,0.01563501554262549,60.959002616512684,50,200,2026-04-04T04:58:12.449699
2026-04-03_20-07-03,1918,-1089.3597753614638,127,0,0.0180683430613501,53.075418038862395,50,200,2026-04-04T04:58:17.895203
2026-04-03_20-07-03,1919,-96.19098210717905,200,0,0.015158808383651329,62.96824596572466,50,200,2026-04-04T04:58:21.917009
2026-04-03_20-07-03,1920,-92.90068226871473,200,0,0.01566719731860802,60.8276253029822,50,200,2026-04-04T04:58:25.691541
2026-04-03_20-07-03,1921,-89.72019890433396,200,0,0.01670824747570822,56.85068161420758,50,200,2026-04-04T04:59:20.712006
2026-04-03_20-07-03,1922,-110.83531671534891,200,0,0.01792066035616277,52.80151512977634,50,200,2026-04-04T04:59:31.251067
2026-04-03_20-07-03,1923,-99.1582701950129,200,0,0.014690933476920654,65.06919393998976,50,200,2026-04-04T04:59:37.370348
2026-04-03_20-07-03,1924,-130.3304733502254,200,0,0.015795905494282912,60.30754513325841,50,200,2026-04-04T04:59:42.354977
2026-04-03_20-07-03,1925,-105.67279828593986,200,0,0.014395109419717729,66.46803743153546,50,200,2026-04-04T04:59:44.561251
2026-04-03_20-07-03,1926,-99.19082585247088,200,0,0.015002553017897154,63.655321851358195,50,200,2026-04-04T04:59:48.072979
2026-04-03_20-07-03,1927,-104.12330858189239,200,0,0.014542338320164393,65.76473218982953,50,200,2026-04-04T04:59:50.634790
2026-04-03_20-07-03,1928,-275.2115634297136,200,0,0.014542338320164393,65.76473218982953,50,200,2026-04-04T04:59:53.052054
2026-04-03_20-07-03,1929,-102.06106144891407,200,0,0.015331451396431838,62.22539674441618,50,200,2026-04-04T04:59:58.271403
2026-04-03_20-07-03,1930,-90.25420894603963,200,0,0.016022096878742342,59.413803110051795,50,200,2026-04-04T05:00:02.275354
2026-04-03_20-07-03,1931,-90.89474469869185,200,0,0.015957683908956685,59.665735560705194,50,200,2026-04-04T05:00:06.425945
2026-04-03_20-07-03,1932,-97.67002594868048,200,0,0.014840830370231983,64.38167441127949,50,200,2026-04-04T05:00:11.552519
2026-04-03_20-07-03,1933,-98.96763385683299,200,0,0.014991956837375139,63.702433234531945,50,200,2026-04-04T05:00:15.375242
2026-04-03_20-07-03,1934,-83.69537221773054,200,0,0.016885396950343398,56.22277118748239,50,200,2026-04-04T05:00:19.800744
2026-04-03_20-07-03,1935,-158.15883785023678,200,0,0.014690933476920654,65.06919393998976,50,200,2026-04-04T05:00:23.380616
2026-04-03_20-07-03,1936,-97.92238214114009,200,0,0.015166112325465147,62.93647591023825,50,200,2026-04-04T05:00:27.137202
2026-04-03_20-07-03,1937,-96.720215790239,200,0,0.01531636424944194,62.289646009589745,50,200,2026-04-04T05:01:20.452588
2026-04-03_20-07-03,1938,-99.02483838853207,200,0,0.014991956837375139,63.702433234531945,50,200,2026-04-04T05:01:24.695690
2026-04-03_20-07-03,1939,-1188.6980969163774,18,0,0.01509802607766373,65.05382386916237,50,200,2026-04-04T05:01:26.592120
2026-04-03_20-07-03,1940,-101.07902554437618,200,0,0.014690933476920654,65.06919393998976,50,200,2026-04-04T05:01:30.576146
2026-04-03_20-07-03,1941,-92.3818016562299,200,0,0.015795905494282912,60.30754513325841,50,200,2026-04-04T05:01:34.327955
2026-04-03_20-07-03,1942,-96.68773243552803,200,0,0.01531636424944194,62.289646009589745,50,200,2026-04-04T05:01:37.814077
2026-04-03_20-07-03,1943,-94.60724940072505,200,0,0.015607021214299889,61.07372593840988,50,200,2026-04-04T05:01:40.968674
2026-04-03_20-07-03,1944,-88.24208068056653,200,0,0.016200054488402352,58.728187440104094,50,200,2026-04-04T05:01:46.087203
2026-04-03_20-07-03,1945,-147.69487525948355,200,0,0.015762912443755845,60.440052945046304,50,200,2026-04-04T05:01:50.987947
2026-04-03_20-07-03,1946,-85.13274579458401,200,0,0.01607638457164266,59.20304046246274,50,200,2026-04-04T05:01:57.997496
2026-04-03_20-07-03,1947,-100.90575829687586,200,0,0.014840830370231983,64.38167441127949,50,200,2026-04-04T05:02:01.659335
2026-04-03_20-07-03,1948,-623.571072845846,200,0,0.014991956837375139,63.702433234531945,50,200,2026-04-04T05:02:07.465162
2026-04-03_20-07-03,1949,-81.77001803668074,200,0,0.0169877605700044,55.86591089385369,50,200,2026-04-04T05:02:12.383856
2026-04-03_20-07-03,1950,-96.84101443674687,200,0,0.015166112325465147,62.93647591023825,50,200,2026-04-04T05:02:16.865705
2026-04-03_20-07-03,1951,-82.36765157886414,200,0,0.016782404448224375,56.586217403180434,50,200,2026-04-04T05:02:21.967830
2026-04-03_20-07-03,1952,-142.2706497426144,200,0,0.015006090152632831,63.63961030678928,50,200,2026-04-04T05:02:26.703977
2026-04-03_20-07-03,1953,-77.9529940868654,200,0,0.01697743884386866,55.90169943749474,50,200,2026-04-04T05:03:19.212893
2026-04-03_20-07-03,1954,-661.4775840107767,200,0,0.014840830370231983,64.38167441127949,50,200,2026-04-04T05:03:23.499419
2026-04-03_20-07-03,1955,-162.0866465049952,200,0,0.014542338320164393,65.76473218982953,50,200,2026-04-04T05:03:27.135458
2026-04-03_20-07-03,1956,-101.28043690739347,200,0,0.014690933476920654,65.06919393998976,50,200,2026-04-04T05:03:31.064184
2026-04-03_20-07-03,1957,-78.59734503147827,200,0,0.017749838297735666,53.33854141237835,50,200,2026-04-04T05:03:38.960335
2026-04-03_20-07-03,1958,-74.48996352912746,200,0,0.017726259298275163,53.41348144429457,50,200,2026-04-04T05:03:44.780233
2026-04-03_20-07-03,1959,-101.96083879921386,200,0,0.015297568801352924,62.369864518050704,50,200,2026-04-04T05:03:50.068461
2026-04-03_20-07-03,1960,-219.89621595052603,200,0,0.014690933476920654,65.06919393998976,50,200,2026-04-04T05:03:52.708118
2026-04-03_20-07-03,1961,-75.41025610645138,200,0,0.017601141734774797,53.81449618829484,50,200,2026-04-04T05:03:58.668361
2026-04-03_20-07-03,1962,-95.72423706608521,200,0,0.014847677195736854,64.35060217278468,50,200,2026-04-04T05:04:04.577282
2026-04-03_20-07-03,1963,-88.40528190548862,200,0,0.016182209508224014,58.7962583843564,50,200,2026-04-04T05:04:09.271447
2026-04-03_20-07-03,1964,-57.07606143184916,200,0,0.020490153165339947,45.803929962395145,50,200,2026-04-04T05:04:17.957985
2026-04-03_20-07-03,1965,-81.43812976737016,200,0,0.017102579202553668,55.47071299343465,50,200,2026-04-04T05:04:26.867000
2026-04-03_20-07-03,1966,-94.85802272074156,200,0,0.015490702006891422,61.554853586049575,50,200,2026-04-04T05:04:30.785542
2026-04-03_20-07-03,1967,-92.76745172802416,200,0,0.015451867499167868,61.71709649683789,50,200,2026-04-04T05:04:37.036074
2026-04-03_20-07-03,1968,-78.51605693985924,200,0,0.017726259298275163,53.41348144429457,50,200,2026-04-04T05:04:42.421635
2026-04-03_20-07-03,1969,-98.18795486538838,200,0,0.015158808383651329,62.96824596572466,50,200,2026-04-04T05:05:35.112387
2026-04-03_20-07-03,1970,-74.17940896444446,200,0,0.027310858722518486,33.61547262794322,50,200,2026-04-04T05:05:49.477896
2026-04-03_20-07-03,1971,-87.29959327219905,200,0,0.016022096878742342,59.413803110051795,50,200,2026-04-04T05:05:55.069609
2026-04-03_20-07-03,1972,-105.10476607456522,200,0,0.014395109419717729,66.46803743153546,50,200,2026-04-04T05:05:58.410193
2026-04-03_20-07-03,1973,-42.77107235542919,200,0,0.023062266753840203,40.36087214122113,50,200,2026-04-04T05:06:08.321238
2026-04-03_20-07-03,1974,-100.92599528094875,200,0,0.014542338320164393,65.76473218982953,50,200,2026-04-04T05:06:13.063995
2026-04-03_20-07-03,1975,-82.12668285529914,200,0,0.02085748886548407,44.94441010848846,50,200,2026-04-04T05:06:21.910900
2026-04-03_20-07-03,1976,-46.48752072335124,200,0,0.022522277471536012,41.400483088968905,50,200,2026-04-04T05:06:32.880015
2026-04-03_20-07-03,1977,-78.02382345394743,200,0,0.016579645764233333,57.3149195236284,50,200,2026-04-04T05:06:39.930798
2026-04-03_20-07-03,1978,-75.97688879056184,200,0,0.017405890920246254,54.45181356024793,50,200,2026-04-04T05:06:46.641329
2026-04-03_20-07-03,1979,-84.5482595918584,200,0,0.016531896058015548,57.48912940721924,50,200,2026-04-04T05:06:50.747008
2026-04-03_20-07-03,1980,-71.9252158054255,200,0,0.01780920776408851,53.150729063673246,50,200,2026-04-04T05:06:57.601256
2026-04-03_20-07-03,1981,-79.15996848624219,200,0,0.01695685271338864,55.97320787662612,50,200,2026-04-04T05:07:03.784258
2026-04-03_20-07-03,1982,-186.44947552992562,200,0,0.014847677195736854,64.35060217278468,50,200,2026-04-04T05:07:08.361675
2026-04-03_20-07-03,1983,-62.00196706473905,200,0,0.019399039342314066,48.54894437575342,50,200,2026-04-04T05:07:15.251633
2026-04-03_20-07-03,1984,-41.7005790546225,200,0,0.02267079689600769,41.10960958218893,50,200,2026-04-04T05:07:24.771299
2026-04-03_20-07-03,1985,-83.91395516201938,200,0,0.016742729328367508,56.72741841473134,50,200,2026-04-04T05:08:19.767239
2026-04-03_20-07-03,1986,-88.48510974678621,200,0,0.016493997022009554,57.62811813689564,50,200,2026-04-04T05:08:24.690693
2026-04-03_20-07-03,1987,-99.1406898785864,200,0,0.014840830370231983,64.38167441127949,50,200,2026-04-04T05:08:29.724172
2026-04-03_20-07-03,1988,-1057.2290959991292,2,0,0.015134586458628056,65.05382386916237,50,200,2026-04-04T05:08:31.451121
2026-04-03_20-07-03,1989,-95.10531396624754,200,0,0.015490702006891422,61.554853586049575,50,200,2026-04-04T05:08:35.044774
2026-04-03_20-07-03,1990,-98.53485630233915,200,0,0.015002553017897154,63.655321851358195,50,200,2026-04-04T05:08:38.972970
2026-04-03_20-07-03,1991,-123.95746256909537,200,0,0.016834916333169702,56.4003546088143,50,200,2026-04-04T05:08:43.568208
2026-04-03_20-07-03,1992,-93.83501082533846,200,0,0.015451867499167868,61.71709649683789,50,200,2026-04-04T05:08:48.769881
2026-04-03_20-07-03,1993,-99.2071238499845,200,0,0.014542338320164393,65.76473218982953,50,200,2026-04-04T05:08:55.233733
2026-04-03_20-07-03,1994,-82.89403299703511,200,0,0.016379559980601005,58.05170109479997,50,200,2026-04-04T05:09:00.863357
2026-04-03_20-07-03,1995,-99.7607994928336,200,0,0.015006090152632831,63.63961030678928,50,200,2026-04-04T05:09:03.798800
2026-04-03_20-07-03,1996,-261.5164171393877,200,0,0.014694251449008376,65.05382386916237,50,200,2026-04-04T05:09:07.363781
2026-04-03_20-07-03,1997,-91.92985459421945,200,0,0.02133860281928074,43.86342439892262,50,200,2026-04-04T05:09:17.382103
2026-04-03_20-07-03,1998,-91.50194558414022,200,0,0.015498504677194942,61.5223536610881,50,200,2026-04-04T05:09:23.767331
2026-04-03_20-07-03,1999,-96.64469561099835,200,0,0.015297568801352924,62.369864518050704,50,200,2026-04-04T05:09:27.085424
2026-04-03_20-07-03,2000,-84.79928594134012,200,0,0.016379559980601005,58.05170109479997,50,200,2026-04-04T05:09:32.576696
2026-04-03_20-07-03,2001,-96.41758141588508,200,0,0.015327675363100063,62.24146527838174,50,200,2026-04-04T05:10:23.069956
2026-04-03_20-07-03,2002,-93.94429908062715,200,0,0.015327675363100063,62.24146527838174,50,200,2026-04-04T05:10:28.607949
2026-04-03_20-07-03,2003,-91.20629635799622,200,0,0.016379559980601005,58.05170109479997,50,200,2026-04-04T05:10:33.274376
2026-04-03_20-07-03,2004,-74.67538487844583,200,0,0.01780920776408851,53.150729063673246,50,200,2026-04-04T05:10:39.654312
2026-04-03_20-07-03,2005,-98.44883731891886,200,0,0.014991956837375139,63.702433234531945,50,200,2026-04-04T05:10:43.536363
2026-04-03_20-07-03,2006,-80.0057013628685,200,0,0.01666423056308451,57.0087712549569,50,200,2026-04-04T05:10:49.279588
2026-04-03_20-07-03,2007,-76.26214001088857,200,0,0.017618438119702342,53.75872022286245,50,200,2026-04-04T05:10:56.086179
2026-04-03_20-07-03,2008,-101.94271695780576,200,0,0.014542338320164393,65.76473218982953,50,200,2026-04-04T05:10:59.968639
2026-04-03_20-07-03,2009,-90.42775353007613,200,0,0.015987644818727064,59.54829972383762,50,200,2026-04-04T05:11:03.877650
2026-04-03_20-07-03,2010,-97.90355787019278,200,0,0.015002553017897154,63.655321851358195,50,200,2026-04-04T05:11:08.548091
2026-04-03_20-07-03,2011,-71.55497759395814,200,0,0.018049795406026893,52.40229002629561,50,200,2026-04-04T05:11:14.902832
2026-04-03_20-07-03,2012,-95.62866533720117,200,0,0.015297568801352924,62.369864518050704,50,200,2026-04-04T05:11:19.024997
2026-04-03_20-07-03,2013,-103.08457277100715,200,0,0.014542338320164393,65.76473218982953,50,200,2026-04-04T05:11:22.444312
2026-04-03_20-07-03,2014,-103.50414818467932,200,0,0.014395109419717729,66.46803743153546,50,200,2026-04-04T05:11:26.578301
2026-04-03_20-07-03,2015,-68.63906979610107,200,0,0.018220084638200296,51.884487084291386,50,200,2026-04-04T05:11:34.622097
2026-04-03_20-07-03,2016,-79.83770261067832,200,0,0.017195624441988366,55.154328932550705,50,200,2026-04-04T05:11:40.012810
2026-04-03_20-07-03,2017,-109.4866646930722,200,0,0.01831033958653701,51.61395160225576,50,200,2026-04-04T05:12:37.483705
2026-04-03_20-07-03,2018,-1152.487022992866,149,0,0.015598238781217546,61.61980201201558,50,200,2026-04-04T05:12:40.183559
2026-04-03_20-07-03,2019,-107.60227323220946,200,0,0.014542338320164393,65.76473218982953,50,200,2026-04-04T05:12:43.236042
2026-04-03_20-07-03,2020,-54.352635094572676,200,0,0.02069962966577141,45.31004303683677,50,200,2026-04-04T05:12:52.458189
2026-04-03_20-07-03,2021,-51.46313134800262,200,0,0.021009195071694707,44.598206241955516,50,200,2026-04-04T05:13:01.218793
2026-04-03_20-07-03,2022,-93.50193297246408,200,0,0.015655105496591208,60.876925020897694,50,200,2026-04-04T05:13:04.996829
2026-04-03_20-07-03,2023,-1117.5665408017392,131,0,0.02060254307693857,46.22769732530488,50,200,2026-04-04T05:13:11.923717
2026-04-03_20-07-03,2024,-103.86971852405783,200,0,0.014542338320164393,65.76473218982953,50,200,2026-04-04T05:13:15.137863
2026-04-03_20-07-03,2025,-1398.963199656358,103,0,0.018085309726893428,53.2634959423431,50,200,2026-04-04T05:13:21.284174
2026-04-03_20-07-03,2026,-60.14112040071449,200,0,0.018993797373463208,49.64876634922564,50,200,2026-04-04T05:13:31.978802
2026-04-03_20-07-03,2027,-54.19253061862575,200,0,0.02049473781964619,45.79301256742124,50,200,2026-04-04T05:13:40.876617
2026-04-03_20-07-03,2028,-83.16546382160121,200,0,0.016938902237140722,56.0357029044876,50,200,2026-04-04T05:13:45.869111
2026-04-03_20-07-03,2029,-1527.658748627844,133,0,0.018584545034518073,51.478150704935004,50,200,2026-04-04T05:13:54.933429
2026-04-03_20-07-03,2030,-1182.4949114748842,175,0,0.019474040623669756,48.60041152089147,50,200,2026-04-04T05:14:02.622877
2026-04-03_20-07-03,2031,-65.83858064732304,200,0,0.018668283955683724,50.566787519082126,50,200,2026-04-04T05:14:10.225198
2026-04-03_20-07-03,2032,-75.23076483362125,200,0,0.017174220679360835,55.226805085936306,50,200,2026-04-04T05:14:17.472730
2026-04-03_20-07-03,2033,-55.54651515689946,200,0,0.019733211026608157,47.67598976424087,50,200,2026-04-04T05:15:12.348821
2026-04-03_20-07-03,2034,-86.32475609553973,200,0,0.015987644818727064,59.54829972383762,50,200,2026-04-04T05:15:17.967556
2026-04-03_20-07-03,2035,-88.29256281980261,200,0,0.01620899952366611,58.69412236331676,50,200,2026-04-04T05:15:22.266262
2026-04-03_20-07-03,2036,-100.93995996976098,200,0,0.01946135575197761,48.38388161361178,50,200,2026-04-04T05:15:31.635759
2026-04-03_20-07-03,2037,-88.19257389514487,200,0,0.016200054488402352,58.728187440104094,50,200,2026-04-04T05:15:36.594178
2026-04-03_20-07-03,2038,-99.89365925699921,200,0,0.014840830370231983,64.38167441127949,50,200,2026-04-04T05:15:40.372715
2026-04-03_20-07-03,2039,-95.94118064929067,200,0,0.015002553017897154,63.655321851358195,50,200,2026-04-04T05:15:45.781943
2026-04-03_20-07-03,2040,-1072.137304758293,63,0,0.016188695482456987,60.14149981501958,50,200,2026-04-04T05:15:48.857377
2026-04-03_20-07-03,2041,-75.69703812877408,200,0,0.017328524620093738,54.70831746635972,50,200,2026-04-04T05:15:55.299482
2026-04-03_20-07-03,2042,-76.86866494226021,200,0,0.017419817700759666,54.405882034941776,50,200,2026-04-04T05:16:01.519617
2026-04-03_20-07-03,2043,-90.07919978709852,200,0,0.01584579237197416,60.108235708594876,50,200,2026-04-04T05:16:06.136383
2026-04-03_20-07-03,2044,-1137.874064146405,176,0,0.020092167960556094,47.01063709417264,50,200,2026-04-04T05:16:13.139930
2026-04-03_20-07-03,2045,-142.82499570719946,200,0,0.014542338320164393,65.76473218982953,50,200,2026-04-04T05:16:21.261719
2026-04-03_20-07-03,2046,-66.80284985394968,200,0,0.017908508535570113,52.839379254491625,50,200,2026-04-04T05:16:27.487202
2026-04-03_20-07-03,2047,-47.26232180046082,200,0,0.020954977172273126,44.721359549995796,50,200,2026-04-04T05:16:37.409173
2026-04-03_20-07-03,2048,-90.12090129438312,200,0,0.016026419329261153,59.39696961966999,50,200,2026-04-04T05:16:41.571432
2026-04-03_20-07-03,2049,-71.16763776317812,200,0,0.017589639595760997,53.85164807134504,50,200,2026-04-04T05:17:37.851329
2026-04-03_20-07-03,2050,-66.22364604941043,200,0,0.0187097764284376,50.44799302251776,50,200,2026-04-04T05:17:44.924301
2026-04-03_20-07-03,2051,-125.83602029260135,200,0,0.014847677195736854,64.35060217278468,50,200,2026-04-04T05:17:51.242794
2026-04-03_20-07-03,2052,-1226.4850750632784,108,0,0.016261801180362183,59.413803110051795,50,200,2026-04-04T05:17:54.764943
2026-04-03_20-07-03,2053,-99.1524170134356,200,0,0.014694251449008376,65.05382386916237,50,200,2026-04-04T05:17:58.784563
2026-04-03_20-07-03,2054,-1054.475961066123,45,0,0.0174145617595677,55.97320787662612,50,200,2026-04-04T05:18:02.365181
2026-04-03_20-07-03,2055,-98.10088872190235,200,0,0.015158808383651329,62.96824596572466,50,200,2026-04-04T05:18:05.655553
2026-04-03_20-07-03,2056,-1155.8498331922412,159,0,0.015924080888543423,60.207972893961475,50,200,2026-04-04T05:18:09.244700
2026-04-03_20-07-03,2057,-90.25375134242657,200,0,0.01582078896403802,60.207972893961475,50,200,2026-04-04T05:18:14.558208
2026-04-03_20-07-03,2058,-68.0433351762178,200,0,0.017347767675262683,54.644304369257,50,200,2026-04-04T05:18:24.204726
2026-04-03_20-07-03,2059,-67.38721294865165,200,0,0.018049795406026893,52.40229002629561,50,200,2026-04-04T05:18:33.385222
2026-04-03_20-07-03,2060,-99.60938987195446,200,0,0.014847677195736854,64.35060217278468,50,200,2026-04-04T05:18:38.301448
2026-04-03_20-07-03,2061,-91.11397272750315,200,0,0.015498504677194942,61.5223536610881,50,200,2026-04-04T05:18:44.732714
2026-04-03_20-07-03,2062,-159.538099742655,200,0,0.01983197446674889,47.4236228055175,50,200,2026-04-04T05:18:53.116923
2026-04-03_20-07-03,2063,-109.35011599247957,200,0,0.015498504677194942,61.5223536610881,50,200,2026-04-04T05:18:57.344281
2026-04-03_20-07-03,2064,-73.15396162969347,200,0,0.01751826787790118,54.08326913195984,50,200,2026-04-04T05:19:04.905693
2026-04-03_20-07-03,2065,-82.7127035076602,200,0,0.016862623549837707,56.302753041036986,50,200,2026-04-04T05:19:55.591540
2026-04-03_20-07-03,2066,-99.67527346215473,200,0,0.014991956837375139,63.702433234531945,50,200,2026-04-04T05:19:58.913450
2026-04-03_20-07-03,2067,-92.24716431727822,200,0,0.015795905494282912,60.30754513325841,50,200,2026-04-04T05:20:02.156636
2026-04-03_20-07-03,2068,-77.63791490815704,200,0,0.0173395126615257,54.67174773134658,50,200,2026-04-04T05:20:08.605240
2026-04-03_20-07-03,2069,-74.9248475931478,200,0,0.017845122120080055,53.03772242470448,50,200,2026-04-04T05:20:15.113065
2026-04-03_20-07-03,2070,-93.37777381382173,200,0,0.015498504677194942,61.5223536610881,50,200,2026-04-04T05:20:19.322193
2026-04-03_20-07-03,2071,-96.21043078791993,200,0,0.015297568801352924,62.369864518050704,50,200,2026-04-04T05:20:23.142172
2026-04-03_20-07-03,2072,-80.56927060308884,200,0,0.016938902237140722,56.0357029044876,50,200,2026-04-04T05:20:31.021469
2026-04-03_20-07-03,2073,-88.13504433166595,200,0,0.01639344262295082,58.0,50,200,2026-04-04T05:20:34.614323
2026-04-03_20-07-03,2074,-188.54236494381658,200,0,0.014542338320164393,65.76473218982953,50,200,2026-04-04T05:20:39.443406
2026-04-03_20-07-03,2075,-79.66813217045112,200,0,0.0169877605700044,55.86591089385369,50,200,2026-04-04T05:20:45.446833
2026-04-03_20-07-03,2076,-117.66422655432228,200,0,0.014395109419717729,66.46803743153546,50,200,2026-04-04T05:20:50.711231
2026-04-03_20-07-03,2077,-81.05487810008854,200,0,0.017110494323822657,55.44366510251645,50,200,2026-04-04T05:20:55.802509
2026-04-03_20-07-03,2078,-85.23065569412692,200,0,0.016493997022009554,57.62811813689564,50,200,2026-04-04T05:21:00.627759
2026-04-03_20-07-03,2079,-79.59589489202656,200,0,0.01717689170036648,55.21775076911409,50,200,2026-04-04T05:21:06.737802
2026-04-03_20-07-03,2080,-102.02486145821464,200,0,0.014694251449008376,65.05382386916237,50,200,2026-04-04T05:21:09.986439
2026-04-03_20-07-03,2081,-84.69888996000009,200,0,0.016579645764233333,57.3149195236284,50,200,2026-04-04T05:22:04.863248
2026-04-03_20-07-03,2082,-100.53261321896802,200,0,0.014694251449008376,65.05382386916237,50,200,2026-04-04T05:22:09.834127
2026-04-03_20-07-03,2083,-64.98835948253476,200,0,0.01862364991118559,50.695167422546305,50,200,2026-04-04T05:22:16.108291
2026-04-03_20-07-03,2084,-97.63344596827257,200,0,0.015166112325465147,62.93647591023825,50,200,2026-04-04T05:22:19.812432
2026-04-03_20-07-03,2085,-99.77305182229689,200,0,0.014991956837375139,63.702433234531945,50,200,2026-04-04T05:22:23.069468
2026-04-03_20-07-03,2086,-105.68313567165518,200,0,0.014395109419717729,66.46803743153546,50,200,2026-04-04T05:22:24.878711
2026-04-03_20-07-03,2087,-53.91042057319778,200,0,0.021230451519834655,44.10215414239989,50,200,2026-04-04T05:22:32.171214
2026-04-03_20-07-03,2088,-111.44673849506523,200,0,0.014395109419717729,66.46803743153546,50,200,2026-04-04T05:22:35.620947
2026-04-03_20-07-03,2089,-60.30717765757285,200,0,0.01993226789723963,47.16990566028302,50,200,2026-04-04T05:22:43.987226
2026-04-03_20-07-03,2090,-51.20705517731497,200,0,0.019652048850810646,47.885279575251516,50,200,2026-04-04T05:22:53.742225
2026-04-03_20-07-03,2091,-86.05636018386242,200,0,0.016356501754670582,58.137767414994535,50,200,2026-04-04T05:22:58.989444
2026-04-03_20-07-03,2092,-102.30882999482019,200,0,0.01607638457164266,59.20304046246274,50,200,2026-04-04T05:23:03.885061
2026-04-03_20-07-03,2093,-92.54773298954008,200,0,0.01563501554262549,60.959002616512684,50,200,2026-04-04T05:23:08.124544
2026-04-03_20-07-03,2094,-90.10777060133677,200,0,0.01582078896403802,60.207972893961475,50,200,2026-04-04T05:23:12.779436
2026-04-03_20-07-03,2095,-104.26593819339828,200,0,0.014542338320164393,65.76473218982953,50,200,2026-04-04T05:23:14.919061
2026-04-03_20-07-03,2096,-91.19900145694074,200,0,0.01563501554262549,60.959002616512684,50,200,2026-04-04T05:23:19.533691
2026-04-03_20-07-03,2097,-52.05918235249742,200,0,0.020141954387984495,46.647615158762406,50,200,2026-04-04T05:24:20.389909
2026-04-03_20-07-03,2098,-29.751532464329184,200,0,0.024038162141281273,38.600518131237564,50,200,2026-04-04T05:24:33.866344
2026-04-03_20-07-03,2099,-48.325952984207625,200,0,0.02139593248805571,43.73785545725808,50,200,2026-04-04T05:24:45.810633
2026-04-03_20-07-03,2100,-12.964925542452514,200,0,0.028648277767182987,31.906112267087632,50,200,2026-04-04T05:24:59.498609
2026-04-03_20-07-03,2101,-157.81791236630204,200,0,0.014991956837375139,63.702433234531945,50,200,2026-04-04T05:25:03.612297
2026-04-03_20-07-03,2102,-4.698288501106542,200,0,0.03178589131275333,28.460498941515414,50,200,2026-04-04T05:25:19.667656
2026-04-03_20-07-03,2103,-54.47689652451186,200,0,0.019399039342314066,48.54894437575342,50,200,2026-04-04T05:25:28.224489
2026-04-03_20-07-03,2104,-131.98408667460927,200,0,0.01531636424944194,62.289646009589745,50,200,2026-04-04T05:25:32.429435
2026-04-03_20-07-03,2105,-57.570652654551765,200,0,0.019798885267294845,47.50789408087881,50,200,2026-04-04T05:25:42.541022
2026-04-03_20-07-03,2106,-65.50473553006135,200,0,0.01989447604152175,47.265209192385896,50,200,2026-04-04T05:25:53.472642
2026-04-03_20-07-03,2107,-1055.9254858209858,172,0,0.027233115468409588,34.0,50,200,2026-04-04T05:26:04.715832
2026-04-03_20-07-03,2108,-1151.6340751903808,174,0,0.019765211247153153,47.853944456021594,50,200,2026-04-04T05:26:16.793446
2026-04-03_20-07-03,2109,-21.502624766071502,200,0,0.02631578947368421,35.0,50,200,2026-04-04T05:26:29.480386
2026-04-03_20-07-03,2110,-1060.0536647131594,121,0,0.02198932337599817,43.266615305567875,50,200,2026-04-04T05:26:38.050498
2026-04-03_20-07-03,2111,-54.428590970013786,200,0,0.01974956701560098,47.634021455258214,50,200,2026-04-04T05:26:47.965093
2026-04-03_20-07-03,2112,2.7063275365962216,200,0,0.03842942200852721,23.021728866442675,50,200,2026-04-04T05:27:03.483503
2026-04-03_20-07-03,2113,-88.45285583379345,200,0,0.015498504677194942,61.5223536610881,50,200,2026-04-04T05:27:58.136354
2026-04-03_20-07-03,2114,-1413.6759945299646,200,0,0.014542338320164393,65.76473218982953,50,200,2026-04-04T05:28:03.886846
2026-04-03_20-07-03,2115,-75.19912374979386,200,0,0.017833126082215954,53.075418038862395,50,200,2026-04-04T05:28:09.925733
2026-04-03_20-07-03,2116,-85.05230964911696,200,0,0.016379559980601005,58.05170109479997,50,200,2026-04-04T05:28:15.824722
2026-04-03_20-07-03,2117,-90.21686311992868,200,0,0.015655105496591208,60.876925020897694,50,200,2026-04-04T05:28:21.300031
2026-04-03_20-07-03,2118,-121.54382166818306,200,0,0.01883596765818911,50.08991914547278,50,200,2026-04-04T05:28:32.392329
2026-04-03_20-07-03,2119,-241.21207801180216,200,0,0.01639112635551034,58.008620049092706,50,200,2026-04-04T05:28:41.827216
2026-04-03_20-07-03,2120,-1384.1275980666846,150,0,0.01688407205253564,56.72741841473134,50,200,2026-04-04T05:28:47.311602
2026-04-03_20-07-03,2121,-87.52531873017968,200,0,0.01670824747570822,56.85068161420758,50,200,2026-04-04T05:28:54.882834
2026-04-03_20-07-03,2122,-1105.3861140435156,159,0,0.01882278001746604,50.53711507397311,50,200,2026-04-04T05:29:02.032141
2026-04-03_20-07-03,2123,-87.78374086410851,200,0,0.01600915083336377,59.464274989274024,50,200,2026-04-04T05:29:07.193537
2026-04-03_20-07-03,2124,-164.54776737597624,200,0,0.01719026586376767,55.17245689653489,50,200,2026-04-04T05:29:13.681387
2026-04-03_20-07-03,2125,-1048.334583637348,1,0,0.015464239121837704,63.655321851358195,50,200,2026-04-04T05:29:15.501764
2026-04-03_20-07-03,2126,-26.19538595397784,200,0,0.024143657412813286,38.41874542459709,50,200,2026-04-04T05:29:27.936348
2026-04-03_20-07-03,2127,-102.87472563435064,200,0,0.019995746067320595,47.01063709417264,50,200,2026-04-04T05:29:37.729994
2026-04-03_20-07-03,2128,-478.73495916039076,200,0,0.014991956837375139,63.702433234531945,50,200,2026-04-04T05:29:42.676537
2026-04-03_20-07-03,2129,-89.87972977564925,200,0,0.021088831277507953,44.41846462902562,50,200,2026-04-04T05:30:37.593828
2026-04-03_20-07-03,2130,-88.26865139685376,200,0,0.015795905494282912,60.30754513325841,50,200,2026-04-04T05:30:42.426153
2026-04-03_20-07-03,2131,-1045.2689468601611,1,0,0.0156380783423265,62.93647591023825,50,200,2026-04-04T05:30:44.288874
2026-04-03_20-07-03,2132,-1095.367042311013,118,0,0.016545868957617036,58.25804665451803,50,200,2026-04-04T05:30:48.277334
2026-04-03_20-07-03,2133,-72.1857634941915,200,0,0.01811543908120499,52.20153254455275,50,200,2026-04-04T05:30:54.603671
2026-04-03_20-07-03,2134,-53.82289866946261,200,0,0.020713829343795728,45.27692569068709,50,200,2026-04-04T05:31:03.930429
2026-04-03_20-07-03,2135,-42.45009491768035,200,0,0.021739130434782608,43.0,50,200,2026-04-04T05:31:17.686008
2026-04-03_20-07-03,2136,-93.76137993422238,200,0,0.015498504677194942,61.5223536610881,50,200,2026-04-04T05:31:22.168573
2026-04-03_20-07-03,2137,-278.86428260043033,200,0,0.014694251449008376,65.05382386916237,50,200,2026-04-04T05:31:24.687468
2026-04-03_20-07-03,2138,-1168.0882200815383,137,0,0.019317565974276554,49.39635614091387,50,200,2026-04-04T05:31:30.537021
2026-04-03_20-07-03,2139,-72.31825643275357,200,0,0.017726259298275163,53.41348144429457,50,200,2026-04-04T05:31:37.716751
2026-04-03_20-07-03,2140,-120.99203242707334,200,0,0.015762912443755845,60.440052945046304,50,200,2026-04-04T05:31:45.903386
2026-04-03_20-07-03,2141,-49.38285228471785,200,0,0.020051264433743995,46.87216658103186,50,200,2026-04-04T05:31:54.548158
2026-04-03_20-07-03,2142,-68.06107394236679,200,0,0.01813117640782781,52.15361924162119,50,200,2026-04-04T05:32:01.864924
2026-04-03_20-07-03,2143,-69.30589152251801,200,0,0.018068476496964338,52.3450093132096,50,200,2026-04-04T05:32:09.273152
2026-04-03_20-07-03,2144,-1075.2676478152375,158,0,0.021670330986703807,43.56604182158393,50,200,2026-04-04T05:32:20.274465
2026-04-03_20-07-03,2145,-59.30687394882053,200,0,0.01928763103377335,48.84669896727925,50,200,2026-04-04T05:33:13.716746
2026-04-03_20-07-03,2146,-74.42399452790059,200,0,0.01751826787790118,54.08326913195984,50,200,2026-04-04T05:33:19.378885
2026-04-03_20-07-03,2147,-96.93815118734017,200,0,0.015166112325465147,62.93647591023825,50,200,2026-04-04T05:33:23.219497
2026-04-03_20-07-03,2148,-91.56542136165,200,0,0.015762912443755845,60.440052945046304,50,200,2026-04-04T05:33:27.722861
2026-04-03_20-07-03,2149,-96.17863670468513,200,0,0.015327675363100063,62.24146527838174,50,200,2026-04-04T05:33:31.430299
2026-04-03_20-07-03,2150,-93.8687800156525,200,0,0.015607021214299889,61.07372593840988,50,200,2026-04-04T05:33:35.195150
2026-04-03_20-07-03,2151,-81.96387460173742,200,0,0.016610909771468087,57.201398584300364,50,200,2026-04-04T05:33:41.804250
2026-04-03_20-07-03,2152,-102.79422882952831,200,0,0.014542338320164393,65.76473218982953,50,200,2026-04-04T05:33:45.453660
2026-04-03_20-07-03,2153,-93.83730367515432,200,0,0.015166112325465147,62.93647591023825,50,200,2026-04-04T05:33:51.076644
2026-04-03_20-07-03,2154,-87.28166706725753,200,0,0.01591941320116355,59.81638571495272,50,200,2026-04-04T05:33:56.849016
2026-04-03_20-07-03,2155,-86.84148172890248,200,0,0.015297568801352924,62.369864518050704,50,200,2026-04-04T05:34:03.495462
2026-04-03_20-07-03,2156,-119.15686335826906,200,0,0.014694251449008376,65.05382386916237,50,200,2026-04-04T05:34:06.924803
2026-04-03_20-07-03,2157,-95.97632812469121,200,0,0.015166112325465147,62.93647591023825,50,200,2026-04-04T05:34:11.969365
2026-04-03_20-07-03,2158,-78.81865905332808,200,0,0.01666423056308451,57.0087712549569,50,200,2026-04-04T05:34:18.515685
2026-04-03_20-07-03,2159,-3697.39080022606,200,0,0.014847677195736854,64.35060217278468,50,200,2026-04-04T05:34:21.173222
2026-04-03_20-07-03,2160,-80.33550613249804,200,0,0.017845122120080055,53.03772242470448,50,200,2026-04-04T05:34:29.183688
2026-04-03_20-07-03,2161,-92.03889054685982,200,0,0.015607021214299889,61.07372593840988,50,200,2026-04-04T05:35:23.285874
2026-04-03_20-07-03,2162,-65.28142325541073,200,0,0.01811543908120499,52.20153254455275,50,200,2026-04-04T05:35:33.527508
2026-04-03_20-07-03,2163,-89.4438574537336,200,0,0.017908508535570113,52.839379254491625,50,200,2026-04-04T05:35:43.229859
2026-04-03_20-07-03,2164,-382.08192962966166,200,0,0.014694251449008376,65.05382386916237,50,200,2026-04-04T05:35:46.300635
2026-04-03_20-07-03,2165,-76.01167873991551,200,0,0.017063170644771773,55.60575509783138,50,200,2026-04-04T05:35:54.636716
2026-04-03_20-07-03,2166,-75.33984126821376,200,0,0.017174220679360835,55.226805085936306,50,200,2026-04-04T05:36:02.309561
2026-04-03_20-07-03,2167,-70.14224022937405,200,0,0.01777351341667012,53.2634959423431,50,200,2026-04-04T05:36:10.536358
2026-04-03_20-07-03,2168,-1146.2031316968746,166,0,0.01794191261475305,53.075418038862395,50,200,2026-04-04T05:36:16.991242
2026-04-03_20-07-03,2169,-49.034490738758606,200,0,0.0201724648559167,46.57252408878007,50,200,2026-04-04T05:36:25.645055
2026-04-03_20-07-03,2170,-1162.6326528519426,87,0,0.016502143747920032,58.728187440104094,50,200,2026-04-04T05:36:29.163825
2026-04-03_20-07-03,2171,-44.276681453303325,200,0,0.021833170114133514,42.80186911806539,50,200,2026-04-04T05:36:40.665644
2026-04-03_20-07-03,2172,-41.93207022984539,200,0,0.021956743349453245,42.5440947723653,50,200,2026-04-04T05:36:51.985493
2026-04-03_20-07-03,2173,-59.320764911807075,200,0,0.018518518518518517,51.0,50,200,2026-04-04T05:37:02.276462
2026-04-03_20-07-03,2174,-1206.642667018269,151,0,0.01869152060958473,50.99019513592785,50,200,2026-04-04T05:37:11.236362
2026-04-03_20-07-03,2175,-346.2710818689858,200,0,0.014690933476920654,65.06919393998976,50,200,2026-04-04T05:37:17.148917
2026-04-03_20-07-03,2176,-68.45161842796676,200,0,0.017833126082215954,53.075418038862395,50,200,2026-04-04T05:37:25.819795
2026-04-03_20-07-03,2177,-82.22379513518081,200,0,0.01639344262295082,58.0,50,200,2026-04-04T05:38:20.558685
2026-04-03_20-07-03,2178,-1175.9780825223565,187,0,0.017056577923609387,55.758407437802596,50,200,2026-04-04T05:38:26.291617
2026-04-03_20-07-03,2179,-72.86084473438785,200,0,0.0173395126615257,54.67174773134658,50,200,2026-04-04T05:38:34.182176
2026-04-03_20-07-03,2180,-90.8110599292604,200,0,0.015451867499167868,61.71709649683789,50,200,2026-04-04T05:38:39.899715
2026-04-03_20-07-03,2181,-100.41981973636508,200,0,0.014840830370231983,64.38167441127949,50,200,2026-04-04T05:38:44.009878
2026-04-03_20-07-03,2182,-85.49321377059167,200,0,0.01582078896403802,60.207972893961475,50,200,2026-04-04T05:38:50.701759
2026-04-03_20-07-03,2183,-96.86078608916691,200,0,0.015006090152632831,63.63961030678928,50,200,2026-04-04T05:38:56.106898
2026-04-03_20-07-03,2184,-97.40069593231273,200,0,0.014991956837375139,63.702433234531945,50,200,2026-04-04T05:39:00.323676
2026-04-03_20-07-03,2185,-86.35817124914394,200,0,0.01600915083336377,59.464274989274024,50,200,2026-04-04T05:39:05.982519
2026-04-03_20-07-03,2186,-72.1747697853446,200,0,0.017405890920246254,54.45181356024793,50,200,2026-04-04T05:39:13.712804
2026-04-03_20-07-03,2187,-74.2741700282844,200,0,0.017618438119702342,53.75872022286245,50,200,2026-04-04T05:39:20.135563
2026-04-03_20-07-03,2188,-1081.1780647028663,67,0,0.015478324516405469,62.93647591023825,50,200,2026-04-04T05:39:22.169916
2026-04-03_20-07-03,2189,-79.32623549325407,200,0,0.020573161276661284,45.60701700396552,50,200,2026-04-04T05:39:33.462877
2026-04-03_20-07-03,2190,-1070.3810400640182,102,0,0.01840065150701744,52.32590180780452,50,200,2026-04-04T05:39:39.560090
2026-04-03_20-07-03,2191,-115.41750360879885,200,0,0.015490702006891422,61.554853586049575,50,200,2026-04-04T05:39:49.883113
2026-04-03_20-07-03,2192,-71.70844108526313,200,0,0.017372604940301534,54.56189146281496,50,200,2026-04-04T05:39:57.071336
2026-04-03_20-07-03,2193,-56.57133617186075,200,0,0.019652048850810646,47.885279575251516,50,200,2026-04-04T05:40:51.694209
2026-04-03_20-07-03,2194,-130.1807399479476,200,0,0.014690933476920654,65.06919393998976,50,200,2026-04-04T05:40:56.139836
2026-04-03_20-07-03,2195,-97.41229618597693,200,0,0.01566719731860802,60.8276253029822,50,200,2026-04-04T05:41:02.864644
2026-04-03_20-07-03,2196,-74.04073995027315,200,0,0.01751826787790118,54.08326913195984,50,200,2026-04-04T05:41:10.224718
2026-04-03_20-07-03,2197,-88.4398145982345,200,0,0.015762912443755845,60.440052945046304,50,200,2026-04-04T05:41:16.059830
2026-04-03_20-07-03,2198,-83.18486755293883,200,0,0.01639112635551034,58.008620049092706,50,200,2026-04-04T05:41:21.762711
2026-04-03_20-07-03,2199,-75.81300451694482,200,0,0.01714758005367333,55.31726674375732,50,200,2026-04-04T05:41:30.653828
2026-04-03_20-07-03,2200,-33.46228130557745,200,0,0.024874291254892034,37.20215047547655,50,200,2026-04-04T05:41:44.115628
2026-04-03_20-07-03,2201,-72.49597805319357,200,0,0.01811543908120499,52.20153254455275,50,200,2026-04-04T05:41:49.940448
2026-04-03_20-07-03,2202,-101.48946592525236,200,0,0.014840830370231983,64.38167441127949,50,200,2026-04-04T05:41:52.245199
2026-04-03_20-07-03,2203,-84.96362068517301,200,0,0.016531896058015548,57.48912940721924,50,200,2026-04-04T05:41:56.836321
2026-04-03_20-07-03,2204,-57.54433246994193,200,0,0.0187097764284376,50.44799302251776,50,200,2026-04-04T05:42:06.705396
2026-04-03_20-07-03,2205,-89.20343484706201,200,0,0.015655105496591208,60.876925020897694,50,200,2026-04-04T05:42:13.484801
2026-04-03_20-07-03,2206,-86.3084763967281,200,0,0.016026419329261153,59.39696961966999,50,200,2026-04-04T05:42:18.501676
2026-04-03_20-07-03,2207,-72.2281771188169,200,0,0.017782416501530854,53.23532661682466,50,200,2026-04-04T05:42:26.042003
2026-04-03_20-07-03,2208,-211.08039350943284,200,0,0.014542338320164393,65.76473218982953,50,200,2026-04-04T05:42:28.813831
2026-04-03_20-07-03,2209,-1084.9535664435605,110,0,0.0173292940765553,55.60575509783138,50,200,2026-04-04T05:43:24.453226
2026-04-03_20-07-03,2210,-189.04403283421942,200,0,0.02547826660596453,36.24913792078372,50,200,2026-04-04T05:43:39.781595
2026-04-03_20-07-03,2211,-1059.328060062997,18,0,0.015588890778624163,62.96824596572466,50,200,2026-04-04T05:43:41.957338
2026-04-03_20-07-03,2212,-52.859435249174005,200,0,0.019949135023414426,47.12748667179272,50,200,2026-04-04T05:43:50.381550
2026-04-03_20-07-03,2213,-1079.3248073277666,59,0,0.015326769362532973,63.655321851358195,50,200,2026-04-04T05:43:52.393918
2026-04-03_20-07-03,2214,-68.35891444940445,200,0,0.017929790780920406,52.773099207835045,50,200,2026-04-04T05:44:02.200851
2026-04-03_20-07-03,2215,-52.89156807959895,200,0,0.019652048850810646,47.885279575251516,50,200,2026-04-04T05:44:12.723930
2026-04-03_20-07-03,2216,-93.48548892830367,200,0,0.015331451396431838,62.22539674441618,50,200,2026-04-04T05:44:18.201179
2026-04-03_20-07-03,2217,-37.519310865465016,200,0,0.022358713677858043,41.72529209005013,50,200,2026-04-04T05:44:29.882749
2026-04-03_20-07-03,2218,-233.46914385523152,200,0,0.014694251449008376,65.05382386916237,50,200,2026-04-04T05:44:32.332500
2026-04-03_20-07-03,2219,-65.29099891673933,200,0,0.018382221459774244,51.40038910358559,50,200,2026-04-04T05:44:42.134168
2026-04-03_20-07-03,2220,-67.83998684368203,200,0,0.017854135352657726,53.009433122794285,50,200,2026-04-04T05:44:50.555197
2026-04-03_20-07-03,2221,-105.8377085659927,200,0,0.014991956837375139,63.702433234531945,50,200,2026-04-04T05:44:54.058077
2026-04-03_20-07-03,2222,-55.521018943315646,200,0,0.019399039342314066,48.54894437575342,50,200,2026-04-04T05:45:04.535934
2026-04-03_20-07-03,2223,-85.96068099952326,200,0,0.016283375687934448,58.412327466040935,50,200,2026-04-04T05:45:09.926475
2026-04-03_20-07-03,2224,-73.0136519829973,200,0,0.018505084984861087,51.03920062069938,50,200,2026-04-04T05:45:15.984480
2026-04-03_20-07-03,2225,-81.7164161093905,200,0,0.01692611593470657,56.08029957123981,50,200,2026-04-04T05:46:06.323334
2026-04-03_20-07-03,2226,-70.60898744442204,200,0,0.017405890920246254,54.45181356024793,50,200,2026-04-04T05:46:14.069048
2026-04-03_20-07-03,2227,-61.58937201553347,200,0,0.019140848099743594,49.24428900898052,50,200,2026-04-04T05:46:23.665134
2026-04-03_20-07-03,2228,-76.90968528267935,200,0,0.017481502537204034,54.20332093147061,50,200,2026-04-04T05:46:29.080087
2026-04-03_20-07-03,2229,-83.16313045704005,200,0,0.021093839338945,44.40720662234904,50,200,2026-04-04T05:46:39.135956
2026-04-03_20-07-03,2230,-215.26505555493412,200,0,0.015144232602744119,63.0317380372777,50,200,2026-04-04T05:46:46.971072
2026-04-03_20-07-03,2231,-77.14415895657119,200,0,0.01695685271338864,55.97320787662612,50,200,2026-04-04T05:46:55.097598
2026-04-03_20-07-03,2232,-90.50679611813322,200,0,0.015795905494282912,60.30754513325841,50,200,2026-04-04T05:47:00.395931
2026-04-03_20-07-03,2233,-52.017996256707825,200,0,0.020141954387984495,46.647615158762406,50,200,2026-04-04T05:47:11.239224
2026-04-03_20-07-03,2234,-81.11760360243422,200,0,0.016834916333169702,56.4003546088143,50,200,2026-04-04T05:47:19.569469
2026-04-03_20-07-03,2235,-98.62814651639667,200,0,0.014840830370231983,64.38167441127949,50,200,2026-04-04T05:47:23.865462
2026-04-03_20-07-03,2236,-74.52751953619429,200,0,0.017975657177748305,52.630789467763066,50,200,2026-04-04T05:47:30.030762
2026-04-03_20-07-03,2237,-76.72208783897389,200,0,0.017372604940301534,54.56189146281496,50,200,2026-04-04T05:47:35.482350
2026-04-03_20-07-03,2238,-53.45557708825651,200,0,0.020490153165339947,45.803929962395145,50,200,2026-04-04T05:47:43.421964
2026-04-03_20-07-03,2239,-1053.017041231542,21,0,0.0157640694520922,62.22539674441618,50,200,2026-04-04T05:47:45.662098
2026-04-03_20-07-03,2240,-146.9274495024076,200,0,0.014694251449008376,65.05382386916237,50,200,2026-04-04T05:47:49.123550
2026-04-03_20-07-03,2241,-1120.7059372997423,190,0,0.016985655038461403,55.97320787662612,50,200,2026-04-04T05:48:42.066951
2026-04-03_20-07-03,2242,-92.97061634219344,200,0,0.015451867499167868,61.71709649683789,50,200,2026-04-04T05:48:46.812565
2026-04-03_20-07-03,2243,-91.82035382634136,200,0,0.015006090152632831,63.63961030678928,50,200,2026-04-04T05:48:54.387730
2026-04-03_20-07-03,2244,-83.99432331335478,200,0,0.016742729328367508,56.72741841473134,50,200,2026-04-04T05:48:59.387763
2026-04-03_20-07-03,2245,-68.30900686211388,200,0,0.017749838297735666,53.33854141237835,50,200,2026-04-04T05:49:08.537665
2026-04-03_20-07-03,2246,-1175.4128428090316,191,0,0.017322652328401036,54.817880294662984,50,200,2026-04-04T05:49:14.131593
2026-04-03_20-07-03,2247,-83.98937140083065,200,0,0.016742729328367508,56.72741841473134,50,200,2026-04-04T05:49:20.701414
2026-04-03_20-07-03,2248,-1135.904397772649,144,0,0.01779989224676522,53.74011537017761,50,200,2026-04-04T05:49:26.672374
2026-04-03_20-07-03,2249,-88.62126011949091,200,0,0.016182209508224014,58.7962583843564,50,200,2026-04-04T05:49:30.659165
2026-04-03_20-07-03,2250,-73.35701775721064,200,0,0.017419817700759666,54.405882034941776,50,200,2026-04-04T05:49:40.594492
2026-04-03_20-07-03,2251,-71.79881966490453,200,0,0.017833126082215954,53.075418038862395,50,200,2026-04-04T05:49:46.829123
2026-04-03_20-07-03,2252,-129.1722598719932,200,0,0.014542338320164393,65.76473218982953,50,200,2026-04-04T05:49:49.931291
2026-04-03_20-07-03,2253,-54.960010273404556,200,0,0.019081610735255966,49.4064773081425,50,200,2026-04-04T05:50:00.694072
2026-04-03_20-07-03,2254,-84.11658976240658,200,0,0.01620899952366611,58.69412236331676,50,200,2026-04-04T05:50:06.331579
2026-04-03_20-07-03,2255,-74.20326531378772,200,0,0.0190192817578449,49.57822102496216,50,200,2026-04-04T05:50:12.596057
2026-04-03_20-07-03,2256,-1303.7474137997235,199,0,0.017776672956022997,53.2634959423431,50,200,2026-04-04T05:50:21.414517
2026-04-03_20-07-03,2257,-92.67821162659334,200,0,0.015607021214299889,61.07372593840988,50,200,2026-04-04T05:51:14.253726
2026-04-03_20-07-03,2258,-95.66097997547217,200,0,0.015327675363100063,62.24146527838174,50,200,2026-04-04T05:51:18.052891
2026-04-03_20-07-03,2259,-91.34992625365332,200,0,0.015795905494282912,60.30754513325841,50,200,2026-04-04T05:51:22.378376
2026-04-03_20-07-03,2260,-98.3944768153007,200,0,0.014840830370231983,64.38167441127949,50,200,2026-04-04T05:51:27.251598
2026-04-03_20-07-03,2261,-85.88048781725205,200,0,0.016324386013151563,58.25804665451803,50,200,2026-04-04T05:51:32.650043
2026-04-03_20-07-03,2262,-248.1271395383344,200,0,0.014542338320164393,65.76473218982953,50,200,2026-04-04T05:51:36.152507
2026-04-03_20-07-03,2263,-90.75023359612786,200,0,0.015987644818727064,59.54829972383762,50,200,2026-04-04T05:51:39.684875
2026-04-03_20-07-03,2264,-99.28480843420625,200,0,0.014542338320164393,65.76473218982953,50,200,2026-04-04T05:51:45.499649
2026-04-03_20-07-03,2265,-91.87356097266162,200,0,0.015144232602744119,63.0317380372777,50,200,2026-04-04T05:51:51.093495
2026-04-03_20-07-03,2266,-63.86082463562691,200,0,0.018825352115288324,50.11985634456667,50,200,2026-04-04T05:51:58.488208
2026-04-03_20-07-03,2267,-1144.0299395714524,178,0,0.015216884139768757,62.93647591023825,50,200,2026-04-04T05:52:04.522304
2026-04-03_20-07-03,2268,-1186.8601962861053,176,0,0.017008045666610693,56.0357029044876,50,200,2026-04-04T05:52:11.207645
2026-04-03_20-07-03,2269,-132.69689851384868,200,0,0.014395109419717729,66.46803743153546,50,200,2026-04-04T05:52:13.074101
2026-04-03_20-07-03,2270,-75.92481403709479,200,0,0.0173395126615257,54.67174773134658,50,200,2026-04-04T05:52:20.248270
2026-04-03_20-07-03,2271,-71.81736240970052,200,0,0.018024978890203172,52.478567053607705,50,200,2026-04-04T05:52:26.256645
2026-04-03_20-07-03,2272,-92.88614959794324,200,0,0.015655105496591208,60.876925020897694,50,200,2026-04-04T05:52:30.542458
2026-04-03_20-07-03,2273,-97.65187236492574,200,0,0.015158808383651329,62.96824596572466,50,200,2026-04-04T05:53:23.377526
2026-04-03_20-07-03,2274,-94.92826871533201,200,0,0.015451867499167868,61.71709649683789,50,200,2026-04-04T05:53:27.496725
2026-04-03_20-07-03,2275,-1178.3527076030355,112,0,0.0150372153611577,64.38167441127949,50,200,2026-04-04T05:53:29.915576
2026-04-03_20-07-03,2276,-99.74244580542222,200,0,0.014991956837375139,63.702433234531945,50,200,2026-04-04T05:53:33.273521
2026-04-03_20-07-03,2277,-97.59457647437463,200,0,0.014847677195736854,64.35060217278468,50,200,2026-04-04T05:53:39.189789
2026-04-03_20-07-03,2278,-99.1991213162654,200,0,0.014847677195736854,64.35060217278468,50,200,2026-04-04T05:53:43.449220
2026-04-03_20-07-03,2279,-96.48965575344324,200,0,0.015331451396431838,62.22539674441618,50,200,2026-04-04T05:53:46.761670
2026-04-03_20-07-03,2280,-97.82321106128252,200,0,0.015158808383651329,62.96824596572466,50,200,2026-04-04T05:53:50.351969
2026-04-03_20-07-03,2281,-102.57989019625174,200,0,0.014690933476920654,65.06919393998976,50,200,2026-04-04T05:53:53.205591
2026-04-03_20-07-03,2282,-76.02522443525008,200,0,0.01757242937099559,53.907327887774215,50,200,2026-04-04T05:53:59.613815
2026-04-03_20-07-03,2283,-97.80243350358221,200,0,0.014991956837375139,63.702433234531945,50,200,2026-04-04T05:54:04.151610
2026-04-03_20-07-03,2284,-97.53962953761669,200,0,0.015158808383651329,62.96824596572466,50,200,2026-04-04T05:54:07.681750
2026-04-03_20-07-03,2285,-99.38147763172496,200,0,0.015002553017897154,63.655321851358195,50,200,2026-04-04T05:54:10.741874
2026-04-03_20-07-03,2286,-101.20993200504033,200,0,0.014694251449008376,65.05382386916237,50,200,2026-04-04T05:54:15.100329
2026-04-03_20-07-03,2287,-100.69067044731446,200,0,0.014847677195736854,64.35060217278468,50,200,2026-04-04T05:54:18.848372
2026-04-03_20-07-03,2288,-99.24723808334653,200,0,0.014991956837375139,63.702433234531945,50,200,2026-04-04T05:54:23.106716
2026-04-03_20-07-03,2289,-80.78316255414532,200,0,0.016742729328367508,56.72741841473134,50,200,2026-04-04T05:55:17.904144
2026-04-03_20-07-03,2290,-97.40077528874731,200,0,0.014991956837375139,63.702433234531945,50,200,2026-04-04T05:55:23.104139
2026-04-03_20-07-03,2291,-99.71145330684084,200,0,0.014690933476920654,65.06919393998976,50,200,2026-04-04T05:55:28.000500
2026-04-03_20-07-03,2292,-87.73042536934958,200,0,0.016283375687934448,58.412327466040935,50,200,2026-04-04T05:55:31.974337
2026-04-03_20-07-03,2293,-65.62373476855191,200,0,0.018481647851218804,51.10772935672255,50,200,2026-04-04T05:55:41.440501
2026-04-03_20-07-03,2294,-77.51714293462986,200,0,0.01729568768179672,54.817880294662984,50,200,2026-04-04T05:55:47.547704
2026-04-03_20-07-03,2295,-83.46956557856713,200,0,0.015762912443755845,60.440052945046304,50,200,2026-04-04T05:55:55.470703
2026-04-03_20-07-03,2296,-73.59100565964712,200,0,0.017328524620093738,54.70831746635972,50,200,2026-04-04T05:56:04.407819
2026-04-03_20-07-03,2297,-92.32726405628932,200,0,0.015144232602744119,63.0317380372777,50,200,2026-04-04T05:56:11.816334
2026-04-03_20-07-03,2298,-80.61736916785398,200,0,0.016767492664590555,56.639209034025185,50,200,2026-04-04T05:56:17.454029
2026-04-03_20-07-03,2299,-88.85383802514971,200,0,0.01582078896403802,60.207972893961475,50,200,2026-04-04T05:56:23.571904
2026-04-03_20-07-03,2300,-91.16069657620406,200,0,0.015451867499167868,61.71709649683789,50,200,2026-04-04T05:56:29.555522
2026-04-03_20-07-03,2301,-75.88363759746713,200,0,0.017532471434017583,54.037024344425184,50,200,2026-04-04T05:56:36.247608
2026-04-03_20-07-03,2302,-135.37227937671656,200,0,0.014395109419717729,66.46803743153546,50,200,2026-04-04T05:56:40.345132
2026-04-03_20-07-03,2303,-93.73599143303272,200,0,0.015475132526931253,61.61980201201558,50,200,2026-04-04T05:56:44.653219
2026-04-03_20-07-03,2304,-100.32598858876769,200,0,0.014694251449008376,65.05382386916237,50,200,2026-04-04T05:56:49.043441
2026-04-03_20-07-03,2305,-82.73985128755177,200,0,0.016834916333169702,56.4003546088143,50,200,2026-04-04T05:57:43.653470
2026-04-03_20-07-03,2306,-47.134136899989464,200,0,0.020367543613641036,46.09772228646444,50,200,2026-04-04T05:57:56.855477
2026-04-03_20-07-03,2307,-63.16676914798059,200,0,0.018505084984861087,51.03920062069938,50,200,2026-04-04T05:58:07.125116
2026-04-03_20-07-03,2308,-94.34041111054836,200,0,0.015002553017897154,63.655321851358195,50,200,2026-04-04T05:58:13.324772
2026-04-03_20-07-03,2309,-77.17274221434937,200,0,0.01714758005367333,55.31726674375732,50,200,2026-04-04T05:58:20.444835
2026-04-03_20-07-03,2310,-1165.3947069365313,141,0,0.018556955228905665,51.478150704935004,50,200,2026-04-04T05:58:26.743949
2026-04-03_20-07-03,2311,-83.60155084146103,200,0,0.016283375687934448,58.412327466040935,50,200,2026-04-04T05:58:32.602454
2026-04-03_20-07-03,2312,-169.32095304201655,200,0,0.01563501554262549,60.959002616512684,50,200,2026-04-04T05:58:41.454026
2026-04-03_20-07-03,2313,-113.45895933801303,200,0,0.0201943449644789,46.51881339845203,50,200,2026-04-04T05:58:51.323373
2026-04-03_20-07-03,2314,-68.69753823184116,200,0,0.017975657177748305,52.630789467763066,50,200,2026-04-04T05:58:58.846721
2026-04-03_20-07-03,2315,-1146.665628396328,133,0,0.017183337877878534,55.86591089385369,50,200,2026-04-04T05:59:05.544519
2026-04-03_20-07-03,2316,-55.15680260276794,200,0,0.020573161276661284,45.60701700396552,50,200,2026-04-04T05:59:14.194286
2026-04-03_20-07-03,2317,-72.55613135779406,200,0,0.01777351341667012,53.2634959423431,50,200,2026-04-04T05:59:20.939386
2026-04-03_20-07-03,2318,-1072.0238519570519,77,0,0.016730801405387317,58.0,50,200,2026-04-04T05:59:25.630949
2026-04-03_20-07-03,2319,-73.55526958761976,200,0,0.017601141734774797,53.81449618829484,50,200,2026-04-04T05:59:32.710174
2026-04-03_20-07-03,2320,-1122.8603433187066,101,0,0.019778893969146446,48.54894437575342,50,200,2026-04-04T05:59:38.939622
2026-04-03_20-07-03,2321,-66.92278137721677,200,0,0.01826826584749105,51.73973328110612,50,200,2026-04-04T06:00:30.315279
2026-04-03_20-07-03,2322,-80.41238381076779,200,0,0.016379559980601005,58.05170109479997,50,200,2026-04-04T06:00:37.766910
2026-04-03_20-07-03,2323,-71.47409927734964,200,0,0.0185420991539603,50.93132631298737,50,200,2026-04-04T06:00:47.779506
2026-04-03_20-07-03,2324,-74.48232575664395,200,0,0.017688146747391213,53.53503525729669,50,200,2026-04-04T06:00:55.248302
2026-04-03_20-07-03,2325,-83.73424514208618,200,0,0.01607638457164266,59.20304046246274,50,200,2026-04-04T06:01:01.369470
2026-04-03_20-07-03,2326,-83.07318571147754,200,0,0.016493997022009554,57.62811813689564,50,200,2026-04-04T06:01:07.531876
2026-04-03_20-07-03,2327,-83.11289328557848,200,0,0.01844168026748099,51.22499389946279,50,200,2026-04-04T06:01:15.283455
2026-04-03_20-07-03,2328,-112.1914567517878,200,0,0.015957683908956685,59.665735560705194,50,200,2026-04-04T06:01:20.160848
2026-04-03_20-07-03,2329,-76.73159749964064,200,0,0.01639112635551034,58.008620049092706,50,200,2026-04-04T06:01:29.190821
2026-04-03_20-07-03,2330,-1173.5455988424421,196,0,0.02135683181734588,43.86342439892262,50,200,2026-04-04T06:01:39.895075
2026-04-03_20-07-03,2331,-67.92471901013188,200,0,0.017857142857142856,53.0,50,200,2026-04-04T06:01:47.957997
2026-04-03_20-07-03,2332,-81.7599215946623,200,0,0.01639344262295082,58.0,50,200,2026-04-04T06:01:53.304668
2026-04-03_20-07-03,2333,-83.78023292599828,200,0,0.016579645764233333,57.3149195236284,50,200,2026-04-04T06:01:57.709288
2026-04-03_20-07-03,2334,-77.29328914255528,200,0,0.0169877605700044,55.86591089385369,50,200,2026-04-04T06:02:04.764952
2026-04-03_20-07-03,2335,-75.66790609894666,200,0,0.01639112635551034,58.008620049092706,50,200,2026-04-04T06:02:15.067514
2026-04-03_20-07-03,2336,-80.95799156290433,200,0,0.016493997022009554,57.62811813689564,50,200,2026-04-04T06:02:20.090861
2026-04-03_20-07-03,2337,-89.46617395886932,200,0,0.01566719731860802,60.8276253029822,50,200,2026-04-04T06:03:16.766246
2026-04-03_20-07-03,2338,-72.78081719490625,200,0,0.017688146747391213,53.53503525729669,50,200,2026-04-04T06:03:23.430470
2026-04-03_20-07-03,2339,-86.06864423553272,200,0,0.01620899952366611,58.69412236331676,50,200,2026-04-04T06:03:28.398225
2026-04-03_20-07-03,2340,-73.66154497400392,200,0,0.01777647959772812,53.25410782277739,50,200,2026-04-04T06:03:35.787312
2026-04-03_20-07-03,2341,-82.80695896962344,200,0,0.01692611593470657,56.08029957123981,50,200,2026-04-04T06:03:40.309546
2026-04-03_20-07-03,2342,-76.54122880460879,200,0,0.017532471434017583,54.037024344425184,50,200,2026-04-04T06:03:46.272198
2026-04-03_20-07-03,2343,-1088.1381493539332,102,0,0.016833694244643222,57.38466694161429,50,200,2026-04-04T06:03:49.733477
2026-04-03_20-07-03,2344,-106.8640873180862,200,0,0.01531636424944194,62.289646009589745,50,200,2026-04-04T06:03:55.899387
2026-04-03_20-07-03,2345,-84.99748441853954,200,0,0.01584579237197416,60.108235708594876,50,200,2026-04-04T06:04:02.385900
2026-04-03_20-07-03,2346,-100.29453663309336,200,0,0.014542338320164393,65.76473218982953,50,200,2026-04-04T06:04:07.880452
2026-04-03_20-07-03,2347,-95.6545712008618,200,0,0.016120221108337676,59.033888572581766,50,200,2026-04-04T06:04:13.870439
2026-04-03_20-07-03,2348,-98.40393229153244,200,0,0.015002553017897154,63.655321851358195,50,200,2026-04-04T06:04:17.662707
2026-04-03_20-07-03,2349,-78.73985230925432,200,0,0.016862623549837707,56.302753041036986,50,200,2026-04-04T06:04:24.238448
2026-04-03_20-07-03,2350,-94.08095630676155,200,0,0.015475132526931253,61.61980201201558,50,200,2026-04-04T06:04:28.687998
2026-04-03_20-07-03,2351,-70.98467575188313,200,0,0.018229689794722646,51.85556864985669,50,200,2026-04-04T06:04:34.993016
2026-04-03_20-07-03,2352,-102.51371022972847,200,0,0.014542338320164393,65.76473218982953,50,200,2026-04-04T06:04:39.292943
2026-04-03_20-07-03,2353,-87.32158245628156,200,0,0.015762912443755845,60.440052945046304,50,200,2026-04-04T06:05:32.031316
2026-04-03_20-07-03,2354,-102.60917914474987,200,0,0.014542338320164393,65.76473218982953,50,200,2026-04-04T06:05:36.082042
2026-04-03_20-07-03,2355,-70.39818414918632,200,0,0.01813117640782781,52.15361924162119,50,200,2026-04-04T06:05:42.813878
2026-04-03_20-07-03,2356,-172.60213779407448,200,0,0.014395109419717729,66.46803743153546,50,200,2026-04-04T06:05:46.984540
2026-04-03_20-07-03,2357,-67.39700140322573,200,0,0.018220084638200296,51.884487084291386,50,200,2026-04-04T06:05:54.014970
2026-04-03_20-07-03,2358,-76.69269793520525,200,0,0.017667728049242173,53.600373133029585,50,200,2026-04-04T06:05:59.328692
2026-04-03_20-07-03,2359,-66.08792643333794,200,0,0.01811543908120499,52.20153254455275,50,200,2026-04-04T06:06:06.178251
2026-04-03_20-07-03,2360,-76.64012512368397,200,0,0.016548560675416515,57.42821606144492,50,200,2026-04-04T06:06:13.244281
2026-04-03_20-07-03,2361,-96.03989841438955,200,0,0.01531636424944194,62.289646009589745,50,200,2026-04-04T06:06:17.031697
2026-04-03_20-07-03,2362,-101.21089375877438,200,0,0.016233676290783778,58.60034129593445,50,200,2026-04-04T06:06:25.740749
2026-04-03_20-07-03,2363,-80.7156022027764,200,0,0.016834916333169702,56.4003546088143,50,200,2026-04-04T06:06:32.334563
2026-04-03_20-07-03,2364,-75.96453130231005,200,0,0.01701884110896858,55.758407437802596,50,200,2026-04-04T06:06:38.276678
2026-04-03_20-07-03,2365,-76.91703799272541,200,0,0.01717689170036648,55.21775076911409,50,200,2026-04-04T06:06:43.789772
2026-04-03_20-07-03,2366,-71.652067752734,200,0,0.017632891518770216,53.71219600798314,50,200,2026-04-04T06:06:51.834487
2026-04-03_20-07-03,2367,-96.28696988573616,200,0,0.015297568801352924,62.369864518050704,50,200,2026-04-04T06:06:55.889912
2026-04-03_20-07-03,2368,-89.27431031342299,200,0,0.015762912443755845,60.440052945046304,50,200,2026-04-04T06:07:00.117920
2026-04-03_20-07-03,2369,-1102.6416420544303,41,0,0.01844626547710595,52.80151512977634,50,200,2026-04-04T06:07:56.380720
2026-04-03_20-07-03,2370,-56.33760863960927,200,0,0.019684390865935184,47.80167361086848,50,200,2026-04-04T06:08:03.856515
2026-04-03_20-07-03,2371,-47.92810666352627,200,0,0.02,47.0,50,200,2026-04-04T06:08:12.615370
2026-04-03_20-07-03,2372,-51.33250664204657,200,0,0.020367543613641036,46.09772228646444,50,200,2026-04-04T06:08:21.020250
2026-04-03_20-07-03,2373,-58.164883961787325,200,0,0.018993797373463208,49.64876634922564,50,200,2026-04-04T06:08:28.930983
2026-04-03_20-07-03,2374,-1499.4656873059962,41,0,0.018240359306916455,53.41348144429457,50,200,2026-04-04T06:08:33.249208
2026-04-03_20-07-03,2375,-42.45046418842812,200,0,0.021103866416289797,44.384682042344295,50,200,2026-04-04T06:08:45.139540
2026-04-03_20-07-03,2376,-1082.1576729453895,147,0,0.02004264159966782,47.4236228055175,50,200,2026-04-04T06:08:52.087922
2026-04-03_20-07-03,2377,-1091.509331082353,31,0,0.015735278417572055,62.24146527838174,50,200,2026-04-04T06:08:54.620010
2026-04-03_20-07-03,2378,-48.77187466503925,200,0,0.01993226789723963,47.16990566028302,50,200,2026-04-04T06:09:06.910200
2026-04-03_20-07-03,2379,-1130.3629259821294,87,0,0.01559783411060483,62.24146527838174,50,200,2026-04-04T06:09:09.824432
2026-04-03_20-07-03,2380,-1064.84494001433,81,0,0.017974688795704234,53.823786563191554,50,200,2026-04-04T06:09:14.967263
2026-04-03_20-07-03,2381,-1100.5598800164996,94,0,0.019982393959000377,48.104053883222775,50,200,2026-04-04T06:09:20.952807
2026-04-03_20-07-03,2382,-68.80319539179094,200,0,0.017929790780920406,52.773099207835045,50,200,2026-04-04T06:09:28.391478
2026-04-03_20-07-03,2383,-47.816432711595795,200,0,0.02081407055357467,45.044422518220834,50,200,2026-04-04T06:09:38.677174
2026-04-03_20-07-03,2384,-44.86700059873185,200,0,0.021733637335802896,43.01162633521314,50,200,2026-04-04T06:09:48.858097
2026-04-03_20-07-03,2385,-1258.9471852713161,165,0,0.019837406370572363,47.75981574503821,50,200,2026-04-04T06:10:32.412039
2026-04-03_20-07-03,2386,-48.54900152643462,200,0,0.01998300088264805,47.042533945356304,50,200,2026-04-04T06:10:41.363683
2026-04-03_20-07-03,2387,-117.81880541343199,200,0,0.01591941320116355,59.81638571495272,50,200,2026-04-04T06:10:44.554511
2026-04-03_20-07-03,2388,-77.789750749566,200,0,0.017063170644771773,55.60575509783138,50,200,2026-04-04T06:10:49.493982
2026-04-03_20-07-03,2389,-82.76222975118029,200,0,0.016705792773982008,56.859475903318,50,200,2026-04-04T06:10:53.808202
2026-04-03_20-07-03,2390,-84.46239257731297,200,0,0.016705792773982008,56.859475903318,50,200,2026-04-04T06:10:57.999084
2026-04-03_20-07-03,2391,-1116.236664586092,162,0,0.018347113301946983,51.884487084291386,50,200,2026-04-04T06:11:02.949444
2026-04-03_20-07-03,2392,-73.18757476108419,200,0,0.017929790780920406,52.773099207835045,50,200,2026-04-04T06:11:08.818973
2026-04-03_20-07-03,2393,-58.16481983375851,200,0,0.019215692546309227,49.040799340956916,50,200,2026-04-04T06:11:16.467217
2026-04-03_20-07-03,2394,-88.7665590147597,200,0,0.015655105496591208,60.876925020897694,50,200,2026-04-04T06:11:21.209180
2026-04-03_20-07-03,2395,-63.26985790114613,200,0,0.01948095569161078,48.33218389437829,50,200,2026-04-04T06:11:27.781922
2026-04-03_20-07-03,2396,-91.47359244106612,200,0,0.015762912443755845,60.440052945046304,50,200,2026-04-04T06:11:32.008771
2026-04-03_20-07-03,2397,-46.528924527417715,200,0,0.02098942972333641,44.64302857109943,50,200,2026-04-04T06:11:40.868803
2026-04-03_20-07-03,2398,-67.39713400333102,200,0,0.018355982849274897,51.478150704935004,50,200,2026-04-04T06:11:46.786814
2026-04-03_20-07-03,2399,-60.86587401170523,200,0,0.01908529664373257,49.39635614091387,50,200,2026-04-04T06:11:53.687841
2026-04-03_20-07-03,2400,-1123.4121813098168,168,0,0.017689206561569953,53.85164807134504,50,200,2026-04-04T06:11:58.174884
2026-04-03_20-07-03,2401,-72.02041946869552,200,0,0.017481502537204034,54.20332093147061,50,200,2026-04-04T06:12:53.747001
2026-04-03_20-07-03,2402,-80.57078380866147,200,0,0.01700586979491621,55.80322571321482,50,200,2026-04-04T06:12:59.010336
2026-04-03_20-07-03,2403,-92.980345725741,200,0,0.015451867499167868,61.71709649683789,50,200,2026-04-04T06:13:04.420918
2026-04-03_20-07-03,2404,-99.42780510851375,200,0,0.014847677195736854,64.35060217278468,50,200,2026-04-04T06:13:08.575447
2026-04-03_20-07-03,2405,-73.91102535573765,200,0,0.017749838297735666,53.33854141237835,50,200,2026-04-04T06:13:13.675262
2026-04-03_20-07-03,2406,-64.47062107938562,200,0,0.018668283955683724,50.566787519082126,50,200,2026-04-04T06:13:20.280190
2026-04-03_20-07-03,2407,-70.11880780448216,200,0,0.018220084638200296,51.884487084291386,50,200,2026-04-04T06:13:27.195385
2026-04-03_20-07-03,2408,-76.44265630110134,200,0,0.017667728049242173,53.600373133029585,50,200,2026-04-04T06:13:32.076620
2026-04-03_20-07-03,2409,-97.13353650627866,200,0,0.015762912443755845,60.440052945046304,50,200,2026-04-04T06:13:35.946789
2026-04-03_20-07-03,2410,-84.32497070531433,200,0,0.01607638457164266,59.20304046246274,50,200,2026-04-04T06:13:41.945081
2026-04-03_20-07-03,2411,-72.13279129564948,200,0,0.017481502537204034,54.20332093147061,50,200,2026-04-04T06:13:48.280167
2026-04-03_20-07-03,2412,-80.12628857049837,200,0,0.016705792773982008,56.859475903318,50,200,2026-04-04T06:13:53.427131
2026-04-03_20-07-03,2413,-75.18322491122869,200,0,0.017174220679360835,55.226805085936306,50,200,2026-04-04T06:13:59.705004
2026-04-03_20-07-03,2414,-72.19695148471982,200,0,0.017857142857142856,53.0,50,200,2026-04-04T06:14:04.940296
2026-04-03_20-07-03,2415,-94.49085459813588,200,0,0.015475132526931253,61.61980201201558,50,200,2026-04-04T06:14:08.656432
2026-04-03_20-07-03,2416,-1308.6656730894556,194,0,0.01965910024561167,47.92702786528704,50,200,2026-04-04T06:14:15.486944
2026-04-03_20-07-03,2417,-102.53385421971419,200,0,0.014542338320164393,65.76473218982953,50,200,2026-04-04T06:15:10.112664
2026-04-03_20-07-03,2418,-94.45149780682804,200,0,0.015498504677194942,61.5223536610881,50,200,2026-04-04T06:15:14.019626
2026-04-03_20-07-03,2419,-187.77328683122008,200,0,0.014542338320164393,65.76473218982953,50,200,2026-04-04T06:15:18.699663
2026-04-03_20-07-03,2420,-91.91788042020131,200,0,0.015762912443755845,60.440052945046304,50,200,2026-04-04T06:15:22.787609
2026-04-03_20-07-03,2421,-102.92619454298344,200,0,0.014395109419717729,66.46803743153546,50,200,2026-04-04T06:15:27.180375
2026-04-03_20-07-03,2422,-86.91965512829931,200,0,0.016200054488402352,58.728187440104094,50,200,2026-04-04T06:15:32.447549
2026-04-03_20-07-03,2423,-68.48586658707613,200,0,0.017749838297735666,53.33854141237835,50,200,2026-04-04T06:15:38.300120
2026-04-03_20-07-03,2424,-144.4502581102049,200,0,0.014690933476920654,65.06919393998976,50,200,2026-04-04T06:15:41.698007
2026-04-03_20-07-03,2425,-102.5115284222288,200,0,0.014542338320164393,65.76473218982953,50,200,2026-04-04T06:15:46.257839
2026-04-03_20-07-03,2426,-93.79634380583532,200,0,0.015331451396431838,62.22539674441618,50,200,2026-04-04T06:15:51.132383
2026-04-03_20-07-03,2427,-86.89439874509206,200,0,0.015987644818727064,59.54829972383762,50,200,2026-04-04T06:15:56.174839
2026-04-03_20-07-03,2428,-76.56151228742905,200,0,0.016938902237140722,56.0357029044876,50,200,2026-04-04T06:16:03.326947
2026-04-03_20-07-03,2429,-1059.8696554605363,33,0,0.016189074678139737,60.440052945046304,50,200,2026-04-04T06:16:06.121326
2026-04-03_20-07-03,2430,-94.02354460609378,200,0,0.015451867499167868,61.71709649683789,50,200,2026-04-04T06:16:11.401878
2026-04-03_20-07-03,2431,-100.11395573572179,200,0,0.014840830370231983,64.38167441127949,50,200,2026-04-04T06:16:16.011740
2026-04-03_20-07-03,2432,-103.21699457885619,200,0,0.014542338320164393,65.76473218982953,50,200,2026-04-04T06:16:19.796238
2026-04-03_20-07-03,2433,-91.51020207125498,200,0,0.015297568801352924,62.369864518050704,50,200,2026-04-04T06:17:14.182799
2026-04-03_20-07-03,2434,-95.39809188581532,200,0,0.014840830370231983,64.38167441127949,50,200,2026-04-04T06:17:22.191180
2026-04-03_20-07-03,2435,-94.91140056329428,200,0,0.015490702006891422,61.554853586049575,50,200,2026-04-04T06:17:26.015441
2026-04-03_20-07-03,2436,-92.98555787452997,200,0,0.015331451396431838,62.22539674441618,50,200,2026-04-04T06:17:32.020866
2026-04-03_20-07-03,2437,-84.4158570733188,200,0,0.016560495414620673,57.38466694161429,50,200,2026-04-04T06:17:36.934124
2026-04-03_20-07-03,2438,-82.69427999144325,200,0,0.016493997022009554,57.62811813689564,50,200,2026-04-04T06:17:43.913919
2026-04-03_20-07-03,2439,-101.12969852311234,200,0,0.014542338320164393,65.76473218982953,50,200,2026-04-04T06:17:49.490588
2026-04-03_20-07-03,2440,-86.86148333426807,200,0,0.01607638457164266,59.20304046246274,50,200,2026-04-04T06:17:58.509307
2026-04-03_20-07-03,2441,-90.83997538540851,200,0,0.01584579237197416,60.108235708594876,50,200,2026-04-04T06:18:02.723424
2026-04-03_20-07-03,2442,-1269.1241753951356,9,0,0.016116294506462812,60.959002616512684,50,200,2026-04-04T06:18:05.375379
2026-04-03_20-07-03,2443,-81.58368763161286,200,0,0.01670824747570822,56.85068161420758,50,200,2026-04-04T06:18:12.378105
2026-04-03_20-07-03,2444,-68.18903190458916,200,0,0.018229689794722646,51.85556864985669,50,200,2026-04-04T06:18:20.481464
2026-04-03_20-07-03,2445,-103.51002071837844,200,0,0.014395109419717729,66.46803743153546,50,200,2026-04-04T06:18:25.394014
2026-04-03_20-07-03,2446,-82.28139633014312,200,0,0.016774943497769916,56.61271941887264,50,200,2026-04-04T06:18:31.224175
2026-04-03_20-07-03,2447,-97.25738577476143,200,0,0.015002553017897154,63.655321851358195,50,200,2026-04-04T06:18:36.215206
2026-04-03_20-07-03,2448,-1051.8625128652745,19,0,0.015937562092301,61.554853586049575,50,200,2026-04-04T06:18:39.285023
2026-04-03_20-07-03,2449,-96.00601135611515,200,0,0.015144232602744119,63.0317380372777,50,200,2026-04-04T06:19:35.817794
2026-04-03_20-07-03,2450,-97.82657097446058,200,0,0.014991956837375139,63.702433234531945,50,200,2026-04-04T06:19:40.694749
2026-04-03_20-07-03,2451,-89.68500772709191,200,0,0.01591941320116355,59.81638571495272,50,200,2026-04-04T06:19:45.804991
2026-04-03_20-07-03,2452,-98.19089811289935,200,0,0.015144232602744119,63.0317380372777,50,200,2026-04-04T06:19:49.347990
2026-04-03_20-07-03,2453,-89.20667423350906,200,0,0.015795905494282912,60.30754513325841,50,200,2026-04-04T06:19:55.013656
2026-04-03_20-07-03,2454,-95.73271621781528,200,0,0.015166112325465147,62.93647591023825,50,200,2026-04-04T06:20:00.255881
2026-04-03_20-07-03,2455,-89.19369124219048,200,0,0.01582078896403802,60.207972893961475,50,200,2026-04-04T06:20:05.324447
2026-04-03_20-07-03,2456,-92.03723080784154,200,0,0.0156712342591605,60.81118318204309,50,200,2026-04-04T06:20:09.998379
2026-04-03_20-07-03,2457,-97.61321339036866,200,0,0.015158808383651329,62.96824596572466,50,200,2026-04-04T06:20:14.234474
2026-04-03_20-07-03,2458,-91.04760833679389,200,0,0.01582078896403802,60.207972893961475,50,200,2026-04-04T06:20:19.467716
2026-04-03_20-07-03,2459,-95.16155279880657,200,0,0.01531636424944194,62.289646009589745,50,200,2026-04-04T06:20:24.299476
2026-04-03_20-07-03,2460,-100.03387219170753,200,0,0.014840830370231983,64.38167441127949,50,200,2026-04-04T06:20:29.986256
2026-04-03_20-07-03,2461,-85.9464420313255,200,0,0.01615555413020488,58.89821729050889,50,200,2026-04-04T06:20:35.572791
2026-04-03_20-07-03,2462,-95.57516363717752,200,0,0.015297568801352924,62.369864518050704,50,200,2026-04-04T06:20:40.141706
2026-04-03_20-07-03,2463,-100.87304185501924,200,0,0.014847677195736854,64.35060217278468,50,200,2026-04-04T06:20:43.355625
2026-04-03_20-07-03,2464,-90.10591138217956,200,0,0.016022096878742342,59.413803110051795,50,200,2026-04-04T06:20:47.325468
2026-04-03_20-07-03,2465,-96.95166950521424,200,0,0.015297568801352924,62.369864518050704,50,200,2026-04-04T06:21:44.973154
2026-04-03_20-07-03,2466,-89.31596268733475,200,0,0.015957683908956685,59.665735560705194,50,200,2026-04-04T06:21:49.253066
2026-04-03_20-07-03,2467,-105.2945299950517,200,0,0.014395109419717729,66.46803743153546,50,200,2026-04-04T06:21:52.427938
2026-04-03_20-07-03,2468,-103.29063086847455,200,0,0.014542338320164393,65.76473218982953,50,200,2026-04-04T06:21:56.155268
2026-04-03_20-07-03,2469,-99.14509564384778,200,0,0.014991956837375139,63.702433234531945,50,200,2026-04-04T06:21:59.821186
2026-04-03_20-07-03,2470,-94.74004580373307,200,0,0.015498504677194942,61.5223536610881,50,200,2026-04-04T06:22:03.477275
2026-04-03_20-07-03,2471,-103.53917490078318,200,0,0.014395109419717729,66.46803743153546,50,200,2026-04-04T06:22:08.088605
2026-04-03_20-07-03,2472,-86.7401905650352,200,0,0.016356501754670582,58.137767414994535,50,200,2026-04-04T06:22:13.078010
2026-04-03_20-07-03,2473,-97.30050895889363,200,0,0.015144232602744119,63.0317380372777,50,200,2026-04-04T06:22:17.092070
2026-04-03_20-07-03,2474,-102.8764348767049,200,0,0.014542338320164393,65.76473218982953,50,200,2026-04-04T06:22:21.008664
2026-04-03_20-07-03,2475,-105.65045270091383,200,0,0.014395109419717729,66.46803743153546,50,200,2026-04-04T06:22:23.406596
2026-04-03_20-07-03,2476,-87.45071994551091,200,0,0.01620899952366611,58.69412236331676,50,200,2026-04-04T06:22:28.754512
2026-04-03_20-07-03,2477,-91.57262843957481,200,0,0.01563501554262549,60.959002616512684,50,200,2026-04-04T06:22:33.519527
2026-04-03_20-07-03,2478,-101.43793564993551,200,0,0.014694251449008376,65.05382386916237,50,200,2026-04-04T06:22:37.393047
2026-04-03_20-07-03,2479,-91.60506031516088,200,0,0.015795905494282912,60.30754513325841,50,200,2026-04-04T06:22:41.890239
2026-04-03_20-07-03,2480,-97.08499564943878,200,0,0.015331451396431838,62.22539674441618,50,200,2026-04-04T06:22:44.499839
2026-04-03_20-07-03,2481,-86.10713429851239,200,0,0.016182209508224014,58.7962583843564,50,200,2026-04-04T06:23:42.334193
2026-04-03_20-07-03,2482,-105.5900585891745,200,0,0.014395109419717729,66.46803743153546,50,200,2026-04-04T06:23:45.103010
2026-04-03_20-07-03,2483,-88.74853714939104,200,0,0.01600915083336377,59.464274989274024,50,200,2026-04-04T06:23:51.164368
2026-04-03_20-07-03,2484,-97.06094526454338,200,0,0.015166112325465147,62.93647591023825,50,200,2026-04-04T06:23:54.558476
2026-04-03_20-07-03,2485,-96.08969638061164,200,0,0.015297568801352924,62.369864518050704,50,200,2026-04-04T06:23:58.820463
2026-04-03_20-07-03,2486,-101.4784828328236,200,0,0.014690933476920654,65.06919393998976,50,200,2026-04-04T06:24:03.404769
2026-04-03_20-07-03,2487,-95.13662938231934,200,0,0.015475132526931253,61.61980201201558,50,200,2026-04-04T06:24:07.028165
2026-04-03_20-07-03,2488,-89.43623827575726,200,0,0.015498504677194942,61.5223536610881,50,200,2026-04-04T06:24:14.836963
2026-04-03_20-07-03,2489,-78.40109509400119,200,0,0.017102579202553668,55.47071299343465,50,200,2026-04-04T06:24:22.957531
2026-04-03_20-07-03,2490,-98.13180856985802,200,0,0.015002553017897154,63.655321851358195,50,200,2026-04-04T06:24:27.680726
2026-04-03_20-07-03,2491,-99.36469717330023,200,0,0.014991956837375139,63.702433234531945,50,200,2026-04-04T06:24:31.308959
2026-04-03_20-07-03,2492,-84.59617242508445,200,0,0.017102579202553668,55.47071299343465,50,200,2026-04-04T06:24:38.131822
2026-04-03_20-07-03,2493,-100.81748191445139,200,0,0.014840830370231983,64.38167441127949,50,200,2026-04-04T06:24:42.283027
2026-04-03_20-07-03,2494,-1050.7859462983683,1,0,0.015136877362419606,65.05382386916237,50,200,2026-04-04T06:24:44.097997
2026-04-03_20-07-03,2495,-94.82781344837964,200,0,0.015297568801352924,62.369864518050704,50,200,2026-04-04T06:24:49.235779
2026-04-03_20-07-03,2496,-100.93260282854136,200,0,0.014840830370231983,64.38167441127949,50,200,2026-04-04T06:24:52.457664
2026-04-03_20-07-03,2497,-80.18120190862497,200,0,0.01695685271338864,55.97320787662612,50,200,2026-04-04T06:25:51.699401
2026-04-03_20-07-03,2498,-88.44604485109839,200,0,0.01591941320116355,59.81638571495272,50,200,2026-04-04T06:25:58.503319
2026-04-03_20-07-03,2499,-83.90990705744933,200,0,0.016493997022009554,57.62811813689564,50,200,2026-04-04T06:26:05.049914
2026-04-03_20-07-03,2500,-77.3418686289492,200,0,0.017372604940301534,54.56189146281496,50,200,2026-04-04T06:26:11.196139
2026-04-03_20-07-03,2501,-72.73179146514572,200,0,0.017618438119702342,53.75872022286245,50,200,2026-04-04T06:26:18.161242
2026-04-03_20-07-03,2502,-99.10608169336935,200,0,0.014991956837375139,63.702433234531945,50,200,2026-04-04T06:26:22.142200
2026-04-03_20-07-03,2503,-101.3606858447893,200,0,0.014847677195736854,64.35060217278468,50,200,2026-04-04T06:26:24.912416
2026-04-03_20-07-03,2504,-95.89334033231704,200,0,0.01531636424944194,62.289646009589745,50,200,2026-04-04T06:26:30.917480
2026-04-03_20-07-03,2505,-94.22127933316813,200,0,0.015297568801352924,62.369864518050704,50,200,2026-04-04T06:26:35.234330
2026-04-03_20-07-03,2506,-95.95464541039561,200,0,0.015327675363100063,62.24146527838174,50,200,2026-04-04T06:26:39.126857
2026-04-03_20-07-03,2507,-90.28541710397327,200,0,0.01582078896403802,60.207972893961475,50,200,2026-04-04T06:26:44.980518
2026-04-03_20-07-03,2508,-83.50865843592422,200,0,0.01600915083336377,59.464274989274024,50,200,2026-04-04T06:26:52.067369
2026-04-03_20-07-03,2509,-151.36943015739175,200,0,0.015987644818727064,59.54829972383762,50,200,2026-04-04T06:26:58.118815
2026-04-03_20-07-03,2510,-95.59381387575571,200,0,0.015144232602744119,63.0317380372777,50,200,2026-04-04T06:27:03.222739
2026-04-03_20-07-03,2511,-92.48497622100703,200,0,0.015490702006891422,61.554853586049575,50,200,2026-04-04T06:27:08.572587
2026-04-03_20-07-03,2512,-78.71900302107359,200,0,0.016446994017549132,57.8013840664737,50,200,2026-04-04T06:27:13.899111
2026-04-03_20-07-03,2513,-97.89475429059996,200,0,0.015158808383651329,62.96824596572466,50,200,2026-04-04T06:28:10.685142
2026-04-03_20-07-03,2514,-100.37859382744769,200,0,0.014840830370231983,64.38167441127949,50,200,2026-04-04T06:28:14.273370
2026-04-03_20-07-03,2515,-87.0051059461301,200,0,0.015987644818727064,59.54829972383762,50,200,2026-04-04T06:28:20.499978
2026-04-03_20-07-03,2516,-86.36632654662132,200,0,0.016233676290783778,58.60034129593445,50,200,2026-04-04T06:28:26.120404
2026-04-03_20-07-03,2517,-95.67330122826573,200,0,0.01531636424944194,62.289646009589745,50,200,2026-04-04T06:28:30.309472
2026-04-03_20-07-03,2518,-95.98580304004575,200,0,0.015451867499167868,61.71709649683789,50,200,2026-04-04T06:28:37.137671
2026-04-03_20-07-03,2519,-89.91750495831013,200,0,0.01563501554262549,60.959002616512684,50,200,2026-04-04T06:28:43.292324
2026-04-03_20-07-03,2520,-99.4210903829723,200,0,0.014542338320164393,65.76473218982953,50,200,2026-04-04T06:28:49.039460
2026-04-03_20-07-03,2521,-86.35811363124226,200,0,0.016356501754670582,58.137767414994535,50,200,2026-04-04T06:28:54.540205
2026-04-03_20-07-03,2522,-2883.33541387118,200,0,0.014542338320164393,65.76473218982953,50,200,2026-04-04T06:28:56.515247
2026-04-03_20-07-03,2523,-100.33377235759045,200,0,0.014847677195736854,64.35060217278468,50,200,2026-04-04T06:29:00.798748
2026-04-03_20-07-03,2524,-88.22292360455441,200,0,0.016022096878742342,59.413803110051795,50,200,2026-04-04T06:29:05.753955
2026-04-03_20-07-03,2525,-86.38712648778463,200,0,0.016233676290783778,58.60034129593445,50,200,2026-04-04T06:29:11.120555
2026-04-03_20-07-03,2526,-91.99599314488121,200,0,0.0156712342591605,60.81118318204309,50,200,2026-04-04T06:29:16.527555
2026-04-03_20-07-03,2527,-84.03280643773223,200,0,0.01591941320116355,59.81638571495272,50,200,2026-04-04T06:29:22.617329
2026-04-03_20-07-03,2528,-93.10904882823355,200,0,0.015166112325465147,62.93647591023825,50,200,2026-04-04T06:29:28.625677
2026-04-03_20-07-03,2529,-101.51276476103334,200,0,0.018049795406026893,52.40229002629561,50,200,2026-04-04T06:30:34.404164
2026-04-03_20-07-03,2530,-156.1140829781613,200,0,0.01566719731860802,60.8276253029822,50,200,2026-04-04T06:30:39.569819
2026-04-03_20-07-03,2531,-80.1406921545855,200,0,0.016548560675416515,57.42821606144492,50,200,2026-04-04T06:30:45.995450
2026-04-03_20-07-03,2532,-80.81219880267332,200,0,0.016446994017549132,57.8013840664737,50,200,2026-04-04T06:30:53.576125
2026-04-03_20-07-03,2533,-85.06669296764906,200,0,0.01584579237197416,60.108235708594876,50,200,2026-04-04T06:31:01.424074
2026-04-03_20-07-03,2534,-92.24438059572557,200,0,0.015607021214299889,61.07372593840988,50,200,2026-04-04T06:31:07.681036
2026-04-03_20-07-03,2535,-90.24574436561018,200,0,0.015451867499167868,61.71709649683789,50,200,2026-04-04T06:31:13.883073
2026-04-03_20-07-03,2536,-70.37385746121014,200,0,0.018950351925655272,49.76946855251722,50,200,2026-04-04T06:31:22.602489
2026-04-03_20-07-03,2537,-103.30833036551118,200,0,0.014395109419717729,66.46803743153546,50,200,2026-04-04T06:31:27.620727
2026-04-03_20-07-03,2538,-159.39909389545056,200,0,0.015158808383651329,62.96824596572466,50,200,2026-04-04T06:31:34.233110
2026-04-03_20-07-03,2539,-120.01343241544565,200,0,0.015987644818727064,59.54829972383762,50,200,2026-04-04T06:31:39.551044
2026-04-03_20-07-03,2540,-79.29134623803917,200,0,0.016283375687934448,58.412327466040935,50,200,2026-04-04T06:31:46.717202
2026-04-03_20-07-03,2541,-100.83332603719388,200,0,0.014694251449008376,65.05382386916237,50,200,2026-04-04T06:31:51.684716
2026-04-03_20-07-03,2542,-80.2023881161134,200,0,0.016610909771468087,57.201398584300364,50,200,2026-04-04T06:31:59.234976
2026-04-03_20-07-03,2543,-309.4950152666801,200,0,0.016938902237140722,56.0357029044876,50,200,2026-04-04T06:32:05.955577
2026-04-03_20-07-03,2544,-85.92227160907137,200,0,0.016022096878742342,59.413803110051795,50,200,2026-04-04T06:32:12.697943
2026-04-03_20-07-03,2545,-55.52654704265253,200,0,0.019635938752310768,47.92702786528704,50,200,2026-04-04T06:33:16.041531
2026-04-03_20-07-03,2546,-72.31934802789425,200,0,0.01780920776408851,53.150729063673246,50,200,2026-04-04T06:33:23.320297
2026-04-03_20-07-03,2547,-82.0506886682307,200,0,0.016356501754670582,58.137767414994535,50,200,2026-04-04T06:33:31.419500
2026-04-03_20-07-03,2548,-91.35823249093319,200,0,0.016200054488402352,58.728187440104094,50,200,2026-04-04T06:33:36.606655
2026-04-03_20-07-03,2549,-71.70071651910325,200,0,0.016834916333169702,56.4003546088143,50,200,2026-04-04T06:33:44.476330
2026-04-03_20-07-03,2550,-97.39612222566177,200,0,0.015002553017897154,63.655321851358195,50,200,2026-04-04T06:33:49.050421
2026-04-03_20-07-03,2551,-128.3682720040412,200,0,0.016834916333169702,56.4003546088143,50,200,2026-04-04T06:33:58.339760
2026-04-03_20-07-03,2552,-78.26673732088314,200,0,0.016774943497769916,56.61271941887264,50,200,2026-04-04T06:34:04.744248
2026-04-03_20-07-03,2553,-1276.788505995406,94,0,0.01648310329012665,58.728187440104094,50,200,2026-04-04T06:34:09.358346
2026-04-03_20-07-03,2554,-67.38325085330162,200,0,0.01729568768179672,54.817880294662984,50,200,2026-04-04T06:34:19.754559
2026-04-03_20-07-03,2555,-91.3025329789171,200,0,0.015795905494282912,60.30754513325841,50,200,2026-04-04T06:34:24.599192
2026-04-03_20-07-03,2556,-77.86300357717494,200,0,0.01692611593470657,56.08029957123981,50,200,2026-04-04T06:34:30.723682
2026-04-03_20-07-03,2557,-101.97798656655597,200,0,0.014690933476920654,65.06919393998976,50,200,2026-04-04T06:34:34.545535
2026-04-03_20-07-03,2558,-61.62692739674448,200,0,0.019140848099743594,49.24428900898052,50,200,2026-04-04T06:34:43.464186
2026-04-03_20-07-03,2559,-63.20233263614095,200,0,0.018216886356675295,51.894122981316485,50,200,2026-04-04T06:34:54.839608
2026-04-03_20-07-03,2560,-1236.1734490414763,119,0,0.019084129407212498,50.20956084253277,50,200,2026-04-04T06:35:03.303149
2026-04-03_20-07-03,2561,-104.12503235895306,200,0,0.016885396950343398,56.22277118748239,50,200,2026-04-04T06:36:02.551138
2026-04-03_20-07-03,2562,-93.30080233049551,200,0,0.01531636424944194,62.289646009589745,50,200,2026-04-04T06:36:08.746303
2026-04-03_20-07-03,2563,-152.67497052910295,200,0,0.01759826404542644,53.823786563191554,50,200,2026-04-04T06:36:18.498370
2026-04-03_20-07-03,2564,-79.70795828628361,200,0,0.016200054488402352,58.728187440104094,50,200,2026-04-04T06:36:27.416064
2026-04-03_20-07-03,2565,-89.49194606057193,200,0,0.01566719731860802,60.8276253029822,50,200,2026-04-04T06:36:33.074833
2026-04-03_20-07-03,2566,-47.65988776294989,200,0,0.020098612269289773,46.75467891024384,50,200,2026-04-04T06:36:43.596934
2026-04-03_20-07-03,2567,-98.18190545017521,200,0,0.015158808383651329,62.96824596572466,50,200,2026-04-04T06:36:47.046866
2026-04-03_20-07-03,2568,-72.71096554498975,200,0,0.01759826404542644,53.823786563191554,50,200,2026-04-04T06:36:53.820378
2026-04-03_20-07-03,2569,-57.18249418468115,200,0,0.01932199618792045,48.75448697299562,50,200,2026-04-04T06:37:04.268177
2026-04-03_20-07-03,2570,-55.91375081509155,200,0,0.01929144014659054,48.83646178829912,50,200,2026-04-04T06:37:13.581173
2026-04-03_20-07-03,2571,-59.88048437046087,200,0,0.019140848099743594,49.24428900898052,50,200,2026-04-04T06:37:22.202872
2026-04-03_20-07-03,2572,-94.04583092985966,200,0,0.0190192817578449,49.57822102496216,50,200,2026-04-04T06:37:29.015507
2026-04-03_20-07-03,2573,-1147.7967243916705,187,0,0.018593689276478725,50.91168824543142,50,200,2026-04-04T06:37:36.266961
2026-04-03_20-07-03,2574,-117.5546952911077,200,0,0.017632891518770216,53.71219600798314,50,200,2026-04-04T06:37:44.061034
2026-04-03_20-07-03,2575,-57.99381345434383,200,0,0.020367543613641036,46.09772228646444,50,200,2026-04-04T06:37:52.170213
2026-04-03_20-07-03,2576,-70.75182531884637,200,0,0.017854135352657726,53.009433122794285,50,200,2026-04-04T06:37:59.005313
2026-04-03_20-07-03,2577,-91.31720248572229,200,0,0.017110494323822657,55.44366510251645,50,200,2026-04-04T06:38:59.639843
2026-04-03_20-07-03,2578,-92.36570177244067,200,0,0.01563501554262549,60.959002616512684,50,200,2026-04-04T06:39:04.249119
2026-04-03_20-07-03,2579,-88.76947523441902,200,0,0.01584579237197416,60.108235708594876,50,200,2026-04-04T06:39:10.180783
2026-04-03_20-07-03,2580,-77.50388240798006,200,0,0.016862623549837707,56.302753041036986,50,200,2026-04-04T06:39:17.377382
2026-04-03_20-07-03,2581,-137.65889953330907,200,0,0.01701884110896858,55.758407437802596,50,200,2026-04-04T06:39:27.657473
2026-04-03_20-07-03,2582,-97.1096530981246,200,0,0.015144232602744119,63.0317380372777,50,200,2026-04-04T06:39:32.081824
2026-04-03_20-07-03,2583,-77.12994999732841,200,0,0.016885396950343398,56.22277118748239,50,200,2026-04-04T06:39:40.663099
2026-04-03_20-07-03,2584,-88.19416401017298,200,0,0.01600915083336377,59.464274989274024,50,200,2026-04-04T06:39:45.211257
2026-04-03_20-07-03,2585,-102.40121604785527,200,0,0.014690933476920654,65.06919393998976,50,200,2026-04-04T06:39:49.448363
2026-04-03_20-07-03,2586,-339.19889794358727,200,0,0.015451867499167868,61.71709649683789,50,200,2026-04-04T06:39:53.447808
2026-04-03_20-07-03,2587,-262.83079954933936,200,0,0.016026419329261153,59.39696961966999,50,200,2026-04-04T06:39:59.874965
2026-04-03_20-07-03,2588,-1836.6264710202367,25,0,0.01476711431590178,66.46803743153546,50,200,2026-04-04T06:40:01.682350
2026-04-03_20-07-03,2589,-94.60671134018868,200,0,0.015451867499167868,61.71709649683789,50,200,2026-04-04T06:40:07.627225
2026-04-03_20-07-03,2590,-171.49865369450254,200,0,0.015655105496591208,60.876925020897694,50,200,2026-04-04T06:40:14.776671
2026-04-03_20-07-03,2591,-96.78743437684068,200,0,0.014840830370231983,64.38167441127949,50,200,2026-04-04T06:40:20.632439
2026-04-03_20-07-03,2592,-1081.7939483149767,62,0,0.016317010652657872,59.665735560705194,50,200,2026-04-04T06:40:23.624143
2026-04-03_20-07-03,2593,-66.03382268897278,200,0,0.01817864039161104,52.009614495783374,50,200,2026-04-04T06:41:24.041834
2026-04-03_20-07-03,2594,-1065.909340725655,92,0,0.01843457232111361,52.32590180780452,50,200,2026-04-04T06:41:30.068601
2026-04-03_20-07-03,2595,-63.86264846630534,200,0,0.017954208274935542,52.69724850502159,50,200,2026-04-04T06:41:39.420692
2026-04-03_20-07-03,2596,-90.66879373144349,200,0,0.014991956837375139,63.702433234531945,50,200,2026-04-04T06:41:48.229322
2026-04-03_20-07-03,2597,-78.64026408739164,200,0,0.016579645764233333,57.3149195236284,50,200,2026-04-04T06:41:54.928388
2026-04-03_20-07-03,2598,-97.0251493400738,200,0,0.015297568801352924,62.369864518050704,50,200,2026-04-04T06:41:58.183078
2026-04-03_20-07-03,2599,-99.95463448957382,200,0,0.014694251449008376,65.05382386916237,50,200,2026-04-04T06:42:03.327316
2026-04-03_20-07-03,2600,-325.2254974214513,200,0,0.01983197446674889,47.4236228055175,50,200,2026-04-04T06:42:10.470603
2026-04-03_20-07-03,2601,-94.98111946005973,200,0,0.015002553017897154,63.655321851358195,50,200,2026-04-04T06:42:16.775738
2026-04-03_20-07-03,2602,-110.97448184261543,200,0,0.019603839519438684,48.010415536631214,50,200,2026-04-04T06:42:27.267915
2026-04-03_20-07-03,2603,-91.83957738372897,200,0,0.01584579237197416,60.108235708594876,50,200,2026-04-04T06:42:31.108436
2026-04-03_20-07-03,2604,-81.74581912275336,200,0,0.01584579237197416,60.108235708594876,50,200,2026-04-04T06:42:40.540510
2026-04-03_20-07-03,2605,-59.115060871706135,200,0,0.018596344530612853,50.774009099144415,50,200,2026-04-04T06:42:48.220064
2026-04-03_20-07-03,2606,-92.42013111892594,200,0,0.015490702006891422,61.554853586049575,50,200,2026-04-04T06:42:52.580967
2026-04-03_20-07-03,2607,-68.56872129682446,200,0,0.017954208274935542,52.69724850502159,50,200,2026-04-04T06:43:02.474386
2026-04-03_20-07-03,2608,-160.23932219042206,200,0,0.014690933476920654,65.06919393998976,50,200,2026-04-04T06:43:07.514534
2026-04-03_20-07-03,2609,-1106.5382918529292,137,0,0.016494016468951826,58.25804665451803,50,200,2026-04-04T06:44:07.989702
2026-04-03_20-07-03,2610,-86.02084637072464,200,0,0.01639344262295082,58.0,50,200,2026-04-04T06:44:14.252669
2026-04-03_20-07-03,2611,-76.24159769956086,200,0,0.01695685271338864,55.97320787662612,50,200,2026-04-04T06:44:23.648324
2026-04-03_20-07-03,2612,-82.08845693499025,200,0,0.016446994017549132,57.8013840664737,50,200,2026-04-04T06:44:32.514396
2026-04-03_20-07-03,2613,-133.9273401170949,200,0,0.015957683908956685,59.665735560705194,50,200,2026-04-04T06:44:40.089457
2026-04-03_20-07-03,2614,-1106.5341707862674,31,0,0.015222629183406786,64.38167441127949,50,200,2026-04-04T06:44:43.024802
2026-04-03_20-07-03,2615,-70.33437967068159,200,0,0.017857142857142856,53.0,50,200,2026-04-04T06:44:48.855507
2026-04-03_20-07-03,2616,-89.53690604733401,200,0,0.015987644818727064,59.54829972383762,50,200,2026-04-04T06:44:54.226716
2026-04-03_20-07-03,2617,-88.78618541337377,200,0,0.016182209508224014,58.7962583843564,50,200,2026-04-04T06:44:58.669869
2026-04-03_20-07-03,2618,-47.46248551902788,200,0,0.02091093483101497,44.82186966202994,50,200,2026-04-04T06:45:09.589033
2026-04-03_20-07-03,2619,-88.16212672162392,200,0,0.016022096878742342,59.413803110051795,50,200,2026-04-04T06:45:14.860826
2026-04-03_20-07-03,2620,-1146.6071830384947,10,0,0.015278698236573518,64.35060217278468,50,200,2026-04-04T06:45:17.121636
2026-04-03_20-07-03,2621,-1091.59528174901,8,0,0.015792433033627304,62.24146527838174,50,200,2026-04-04T06:45:19.340813
2026-04-03_20-07-03,2622,-90.79665043977657,200,0,0.015987644818727064,59.54829972383762,50,200,2026-04-04T06:45:23.426764
2026-04-03_20-07-03,2623,-88.26155707454409,200,0,0.016182209508224014,58.7962583843564,50,200,2026-04-04T06:45:27.710555
2026-04-03_20-07-03,2624,-1265.4917783233998,96,0,0.01729328573544857,55.86591089385369,50,200,2026-04-04T06:45:32.790834
2026-04-03_20-07-03,2625,-93.53825450096642,200,0,0.015475132526931253,61.61980201201558,50,200,2026-04-04T06:46:17.642612
2026-04-03_20-07-03,2626,-100.67186430551419,200,0,0.014847677195736854,64.35060217278468,50,200,2026-04-04T06:46:21.555617
2026-04-03_20-07-03,2627,-30.91449254757541,200,0,0.02300973995595075,40.45985664828782,50,200,2026-04-04T06:46:34.702504
2026-04-03_20-07-03,2628,-66.62673786366166,200,0,0.01777351341667012,53.2634959423431,50,200,2026-04-04T06:46:44.172064
2026-04-03_20-07-03,2629,-75.3756791783255,200,0,0.01751826787790118,54.08326913195984,50,200,2026-04-04T06:46:50.735229
2026-04-03_20-07-03,2630,-63.22853739925121,200,0,0.017749838297735666,53.33854141237835,50,200,2026-04-04T06:47:03.064699
2026-04-03_20-07-03,2631,-85.70479837872678,200,0,0.016233676290783778,58.60034129593445,50,200,2026-04-04T06:47:09.086727
2026-04-03_20-07-03,2632,-71.29204037648844,200,0,0.01830709261918721,51.62363799656123,50,200,2026-04-04T06:47:16.100106
2026-04-03_20-07-03,2633,-102.51856285567024,200,0,0.015144232602744119,63.0317380372777,50,200,2026-04-04T06:47:20.599661
2026-04-03_20-07-03,2634,-83.72296669233738,200,0,0.016283375687934448,58.412327466040935,50,200,2026-04-04T06:47:27.028765
2026-04-03_20-07-03,2635,-79.3386721996127,200,0,0.01714758005367333,55.31726674375732,50,200,2026-04-04T06:47:32.568379
2026-04-03_20-07-03,2636,-100.11098615925157,200,0,0.014690933476920654,65.06919393998976,50,200,2026-04-04T06:47:36.425743
2026-04-03_20-07-03,2637,-86.41992957350944,200,0,0.016283375687934448,58.412327466040935,50,200,2026-04-04T06:47:41.206507
2026-04-03_20-07-03,2638,-53.99066863118781,200,0,0.02133860281928074,43.86342439892262,50,200,2026-04-04T06:47:50.353750
2026-04-03_20-07-03,2639,-1068.697798198063,50,0,0.016031569361025365,60.876925020897694,50,200,2026-04-04T06:47:53.462739
2026-04-03_20-07-03,2640,-56.80605711364709,200,0,0.018548853366407828,50.91168824543142,50,200,2026-04-04T06:48:03.100493
2026-04-03_20-07-03,2641,-101.9848143180552,200,0,0.014694251449008376,65.05382386916237,50,200,2026-04-04T06:48:55.494742
2026-04-03_20-07-03,2642,-64.79339605618242,200,0,0.018993797373463208,49.64876634922564,50,200,2026-04-04T06:49:03.672468
2026-04-03_20-07-03,2643,-78.63550707829987,200,0,0.01719026586376767,55.17245689653489,50,200,2026-04-04T06:49:09.713680
2026-04-03_20-07-03,2644,-81.51510187321142,200,0,0.016531896058015548,57.48912940721924,50,200,2026-04-04T06:49:15.691301
2026-04-03_20-07-03,2645,-92.05389020154048,200,0,0.015655105496591208,60.876925020897694,50,200,2026-04-04T06:49:20.748228
2026-04-03_20-07-03,2646,-85.98323772827241,200,0,0.01563501554262549,60.959002616512684,50,200,2026-04-04T06:49:28.626552
2026-04-03_20-07-03,2647,-96.66936910726649,200,0,0.015158808383651329,62.96824596572466,50,200,2026-04-04T06:49:33.022271
2026-04-03_20-07-03,2648,-76.45548201954065,200,0,0.01757242937099559,53.907327887774215,50,200,2026-04-04T06:49:38.775962
2026-04-03_20-07-03,2649,-103.44422348800903,200,0,0.014395109419717729,66.46803743153546,50,200,2026-04-04T06:49:43.023358
2026-04-03_20-07-03,2650,-46.99107634025463,200,0,0.020713829343795728,45.27692569068709,50,200,2026-04-04T06:49:52.651051
2026-04-03_20-07-03,2651,-105.87985595536796,200,0,0.014395109419717729,66.46803743153546,50,200,2026-04-04T06:49:54.841065
2026-04-03_20-07-03,2652,-70.26023957558654,200,0,0.017726259298275163,53.41348144429457,50,200,2026-04-04T06:50:02.466555
2026-04-03_20-07-03,2653,-83.2450292367561,200,0,0.016560495414620673,57.38466694161429,50,200,2026-04-04T06:50:08.246318
2026-04-03_20-07-03,2654,-130.80604818982525,200,0,0.014542338320164393,65.76473218982953,50,200,2026-04-04T06:50:14.490961
2026-04-03_20-07-03,2655,-68.59950535061796,200,0,0.01780920776408851,53.150729063673246,50,200,2026-04-04T06:50:22.378693
2026-04-03_20-07-03,2656,-71.44497990324476,200,0,0.018024978890203172,52.478567053607705,50,200,2026-04-04T06:50:28.816813
2026-04-03_20-07-03,2657,-101.39349874702552,200,0,0.014542338320164393,65.76473218982953,50,200,2026-04-04T06:51:24.994806
2026-04-03_20-07-03,2658,-78.98295417077121,200,0,0.016579645764233333,57.3149195236284,50,200,2026-04-04T06:51:32.820540
2026-04-03_20-07-03,2659,-50.608930809335185,200,0,0.020573161276661284,45.60701700396552,50,200,2026-04-04T06:51:44.727208
2026-04-03_20-07-03,2660,-96.8379191850603,200,0,0.01531636424944194,62.289646009589745,50,200,2026-04-04T06:51:47.814518
2026-04-03_20-07-03,2661,-78.09359360382354,200,0,0.0173395126615257,54.67174773134658,50,200,2026-04-04T06:51:53.792460
2026-04-03_20-07-03,2662,-112.84301990393757,200,0,0.016705792773982008,56.859475903318,50,200,2026-04-04T06:52:02.247429
2026-04-03_20-07-03,2663,-90.12145921323871,200,0,0.015327675363100063,62.24146527838174,50,200,2026-04-04T06:52:09.824179
2026-04-03_20-07-03,2664,-70.74194405546369,200,0,0.017347767675262683,54.644304369257,50,200,2026-04-04T06:52:17.445034
2026-04-03_20-07-03,2665,-132.0912318604504,200,0,0.014847677195736854,64.35060217278468,50,200,2026-04-04T06:52:22.421195
2026-04-03_20-07-03,2666,-101.78898479772076,200,0,0.015475132526931253,61.61980201201558,50,200,2026-04-04T06:52:27.766692
2026-04-03_20-07-03,2667,-56.17384274479329,200,0,0.021968084075007558,42.5205832509386,50,200,2026-04-04T06:52:36.710376
2026-04-03_20-07-03,2668,-1043.9626641080833,1,0,0.015813927823395878,62.22539674441618,50,200,2026-04-04T06:52:38.731440
2026-04-03_20-07-03,2669,-67.30336058276313,200,0,0.017347767675262683,54.644304369257,50,200,2026-04-04T06:52:49.822580
2026-04-03_20-07-03,2670,-1094.8342854490008,63,0,0.01847485661835125,52.49761899362675,50,200,2026-04-04T06:52:54.613413
2026-04-03_20-07-03,2671,-1290.3354678318055,149,0,0.02090600950610766,45.34313619501854,50,200,2026-04-04T06:53:04.541916
2026-04-03_20-07-03,2672,-71.64768171523716,200,0,0.016548560675416515,57.42821606144492,50,200,2026-04-04T06:53:16.274920
2026-04-03_20-07-03,2673,-100.16328092182225,200,0,0.014847677195736854,64.35060217278468,50,200,2026-04-04T06:54:03.681233
2026-04-03_20-07-03,2674,-86.0748017063792,200,0,0.016120221108337676,59.033888572581766,50,200,2026-04-04T06:54:10.491749
2026-04-03_20-07-03,2675,-81.8756254454109,200,0,0.016283375687934448,58.412327466040935,50,200,2026-04-04T06:54:15.840148
2026-04-03_20-07-03,2676,-91.1000602571742,200,0,0.015490702006891422,61.554853586049575,50,200,2026-04-04T06:54:21.214936
2026-04-03_20-07-03,2677,-84.8035239967907,200,0,0.015795905494282912,60.30754513325841,50,200,2026-04-04T06:54:27.532192
2026-04-03_20-07-03,2678,-71.12877444719808,200,0,0.018049795406026893,52.40229002629561,50,200,2026-04-04T06:54:35.499485
2026-04-03_20-07-03,2679,-91.10750735767633,200,0,0.015957683908956685,59.665735560705194,50,200,2026-04-04T06:54:39.989418
2026-04-03_20-07-03,2680,-1168.5060540102788,115,0,0.016728529287421485,57.62811813689564,50,200,2026-04-04T06:54:44.829038
2026-04-03_20-07-03,2681,-68.97800308778787,200,0,0.01777351341667012,53.2634959423431,50,200,2026-04-04T06:54:50.899387
2026-04-03_20-07-03,2682,-79.82198124409817,200,0,0.01670824747570822,56.85068161420758,50,200,2026-04-04T06:54:57.897507
2026-04-03_20-07-03,2683,-65.40291665218552,200,0,0.01830709261918721,51.62363799656123,50,200,2026-04-04T06:55:07.760076
2026-04-03_20-07-03,2684,-69.60718005085235,200,0,0.017532471434017583,54.037024344425184,50,200,2026-04-04T06:55:17.113059
2026-04-03_20-07-03,2685,-124.39585094045961,200,0,0.014542338320164393,65.76473218982953,50,200,2026-04-04T06:55:19.531966
2026-04-03_20-07-03,2686,-160.6566935140394,200,0,0.014395109419717729,66.46803743153546,50,200,2026-04-04T06:55:21.870937
2026-04-03_20-07-03,2687,-98.16703686390937,200,0,0.015006090152632831,63.63961030678928,50,200,2026-04-04T06:55:25.969686
2026-04-03_20-07-03,2688,-122.76982194748487,200,0,0.0173395126615257,54.67174773134658,50,200,2026-04-04T06:55:33.232459
2026-04-03_20-07-03,2689,-93.68064703960209,200,0,0.01563501554262549,60.959002616512684,50,200,2026-04-04T06:56:27.181017
2026-04-03_20-07-03,2690,-1055.8074342567443,19,0,0.015410117176309836,63.702433234531945,50,200,2026-04-04T06:56:29.177355
2026-04-03_20-07-03,2691,-92.49109488325183,200,0,0.017063170644771773,55.60575509783138,50,200,2026-04-04T06:56:37.234789
2026-04-03_20-07-03,2692,-62.623984544055865,200,0,0.019215692546309227,49.040799340956916,50,200,2026-04-04T06:56:45.188603
2026-04-03_20-07-03,2693,-85.37616723005416,200,0,0.016182209508224014,58.7962583843564,50,200,2026-04-04T06:56:50.466522
2026-04-03_20-07-03,2694,-76.12395428942281,200,0,0.01792066035616277,52.80151512977634,50,200,2026-04-04T06:56:56.849879
2026-04-03_20-07-03,2695,-105.00558284969489,200,0,0.014395109419717729,66.46803743153546,50,200,2026-04-04T06:57:00.660569
2026-04-03_20-07-03,2696,-280.4672760971308,200,0,0.016862623549837707,56.302753041036986,50,200,2026-04-04T06:57:08.476751
2026-04-03_20-07-03,2697,-1116.5847650188962,162,0,0.016124618892743012,59.39696961966999,50,200,2026-04-04T06:57:12.761877
2026-04-03_20-07-03,2698,-65.29066711464357,200,0,0.01801879104245604,52.49761899362675,50,200,2026-04-04T06:57:22.501852
2026-04-03_20-07-03,2699,-71.57744708958249,200,0,0.016938902237140722,56.0357029044876,50,200,2026-04-04T06:57:31.389795
2026-04-03_20-07-03,2700,-92.21840536825896,200,0,0.015002553017897154,63.655321851358195,50,200,2026-04-04T06:57:38.494068
2026-04-03_20-07-03,2701,-76.81466933194602,200,0,0.01697743884386866,55.90169943749474,50,200,2026-04-04T06:57:45.800235
2026-04-03_20-07-03,2702,-75.9337853097538,200,0,0.01751826787790118,54.08326913195984,50,200,2026-04-04T06:57:51.156760
2026-04-03_20-07-03,2703,-84.82854071315434,200,0,0.016493997022009554,57.62811813689564,50,200,2026-04-04T06:57:56.661926
2026-04-03_20-07-03,2704,-1150.261451509594,81,0,0.01578971792760653,61.5223536610881,50,200,2026-04-04T06:57:59.558814
2026-04-03_20-07-03,2705,-76.27077302103594,200,0,0.016767492664590555,56.639209034025185,50,200,2026-04-04T06:58:54.970133
2026-04-03_20-07-03,2706,-77.98430332735634,200,0,0.016742729328367508,56.72741841473134,50,200,2026-04-04T06:59:02.224838
2026-04-03_20-07-03,2707,-1122.2397834375404,97,0,0.015238020504722352,63.655321851358195,50,200,2026-04-04T06:59:04.448428
2026-04-03_20-07-03,2708,-92.52400435014631,200,0,0.015655105496591208,60.876925020897694,50,200,2026-04-04T06:59:08.590348
2026-04-03_20-07-03,2709,-88.20883625991708,200,0,0.016182209508224014,58.7962583843564,50,200,2026-04-04T06:59:12.618382
2026-04-03_20-07-03,2710,-88.29117284685546,200,0,0.01615555413020488,58.89821729050889,50,200,2026-04-04T06:59:19.009527
2026-04-03_20-07-03,2711,-98.90008224123781,200,0,0.014991956837375139,63.702433234531945,50,200,2026-04-04T06:59:22.848953
2026-04-03_20-07-03,2712,-82.16824000169031,200,0,0.016589246322273456,57.28001396647874,50,200,2026-04-04T06:59:29.097803
2026-04-03_20-07-03,2713,-1082.9256431392423,31,0,0.015222629183406786,64.38167441127949,50,200,2026-04-04T06:59:31.358229
2026-04-03_20-07-03,2714,-82.8999906913891,200,0,0.016742729328367508,56.72741841473134,50,200,2026-04-04T06:59:37.668572
2026-04-03_20-07-03,2715,-68.56518443590484,200,0,0.018191361753620034,51.97114584074513,50,200,2026-04-04T06:59:45.258556
2026-04-03_20-07-03,2716,-1109.8199284996392,167,0,0.01750644697135312,54.45181356024793,50,200,2026-04-04T06:59:51.214244
2026-04-03_20-07-03,2717,-92.26735481709461,200,0,0.018481647851218804,51.10772935672255,50,200,2026-04-04T06:59:58.405112
2026-04-03_20-07-03,2718,-63.19586639518026,200,0,0.01889289489987106,49.92995093127971,50,200,2026-04-04T07:00:06.786860
2026-04-03_20-07-03,2719,-84.36940132221962,200,0,0.016356501754670582,58.137767414994535,50,200,2026-04-04T07:00:13.115272
2026-04-03_20-07-03,2720,-93.02915671008728,200,0,0.014694251449008376,65.05382386916237,50,200,2026-04-04T07:00:20.093179
2026-04-03_20-07-03,2721,-81.00994536681688,200,0,0.016446994017549132,57.8013840664737,50,200,2026-04-04T07:01:11.513750
2026-04-03_20-07-03,2722,-1092.4086024051035,2,0,0.015131066674954743,65.06919393998976,50,200,2026-04-04T07:01:13.247646
2026-04-03_20-07-03,2723,-105.64567680634985,200,0,0.014395109419717729,66.46803743153546,50,200,2026-04-04T07:01:15.562025
2026-04-03_20-07-03,2724,-91.27809591161714,200,0,0.015166112325465147,62.93647591023825,50,200,2026-04-04T07:01:22.152043
2026-04-03_20-07-03,2725,-79.76396417105653,200,0,0.016560495414620673,57.38466694161429,50,200,2026-04-04T07:01:27.989836
2026-04-03_20-07-03,2726,-69.9900825244309,200,0,0.017589639595760997,53.85164807134504,50,200,2026-04-04T07:01:36.431163
2026-04-03_20-07-03,2727,-90.24788029151266,200,0,0.015987644818727064,59.54829972383762,50,200,2026-04-04T07:01:40.481889
2026-04-03_20-07-03,2728,-105.6230195971184,200,0,0.014395109419717729,66.46803743153546,50,200,2026-04-04T07:01:42.893738
2026-04-03_20-07-03,2729,-84.43722152187486,200,0,0.01830709261918721,51.62363799656123,50,200,2026-04-04T07:01:49.919849
2026-04-03_20-07-03,2730,-142.04136536113023,200,0,0.014542338320164393,65.76473218982953,50,200,2026-04-04T07:01:55.783300
2026-04-03_20-07-03,2731,-141.85417630412064,200,0,0.0173395126615257,54.67174773134658,50,200,2026-04-04T07:02:01.848550
2026-04-03_20-07-03,2732,-90.44282876415801,200,0,0.016022096878742342,59.413803110051795,50,200,2026-04-04T07:02:05.811178
2026-04-03_20-07-03,2733,-81.4844089805092,200,0,0.016705792773982008,56.859475903318,50,200,2026-04-04T07:02:13.357523
2026-04-03_20-07-03,2734,-128.12794367191051,200,0,0.015327675363100063,62.24146527838174,50,200,2026-04-04T07:02:19.501108
2026-04-03_20-07-03,2735,-87.9347283521066,200,0,0.01620899952366611,58.69412236331676,50,200,2026-04-04T07:02:23.962185
2026-04-03_20-07-03,2736,-72.78505970693021,200,0,0.017347767675262683,54.644304369257,50,200,2026-04-04T07:02:31.547353
2026-04-03_20-07-03,2737,-254.07026710236855,200,0,0.014395109419717729,66.46803743153546,50,200,2026-04-04T07:03:22.406797
2026-04-03_20-07-03,2738,-49.119891508021475,200,0,0.02069962966577141,45.31004303683677,50,200,2026-04-04T07:03:31.652594
2026-04-03_20-07-03,2739,-92.07509335443288,200,0,0.014991956837375139,63.702433234531945,50,200,2026-04-04T07:03:39.192993
2026-04-03_20-07-03,2740,-30.596090641709967,200,0,0.024015740008573663,38.63935817272331,50,200,2026-04-04T07:03:52.864374
2026-04-03_20-07-03,2741,-82.96803599089618,200,0,0.016705792773982008,56.859475903318,50,200,2026-04-04T07:03:58.107047
2026-04-03_20-07-03,2742,-152.47620493708988,200,0,0.014840830370231983,64.38167441127949,50,200,2026-04-04T07:04:00.836486
2026-04-03_20-07-03,2743,-90.73410002175291,200,0,0.01582078896403802,60.207972893961475,50,200,2026-04-04T07:04:05.720174
2026-04-03_20-07-03,2744,-84.97627207220683,200,0,0.015762912443755845,60.440052945046304,50,200,2026-04-04T07:04:13.881403
2026-04-03_20-07-03,2745,-70.98433195673829,200,0,0.017347767675262683,54.644304369257,50,200,2026-04-04T07:04:20.907579
2026-04-03_20-07-03,2746,-61.44986174156166,200,0,0.018372368544193916,51.42956348249516,50,200,2026-04-04T07:04:28.331038
2026-04-03_20-07-03,2747,-105.67807302236446,200,0,0.014395109419717729,66.46803743153546,50,200,2026-04-04T07:04:30.254490
2026-04-03_20-07-03,2748,-70.25437942170164,200,0,0.017726259298275163,53.41348144429457,50,200,2026-04-04T07:04:38.518918
2026-04-03_20-07-03,2749,-45.90595150261815,200,0,0.02075660826393015,45.17742799230607,50,200,2026-04-04T07:04:49.584032
2026-04-03_20-07-03,2750,-78.8865440278063,200,0,0.017110494323822657,55.44366510251645,50,200,2026-04-04T07:04:55.162899
2026-04-03_20-07-03,2751,-82.36741707342462,200,0,0.01615555413020488,58.89821729050889,50,200,2026-04-04T07:05:02.823313
2026-04-03_20-07-03,2752,-135.024687133015,200,0,0.014395109419717729,66.46803743153546,50,200,2026-04-04T07:05:05.870152
2026-04-03_20-07-03,2753,-1064.6289372775987,47,0,0.01598881398567065,61.07372593840988,50,200,2026-04-04T07:06:02.769910
2026-04-03_20-07-03,2754,-80.19350531392551,200,0,0.016493997022009554,57.62811813689564,50,200,2026-04-04T07:06:10.061579
2026-04-03_20-07-03,2755,-68.85283367435963,200,0,0.01697743884386866,55.90169943749474,50,200,2026-04-04T07:06:21.487705
2026-04-03_20-07-03,2756,-47.2265875670639,200,0,0.021608460309423178,43.278170016764804,50,200,2026-04-04T07:06:31.190658
2026-04-03_20-07-03,2757,-74.95596508806003,200,0,0.017428190127981715,54.378304497290095,50,200,2026-04-04T07:06:38.586959
2026-04-03_20-07-03,2758,-97.92486834015045,200,0,0.014991956837375139,63.702433234531945,50,200,2026-04-04T07:06:42.948392
2026-04-03_20-07-03,2759,-62.17535589775122,200,0,0.0187097764284376,50.44799302251776,50,200,2026-04-04T07:06:52.717145
2026-04-03_20-07-03,2760,-237.38220889804614,200,0,0.02049473781964619,45.79301256742124,50,200,2026-04-04T07:07:02.270229
2026-04-03_20-07-03,2761,-1083.3305096659096,10,0,0.014955567266178405,65.76473218982953,50,200,2026-04-04T07:07:03.993642
2026-04-03_20-07-03,2762,-74.22299702771181,200,0,0.017174220679360835,55.226805085936306,50,200,2026-04-04T07:07:11.449253
2026-04-03_20-07-03,2763,-84.41523620442678,200,0,0.016446994017549132,57.8013840664737,50,200,2026-04-04T07:07:16.928427
2026-04-03_20-07-03,2764,-94.69685512662524,200,0,0.015331451396431838,62.22539674441618,50,200,2026-04-04T07:07:21.723883
2026-04-03_20-07-03,2765,-1086.5751131035488,123,0,0.018056822597085416,53.150729063673246,50,200,2026-04-04T07:07:26.957088
2026-04-03_20-07-03,2766,-66.39706767443376,200,0,0.017833126082215954,53.075418038862395,50,200,2026-04-04T07:07:33.938659
2026-04-03_20-07-03,2767,-96.98571118070312,200,0,0.014690933476920654,65.06919393998976,50,200,2026-04-04T07:07:40.820619
2026-04-03_20-07-03,2768,-95.99442903690334,200,0,0.014847677195736854,64.35060217278468,50,200,2026-04-04T07:07:46.686044
2026-04-03_20-07-03,2769,-100.83162773674691,200,0,0.014542338320164393,65.76473218982953,50,200,2026-04-04T07:08:36.251300
2026-04-03_20-07-03,2770,-65.49684850915375,200,0,0.018586136541027275,50.80354318352215,50,200,2026-04-04T07:08:45.291179
2026-04-03_20-07-03,2771,-41.207658065032035,200,0,0.022128766922336517,42.190046219457976,50,200,2026-04-04T07:08:55.069020
2026-04-03_20-07-03,2772,-79.0621707654548,200,0,0.016774943497769916,56.61271941887264,50,200,2026-04-04T07:09:01.720076
2026-04-03_20-07-03,2773,-147.60673422805047,200,0,0.014395109419717729,66.46803743153546,50,200,2026-04-04T07:09:04.035230
2026-04-03_20-07-03,2774,-1085.6056964602558,19,0,0.016287182668507132,60.207972893961475,50,200,2026-04-04T07:09:06.539909
2026-04-03_20-07-03,2775,-1085.753658967469,107,0,0.018357957771139532,52.40229002629561,50,200,2026-04-04T07:09:12.141191
2026-04-03_20-07-03,2776,-1212.0539512844489,137,0,0.015145704283748661,63.655321851358195,50,200,2026-04-04T07:09:14.273779
2026-04-03_20-07-03,2777,-1093.9163863986525,34,0,0.016051621342248336,60.959002616512684,50,200,2026-04-04T07:09:17.008290
2026-04-03_20-07-03,2778,-120.7040845787297,200,0,0.015762912443755845,60.440052945046304,50,200,2026-04-04T07:09:24.213809
2026-04-03_20-07-03,2779,-94.83752872621864,200,0,0.015331451396431838,62.22539674441618,50,200,2026-04-04T07:09:28.982323
2026-04-03_20-07-03,2780,-1449.6898331429893,166,0,0.015222614439467805,63.0317380372777,50,200,2026-04-04T07:09:33.782879
2026-04-03_20-07-03,2781,-1046.067822116927,14,0,0.01632700090754894,60.108235708594876,50,200,2026-04-04T07:09:36.302469
2026-04-03_20-07-03,2782,-85.73326281089957,200,0,0.016022096878742342,59.413803110051795,50,200,2026-04-04T07:09:42.298675
2026-04-03_20-07-03,2783,-84.26279965174105,200,0,0.016610909771468087,57.201398584300364,50,200,2026-04-04T07:09:46.924689
2026-04-03_20-07-03,2784,-86.53733890028512,200,0,0.016493997022009554,57.62811813689564,50,200,2026-04-04T07:09:51.588235
2026-04-03_20-07-03,2785,-94.0620008401578,200,0,0.015297568801352924,62.369864518050704,50,200,2026-04-04T07:10:36.322817
2026-04-03_20-07-03,2786,-97.43992500502878,200,0,0.015144232602744119,63.0317380372777,50,200,2026-04-04T07:10:40.110364
2026-04-03_20-07-03,2787,-86.98639222586334,200,0,0.015795905494282912,60.30754513325841,50,200,2026-04-04T07:10:47.274067
2026-04-03_20-07-03,2788,-92.3943715780396,200,0,0.015297568801352924,62.369864518050704,50,200,2026-04-04T07:10:52.875994
2026-04-03_20-07-03,2789,-1313.771632691981,108,0,0.016261801180362183,59.413803110051795,50,200,2026-04-04T07:10:58.291817
2026-04-03_20-07-03,2790,-68.58871698371497,200,0,0.017428190127981715,54.378304497290095,50,200,2026-04-04T07:11:08.430689
2026-04-03_20-07-03,2791,-75.82454890521839,200,0,0.017102579202553668,55.47071299343465,50,200,2026-04-04T07:11:16.078048
2026-04-03_20-07-03,2792,-83.73686279067014,200,0,0.01607638457164266,59.20304046246274,50,200,2026-04-04T07:11:22.139194
2026-04-03_20-07-03,2793,-1276.0944031087702,176,0,0.016512172160767905,57.8013840664737,50,200,2026-04-04T07:11:27.926515
2026-04-03_20-07-03,2794,-85.62156716366287,200,0,0.01582078896403802,60.207972893961475,50,200,2026-04-04T07:11:35.408976
2026-04-03_20-07-03,2795,-97.4253171970846,200,0,0.014840830370231983,64.38167441127949,50,200,2026-04-04T07:11:41.871526
2026-04-03_20-07-03,2796,-70.30351820871402,200,0,0.017601141734774797,53.81449618829484,50,200,2026-04-04T07:11:51.001482
2026-04-03_20-07-03,2797,-71.70842305928429,200,0,0.017532471434017583,54.037024344425184,50,200,2026-04-04T07:11:57.039226
2026-04-03_20-07-03,2798,-91.08711096681795,200,0,0.01584579237197416,60.108235708594876,50,200,2026-04-04T07:12:01.320824
2026-04-03_20-07-03,2799,-70.90862370116552,200,0,0.017195624441988366,55.154328932550705,50,200,2026-04-04T07:12:09.590389
2026-04-03_20-07-03,2800,-74.99794918023294,200,0,0.01714758005367333,55.31726674375732,50,200,2026-04-04T07:12:15.914665
2026-04-03_20-07-03,2801,-96.47401382965033,200,0,0.015144232602744119,63.0317380372777,50,200,2026-04-04T07:13:09.380827
2026-04-03_20-07-03,2802,-96.81896407234721,200,0,0.014847677195736854,64.35060217278468,50,200,2026-04-04T07:13:15.417723
2026-04-03_20-07-03,2803,-95.6163460210894,200,0,0.01531636424944194,62.289646009589745,50,200,2026-04-04T07:13:19.850445
2026-04-03_20-07-03,2804,-99.65746877601129,200,0,0.014690933476920654,65.06919393998976,50,200,2026-04-04T07:13:24.068553
2026-04-03_20-07-03,2805,-71.78852110452415,200,0,0.01726575353208644,54.91812087098393,50,200,2026-04-04T07:13:31.574320
2026-04-03_20-07-03,2806,-88.17554383299955,200,0,0.0156712342591605,60.81118318204309,50,200,2026-04-04T07:13:38.891852
2026-04-03_20-07-03,2807,-90.6463419585128,200,0,0.016026419329261153,59.39696961966999,50,200,2026-04-04T07:13:43.104117
2026-04-03_20-07-03,2808,-92.43000121397954,200,0,0.015607021214299889,61.07372593840988,50,200,2026-04-04T07:13:47.711465
2026-04-03_20-07-03,2809,-83.17183753152543,200,0,0.016531896058015548,57.48912940721924,50,200,2026-04-04T07:13:52.623095
2026-04-03_20-07-03,2810,-79.1404862778308,200,0,0.016579645764233333,57.3149195236284,50,200,2026-04-04T07:13:59.789648
2026-04-03_20-07-03,2811,-90.34215540856277,200,0,0.015762912443755845,60.440052945046304,50,200,2026-04-04T07:14:04.882206
2026-04-03_20-07-03,2812,-91.78624865003734,200,0,0.015762912443755845,60.440052945046304,50,200,2026-04-04T07:14:09.161207
2026-04-03_20-07-03,2813,-81.94298092127879,200,0,0.016548560675416515,57.42821606144492,50,200,2026-04-04T07:14:16.024889
2026-04-03_20-07-03,2814,-92.31967324313538,200,0,0.015498504677194942,61.5223536610881,50,200,2026-04-04T07:14:21.208718
2026-04-03_20-07-03,2815,-104.27146253895259,200,0,0.014542338320164393,65.76473218982953,50,200,2026-04-04T07:14:23.092650
2026-04-03_20-07-03,2816,-77.25053142604403,200,0,0.016774943497769916,56.61271941887264,50,200,2026-04-04T07:14:30.671993
2026-04-03_20-07-03,2817,-78.55824878942407,200,0,0.01751826787790118,54.08326913195984,50,200,2026-04-04T07:15:27.074274
2026-04-03_20-07-03,2818,-86.58972953492533,200,0,0.015327675363100063,62.24146527838174,50,200,2026-04-04T07:15:36.773796
2026-04-03_20-07-03,2819,-314.5783321611144,200,0,0.014542338320164393,65.76473218982953,50,200,2026-04-04T07:15:41.462511
2026-04-03_20-07-03,2820,-113.02432916033735,200,0,0.01974956701560098,47.634021455258214,50,200,2026-04-04T07:15:51.895551
2026-04-03_20-07-03,2821,-84.94140774498882,200,0,0.015987644818727064,59.54829972383762,50,200,2026-04-04T07:15:57.652061
2026-04-03_20-07-03,2822,-58.221239856661064,200,0,0.019684390865935184,47.80167361086848,50,200,2026-04-04T07:16:06.939846
2026-04-03_20-07-03,2823,-62.270163199413865,200,0,0.018220084638200296,51.884487084291386,50,200,2026-04-04T07:16:15.709523
2026-04-03_20-07-03,2824,-72.08823964266833,200,0,0.017845122120080055,53.03772242470448,50,200,2026-04-04T07:16:23.179122
2026-04-03_20-07-03,2825,-94.8390563817432,200,0,0.01531636424944194,62.289646009589745,50,200,2026-04-04T07:16:27.809769
2026-04-03_20-07-03,2826,-105.06101833355658,200,0,0.014395109419717729,66.46803743153546,50,200,2026-04-04T07:16:31.180302
2026-04-03_20-07-03,2827,-223.39338606699704,200,0,0.015006090152632831,63.63961030678928,50,200,2026-04-04T07:16:33.824999
2026-04-03_20-07-03,2828,-78.9676195879801,200,0,0.017195624441988366,55.154328932550705,50,200,2026-04-04T07:16:39.182489
2026-04-03_20-07-03,2829,-1137.1433041494065,119,0,0.01700601621630192,56.61271941887264,50,200,2026-04-04T07:16:43.391023
2026-04-03_20-07-03,2830,-87.02411219205182,200,0,0.016356501754670582,58.137767414994535,50,200,2026-04-04T07:16:48.914376
2026-04-03_20-07-03,2831,-67.64129983471412,200,0,0.0187936149850847,50.20956084253277,50,200,2026-04-04T07:16:56.127598
2026-04-03_20-07-03,2832,-162.02171487347886,200,0,0.016579645764233333,57.3149195236284,50,200,2026-04-04T07:17:00.851487
2026-04-03_20-07-03,2833,-94.85346428950476,200,0,0.015957683908956685,59.665735560705194,50,200,2026-04-04T07:17:55.380835
2026-04-03_20-07-03,2834,-91.42651111219448,200,0,0.01563501554262549,60.959002616512684,50,200,2026-04-04T07:18:00.561315
2026-04-03_20-07-03,2835,-487.12643894525024,200,0,0.014840830370231983,64.38167441127949,50,200,2026-04-04T07:18:04.440628
2026-04-03_20-07-03,2836,-73.03997470664257,200,0,0.01830709261918721,51.62363799656123,50,200,2026-04-04T07:18:10.009698
2026-04-03_20-07-03,2837,-97.15366078472763,200,0,0.014840830370231983,64.38167441127949,50,200,2026-04-04T07:18:15.482783
2026-04-03_20-07-03,2838,-86.04318618487852,200,0,0.016493997022009554,57.62811813689564,50,200,2026-04-04T07:18:20.848054
2026-04-03_20-07-03,2839,-87.36210699016823,200,0,0.015957683908956685,59.665735560705194,50,200,2026-04-04T07:18:25.816036
2026-04-03_20-07-03,2840,-1056.149428510234,23,0,0.015927408329931888,61.554853586049575,50,200,2026-04-04T07:18:28.199022
2026-04-03_20-07-03,2841,-97.2479533935864,200,0,0.015144232602744119,63.0317380372777,50,200,2026-04-04T07:18:32.339345
2026-04-03_20-07-03,2842,-96.08333036365404,200,0,0.015490702006891422,61.554853586049575,50,200,2026-04-04T07:18:37.386259
2026-04-03_20-07-03,2843,-76.557439206332,200,0,0.017241379310344827,55.0,50,200,2026-04-04T07:18:44.519689
2026-04-03_20-07-03,2844,-77.18482748841754,200,0,0.01757242937099559,53.907327887774215,50,200,2026-04-04T07:18:49.826232
2026-04-03_20-07-03,2845,-99.83480470745644,200,0,0.014847677195736854,64.35060217278468,50,200,2026-04-04T07:18:53.950065
2026-04-03_20-07-03,2846,-112.61072666487334,200,0,0.015327675363100063,62.24146527838174,50,200,2026-04-04T07:18:58.226875
2026-04-03_20-07-03,2847,-91.15248404442129,200,0,0.015762912443755845,60.440052945046304,50,200,2026-04-04T07:19:03.371580
2026-04-03_20-07-03,2848,-90.4366087443245,200,0,0.01566719731860802,60.8276253029822,50,200,2026-04-04T07:19:08.621206
2026-04-03_20-07-03,2849,-96.80173720624951,200,0,0.014991956837375139,63.702433234531945,50,200,2026-04-04T07:20:02.722146
2026-04-03_20-07-03,2850,-90.69801927310326,200,0,0.015837444516357976,60.14149981501958,50,200,2026-04-04T07:20:07.415521
2026-04-03_20-07-03,2851,-1095.9003342632222,21,0,0.016085186474173712,60.959002616512684,50,200,2026-04-04T07:20:10.429687
2026-04-03_20-07-03,2852,-94.91022872768391,200,0,0.015158808383651329,62.96824596572466,50,200,2026-04-04T07:20:15.702201
2026-04-03_20-07-03,2853,-96.20113067040343,200,0,0.015297568801352924,62.369864518050704,50,200,2026-04-04T07:20:20.202735
2026-04-03_20-07-03,2854,-93.51533517741318,200,0,0.01531636424944194,62.289646009589745,50,200,2026-04-04T07:20:25.160350
2026-04-03_20-07-03,2855,-86.2507755202662,200,0,0.016324386013151563,58.25804665451803,50,200,2026-04-04T07:20:30.200647
2026-04-03_20-07-03,2856,-77.91403494079299,200,0,0.017347767675262683,54.644304369257,50,200,2026-04-04T07:20:36.218259
2026-04-03_20-07-03,2857,-83.02824536223734,200,0,0.016182209508224014,58.7962583843564,50,200,2026-04-04T07:20:41.997165
2026-04-03_20-07-03,2858,-79.71406537781415,200,0,0.016548560675416515,57.42821606144492,50,200,2026-04-04T07:20:48.888745
2026-04-03_20-07-03,2859,-94.64179231220464,200,0,0.015006090152632831,63.63961030678928,50,200,2026-04-04T07:20:54.418312
2026-04-03_20-07-03,2860,-84.13673033665181,200,0,0.01639112635551034,58.008620049092706,50,200,2026-04-04T07:20:59.982636
2026-04-03_20-07-03,2861,-74.79116353659741,200,0,0.01759826404542644,53.823786563191554,50,200,2026-04-04T07:21:07.877033
2026-04-03_20-07-03,2862,-95.28965209325465,200,0,0.015498504677194942,61.5223536610881,50,200,2026-04-04T07:21:10.987132
2026-04-03_20-07-03,2863,-58.42992570351471,200,0,0.019504555598702577,48.27007354458868,50,200,2026-04-04T07:21:20.239519
2026-04-03_20-07-03,2864,-69.07109416285886,200,0,0.01831033958653701,51.61395160225576,50,200,2026-04-04T07:21:28.693623
2026-04-03_20-07-03,2865,-99.3405634171874,200,0,0.014847677195736854,64.35060217278468,50,200,2026-04-04T07:22:22.853029
2026-04-03_20-07-03,2866,-86.44033147055646,200,0,0.01600915083336377,59.464274989274024,50,200,2026-04-04T07:22:28.606217
2026-04-03_20-07-03,2867,-94.49339550039002,200,0,0.015451867499167868,61.71709649683789,50,200,2026-04-04T07:22:32.520902
2026-04-03_20-07-03,2868,-85.24458163062167,200,0,0.016356501754670582,58.137767414994535,50,200,2026-04-04T07:22:37.992026
2026-04-03_20-07-03,2869,-61.44210684045496,200,0,0.01881122649219697,50.15974481593781,50,200,2026-04-04T07:22:46.934435
2026-04-03_20-07-03,2870,-85.23795248819566,200,0,0.01830709261918721,51.62363799656123,50,200,2026-04-04T07:22:54.179201
2026-04-03_20-07-03,2871,-88.59100838997199,200,0,0.016022096878742342,59.413803110051795,50,200,2026-04-04T07:22:59.522435
2026-04-03_20-07-03,2872,-91.70678347049179,200,0,0.015490702006891422,61.554853586049575,50,200,2026-04-04T07:23:05.752550
2026-04-03_20-07-03,2873,-104.2219944444145,200,0,0.014542338320164393,65.76473218982953,50,200,2026-04-04T07:23:08.157334
2026-04-03_20-07-03,2874,-80.57936122186312,200,0,0.01717689170036648,55.21775076911409,50,200,2026-04-04T07:23:13.352384
2026-04-03_20-07-03,2875,-93.5330093620768,200,0,0.015490702006891422,61.554853586049575,50,200,2026-04-04T07:23:17.398090
2026-04-03_20-07-03,2876,-99.5687276377937,200,0,0.015002553017897154,63.655321851358195,50,200,2026-04-04T07:23:20.863918
2026-04-03_20-07-03,2877,-102.7658193164718,200,0,0.014690933476920654,65.06919393998976,50,200,2026-04-04T07:23:24.664110
2026-04-03_20-07-03,2878,-86.31911566600313,200,0,0.016233676290783778,58.60034129593445,50,200,2026-04-04T07:23:29.489169
2026-04-03_20-07-03,2879,-82.33177377910727,200,0,0.01670824747570822,56.85068161420758,50,200,2026-04-04T07:23:34.403109
2026-04-03_20-07-03,2880,-103.03308607596513,200,0,0.014542338320164393,65.76473218982953,50,200,2026-04-04T07:23:38.106443
2026-04-03_20-07-03,2881,-86.41297917280029,200,0,0.01639344262295082,58.0,50,200,2026-04-04T07:24:37.163410
2026-04-03_20-07-03,2882,-65.27662449512893,200,0,0.018751552348909063,50.32891812864648,50,200,2026-04-04T07:24:45.268731
2026-04-03_20-07-03,2883,-81.87062728321939,200,0,0.016774943497769916,56.61271941887264,50,200,2026-04-04T07:24:51.505940
2026-04-03_20-07-03,2884,-1157.1909370970152,93,0,0.015247314060093936,63.655321851358195,50,200,2026-04-04T07:24:53.668717
2026-04-03_20-07-03,2885,-1067.2242850728232,88,0,0.018490600265001603,52.20153254455275,50,200,2026-04-04T07:24:58.538475
2026-04-03_20-07-03,2886,-62.42883224305101,200,0,0.019048535306455686,49.49747468305833,50,200,2026-04-04T07:25:08.500067
2026-04-03_20-07-03,2887,-95.08691032707364,200,0,0.015297568801352924,62.369864518050704,50,200,2026-04-04T07:25:14.456702
2026-04-03_20-07-03,2888,-76.25139524022609,200,0,0.017632891518770216,53.71219600798314,50,200,2026-04-04T07:25:20.728254
2026-04-03_20-07-03,2889,-86.94276077237608,200,0,0.015655105496591208,60.876925020897694,50,200,2026-04-04T07:25:28.239195
2026-04-03_20-07-03,2890,-95.34096198919192,200,0,0.015451867499167868,61.71709649683789,50,200,2026-04-04T07:25:32.023826
2026-04-03_20-07-03,2891,-103.64420359308735,200,0,0.014542338320164393,65.76473218982953,50,200,2026-04-04T07:25:35.480477
2026-04-03_20-07-03,2892,-88.0355619364014,200,0,0.01582078896403802,60.207972893961475,50,200,2026-04-04T07:25:42.177564
2026-04-03_20-07-03,2893,-1076.3759214925767,110,0,0.01834785289787882,52.40229002629561,50,200,2026-04-04T07:25:47.453118
2026-04-03_20-07-03,2894,-80.34093938348296,200,0,0.01700586979491621,55.80322571321482,50,200,2026-04-04T07:25:52.620036
2026-04-03_20-07-03,2895,-87.06027026182824,200,0,0.016398078156068266,57.982756057296896,50,200,2026-04-04T07:25:56.667716
2026-04-03_20-07-03,2896,-69.79631176178195,200,0,0.018372368544193916,51.42956348249516,50,200,2026-04-04T07:26:05.129959
2026-04-03_20-07-03,2897,-73.21983738574696,200,0,0.01801879104245604,52.49761899362675,50,200,2026-04-04T07:27:00.053659
2026-04-03_20-07-03,2898,-101.62384952798784,200,0,0.014840830370231983,64.38167441127949,50,200,2026-04-04T07:27:02.747685
2026-04-03_20-07-03,2899,-75.89351401396898,200,0,0.01701884110896858,55.758407437802596,50,200,2026-04-04T07:27:11.155532
2026-04-03_20-07-03,2900,-52.98615333898799,200,0,0.02133860281928074,43.86342439892262,50,200,2026-04-04T07:27:19.408029
2026-04-03_20-07-03,2901,-1087.2852265065335,124,0,0.017836825896032964,53.823786563191554,50,200,2026-04-04T07:27:25.172452
2026-04-03_20-07-03,2902,-1108.9955608089151,103,0,0.015224101394569367,63.655321851358195,50,200,2026-04-04T07:27:27.810403
2026-04-03_20-07-03,2903,-97.76339776604429,200,0,0.014991956837375139,63.702433234531945,50,200,2026-04-04T07:27:32.773762
2026-04-03_20-07-03,2904,-98.68915134202615,200,0,0.014694251449008376,65.05382386916237,50,200,2026-04-04T07:27:38.885590
2026-04-03_20-07-03,2905,-97.03170879691802,200,0,0.015166112325465147,62.93647591023825,50,200,2026-04-04T07:27:42.953322
2026-04-03_20-07-03,2906,-1121.6480286827252,118,0,0.016621578955718638,57.982756057296896,50,200,2026-04-04T07:27:47.973485
2026-04-03_20-07-03,2907,-96.082799189046,200,0,0.015327675363100063,62.24146527838174,50,200,2026-04-04T07:27:52.089578
2026-04-03_20-07-03,2908,-64.76888003654375,200,0,0.018382221459774244,51.40038910358559,50,200,2026-04-04T07:27:59.861856
2026-04-03_20-07-03,2909,-53.000156937097714,200,0,0.0213541914234426,43.829214001622255,50,200,2026-04-04T07:28:09.079108
2026-04-03_20-07-03,2910,-90.44968158890424,200,0,0.0169877605700044,55.86591089385369,50,200,2026-04-04T07:28:15.527319
2026-04-03_20-07-03,2911,-78.59288624119299,200,0,0.01692611593470657,56.08029957123981,50,200,2026-04-04T07:28:22.370807
2026-04-03_20-07-03,2912,-62.266878500714085,200,0,0.018654515562507832,50.60632371551998,50,200,2026-04-04T07:28:30.621090
2026-04-03_20-07-03,2913,-133.68034440029172,200,0,0.014542338320164393,65.76473218982953,50,200,2026-04-04T07:29:22.320669
2026-04-03_20-07-03,2914,-226.62977378967193,200,0,0.014542338320164393,65.76473218982953,50,200,2026-04-04T07:29:26.164068
2026-04-03_20-07-03,2915,-195.4002470365697,200,0,0.01757242937099559,53.907327887774215,50,200,2026-04-04T07:29:35.432036
2026-04-03_20-07-03,2916,-67.78010114965645,200,0,0.01777351341667012,53.2634959423431,50,200,2026-04-04T07:29:45.974276
2026-04-03_20-07-03,2917,-82.63941783886453,200,0,0.01666423056308451,57.0087712549569,50,200,2026-04-04T07:29:53.467259
2026-04-03_20-07-03,2918,-66.19100322201871,200,0,0.018065358876586272,52.354560450833695,50,200,2026-04-04T07:30:01.023663
2026-04-03_20-07-03,2919,-92.96160521151356,200,0,0.015607021214299889,61.07372593840988,50,200,2026-04-04T07:30:05.563540
2026-04-03_20-07-03,2920,-90.0762484509113,200,0,0.01607638457164266,59.20304046246274,50,200,2026-04-04T07:30:09.851537
2026-04-03_20-07-03,2921,-108.79688538557313,200,0,0.014694251449008376,65.05382386916237,50,200,2026-04-04T07:30:14.047974
2026-04-03_20-07-03,2922,-84.44085072378206,200,0,0.01600915083336377,59.464274989274024,50,200,2026-04-04T07:30:20.698985
2026-04-03_20-07-03,2923,-82.19424602247744,200,0,0.01692611593470657,56.08029957123981,50,200,2026-04-04T07:30:25.743754
2026-04-03_20-07-03,2924,-142.17849867354175,200,0,0.014690933476920654,65.06919393998976,50,200,2026-04-04T07:30:31.594576
2026-04-03_20-07-03,2925,-99.65659882015034,200,0,0.014847677195736854,64.35060217278468,50,200,2026-04-04T07:30:36.011173
2026-04-03_20-07-03,2926,-107.00645719811968,200,0,0.014395109419717729,66.46803743153546,50,200,2026-04-04T07:30:38.534300
2026-04-03_20-07-03,2927,-68.79215762042762,200,0,0.018065358876586272,52.354560450833695,50,200,2026-04-04T07:30:47.398725
2026-04-03_20-07-03,2928,-97.94805544043616,200,0,0.014991956837375139,63.702433234531945,50,200,2026-04-04T07:30:51.403637
2026-04-03_20-07-03,2929,-102.5483832526636,200,0,0.014542338320164393,65.76473218982953,50,200,2026-04-04T07:31:49.822080
2026-04-03_20-07-03,2930,-94.35879878002999,200,0,0.015498504677194942,61.5223536610881,50,200,2026-04-04T07:31:54.526562
2026-04-03_20-07-03,2931,-100.38680177345547,200,0,0.014694251449008376,65.05382386916237,50,200,2026-04-04T07:31:59.897205
2026-04-03_20-07-03,2932,-91.79502764099975,200,0,0.015762912443755845,60.440052945046304,50,200,2026-04-04T07:32:04.919695
2026-04-03_20-07-03,2933,-148.8482925458365,200,0,0.014395109419717729,66.46803743153546,50,200,2026-04-04T07:32:06.849098
2026-04-03_20-07-03,2934,-88.41460541407952,200,0,0.01591941320116355,59.81638571495272,50,200,2026-04-04T07:32:12.940778
2026-04-03_20-07-03,2935,-86.98109652034843,200,0,0.016200054488402352,58.728187440104094,50,200,2026-04-04T07:32:18.058070
2026-04-03_20-07-03,2936,-1075.6294807579002,80,0,0.01677813385817845,57.8013840664737,50,200,2026-04-04T07:32:21.694895
2026-04-03_20-07-03,2937,-187.0800061909411,200,0,0.015795905494282912,60.30754513325841,50,200,2026-04-04T07:32:28.804142
2026-04-03_20-07-03,2938,-101.98102302960412,200,0,0.014542338320164393,65.76473218982953,50,200,2026-04-04T07:32:33.814938
2026-04-03_20-07-03,2939,-78.49650616828905,200,0,0.01729568768179672,54.817880294662984,50,200,2026-04-04T07:32:40.146169
2026-04-03_20-07-03,2940,-93.61493840436,200,0,0.01566719731860802,60.8276253029822,50,200,2026-04-04T07:32:43.364499
2026-04-03_20-07-03,2941,-147.61490568445282,200,0,0.014395109419717729,66.46803743153546,50,200,2026-04-04T07:32:45.261088
2026-04-03_20-07-03,2942,-73.82200893784291,200,0,0.017782416501530854,53.23532661682466,50,200,2026-04-04T07:32:52.400844
2026-04-03_20-07-03,2943,-150.81981367277615,200,0,0.014395109419717729,66.46803743153546,50,200,2026-04-04T07:32:54.812406
2026-04-03_20-07-03,2944,-94.52462220209148,200,0,0.015327675363100063,62.24146527838174,50,200,2026-04-04T07:32:59.959570
2026-04-03_20-07-03,2945,-96.65702132417374,200,0,0.015166112325465147,62.93647591023825,50,200,2026-04-04T07:33:55.413384
2026-04-03_20-07-03,2946,-94.44148667777489,200,0,0.015297568801352924,62.369864518050704,50,200,2026-04-04T07:34:00.899020
2026-04-03_20-07-03,2947,-1277.5821909314454,167,0,0.017207656723008818,55.44366510251645,50,200,2026-04-04T07:34:07.300733
2026-04-03_20-07-03,2948,-85.17749512261702,200,0,0.016493997022009554,57.62811813689564,50,200,2026-04-04T07:34:13.049371
2026-04-03_20-07-03,2949,-99.21174263805888,200,0,0.014847677195736854,64.35060217278468,50,200,2026-04-04T07:34:18.599462
2026-04-03_20-07-03,2950,-104.66737664375938,200,0,0.014395109419717729,66.46803743153546,50,200,2026-04-04T07:34:22.561881
2026-04-03_20-07-03,2951,-98.50808967255378,200,0,0.015144232602744119,63.0317380372777,50,200,2026-04-04T07:34:25.585065
2026-04-03_20-07-03,2952,-98.09523613826725,200,0,0.015166112325465147,62.93647591023825,50,200,2026-04-04T07:34:29.033633
2026-04-03_20-07-03,2953,-93.76452861691489,200,0,0.015451867499167868,61.71709649683789,50,200,2026-04-04T07:34:34.477467
2026-04-03_20-07-03,2954,-98.21147145121239,200,0,0.014847677195736854,64.35060217278468,50,200,2026-04-04T07:34:39.047930
2026-04-03_20-07-03,2955,-81.9259899085617,200,0,0.01678738404729671,56.568542494923804,50,200,2026-04-04T07:34:44.305598
2026-04-03_20-07-03,2956,-85.81775253815229,200,0,0.016356501754670582,58.137767414994535,50,200,2026-04-04T07:34:50.761656
2026-04-03_20-07-03,2957,-88.19822592801472,200,0,0.01607638457164266,59.20304046246274,50,200,2026-04-04T07:34:56.003291
2026-04-03_20-07-03,2958,-98.45329207400756,200,0,0.015166112325465147,62.93647591023825,50,200,2026-04-04T07:34:59.021858
2026-04-03_20-07-03,2959,-102.76385575432174,200,0,0.014542338320164393,65.76473218982953,50,200,2026-04-04T07:35:03.521109
2026-04-03_20-07-03,2960,-99.31770459494274,200,0,0.014847677195736854,64.35060217278468,50,200,2026-04-04T07:35:07.758880
2026-04-03_20-07-03,2961,-101.048270940679,200,0,0.014840830370231983,64.38167441127949,50,200,2026-04-04T07:36:04.852253
2026-04-03_20-07-03,2962,-104.39647199390058,200,0,0.014395109419717729,66.46803743153546,50,200,2026-04-04T07:36:09.034431
2026-04-03_20-07-03,2963,-103.5062169435923,200,0,0.014847677195736854,64.35060217278468,50,200,2026-04-04T07:36:12.355238
2026-04-03_20-07-03,2964,-95.91959973668415,200,0,0.015144232602744119,63.0317380372777,50,200,2026-04-04T07:36:17.058282
2026-04-03_20-07-03,2965,-95.67124714570811,200,0,0.015451867499167868,61.71709649683789,50,200,2026-04-04T07:36:20.365142
2026-04-03_20-07-03,2966,-101.18245721793281,200,0,0.014840830370231983,64.38167441127949,50,200,2026-04-04T07:36:24.192772
2026-04-03_20-07-03,2967,-1283.4804956493165,44,0,0.015703156257924157,62.24146527838174,50,200,2026-04-04T07:36:27.215233
2026-04-03_20-07-03,2968,-506.6850278789602,200,0,0.014690933476920654,65.06919393998976,50,200,2026-04-04T07:36:30.524893
2026-04-03_20-07-03,2969,-1103.8883312304865,122,0,0.015848632871868162,60.876925020897694,50,200,2026-04-04T07:36:34.468075
2026-04-03_20-07-03,2970,-97.16089068391118,200,0,0.015327675363100063,62.24146527838174,50,200,2026-04-04T07:36:37.241487
2026-04-03_20-07-03,2971,-1411.7953987721944,140,0,0.015128036156430007,63.702433234531945,50,200,2026-04-04T07:36:40.221532
2026-04-03_20-07-03,2972,-95.62560977914909,200,0,0.01591941320116355,59.81638571495272,50,200,2026-04-04T07:36:45.873850
2026-04-03_20-07-03,2973,-96.33126272578419,200,0,0.015297568801352924,62.369864518050704,50,200,2026-04-04T07:36:50.020953
2026-04-03_20-07-03,2974,-104.38147091918128,200,0,0.014395109419717729,66.46803743153546,50,200,2026-04-04T07:36:54.165493
2026-04-03_20-07-03,2975,-99.48956095047127,200,0,0.014840830370231983,64.38167441127949,50,200,2026-04-04T07:36:59.477079
2026-04-03_20-07-03,2976,-98.00631136738701,200,0,0.015166112325465147,62.93647591023825,50,200,2026-04-04T07:37:03.155981
2026-04-03_20-07-03,2977,-86.62436088243655,200,0,0.016379559980601005,58.05170109479997,50,200,2026-04-04T07:37:55.030304
2026-04-03_20-07-03,2978,-98.05541160480846,200,0,0.015144232602744119,63.0317380372777,50,200,2026-04-04T07:37:58.866271
2026-04-03_20-07-03,2979,-96.74860965646683,200,0,0.015327675363100063,62.24146527838174,50,200,2026-04-04T07:38:01.961939
2026-04-03_20-07-03,2980,-102.51011909736798,200,0,0.014690933476920654,65.06919393998976,50,200,2026-04-04T07:38:05.040009
2026-04-03_20-07-03,2981,-102.17549279502273,200,0,0.014690933476920654,65.06919393998976,50,200,2026-04-04T07:38:08.700123
2026-04-03_20-07-03,2982,-100.82598244197169,200,0,0.014840830370231983,64.38167441127949,50,200,2026-04-04T07:38:12.370428
2026-04-03_20-07-03,2983,-101.25660549093155,200,0,0.014840830370231983,64.38167441127949,50,200,2026-04-04T07:38:15.235504
2026-04-03_20-07-03,2984,-103.33540607018996,200,0,0.014542338320164393,65.76473218982953,50,200,2026-04-04T07:38:19.158479
2026-04-03_20-07-03,2985,-104.2476729738709,200,0,0.014542338320164393,65.76473218982953,50,200,2026-04-04T07:38:23.695503
2026-04-03_20-07-03,2986,-103.92609245254305,200,0,0.014542338320164393,65.76473218982953,50,200,2026-04-04T07:38:26.565195
2026-04-03_20-07-03,2987,-96.47674766091812,200,0,0.015331451396431838,62.22539674441618,50,200,2026-04-04T07:38:30.297882
2026-04-03_20-07-03,2988,-103.41995794006469,200,0,0.014542338320164393,65.76473218982953,50,200,2026-04-04T07:38:34.141207
2026-04-03_20-07-03,2989,-103.92806542371432,200,0,0.014542338320164393,65.76473218982953,50,200,2026-04-04T07:38:37.298739
2026-04-03_20-07-03,2990,-94.11180050683238,200,0,0.015158808383651329,62.96824596572466,50,200,2026-04-04T07:38:43.109210
2026-04-03_20-07-03,2991,-93.98847944627441,200,0,0.015607021214299889,61.07372593840988,50,200,2026-04-04T07:38:46.692066
2026-04-03_20-07-03,2992,-99.75640502437379,200,0,0.014991956837375139,63.702433234531945,50,200,2026-04-04T07:38:49.907024
2026-04-03_20-07-03,2993,-102.18816570114339,200,0,0.014840830370231983,64.38167441127949,50,200,2026-04-04T07:39:46.210071
2026-04-03_20-07-03,2994,-103.57742428655278,200,0,0.014542338320164393,65.76473218982953,50,200,2026-04-04T07:39:49.627620
2026-04-03_20-07-03,2995,-103.63869182259367,200,0,0.014542338320164393,65.76473218982953,50,200,2026-04-04T07:39:53.065327
2026-04-03_20-07-03,2996,-99.80779162851519,200,0,0.015002553017897154,63.655321851358195,50,200,2026-04-04T07:39:56.210525
2026-04-03_20-07-03,2997,-92.2157738327158,200,0,0.01584579237197416,60.108235708594876,50,200,2026-04-04T07:39:59.970595
2026-04-03_20-07-03,2998,-102.56495957332636,200,0,0.014542338320164393,65.76473218982953,50,200,2026-04-04T07:40:03.860714
2026-04-03_20-07-03,2999,-92.00384903987491,200,0,0.015837444516357976,60.14149981501958,50,200,2026-04-04T07:40:08.000316
2026-04-03_20-07-03,3000,-205.3930332760249,200,0,0.01531636424944194,62.289646009589745,50,200,2026-04-04T07:40:12.051540
