run_id,episode,reward,steps,success,navigation_efficiency,goal_distance,grid_size,max_episode_steps,timestamp_utc
2026-04-03_21-01-14,1,-38.93414664373376,200,0,0.015006090152632831,63.63961030678928,50,200,2026-04-04T01:01:19.606039
2026-04-03_21-01-14,2,-15.688636620204836,200,0,0.01582078896403802,60.207972893961475,50,200,2026-04-04T01:01:28.625573
2026-04-03_21-01-14,3,29.017151236141082,200,0,0.01904120901046246,49.51767361255979,50,200,2026-04-04T01:01:37.181219
2026-04-03_21-01-14,4,-28.773933325684037,200,0,0.01531636424944194,62.289646009589745,50,200,2026-04-04T01:01:43.585306
2026-04-03_21-01-14,5,-13.612151290097428,200,0,0.01582078896403802,60.207972893961475,50,200,2026-04-04T01:01:50.923948
2026-04-03_21-01-14,6,116.30286087134627,200,0,0.025900705027426297,35.608987629529715,50,200,2026-04-04T01:02:05.673529
2026-04-03_21-01-14,7,17.28248288230757,200,0,0.017854135352657726,53.009433122794285,50,200,2026-04-04T01:02:13.353696
2026-04-03_21-01-14,8,8.3379187493023,200,0,0.01692611593470657,56.08029957123981,50,200,2026-04-04T01:02:21.064995
2026-04-03_21-01-14,9,2.731492765427474,200,0,0.01697743884386866,55.90169943749474,50,200,2026-04-04T01:02:28.089729
2026-04-03_21-01-14,10,-284.106391196617,200,0,0.01695685271338864,55.97320787662612,50,200,2026-04-04T01:02:37.496709
2026-04-03_21-01-14,11,12.168902908853216,200,0,0.01830709261918721,51.62363799656123,50,200,2026-04-04T01:02:46.161871
2026-04-03_21-01-14,12,9.506298304106275,200,0,0.017328524620093738,54.70831746635972,50,200,2026-04-04T01:02:53.296223
2026-04-03_21-01-14,13,17.989658051363538,200,0,0.017618438119702342,53.75872022286245,50,200,2026-04-04T01:03:03.728020
2026-04-03_21-01-14,14,75.89833296951994,200,0,0.021733637335802896,43.01162633521314,50,200,2026-04-04T01:03:16.308540
2026-04-03_21-01-14,15,-79.50086849079797,27,0,0.017268410615182795,56.639209034025185,50,200,2026-04-04T01:03:20.818439
2026-04-03_21-01-14,16,119.22222400661072,200,0,0.026071989572383058,35.35533905932738,50,200,2026-04-04T01:03:36.627675
2026-04-03_21-01-14,17,34.70212729238596,200,0,0.0185420991539603,50.93132631298737,50,200,2026-04-04T01:04:50.862598
2026-04-03_21-01-14,18,-100.26106197367665,29,0,0.016871157451044373,57.982756057296896,50,200,2026-04-04T01:04:55.603725
2026-04-03_21-01-14,19,-0.6670741061311389,113,0,0.025244027941887664,37.48332962798263,50,200,2026-04-04T01:05:08.157659
2026-04-03_21-01-14,20,47.49162188303536,200,0,0.0187936149850847,50.20956084253277,50,200,2026-04-04T01:05:22.699978
2026-04-03_21-01-14,21,199.40820432491674,200,0,0.040748701601182456,21.540659228538015,50,200,2026-04-04T01:05:42.358634
2026-04-03_21-01-14,22,62.85884288579528,200,0,0.0202075079910213,46.486557196677836,50,200,2026-04-04T01:05:53.731550
2026-04-03_21-01-14,23,61.97806128186238,200,0,0.020309305818124738,46.238512086787566,50,200,2026-04-04T01:06:06.312640
2026-04-03_21-01-14,24,-34.241442584774504,140,0,0.02358490566037736,40.0,50,200,2026-04-04T01:06:16.819750
2026-04-03_21-01-14,25,59.01263705189478,200,0,0.02139593248805571,43.73785545725808,50,200,2026-04-04T01:06:36.835802
2026-04-03_21-01-14,26,35.17520961418152,200,0,0.0185420991539603,50.93132631298737,50,200,2026-04-04T01:06:49.033065
2026-04-03_21-01-14,27,-46.833180989706015,80,0,0.021211995652204125,45.34313619501854,50,200,2026-04-04T01:06:57.617796
2026-04-03_21-01-14,28,25.528352060679737,200,0,0.017782416501530854,53.23532661682466,50,200,2026-04-04T01:07:07.809956
2026-04-03_21-01-14,29,188.76341453477949,200,0,0.03656094404755452,24.351591323771842,50,200,2026-04-04T01:07:27.997325
2026-04-03_21-01-14,30,-103.57464039884857,52,0,0.01833871989367852,53.009433122794285,50,200,2026-04-04T01:07:34.393868
2026-04-03_21-01-14,31,193.64920606219158,200,0,0.036754656627071766,24.20743687382041,50,200,2026-04-04T01:07:53.543838
2026-04-03_21-01-14,32,-133.6682147945437,4,0,0.015445820461789897,63.702433234531945,50,200,2026-04-04T01:07:56.259444
2026-04-03_21-01-14,33,-437.4448103696318,78,0,0.015608015063019438,62.289646009589745,50,200,2026-04-04T01:08:57.165522
2026-04-03_21-01-14,34,29.451103126895692,200,0,0.020930474125489092,44.77722635447622,50,200,2026-04-04T01:09:11.329604
2026-04-03_21-01-14,35,-55.48787769904102,60,0,0.01897959649993066,51.088159097779204,50,200,2026-04-04T01:09:17.593293
2026-04-03_21-01-14,36,52.1750277814056,200,0,0.01956791925519426,48.104053883222775,50,200,2026-04-04T01:09:31.003213
2026-04-03_21-01-14,37,234.88816106115814,200,0,0.05388991066997445,15.556349186104045,50,200,2026-04-04T01:09:50.324376
2026-04-03_21-01-14,38,217.61976195725504,200,0,0.04682182850818847,18.35755975068582,50,200,2026-04-04T01:10:09.148068
2026-04-03_21-01-14,39,84.54275865591654,200,0,0.02187225700803285,42.720018726587654,50,200,2026-04-04T01:10:22.225435
2026-04-03_21-01-14,40,-99.24695572078693,3,0,0.01598660868011541,61.5223536610881,50,200,2026-04-04T01:10:24.895763
2026-04-03_21-01-14,41,63.00659128443669,200,0,0.02969498208192697,30.675723300355934,50,200,2026-04-04T01:10:43.371588
2026-04-03_21-01-14,42,59.8395489098595,200,0,0.019720971225190228,47.70744176750625,50,200,2026-04-04T01:10:57.148019
2026-04-03_21-01-14,43,95.04159644964273,200,0,0.023780506846657834,39.05124837953327,50,200,2026-04-04T01:11:09.392387
2026-04-03_21-01-14,44,62.60478976476252,200,0,0.02042175843072472,45.967379738244816,50,200,2026-04-04T01:11:21.148432
2026-04-03_21-01-14,45,142.37295621589777,200,0,0.027766094392634926,33.015148038438355,50,200,2026-04-04T01:11:40.623662
2026-04-03_21-01-14,46,-69.13611221040993,198,0,0.02307290902549487,40.36087214122113,50,200,2026-04-04T01:11:54.081636
2026-04-03_21-01-14,47,41.74744523527677,175,0,0.032807484852957855,27.730849247724095,50,200,2026-04-04T01:12:10.896910
2026-04-03_21-01-14,48,129.61496694293282,200,0,0.026930879179716285,34.132096331752024,50,200,2026-04-04T01:12:27.179466
2026-04-03_21-01-14,49,-115.39739592176211,33,0,0.018843132199347606,51.73973328110612,50,200,2026-04-04T01:13:23.786487
2026-04-03_21-01-14,50,251.43889680629928,200,0,0.08662505852058643,8.54400374531753,50,200,2026-04-04T01:13:46.889089
2026-04-03_21-01-14,51,226.07960224571084,200,0,0.04676223802690042,18.384776310850235,50,200,2026-04-04T01:14:04.867923
2026-04-03_21-01-14,52,224.52028687394125,200,0,0.0499266418716242,17.029386365926403,50,200,2026-04-04T01:14:24.853085
2026-04-03_21-01-14,53,163.0568698357879,200,0,0.030457284654202714,29.832867780352597,50,200,2026-04-04T01:14:42.600394
2026-04-03_21-01-14,54,155.77539995611136,200,0,0.029314596842761307,31.11269837220809,50,200,2026-04-04T01:14:59.583348
2026-04-03_21-01-14,55,-50.516422386121704,95,0,0.019887759889279655,48.33218389437829,50,200,2026-04-04T01:15:11.927066
2026-04-03_21-01-14,56,248.86235097815677,200,0,0.060235627890542286,13.601470508735444,50,200,2026-04-04T01:15:33.440539
2026-04-03_21-01-14,57,137.87780469680933,140,0,0.07111412614934429,11.661903789690601,50,200,2026-04-04T01:15:53.379630
2026-04-03_21-01-14,58,-20.754932357159348,168,0,0.02299026925197629,40.8166632639171,50,200,2026-04-04T01:16:06.912398
2026-04-03_21-01-14,59,196.5732836221014,200,0,0.040109559744621416,21.93171219946131,50,200,2026-04-04T01:16:23.255313
2026-04-03_21-01-14,60,23.93216465698211,170,0,0.02940748186509551,31.304951684997057,50,200,2026-04-04T01:16:37.168940
2026-04-03_21-01-14,61,-20.798610997276583,117,0,0.02313810476264951,41.048751503547585,50,200,2026-04-04T01:16:48.093039
2026-04-03_21-01-14,62,-89.03528807718989,40,0,0.01812949966858577,53.75872022286245,50,200,2026-04-04T01:16:53.625647
2026-04-03_21-01-14,63,175.96384655577634,200,0,0.0337529341591267,26.627053911388696,50,200,2026-04-04T01:17:11.533137
2026-04-03_21-01-14,64,58.248164443116394,177,0,0.03593253973957181,25.059928172283335,50,200,2026-04-04T01:17:27.052917
2026-04-03_21-01-14,65,152.8217703429424,200,0,0.02975264626080596,30.610455730027933,50,200,2026-04-04T01:18:34.846156
2026-04-03_21-01-14,66,201.11355565909676,200,0,0.04059544150933319,21.633307652783937,50,200,2026-04-04T01:18:51.667942
2026-04-03_21-01-14,67,304.4613059206992,200,0,0.12347173609369323,5.0990195135927845,50,200,2026-04-04T01:19:15.454989
2026-04-03_21-01-14,68,-81.19764378301794,34,0,0.017700891733644853,55.154328932550705,50,200,2026-04-04T01:19:19.962581
2026-04-03_21-01-14,69,228.63253678100216,200,0,0.04629399180337767,18.601075237738275,50,200,2026-04-04T01:19:37.961346
2026-04-03_21-01-14,70,-12.815890663108078,151,0,0.022861816462394907,41.23105625617661,50,200,2026-04-04T01:19:55.243272
2026-04-03_21-01-14,71,136.7914537220593,200,0,0.0266795587280791,34.48187929913333,50,200,2026-04-04T01:20:09.575077
2026-04-03_21-01-14,72,-76.96687086764561,56,0,0.017986574133985495,54.037024344425184,50,200,2026-04-04T01:20:15.302459
2026-04-03_21-01-14,73,-22.80146345783963,90,0,0.021851511619474493,43.86342439892262,50,200,2026-04-04T01:20:23.824931
2026-04-03_21-01-14,74,-45.54400447525815,90,0,0.02111786456948203,45.45327270945405,50,200,2026-04-04T01:20:32.724006
2026-04-03_21-01-14,75,180.0736890841497,200,0,0.03509375595626197,25.495097567963924,50,200,2026-04-04T01:20:49.714262
2026-04-03_21-01-14,76,256.5603652090101,200,0,0.07576883186511127,10.198039027185569,50,200,2026-04-04T01:21:09.337307
2026-04-03_21-01-14,77,141.6378297128174,200,0,0.02857142857142857,32.0,50,200,2026-04-04T01:21:28.277701
2026-04-03_21-01-14,78,131.75639828877198,200,0,0.026731320058017455,34.40930106817051,50,200,2026-04-04T01:21:43.395278
2026-04-03_21-01-14,79,63.427889895877556,137,0,0.035035467700925735,26.1725046566048,50,200,2026-04-04T01:21:56.058204
2026-04-03_21-01-14,80,-15.730232832692607,140,0,0.033348642084989465,27.586228448267445,50,200,2026-04-04T01:22:10.203465
2026-04-03_21-01-14,81,4.783304344404343,127,0,0.0255972222396061,36.796738985948195,50,200,2026-04-04T01:23:07.244023
2026-04-03_21-01-14,82,274.8130888049046,200,0,0.1,7.0,50,200,2026-04-04T01:23:28.402407
2026-04-03_21-01-14,83,252.82772378482872,200,0,0.062350340437299985,13.038404810405298,50,200,2026-04-04T01:23:47.708814
2026-04-03_21-01-14,84,270.05393126492606,200,0,0.0744030650891055,10.44030650891055,50,200,2026-04-04T01:24:09.360815
2026-04-03_21-01-14,85,-19.368947553530774,56,0,0.021927212967302944,44.04543109109048,50,200,2026-04-04T01:24:16.770713
2026-04-03_21-01-14,86,258.6463376730469,200,0,0.06943598554538331,11.40175425099138,50,200,2026-04-04T01:24:35.974531
2026-04-03_21-01-14,87,290.9728682384882,200,0,0.110098661796365,6.082762530298219,50,200,2026-04-04T01:24:57.957091
2026-04-03_21-01-14,88,230.78895411326317,200,0,0.05187039295351448,16.278820596099706,50,200,2026-04-04T01:25:18.583900
2026-04-03_21-01-14,89,82.25390740757948,143,0,0.04868366602371421,18.110770276274835,50,200,2026-04-04T01:25:35.257418
2026-04-03_21-01-14,90,199.6256151316442,200,0,0.058700366210735114,14.035668847618199,50,200,2026-04-04T01:25:55.117765
2026-04-03_21-01-14,91,-92.09923636201657,133,0,0.02092782564477103,45.45327270945405,50,200,2026-04-04T01:26:04.464525
2026-04-03_21-01-14,92,232.2506396213898,200,0,0.055148845229188885,15.132745950421556,50,200,2026-04-04T01:26:22.730758
2026-04-03_21-01-14,93,171.42945463422694,200,0,0.031182875248202475,29.068883707497267,50,200,2026-04-04T01:26:41.265413
2026-04-03_21-01-14,94,-107.8580099660629,9,0,0.015971289075201674,61.5223536610881,50,200,2026-04-04T01:26:44.033167
2026-04-03_21-01-14,95,393.6803387995138,176,1,0.3623188405797102,0.0,50,200,2026-04-04T01:27:04.765275
2026-04-03_21-01-14,96,237.3001645057284,200,0,0.052545240088231436,16.0312195418814,50,200,2026-04-04T01:27:25.585007
2026-04-03_21-01-14,97,303.17233973150104,200,0,0.11925824035672519,5.385164807134504,50,200,2026-04-04T01:28:35.520154
2026-04-03_21-01-14,98,319.8928730155789,200,0,0.19098300562505258,2.23606797749979,50,200,2026-04-04T01:28:58.141350
2026-04-03_21-01-14,99,-125.91136441356032,5,0,0.016342139071978557,60.14149981501958,50,200,2026-04-04T01:29:01.139907
2026-04-03_21-01-14,100,-96.46668382765338,3,0,0.016166155669603263,60.8276253029822,50,200,2026-04-04T01:29:03.758470
2026-04-03_21-01-14,101,236.0740423217596,200,0,0.056291019426954074,14.7648230602334,50,200,2026-04-04T01:29:28.358773
2026-04-03_21-01-14,102,327.7497030062473,200,0,0.25,1.0,50,200,2026-04-04T01:29:49.762415
2026-04-03_21-01-14,103,16.635897899466244,82,0,0.02699213428947424,35.22782990761707,50,200,2026-04-04T01:30:01.772237
2026-04-03_21-01-14,104,-36.758891837356316,69,0,0.021211934227881073,45.45327270945405,50,200,2026-04-04T01:30:10.696745
2026-04-03_21-01-14,105,295.93843325449456,200,0,0.110098661796365,6.082762530298219,50,200,2026-04-04T01:30:32.651137
2026-04-03_21-01-14,106,38.20759877004426,98,0,0.029469758922842336,31.953090617340916,50,200,2026-04-04T01:30:46.435034
2026-04-03_21-01-14,107,-11.626990906652082,70,0,0.024601042320769883,38.948684188300895,50,200,2026-04-04T01:30:56.848725
2026-04-03_21-01-14,108,389.6487390200588,200,1,0.3333333333333333,0.0,50,200,2026-04-04T01:31:18.598685
2026-04-03_21-01-14,109,-100.33679119502816,93,0,0.01867624577708364,51.61395160225576,50,200,2026-04-04T01:31:25.607854
2026-04-03_21-01-14,110,435.5157507405161,185,1,0.3508771929824561,0.0,50,200,2026-04-04T01:31:46.990309
2026-04-03_21-01-14,111,303.8720515477431,200,0,0.13383054136359812,4.47213595499958,50,200,2026-04-04T01:32:09.758907
2026-04-03_21-01-14,112,412.80063989067264,173,1,0.3663003663003663,0.0,50,200,2026-04-04T01:32:31.281663
2026-04-03_21-01-14,113,-47.807487922356366,29,0,0.019965861732689112,48.79549159502341,50,200,2026-04-04T01:33:21.825163
2026-04-03_21-01-14,114,327.94587345172164,200,0,0.19098300562505258,2.23606797749979,50,200,2026-04-04T01:33:45.283447
2026-04-03_21-01-14,115,42.56469198589831,102,0,0.03018166491500753,31.11269837220809,50,200,2026-04-04T01:33:57.795748
2026-04-03_21-01-14,116,397.5602644135102,179,1,0.35842293906810035,0.0,50,200,2026-04-04T01:34:18.646451
2026-04-03_21-01-14,117,426.5763345876246,189,1,0.3460207612456747,0.0,50,200,2026-04-04T01:34:39.166913
2026-04-03_21-01-14,118,100.48955838882812,151,0,0.13315579227696406,5.0,50,200,2026-04-04T01:34:59.262727
2026-04-03_21-01-14,119,-12.606596444746359,42,0,0.026166544465441886,36.796738985948195,50,200,2026-04-04T01:35:08.580784
2026-04-03_21-01-14,120,-112.39115745961476,7,0,0.01597639234681267,61.5223536610881,50,200,2026-04-04T01:35:11.515535
2026-04-03_21-01-14,121,268.3421379611864,200,0,0.08295048134434817,9.055385138137417,50,200,2026-04-04T01:35:31.400719
2026-04-03_21-01-14,122,-115.90805425558315,87,0,0.021752298073796483,44.10215414239989,50,200,2026-04-04T01:35:40.169083
2026-04-03_21-01-14,123,-97.58623123460356,10,0,0.016525155396056944,59.413803110051795,50,200,2026-04-04T01:35:43.114037
2026-04-03_21-01-14,124,268.1217606215029,200,0,0.07052017144395645,11.180339887498949,50,200,2026-04-04T01:36:03.087151
2026-04-03_21-01-14,125,285.6387847918667,200,0,0.10724372001086317,6.324555320336759,50,200,2026-04-04T01:36:24.809962
2026-04-03_21-01-14,126,-93.88538502419249,8,0,0.016729647554201445,58.69412236331676,50,200,2026-04-04T01:36:28.422143
2026-04-03_21-01-14,127,319.40467741329576,200,0,0.19098300562505258,2.23606797749979,50,200,2026-04-04T01:36:48.465883
2026-04-03_21-01-14,128,417.8544075799075,129,1,0.4366812227074236,0.0,50,200,2026-04-04T01:37:09.079149
2026-04-03_21-01-14,129,36.130441571768586,96,0,0.0310632005546089,30.23243291566195,50,200,2026-04-04T01:37:59.423424
2026-04-03_21-01-14,130,-65.86100979764481,58,0,0.02016518694547588,48.010415536631214,50,200,2026-04-04T01:38:06.821485
2026-04-03_21-01-14,131,-99.83914771146813,2,0,0.015989164805324058,61.5223536610881,50,200,2026-04-04T01:38:09.247610
2026-04-03_21-01-14,132,-149.11176975861292,11,0,0.015941386198037973,61.61980201201558,50,200,2026-04-04T01:38:11.863832
2026-04-03_21-01-14,133,323.338746772114,200,0,0.1715728752538099,2.8284271247461903,50,200,2026-04-04T01:38:31.689652
2026-04-03_21-01-14,134,373.5382828750451,194,1,0.3401360544217687,0.0,50,200,2026-04-04T01:38:54.195225
2026-04-03_21-01-14,135,29.71302059339368,74,0,0.03026180850656278,31.304951684997057,50,200,2026-04-04T01:39:06.980039
2026-04-03_21-01-14,136,-71.94511815167839,23,0,0.018665419060476716,52.3450093132096,50,200,2026-04-04T01:39:12.453144
2026-04-03_21-01-14,137,-118.5723314851665,2,0,0.015297396180577386,64.35060217278468,50,200,2026-04-04T01:39:14.662847
2026-04-03_21-01-14,138,167.0146005630582,161,0,0.11847005082574603,5.830951894845301,50,200,2026-04-04T01:39:34.549484
2026-04-03_21-01-14,139,411.27217494148925,176,1,0.3623188405797102,0.0,50,200,2026-04-04T01:39:54.785960
2026-04-03_21-01-14,140,317.1756326308284,200,0,0.16666666666666666,3.0,50,200,2026-04-04T01:40:17.333509
2026-04-03_21-01-14,141,384.4232620211093,176,1,0.3623188405797102,0.0,50,200,2026-04-04T01:40:38.845079
2026-04-03_21-01-14,142,8.582468144287375,76,0,0.026444174021607095,36.05551275463989,50,200,2026-04-04T01:40:49.787390
2026-04-03_21-01-14,143,-58.1017877908972,29,0,0.01864453857293753,52.3450093132096,50,200,2026-04-04T01:40:55.087320
2026-04-03_21-01-14,144,409.61322958816334,162,1,0.38167938931297707,0.0,50,200,2026-04-04T01:41:13.855830
2026-04-03_21-01-14,145,414.84279911383936,137,1,0.42194092827004215,0.0,50,200,2026-04-04T01:42:03.820473
2026-04-03_21-01-14,146,232.81648728171785,200,0,0.0499266418716242,17.029386365926403,50,200,2026-04-04T01:42:23.223973
2026-04-03_21-01-14,147,324.3569730536682,200,0,0.19098300562505258,2.23606797749979,50,200,2026-04-04T01:42:43.944392
2026-04-03_21-01-14,148,-34.42821115009633,58,0,0.020917133766045128,46.22769732530488,50,200,2026-04-04T01:42:51.115025
2026-04-03_21-01-14,149,195.9428599163112,200,0,0.03842942200852721,23.021728866442675,50,200,2026-04-04T01:43:08.766013
2026-04-03_21-01-14,150,-70.02158432525422,100,0,0.019297689599808154,49.8196748283246,50,200,2026-04-04T01:43:16.150448
2026-04-03_21-01-14,151,266.33205225244586,200,0,0.19098300562505258,2.23606797749979,50,200,2026-04-04T01:43:38.111347
2026-04-03_21-01-14,152,-68.84817513004899,30,0,0.01793663624806312,54.45181356024793,50,200,2026-04-04T01:43:43.088384
2026-04-03_21-01-14,153,161.50783608385532,153,0,0.12633975720867222,5.385164807134504,50,200,2026-04-04T01:44:03.908152
2026-04-03_21-01-14,154,411.85121437773347,181,1,0.35587188612099646,0.0,50,200,2026-04-04T01:44:25.384976
2026-04-03_21-01-14,155,421.5736298241443,194,1,0.3401360544217687,0.0,50,200,2026-04-04T01:44:45.659073
2026-04-03_21-01-14,156,322.984141951836,200,0,0.19098300562505258,2.23606797749979,50,200,2026-04-04T01:45:06.899673
2026-04-03_21-01-14,157,222.1260033648189,200,0,0.09727522475637543,7.280109889280518,50,200,2026-04-04T01:45:27.339724
2026-04-03_21-01-14,158,-31.285687275122896,85,0,0.023753407179672,40.24922359499622,50,200,2026-04-04T01:45:39.027373
2026-04-03_21-01-14,159,215.22164201725644,200,0,0.03996368812089336,22.02271554554524,50,200,2026-04-04T01:46:00.268517
2026-04-03_21-01-14,160,410.5154899477763,135,1,0.425531914893617,0.0,50,200,2026-04-04T01:46:20.426978
2026-04-03_21-01-14,161,243.01759341407492,200,0,0.08891883476670036,8.246211251235321,50,200,2026-04-04T01:47:25.803643
2026-04-03_21-01-14,162,269.35658418579214,200,0,0.1715728752538099,2.8284271247461903,50,200,2026-04-04T01:47:47.304412
2026-04-03_21-01-14,163,40.69849088368659,121,0,0.030652456556278504,30.4138126514911,50,200,2026-04-04T01:48:00.275895
2026-04-03_21-01-14,164,410.7960258420014,178,1,0.3597122302158273,0.0,50,200,2026-04-04T01:48:21.548400
2026-04-03_21-01-14,165,285.63041222335073,200,0,0.08891883476670036,8.246211251235321,50,200,2026-04-04T01:48:41.407401
2026-04-03_21-01-14,166,210.16113622062568,200,0,0.110098661796365,6.082762530298219,50,200,2026-04-04T01:49:01.278318
2026-04-03_21-01-14,167,-54.22622528559208,77,0,0.019092596216402323,50.60632371551998,50,200,2026-04-04T01:49:09.608762
2026-04-03_21-01-14,168,-53.60577026905713,36,0,0.019016832100654024,51.22499389946279,50,200,2026-04-04T01:49:15.935201
2026-04-03_21-01-14,169,195.34781345460289,200,0,0.03833357397181372,23.08679276123039,50,200,2026-04-04T01:49:34.849793
2026-04-03_21-01-14,170,321.71090655858336,200,0,0.2,2.0,50,200,2026-04-04T01:49:54.552640
2026-04-03_21-01-14,171,318.85272405109737,200,0,0.1111111111111111,6.0,50,200,2026-04-04T01:50:15.146512
2026-04-03_21-01-14,172,290.07782421015855,200,0,0.09090909090909091,8.0,50,200,2026-04-04T01:50:36.532155
2026-04-03_21-01-14,173,32.718154929382706,115,0,0.028812099170391084,32.55764119219941,50,200,2026-04-04T01:50:48.782710
2026-04-03_21-01-14,174,325.1242860118862,200,0,0.19098300562505258,2.23606797749979,50,200,2026-04-04T01:51:08.623587
2026-04-03_21-01-14,175,-109.79091121414706,2,0,0.015461848064680329,63.655321851358195,50,200,2026-04-04T01:51:10.755807
2026-04-03_21-01-14,176,248.92399227409885,200,0,0.09727522475637543,7.280109889280518,50,200,2026-04-04T01:51:31.753430
2026-04-03_21-01-14,177,105.66163836620433,88,0,0.044453279527649,20.615528128088304,50,200,2026-04-04T01:52:36.848751
2026-04-03_21-01-14,178,-111.98759742114524,36,0,0.02171656128931867,44.68780594300866,50,200,2026-04-04T01:52:44.162047
2026-04-03_21-01-14,179,82.57662831658024,124,0,0.11676029432905571,6.324555320336759,50,200,2026-04-04T01:53:02.243756
2026-04-03_21-01-14,180,328.0884145057201,200,0,0.19098300562505258,2.23606797749979,50,200,2026-04-04T01:53:23.064893
2026-04-03_21-01-14,181,106.53019913117438,95,0,0.05820197947711003,15.231546211727817,50,200,2026-04-04T01:53:38.900636
2026-04-03_21-01-14,182,91.92748412939156,113,0,0.13306428077939852,5.385164807134504,50,200,2026-04-04T01:53:56.008660
2026-04-03_21-01-14,183,324.7023585435963,200,0,0.19098300562505258,2.23606797749979,50,200,2026-04-04T01:54:17.006873
2026-04-03_21-01-14,184,412.1911715469088,184,1,0.35211267605633806,0.0,50,200,2026-04-04T01:54:38.592559
2026-04-03_21-01-14,185,308.36483348948167,200,0,0.25,1.0,50,200,2026-04-04T01:54:58.825352
2026-04-03_21-01-14,186,236.9369147690976,200,0,0.049708601297970736,17.11724276862369,50,200,2026-04-04T01:55:16.448706
2026-04-03_21-01-14,187,-95.27668176264348,18,0,0.016673264170491,58.7962583843564,50,200,2026-04-04T01:55:20.054227
2026-04-03_21-01-14,188,184.08131980885014,108,0,0.17588443961722805,3.605551275463989,50,200,2026-04-04T01:55:39.081020
2026-04-03_21-01-14,189,3.6718242319153234,53,0,0.024735759826656756,38.897300677553446,50,200,2026-04-04T01:55:47.638869
2026-04-03_21-01-14,190,278.04474807286067,200,0,0.11925824035672519,5.385164807134504,50,200,2026-04-04T01:56:09.592060
2026-04-03_21-01-14,191,429.93190268604286,163,1,0.3802281368821293,0.0,50,200,2026-04-04T01:56:29.172342
2026-04-03_21-01-14,192,424.29609425722214,156,1,0.390625,0.0,50,200,2026-04-04T01:56:48.549165
2026-04-03_21-01-14,193,-86.81903327034874,21,0,0.017286321052580506,56.639209034025185,50,200,2026-04-04T01:57:30.987828
2026-04-03_21-01-14,194,423.8388329168528,138,1,0.42016806722689076,0.0,50,200,2026-04-04T01:57:49.882120
2026-04-03_21-01-14,195,423.7478193313072,171,1,0.36900369003690037,0.0,50,200,2026-04-04T01:58:10.539269
2026-04-03_21-01-14,196,349.45504555597506,200,0,0.25,1.0,50,200,2026-04-04T01:58:29.308178
2026-04-03_21-01-14,197,21.36395689861986,99,0,0.040879389154924055,22.47220505424423,50,200,2026-04-04T01:58:42.623022
2026-04-03_21-01-14,198,429.89413930303317,184,1,0.35211267605633806,0.0,50,200,2026-04-04T01:59:02.432212
2026-04-03_21-01-14,199,433.8913524738859,154,1,0.39370078740157477,0.0,50,200,2026-04-04T01:59:21.145554
2026-04-03_21-01-14,200,269.3636755308925,200,0,0.19098300562505258,2.23606797749979,50,200,2026-04-04T01:59:40.785661
2026-04-03_21-01-14,201,-60.69225488363564,31,0,0.019674321662301982,49.51767361255979,50,200,2026-04-04T01:59:46.677953
2026-04-03_21-01-14,202,429.64661819386134,183,1,0.35335689045936397,0.0,50,200,2026-04-04T02:00:07.474101
2026-04-03_21-01-14,203,383.1919528923552,178,1,0.3597122302158273,0.0,50,200,2026-04-04T02:00:28.319523
2026-04-03_21-01-14,204,324.76180180415906,200,0,0.1513878188659973,3.605551275463989,50,200,2026-04-04T02:00:47.896463
2026-04-03_21-01-14,205,409.3697842122188,171,1,0.36900369003690037,0.0,50,200,2026-04-04T02:01:09.114196
2026-04-03_21-01-14,206,-62.411797812838664,15,0,0.018193562560352525,53.81449618829484,50,200,2026-04-04T02:01:13.534800
2026-04-03_21-01-14,207,426.48545243685794,174,1,0.36496350364963503,0.0,50,200,2026-04-04T02:01:33.295805
2026-04-03_21-01-14,208,-8.597340960278927,67,0,0.029137821674951485,32.64965543462902,50,200,2026-04-04T02:01:44.060464
2026-04-03_21-01-14,209,418.4902681618099,128,1,0.43859649122807015,0.0,50,200,2026-04-04T02:02:47.725806
2026-04-03_21-01-14,210,38.95786926008644,59,0,0.030578516445903908,31.11269837220809,50,200,2026-04-04T02:02:58.667685
2026-04-03_21-01-14,211,321.2552199237955,200,0,0.1715728752538099,2.8284271247461903,50,200,2026-04-04T02:03:17.755557
2026-04-03_21-01-14,212,415.88081346511126,118,1,0.4587155963302753,0.0,50,200,2026-04-04T02:03:36.164723
2026-04-03_21-01-14,213,-25.810223921842365,33,0,0.021216138794236547,45.803929962395145,50,200,2026-04-04T02:03:42.747426
2026-04-03_21-01-14,214,421.9689420554234,158,1,0.38759689922480617,0.0,50,200,2026-04-04T02:04:01.716061
2026-04-03_21-01-14,215,-68.17258993563001,36,0,0.018620236972085098,52.3450093132096,50,200,2026-04-04T02:04:06.573276
2026-04-03_21-01-14,216,321.4942293442534,200,0,0.1715728752538099,2.8284271247461903,50,200,2026-04-04T02:04:26.649352
2026-04-03_21-01-14,217,194.11444696557885,171,0,0.14903129657228018,4.0,50,200,2026-04-04T02:04:46.888414
2026-04-03_21-01-14,218,434.414121607305,157,1,0.3891050583657587,0.0,50,200,2026-04-04T02:05:04.428811
2026-04-03_21-01-14,219,-32.310559899430345,29,0,0.02052813858645586,47.4236228055175,50,200,2026-04-04T02:05:11.243318
2026-04-03_21-01-14,220,-111.36766959363491,18,0,0.01818363780579269,53.81449618829484,50,200,2026-04-04T02:05:15.863467
2026-04-03_21-01-14,221,-6.433447268971108,34,0,0.024852561756406644,38.897300677553446,50,200,2026-04-04T02:05:23.389635
2026-04-03_21-01-14,222,97.65260338970032,99,0,0.05209784873260556,17.204650534085253,50,200,2026-04-04T02:05:39.414767
2026-04-03_21-01-14,223,-51.21069299759699,32,0,0.019080998402067038,51.088159097779204,50,200,2026-04-04T02:05:45.530922
2026-04-03_21-01-14,224,430.54855339908175,187,1,0.3484320557491289,0.0,50,200,2026-04-04T02:06:07.041409
2026-04-03_21-01-14,225,34.76445169785006,86,0,0.028488778330045202,33.24154027718932,50,200,2026-04-04T02:06:48.097386
2026-04-03_21-01-14,226,238.4498005909121,200,0,0.052545240088231436,16.0312195418814,50,200,2026-04-04T02:07:08.214065
2026-04-03_21-01-14,227,295.68991490611273,200,0,0.08891883476670036,8.246211251235321,50,200,2026-04-04T02:07:31.586650
2026-04-03_21-01-14,228,14.111468759048265,51,0,0.027519287933184217,34.828149534535996,50,200,2026-04-04T02:07:42.009222
2026-04-03_21-01-14,229,66.33832841442995,87,0,0.04697815851849047,19.4164878389476,50,200,2026-04-04T02:07:57.318117
2026-04-03_21-01-14,230,318.8755148064646,200,0,0.19098300562505258,2.23606797749979,50,200,2026-04-04T02:08:18.890805
2026-04-03_21-01-14,231,266.62144400833586,200,0,0.06593902921292402,12.165525060596439,50,200,2026-04-04T02:08:37.508619
2026-04-03_21-01-14,232,172.7570274251231,130,0,0.30303030303030304,1.0,50,200,2026-04-04T02:08:57.142830
2026-04-03_21-01-14,233,14.59993123082144,109,0,0.03252762666237849,28.653097563788805,50,200,2026-04-04T02:09:10.990628
2026-04-03_21-01-14,234,343.29988480186216,200,0,0.25,1.0,50,200,2026-04-04T02:09:30.323457
2026-04-03_21-01-14,235,26.04962531206573,91,0,0.03050575669661194,30.870698080866262,50,200,2026-04-04T02:09:42.402978
2026-04-03_21-01-14,236,420.47000871919147,145,1,0.4081632653061224,0.0,50,200,2026-04-04T02:10:02.542554
2026-04-03_21-01-14,237,300.27107559534886,200,0,0.1513878188659973,3.605551275463989,50,200,2026-04-04T02:10:21.881114
2026-04-03_21-01-14,238,349.12659038121757,130,1,0.4347826086956522,0.0,50,200,2026-04-04T02:10:39.914383
2026-04-03_21-01-14,239,426.77330838098004,157,1,0.3891050583657587,0.0,50,200,2026-04-04T02:10:56.655134
2026-04-03_21-01-14,240,424.8786186045259,176,1,0.3623188405797102,0.0,50,200,2026-04-04T02:11:15.299405
2026-04-03_21-01-14,241,-80.9533737358112,25,0,0.019635190185640982,49.678969393496885,50,200,2026-04-04T02:12:00.933898
2026-04-03_21-01-14,242,131.114927918416,110,0,0.06475985980832037,13.341664064126334,50,200,2026-04-04T02:12:15.942102
2026-04-03_21-01-14,243,-61.34624205568868,34,0,0.024008860955214727,40.311288741492746,50,200,2026-04-04T02:12:23.704753
2026-04-03_21-01-14,244,33.18750594761225,63,0,0.028384419661134235,33.60059523282288,50,200,2026-04-04T02:12:33.100082
2026-04-03_21-01-14,245,310.213191067266,200,0,0.1,7.0,50,200,2026-04-04T02:12:50.137559
2026-04-03_21-01-14,246,-80.84138720465515,16,0,0.018945264819850965,51.62363799656123,50,200,2026-04-04T02:12:54.457196
2026-04-03_21-01-14,247,80.00450735702458,69,0,0.03746721618583739,25.0,50,200,2026-04-04T02:13:05.996119
2026-04-03_21-01-14,248,319.3659637562065,200,0,0.19098300562505258,2.23606797749979,50,200,2026-04-04T02:13:24.691586
2026-04-03_21-01-14,249,324.8445075430805,200,0,0.1715728752538099,2.8284271247461903,50,200,2026-04-04T02:13:42.921911
2026-04-03_21-01-14,250,-93.2600775034557,15,0,0.01773779125077556,55.226805085936306,50,200,2026-04-04T02:13:46.920860
2026-04-03_21-01-14,251,-62.595764732927876,42,0,0.02138436557868258,45.34313619501854,50,200,2026-04-04T02:13:53.790638
2026-04-03_21-01-14,252,419.725266507974,134,1,0.4273504273504274,0.0,50,200,2026-04-04T02:14:12.261364
2026-04-03_21-01-14,253,432.5057685672751,146,1,0.4065040650406504,0.0,50,200,2026-04-04T02:14:29.281629
2026-04-03_21-01-14,254,333.1934923921682,200,0,0.19098300562505258,2.23606797749979,50,200,2026-04-04T02:14:46.489788
2026-04-03_21-01-14,255,-109.48677200583408,1,0,0.015464239121837704,63.655321851358195,50,200,2026-04-04T02:14:48.469963
2026-04-03_21-01-14,256,-99.44263621967006,4,0,0.0159840533720516,61.5223536610881,50,200,2026-04-04T02:14:50.840038
2026-04-03_21-01-14,257,435.3730571628358,187,1,0.3484320557491289,0.0,50,200,2026-04-04T02:15:32.692612
2026-04-03_21-01-14,258,429.670486464432,199,1,0.33444816053511706,0.0,50,200,2026-04-04T02:15:50.199373
2026-04-03_21-01-14,259,425.5179279976611,162,1,0.38167938931297707,0.0,50,200,2026-04-04T02:16:09.526517
2026-04-03_21-01-14,260,432.57962136922407,183,1,0.35335689045936397,0.0,50,200,2026-04-04T02:16:27.793520
2026-04-03_21-01-14,261,412.51398155891735,150,1,0.4,0.0,50,200,2026-04-04T02:16:45.094935
2026-04-03_21-01-14,262,380.79901712280986,199,1,0.33444816053511706,0.0,50,200,2026-04-04T02:17:03.296378
2026-04-03_21-01-14,263,293.21051368814796,200,0,0.1715728752538099,2.8284271247461903,50,200,2026-04-04T02:17:23.404262
2026-04-03_21-01-14,264,435.52244127709673,182,1,0.35460992907801414,0.0,50,200,2026-04-04T02:17:41.209171
2026-04-03_21-01-14,265,262.57533609456885,200,0,0.07576883186511127,10.198039027185569,50,200,2026-04-04T02:17:59.463429
2026-04-03_21-01-14,266,-110.95261551976928,6,0,0.015456043633929965,63.63961030678928,50,200,2026-04-04T02:18:01.554720
2026-04-03_21-01-14,267,429.286528748139,167,1,0.37453183520599254,0.0,50,200,2026-04-04T02:18:19.343263
2026-04-03_21-01-14,268,72.02200289889353,75,0,0.035309910925470395,26.570660511172846,50,200,2026-04-04T02:18:32.107449
2026-04-03_21-01-14,269,-100.11848796563669,30,0,0.01748199808456245,55.90169943749474,50,200,2026-04-04T02:18:36.221021
2026-04-03_21-01-14,270,-21.926014494673367,52,0,0.022871835362402965,42.20189569201838,50,200,2026-04-04T02:18:43.566916
2026-04-03_21-01-14,271,105.97440056111031,71,0,0.04774321621678608,19.235384061671343,50,200,2026-04-04T02:18:56.367721
2026-04-03_21-01-14,272,-31.2397013896976,57,0,0.021002465429208403,46.04345773288535,50,200,2026-04-04T02:19:03.461573
2026-04-03_21-01-14,273,327.9028439155529,200,0,0.19098300562505258,2.23606797749979,50,200,2026-04-04T02:19:56.916379
2026-04-03_21-01-14,274,156.02464780792297,114,0,0.08932251884693719,9.055385138137417,50,200,2026-04-04T02:20:12.470525
2026-04-03_21-01-14,275,-32.13138395268945,21,0,0.020473334713359208,47.634021455258214,50,200,2026-04-04T02:20:18.138350
2026-04-03_21-01-14,276,-90.98554165282611,17,0,0.0165060618294873,59.413803110051795,50,200,2026-04-04T02:20:21.274420
2026-04-03_21-01-14,277,335.81628171444726,200,0,0.1715728752538099,2.8284271247461903,50,200,2026-04-04T02:20:39.525510
2026-04-03_21-01-14,278,387.6597288639266,129,1,0.4366812227074236,0.0,50,200,2026-04-04T02:20:58.451826
2026-04-03_21-01-14,279,21.198305536012043,40,0,0.027472527472527472,35.0,50,200,2026-04-04T02:21:07.077674
2026-04-03_21-01-14,280,443.44763486628176,192,1,0.3424657534246575,0.0,50,200,2026-04-04T02:21:23.457929
2026-04-03_21-01-14,281,116.52324922831788,83,0,0.05182891491717744,17.46424919657298,50,200,2026-04-04T02:21:37.563602
2026-04-03_21-01-14,282,434.8017299682575,177,1,0.36101083032490977,0.0,50,200,2026-04-04T02:21:54.165240
2026-04-03_21-01-14,283,442.17653522549347,188,1,0.3472222222222222,0.0,50,200,2026-04-04T02:22:11.089798
2026-04-03_21-01-14,284,3.440851865050206,46,0,0.02422209793659609,39.824615503479755,50,200,2026-04-04T02:22:18.549715
2026-04-03_21-01-14,285,415.7534736262606,141,1,0.41493775933609955,0.0,50,200,2026-04-04T02:22:36.493211
2026-04-03_21-01-14,286,45.263511234773034,80,0,0.03161268864219472,29.832867780352597,50,200,2026-04-04T02:22:48.390366
2026-04-03_21-01-14,287,340.0716039720806,200,0,0.19098300562505258,2.23606797749979,50,200,2026-04-04T02:23:05.641060
2026-04-03_21-01-14,288,417.32718716029956,170,1,0.37037037037037035,0.0,50,200,2026-04-04T02:23:24.088091
2026-04-03_21-01-14,289,432.8952171334662,169,1,0.3717472118959108,0.0,50,200,2026-04-04T02:24:14.785004
2026-04-03_21-01-14,290,441.73584214873256,195,1,0.3389830508474576,0.0,50,200,2026-04-04T02:24:32.415276
2026-04-03_21-01-14,291,101.01084425083035,116,0,0.09782574697516756,8.06225774829855,50,200,2026-04-04T02:24:48.927908
2026-04-03_21-01-14,292,29.417132848405444,56,0,0.030339219534354936,31.400636936215164,50,200,2026-04-04T02:24:59.078308
2026-04-03_21-01-14,293,335.05431488618075,200,0,0.1715728752538099,2.8284271247461903,50,200,2026-04-04T02:25:16.569992
2026-04-03_21-01-14,294,385.9724539729745,147,1,0.40485829959514175,0.0,50,200,2026-04-04T02:25:35.387990
2026-04-03_21-01-14,295,-84.05224208230223,19,0,0.01818033196007718,53.81449618829484,50,200,2026-04-04T02:25:39.669369
2026-04-03_21-01-14,296,333.2971744789558,200,0,0.1715728752538099,2.8284271247461903,50,200,2026-04-04T02:25:57.512039
2026-04-03_21-01-14,297,-14.662094081444991,59,0,0.022293255814953873,43.266615305567875,50,200,2026-04-04T02:26:05.606206
2026-04-03_21-01-14,298,334.84243135442836,200,0,0.1715728752538099,2.8284271247461903,50,200,2026-04-04T02:26:24.662545
2026-04-03_21-01-14,299,426.61899745972175,149,1,0.4016064257028112,0.0,50,200,2026-04-04T02:26:43.591873
2026-04-03_21-01-14,300,434.92869363352776,191,1,0.3436426116838488,0.0,50,200,2026-04-04T02:27:01.873442
2026-04-03_21-01-14,301,-85.64251933786548,6,0,0.01673524704989899,58.69412236331676,50,200,2026-04-04T02:27:05.516704
2026-04-03_21-01-14,302,314.293418041344,200,0,0.1715728752538099,2.8284271247461903,50,200,2026-04-04T02:27:23.343066
2026-04-03_21-01-14,303,-83.41399915084824,12,0,0.016914749661705007,58.0,50,200,2026-04-04T02:27:27.158010
2026-04-03_21-01-14,304,90.14557753328845,73,0,0.040687919910135574,22.847319317591726,50,200,2026-04-04T02:27:39.613697
2026-04-03_21-01-14,305,435.18837834837353,178,1,0.3597122302158273,0.0,50,200,2026-04-04T02:28:32.048621
2026-04-03_21-01-14,306,-14.299490446037183,33,0,0.025240810305253932,38.28837943815329,50,200,2026-04-04T02:28:40.262896
2026-04-03_21-01-14,307,137.87135373447592,131,0,0.11915027934961328,6.082762530298219,50,200,2026-04-04T02:28:57.635620
2026-04-03_21-01-14,308,429.77515207687,154,1,0.39370078740157477,0.0,50,200,2026-04-04T02:29:14.518048
2026-04-03_21-01-14,309,431.4726195747911,159,1,0.3861003861003861,0.0,50,200,2026-04-04T02:29:33.476209
2026-04-03_21-01-14,310,-33.12766300982429,27,0,0.02175908922284235,44.68780594300866,50,200,2026-04-04T02:29:39.935388
2026-04-03_21-01-14,311,435.34534464888736,157,1,0.3891050583657587,0.0,50,200,2026-04-04T02:29:57.118867
2026-04-03_21-01-14,312,99.34229100859257,68,0,0.042516410871879136,21.840329667841555,50,200,2026-04-04T02:30:09.949271
2026-04-03_21-01-14,313,17.62375515823976,56,0,0.031275594527928934,30.4138126514911,50,200,2026-04-04T02:30:21.024056
2026-04-03_21-01-14,314,-16.2775173427448,35,0,0.02195193429419235,44.204072210600685,50,200,2026-04-04T02:30:28.173555
2026-04-03_21-01-14,315,417.09744354099644,123,1,0.4484304932735426,0.0,50,200,2026-04-04T02:30:46.779910
2026-04-03_21-01-14,316,434.016011488758,177,1,0.36101083032490977,0.0,50,200,2026-04-04T02:31:06.127472
2026-04-03_21-01-14,317,-38.7403294413171,41,0,0.023968578875788127,40.311288741492746,50,200,2026-04-04T02:31:13.569880
2026-04-03_21-01-14,318,359.4249113625282,110,1,0.47619047619047616,0.0,50,200,2026-04-04T02:31:31.750052
2026-04-03_21-01-14,319,422.26613041878596,111,1,0.4739336492890995,0.0,50,200,2026-04-04T02:31:49.068915
2026-04-03_21-01-14,320,-37.97291312500067,31,0,0.020173608405942484,48.25971404805462,50,200,2026-04-04T02:31:55.151540
2026-04-03_21-01-14,321,334.1627821011611,200,0,0.19098300562505258,2.23606797749979,50,200,2026-04-04T02:32:41.927102
2026-04-03_21-01-14,322,423.9644348564617,174,1,0.36496350364963503,0.0,50,200,2026-04-04T02:33:00.893501
2026-04-03_21-01-14,323,-59.024573550769595,14,0,0.01845777111412883,53.03772242470448,50,200,2026-04-04T02:33:05.077539
2026-04-03_21-01-14,324,389.94244417096814,170,1,0.37037037037037035,0.0,50,200,2026-04-04T02:33:25.071689
2026-04-03_21-01-14,325,130.1854451107685,70,0,0.06398612462552519,13.92838827718412,50,200,2026-04-04T02:33:38.074039
2026-04-03_21-01-14,326,108.89024928162969,102,0,0.05249512928084119,17.029386365926403,50,200,2026-04-04T02:33:53.278176
2026-04-03_21-01-14,327,-15.456682885395423,32,0,0.022098585413576274,43.93176527297759,50,200,2026-04-04T02:34:00.202343
2026-04-03_21-01-14,328,-115.48870465460254,17,0,0.017098424827206807,57.3149195236284,50,200,2026-04-04T02:34:04.037992
2026-04-03_21-01-14,329,11.951468249777662,41,0,0.026691213504775956,36.05551275463989,50,200,2026-04-04T02:34:13.032026
2026-04-03_21-01-14,330,17.986680694560107,38,0,0.025918721161891076,37.20215047547655,50,200,2026-04-04T02:34:20.970045
2026-04-03_21-01-14,331,2.653734786341772,33,0,0.02717517159218268,35.4682957019364,50,200,2026-04-04T02:34:29.250569
2026-04-03_21-01-14,332,420.0186259697405,116,1,0.4629629629629629,0.0,50,200,2026-04-04T02:34:46.502574
2026-04-03_21-01-14,333,-103.36612356279839,4,0,0.015806428971588807,62.22539674441618,50,200,2026-04-04T02:34:48.699857
2026-04-03_21-01-14,334,78.23298168033153,70,0,0.03859895538375334,24.20743687382041,50,200,2026-04-04T02:35:00.403622
2026-04-03_21-01-14,335,434.06449517703686,167,1,0.37453183520599254,0.0,50,200,2026-04-04T02:35:20.245048
2026-04-03_21-01-14,336,432.13099494367515,164,1,0.3787878787878788,0.0,50,200,2026-04-04T02:35:38.341031
2026-04-03_21-01-14,337,-112.79321216048235,1,0,0.015299736641906082,64.35060217278468,50,200,2026-04-04T02:36:03.443498
2026-04-03_21-01-14,338,343.82301080768667,200,0,0.25,1.0,50,200,2026-04-04T02:36:21.224824
2026-04-03_21-01-14,339,-15.127033231515043,68,0,0.026888542451502403,35.510561809129406,50,200,2026-04-04T02:36:31.228419
2026-04-03_21-01-14,340,431.91768096946237,176,1,0.3623188405797102,0.0,50,200,2026-04-04T02:36:48.832985
2026-04-03_21-01-14,341,326.8004142101629,200,0,0.22654091966098644,1.4142135623730951,50,200,2026-04-04T02:37:08.681364
2026-04-03_21-01-14,342,300.5822747404987,200,0,0.19098300562505258,2.23606797749979,50,200,2026-04-04T02:37:27.471743
2026-04-03_21-01-14,343,252.93773792341375,200,0,0.0625,13.0,50,200,2026-04-04T02:37:44.643052
2026-04-03_21-01-14,344,33.208640441625036,51,0,0.03356349922756333,28.284271247461902,50,200,2026-04-04T02:37:54.548479
2026-04-03_21-01-14,345,23.440158492800478,59,0,0.02775591943961249,34.438350715445125,50,200,2026-04-04T02:38:04.677797
2026-04-03_21-01-14,346,-27.327868500057164,53,0,0.027591451239523786,34.713109915419565,50,200,2026-04-04T02:38:14.422732
2026-04-03_21-01-14,347,338.3517200653924,200,0,0.19098300562505258,2.23606797749979,50,200,2026-04-04T02:38:33.736050
2026-04-03_21-01-14,348,11.101490796430326,34,0,0.024892355697470538,38.8329756778952,50,200,2026-04-04T02:38:41.248713
2026-04-03_21-01-14,349,294.05685272927184,200,0,0.19098300562505258,2.23606797749979,50,200,2026-04-04T02:39:01.395503
2026-04-03_21-01-14,350,69.04946651598364,74,0,0.04096418534055708,22.67156809750927,50,200,2026-04-04T02:39:13.097506
2026-04-03_21-01-14,351,331.2753545676851,200,0,0.22654091966098644,1.4142135623730951,50,200,2026-04-04T02:39:32.260158
2026-04-03_21-01-14,352,-120.15215396332499,18,0,0.017044739032329156,57.48912940721924,50,200,2026-04-04T02:39:36.001604
2026-04-03_21-01-14,353,296.5595051286401,200,0,0.19098300562505258,2.23606797749979,50,200,2026-04-04T02:40:30.997384
2026-04-03_21-01-14,354,292.1703729139066,200,0,0.08662505852058643,8.54400374531753,50,200,2026-04-04T02:40:49.249415
2026-04-03_21-01-14,355,90.38411266753305,89,0,0.04599935927037798,19.849433241279208,50,200,2026-04-04T02:41:02.413499
2026-04-03_21-01-14,356,213.24474293125195,200,0,0.043478260869565216,20.0,50,200,2026-04-04T02:41:18.387471
2026-04-03_21-01-14,357,423.2242589955489,151,1,0.39840637450199207,0.0,50,200,2026-04-04T02:41:35.739713
2026-04-03_21-01-14,358,316.01270444455827,200,0,0.13383054136359812,4.47213595499958,50,200,2026-04-04T02:41:56.253456
2026-04-03_21-01-14,359,425.9522079447782,161,1,0.38314176245210724,0.0,50,200,2026-04-04T02:42:15.302205
2026-04-03_21-01-14,360,424.22452674286694,145,1,0.4081632653061224,0.0,50,200,2026-04-04T02:42:34.436374
2026-04-03_21-01-14,361,18.672513663407273,62,0,0.03398715840547869,27.80287754891569,50,200,2026-04-04T02:42:45.075263
2026-04-03_21-01-14,362,414.48010851332316,112,1,0.4716981132075471,0.0,50,200,2026-04-04T02:43:02.212777
2026-04-03_21-01-14,363,432.02786950237095,145,1,0.4081632653061224,0.0,50,200,2026-04-04T02:43:18.548392
2026-04-03_21-01-14,364,334.3852662909341,200,0,0.1715728752538099,2.8284271247461903,50,200,2026-04-04T02:43:37.522173
2026-04-03_21-01-14,365,-106.02240513691578,1,0,0.0156380783423265,62.93647591023825,50,200,2026-04-04T02:43:39.632309
2026-04-03_21-01-14,366,334.0371396941856,200,0,0.22654091966098644,1.4142135623730951,50,200,2026-04-04T02:43:59.187819
2026-04-03_21-01-14,367,336.439058330869,200,0,0.19098300562505258,2.23606797749979,50,200,2026-04-04T02:44:17.511920
2026-04-03_21-01-14,368,300.8449478117072,200,0,0.16227766016837933,3.1622776601683795,50,200,2026-04-04T02:44:36.313295
2026-04-03_21-01-14,369,431.2896227534611,188,1,0.3472222222222222,0.0,50,200,2026-04-04T02:45:38.876966
2026-04-03_21-01-14,370,-31.3191259163563,26,0,0.02055860570349372,47.38143096192854,50,200,2026-04-04T02:45:44.649442
2026-04-03_21-01-14,371,433.28149735233904,167,1,0.37453183520599254,0.0,50,200,2026-04-04T02:46:02.675418
2026-04-03_21-01-14,372,332.61670532542774,200,0,0.1715728752538099,2.8284271247461903,50,200,2026-04-04T02:46:21.230624
2026-04-03_21-01-14,373,315.84036252517615,200,0,0.1715728752538099,2.8284271247461903,50,200,2026-04-04T02:46:41.154932
2026-04-03_21-01-14,374,305.95753018308886,200,0,0.11925824035672519,5.385164807134504,50,200,2026-04-04T02:46:59.611297
2026-04-03_21-01-14,375,267.7041293176313,200,0,0.062350340437299985,13.038404810405298,50,200,2026-04-04T02:47:16.989658
2026-04-03_21-01-14,376,431.2975925589904,185,1,0.3508771929824561,0.0,50,200,2026-04-04T02:47:37.088104
2026-04-03_21-01-14,377,215.91060684109465,200,0,0.03833357397181372,23.08679276123039,50,200,2026-04-04T02:47:53.999823
2026-04-03_21-01-14,378,427.0020302103599,150,1,0.4,0.0,50,200,2026-04-04T02:48:11.894350
2026-04-03_21-01-14,379,-80.93676042010252,10,0,0.017989322325131195,54.48853090330111,50,200,2026-04-04T02:48:15.689989
2026-04-03_21-01-14,380,82.07358024108055,61,0,0.03780791994495585,24.839484696748443,50,200,2026-04-04T02:48:27.222529
2026-04-03_21-01-14,381,-94.58433894865956,9,0,0.016726849211281473,58.69412236331676,50,200,2026-04-04T02:48:30.425266
2026-04-03_21-01-14,382,328.66153797263604,200,0,0.19098300562505258,2.23606797749979,50,200,2026-04-04T02:48:49.023391
2026-04-03_21-01-14,383,181.9706137152947,129,0,0.11503344168187206,6.4031242374328485,50,200,2026-04-04T02:49:05.654607
2026-04-03_21-01-14,384,372.7940219721838,174,1,0.36496350364963503,0.0,50,200,2026-04-04T02:49:25.185432
2026-04-03_21-01-14,385,261.58252419520863,200,0,0.10724372001086317,6.324555320336759,50,200,2026-04-04T02:50:24.547170
2026-04-03_21-01-14,386,155.06729065423445,160,0,0.09378876628259873,8.06225774829855,50,200,2026-04-04T02:50:42.415870
2026-04-03_21-01-14,387,-52.75801902358976,19,0,0.019440359444995847,50.24937810560445,50,200,2026-04-04T02:50:47.747474
2026-04-03_21-01-14,388,-9.508401408740227,43,0,0.023547934815481328,41.036569057366385,50,200,2026-04-04T02:50:55.368465
2026-04-03_21-01-14,389,423.540168152259,153,1,0.39525691699604737,0.0,50,200,2026-04-04T02:51:14.821548
2026-04-03_21-01-14,390,62.78855512948398,85,0,0.03280232693963856,28.635642126552707,50,200,2026-04-04T02:51:27.599424
2026-04-03_21-01-14,391,319.15972627342177,200,0,0.1715728752538099,2.8284271247461903,50,200,2026-04-04T02:51:47.728901
2026-04-03_21-01-14,392,273.4572981668813,200,0,0.25,1.0,50,200,2026-04-04T02:52:08.242687
2026-04-03_21-01-14,393,100.75895197239427,113,0,0.04581331451081528,19.697715603592208,50,200,2026-04-04T02:52:23.200563
2026-04-03_21-01-14,394,269.7543876493464,200,0,0.0744030650891055,10.44030650891055,50,200,2026-04-04T02:52:42.377158
2026-04-03_21-01-14,395,-91.31547547763968,12,0,0.017329155245321724,56.586217403180434,50,200,2026-04-04T02:52:46.022348
2026-04-03_21-01-14,396,83.14019915638983,67,0,0.03997563875003205,23.345235059857504,50,200,2026-04-04T02:52:56.936234
2026-04-03_21-01-14,397,121.17986265059695,86,0,0.05560338838092207,16.1245154965971,50,200,2026-04-04T02:53:11.526379
2026-04-03_21-01-14,398,302.37809353606,200,0,0.1,7.0,50,200,2026-04-04T02:53:33.160037
2026-04-03_21-01-14,399,413.74240991249366,174,1,0.36496350364963503,0.0,50,200,2026-04-04T02:53:53.067289
2026-04-03_21-01-14,400,271.4290838566879,200,0,0.07576883186511127,10.198039027185569,50,200,2026-04-04T02:54:12.144741
2026-04-03_21-01-14,401,296.4773515562139,200,0,0.09250480145974335,7.810249675906654,50,200,2026-04-04T02:55:09.011175
2026-04-03_21-01-14,402,-69.92621396043734,21,0,0.01842115315910637,53.075418038862395,50,200,2026-04-04T02:55:13.407640
2026-04-03_21-01-14,403,329.82191807740975,200,0,0.1715728752538099,2.8284271247461903,50,200,2026-04-04T02:55:32.951366
2026-04-03_21-01-14,404,64.81179652016598,90,0,0.05905524699119973,15.033296378372908,50,200,2026-04-04T02:55:47.928666
2026-04-03_21-01-14,405,311.3815112743245,200,0,0.11925824035672519,5.385164807134504,50,200,2026-04-04T02:56:09.113960
2026-04-03_21-01-14,406,-69.72389051349667,27,0,0.020850504540591067,46.69047011971501,50,200,2026-04-04T02:56:14.921526
2026-04-03_21-01-14,407,127.4535752334175,82,0,0.06364382273511714,13.892443989449804,50,200,2026-04-04T02:56:28.585569
2026-04-03_21-01-14,408,328.3980530875174,200,0,0.19098300562505258,2.23606797749979,50,200,2026-04-04T02:56:47.496531
2026-04-03_21-01-14,409,436.4883271346904,200,1,0.3333333333333333,0.0,50,200,2026-04-04T02:57:07.045017
2026-04-03_21-01-14,410,90.57334110277819,61,0,0.0401061890293459,23.323807579381203,50,200,2026-04-04T02:57:18.285917
2026-04-03_21-01-14,411,47.74171241942099,67,0,0.03432997786573169,27.459060435491963,50,200,2026-04-04T02:57:28.748398
2026-04-03_21-01-14,412,-103.50829966229699,14,0,0.017758060207483748,55.17245689653489,50,200,2026-04-04T02:57:32.463032
2026-04-03_21-01-14,413,-16.27143350124456,22,0,0.021846778622263127,44.553338819890925,50,200,2026-04-04T02:57:38.182359
2026-04-03_21-01-14,414,-106.06946300396595,1,0,0.0156380783423265,62.93647591023825,50,200,2026-04-04T02:57:40.132501
2026-04-03_21-01-14,415,314.2187585952939,200,0,0.13383054136359812,4.47213595499958,50,200,2026-04-04T02:57:57.658071
2026-04-03_21-01-14,416,320.0470257881875,200,0,0.14285714285714285,4.0,50,200,2026-04-04T02:58:16.281132
2026-04-03_21-01-14,417,254.74581115731056,200,0,0.055148845229188885,15.132745950421556,50,200,2026-04-04T02:59:02.670225
2026-04-03_21-01-14,418,309.4763285597118,200,0,0.110098661796365,6.082762530298219,50,200,2026-04-04T02:59:20.632680
2026-04-03_21-01-14,419,255.84110004562734,200,0,0.05555555555555555,15.0,50,200,2026-04-04T02:59:37.485925
2026-04-03_21-01-14,420,374.28318171361184,165,1,0.3773584905660377,0.0,50,200,2026-04-04T02:59:55.216347
2026-04-03_21-01-14,421,-116.76070012358616,2,0,0.015461848064680329,63.655321851358195,50,200,2026-04-04T02:59:57.210233
2026-04-03_21-01-14,422,301.9327094175135,200,0,0.10724372001086317,6.324555320336759,50,200,2026-04-04T03:00:15.212219
2026-04-03_21-01-14,423,3.184318909016042,33,0,0.024547032992360752,39.408120990476064,50,200,2026-04-04T03:00:22.441129
2026-04-03_21-01-14,424,92.44278781456822,110,0,0.06238930469531156,13.92838827718412,50,200,2026-04-04T03:00:38.530937
2026-04-03_21-01-14,425,273.3977162937261,200,0,0.06648231307935511,12.041594578792296,50,200,2026-04-04T03:00:56.532108
2026-04-03_21-01-14,426,-34.02898363136032,37,0,0.022531846680133555,43.01162633521314,50,200,2026-04-04T03:01:03.586178
2026-04-03_21-01-14,427,262.26955519726545,200,0,0.062350340437299985,13.038404810405298,50,200,2026-04-04T03:01:22.809852
2026-04-03_21-01-14,428,-52.788531919530854,19,0,0.018920629042767114,51.66236541235796,50,200,2026-04-04T03:01:27.742656
2026-04-03_21-01-14,429,44.184481269883165,73,0,0.03644325458549745,25.709920264364882,50,200,2026-04-04T03:01:39.364227
2026-04-03_21-01-14,430,-86.51340396545208,34,0,0.019929663518705787,48.83646178829912,50,200,2026-04-04T03:01:44.705558
2026-04-03_21-01-14,431,234.81117758174855,200,0,0.04523868869253596,19.1049731745428,50,200,2026-04-04T03:02:02.674547
2026-04-03_21-01-14,432,51.241531259881484,87,0,0.04447304925654948,20.615528128088304,50,200,2026-04-04T03:02:15.483261
2026-04-03_21-01-14,433,120.25303972441108,117,0,0.056108927224098305,15.652475842498529,50,200,2026-04-04T03:03:01.984444
2026-04-03_21-01-14,434,-93.54825683373278,25,0,0.018160522100855465,53.81449618829484,50,200,2026-04-04T03:03:06.286939
2026-04-03_21-01-14,435,276.1681269476597,200,0,0.08295048134434817,9.055385138137417,50,200,2026-04-04T03:03:25.488604
2026-04-03_21-01-14,436,70.70736127460734,124,0,0.03895484307529061,23.430749027719962,50,200,2026-04-04T03:03:40.674959
2026-04-03_21-01-14,437,427.32548387673035,167,1,0.37453183520599254,0.0,50,200,2026-04-04T03:03:59.181062
2026-04-03_21-01-14,438,-0.3037787331117414,30,0,0.023620241844467656,41.036569057366385,50,200,2026-04-04T03:04:05.985327
2026-04-03_21-01-14,439,-15.028096228379908,42,0,0.023353309628064717,41.400483088968905,50,200,2026-04-04T03:04:13.198327
2026-04-03_21-01-14,440,276.1960474221539,200,0,0.06943598554538331,11.40175425099138,50,200,2026-04-04T03:04:31.187219
2026-04-03_21-01-14,441,417.3521372428736,162,1,0.38167938931297707,0.0,50,200,2026-04-04T03:04:49.443955
2026-04-03_21-01-14,442,173.5536916469742,200,0,0.030226805706453846,30.083217912982647,50,200,2026-04-04T03:05:06.190552
2026-04-03_21-01-14,443,244.43398023162368,200,0,0.07662908283827055,10.04987562112089,50,200,2026-04-04T03:05:24.458056
2026-04-03_21-01-14,444,312.8442596076635,200,0,0.13383054136359812,4.47213595499958,50,200,2026-04-04T03:05:43.341817
2026-04-03_21-01-14,445,239.0037813472993,200,0,0.055148845229188885,15.132745950421556,50,200,2026-04-04T03:06:04.169214
2026-04-03_21-01-14,446,-35.05256305561406,48,0,0.022992785536906545,42.01190307520001,50,200,2026-04-04T03:06:11.846356
2026-04-03_21-01-14,447,93.28492120362174,188,0,0.03579107268400243,25.059928172283335,50,200,2026-04-04T03:06:28.039016
2026-04-03_21-01-14,448,-58.40252345010046,14,0,0.0184449375504803,53.075418038862395,50,200,2026-04-04T03:06:32.081678
2026-04-03_21-01-14,449,67.51187986985937,104,0,0.03720309415459025,24.839484696748443,50,200,2026-04-04T03:07:19.512383
2026-04-03_21-01-14,450,425.1746629952713,152,1,0.3968253968253968,0.0,50,200,2026-04-04T03:07:37.618687
2026-04-03_21-01-14,451,-102.55432177182931,2,0,0.0158074112826743,62.24146527838174,50,200,2026-04-04T03:07:39.736886
2026-04-03_21-01-14,452,-100.77319531081048,5,0,0.016351027599369825,60.108235708594876,50,200,2026-04-04T03:07:42.425155
2026-04-03_21-01-14,453,21.487811776278846,73,0,0.030658961876268855,30.886890422961002,50,200,2026-04-04T03:07:52.009130
2026-04-03_21-01-14,454,335.74783034911866,200,0,0.19098300562505258,2.23606797749979,50,200,2026-04-04T03:08:10.300947
2026-04-03_21-01-14,455,34.121955329355984,72,0,0.03328938633109039,28.319604517012593,50,200,2026-04-04T03:08:20.151666
2026-04-03_21-01-14,456,309.158077634788,200,0,0.11323807579381201,5.830951894845301,50,200,2026-04-04T03:08:38.865369
2026-04-03_21-01-14,457,282.24083155079984,200,0,0.07119788510785187,11.045361017187261,50,200,2026-04-04T03:08:56.688449
2026-04-03_21-01-14,458,333.16098479156796,200,0,0.2,2.0,50,200,2026-04-04T03:09:14.125060
2026-04-03_21-01-14,459,-1.0239119840935444,39,0,0.023570135936466285,41.036569057366385,50,200,2026-04-04T03:09:21.067991
2026-04-03_21-01-14,460,290.87231585835866,200,0,0.125,5.0,50,200,2026-04-04T03:09:41.292977
2026-04-03_21-01-14,461,425.82035773019555,151,1,0.39840637450199207,0.0,50,200,2026-04-04T03:09:59.637332
2026-04-03_21-01-14,462,-94.61968639682398,9,0,0.01652788665501037,59.413803110051795,50,200,2026-04-04T03:10:02.731611
2026-04-03_21-01-14,463,-17.82289072403553,24,0,0.021773302239625588,44.68780594300866,50,200,2026-04-04T03:10:08.566919
2026-04-03_21-01-14,464,-60.33832319010853,26,0,0.018416978748725898,53.03772242470448,50,200,2026-04-04T03:10:13.080144
2026-04-03_21-01-14,465,-85.72804100515043,16,0,0.016829903645510735,58.25804665451803,50,200,2026-04-04T03:10:43.054887
2026-04-03_21-01-14,466,318.6525579595974,200,0,0.19098300562505258,2.23606797749979,50,200,2026-04-04T03:11:00.395062
2026-04-03_21-01-14,467,333.3877992043766,200,0,0.1715728752538099,2.8284271247461903,50,200,2026-04-04T03:11:17.517022
2026-04-03_21-01-14,468,261.4168379636042,200,0,0.1715728752538099,2.8284271247461903,50,200,2026-04-04T03:11:33.945046
2026-04-03_21-01-14,469,32.345808321100776,85,0,0.045252028780039685,20.248456731316587,50,200,2026-04-04T03:11:47.429683
2026-04-03_21-01-14,470,-90.30917055227863,7,0,0.016519566810326687,59.464274989274024,50,200,2026-04-04T03:11:50.127405
2026-04-03_21-01-14,471,338.5867750291326,200,0,0.2,2.0,50,200,2026-04-04T03:12:07.699691
2026-04-03_21-01-14,472,84.8692648494975,90,0,0.043896974994382616,20.8806130178211,50,200,2026-04-04T03:12:20.559825
2026-04-03_21-01-14,473,55.821114432229095,61,0,0.03245050255650314,29.206163733020468,50,200,2026-04-04T03:12:29.967466
2026-04-03_21-01-14,474,-99.47819688617602,8,0,0.01734649232611656,56.568542494923804,50,200,2026-04-04T03:12:33.278658
2026-04-03_21-01-14,475,419.98186558229514,136,1,0.42372881355932196,0.0,50,200,2026-04-04T03:12:50.960184
2026-04-03_21-01-14,476,334.8583162721079,200,0,0.19098300562505258,2.23606797749979,50,200,2026-04-04T03:13:09.059716
2026-04-03_21-01-14,477,334.6050278318974,200,0,0.22654091966098644,1.4142135623730951,50,200,2026-04-04T03:13:26.611724
2026-04-03_21-01-14,478,-34.83607237914639,57,0,0.020921509946266462,46.22769732530488,50,200,2026-04-04T03:13:33.103403
2026-04-03_21-01-14,479,433.47274763936076,174,1,0.36496350364963503,0.0,50,200,2026-04-04T03:13:51.005741
2026-04-03_21-01-14,480,419.36988550466475,138,1,0.42016806722689076,0.0,50,200,2026-04-04T03:14:09.353785
2026-04-03_21-01-14,481,84.9630109743058,125,0,0.0449438202247191,20.0,50,200,2026-04-04T03:14:56.573052
2026-04-03_21-01-14,482,-52.414042367335384,33,0,0.020796645057495903,46.75467891024384,50,200,2026-04-04T03:15:02.852199
2026-04-03_21-01-14,483,-62.92196423858152,35,0,0.020195338068447814,48.16637831516918,50,200,2026-04-04T03:15:08.686620
2026-04-03_21-01-14,484,202.0660114389235,200,0,0.05774398501671608,14.317821063276353,50,200,2026-04-04T03:15:26.581129
2026-04-03_21-01-14,485,-58.486411384559275,25,0,0.01914234809801192,50.99019513592785,50,200,2026-04-04T03:15:31.541234
2026-04-03_21-01-14,486,149.49653771217584,134,0,0.06636615161187556,12.727922061357855,50,200,2026-04-04T03:15:47.294702
2026-04-03_21-01-14,487,83.72569963738238,107,0,0.04016802377369397,22.825424421026653,50,200,2026-04-04T03:16:00.336204
2026-04-03_21-01-14,488,-51.40431515824304,41,0,0.02523981206812208,38.2099463490856,50,200,2026-04-04T03:16:08.231909
2026-04-03_21-01-14,489,299.527876816643,200,0,0.11323807579381201,5.830951894845301,50,200,2026-04-04T03:16:27.271202
2026-04-03_21-01-14,490,322.00981944074044,200,0,0.19098300562505258,2.23606797749979,50,200,2026-04-04T03:16:47.261263
2026-04-03_21-01-14,491,422.40565921053957,198,1,0.33557046979865773,0.0,50,200,2026-04-04T03:17:07.524309
2026-04-03_21-01-14,492,325.1423341975472,200,0,0.19098300562505258,2.23606797749979,50,200,2026-04-04T03:17:25.991845
2026-04-03_21-01-14,493,163.39673644150406,159,0,0.09798375778366386,7.615773105863909,50,200,2026-04-04T03:17:44.218289
2026-04-03_21-01-14,494,59.09957015916679,64,0,0.032418942227474185,29.206163733020468,50,200,2026-04-04T03:17:54.167472
2026-04-03_21-01-14,495,434.0084793155053,200,1,0.3333333333333333,0.0,50,200,2026-04-04T03:18:13.295014
2026-04-03_21-01-14,496,292.2857428275469,200,0,0.09039745979104553,8.06225774829855,50,200,2026-04-04T03:18:31.508463
2026-04-03_21-01-14,497,430.2785914965683,165,1,0.3773584905660377,0.0,50,200,2026-04-04T03:19:25.560788
2026-04-03_21-01-14,498,410.26797087486466,137,1,0.42194092827004215,0.0,50,200,2026-04-04T03:19:43.891275
2026-04-03_21-01-14,499,409.2857298822014,185,1,0.3508771929824561,0.0,50,200,2026-04-04T03:20:03.145794
2026-04-03_21-01-14,500,-72.47237551660984,13,0,0.017955935302856288,54.56189146281496,50,200,2026-04-04T03:20:06.927467
2026-04-03_21-01-14,501,291.63493982318386,200,0,0.1715728752538099,2.8284271247461903,50,200,2026-04-04T03:20:25.829342
2026-04-03_21-01-14,502,317.12738618455916,200,0,0.25,1.0,50,200,2026-04-04T03:20:44.603388
2026-04-03_21-01-14,503,24.057897467791378,57,0,0.027604904439033042,34.655446902326915,50,200,2026-04-04T03:20:53.404042
2026-04-03_21-01-14,504,-87.90157108833608,15,0,0.018193562560352525,53.81449618829484,50,200,2026-04-04T03:20:57.571721
2026-04-03_21-01-14,505,84.65613080144902,73,0,0.040724199380716315,22.825424421026653,50,200,2026-04-04T03:21:08.671466
2026-04-03_21-01-14,506,186.80924873744755,157,0,0.17445072609595572,3.1622776601683795,50,200,2026-04-04T03:21:25.901942
2026-04-03_21-01-14,507,19.803926822980102,54,0,0.026168254478889687,36.6742416417845,50,200,2026-04-04T03:21:35.863864
2026-04-03_21-01-14,508,422.62378807538494,159,1,0.3861003861003861,0.0,50,200,2026-04-04T03:21:54.325100
2026-04-03_21-01-14,509,321.190631671803,200,0,0.1513878188659973,3.605551275463989,50,200,2026-04-04T03:22:13.408769
2026-04-03_21-01-14,510,385.6999589492822,196,1,0.33783783783783783,0.0,50,200,2026-04-04T03:22:32.647598
2026-04-03_21-01-14,511,430.03395258803266,183,1,0.35335689045936397,0.0,50,200,2026-04-04T03:22:51.076562
2026-04-03_21-01-14,512,-89.71161372292528,6,0,0.016536085851590547,59.413803110051795,50,200,2026-04-04T03:22:53.733646
2026-04-03_21-01-14,513,-6.564497003072347,41,0,0.02471500608730193,39.05124837953327,50,200,2026-04-04T03:23:35.246266
2026-04-03_21-01-14,514,-104.26532021062705,6,0,0.01578540785924237,62.289646009589745,50,200,2026-04-04T03:23:37.573201
2026-04-03_21-01-14,515,-114.66259634715163,3,0,0.01598660868011541,61.5223536610881,50,200,2026-04-04T03:23:40.015786
2026-04-03_21-01-14,516,300.05755628076054,200,0,0.1715728752538099,2.8284271247461903,50,200,2026-04-04T03:23:58.099646
2026-04-03_21-01-14,517,146.95212227088192,137,0,0.07126616708523267,11.661903789690601,50,200,2026-04-04T03:24:13.270458
2026-04-03_21-01-14,518,329.27800473427845,200,0,0.19098300562505258,2.23606797749979,50,200,2026-04-04T03:24:31.612904
2026-04-03_21-01-14,519,-109.07461686037587,15,0,0.016911100829311024,57.982756057296896,50,200,2026-04-04T03:24:34.844185
2026-04-03_21-01-14,520,339.2880776694951,200,0,0.19098300562505258,2.23606797749979,50,200,2026-04-04T03:24:51.343434
2026-04-03_21-01-14,521,415.4193231380815,125,1,0.4444444444444444,0.0,50,200,2026-04-04T03:25:08.987235
2026-04-03_21-01-14,522,37.691715272973894,63,0,0.0299448173774304,31.76476034853718,50,200,2026-04-04T03:25:19.008312
2026-04-03_21-01-14,523,-56.71274201993313,15,0,0.018693332571363224,52.3450093132096,50,200,2026-04-04T03:25:23.532279
2026-04-03_21-01-14,524,343.5864077290248,200,0,0.25,1.0,50,200,2026-04-04T03:25:40.821150
2026-04-03_21-01-14,525,155.5863876290043,100,0,0.0993812745622713,8.06225774829855,50,200,2026-04-04T03:25:55.518095
2026-04-03_21-01-14,526,126.59796035162587,74,0,0.05512308595499655,16.401219466856727,50,200,2026-04-04T03:26:08.623564
2026-04-03_21-01-14,527,-88.18933000288445,12,0,0.016914749661705007,58.0,50,200,2026-04-04T03:26:11.833729
2026-04-03_21-01-14,528,329.9962599778398,200,0,0.19098300562505258,2.23606797749979,50,200,2026-04-04T03:26:31.680873
2026-04-03_21-01-14,529,101.9457325860559,97,0,0.05263327881964679,17.029386365926403,50,200,2026-04-04T03:27:11.368320
2026-04-03_21-01-14,530,325.39705358452824,200,0,0.13383054136359812,4.47213595499958,50,200,2026-04-04T03:27:27.928084
2026-04-03_21-01-14,531,428.3374762176758,163,1,0.3802281368821293,0.0,50,200,2026-04-04T03:27:46.651195
2026-04-03_21-01-14,532,16.868593967053002,53,0,0.025658598192730007,37.44329045369811,50,200,2026-04-04T03:27:55.082919
2026-04-03_21-01-14,533,-89.6719062117098,7,0,0.016533351882329142,59.413803110051795,50,200,2026-04-04T03:27:57.813610
2026-04-03_21-01-14,534,326.686074698336,200,0,0.19098300562505258,2.23606797749979,50,200,2026-04-04T03:28:15.348164
2026-04-03_21-01-14,535,-36.0744639868591,29,0,0.02043985695073157,47.634021455258214,50,200,2026-04-04T03:28:20.881336
2026-04-03_21-01-14,536,27.525412826756508,39,0,0.0270277665435872,35.608987629529715,50,200,2026-04-04T03:28:29.014475
2026-04-03_21-01-14,537,415.5320620490896,129,1,0.4366812227074236,0.0,50,200,2026-04-04T03:28:46.120470
2026-04-03_21-01-14,538,428.88231287957126,186,1,0.34965034965034963,0.0,50,200,2026-04-04T03:29:03.818819
2026-04-03_21-01-14,539,4.098525522730299,38,0,0.02426912586808508,39.824615503479755,50,200,2026-04-04T03:29:11.778830
2026-04-03_21-01-14,540,71.69045268878065,69,0,0.035314408170046774,26.627053911388696,50,200,2026-04-04T03:29:22.749871
2026-04-03_21-01-14,541,429.63618879069463,158,1,0.38759689922480617,0.0,50,200,2026-04-04T03:29:40.438906
2026-04-03_21-01-14,542,288.3286273121155,200,0,0.08295048134434817,9.055385138137417,50,200,2026-04-04T03:29:57.777068
2026-04-03_21-01-14,543,428.8684262024045,181,1,0.35587188612099646,0.0,50,200,2026-04-04T03:30:15.852608
2026-04-03_21-01-14,544,290.4926028139307,200,0,0.2,2.0,50,200,2026-04-04T03:30:33.777063
2026-04-03_21-01-14,545,332.94945407333046,200,0,0.19098300562505258,2.23606797749979,50,200,2026-04-04T03:31:25.252483
2026-04-03_21-01-14,546,-82.67985345828495,14,0,0.017988260068476532,54.45181356024793,50,200,2026-04-04T03:31:29.067246
2026-04-03_21-01-14,547,311.6810521712167,200,0,0.11925824035672519,5.385164807134504,50,200,2026-04-04T03:31:45.821630
2026-04-03_21-01-14,548,149.53149878086904,106,0,0.06798507567376696,12.649110640673518,50,200,2026-04-04T03:32:00.389766
2026-04-03_21-01-14,549,335.5928887804441,200,0,0.19098300562505258,2.23606797749979,50,200,2026-04-04T03:32:18.055091
2026-04-03_21-01-14,550,356.8310671390483,131,1,0.4329004329004329,0.0,50,200,2026-04-04T03:32:36.188144
2026-04-03_21-01-14,551,136.76659786989975,96,0,0.06210356336374557,14.142135623730951,50,200,2026-04-04T03:32:50.838101
2026-04-03_21-01-14,552,290.18734343029246,200,0,0.2,2.0,50,200,2026-04-04T03:33:08.893152
2026-04-03_21-01-14,553,112.8412255786716,88,0,0.051694950258248315,17.46424919657298,50,200,2026-04-04T03:33:22.023158
2026-04-03_21-01-14,554,-19.64383484828403,31,0,0.022148089891065557,43.840620433565945,50,200,2026-04-04T03:33:28.337392
2026-04-03_21-01-14,555,338.5350180300434,200,0,0.25,1.0,50,200,2026-04-04T03:33:45.684798
2026-04-03_21-01-14,556,409.54641062306683,144,1,0.4098360655737705,0.0,50,200,2026-04-04T03:34:02.678336
2026-04-03_21-01-14,557,394.0697358238779,139,1,0.41841004184100417,0.0,50,200,2026-04-04T03:34:20.688168
2026-04-03_21-01-14,558,319.60296113278025,200,0,0.1715728752538099,2.8284271247461903,50,200,2026-04-04T03:34:38.730823
2026-04-03_21-01-14,559,169.46296739616946,133,0,0.1549641456402296,4.123105625617661,50,200,2026-04-04T03:34:55.413560
2026-04-03_21-01-14,560,163.3438272840409,113,0,0.08244023083264633,10.0,50,200,2026-04-04T03:35:11.239716
2026-04-03_21-01-14,561,266.78842043306634,200,0,0.0625,13.0,50,200,2026-04-04T03:36:01.697965
2026-04-03_21-01-14,562,41.333052115479035,50,0,0.036136952993928675,26.1725046566048,50,200,2026-04-04T03:36:11.535464
2026-04-03_21-01-14,563,322.76527837765553,200,0,0.19098300562505258,2.23606797749979,50,200,2026-04-04T03:36:29.759372
2026-04-03_21-01-14,564,387.4631045320415,145,1,0.4081632653061224,0.0,50,200,2026-04-04T03:36:46.946222
2026-04-03_21-01-14,565,115.84716844486536,90,0,0.04916641075711459,18.439088914585774,50,200,2026-04-04T03:36:59.499662
2026-04-03_21-01-14,566,76.3355373083389,73,0,0.047756922508603104,19.209372712298546,50,200,2026-04-04T03:37:11.273928
2026-04-03_21-01-14,567,310.312278518054,200,0,0.1715728752538099,2.8284271247461903,50,200,2026-04-04T03:37:27.993679
2026-04-03_21-01-14,568,-64.26413482769244,20,0,0.020566135189057245,47.4236228055175,50,200,2026-04-04T03:37:32.826380
2026-04-03_21-01-14,569,295.3482826202006,200,0,0.10724372001086317,6.324555320336759,50,200,2026-04-04T03:37:48.600156
2026-04-03_21-01-14,570,245.1355014388845,200,0,0.05,17.0,50,200,2026-04-04T03:38:03.914031
2026-04-03_21-01-14,571,328.22224314994975,200,0,0.1715728752538099,2.8284271247461903,50,200,2026-04-04T03:38:21.252737
2026-04-03_21-01-14,572,335.51760192572345,200,0,0.19098300562505258,2.23606797749979,50,200,2026-04-04T03:38:37.710871
2026-04-03_21-01-14,573,-28.360482898655903,48,0,0.02364937725053207,40.80441152620633,50,200,2026-04-04T03:38:44.534547
2026-04-03_21-01-14,574,337.0431849005427,200,0,0.2,2.0,50,200,2026-04-04T03:39:02.953141
2026-04-03_21-01-14,575,91.76602184973004,88,0,0.04005320225002416,23.08679276123039,50,200,2026-04-04T03:39:14.591396
2026-04-03_21-01-14,576,316.3748968505311,200,0,0.13383054136359812,4.47213595499958,50,200,2026-04-04T03:39:33.567699
2026-04-03_21-01-14,577,116.28283496774492,113,0,0.06185948811807666,14.035668847618199,50,200,2026-04-04T03:40:24.471203
2026-04-03_21-01-14,578,435.5932649363653,183,1,0.35335689045936397,0.0,50,200,2026-04-04T03:40:41.721335
2026-04-03_21-01-14,579,338.9811902610788,200,0,0.2,2.0,50,200,2026-04-04T03:40:58.332151
2026-04-03_21-01-14,580,426.74614402928336,147,1,0.40485829959514175,0.0,50,200,2026-04-04T03:41:14.411400
2026-04-03_21-01-14,581,198.24362606575087,161,0,0.12507559557842354,5.385164807134504,50,200,2026-04-04T03:41:31.903512
2026-04-03_21-01-14,582,262.1203067454955,200,0,0.055972022393011814,14.866068747318506,50,200,2026-04-04T03:41:50.586562
2026-04-03_21-01-14,583,274.4348914980159,200,0,0.19098300562505258,2.23606797749979,50,200,2026-04-04T03:42:06.410669
2026-04-03_21-01-14,584,-107.44322981072716,3,0,0.016356376470631765,60.108235708594876,50,200,2026-04-04T03:42:08.787288
2026-04-03_21-01-14,585,40.59054864080581,52,0,0.032933292406837344,28.844410203711913,50,200,2026-04-04T03:42:18.450685
2026-04-03_21-01-14,586,339.9542904403619,200,0,0.22654091966098644,1.4142135623730951,50,200,2026-04-04T03:42:36.096718
2026-04-03_21-01-14,587,416.9810535233836,138,1,0.42016806722689076,0.0,50,200,2026-04-04T03:42:52.785936
2026-04-03_21-01-14,588,104.36580470510211,112,0,0.043208123602597626,21.02379604162864,50,200,2026-04-04T03:43:05.445122
2026-04-03_21-01-14,589,306.8257559573843,200,0,0.1715728752538099,2.8284271247461903,50,200,2026-04-04T03:43:21.788578
2026-04-03_21-01-14,590,311.12502004946356,200,0,0.13383054136359812,4.47213595499958,50,200,2026-04-04T03:43:39.396615
2026-04-03_21-01-14,591,-88.11179001734692,10,0,0.017118914280032645,57.3149195236284,50,200,2026-04-04T03:43:42.656020
2026-04-03_21-01-14,592,73.00004469409689,110,0,0.04289414806345839,21.213203435596427,50,200,2026-04-04T03:43:56.350926
2026-04-03_21-01-14,593,438.721144202266,173,1,0.3663003663003663,0.0,50,200,2026-04-04T03:44:46.948215
2026-04-03_21-01-14,594,337.56662763814586,200,0,0.19098300562505258,2.23606797749979,50,200,2026-04-04T03:45:02.711163
2026-04-03_21-01-14,595,425.41414859205867,121,1,0.45248868778280543,0.0,50,200,2026-04-04T03:45:18.528684
2026-04-03_21-01-14,596,334.2382673309869,200,0,0.19098300562505258,2.23606797749979,50,200,2026-04-04T03:45:36.776700
2026-04-03_21-01-14,597,435.99380187389795,174,1,0.36496350364963503,0.0,50,200,2026-04-04T03:45:52.579599
2026-04-03_21-01-14,598,423.43582363157304,128,1,0.43859649122807015,0.0,50,200,2026-04-04T03:46:08.034166
2026-04-03_21-01-14,599,401.68155483773114,135,1,0.425531914893617,0.0,50,200,2026-04-04T03:46:24.176428
2026-04-03_21-01-14,600,331.0196398006421,200,0,0.1715728752538099,2.8284271247461903,50,200,2026-04-04T03:46:41.565665
2026-04-03_21-01-14,601,339.4074952488963,200,0,0.19098300562505258,2.23606797749979,50,200,2026-04-04T03:46:57.474011
2026-04-03_21-01-14,602,-102.62687311521614,1,0,0.015813927823395878,62.22539674441618,50,200,2026-04-04T03:46:59.388336
2026-04-03_21-01-14,603,180.70423318281863,116,0,0.13253520970866361,5.385164807134504,50,200,2026-04-04T03:47:13.754570
2026-04-03_21-01-14,604,421.3108157428158,171,1,0.36900369003690037,0.0,50,200,2026-04-04T03:47:30.156805
2026-04-03_21-01-14,605,32.445745770825226,54,0,0.030670660801216894,31.064449134018133,50,200,2026-04-04T03:47:39.457768
2026-04-03_21-01-14,606,430.0566200599228,194,1,0.3401360544217687,0.0,50,200,2026-04-04T03:47:56.562665
2026-04-03_21-01-14,607,-24.778895014759357,38,0,0.025731197238436653,37.48332962798263,50,200,2026-04-04T03:48:03.946557
2026-04-03_21-01-14,608,331.42163935370377,200,0,0.1715728752538099,2.8284271247461903,50,200,2026-04-04T03:48:21.362614
2026-04-03_21-01-14,609,14.744289532195793,32,0,0.027361405657400913,35.22782990761707,50,200,2026-04-04T03:49:04.831418
2026-04-03_21-01-14,610,435.1459456602688,169,1,0.3717472118959108,0.0,50,200,2026-04-04T03:49:22.676629
2026-04-03_21-01-14,611,18.76467722905123,56,0,0.03407748568401584,27.784887978899608,50,200,2026-04-04T03:49:32.198133
2026-04-03_21-01-14,612,125.94220727153441,116,0,0.15915696147503408,4.123105625617661,50,200,2026-04-04T03:49:47.995840
2026-04-03_21-01-14,613,-13.683345291550467,26,0,0.0221614386168767,43.86342439892262,50,200,2026-04-04T03:49:53.729525
2026-04-03_21-01-14,614,333.156408258674,200,0,0.1715728752538099,2.8284271247461903,50,200,2026-04-04T03:50:09.864982
2026-04-03_21-01-14,615,-45.225430888205494,19,0,0.02253488333065035,43.18564576337837,50,200,2026-04-04T03:50:15.576206
2026-04-03_21-01-14,616,422.12009280695145,127,1,0.44052863436123346,0.0,50,200,2026-04-04T03:50:30.901404
2026-04-03_21-01-14,617,9.216250250177794,30,0,0.025972575236724433,37.20215047547655,50,200,2026-04-04T03:50:37.976574
2026-04-03_21-01-14,618,342.4979248033042,200,0,0.19098300562505258,2.23606797749979,50,200,2026-04-04T03:50:54.554152
2026-04-03_21-01-14,619,-0.3030880162522607,33,0,0.02360351622162162,41.036569057366385,50,200,2026-04-04T03:51:01.025640
2026-04-03_21-01-14,620,439.04029901309343,197,1,0.3367003367003367,0.0,50,200,2026-04-04T03:51:18.154145
2026-04-03_21-01-14,621,338.05257209866795,200,0,0.1715728752538099,2.8284271247461903,50,200,2026-04-04T03:51:34.795491
2026-04-03_21-01-14,622,87.96184199403703,69,0,0.038800010114608485,24.08318915758459,50,200,2026-04-04T03:51:45.136450
2026-04-03_21-01-14,623,334.1460260539741,200,0,0.19098300562505258,2.23606797749979,50,200,2026-04-04T03:52:01.329955
2026-04-03_21-01-14,624,424.31935701080175,157,1,0.3891050583657587,0.0,50,200,2026-04-04T03:52:17.050885
2026-04-03_21-01-14,625,327.6308825212693,200,0,0.1715728752538099,2.8284271247461903,50,200,2026-04-04T03:53:00.991485
2026-04-03_21-01-14,626,424.452618787664,135,1,0.425531914893617,0.0,50,200,2026-04-04T03:53:17.227487
2026-04-03_21-01-14,627,-15.858948688193038,26,0,0.023263771196554726,41.72529209005013,50,200,2026-04-04T03:53:23.576293
2026-04-03_21-01-14,628,-99.63156330709728,3,0,0.01598660868011541,61.5223536610881,50,200,2026-04-04T03:53:25.703867
2026-04-03_21-01-14,629,-55.97497301831986,17,0,0.01917170741777386,50.99019513592785,50,200,2026-04-04T03:53:30.070468
2026-04-03_21-01-14,630,418.0769124377513,95,1,0.5128205128205128,0.0,50,200,2026-04-04T03:53:45.097896
2026-04-03_21-01-14,631,435.2866483877716,158,1,0.38759689922480617,0.0,50,200,2026-04-04T03:54:00.332415
2026-04-03_21-01-14,632,420.10785701589003,92,1,0.5208333333333334,0.0,50,200,2026-04-04T03:54:14.983312
2026-04-03_21-01-14,633,423.99819412463114,147,1,0.40485829959514175,0.0,50,200,2026-04-04T03:54:30.426905
2026-04-03_21-01-14,634,336.1274560070279,200,0,0.1715728752538099,2.8284271247461903,50,200,2026-04-04T03:54:46.178772
2026-04-03_21-01-14,635,420.4602505743773,84,1,0.5434782608695653,0.0,50,200,2026-04-04T03:55:01.107181
2026-04-03_21-01-14,636,335.64638376971607,200,0,0.22654091966098644,1.4142135623730951,50,200,2026-04-04T03:55:16.568723
2026-04-03_21-01-14,637,78.48267122359925,39,0,0.03676879397592909,25.80697580112788,50,200,2026-04-04T03:55:25.820027
2026-04-03_21-01-14,638,-11.780056792282736,30,0,0.0267598783921796,36.069377593742864,50,200,2026-04-04T03:55:33.249334
2026-04-03_21-01-14,639,434.2597604675057,161,1,0.38314176245210724,0.0,50,200,2026-04-04T03:55:47.800391
2026-04-03_21-01-14,640,291.598109529413,200,0,0.19098300562505258,2.23606797749979,50,200,2026-04-04T03:56:03.557469
2026-04-03_21-01-14,641,428.6326726701886,126,1,0.4424778761061947,0.0,50,200,2026-04-04T03:56:47.155231
2026-04-03_21-01-14,642,45.794468429941574,38,0,0.029944045490142117,32.01562118716424,50,200,2026-04-04T03:56:55.270554
2026-04-03_21-01-14,643,120.53646223448153,85,0,0.05296782324476415,17.029386365926403,50,200,2026-04-04T03:57:08.305294
2026-04-03_21-01-14,644,-109.5779038731782,2,0,0.0158074112826743,62.24146527838174,50,200,2026-04-04T03:57:10.243531
2026-04-03_21-01-14,645,345.1859478636507,200,0,0.25,1.0,50,200,2026-04-04T03:57:26.581201
2026-04-03_21-01-14,646,-80.97278400341864,14,0,0.01845777111412883,53.03772242470448,50,200,2026-04-04T03:57:30.473164
2026-04-03_21-01-14,647,432.0848844266354,180,1,0.35714285714285715,0.0,50,200,2026-04-04T03:57:48.037946
2026-04-03_21-01-14,648,344.07318032208303,200,0,0.25,1.0,50,200,2026-04-04T03:58:05.511250
2026-04-03_21-01-14,649,341.27074231102443,200,0,0.1715728752538099,2.8284271247461903,50,200,2026-04-04T03:58:20.538226
2026-04-03_21-01-14,650,64.19579534503679,37,0,0.03336592150393756,28.600699292150182,50,200,2026-04-04T03:58:29.212261
2026-04-03_21-01-14,651,272.1317350554668,200,0,0.19098300562505258,2.23606797749979,50,200,2026-04-04T03:58:46.084952
2026-04-03_21-01-14,652,313.07039016345306,200,0,0.1715728752538099,2.8284271247461903,50,200,2026-04-04T03:59:03.859406
2026-04-03_21-01-14,653,76.17617349606485,62,0,0.03610524149498534,26.076809620810597,50,200,2026-04-04T03:59:13.813220
2026-04-03_21-01-14,654,147.3914722910336,74,0,0.07191386126322279,12.165525060596439,50,200,2026-04-04T03:59:26.894290
2026-04-03_21-01-14,655,114.57203562799711,115,0,0.1092896174863388,7.0,50,200,2026-04-04T03:59:42.002878
2026-04-03_21-01-14,656,307.4557710696957,200,0,0.110098661796365,6.082762530298219,50,200,2026-04-04T03:59:57.550923
2026-04-03_21-01-14,657,319.1282978467366,200,0,0.19098300562505258,2.23606797749979,50,200,2026-04-04T04:00:45.731171
2026-04-03_21-01-14,658,-77.95853710789319,6,0,0.017347191976291376,56.586217403180434,50,200,2026-04-04T04:00:48.741375
2026-04-03_21-01-14,659,426.6917564418342,121,1,0.45248868778280543,0.0,50,200,2026-04-04T04:01:04.255325
2026-04-03_21-01-14,660,-54.95577954491615,45,0,0.02882547133998338,33.24154027718932,50,200,2026-04-04T04:01:12.582454
2026-04-03_21-01-14,661,271.0908349338521,200,0,0.19098300562505258,2.23606797749979,50,200,2026-04-04T04:01:30.472709
2026-04-03_21-01-14,662,341.53889360241334,200,0,0.19098300562505258,2.23606797749979,50,200,2026-04-04T04:01:47.967265
2026-04-03_21-01-14,663,287.69943886121894,200,0,0.06943598554538331,11.40175425099138,50,200,2026-04-04T04:02:06.070806
2026-04-03_21-01-14,664,32.36580836549001,44,0,0.028783893500682094,33.301651610693426,50,200,2026-04-04T04:02:14.490272
2026-04-03_21-01-14,665,44.12585834407396,50,0,0.03127003108525098,30.479501308256342,50,200,2026-04-04T04:02:23.371108
2026-04-03_21-01-14,666,-112.55882588882801,4,0,0.016167839458410303,60.81118318204309,50,200,2026-04-04T04:02:25.728521
2026-04-03_21-01-14,667,-98.71693752264586,5,0,0.01693480101608806,58.0,50,200,2026-04-04T04:02:28.485753
2026-04-03_21-01-14,668,283.5780181333679,200,0,0.09727522475637543,7.280109889280518,50,200,2026-04-04T04:02:46.301764
2026-04-03_21-01-14,669,115.1594356598751,92,0,0.047741133996701345,19.026297590440446,50,200,2026-04-04T04:02:59.294934
2026-04-03_21-01-14,670,89.03431852451055,79,0,0.04584005112797991,20.024984394500787,50,200,2026-04-04T04:03:12.216828
2026-04-03_21-01-14,671,432.01746460637,182,1,0.35460992907801414,0.0,50,200,2026-04-04T04:03:28.930676
2026-04-03_21-01-14,672,110.57354371164708,100,0,0.06666666666666667,13.0,50,200,2026-04-04T04:03:42.478944
2026-04-03_21-01-14,673,99.42562937214481,94,0,0.044526998432263314,20.518284528683193,50,200,2026-04-04T04:04:20.971130
2026-04-03_21-01-14,674,443.39784100016806,196,1,0.33783783783783783,0.0,50,200,2026-04-04T04:04:37.539913
2026-04-03_21-01-14,675,45.6933711435362,55,0,0.03310918682721216,28.653097563788805,50,200,2026-04-04T04:04:47.651439
2026-04-03_21-01-14,676,416.5472538719696,103,1,0.4926108374384236,0.0,50,200,2026-04-04T04:05:03.716813
2026-04-03_21-01-14,677,-53.26918405022437,14,0,0.020281351706830767,48.16637831516918,50,200,2026-04-04T04:05:08.565650
2026-04-03_21-01-14,678,399.42543928901904,137,1,0.42194092827004215,0.0,50,200,2026-04-04T04:05:24.920331
2026-04-03_21-01-14,679,284.5019662170058,200,0,0.19098300562505258,2.23606797749979,50,200,2026-04-04T04:05:43.450488
2026-04-03_21-01-14,680,422.7263953069469,145,1,0.4081632653061224,0.0,50,200,2026-04-04T04:05:58.964890
2026-04-03_21-01-14,681,424.4806600740866,128,1,0.43859649122807015,0.0,50,200,2026-04-04T04:06:16.428877
2026-04-03_21-01-14,682,330.51466224764204,200,0,0.1715728752538099,2.8284271247461903,50,200,2026-04-04T04:06:34.357368
2026-04-03_21-01-14,683,441.50435660476904,181,1,0.35587188612099646,0.0,50,200,2026-04-04T04:06:49.768837
2026-04-03_21-01-14,684,334.00638230950943,200,0,0.1715728752538099,2.8284271247461903,50,200,2026-04-04T04:07:07.718825
2026-04-03_21-01-14,685,258.7442831994512,200,0,0.2,2.0,50,200,2026-04-04T04:07:24.358882
2026-04-03_21-01-14,686,336.20244304983726,200,0,0.1715728752538099,2.8284271247461903,50,200,2026-04-04T04:07:40.787363
2026-04-03_21-01-14,687,-110.42336629152005,2,0,0.01581142741567651,62.22539674441618,50,200,2026-04-04T04:07:42.838223
2026-04-03_21-01-14,688,425.47071208706325,132,1,0.43103448275862066,0.0,50,200,2026-04-04T04:07:59.253898
2026-04-03_21-01-14,689,-102.32627079835976,1,0,0.015813927823395878,62.22539674441618,50,200,2026-04-04T04:08:35.036201
2026-04-03_21-01-14,690,319.17425740447953,200,0,0.19098300562505258,2.23606797749979,50,200,2026-04-04T04:08:51.150328
2026-04-03_21-01-14,691,333.5765472020234,200,0,0.1715728752538099,2.8284271247461903,50,200,2026-04-04T04:09:09.046440
2026-04-03_21-01-14,692,426.9004908264246,140,1,0.41666666666666663,0.0,50,200,2026-04-04T04:09:25.409411
2026-04-03_21-01-14,693,289.5309156469569,200,0,0.19098300562505258,2.23606797749979,50,200,2026-04-04T04:09:43.090071
2026-04-03_21-01-14,694,425.429454806438,176,1,0.3623188405797102,0.0,50,200,2026-04-04T04:09:59.309285
2026-04-03_21-01-14,695,339.36066995095234,200,0,0.1715728752538099,2.8284271247461903,50,200,2026-04-04T04:10:16.238615
2026-04-03_21-01-14,696,110.87367368796198,196,0,0.12562814070351758,5.0,50,200,2026-04-04T04:10:35.998270
2026-04-03_21-01-14,697,-61.46993351806996,10,0,0.018234826700306433,53.74011537017761,50,200,2026-04-04T04:10:39.657392
2026-04-03_21-01-14,698,-89.71339699193663,8,0,0.01775984267751979,55.226805085936306,50,200,2026-04-04T04:10:42.958749
2026-04-03_21-01-14,699,422.7248642411994,130,1,0.4347826086956522,0.0,50,200,2026-04-04T04:10:59.988131
2026-04-03_21-01-14,700,431.979839232982,171,1,0.36900369003690037,0.0,50,200,2026-04-04T04:11:15.906182
2026-04-03_21-01-14,701,433.90045023821284,180,1,0.35714285714285715,0.0,50,200,2026-04-04T04:11:32.172339
2026-04-03_21-01-14,702,430.39886668871634,192,1,0.3424657534246575,0.0,50,200,2026-04-04T04:11:49.534893
2026-04-03_21-01-14,703,333.1246125968728,200,0,0.19098300562505258,2.23606797749979,50,200,2026-04-04T04:12:06.518551
2026-04-03_21-01-14,704,-6.429949580588882,21,0,0.022806051457973216,42.638011210655684,50,200,2026-04-04T04:12:12.472848
2026-04-03_21-01-14,705,-100.04432175973992,4,0,0.0159840533720516,61.5223536610881,50,200,2026-04-04T04:12:49.172773
2026-04-03_21-01-14,706,-63.72479818994321,30,0,0.021787343817499794,44.598206241955516,50,200,2026-04-04T04:12:55.002332
2026-04-03_21-01-14,707,-3.3903654133822414,26,0,0.0232378736943771,41.773197148410844,50,200,2026-04-04T04:13:01.216079
2026-04-03_21-01-14,708,338.31333249119234,200,0,0.1715728752538099,2.8284271247461903,50,200,2026-04-04T04:13:19.329088
2026-04-03_21-01-14,709,342.2533347123622,200,0,0.19098300562505258,2.23606797749979,50,200,2026-04-04T04:13:34.653241
2026-04-03_21-01-14,710,341.08781467424967,200,0,0.19098300562505258,2.23606797749979,50,200,2026-04-04T04:13:52.065749
2026-04-03_21-01-14,711,-62.22219943269549,19,0,0.01916435914804515,50.99019513592785,50,200,2026-04-04T04:13:56.502331
2026-04-03_21-01-14,712,380.97041730096095,109,1,0.47846889952153115,0.0,50,200,2026-04-04T04:14:11.495662
2026-04-03_21-01-14,713,-49.326290934666346,12,0,0.019154094250424115,51.088159097779204,50,200,2026-04-04T04:14:15.656997
2026-04-03_21-01-14,714,-41.00704652569924,20,0,0.021516053076642654,45.27692569068709,50,200,2026-04-04T04:14:21.192485
2026-04-03_21-01-14,715,295.8546744044544,200,0,0.19098300562505258,2.23606797749979,50,200,2026-04-04T04:14:36.689876
2026-04-03_21-01-14,716,127.604993286754,97,0,0.12056101398807718,6.324555320336759,50,200,2026-04-04T04:14:51.106098
2026-04-03_21-01-14,717,341.1975304733778,200,0,0.19098300562505258,2.23606797749979,50,200,2026-04-04T04:15:07.200448
2026-04-03_21-01-14,718,343.8746653672463,200,0,0.19098300562505258,2.23606797749979,50,200,2026-04-04T04:15:22.573204
2026-04-03_21-01-14,719,343.8864529791123,200,0,0.1715728752538099,2.8284271247461903,50,200,2026-04-04T04:15:37.897904
2026-04-03_21-01-14,720,432.8931751052835,155,1,0.3921568627450981,0.0,50,200,2026-04-04T04:15:53.023996
2026-04-03_21-01-14,721,438.98080143650964,174,1,0.36496350364963503,0.0,50,200,2026-04-04T04:16:37.724692
2026-04-03_21-01-14,722,-33.52169835431735,28,0,0.02138293642591438,45.48626166217664,50,200,2026-04-04T04:16:43.760467
2026-04-03_21-01-14,723,58.720542503776215,51,0,0.034368715580370884,27.586228448267445,50,200,2026-04-04T04:16:53.185176
2026-04-03_21-01-14,724,399.711820185208,131,1,0.4329004329004329,0.0,50,200,2026-04-04T04:17:08.884318
2026-04-03_21-01-14,725,343.9404445894543,200,0,0.19098300562505258,2.23606797749979,50,200,2026-04-04T04:17:24.049435
2026-04-03_21-01-14,726,-31.325989102076903,22,0,0.020557679348804033,47.4236228055175,50,200,2026-04-04T04:17:29.305508
2026-04-03_21-01-14,727,333.79150931979484,200,0,0.1513878188659973,3.605551275463989,50,200,2026-04-04T04:17:45.160285
2026-04-03_21-01-14,728,-18.694672149069888,29,0,0.021792091735451224,44.598206241955516,50,200,2026-04-04T04:17:50.733813
2026-04-03_21-01-14,729,317.9592539389726,200,0,0.1715728752538099,2.8284271247461903,50,200,2026-04-04T04:18:04.330855
2026-04-03_21-01-14,730,-51.25004710267121,12,0,0.019481951210682847,50.20956084253277,50,200,2026-04-04T04:18:08.643352
2026-04-03_21-01-14,731,345.6092166786319,200,0,0.2,2.0,50,200,2026-04-04T04:18:23.546420
2026-04-03_21-01-14,732,-97.01862765198348,6,0,0.01735251243059088,56.568542494923804,50,200,2026-04-04T04:18:26.580336
2026-04-03_21-01-14,733,444.3310919272646,184,1,0.35211267605633806,0.0,50,200,2026-04-04T04:18:41.504101
2026-04-03_21-01-14,734,-42.86351689737234,22,0,0.01964676322361382,49.678969393496885,50,200,2026-04-04T04:18:46.115451
2026-04-03_21-01-14,735,416.682368201575,81,1,0.5524861878453039,0.0,50,200,2026-04-04T04:19:00.973849
2026-04-03_21-01-14,736,433.1302772906806,159,1,0.3861003861003861,0.0,50,200,2026-04-04T04:19:16.884711
2026-04-03_21-01-14,737,421.8823367623393,147,1,0.40485829959514175,0.0,50,200,2026-04-04T04:19:59.166086
2026-04-03_21-01-14,738,82.870783942672,79,0,0.04664857357246643,19.6468827043885,50,200,2026-04-04T04:20:11.106451
2026-04-03_21-01-14,739,336.2856609208751,200,0,0.1715728752538099,2.8284271247461903,50,200,2026-04-04T04:20:26.616584
2026-04-03_21-01-14,740,217.31503539220378,200,0,0.1715728752538099,2.8284271247461903,50,200,2026-04-04T04:20:43.018310
2026-04-03_21-01-14,741,439.2148683006646,195,1,0.3389830508474576,0.0,50,200,2026-04-04T04:21:00.218474
2026-04-03_21-01-14,742,433.6138651318452,195,1,0.3389830508474576,0.0,50,200,2026-04-04T04:21:16.904229
2026-04-03_21-01-14,743,425.8803746120959,133,1,0.4291845493562232,0.0,50,200,2026-04-04T04:21:32.492039
2026-04-03_21-01-14,744,208.32247101848588,135,0,0.2656597409870561,1.4142135623730951,50,200,2026-04-04T04:21:48.048159
2026-04-03_21-01-14,745,432.4183763673815,173,1,0.3663003663003663,0.0,50,200,2026-04-04T04:22:04.504988
2026-04-03_21-01-14,746,340.83607773365435,200,0,0.1715728752538099,2.8284271247461903,50,200,2026-04-04T04:22:20.239396
2026-04-03_21-01-14,747,95.85871162783958,106,0,0.16501650165016502,4.0,50,200,2026-04-04T04:22:35.488615
2026-04-03_21-01-14,748,-3.656092889840906,42,0,0.025183601399737875,38.28837943815329,50,200,2026-04-04T04:22:43.276171
2026-04-03_21-01-14,749,-4.797134771015109,44,0,0.023141078790481828,41.773197148410844,50,200,2026-04-04T04:22:49.948427
2026-04-03_21-01-14,750,427.62966487159736,142,1,0.4132231404958678,0.0,50,200,2026-04-04T04:23:06.636499
2026-04-03_21-01-14,751,424.59643593001147,143,1,0.41152263374485604,0.0,50,200,2026-04-04T04:23:22.480612
2026-04-03_21-01-14,752,103.54343503560945,50,0,0.04482565768237913,20.808652046684813,50,200,2026-04-04T04:23:33.050097
2026-04-03_21-01-14,753,-108.10935057983339,4,0,0.0159840533720516,61.5223536610881,50,200,2026-04-04T04:24:08.637266
2026-04-03_21-01-14,754,268.88834194386294,200,0,0.0583357886059212,14.142135623730951,50,200,2026-04-04T04:24:22.276312
2026-04-03_21-01-14,755,340.9109199986579,200,0,0.1715728752538099,2.8284271247461903,50,200,2026-04-04T04:24:37.874525
2026-04-03_21-01-14,756,301.917924864806,200,0,0.1715728752538099,2.8284271247461903,50,200,2026-04-04T04:24:53.779411
2026-04-03_21-01-14,757,328.69096323222084,200,0,0.1715728752538099,2.8284271247461903,50,200,2026-04-04T04:25:10.563697
2026-04-03_21-01-14,758,341.9463601904855,200,0,0.22654091966098644,1.4142135623730951,50,200,2026-04-04T04:25:27.054443
2026-04-03_21-01-14,759,443.25790546111466,187,1,0.3484320557491289,0.0,50,200,2026-04-04T04:25:42.433429
2026-04-03_21-01-14,760,121.00894052573582,149,0,0.22271714922048996,2.0,50,200,2026-04-04T04:25:58.629438
2026-04-03_21-01-14,761,345.7413556513197,122,1,0.4504504504504505,0.0,50,200,2026-04-04T04:26:14.692964
2026-04-03_21-01-14,762,338.0907501478289,200,0,0.1715728752538099,2.8284271247461903,50,200,2026-04-04T04:26:30.903695
2026-04-03_21-01-14,763,-126.85817353403704,33,0,0.021375161293449192,45.45327270945405,50,200,2026-04-04T04:26:36.683544
2026-04-03_21-01-14,764,335.114447067149,200,0,0.1715728752538099,2.8284271247461903,50,200,2026-04-04T04:26:52.644410
2026-04-03_21-01-14,765,-95.2330403361343,2,0,0.016173069130115212,60.81118318204309,50,200,2026-04-04T04:26:54.883411
2026-04-03_21-01-14,766,431.9845142568794,163,1,0.3802281368821293,0.0,50,200,2026-04-04T04:27:10.719709
2026-04-03_21-01-14,767,15.277677506972324,54,0,0.03479115096093221,27.202941017470888,50,200,2026-04-04T04:27:20.016518
2026-04-03_21-01-14,768,440.6582057877478,184,1,0.35211267605633806,0.0,50,200,2026-04-04T04:27:36.116923
2026-04-03_21-01-14,769,442.7697854764054,193,1,0.3412969283276451,0.0,50,200,2026-04-04T04:28:28.190907
2026-04-03_21-01-14,770,55.95794654154031,39,0,0.033343670657981016,28.600699292150182,50,200,2026-04-04T04:28:37.098008
2026-04-03_21-01-14,771,445.5342773951412,187,1,0.3484320557491289,0.0,50,200,2026-04-04T04:28:52.501514
2026-04-03_21-01-14,772,401.16579225700076,152,1,0.3968253968253968,0.0,50,200,2026-04-04T04:29:09.734123
2026-04-03_21-01-14,773,428.85042158648247,192,1,0.3424657534246575,0.0,50,200,2026-04-04T04:29:26.669478
2026-04-03_21-01-14,774,123.4200211642337,53,0,0.05766550997254651,15.811388300841896,50,200,2026-04-04T04:29:37.885155
2026-04-03_21-01-14,775,74.36026876014327,38,0,0.035996138610125246,26.40075756488817,50,200,2026-04-04T04:29:46.662659
2026-04-03_21-01-14,776,-56.84414953217941,12,0,0.019481951210682847,50.20956084253277,50,200,2026-04-04T04:29:50.793128
2026-04-03_21-01-14,777,421.26394181586244,111,1,0.4739336492890995,0.0,50,200,2026-04-04T04:30:05.367610
2026-04-03_21-01-14,778,380.62857611052806,153,1,0.39525691699604737,0.0,50,200,2026-04-04T04:30:20.825111
2026-04-03_21-01-14,779,121.16610496927366,64,0,0.06336278079478298,14.142135623730951,50,200,2026-04-04T04:30:33.968296
2026-04-03_21-01-14,780,-45.17423801937091,14,0,0.02000941971914722,48.83646178829912,50,200,2026-04-04T04:30:38.555129
2026-04-03_21-01-14,781,402.0665891632861,128,1,0.43859649122807015,0.0,50,200,2026-04-04T04:30:55.481773
2026-04-03_21-01-14,782,60.00884406036468,52,0,0.04168020395537173,22.47220505424423,50,200,2026-04-04T04:31:06.058575
2026-04-03_21-01-14,783,2.616682041998132,48,0,0.032038818237675126,29.732137494637012,50,200,2026-04-04T04:31:15.531070
2026-04-03_21-01-14,784,430.9735860912869,134,1,0.4273504273504274,0.0,50,200,2026-04-04T04:31:31.088528
2026-04-03_21-01-14,785,125.73468225155294,93,0,0.05282620179609086,17.0,50,200,2026-04-04T04:32:07.614138
2026-04-03_21-01-14,786,362.92055899268155,99,1,0.5025125628140703,0.0,50,200,2026-04-04T04:32:23.392199
2026-04-03_21-01-14,787,28.739197537751664,69,0,0.031037899559957824,30.528675044947494,50,200,2026-04-04T04:32:33.517831
2026-04-03_21-01-14,788,320.93787693715603,200,0,0.25,1.0,50,200,2026-04-04T04:32:50.275454
2026-04-03_21-01-14,789,443.9404116745342,199,1,0.33444816053511706,0.0,50,200,2026-04-04T04:33:06.806141
2026-04-03_21-01-14,790,127.33517917280044,108,0,0.05680470781810909,15.524174696260024,50,200,2026-04-04T04:33:21.405213
2026-04-03_21-01-14,791,107.88328474004018,90,0,0.04460644607844747,20.518284528683193,50,200,2026-04-04T04:33:33.252037
2026-04-03_21-01-14,792,80.91866558354639,107,0,0.05172589526936841,17.26267650163207,50,200,2026-04-04T04:33:47.436799
2026-04-03_21-01-14,793,39.26437639568073,41,0,0.030086353014914167,31.827660925679098,50,200,2026-04-04T04:33:55.635813
2026-04-03_21-01-14,794,-69.57812341827918,17,0,0.018186944853972875,53.81449618829484,50,200,2026-04-04T04:33:59.719738
2026-04-03_21-01-14,795,-70.6463489502759,10,0,0.017725069960264458,55.31726674375732,50,200,2026-04-04T04:34:03.149935
2026-04-03_21-01-14,796,427.23623557945984,138,1,0.42016806722689076,0.0,50,200,2026-04-04T04:34:19.580142
2026-04-03_21-01-14,797,-2.6560254823247362,27,0,0.024800819423725768,39.05124837953327,50,200,2026-04-04T04:34:26.545715
2026-04-03_21-01-14,798,396.69872672138996,121,1,0.45248868778280543,0.0,50,200,2026-04-04T04:34:43.875973
2026-04-03_21-01-14,799,42.57443461263105,48,0,0.029405786738992704,32.526911934581186,50,200,2026-04-04T04:34:52.303254
2026-04-03_21-01-14,800,309.1764933714251,200,0,0.10724372001086317,6.324555320336759,50,200,2026-04-04T04:35:11.647297
2026-04-03_21-01-14,801,-122.01600374448918,25,0,0.017295489592941492,56.568542494923804,50,200,2026-04-04T04:35:39.385632
2026-04-03_21-01-14,802,45.235352746581654,65,0,0.029814757241685783,31.89043743820395,50,200,2026-04-04T04:35:48.836532
2026-04-03_21-01-14,803,226.97004372274267,200,0,0.0499266418716242,17.029386365926403,50,200,2026-04-04T04:36:05.814514
2026-04-03_21-01-14,804,-20.77369506069691,80,0,0.025251175753893785,37.8021163428716,50,200,2026-04-04T04:36:15.236000
2026-04-03_21-01-14,805,-62.88073506041343,22,0,0.019709220561355347,49.51767361255979,50,200,2026-04-04T04:36:20.231584
2026-04-03_21-01-14,806,295.40299812046766,200,0,0.12347173609369323,5.0990195135927845,50,200,2026-04-04T04:36:38.853660
2026-04-03_21-01-14,807,280.2378230101259,200,0,0.08295048134434817,9.055385138137417,50,200,2026-04-04T04:36:56.552077
2026-04-03_21-01-14,808,79.71378593630182,114,0,0.036845983787767135,25.0,50,200,2026-04-04T04:37:09.229034
2026-04-03_21-01-14,809,91.37178334265114,103,0,0.05063279565052742,17.72004514666935,50,200,2026-04-04T04:37:23.327134
2026-04-03_21-01-14,810,-48.074576894674976,39,0,0.019365066673633496,50.24937810560445,50,200,2026-04-04T04:37:28.684075
2026-04-03_21-01-14,811,222.09080817862232,200,0,0.04572899787928879,18.867962264113206,50,200,2026-04-04T04:37:43.632662
2026-04-03_21-01-14,812,176.8586831625195,200,0,0.03842942200852721,23.021728866442675,50,200,2026-04-04T04:37:59.169782
2026-04-03_21-01-14,813,66.49502210803124,167,0,0.03457957009295947,26.248809496813376,50,200,2026-04-04T04:38:12.512372
2026-04-03_21-01-14,814,-37.37700368211699,40,0,0.02039400339440778,47.634021455258214,50,200,2026-04-04T04:38:18.277525
2026-04-03_21-01-14,815,34.06023515664745,96,0,0.03088916374370694,30.4138126514911,50,200,2026-04-04T04:38:28.521232
2026-04-03_21-01-14,816,216.8011472710787,200,0,0.049708601297970736,17.11724276862369,50,200,2026-04-04T04:38:47.170888
2026-04-03_21-01-14,817,257.33232969320096,200,0,0.0583357886059212,14.142135623730951,50,200,2026-04-04T04:39:33.297310
2026-04-03_21-01-14,818,327.90521246814166,200,0,0.19098300562505258,2.23606797749979,50,200,2026-04-04T04:39:51.864675
2026-04-03_21-01-14,819,299.6078041621177,200,0,0.09929433687476769,7.0710678118654755,50,200,2026-04-04T04:40:08.075971
2026-04-03_21-01-14,820,-36.25331080494698,70,0,0.02059244545665285,46.861498055439924,50,200,2026-04-04T04:40:14.256835
2026-04-03_21-01-14,821,319.52224822120155,200,0,0.19098300562505258,2.23606797749979,50,200,2026-04-04T04:40:32.288494
2026-04-03_21-01-14,822,215.22674715798408,200,0,0.0639013949713478,12.649110640673518,50,200,2026-04-04T04:40:49.491705
2026-04-03_21-01-14,823,72.3512774872205,97,0,0.07053899600902779,12.206555615733702,50,200,2026-04-04T04:41:03.811403
2026-04-03_21-01-14,824,407.1686001660764,181,1,0.35587188612099646,0.0,50,200,2026-04-04T04:41:22.089375
2026-04-03_21-01-14,825,265.4688699987631,200,0,0.06190820998759698,13.152946437965905,50,200,2026-04-04T04:41:38.074705
2026-04-03_21-01-14,826,302.5801380783939,200,0,0.125,5.0,50,200,2026-04-04T04:41:56.175326
2026-04-03_21-01-14,827,281.52397978162344,200,0,0.10724372001086317,6.324555320336759,50,200,2026-04-04T04:42:15.737421
2026-04-03_21-01-14,828,304.4661405299404,200,0,0.10724372001086317,6.324555320336759,50,200,2026-04-04T04:42:33.307894
2026-04-03_21-01-14,829,236.00136528700267,200,0,0.049708601297970736,17.11724276862369,50,200,2026-04-04T04:42:48.781241
2026-04-03_21-01-14,830,230.92847606201772,200,0,0.04755619106746819,18.027756377319946,50,200,2026-04-04T04:43:04.442124
2026-04-03_21-01-14,831,238.35912761655078,200,0,0.04755619106746819,18.027756377319946,50,200,2026-04-04T04:43:22.060395
2026-04-03_21-01-14,832,-45.159820595418225,47,0,0.01961258337845934,49.51767361255979,50,200,2026-04-04T04:43:28.063299
2026-04-03_21-01-14,833,28.183445863302836,67,0,0.028162787624264253,33.83784863137726,50,200,2026-04-04T04:44:21.800919
2026-04-03_21-01-14,834,334.89017083869345,200,0,0.19098300562505258,2.23606797749979,50,200,2026-04-04T04:44:38.325681
2026-04-03_21-01-14,835,-114.96626764664326,2,0,0.01563563322975271,62.93647591023825,50,200,2026-04-04T04:44:40.138081
2026-04-03_21-01-14,836,326.94332410972606,200,0,0.19098300562505258,2.23606797749979,50,200,2026-04-04T04:44:57.889963
2026-04-03_21-01-14,837,-39.018882099874745,24,0,0.02118312868760761,45.967379738244816,50,200,2026-04-04T04:45:03.383353
2026-04-03_21-01-14,838,-57.92396236563619,19,0,0.01865940043818504,52.40229002629561,50,200,2026-04-04T04:45:07.565716
2026-04-03_21-01-14,839,62.468418493479234,83,0,0.03972157549362958,23.345235059857504,50,200,2026-04-04T04:45:18.761086
2026-04-03_21-01-14,840,155.5477182244775,139,0,0.10341144117798673,7.280109889280518,50,200,2026-04-04T04:45:34.352151
2026-04-03_21-01-14,841,-73.20627817068,10,0,0.01754333659992981,55.90169943749474,50,200,2026-04-04T04:45:37.651657
2026-04-03_21-01-14,842,123.07911040397981,143,0,0.07656882352913111,10.63014581273465,50,200,2026-04-04T04:45:52.556342
2026-04-03_21-01-14,843,158.92937561822615,93,0,0.08083874067952013,10.44030650891055,50,200,2026-04-04T04:46:06.200272
2026-04-03_21-01-14,844,-117.56580450713308,10,0,0.018710820951299514,52.3450093132096,50,200,2026-04-04T04:46:09.970237
2026-04-03_21-01-14,845,121.4561507119009,95,0,0.051432773879783594,17.4928556845359,50,200,2026-04-04T04:46:22.936295
2026-04-03_21-01-14,846,-33.87880995380215,38,0,0.020402325096153074,47.634021455258214,50,200,2026-04-04T04:46:28.982928
2026-04-03_21-01-14,847,291.34321248897965,200,0,0.19098300562505258,2.23606797749979,50,200,2026-04-04T04:46:45.170921
2026-04-03_21-01-14,848,-122.79684044005904,24,0,0.01727736119220521,56.639209034025185,50,200,2026-04-04T04:46:49.093761
2026-04-03_21-01-14,849,421.5779233007804,147,1,0.40485829959514175,0.0,50,200,2026-04-04T04:47:28.918607
2026-04-03_21-01-14,850,-92.09971135599203,15,0,0.017325454815286568,56.568542494923804,50,200,2026-04-04T04:47:32.147724
2026-04-03_21-01-14,851,29.034176395303163,200,0,0.052288906360944624,16.1245154965971,50,200,2026-04-04T04:47:48.558722
2026-04-03_21-01-14,852,-4.2566901152855365,30,0,0.02316485535451556,41.86884283091664,50,200,2026-04-04T04:47:55.157698
2026-04-03_21-01-14,853,126.74150171491034,135,0,0.054038004996148435,16.15549442140351,50,200,2026-04-04T04:48:10.107090
2026-04-03_21-01-14,854,84.70446769931759,137,0,0.05407008365177207,16.1245154965971,50,200,2026-04-04T04:48:25.962437
2026-04-03_21-01-14,855,385.88108595698054,180,1,0.35714285714285715,0.0,50,200,2026-04-04T04:48:44.037704
2026-04-03_21-01-14,856,316.4917906917041,200,0,0.1513878188659973,3.605551275463989,50,200,2026-04-04T04:49:01.026788
2026-04-03_21-01-14,857,329.94886992227265,200,0,0.2,2.0,50,200,2026-04-04T04:49:18.025605
2026-04-03_21-01-14,858,101.55477670887699,110,0,0.048687651344157375,18.439088914585774,50,200,2026-04-04T04:49:32.101405
2026-04-03_21-01-14,859,320.3773939440165,200,0,0.16227766016837933,3.1622776601683795,50,200,2026-04-04T04:49:49.761606
2026-04-03_21-01-14,860,139.14638621360183,114,0,0.09628150013615999,8.246211251235321,50,200,2026-04-04T04:50:04.722077
2026-04-03_21-01-14,861,425.2368286533867,177,1,0.36101083032490977,0.0,50,200,2026-04-04T04:50:20.951239
2026-04-03_21-01-14,862,419.14645416628787,163,1,0.3802281368821293,0.0,50,200,2026-04-04T04:50:38.245723
2026-04-03_21-01-14,863,-91.60177816459073,7,0,0.01670390010980391,58.7962583843564,50,200,2026-04-04T04:50:41.255323
2026-04-03_21-01-14,864,-126.49782097692345,21,0,0.016693341969606517,58.69412236331676,50,200,2026-04-04T04:50:44.703269
2026-04-03_21-01-14,865,426.76544045880973,158,1,0.38759689922480617,0.0,50,200,2026-04-04T04:51:32.305285
2026-04-03_21-01-14,866,307.8094019902456,200,0,0.10724372001086317,6.324555320336759,50,200,2026-04-04T04:51:48.421461
2026-04-03_21-01-14,867,71.95384280359656,70,0,0.03779455640176344,24.758836806279895,50,200,2026-04-04T04:51:58.958951
2026-04-03_21-01-14,868,74.62147449339386,67,0,0.046911174296330405,19.6468827043885,50,200,2026-04-04T04:52:11.274919
2026-04-03_21-01-14,869,20.798217609101627,33,0,0.02608003212808384,37.013511046643494,50,200,2026-04-04T04:52:18.433199
2026-04-03_21-01-14,870,0.565453325890644,37,0,0.02370417384622394,40.8166632639171,50,200,2026-04-04T04:52:25.719425
2026-04-03_21-01-14,871,-22.93536171728094,24,0,0.021401241281184428,45.48626166217664,50,200,2026-04-04T04:52:31.336269
2026-04-03_21-01-14,872,52.8461686638429,51,0,0.03132457926992915,30.4138126514911,50,200,2026-04-04T04:52:39.972197
2026-04-03_21-01-14,873,140.71819339602504,122,0,0.07388957727846847,11.313708498984761,50,200,2026-04-04T04:52:55.268156
2026-04-03_21-01-14,874,-81.18071487452471,21,0,0.01918587124981801,50.91168824543142,50,200,2026-04-04T04:52:59.733356
2026-04-03_21-01-14,875,430.9756839361134,153,1,0.39525691699604737,0.0,50,200,2026-04-04T04:53:15.779722
2026-04-03_21-01-14,876,29.910081491801975,80,0,0.040608437154331455,22.825424421026653,50,200,2026-04-04T04:53:27.068505
2026-04-03_21-01-14,877,25.50474280073557,45,0,0.02923405714208727,32.7566787083184,50,200,2026-04-04T04:53:36.125368
2026-04-03_21-01-14,878,-28.65547392091524,30,0,0.02084677622136191,46.66904755831214,50,200,2026-04-04T04:53:41.623970
2026-04-03_21-01-14,879,336.50306277329184,200,0,0.1715728752538099,2.8284271247461903,50,200,2026-04-04T04:53:58.406518
2026-04-03_21-01-14,880,138.8885215361042,133,0,0.06958170121746046,12.041594578792296,50,200,2026-04-04T04:54:13.367831
2026-04-03_21-01-14,881,327.083003637651,200,0,0.1715728752538099,2.8284271247461903,50,200,2026-04-04T04:54:52.164321
2026-04-03_21-01-14,882,282.9036750397898,200,0,0.19098300562505258,2.23606797749979,50,200,2026-04-04T04:55:08.950101
2026-04-03_21-01-14,883,426.9954840323158,151,1,0.39840637450199207,0.0,50,200,2026-04-04T04:55:26.172335
2026-04-03_21-01-14,884,185.44411335059854,170,0,0.20259040283851978,2.23606797749979,50,200,2026-04-04T04:55:43.982201
2026-04-03_21-01-14,885,-15.400227612831571,27,0,0.02323247496118954,41.773197148410844,50,200,2026-04-04T04:55:50.026107
2026-04-03_21-01-14,886,-51.78910744212175,14,0,0.018938545502470202,51.66236541235796,50,200,2026-04-04T04:55:54.052538
2026-04-03_21-01-14,887,-13.690215758069158,24,0,0.02217126555969189,43.86342439892262,50,200,2026-04-04T04:55:59.921292
2026-04-03_21-01-14,888,334.99408354075183,200,0,0.1715728752538099,2.8284271247461903,50,200,2026-04-04T04:56:15.994714
2026-04-03_21-01-14,889,-23.72580281911769,22,0,0.0235565398883214,41.23105625617661,50,200,2026-04-04T04:56:21.973502
2026-04-03_21-01-14,890,261.3511401372868,200,0,0.0583357886059212,14.142135623730951,50,200,2026-04-04T04:56:38.645072
2026-04-03_21-01-14,891,427.9845834985095,185,1,0.3508771929824561,0.0,50,200,2026-04-04T04:56:55.140984
2026-04-03_21-01-14,892,429.09956470582796,185,1,0.3508771929824561,0.0,50,200,2026-04-04T04:57:12.590885
2026-04-03_21-01-14,893,423.52332830860314,168,1,0.373134328358209,0.0,50,200,2026-04-04T04:57:30.759559
2026-04-03_21-01-14,894,290.7089304701219,200,0,0.10724372001086317,6.324555320336759,50,200,2026-04-04T04:57:48.357514
2026-04-03_21-01-14,895,-44.60662640888003,30,0,0.02308834128723821,42.01190307520001,50,200,2026-04-04T04:57:54.877626
2026-04-03_21-01-14,896,143.40966434021948,119,0,0.08009207294370078,10.295630140987,50,200,2026-04-04T04:58:10.665325
2026-04-03_21-01-14,897,19.787297114753386,79,0,0.035190136286409,26.627053911388696,50,200,2026-04-04T04:58:53.322538
2026-04-03_21-01-14,898,-106.97661247640306,18,0,0.019414113833694634,50.32891812864648,50,200,2026-04-04T04:58:57.842942
2026-04-03_21-01-14,899,-32.54255140175671,24,0,0.02162629757785467,45.0,50,200,2026-04-04T04:59:03.495618
2026-04-03_21-01-14,900,302.08590807911804,200,0,0.09727522475637543,7.280109889280518,50,200,2026-04-04T04:59:22.359781
2026-04-03_21-01-14,901,12.62743440294804,29,0,0.025068613967611456,38.600518131237564,50,200,2026-04-04T04:59:29.286023
2026-04-03_21-01-14,902,5.121273968861473,41,0,0.024251469009468778,39.824615503479755,50,200,2026-04-04T04:59:36.761103
2026-04-03_21-01-14,903,121.30271698107336,131,0,0.15544591651314402,4.123105625617661,50,200,2026-04-04T04:59:52.358445
2026-04-03_21-01-14,904,63.4038947580316,92,0,0.0332443982729519,28.160255680657446,50,200,2026-04-04T05:00:04.872450
2026-04-03_21-01-14,905,325.93324871231556,200,0,0.1715728752538099,2.8284271247461903,50,200,2026-04-04T05:00:23.021605
2026-04-03_21-01-14,906,417.0690498613624,149,1,0.4016064257028112,0.0,50,200,2026-04-04T05:00:39.142945
2026-04-03_21-01-14,907,401.5059499797756,156,1,0.390625,0.0,50,200,2026-04-04T05:00:54.611560
2026-04-03_21-01-14,908,399.62853150330335,184,1,0.35211267605633806,0.0,50,200,2026-04-04T05:01:12.150502
2026-04-03_21-01-14,909,311.6362887012223,200,0,0.12347173609369323,5.0990195135927845,50,200,2026-04-04T05:01:29.542751
2026-04-03_21-01-14,910,328.3516339056399,200,0,0.19098300562505258,2.23606797749979,50,200,2026-04-04T05:01:51.113961
2026-04-03_21-01-14,911,-106.1616298065128,2,0,0.01562787016439942,62.96824596572466,50,200,2026-04-04T05:01:53.065918
2026-04-03_21-01-14,912,291.3521444146873,200,0,0.07782792956586483,9.848857801796104,50,200,2026-04-04T05:02:10.549991
2026-04-03_21-01-14,913,418.66668115740885,115,1,0.4651162790697674,0.0,50,200,2026-04-04T05:02:54.616609
2026-04-03_21-01-14,914,-102.27533028474892,1,0,0.015813927823395878,62.22539674441618,50,200,2026-04-04T05:02:56.558247
2026-04-03_21-01-14,915,336.41796423605814,200,0,0.19098300562505258,2.23606797749979,50,200,2026-04-04T05:03:14.214146
2026-04-03_21-01-14,916,432.2973007170985,170,1,0.37037037037037035,0.0,50,200,2026-04-04T05:03:30.362840
2026-04-03_21-01-14,917,327.1944969762264,200,0,0.19098300562505258,2.23606797749979,50,200,2026-04-04T05:03:47.178035
2026-04-03_21-01-14,918,121.26463722583577,155,0,0.28169014084507044,1.0,50,200,2026-04-04T05:04:03.992391
2026-04-03_21-01-14,919,439.5686102727732,179,1,0.35842293906810035,0.0,50,200,2026-04-04T05:04:21.111358
2026-04-03_21-01-14,920,335.10893254873974,200,0,0.2,2.0,50,200,2026-04-04T05:04:39.479691
2026-04-03_21-01-14,921,341.97836163284893,200,0,0.2,2.0,50,200,2026-04-04T05:04:55.323930
2026-04-03_21-01-14,922,432.6836886475355,175,1,0.36363636363636365,0.0,50,200,2026-04-04T05:05:11.624642
2026-04-03_21-01-14,923,335.05570954190125,200,0,0.19098300562505258,2.23606797749979,50,200,2026-04-04T05:05:29.482928
2026-04-03_21-01-14,924,435.88615457217185,177,1,0.36101083032490977,0.0,50,200,2026-04-04T05:05:47.263608
2026-04-03_21-01-14,925,311.2179011424214,200,0,0.19098300562505258,2.23606797749979,50,200,2026-04-04T05:06:04.833389
2026-04-03_21-01-14,926,-83.59553586932367,19,0,0.01965834991199646,49.678969393496885,50,200,2026-04-04T05:06:09.600421
2026-04-03_21-01-14,927,-39.29177729905906,22,0,0.019977440759381713,48.83646178829912,50,200,2026-04-04T05:06:14.640100
2026-04-03_21-01-14,928,-97.82387415629381,16,0,0.017101348888490946,57.3149195236284,50,200,2026-04-04T05:06:17.644756
2026-04-03_21-01-14,929,431.1810024218873,173,1,0.3663003663003663,0.0,50,200,2026-04-04T05:07:08.273097
2026-04-03_21-01-14,930,104.20086364205478,78,0,0.05959475566150178,15.0,50,200,2026-04-04T05:07:21.062283
2026-04-03_21-01-14,931,410.53242503752404,123,1,0.4484304932735426,0.0,50,200,2026-04-04T05:07:37.160984
2026-04-03_21-01-14,932,418.43413560041,191,1,0.3436426116838488,0.0,50,200,2026-04-04T05:07:54.962760
2026-04-03_21-01-14,933,100.19540392073417,69,0,0.04488076470292933,20.591260281974,50,200,2026-04-04T05:08:06.797247
2026-04-03_21-01-14,934,120.03996079386212,109,0,0.06915956047694326,12.36931687685298,50,200,2026-04-04T05:08:21.559801
2026-04-03_21-01-14,935,405.95507096691966,111,1,0.4739336492890995,0.0,50,200,2026-04-04T05:08:37.611170
2026-04-03_21-01-14,936,334.50198688915066,200,0,0.2,2.0,50,200,2026-04-04T05:08:54.909377
2026-04-03_21-01-14,937,325.39929574920905,200,0,0.2,2.0,50,200,2026-04-04T05:09:11.102014
2026-04-03_21-01-14,938,419.34840740582064,131,1,0.4329004329004329,0.0,50,200,2026-04-04T05:09:27.662467
2026-04-03_21-01-14,939,426.2958091443801,134,1,0.4273504273504274,0.0,50,200,2026-04-04T05:09:43.711670
2026-04-03_21-01-14,940,427.3873991594207,167,1,0.37453183520599254,0.0,50,200,2026-04-04T05:09:59.662951
2026-04-03_21-01-14,941,417.6269931689641,118,1,0.4587155963302753,0.0,50,200,2026-04-04T05:10:15.237007
2026-04-03_21-01-14,942,338.39870421930476,200,0,0.22654091966098644,1.4142135623730951,50,200,2026-04-04T05:10:32.327301
2026-04-03_21-01-14,943,141.07310602359928,79,0,0.07229824401687422,12.041594578792296,50,200,2026-04-04T05:10:45.311903
2026-04-03_21-01-14,944,281.5348981276666,200,0,0.19098300562505258,2.23606797749979,50,200,2026-04-04T05:11:01.993795
2026-04-03_21-01-14,945,193.98819689900003,137,0,0.29673590504451036,1.0,50,200,2026-04-04T05:11:54.737581
2026-04-03_21-01-14,946,75.74616372305334,59,0,0.03684073774495297,25.553864678361276,50,200,2026-04-04T05:12:05.055852
2026-04-03_21-01-14,947,389.20135562857655,177,1,0.36101083032490977,0.0,50,200,2026-04-04T05:12:22.124028
2026-04-03_21-01-14,948,418.4994057286708,109,1,0.47846889952153115,0.0,50,200,2026-04-04T05:12:38.153334
2026-04-03_21-01-14,949,132.84612038260042,99,0,0.06198807295724468,14.142135623730951,50,200,2026-04-04T05:12:52.178488
2026-04-03_21-01-14,950,329.2636855133392,200,0,0.1715728752538099,2.8284271247461903,50,200,2026-04-04T05:13:09.532457
2026-04-03_21-01-14,951,418.8580196062257,190,1,0.3448275862068965,0.0,50,200,2026-04-04T05:13:26.101429
2026-04-03_21-01-14,952,331.54402347740165,200,0,0.1715728752538099,2.8284271247461903,50,200,2026-04-04T05:13:42.616915
2026-04-03_21-01-14,953,176.9534444622108,100,0,0.10856463647766622,7.211102550927978,50,200,2026-04-04T05:13:57.424830
2026-04-03_21-01-14,954,392.5819349739342,139,1,0.41841004184100417,0.0,50,200,2026-04-04T05:14:13.652368
2026-04-03_21-01-14,955,338.9869530170223,200,0,0.2,2.0,50,200,2026-04-04T05:14:30.419237
2026-04-03_21-01-14,956,328.4406401360228,200,0,0.1715728752538099,2.8284271247461903,50,200,2026-04-04T05:14:46.279619
2026-04-03_21-01-14,957,334.73936707254296,200,0,0.1715728752538099,2.8284271247461903,50,200,2026-04-04T05:15:04.015644
2026-04-03_21-01-14,958,430.8371328849766,174,1,0.36496350364963503,0.0,50,200,2026-04-04T05:15:20.519979
2026-04-03_21-01-14,959,9.06297648328976,34,0,0.02594562025376026,37.20215047547655,50,200,2026-04-04T05:15:28.068212
2026-04-03_21-01-14,960,134.13035112150004,85,0,0.062256148876644615,14.212670403551895,50,200,2026-04-04T05:15:40.931462
2026-04-03_21-01-14,961,20.235076080567623,85,0,0.030622390657031,30.805843601498726,50,200,2026-04-04T05:16:27.486842
2026-04-03_21-01-14,962,-56.729652447012576,15,0,0.01974432103985042,49.49747468305833,50,200,2026-04-04T05:16:32.047312
2026-04-03_21-01-14,963,316.4749622706171,200,0,0.14038820320220757,4.123105625617661,50,200,2026-04-04T05:16:48.411880
2026-04-03_21-01-14,964,128.06126052668128,120,0,0.11730817179569848,6.324555320336759,50,200,2026-04-04T05:17:03.467479
2026-04-03_21-01-14,965,2.431827842082896,40,0,0.02481555794522544,38.897300677553446,50,200,2026-04-04T05:17:10.297721
2026-04-03_21-01-14,966,325.85318244267046,200,0,0.19098300562505258,2.23606797749979,50,200,2026-04-04T05:17:27.452646
2026-04-03_21-01-14,967,166.9857309821572,95,0,0.11085162209785109,7.0710678118654755,50,200,2026-04-04T05:17:42.417165
2026-04-03_21-01-14,968,423.1703479140054,191,1,0.3436426116838488,0.0,50,200,2026-04-04T05:18:00.364352
2026-04-03_21-01-14,969,87.26885889201445,77,0,0.06123616298862308,14.560219778561036,50,200,2026-04-04T05:18:13.353223
2026-04-03_21-01-14,970,73.29112450834367,88,0,0.05714122665284893,15.620499351813308,50,200,2026-04-04T05:18:26.645787
2026-04-03_21-01-14,971,99.74492788042605,109,0,0.07411934589058496,11.40175425099138,50,200,2026-04-04T05:18:40.593520
2026-04-03_21-01-14,972,438.3710466507032,179,1,0.35842293906810035,0.0,50,200,2026-04-04T05:18:56.747908
2026-04-03_21-01-14,973,438.0453342499006,171,1,0.36900369003690037,0.0,50,200,2026-04-04T05:19:13.271827
2026-04-03_21-01-14,974,292.4349487461405,200,0,0.08183611128016957,9.219544457292887,50,200,2026-04-04T05:19:29.573308
2026-04-03_21-01-14,975,126.7656790497689,96,0,0.08944908299440214,9.219544457292887,50,200,2026-04-04T05:19:43.899768
2026-04-03_21-01-14,976,423.21211591624615,114,1,0.4672897196261682,0.0,50,200,2026-04-04T05:19:59.044659
2026-04-03_21-01-14,977,434.5985612605291,155,1,0.3921568627450981,0.0,50,200,2026-04-04T05:20:46.998677
2026-04-03_21-01-14,978,-24.11882251484643,21,0,0.021138197986888017,46.09772228646444,50,200,2026-04-04T05:20:52.257861
2026-04-03_21-01-14,979,122.29015654051197,72,0,0.05341880341880342,17.0,50,200,2026-04-04T05:21:04.525199
2026-04-03_21-01-14,980,314.09427780156005,200,0,0.19098300562505258,2.23606797749979,50,200,2026-04-04T05:21:21.042533
2026-04-03_21-01-14,981,-111.96314694656442,3,0,0.016166155669603263,60.8276253029822,50,200,2026-04-04T05:21:23.379329
2026-04-03_21-01-14,982,432.2373819195767,194,1,0.3401360544217687,0.0,50,200,2026-04-04T05:21:40.441213
2026-04-03_21-01-14,983,-125.17177938423933,4,0,0.0157903930151224,62.289646009589745,50,200,2026-04-04T05:21:42.520965
2026-04-03_21-01-14,984,36.30555303502031,52,0,0.031123119086836886,30.610455730027933,50,200,2026-04-04T05:21:51.187243
2026-04-03_21-01-14,985,111.99750779051277,88,0,0.0738448607766137,11.661903789690601,50,200,2026-04-04T05:22:04.550213
2026-04-03_21-01-14,986,436.82051608064904,181,1,0.35587188612099646,0.0,50,200,2026-04-04T05:22:22.456202
2026-04-03_21-01-14,987,-21.29212217878751,25,0,0.021492930924515433,45.27692569068709,50,200,2026-04-04T05:22:27.938107
2026-04-03_21-01-14,988,148.77124135464072,112,0,0.07000092721535912,12.165525060596439,50,200,2026-04-04T05:22:42.249121
2026-04-03_21-01-14,989,25.206940530048897,36,0,0.026716981801139322,36.069377593742864,50,200,2026-04-04T05:22:49.766073
2026-04-03_21-01-14,990,-98.59665544632574,25,0,0.019387766092841114,50.32891812864648,50,200,2026-04-04T05:22:54.868777
2026-04-03_21-01-14,991,84.46508325347598,74,0,0.04547840770360985,20.248456731316587,50,200,2026-04-04T05:23:06.830466
2026-04-03_21-01-14,992,320.342377791379,200,0,0.13383054136359812,4.47213595499958,50,200,2026-04-04T05:23:25.135948
2026-04-03_21-01-14,993,248.74217163249563,200,0,0.06439164923068695,12.529964086141668,50,200,2026-04-04T05:24:04.011727
2026-04-03_21-01-14,994,316.2518285639939,200,0,0.12347173609369323,5.0990195135927845,50,200,2026-04-04T05:24:24.007730
2026-04-03_21-01-14,995,305.9936446218383,200,0,0.1715728752538099,2.8284271247461903,50,200,2026-04-04T05:24:42.210762
2026-04-03_21-01-14,996,299.0830736722032,200,0,0.19098300562505258,2.23606797749979,50,200,2026-04-04T05:25:01.175695
2026-04-03_21-01-14,997,292.66739620184995,200,0,0.07692307692307693,10.0,50,200,2026-04-04T05:25:20.308892
2026-04-03_21-01-14,998,410.79082847316727,163,1,0.3802281368821293,0.0,50,200,2026-04-04T05:25:37.416284
2026-04-03_21-01-14,999,-44.41161471524637,63,0,0.029342756170984415,32.449961479175904,50,200,2026-04-04T05:25:46.627514
2026-04-03_21-01-14,1000,342.6909694092013,200,0,0.25,1.0,50,200,2026-04-04T05:26:04.389985
2026-04-03_21-01-14,1001,-62.646236485035026,40,0,0.023162519017584707,41.773197148410844,50,200,2026-04-04T05:26:11.472561
2026-04-03_21-01-14,1002,200.02857070032843,125,0,0.22291236000336484,2.23606797749979,50,200,2026-04-04T05:26:27.664583
2026-04-03_21-01-14,1003,229.1070079722924,200,0,0.045400276460171245,19.026297590440446,50,200,2026-04-04T05:26:42.326044
2026-04-03_21-01-14,1004,424.48959435175453,153,1,0.39525691699604737,0.0,50,200,2026-04-04T05:27:00.475990
2026-04-03_21-01-14,1005,432.80004031655983,198,1,0.33557046979865773,0.0,50,200,2026-04-04T05:27:18.897853
2026-04-03_21-01-14,1006,92.93754444451505,81,0,0.0405559090637461,22.847319317591726,50,200,2026-04-04T05:27:30.191769
2026-04-03_21-01-14,1007,26.64366199867729,68,0,0.029000268859239557,32.802438933713454,50,200,2026-04-04T05:27:39.681280
2026-04-03_21-01-14,1008,30.18227163214874,43,0,0.02766779068929469,34.713109915419565,50,200,2026-04-04T05:27:47.845344
2026-04-03_21-01-14,1009,432.7771768814312,163,1,0.3802281368821293,0.0,50,200,2026-04-04T05:28:41.911967
2026-04-03_21-01-14,1010,120.20176517992579,102,0,0.05044264985243767,17.804493814764857,50,200,2026-04-04T05:28:54.856344
2026-04-03_21-01-14,1011,399.5365642209078,168,1,0.373134328358209,0.0,50,200,2026-04-04T05:29:11.195301
2026-04-03_21-01-14,1012,428.34807893340013,156,1,0.390625,0.0,50,200,2026-04-04T05:29:28.170684
2026-04-03_21-01-14,1013,421.1919686718696,166,1,0.37593984962406013,0.0,50,200,2026-04-04T05:29:45.057878
2026-04-03_21-01-14,1014,-78.14595198138252,32,0,0.019608239379980776,49.678969393496885,50,200,2026-04-04T05:29:49.979107
2026-04-03_21-01-14,1015,422.5790669020021,197,1,0.3367003367003367,0.0,50,200,2026-04-04T05:30:06.356415
2026-04-03_21-01-14,1016,426.35387316615675,145,1,0.4081632653061224,0.0,50,200,2026-04-04T05:30:22.723892
2026-04-03_21-01-14,1017,419.74669146450185,131,1,0.4329004329004329,0.0,50,200,2026-04-04T05:30:39.158123
2026-04-03_21-01-14,1018,424.91682128077133,129,1,0.4366812227074236,0.0,50,200,2026-04-04T05:30:55.665754
2026-04-03_21-01-14,1019,21.679866756877686,52,0,0.03004377948131895,31.76476034853718,50,200,2026-04-04T05:31:05.216231
2026-04-03_21-01-14,1020,16.49121923828838,32,0,0.025797603565014114,37.44329045369811,50,200,2026-04-04T05:31:12.632813
2026-04-03_21-01-14,1021,155.05177119227037,128,0,0.08695996643291473,9.219544457292887,50,200,2026-04-04T05:31:28.275349
2026-04-03_21-01-14,1022,-63.78326111188203,18,0,0.019414113833694634,50.32891812864648,50,200,2026-04-04T05:31:33.009249
2026-04-03_21-01-14,1023,196.25837853923093,122,0,0.2244130935724818,2.23606797749979,50,200,2026-04-04T05:31:49.898662
2026-04-03_21-01-14,1024,400.36937330990406,140,1,0.41666666666666663,0.0,50,200,2026-04-04T05:32:06.997259
2026-04-03_21-01-14,1025,-54.798222678164535,31,0,0.018891578925011046,51.62363799656123,50,200,2026-04-04T05:32:40.595493
2026-04-03_21-01-14,1026,-37.95445849795182,42,0,0.02138436557868258,45.34313619501854,50,200,2026-04-04T05:32:46.396487
2026-04-03_21-01-14,1027,421.50811882715755,153,1,0.39525691699604737,0.0,50,200,2026-04-04T05:33:03.253835
2026-04-03_21-01-14,1028,314.9828252604208,200,0,0.14038820320220757,4.123105625617661,50,200,2026-04-04T05:33:20.965930
2026-04-03_21-01-14,1029,98.4529341121572,85,0,0.042049117053172116,21.93171219946131,50,200,2026-04-04T05:33:33.461377
2026-04-03_21-01-14,1030,253.97746525383474,200,0,0.125,5.0,50,200,2026-04-04T05:33:52.305845
2026-04-03_21-01-14,1031,-73.2079833657747,18,0,0.019310117580335354,50.60632371551998,50,200,2026-04-04T05:33:57.261127
2026-04-03_21-01-14,1032,418.15700117000586,106,1,0.4854368932038835,0.0,50,200,2026-04-04T05:34:13.261967
2026-04-03_21-01-14,1033,420.41085161591434,167,1,0.37453183520599254,0.0,50,200,2026-04-04T05:34:30.300249
2026-04-03_21-01-14,1034,425.54690640617156,152,1,0.3968253968253968,0.0,50,200,2026-04-04T05:34:48.063685
2026-04-03_21-01-14,1035,88.88277075162257,81,0,0.04421129950343654,20.808652046684813,50,200,2026-04-04T05:34:59.614390
2026-04-03_21-01-14,1036,441.30083302248863,182,1,0.35460992907801414,0.0,50,200,2026-04-04T05:35:17.412024
2026-04-03_21-01-14,1037,432.18890003393665,177,1,0.36101083032490977,0.0,50,200,2026-04-04T05:35:34.887720
2026-04-03_21-01-14,1038,64.65186893534039,68,0,0.038815070365836424,24.08318915758459,50,200,2026-04-04T05:35:45.689874
2026-04-03_21-01-14,1039,431.4991369827102,182,1,0.35460992907801414,0.0,50,200,2026-04-04T05:36:02.764984
2026-04-03_21-01-14,1040,146.68711109065384,200,0,0.037037037037037035,24.0,50,200,2026-04-04T05:36:20.461730
2026-04-03_21-01-14,1041,423.70036993435986,187,1,0.3484320557491289,0.0,50,200,2026-04-04T05:37:12.101423
2026-04-03_21-01-14,1042,417.61223816686936,123,1,0.4484304932735426,0.0,50,200,2026-04-04T05:37:28.351256
2026-04-03_21-01-14,1043,35.02417186798911,43,0,0.031403274819643015,30.4138126514911,50,200,2026-04-04T05:37:37.274515
2026-04-03_21-01-14,1044,-52.53310508464091,15,0,0.018934959496550077,51.66236541235796,50,200,2026-04-04T05:37:41.429762
2026-04-03_21-01-14,1045,430.9848462278784,156,1,0.390625,0.0,50,200,2026-04-04T05:37:57.786307
2026-04-03_21-01-14,1046,433.1282849644643,169,1,0.3717472118959108,0.0,50,200,2026-04-04T05:38:14.049520
2026-04-03_21-01-14,1047,-45.29457817046387,22,0,0.019429028226224304,50.24937810560445,50,200,2026-04-04T05:38:19.083869
2026-04-03_21-01-14,1048,-38.72988409286827,25,0,0.019981819902823002,48.79549159502341,50,200,2026-04-04T05:38:24.072372
2026-04-03_21-01-14,1049,-10.83257403180204,32,0,0.02246905943836127,43.18564576337837,50,200,2026-04-04T05:38:30.249996
2026-04-03_21-01-14,1050,-102.91698382249916,1,0,0.015813927823395878,62.22539674441618,50,200,2026-04-04T05:38:32.249001
2026-04-03_21-01-14,1051,421.91498316258327,112,1,0.4716981132075471,0.0,50,200,2026-04-04T05:38:47.796410
2026-04-03_21-01-14,1052,-43.95577113926757,33,0,0.01964319278628227,49.57822102496216,50,200,2026-04-04T05:38:53.050326
2026-04-03_21-01-14,1053,434.3383283377467,179,1,0.35842293906810035,0.0,50,200,2026-04-04T05:39:09.783871
2026-04-03_21-01-14,1054,333.6605822560252,200,0,0.1715728752538099,2.8284271247461903,50,200,2026-04-04T05:39:26.723078
2026-04-03_21-01-14,1055,422.815369941777,143,1,0.41152263374485604,0.0,50,200,2026-04-04T05:39:44.280308
2026-04-03_21-01-14,1056,390.5337971591521,112,1,0.4716981132075471,0.0,50,200,2026-04-04T05:40:01.435708
2026-04-03_21-01-14,1057,393.4375816453069,153,1,0.39525691699604737,0.0,50,200,2026-04-04T05:40:41.424145
2026-04-03_21-01-14,1058,383.8788625364421,115,1,0.4651162790697674,0.0,50,200,2026-04-04T05:40:57.136686
2026-04-03_21-01-14,1059,429.7147182715252,161,1,0.38314176245210724,0.0,50,200,2026-04-04T05:41:14.713672
2026-04-03_21-01-14,1060,425.2841331639015,137,1,0.42194092827004215,0.0,50,200,2026-04-04T05:41:30.605607
2026-04-03_21-01-14,1061,436.5709334492089,188,1,0.3472222222222222,0.0,50,200,2026-04-04T05:41:47.385480
2026-04-03_21-01-14,1062,326.2275906924535,200,0,0.1715728752538099,2.8284271247461903,50,200,2026-04-04T05:42:04.089994
2026-04-03_21-01-14,1063,331.61702663047436,200,0,0.22654091966098644,1.4142135623730951,50,200,2026-04-04T05:42:21.656595
2026-04-03_21-01-14,1064,421.6069606252269,166,1,0.37593984962406013,0.0,50,200,2026-04-04T05:42:39.252610
2026-04-03_21-01-14,1065,421.7980841298871,191,1,0.3436426116838488,0.0,50,200,2026-04-04T05:42:55.200111
2026-04-03_21-01-14,1066,414.5152770494602,117,1,0.4608294930875576,0.0,50,200,2026-04-04T05:43:11.660511
2026-04-03_21-01-14,1067,321.56017865406545,200,0,0.19098300562505258,2.23606797749979,50,200,2026-04-04T05:43:28.898742
2026-04-03_21-01-14,1068,291.32090094015643,200,0,0.13383054136359812,4.47213595499958,50,200,2026-04-04T05:43:47.293284
2026-04-03_21-01-14,1069,52.821482535930656,54,0,0.03129517002889907,30.4138126514911,50,200,2026-04-04T05:43:56.724964
2026-04-03_21-01-14,1070,349.304270033095,200,0,0.25,1.0,50,200,2026-04-04T05:44:13.150622
2026-04-03_21-01-14,1071,326.6807591360178,200,0,0.2,2.0,50,200,2026-04-04T05:44:30.202465
2026-04-03_21-01-14,1072,422.0993352388422,174,1,0.36496350364963503,0.0,50,200,2026-04-04T05:44:47.168897
2026-04-03_21-01-14,1073,-52.97515183073624,34,0,0.021300607872818244,45.60701700396552,50,200,2026-04-04T05:45:34.974772
2026-04-03_21-01-14,1074,424.58700529221716,133,1,0.4291845493562232,0.0,50,200,2026-04-04T05:45:50.859952
2026-04-03_21-01-14,1075,399.60969972050043,136,1,0.42372881355932196,0.0,50,200,2026-04-04T05:46:07.846157
2026-04-03_21-01-14,1076,338.26685281387904,200,0,0.19098300562505258,2.23606797749979,50,200,2026-04-04T05:46:24.857683
2026-04-03_21-01-14,1077,110.43411753738374,67,0,0.047894159167481666,19.209372712298546,50,200,2026-04-04T05:46:36.281057
2026-04-03_21-01-14,1078,-129.13331081109874,21,0,0.01892733565053928,51.62363799656123,50,200,2026-04-04T05:46:40.843442
2026-04-03_21-01-14,1079,432.33348864611816,175,1,0.36363636363636365,0.0,50,200,2026-04-04T05:46:58.658237
2026-04-03_21-01-14,1080,338.49139811502994,200,0,0.19098300562505258,2.23606797749979,50,200,2026-04-04T05:47:15.680016
2026-04-03_21-01-14,1081,110.30944883484513,53,0,0.048217466066704864,19.209372712298546,50,200,2026-04-04T05:47:26.670419
2026-04-03_21-01-14,1082,-62.67383778151877,14,0,0.01869682763153268,52.3450093132096,50,200,2026-04-04T05:47:30.640813
2026-04-03_21-01-14,1083,145.59341058897112,83,0,0.08246994080908046,10.295630140987,50,200,2026-04-04T05:47:44.812817
2026-04-03_21-01-14,1084,180.602392061736,87,0,0.14556040756914118,5.0,50,200,2026-04-04T05:47:59.002189
2026-04-03_21-01-14,1085,-75.75699768029035,11,0,0.01733215876202096,56.586217403180434,50,200,2026-04-04T05:48:02.123237
2026-04-03_21-01-14,1086,20.186396397472805,44,0,0.02620880272604181,36.71511950137164,50,200,2026-04-04T05:48:10.121669
2026-04-03_21-01-14,1087,315.221890340177,200,0,0.19098300562505258,2.23606797749979,50,200,2026-04-04T05:48:26.523501
2026-04-03_21-01-14,1088,444.1415562523867,199,1,0.33444816053511706,0.0,50,200,2026-04-04T05:48:43.792834
2026-04-03_21-01-14,1089,73.20202188128123,100,0,0.044946937761863516,20.248456731316587,50,200,2026-04-04T05:49:22.286858
2026-04-03_21-01-14,1090,419.28883785656785,153,1,0.39525691699604737,0.0,50,200,2026-04-04T05:49:38.819307
2026-04-03_21-01-14,1091,3.603802879781952,65,0,0.02420659025561016,39.66106403010388,50,200,2026-04-04T05:49:47.112759
2026-04-03_21-01-14,1092,-72.98314860800411,14,0,0.01754204054141022,55.86591089385369,50,200,2026-04-04T05:49:50.499372
2026-04-03_21-01-14,1093,-2.2780212829717073,42,0,0.023446078193085376,41.23105625617661,50,200,2026-04-04T05:49:57.682260
2026-04-03_21-01-14,1094,109.40047760112122,124,0,0.0580046403712297,15.0,50,200,2026-04-04T05:50:12.902911
2026-04-03_21-01-14,1095,421.45066310864,165,1,0.3773584905660377,0.0,50,200,2026-04-04T05:50:30.112622
2026-04-03_21-01-14,1096,404.1874001488962,153,1,0.39525691699604737,0.0,50,200,2026-04-04T05:50:46.439627
2026-04-03_21-01-14,1097,342.18054591315234,200,0,0.2,2.0,50,200,2026-04-04T05:51:02.798629
2026-04-03_21-01-14,1098,342.1101582888708,200,0,0.25,1.0,50,200,2026-04-04T05:51:19.479890
2026-04-03_21-01-14,1099,14.83964352338684,54,0,0.02552123260740236,37.64306044943742,50,200,2026-04-04T05:51:27.477980
2026-04-03_21-01-14,1100,112.64692281703364,88,0,0.06459334721696808,13.601470508735444,50,200,2026-04-04T05:51:40.591919
2026-04-03_21-01-14,1101,406.50388171524827,107,1,0.48309178743961345,0.0,50,200,2026-04-04T05:51:56.448810
2026-04-03_21-01-14,1102,431.3770291383951,175,1,0.36363636363636365,0.0,50,200,2026-04-04T05:52:12.865450
2026-04-03_21-01-14,1103,437.5713644382449,166,1,0.37593984962406013,0.0,50,200,2026-04-04T05:52:30.031987
2026-04-03_21-01-14,1104,433.1298753665646,193,1,0.3412969283276451,0.0,50,200,2026-04-04T05:52:46.998834
2026-04-03_21-01-14,1105,-10.751488392134746,40,0,0.02702046351578916,35.608987629529715,50,200,2026-04-04T05:53:26.113983
2026-04-03_21-01-14,1106,330.9109185743163,200,0,0.19098300562505258,2.23606797749979,50,200,2026-04-04T05:53:42.491111
2026-04-03_21-01-14,1107,55.15751994170266,80,0,0.039368765245615236,23.600847442411894,50,200,2026-04-04T05:53:54.164950
2026-04-03_21-01-14,1108,116.88478452558765,104,0,0.04983118098494428,18.027756377319946,50,200,2026-04-04T05:54:07.949390
2026-04-03_21-01-14,1109,153.01139260461272,94,0,0.07495266223522994,11.40175425099138,50,200,2026-04-04T05:54:22.679694
2026-04-03_21-01-14,1110,298.97643033813665,200,0,0.11925824035672519,5.385164807134504,50,200,2026-04-04T05:54:39.987998
2026-04-03_21-01-14,1111,383.70034357700297,184,1,0.35211267605633806,0.0,50,200,2026-04-04T05:54:57.388804
2026-04-03_21-01-14,1112,434.4239434588359,162,1,0.38167938931297707,0.0,50,200,2026-04-04T05:55:14.459834
2026-04-03_21-01-14,1113,433.6041054478904,155,1,0.3921568627450981,0.0,50,200,2026-04-04T05:55:29.797216
2026-04-03_21-01-14,1114,129.44942502699536,143,0,0.13458950201884254,5.0,50,200,2026-04-04T05:55:45.548700
2026-04-03_21-01-14,1115,88.91162493154756,60,0,0.05183547871715672,17.69180601295413,50,200,2026-04-04T05:55:56.935897
2026-04-03_21-01-14,1116,285.83077489567216,200,0,0.25,1.0,50,200,2026-04-04T05:56:14.100490
2026-04-03_21-01-14,1117,420.6845244897738,100,1,0.5,0.0,50,200,2026-04-04T05:56:29.585644
2026-04-03_21-01-14,1118,423.90177683819184,128,1,0.43859649122807015,0.0,50,200,2026-04-04T05:56:45.428611
2026-04-03_21-01-14,1119,434.17394046355355,164,1,0.3787878787878788,0.0,50,200,2026-04-04T05:57:01.177134
2026-04-03_21-01-14,1120,31.88563324516626,50,0,0.03355485871194969,28.30194339616981,50,200,2026-04-04T05:57:10.318836
2026-04-03_21-01-14,1121,-60.77740402927125,12,0,0.019466850424862337,50.24937810560445,50,200,2026-04-04T05:57:46.707289
2026-04-03_21-01-14,1122,27.944382793180324,41,0,0.027294192983632424,35.22782990761707,50,200,2026-04-04T05:57:54.644951
2026-04-03_21-01-14,1123,432.1103191929411,187,1,0.3484320557491289,0.0,50,200,2026-04-04T05:58:11.976302
2026-04-03_21-01-14,1124,413.99875886788107,127,1,0.44052863436123346,0.0,50,200,2026-04-04T05:58:30.339749
2026-04-03_21-01-14,1125,429.87368136663133,180,1,0.35714285714285715,0.0,50,200,2026-04-04T05:58:46.359505
2026-04-03_21-01-14,1126,38.71382350730761,41,0,0.028858746018233645,33.24154027718932,50,200,2026-04-04T05:58:54.315631
2026-04-03_21-01-14,1127,342.07366227838156,200,0,0.25,1.0,50,200,2026-04-04T05:59:10.928177
2026-04-03_21-01-14,1128,305.82224660915745,200,0,0.110098661796365,6.082762530298219,50,200,2026-04-04T05:59:26.756841
2026-04-03_21-01-14,1129,424.64352372722016,127,1,0.44052863436123346,0.0,50,200,2026-04-04T05:59:43.492598
2026-04-03_21-01-14,1130,135.2556583916466,81,0,0.06368435389241843,13.892443989449804,50,200,2026-04-04T05:59:55.904869
2026-04-03_21-01-14,1131,392.08587865605443,123,1,0.4484304932735426,0.0,50,200,2026-04-04T06:00:11.864938
2026-04-03_21-01-14,1132,-150.19443321969834,17,0,0.01731415326283008,56.586217403180434,50,200,2026-04-04T06:00:15.211566
2026-04-03_21-01-14,1133,-18.209728977358523,37,0,0.02177542020457073,44.553338819890925,50,200,2026-04-04T06:00:20.913058
2026-04-03_21-01-14,1134,76.57262761543731,98,0,0.058777557138849794,15.033296378372908,50,200,2026-04-04T06:00:34.984464
2026-04-03_21-01-14,1135,-79.92068344844465,21,0,0.02119659899613585,45.967379738244816,50,200,2026-04-04T06:00:40.236912
2026-04-03_21-01-14,1136,188.08896115689618,159,0,0.1845554026984984,2.8284271247461903,50,200,2026-04-04T06:00:57.244759
2026-04-03_21-01-14,1137,272.81841889674837,200,0,0.07662908283827055,10.04987562112089,50,200,2026-04-04T06:01:38.293439
2026-04-03_21-01-14,1138,-70.45797978689933,19,0,0.019697361455866483,49.57822102496216,50,200,2026-04-04T06:01:42.928216
2026-04-03_21-01-14,1139,-103.65385204793272,18,0,0.017904542661943485,54.67174773134658,50,200,2026-04-04T06:01:46.818261
2026-04-03_21-01-14,1140,330.07462929347366,200,0,0.19098300562505258,2.23606797749979,50,200,2026-04-04T06:02:03.896201
2026-04-03_21-01-14,1141,-12.62711285503542,28,0,0.023523292245995555,41.23105625617661,50,200,2026-04-04T06:02:10.370049
2026-04-03_21-01-14,1142,184.88049481646812,170,0,0.12987012987012986,5.0,50,200,2026-04-04T06:02:27.122369
2026-04-03_21-01-14,1143,84.87943450860284,69,0,0.042333933779059627,21.93171219946131,50,200,2026-04-04T06:02:38.561601
2026-04-03_21-01-14,1144,426.7389964648396,138,1,0.42016806722689076,0.0,50,200,2026-04-04T06:02:56.136198
2026-04-03_21-01-14,1145,-7.432714545662563,30,0,0.022820326107334067,42.5205832509386,50,200,2026-04-04T06:03:02.192943
2026-04-03_21-01-14,1146,312.4330440526527,200,0,0.19098300562505258,2.23606797749979,50,200,2026-04-04T06:03:20.173545
2026-04-03_21-01-14,1147,-58.45210643288225,28,0,0.021691094251294805,44.82186966202994,50,200,2026-04-04T06:03:25.956325
2026-04-03_21-01-14,1148,427.1814451344846,169,1,0.3717472118959108,0.0,50,200,2026-04-04T06:03:43.240644
2026-04-03_21-01-14,1149,21.62996073262758,39,0,0.02730910058086169,35.22782990761707,50,200,2026-04-04T06:03:50.961611
2026-04-03_21-01-14,1150,431.1929113611324,173,1,0.3663003663003663,0.0,50,200,2026-04-04T06:04:08.379671
2026-04-03_21-01-14,1151,3.87443827859947,35,0,0.0240532804857372,40.22437072223753,50,200,2026-04-04T06:04:15.317464
2026-04-03_21-01-14,1152,306.94140465437863,200,0,0.09929433687476769,7.0710678118654755,50,200,2026-04-04T06:04:34.015562
2026-04-03_21-01-14,1153,342.3739882365372,200,0,0.25,1.0,50,200,2026-04-04T06:05:17.563178
2026-04-03_21-01-14,1154,126.04004481666752,114,0,0.1216136300075946,6.082762530298219,50,200,2026-04-04T06:05:32.749488
2026-04-03_21-01-14,1155,439.7973331481306,200,1,0.3333333333333333,0.0,50,200,2026-04-04T06:05:50.989895
2026-04-03_21-01-14,1156,255.18959107320464,200,0,0.08295048134434817,9.055385138137417,50,200,2026-04-04T06:06:09.051944
2026-04-03_21-01-14,1157,428.6832367147151,200,1,0.3333333333333333,0.0,50,200,2026-04-04T06:06:26.519943
2026-04-03_21-01-14,1158,430.8490070211227,157,1,0.3891050583657587,0.0,50,200,2026-04-04T06:06:43.645133
2026-04-03_21-01-14,1159,178.75233826723874,119,0,0.10637050224511065,7.211102550927978,50,200,2026-04-04T06:06:59.914832
2026-04-03_21-01-14,1160,429.3905500144689,168,1,0.373134328358209,0.0,50,200,2026-04-04T06:07:17.447203
2026-04-03_21-01-14,1161,-110.46388013535987,5,0,0.01672850989337824,58.728187440104094,50,200,2026-04-04T06:07:20.310686
2026-04-03_21-01-14,1162,95.46095243040355,70,0,0.04608294930875576,20.0,50,200,2026-04-04T06:07:33.510305
2026-04-03_21-01-14,1163,-35.969584517252315,44,0,0.023435088974514212,41.23105625617661,50,200,2026-04-04T06:07:41.079026
2026-04-03_21-01-14,1164,315.99778498908825,200,0,0.11925824035672519,5.385164807134504,50,200,2026-04-04T06:07:57.585813
2026-04-03_21-01-14,1165,115.11075730389818,86,0,0.05839641963886859,15.264337522473747,50,200,2026-04-04T06:08:10.688634
2026-04-03_21-01-14,1166,329.86680720234176,200,0,0.1513878188659973,3.605551275463989,50,200,2026-04-04T06:08:27.470218
2026-04-03_21-01-14,1167,-79.70042897484439,22,0,0.017977243028197615,54.405882034941776,50,200,2026-04-04T06:08:31.893657
2026-04-03_21-01-14,1168,283.5466082990565,200,0,0.11925824035672519,5.385164807134504,50,200,2026-04-04T06:08:48.686827
2026-04-03_21-01-14,1169,303.4185731646895,200,0,0.09090909090909091,8.0,50,200,2026-04-04T06:09:39.174294
2026-04-03_21-01-14,1170,331.1617112321072,200,0,0.19098300562505258,2.23606797749979,50,200,2026-04-04T06:09:57.083615
2026-04-03_21-01-14,1171,271.58022706658977,200,0,0.07142857142857142,11.0,50,200,2026-04-04T06:10:13.035923
2026-04-03_21-01-14,1172,432.2913041344544,172,1,0.36764705882352944,0.0,50,200,2026-04-04T06:10:29.935113
2026-04-03_21-01-14,1173,330.59154389176683,200,0,0.19098300562505258,2.23606797749979,50,200,2026-04-04T06:10:47.539481
2026-04-03_21-01-14,1174,141.1286265766559,128,0,0.07150671851267075,11.704699910719626,50,200,2026-04-04T06:11:02.978643
2026-04-03_21-01-14,1175,441.8570048843626,191,1,0.3436426116838488,0.0,50,200,2026-04-04T06:11:19.579761
2026-04-03_21-01-14,1176,430.641389976734,186,1,0.34965034965034963,0.0,50,200,2026-04-04T06:11:35.895376
2026-04-03_21-01-14,1177,331.49982126625395,200,0,0.19098300562505258,2.23606797749979,50,200,2026-04-04T06:11:53.702791
2026-04-03_21-01-14,1178,407.41338977486964,171,1,0.36900369003690037,0.0,50,200,2026-04-04T06:12:13.046642
2026-04-03_21-01-14,1179,421.57313777225966,142,1,0.4132231404958678,0.0,50,200,2026-04-04T06:12:30.278609
2026-04-03_21-01-14,1180,431.08646101125214,185,1,0.3508771929824561,0.0,50,200,2026-04-04T06:12:46.799766
2026-04-03_21-01-14,1181,50.357381831440506,55,0,0.03169572107765452,30.0,50,200,2026-04-04T06:12:56.086632
2026-04-03_21-01-14,1182,-73.52175138972399,12,0,0.01751521831039728,55.97320787662612,50,200,2026-04-04T06:12:59.603077
2026-04-03_21-01-14,1183,404.39093274721074,176,1,0.3623188405797102,0.0,50,200,2026-04-04T06:13:18.800045
2026-04-03_21-01-14,1184,-17.62919354877768,25,0,0.02181110411872349,44.598206241955516,50,200,2026-04-04T06:13:24.734544
2026-04-03_21-01-14,1185,99.52233731928207,87,0,0.0420137842025765,21.93171219946131,50,200,2026-04-04T06:14:15.301898
2026-04-03_21-01-14,1186,425.3986760964769,111,1,0.4739336492890995,0.0,50,200,2026-04-04T06:14:31.011838
2026-04-03_21-01-14,1187,38.47731313925004,53,0,0.028759151651847177,33.24154027718932,50,200,2026-04-04T06:14:39.414581
2026-04-03_21-01-14,1188,-96.54166862935016,14,0,0.016703361881474414,58.728187440104094,50,200,2026-04-04T06:14:42.191771
2026-04-03_21-01-14,1189,80.22718104251277,73,0,0.04666853053772829,19.697715603592208,50,200,2026-04-04T06:14:54.295566
2026-04-03_21-01-14,1190,431.682797682413,182,1,0.35460992907801414,0.0,50,200,2026-04-04T06:15:10.608587
2026-04-03_21-01-14,1191,58.32112031435838,71,0,0.042257392617955,21.95449840010015,50,200,2026-04-04T06:15:23.031734
2026-04-03_21-01-14,1192,-12.251444156570457,36,0,0.023912085792406508,40.45985664828782,50,200,2026-04-04T06:15:30.450542
2026-04-03_21-01-14,1193,78.37026302620512,79,0,0.03871222908921692,24.041630560342615,50,200,2026-04-04T06:15:42.038095
2026-04-03_21-01-14,1194,327.0894464118098,200,0,0.1715728752538099,2.8284271247461903,50,200,2026-04-04T06:15:59.861796
2026-04-03_21-01-14,1195,414.3892282478219,117,1,0.4608294930875576,0.0,50,200,2026-04-04T06:16:17.545194
2026-04-03_21-01-14,1196,430.3697848740995,153,1,0.39525691699604737,0.0,50,200,2026-04-04T06:16:35.107440
2026-04-03_21-01-14,1197,39.21130799059527,60,0,0.03507879809013559,26.90724809414742,50,200,2026-04-04T06:16:45.092057
2026-04-03_21-01-14,1198,437.2794364363875,191,1,0.3436426116838488,0.0,50,200,2026-04-04T06:17:01.589120
2026-04-03_21-01-14,1199,393.16904207705255,133,1,0.4291845493562232,0.0,50,200,2026-04-04T06:17:18.248958
2026-04-03_21-01-14,1200,53.92325392592332,76,0,0.04126739592049018,22.47220505424423,50,200,2026-04-04T06:17:30.701072
2026-04-03_21-01-14,1201,274.43639150009744,200,0,0.07052017144395645,11.180339887498949,50,200,2026-04-04T06:18:15.272375
2026-04-03_21-01-14,1202,431.4255601274436,173,1,0.3663003663003663,0.0,50,200,2026-04-04T06:18:32.402920
2026-04-03_21-01-14,1203,-23.9582155615159,39,0,0.021702422229844236,44.68780594300866,50,200,2026-04-04T06:18:40.746209
2026-04-03_21-01-14,1204,159.1650753353196,133,0,0.08110300081103,10.0,50,200,2026-04-04T06:18:56.859042
2026-04-03_21-01-14,1205,130.39632901584912,137,0,0.10014247163424668,7.615773105863909,50,200,2026-04-04T06:19:15.568437
2026-04-03_21-01-14,1206,54.01568630007745,42,0,0.03279883939319491,29.068883707497267,50,200,2026-04-04T06:19:25.078094
2026-04-03_21-01-14,1207,39.273898365730744,95,0,0.034924336965680716,26.68332812825267,50,200,2026-04-04T06:19:39.019164
2026-04-03_21-01-14,1208,14.797825702715357,70,0,0.031028269036978934,30.528675044947494,50,200,2026-04-04T06:19:48.681550
2026-04-03_21-01-14,1209,14.447280737184244,81,0,0.03352571342931155,28.0178514522438,50,200,2026-04-04T06:20:01.300192
2026-04-03_21-01-14,1210,312.0134209342028,200,0,0.13807118745769836,4.242640687119285,50,200,2026-04-04T06:20:20.591450
2026-04-03_21-01-14,1211,-84.86640744432401,12,0,0.016875424836659655,58.137767414994535,50,200,2026-04-04T06:20:23.741042
2026-04-03_21-01-14,1212,75.03255127054558,70,0,0.03884757795959489,24.041630560342615,50,200,2026-04-04T06:20:37.378336
2026-04-03_21-01-14,1213,330.6778843052995,200,0,0.19098300562505258,2.23606797749979,50,200,2026-04-04T06:20:55.039042
2026-04-03_21-01-14,1214,58.45055920435142,62,0,0.032585088774529154,29.068883707497267,50,200,2026-04-04T06:21:05.467437
2026-04-03_21-01-14,1215,42.44560618195551,49,0,0.030492498040711465,31.304951684997057,50,200,2026-04-04T06:21:15.002431
2026-04-03_21-01-14,1216,299.6888246195177,200,0,0.19098300562505258,2.23606797749979,50,200,2026-04-04T06:21:31.089521
2026-04-03_21-01-14,1217,436.56105268148787,169,1,0.3717472118959108,0.0,50,200,2026-04-04T06:22:15.491475
2026-04-03_21-01-14,1218,327.1075755464289,200,0,0.19098300562505258,2.23606797749979,50,200,2026-04-04T06:22:34.732723
2026-04-03_21-01-14,1219,-85.43047436466502,21,0,0.019121131933733097,51.088159097779204,50,200,2026-04-04T06:22:39.336982
2026-04-03_21-01-14,1220,-60.99433273980841,26,0,0.019138684504402707,50.99019513592785,50,200,2026-04-04T06:22:44.339104
2026-04-03_21-01-14,1221,422.84629262817936,181,1,0.35587188612099646,0.0,50,200,2026-04-04T06:23:01.828477
2026-04-03_21-01-14,1222,429.7768425120066,148,1,0.40322580645161293,0.0,50,200,2026-04-04T06:23:19.196404
2026-04-03_21-01-14,1223,306.69268607399175,200,0,0.11925824035672519,5.385164807134504,50,200,2026-04-04T06:23:36.620780
2026-04-03_21-01-14,1224,332.7657386951753,200,0,0.1715728752538099,2.8284271247461903,50,200,2026-04-04T06:23:53.399676
2026-04-03_21-01-14,1225,-37.010626011897386,35,0,0.020220789227134495,48.104053883222775,50,200,2026-04-04T06:23:59.085927
2026-04-03_21-01-14,1226,64.95350466003897,54,0,0.034248178237105596,27.65863337187866,50,200,2026-04-04T06:24:09.076337
2026-04-03_21-01-14,1227,428.100422377525,138,1,0.42016806722689076,0.0,50,200,2026-04-04T06:24:25.286524
2026-04-03_21-01-14,1228,196.31728813542227,138,0,0.21663459136094265,2.23606797749979,50,200,2026-04-04T06:24:42.044167
2026-04-03_21-01-14,1229,339.23937916579075,200,0,0.19098300562505258,2.23606797749979,50,200,2026-04-04T06:24:58.947680
2026-04-03_21-01-14,1230,179.96542138530057,119,0,0.1208786057060859,6.082762530298219,50,200,2026-04-04T06:25:14.756342
2026-04-03_21-01-14,1231,54.400753525738,43,0,0.03158316995613265,30.23243291566195,50,200,2026-04-04T06:25:24.188678
2026-04-03_21-01-14,1232,431.97309063614034,192,1,0.3424657534246575,0.0,50,200,2026-04-04T06:25:41.695012
2026-04-03_21-01-14,1233,427.82032390074005,145,1,0.4081632653061224,0.0,50,200,2026-04-04T06:26:33.365188
2026-04-03_21-01-14,1234,430.75843886059516,151,1,0.39840637450199207,0.0,50,200,2026-04-04T06:26:50.373533
2026-04-03_21-01-14,1235,-116.91555900469461,9,0,0.017557440207806658,55.86591089385369,50,200,2026-04-04T06:26:53.671655
2026-04-03_21-01-14,1236,319.25304531870484,200,0,0.19098300562505258,2.23606797749979,50,200,2026-04-04T06:27:09.242373
2026-04-03_21-01-14,1237,334.7050335646108,200,0,0.25,1.0,50,200,2026-04-04T06:27:26.473319
2026-04-03_21-01-14,1238,165.0003964570002,109,0,0.14104372355430184,5.0,50,200,2026-04-04T06:27:41.801682
2026-04-03_21-01-14,1239,111.99863565641901,64,0,0.05542862564457386,16.401219466856727,50,200,2026-04-04T06:27:53.457758
2026-04-03_21-01-14,1240,134.10901503441005,107,0,0.10695061468170072,7.280109889280518,50,200,2026-04-04T06:28:08.748928
2026-04-03_21-01-14,1241,429.81508575573923,132,1,0.43103448275862066,0.0,50,200,2026-04-04T06:28:24.764819
2026-04-03_21-01-14,1242,127.16515594984496,77,0,0.07721805054439589,11.180339887498949,50,200,2026-04-04T06:28:39.593105
2026-04-03_21-01-14,1243,431.3097951394638,144,1,0.4098360655737705,0.0,50,200,2026-04-04T06:28:57.014292
2026-04-03_21-01-14,1244,337.43597908863603,200,0,0.19098300562505258,2.23606797749979,50,200,2026-04-04T06:29:14.244924
2026-04-03_21-01-14,1245,-26.659751760646458,30,0,0.024390918232469094,39.698866482558415,50,200,2026-04-04T06:29:21.519606
2026-04-03_21-01-14,1246,-65.98510284023668,9,0,0.01796884119685621,54.56189146281496,50,200,2026-04-04T06:29:25.192981
2026-04-03_21-01-14,1247,-84.32261309791,15,0,0.017973156080234833,54.48853090330111,50,200,2026-04-04T06:29:29.480235
2026-04-03_21-01-14,1248,122.98518512402181,94,0,0.0595023152073893,14.866068747318506,50,200,2026-04-04T06:29:43.891334
2026-04-03_21-01-14,1249,437.67958123903225,184,1,0.35211267605633806,0.0,50,200,2026-04-04T06:30:29.237477
2026-04-03_21-01-14,1250,431.4148729164008,180,1,0.35714285714285715,0.0,50,200,2026-04-04T06:30:46.398542
2026-04-03_21-01-14,1251,316.57512143398736,200,0,0.19098300562505258,2.23606797749979,50,200,2026-04-04T06:31:04.423028
2026-04-03_21-01-14,1252,-21.763182413429035,37,0,0.02223682009511826,43.60045871318328,50,200,2026-04-04T06:31:11.488702
2026-04-03_21-01-14,1253,436.04033430075697,151,1,0.39840637450199207,0.0,50,200,2026-04-04T06:31:28.649993
2026-04-03_21-01-14,1254,115.53931612438386,61,0,0.05035680923759589,18.24828759089466,50,200,2026-04-04T06:31:41.537632
2026-04-03_21-01-14,1255,-96.67475301695342,5,0,0.01614806483064584,60.876925020897694,50,200,2026-04-04T06:31:44.093444
2026-04-03_21-01-14,1256,338.1206396920633,200,0,0.2,2.0,50,200,2026-04-04T06:32:00.543311
2026-04-03_21-01-14,1257,424.51251990380285,171,1,0.36900369003690037,0.0,50,200,2026-04-04T06:32:17.559420
2026-04-03_21-01-14,1258,-67.30413557310447,27,0,0.020977364339723296,46.400431032480725,50,200,2026-04-04T06:32:23.778096
2026-04-03_21-01-14,1259,424.2412428198286,132,1,0.43103448275862066,0.0,50,200,2026-04-04T06:32:41.247677
2026-04-03_21-01-14,1260,330.27171792471034,200,0,0.1715728752538099,2.8284271247461903,50,200,2026-04-04T06:32:57.029558
2026-04-03_21-01-14,1261,41.86020884972294,40,0,0.02932932734343945,32.69556544854363,50,200,2026-04-04T06:33:06.363283
2026-04-03_21-01-14,1262,434.32814029338743,193,1,0.3412969283276451,0.0,50,200,2026-04-04T06:33:23.364987
2026-04-03_21-01-14,1263,423.6080618036538,168,1,0.373134328358209,0.0,50,200,2026-04-04T06:33:41.119538
2026-04-03_21-01-14,1264,430.76993285947236,146,1,0.4065040650406504,0.0,50,200,2026-04-04T06:33:57.297580
2026-04-03_21-01-14,1265,441.041285303583,194,1,0.3401360544217687,0.0,50,200,2026-04-04T06:34:49.962434
2026-04-03_21-01-14,1266,-52.07545438044615,37,0,0.020498911375124006,47.41307836451879,50,200,2026-04-04T06:34:57.028954
2026-04-03_21-01-14,1267,296.5118675420164,200,0,0.09929433687476769,7.0710678118654755,50,200,2026-04-04T06:35:15.362052
2026-04-03_21-01-14,1268,434.3096053200477,183,1,0.35335689045936397,0.0,50,200,2026-04-04T06:35:34.641778
2026-04-03_21-01-14,1269,421.25555180175303,126,1,0.4424778761061947,0.0,50,200,2026-04-04T06:35:51.781684
2026-04-03_21-01-14,1270,426.79329254765133,130,1,0.4347826086956522,0.0,50,200,2026-04-04T06:36:09.493766
2026-04-03_21-01-14,1271,302.1457768867438,200,0,0.08295048134434817,9.055385138137417,50,200,2026-04-04T06:36:27.783700
2026-04-03_21-01-14,1272,283.69726866829495,200,0,0.07662908283827055,10.04987562112089,50,200,2026-04-04T06:36:45.547183
2026-04-03_21-01-14,1273,330.6488335997197,200,0,0.1715728752538099,2.8284271247461903,50,200,2026-04-04T06:37:03.121047
2026-04-03_21-01-14,1274,46.560344597635066,50,0,0.0305427457803611,31.240998703626616,50,200,2026-04-04T06:37:12.072943
2026-04-03_21-01-14,1275,321.1744754043889,200,0,0.1715728752538099,2.8284271247461903,50,200,2026-04-04T06:37:29.314368
2026-04-03_21-01-14,1276,305.2039444147324,200,0,0.1715728752538099,2.8284271247461903,50,200,2026-04-04T06:37:47.101281
2026-04-03_21-01-14,1277,434.0335103588432,175,1,0.36363636363636365,0.0,50,200,2026-04-04T06:38:05.930066
2026-04-03_21-01-14,1278,22.090942097452015,68,0,0.03002752629189002,31.622776601683793,50,200,2026-04-04T06:38:17.445310
2026-04-03_21-01-14,1279,426.10758344822733,152,1,0.3968253968253968,0.0,50,200,2026-04-04T06:38:34.397553
2026-04-03_21-01-14,1280,-102.43482982748127,5,0,0.01598149888074085,61.5223536610881,50,200,2026-04-04T06:38:36.803955
2026-04-03_21-01-14,1281,335.33111073273,200,0,0.19098300562505258,2.23606797749979,50,200,2026-04-04T06:39:34.195182
2026-04-03_21-01-14,1282,422.79227771613307,122,1,0.4504504504504505,0.0,50,200,2026-04-04T06:39:51.465945
2026-04-03_21-01-14,1283,424.94850166921464,110,1,0.47619047619047616,0.0,50,200,2026-04-04T06:40:07.138631
2026-04-03_21-01-14,1284,-103.32721600901561,5,0,0.01616093046724928,60.8276253029822,50,200,2026-04-04T06:40:09.591630
2026-04-03_21-01-14,1285,441.9966845059175,194,1,0.3401360544217687,0.0,50,200,2026-04-04T06:40:27.364143
2026-04-03_21-01-14,1286,421.2699411172217,145,1,0.4081632653061224,0.0,50,200,2026-04-04T06:40:45.222463
2026-04-03_21-01-14,1287,169.23762474980572,91,0,0.0951264325063378,8.602325267042627,50,200,2026-04-04T06:40:59.433835
2026-04-03_21-01-14,1288,-122.07967900182489,5,0,0.016165225890640216,60.81118318204309,50,200,2026-04-04T06:41:02.238739
2026-04-03_21-01-14,1289,-24.42800037947002,38,0,0.021282474686903488,45.60701700396552,50,200,2026-04-04T06:41:09.493088
2026-04-03_21-01-14,1290,-72.62855968479538,32,0,0.020165326012288622,48.27007354458868,50,200,2026-04-04T06:41:15.089453
2026-04-03_21-01-14,1291,274.083672386049,200,0,0.19098300562505258,2.23606797749979,50,200,2026-04-04T06:41:31.838292
2026-04-03_21-01-14,1292,419.36523388934467,108,1,0.4807692307692307,0.0,50,200,2026-04-04T06:41:48.987008
2026-04-03_21-01-14,1293,271.29629877515885,200,0,0.1715728752538099,2.8284271247461903,50,200,2026-04-04T06:42:06.903026
2026-04-03_21-01-14,1294,273.29381441468263,200,0,0.19098300562505258,2.23606797749979,50,200,2026-04-04T06:42:24.773231
2026-04-03_21-01-14,1295,300.65027675502245,200,0,0.2,2.0,50,200,2026-04-04T06:42:40.702645
2026-04-03_21-01-14,1296,294.01145267846465,200,0,0.08891883476670036,8.246211251235321,50,200,2026-04-04T06:42:56.413836
2026-04-03_21-01-14,1297,340.3016226591896,200,0,0.1715728752538099,2.8284271247461903,50,200,2026-04-04T06:43:48.926237
2026-04-03_21-01-14,1298,-59.31625940269425,13,0,0.018384550995949888,53.2634959423431,50,200,2026-04-04T06:43:53.118934
2026-04-03_21-01-14,1299,431.1716642582804,139,1,0.41841004184100417,0.0,50,200,2026-04-04T06:44:08.642989
2026-04-03_21-01-14,1300,-81.71967471314503,15,0,0.018415958998034745,53.150729063673246,50,200,2026-04-04T06:44:13.456275
2026-04-03_21-01-14,1301,-77.04320976845712,13,0,0.017310259508850383,56.639209034025185,50,200,2026-04-04T06:44:18.200013
2026-04-03_21-01-14,1302,-35.347067849227926,25,0,0.020261760105180257,48.104053883222775,50,200,2026-04-04T06:44:23.884271
2026-04-03_21-01-14,1303,330.58967491445446,200,0,0.1513878188659973,3.605551275463989,50,200,2026-04-04T06:44:43.329623
2026-04-03_21-01-14,1304,417.6023345678269,126,1,0.4424778761061947,0.0,50,200,2026-04-04T06:44:59.410333
2026-04-03_21-01-14,1305,162.31148552867148,82,0,0.08532790921526857,9.899494936611665,50,200,2026-04-04T06:45:12.638846
2026-04-03_21-01-14,1306,428.80102645347966,138,1,0.42016806722689076,0.0,50,200,2026-04-04T06:45:29.153713
2026-04-03_21-01-14,1307,148.19230411261913,79,0,0.07208222346436118,12.083045973594572,50,200,2026-04-04T06:45:43.117960
2026-04-03_21-01-14,1308,338.0984562057547,200,0,0.1715728752538099,2.8284271247461903,50,200,2026-04-04T06:45:59.312276
2026-04-03_21-01-14,1309,439.2650500910258,170,1,0.37037037037037035,0.0,50,200,2026-04-04T06:46:15.226576
2026-04-03_21-01-14,1310,428.2175962148449,183,1,0.35335689045936397,0.0,50,200,2026-04-04T06:46:32.947540
2026-04-03_21-01-14,1311,322.31483375907254,200,0,0.2,2.0,50,200,2026-04-04T06:46:48.959693
2026-04-03_21-01-14,1312,421.51697945324526,106,1,0.4854368932038835,0.0,50,200,2026-04-04T06:47:05.086455
2026-04-03_21-01-14,1313,65.35285766095836,49,0,0.03860540114521797,24.413111231467404,50,200,2026-04-04T06:47:44.569264
2026-04-03_21-01-14,1314,343.7455914157226,200,0,0.19098300562505258,2.23606797749979,50,200,2026-04-04T06:48:00.171265
2026-04-03_21-01-14,1315,344.29591352236974,200,0,0.19098300562505258,2.23606797749979,50,200,2026-04-04T06:48:15.288983
2026-04-03_21-01-14,1316,29.762489620334577,28,0,0.027296048724446006,35.35533905932738,50,200,2026-04-04T06:48:22.871045
2026-04-03_21-01-14,1317,-104.0440487706653,8,0,0.015792433033627304,62.24146527838174,50,200,2026-04-04T06:48:25.032769
2026-04-03_21-01-14,1318,-139.75333827569216,8,0,0.016343010848726497,60.108235708594876,50,200,2026-04-04T06:48:27.495538
2026-04-03_21-01-14,1319,220.64136225073077,143,0,0.26013122938536326,1.4142135623730951,50,200,2026-04-04T06:48:43.317235
2026-04-03_21-01-14,1320,334.9518594582297,200,0,0.19098300562505258,2.23606797749979,50,200,2026-04-04T06:49:01.363804
2026-04-03_21-01-14,1321,-8.727694946070855,28,0,0.023631405434697498,41.036569057366385,50,200,2026-04-04T06:49:07.941527
2026-04-03_21-01-14,1322,-78.78948738760432,17,0,0.018633209722211712,52.49761899362675,50,200,2026-04-04T06:49:12.012523
2026-04-03_21-01-14,1323,421.0821992926444,94,1,0.5154639175257733,0.0,50,200,2026-04-04T06:49:27.922190
2026-04-03_21-01-14,1324,423.0596735016564,112,1,0.4716981132075471,0.0,50,200,2026-04-04T06:49:44.064631
2026-04-03_21-01-14,1325,2.8512944334474213,57,0,0.027975146335164104,34.17601498127012,50,200,2026-04-04T06:49:53.664807
2026-04-03_21-01-14,1326,418.61968936812065,112,1,0.4716981132075471,0.0,50,200,2026-04-04T06:50:10.128131
2026-04-03_21-01-14,1327,-125.81667262019312,3,0,0.015463213637070825,63.63961030678928,50,200,2026-04-04T06:50:12.384445
2026-04-03_21-01-14,1328,429.8290920018624,140,1,0.41666666666666663,0.0,50,200,2026-04-04T06:50:27.999487
2026-04-03_21-01-14,1329,438.704177105496,154,1,0.39370078740157477,0.0,50,200,2026-04-04T06:51:06.334336
2026-04-03_21-01-14,1330,418.9765535607229,77,1,0.5649717514124294,0.0,50,200,2026-04-04T06:51:21.174179
2026-04-03_21-01-14,1331,-56.82909012168257,19,0,0.019193236028924376,50.91168824543142,50,200,2026-04-04T06:51:25.912973
2026-04-03_21-01-14,1332,432.5099484613536,132,1,0.43103448275862066,0.0,50,200,2026-04-04T06:51:41.184059
2026-04-03_21-01-14,1333,419.8528734274298,91,1,0.5235602094240838,0.0,50,200,2026-04-04T06:51:56.496384
2026-04-03_21-01-14,1334,-13.88248529259431,24,0,0.022137722401524444,43.93176527297759,50,200,2026-04-04T06:52:02.412803
2026-04-03_21-01-14,1335,445.10950824577935,188,1,0.3472222222222222,0.0,50,200,2026-04-04T06:52:17.897652
2026-04-03_21-01-14,1336,341.5803328598908,200,0,0.1715728752538099,2.8284271247461903,50,200,2026-04-04T06:52:32.646575
2026-04-03_21-01-14,1337,307.9110530624307,200,0,0.1715728752538099,2.8284271247461903,50,200,2026-04-04T06:52:47.476005
2026-04-03_21-01-14,1338,101.68202461859616,47,0,0.043994156189333694,21.2602916254693,50,200,2026-04-04T06:52:57.610817
2026-04-03_21-01-14,1339,-28.825033381932954,17,0,0.021529950263220684,45.27692569068709,50,200,2026-04-04T06:53:02.864920
2026-04-03_21-01-14,1340,421.5813976475374,111,1,0.4739336492890995,0.0,50,200,2026-04-04T06:53:18.883988
2026-04-03_21-01-14,1341,315.3283802836517,200,0,0.1715728752538099,2.8284271247461903,50,200,2026-04-04T06:53:33.694909
2026-04-03_21-01-14,1342,423.5778446161262,103,1,0.4926108374384236,0.0,50,200,2026-04-04T06:53:48.870173
2026-04-03_21-01-14,1343,-82.63907215167161,5,0,0.01693480101608806,58.0,50,200,2026-04-04T06:53:51.610070
2026-04-03_21-01-14,1344,77.90961530293328,42,0,0.036728280338743126,25.80697580112788,50,200,2026-04-04T06:54:00.748869
2026-04-03_21-01-14,1345,111.87788883823904,47,0,0.056835892991393085,16.1245154965971,50,200,2026-04-04T06:54:36.799578
2026-04-03_21-01-14,1346,-70.77127132180584,13,0,0.018707008322400066,52.32590180780452,50,200,2026-04-04T06:54:40.807616
2026-04-03_21-01-14,1347,417.69254049619923,111,1,0.4739336492890995,0.0,50,200,2026-04-04T06:54:56.395557
2026-04-03_21-01-14,1348,419.6187858398919,116,1,0.4629629629629629,0.0,50,200,2026-04-04T06:55:12.710268
2026-04-03_21-01-14,1349,138.48070944582156,67,0,0.07293097781250757,12.041594578792296,50,200,2026-04-04T06:55:24.701134
2026-04-03_21-01-14,1350,342.7291172636119,200,0,0.19098300562505258,2.23606797749979,50,200,2026-04-04T06:55:41.277742
2026-04-03_21-01-14,1351,-15.188841404424792,20,0,0.023296288768453015,41.72529209005013,50,200,2026-04-04T06:55:47.235569
2026-04-03_21-01-14,1352,432.69635540579907,163,1,0.3802281368821293,0.0,50,200,2026-04-04T06:56:04.120218
2026-04-03_21-01-14,1353,429.2393142016503,126,1,0.4424778761061947,0.0,50,200,2026-04-04T06:56:20.703348
2026-04-03_21-01-14,1354,314.6979956850682,200,0,0.1715728752538099,2.8284271247461903,50,200,2026-04-04T06:56:36.093996
2026-04-03_21-01-14,1355,-52.09391885594065,13,0,0.01921536433030277,50.91168824543142,50,200,2026-04-04T06:56:40.625584
2026-04-03_21-01-14,1356,404.54134249662985,97,1,0.5076142131979695,0.0,50,200,2026-04-04T06:56:55.323273
2026-04-03_21-01-14,1357,396.02804165887056,169,1,0.3717472118959108,0.0,50,200,2026-04-04T06:57:12.150699
2026-04-03_21-01-14,1358,158.17271315926484,97,0,0.09162315253332157,8.94427190999916,50,200,2026-04-04T06:57:26.487623
2026-04-03_21-01-14,1359,318.6217741814403,200,0,0.13383054136359812,4.47213595499958,50,200,2026-04-04T06:57:42.799045
2026-04-03_21-01-14,1360,50.45386203198477,47,0,0.03708497614294032,25.495097567963924,50,200,2026-04-04T06:57:52.396611
2026-04-03_21-01-14,1361,342.2179635761777,200,0,0.1715728752538099,2.8284271247461903,50,200,2026-04-04T06:58:33.751795
2026-04-03_21-01-14,1362,78.10922900821228,50,0,0.03908816816544282,24.08318915758459,50,200,2026-04-04T06:58:43.823791
2026-04-03_21-01-14,1363,423.6828525591698,109,1,0.47846889952153115,0.0,50,200,2026-04-04T06:58:59.581904
2026-04-03_21-01-14,1364,445.6152501091731,196,1,0.33783783783783783,0.0,50,200,2026-04-04T06:59:17.311720
2026-04-03_21-01-14,1365,415.22890529013756,138,1,0.42016806722689076,0.0,50,200,2026-04-04T06:59:32.813838
2026-04-03_21-01-14,1366,-48.264533453333996,15,0,0.0191790613248192,50.99019513592785,50,200,2026-04-04T06:59:37.198933
2026-04-03_21-01-14,1367,344.59334718414823,200,0,0.19098300562505258,2.23606797749979,50,200,2026-04-04T06:59:52.966952
2026-04-03_21-01-14,1368,425.24280497647254,129,1,0.4366812227074236,0.0,50,200,2026-04-04T07:00:09.957736
2026-04-03_21-01-14,1369,66.02665286318732,48,0,0.03834834042539748,24.596747752497688,50,200,2026-04-04T07:00:20.014961
2026-04-03_21-01-14,1370,-79.01295496466847,6,0,0.017140894079569202,57.28001396647874,50,200,2026-04-04T07:00:22.852896
2026-04-03_21-01-14,1371,334.4861772781919,200,0,0.1715728752538099,2.8284271247461903,50,200,2026-04-04T07:00:39.577885
2026-04-03_21-01-14,1372,419.2670176068007,97,1,0.5076142131979695,0.0,50,200,2026-04-04T07:00:55.129372
2026-04-03_21-01-14,1373,-79.1664782456387,7,0,0.01713795648060146,57.28001396647874,50,200,2026-04-04T07:00:58.078522
2026-04-03_21-01-14,1374,421.11590991084915,94,1,0.5154639175257733,0.0,50,200,2026-04-04T07:01:13.766053
2026-04-03_21-01-14,1375,410.3003623011156,159,1,0.3861003861003861,0.0,50,200,2026-04-04T07:01:29.537275
2026-04-03_21-01-14,1376,-86.05609680244088,15,0,0.017114491887229383,57.28001396647874,50,200,2026-04-04T07:01:32.752048
2026-04-03_21-01-14,1377,438.53076295642916,166,1,0.37593984962406013,0.0,50,200,2026-04-04T07:02:14.234259
2026-04-03_21-01-14,1378,325.801193596928,200,0,0.1715728752538099,2.8284271247461903,50,200,2026-04-04T07:02:30.800581
2026-04-03_21-01-14,1379,49.52650693364032,49,0,0.037412745627654447,25.238858928247925,50,200,2026-04-04T07:02:40.668227
2026-04-03_21-01-14,1380,430.61942375671833,166,1,0.37593984962406013,0.0,50,200,2026-04-04T07:02:58.028911
2026-04-03_21-01-14,1381,109.09627420674511,90,0,0.10893115791213846,7.280109889280518,50,200,2026-04-04T07:03:12.562553
2026-04-03_21-01-14,1382,-39.616673680583936,19,0,0.019908104452254365,49.040799340956916,50,200,2026-04-04T07:03:17.740298
2026-04-03_21-01-14,1383,126.33824868792857,62,0,0.05475456628465956,16.64331697709324,50,200,2026-04-04T07:03:30.163855
2026-04-03_21-01-14,1384,-84.74737806260424,6,0,0.017140894079569202,57.28001396647874,50,200,2026-04-04T07:03:33.163617
2026-04-03_21-01-14,1385,433.4567805565749,151,1,0.39840637450199207,0.0,50,200,2026-04-04T07:03:48.711904
2026-04-03_21-01-14,1386,-72.49588477621663,11,0,0.017986086750012058,54.48853090330111,50,200,2026-04-04T07:03:52.396684
2026-04-03_21-01-14,1387,401.26328465273264,164,1,0.3787878787878788,0.0,50,200,2026-04-04T07:04:09.738808
2026-04-03_21-01-14,1388,-85.30450808850541,5,0,0.016738048203617198,58.69412236331676,50,200,2026-04-04T07:04:12.489845
2026-04-03_21-01-14,1389,10.81554576981533,22,0,0.02632302648988759,36.76955262170047,50,200,2026-04-04T07:04:19.253031
2026-04-03_21-01-14,1390,427.8570789820033,136,1,0.42372881355932196,0.0,50,200,2026-04-04T07:04:35.763159
2026-04-03_21-01-14,1391,330.7144835135123,200,0,0.13383054136359812,4.47213595499958,50,200,2026-04-04T07:04:52.344104
2026-04-03_21-01-14,1392,393.4420499789856,125,1,0.4444444444444444,0.0,50,200,2026-04-04T07:05:07.769063
2026-04-03_21-01-14,1393,415.3702726371977,173,1,0.3663003663003663,0.0,50,200,2026-04-04T07:05:48.831101
2026-04-03_21-01-14,1394,31.36112554031517,39,0,0.02856696181847141,33.61547262794322,50,200,2026-04-04T07:05:57.277764
2026-04-03_21-01-14,1395,423.1768241241124,131,1,0.4329004329004329,0.0,50,200,2026-04-04T07:06:13.115791
2026-04-03_21-01-14,1396,421.9931891517434,99,1,0.5025125628140703,0.0,50,200,2026-04-04T07:06:28.355717
2026-04-03_21-01-14,1397,154.07270902419398,98,0,0.0730743097418359,11.704699910719626,50,200,2026-04-04T07:06:43.456949
2026-04-03_21-01-14,1398,332.49126614406646,200,0,0.1513878188659973,3.605551275463989,50,200,2026-04-04T07:06:59.875449
2026-04-03_21-01-14,1399,337.4029927996567,200,0,0.1715728752538099,2.8284271247461903,50,200,2026-04-04T07:07:15.633011
2026-04-03_21-01-14,1400,438.51718563131016,162,1,0.38167938931297707,0.0,50,200,2026-04-04T07:07:31.740712
2026-04-03_21-01-14,1401,402.4785049864752,159,1,0.3861003861003861,0.0,50,200,2026-04-04T07:07:48.008751
2026-04-03_21-01-14,1402,419.35711849718433,156,1,0.390625,0.0,50,200,2026-04-04T07:08:03.738164
2026-04-03_21-01-14,1403,385.1348206892058,111,1,0.4739336492890995,0.0,50,200,2026-04-04T07:08:19.967281
2026-04-03_21-01-14,1404,413.1677491827751,178,1,0.3597122302158273,0.0,50,200,2026-04-04T07:08:36.038810
2026-04-03_21-01-14,1405,65.4167199754731,52,0,0.035040369097225785,27.018512172212592,50,200,2026-04-04T07:08:45.649192
2026-04-03_21-01-14,1406,103.5570853468191,77,0,0.05319322559445262,17.029386365926403,50,200,2026-04-04T07:08:57.636034
2026-04-03_21-01-14,1407,426.8753919825813,156,1,0.390625,0.0,50,200,2026-04-04T07:09:14.247212
2026-04-03_21-01-14,1408,-65.4511127355977,22,0,0.019399049219701966,50.32891812864648,50,200,2026-04-04T07:09:18.692067
2026-04-03_21-01-14,1409,186.36418253076883,112,0,0.1404494382022472,5.0,50,200,2026-04-04T07:10:06.238537
2026-04-03_21-01-14,1410,317.4279342717292,200,0,0.19098300562505258,2.23606797749979,50,200,2026-04-04T07:10:23.284072
2026-04-03_21-01-14,1411,340.9762881121625,200,0,0.19098300562505258,2.23606797749979,50,200,2026-04-04T07:10:40.025192
2026-04-03_21-01-14,1412,-9.557446875102826,23,0,0.0225145887853897,43.18564576337837,50,200,2026-04-04T07:10:45.929561
2026-04-03_21-01-14,1413,437.4322493111839,168,1,0.373134328358209,0.0,50,200,2026-04-04T07:11:03.627065
2026-04-03_21-01-14,1414,431.3723034071134,132,1,0.43103448275862066,0.0,50,200,2026-04-04T07:11:19.200632
2026-04-03_21-01-14,1415,427.85130653379116,142,1,0.4132231404958678,0.0,50,200,2026-04-04T07:11:35.162420
2026-04-03_21-01-14,1416,425.00453067203927,143,1,0.41152263374485604,0.0,50,200,2026-04-04T07:11:51.990423
2026-04-03_21-01-14,1417,433.28001535923414,145,1,0.4081632653061224,0.0,50,200,2026-04-04T07:12:07.647334
2026-04-03_21-01-14,1418,24.920500300878842,32,0,0.02670598946545709,36.124783736376884,50,200,2026-04-04T07:12:15.079990
2026-04-03_21-01-14,1419,440.9043103894863,179,1,0.35842293906810035,0.0,50,200,2026-04-04T07:12:31.433072
2026-04-03_21-01-14,1420,-55.14339108817669,13,0,0.018700323998877288,52.3450093132096,50,200,2026-04-04T07:12:35.435915
2026-04-03_21-01-14,1421,330.354119713287,200,0,0.1715728752538099,2.8284271247461903,50,200,2026-04-04T07:12:52.205263
2026-04-03_21-01-14,1422,375.7587766507995,142,1,0.4132231404958678,0.0,50,200,2026-04-04T07:13:08.283260
2026-04-03_21-01-14,1423,334.4037476908343,200,0,0.19098300562505258,2.23606797749979,50,200,2026-04-04T07:13:26.522220
2026-04-03_21-01-14,1424,289.05461648533276,200,0,0.19098300562505258,2.23606797749979,50,200,2026-04-04T07:13:43.707673
2026-04-03_21-01-14,1425,141.13720445051882,96,0,0.11072887734118762,7.0710678118654755,50,200,2026-04-04T07:14:33.657513
2026-04-03_21-01-14,1426,307.37540681260947,200,0,0.25,1.0,50,200,2026-04-04T07:14:50.518314
2026-04-03_21-01-14,1427,-60.45567427698489,11,0,0.018707320658026407,52.3450093132096,50,200,2026-04-04T07:14:54.322843
2026-04-03_21-01-14,1428,427.95260041110953,119,1,0.4566210045662101,0.0,50,200,2026-04-04T07:15:09.782492
2026-04-03_21-01-14,1429,148.56501787063456,92,0,0.09836506199676773,8.246211251235321,50,200,2026-04-04T07:15:24.807842
2026-04-03_21-01-14,1430,-65.04833459031065,13,0,0.01895603863500723,51.62363799656123,50,200,2026-04-04T07:15:29.146082
2026-04-03_21-01-14,1431,332.94564769105483,200,0,0.19098300562505258,2.23606797749979,50,200,2026-04-04T07:15:45.288865
2026-04-03_21-01-14,1432,418.31153880874683,112,1,0.4716981132075471,0.0,50,200,2026-04-04T07:16:01.935224
2026-04-03_21-01-14,1433,-83.5972523346856,7,0,0.01734950185612465,56.568542494923804,50,200,2026-04-04T07:16:05.033515
2026-04-03_21-01-14,1434,-48.031047838515576,15,0,0.020551649817351466,47.50789408087881,50,200,2026-04-04T07:16:09.895876
2026-04-03_21-01-14,1435,-82.42324123110848,17,0,0.017298281998832103,56.639209034025185,50,200,2026-04-04T07:16:13.527675
2026-04-03_21-01-14,1436,435.95922191219233,184,1,0.35211267605633806,0.0,50,200,2026-04-04T07:16:31.381713
2026-04-03_21-01-14,1437,326.06582409863654,200,0,0.1715728752538099,2.8284271247461903,50,200,2026-04-04T07:16:47.118001
2026-04-03_21-01-14,1438,421.29553122388813,123,1,0.4484304932735426,0.0,50,200,2026-04-04T07:17:04.095829
2026-04-03_21-01-14,1439,425.5354375130251,117,1,0.4608294930875576,0.0,50,200,2026-04-04T07:17:19.494978
2026-04-03_21-01-14,1440,20.978751166351273,27,0,0.02783542269408009,34.655446902326915,50,200,2026-04-04T07:17:26.588763
2026-04-03_21-01-14,1441,418.16167506927746,76,1,0.5681818181818182,0.0,50,200,2026-04-04T07:18:06.310787
2026-04-03_21-01-14,1442,82.50967947087634,61,0,0.04088755545996071,22.847319317591726,50,200,2026-04-04T07:18:17.113712
2026-04-03_21-01-14,1443,76.21716197398258,72,0,0.040777199556056534,22.80350850198276,50,200,2026-04-04T07:18:29.512104
2026-04-03_21-01-14,1444,428.89248061812157,159,1,0.3861003861003861,0.0,50,200,2026-04-04T07:18:45.464805
2026-04-03_21-01-14,1445,424.62581620750194,150,1,0.4,0.0,50,200,2026-04-04T07:19:02.440999
2026-04-03_21-01-14,1446,435.749364288358,155,1,0.3921568627450981,0.0,50,200,2026-04-04T07:19:18.433710
2026-04-03_21-01-14,1447,323.4850410835306,200,0,0.1715728752538099,2.8284271247461903,50,200,2026-04-04T07:19:34.102426
2026-04-03_21-01-14,1448,38.880354279504544,39,0,0.028825378832403527,33.301651610693426,50,200,2026-04-04T07:19:42.055379
2026-04-03_21-01-14,1449,402.1977484663947,179,1,0.35842293906810035,0.0,50,200,2026-04-04T07:19:57.913494
2026-04-03_21-01-14,1450,-77.54749388157185,19,0,0.017854630361636637,54.817880294662984,50,200,2026-04-04T07:20:02.426399
2026-04-03_21-01-14,1451,420.9018111199865,155,1,0.3921568627450981,0.0,50,200,2026-04-04T07:20:19.325270
2026-04-03_21-01-14,1452,426.3023736388902,150,1,0.4,0.0,50,200,2026-04-04T07:20:37.199802
2026-04-03_21-01-14,1453,133.15965299101939,108,0,0.06717609219599043,12.806248474865697,50,200,2026-04-04T07:20:51.192306
2026-04-03_21-01-14,1454,338.3611350871409,200,0,0.19098300562505258,2.23606797749979,50,200,2026-04-04T07:21:08.664448
2026-04-03_21-01-14,1455,-101.87002454913893,2,0,0.015989164805324058,61.5223536610881,50,200,2026-04-04T07:21:10.796380
2026-04-03_21-01-14,1456,-4.391385757898959,34,0,0.023143410803968197,41.86884283091664,50,200,2026-04-04T07:21:17.276138
2026-04-03_21-01-14,1457,418.2347268524187,118,1,0.4587155963302753,0.0,50,200,2026-04-04T07:22:00.655909
2026-04-03_21-01-14,1458,10.705037786167182,44,0,0.024974701793877417,38.600518131237564,50,200,2026-04-04T07:22:07.991953
2026-04-03_21-01-14,1459,418.2653215229216,108,1,0.4807692307692307,0.0,50,200,2026-04-04T07:22:24.160860
2026-04-03_21-01-14,1460,85.15164925252058,67,0,0.05783522960516041,15.620499351813308,50,200,2026-04-04T07:22:35.782911
2026-04-03_21-01-14,1461,323.3326645649598,200,0,0.11925824035672519,5.385164807134504,50,200,2026-04-04T07:22:52.233105
2026-04-03_21-01-14,1462,435.9763380458216,180,1,0.35714285714285715,0.0,50,200,2026-04-04T07:23:09.428767
2026-04-03_21-01-14,1463,427.25893730913606,146,1,0.4065040650406504,0.0,50,200,2026-04-04T07:23:26.496513
2026-04-03_21-01-14,1464,335.91841787163906,200,0,0.19098300562505258,2.23606797749979,50,200,2026-04-04T07:23:43.182481
2026-04-03_21-01-14,1465,435.93660695072015,174,1,0.36496350364963503,0.0,50,200,2026-04-04T07:23:59.026638
2026-04-03_21-01-14,1466,117.32749492905259,73,0,0.04958082163427944,18.439088914585774,50,200,2026-04-04T07:24:10.695206
2026-04-03_21-01-14,1467,-40.53414056552093,26,0,0.02360182238781765,41.10960958218893,50,200,2026-04-04T07:24:16.821913
2026-04-03_21-01-14,1468,35.86574005634084,38,0,0.028159418995095522,34.132096331752024,50,200,2026-04-04T07:24:24.813258
2026-04-03_21-01-14,1469,436.9521243293129,196,1,0.33783783783783783,0.0,50,200,2026-04-04T07:24:42.806532
2026-04-03_21-01-14,1470,435.25613224553877,166,1,0.37593984962406013,0.0,50,200,2026-04-04T07:25:02.198585
2026-04-03_21-01-14,1471,423.20997923687986,152,1,0.3968253968253968,0.0,50,200,2026-04-04T07:25:21.619720
2026-04-03_21-01-14,1472,403.52027491390345,160,1,0.3846153846153846,0.0,50,200,2026-04-04T07:25:39.105647
2026-04-03_21-01-14,1473,-61.8110874661962,24,0,0.018423764950477185,53.03772242470448,50,200,2026-04-04T07:26:16.337815
2026-04-03_21-01-14,1474,-106.67362343201313,1,0,0.0156380783423265,62.93647591023825,50,200,2026-04-04T07:26:18.377793
2026-04-03_21-01-14,1475,-133.35157978745679,21,0,0.01819832393914713,53.74011537017761,50,200,2026-04-04T07:26:22.911064
2026-04-03_21-01-14,1476,-102.71193334068538,15,0,0.01632433563312197,60.108235708594876,50,200,2026-04-04T07:26:25.920870
2026-04-03_21-01-14,1477,-89.60578965230562,19,0,0.01796024398949634,54.48853090330111,50,200,2026-04-04T07:26:29.936377
2026-04-03_21-01-14,1478,336.0893342939269,200,0,0.2,2.0,50,200,2026-04-04T07:26:48.108632
2026-04-03_21-01-14,1479,428.3871971664013,149,1,0.4016064257028112,0.0,50,200,2026-04-04T07:27:05.094798
2026-04-03_21-01-14,1480,8.22856494995726,33,0,0.028875319353559907,33.301651610693426,50,200,2026-04-04T07:27:13.087757
2026-04-03_21-01-14,1481,441.4148657582449,200,1,0.3333333333333333,0.0,50,200,2026-04-04T07:27:32.442597
2026-04-03_21-01-14,1482,415.2017048848507,90,1,0.5263157894736842,0.0,50,200,2026-04-04T07:27:47.771199
2026-04-03_21-01-14,1483,15.361999826047679,26,0,0.02731095834944236,35.35533905932738,50,200,2026-04-04T07:27:54.898719
2026-04-03_21-01-14,1484,301.0776961932749,200,0,0.19098300562505258,2.23606797749979,50,200,2026-04-04T07:28:12.690743
2026-04-03_21-01-14,1485,33.09392584794567,34,0,0.030814078648584185,31.11269837220809,50,200,2026-04-04T07:28:21.018110
2026-04-03_21-01-14,1486,420.2987629758583,136,1,0.42372881355932196,0.0,50,200,2026-04-04T07:28:38.287328
2026-04-03_21-01-14,1487,416.3031158546333,125,1,0.4444444444444444,0.0,50,200,2026-04-04T07:28:54.545968
2026-04-03_21-01-14,1488,-118.78168326625175,18,0,0.01840579018971094,53.150729063673246,50,200,2026-04-04T07:28:59.149477
2026-04-03_21-01-14,1489,54.49459633646798,58,0,0.03420132491424128,27.65863337187866,50,200,2026-04-04T07:29:30.122260
2026-04-03_21-01-14,1490,-126.19114940744501,19,0,0.015945821542661734,61.5223536610881,50,200,2026-04-04T07:29:32.508490
2026-04-03_21-01-14,1491,429.5425569225239,151,1,0.39840637450199207,0.0,50,200,2026-04-04T07:29:48.832812
2026-04-03_21-01-14,1492,424.85872232338085,116,1,0.4629629629629629,0.0,50,200,2026-04-04T07:30:05.238810
2026-04-03_21-01-14,1493,91.98851185526235,83,0,0.04099868139386417,22.561028345356956,50,200,2026-04-04T07:30:19.627707
2026-04-03_21-01-14,1494,423.97444174838677,114,1,0.4672897196261682,0.0,50,200,2026-04-04T07:30:35.153213
2026-04-03_21-01-14,1495,286.42139265460105,200,0,0.08295048134434817,9.055385138137417,50,200,2026-04-04T07:30:54.769107
2026-04-03_21-01-14,1496,-101.03289656143603,14,0,0.016909029421711193,58.0,50,200,2026-04-04T07:30:58.023579
2026-04-03_21-01-14,1497,414.86566229430133,99,1,0.5025125628140703,0.0,50,200,2026-04-04T07:31:13.638968
2026-04-03_21-01-14,1498,94.12981484796104,62,0,0.04945335439599748,18.601075237738275,50,200,2026-04-04T07:31:25.403625
2026-04-03_21-01-14,1499,436.3548419877305,176,1,0.3623188405797102,0.0,50,200,2026-04-04T07:31:42.756942
2026-04-03_21-01-14,1500,159.3394537924372,90,0,0.24177552338114364,2.23606797749979,50,200,2026-04-04T07:31:58.742982
2026-04-03_21-01-14,1501,-21.418771464501447,32,0,0.02158894645941278,45.0,50,200,2026-04-04T07:32:05.812175
2026-04-03_21-01-14,1502,384.2210877998555,85,1,0.5405405405405405,0.0,50,200,2026-04-04T07:32:21.391190
2026-04-03_21-01-14,1503,424.15277601777444,139,1,0.41841004184100417,0.0,50,200,2026-04-04T07:32:38.162371
2026-04-03_21-01-14,1504,22.95797976775242,63,0,0.03691965424704426,25.45584412271571,50,200,2026-04-04T07:32:48.761678
2026-04-03_21-01-14,1505,414.0665943172577,135,1,0.425531914893617,0.0,50,200,2026-04-04T07:33:30.048104
2026-04-03_21-01-14,1506,426.3271979764636,133,1,0.4291845493562232,0.0,50,200,2026-04-04T07:33:47.683463
2026-04-03_21-01-14,1507,222.07666837663737,200,0,0.07052017144395645,11.180339887498949,50,200,2026-04-04T07:34:04.386491
2026-04-03_21-01-14,1508,-76.31033658385226,10,0,0.01754333659992981,55.90169943749474,50,200,2026-04-04T07:34:07.876907
2026-04-03_21-01-14,1509,313.94739162550326,200,0,0.1513878188659973,3.605551275463989,50,200,2026-04-04T07:34:26.582017
2026-04-03_21-01-14,1510,425.3392955532288,156,1,0.390625,0.0,50,200,2026-04-04T07:34:44.477176
2026-04-03_21-01-14,1511,9.054858667075479,39,0,0.02572457799653361,37.48332962798263,50,200,2026-04-04T07:34:52.084807
2026-04-03_21-01-14,1512,438.28559661596444,177,1,0.36101083032490977,0.0,50,200,2026-04-04T07:35:09.579603
2026-04-03_21-01-14,1513,212.85760622794112,200,0,0.038461538461538464,23.0,50,200,2026-04-04T07:35:26.809422
2026-04-03_21-01-14,1514,176.92581039248506,103,0,0.15379561530562685,4.47213595499958,50,200,2026-04-04T07:35:42.622299
2026-04-03_21-01-14,1515,433.1590208525641,192,1,0.3424657534246575,0.0,50,200,2026-04-04T07:36:00.607781
2026-04-03_21-01-14,1516,349.99560490030785,144,1,0.4098360655737705,0.0,50,200,2026-04-04T07:36:19.921877
2026-04-03_21-01-14,1517,108.82657416790424,83,0,0.057200136239804106,15.652475842498529,50,200,2026-04-04T07:36:34.775177
2026-04-03_21-01-14,1518,-65.8515031042881,14,0,0.017988260068476532,54.45181356024793,50,200,2026-04-04T07:36:38.583941
2026-04-03_21-01-14,1519,-18.50502759615921,61,0,0.027031693993537474,35.38361202590826,50,200,2026-04-04T07:36:46.877523
2026-04-03_21-01-14,1520,-28.8979144035941,33,0,0.022256616750422467,43.60045871318328,50,200,2026-04-04T07:36:53.334564
2026-04-03_21-01-14,1521,30.17390266273867,40,0,0.028201765683268973,34.058772731852805,50,200,2026-04-04T07:37:31.884379
2026-04-03_21-01-14,1522,-113.83632428810495,2,0,0.015297396180577386,64.35060217278468,50,200,2026-04-04T07:37:33.709031
2026-04-03_21-01-14,1523,-15.158776008482917,36,0,0.028410827334161157,33.83784863137726,50,200,2026-04-04T07:37:41.784798
2026-04-03_21-01-14,1524,422.3341843154755,123,1,0.4484304932735426,0.0,50,200,2026-04-04T07:37:59.483471
2026-04-03_21-01-14,1525,424.38328662725314,108,1,0.4807692307692307,0.0,50,200,2026-04-04T07:38:15.597723
2026-04-03_21-01-14,1526,4.80527882781891,45,0,0.02430200599629799,39.698866482558415,50,200,2026-04-04T07:38:23.204139
2026-04-03_21-01-14,1527,-79.93572939178557,39,0,0.019232128899557523,50.60632371551998,50,200,2026-04-04T07:38:29.431291
2026-04-03_21-01-14,1528,425.5368468663217,152,1,0.3968253968253968,0.0,50,200,2026-04-04T07:38:46.429064
2026-04-03_21-01-14,1529,422.656264510452,132,1,0.43103448275862066,0.0,50,200,2026-04-04T07:39:03.315508
2026-04-03_21-01-14,1530,428.1871802274601,143,1,0.41152263374485604,0.0,50,200,2026-04-04T07:39:20.294892
2026-04-03_21-01-14,1531,81.30722382098818,72,0,0.039895895554617034,23.345235059857504,50,200,2026-04-04T07:39:31.666043
2026-04-03_21-01-14,1532,436.5059543932987,176,1,0.3623188405797102,0.0,50,200,2026-04-04T07:39:48.193792
2026-04-03_21-01-14,1533,330.1060702651769,200,0,0.19098300562505258,2.23606797749979,50,200,2026-04-04T07:40:05.207511
2026-04-03_21-01-14,1534,241.73907637184337,200,0,0.07052017144395645,11.180339887498949,50,200,2026-04-04T07:40:21.925996
2026-04-03_21-01-14,1535,431.14477328788604,154,1,0.39370078740157477,0.0,50,200,2026-04-04T07:40:38.178329
2026-04-03_21-01-14,1536,65.40561989301503,49,0,0.033566121776686934,28.30194339616981,50,200,2026-04-04T07:40:47.658016
2026-04-03_21-01-14,1537,403.7583005141282,113,1,0.4694835680751174,0.0,50,200,2026-04-04T07:41:27.528899
2026-04-03_21-01-14,1538,123.08628591621334,72,0,0.06921410537468094,12.727922061357855,50,200,2026-04-04T07:41:39.912136
2026-04-03_21-01-14,1539,114.40724388414053,63,0,0.07227232179538155,12.206555615733702,50,200,2026-04-04T07:41:51.838351
2026-04-03_21-01-14,1540,300.9691409346203,200,0,0.1715728752538099,2.8284271247461903,50,200,2026-04-04T07:42:06.579522
2026-04-03_21-01-14,1541,-45.28644334017511,29,0,0.020523697060802034,47.43416490252569,50,200,2026-04-04T07:42:12.072583
2026-04-03_21-01-14,1542,433.2756702762142,162,1,0.38167938931297707,0.0,50,200,2026-04-04T07:42:28.225468
2026-04-03_21-01-14,1543,435.24055657605913,156,1,0.390625,0.0,50,200,2026-04-04T07:42:43.610124
2026-04-03_21-01-14,1544,328.5019778317435,200,0,0.1715728752538099,2.8284271247461903,50,200,2026-04-04T07:43:00.188445
2026-04-03_21-01-14,1545,335.88897125507384,200,0,0.16227766016837933,3.1622776601683795,50,200,2026-04-04T07:43:15.830596
2026-04-03_21-01-14,1546,414.122264698863,78,1,0.5617977528089888,0.0,50,200,2026-04-04T07:43:30.794535
2026-04-03_21-01-14,1547,429.9269504828235,155,1,0.3921568627450981,0.0,50,200,2026-04-04T07:43:46.870519
2026-04-03_21-01-14,1548,423.95083293295687,117,1,0.4608294930875576,0.0,50,200,2026-04-04T07:44:02.586974
2026-04-03_21-01-14,1549,434.0164257892677,154,1,0.39370078740157477,0.0,50,200,2026-04-04T07:44:18.009874
2026-04-03_21-01-14,1550,419.545203309137,103,1,0.4926108374384236,0.0,50,200,2026-04-04T07:44:33.317742
2026-04-03_21-01-14,1551,338.8956553830479,200,0,0.19098300562505258,2.23606797749979,50,200,2026-04-04T07:44:49.191435
2026-04-03_21-01-14,1552,231.87412093215173,200,0,0.07576883186511127,10.198039027185569,50,200,2026-04-04T07:45:03.658607
2026-04-03_21-01-14,1553,411.538618498647,122,1,0.4504504504504505,0.0,50,200,2026-04-04T07:45:51.632843
2026-04-03_21-01-14,1554,445.4716528196552,195,1,0.3389830508474576,0.0,50,200,2026-04-04T07:46:07.466249
2026-04-03_21-01-14,1555,-70.60010537809234,18,0,0.020592473907615812,47.38143096192854,50,200,2026-04-04T07:46:12.153424
2026-04-03_21-01-14,1556,86.14902039851168,42,0,0.04091363607968633,23.021728866442675,50,200,2026-04-04T07:46:21.749054
2026-04-03_21-01-14,1557,-6.082342869915053,20,0,0.022872521948309823,42.5205832509386,50,200,2026-04-04T07:46:27.338071
2026-04-03_21-01-14,1558,28.72100586496269,89,0,0.05099427321664499,17.72004514666935,50,200,2026-04-04T07:46:39.090129
2026-04-03_21-01-14,1559,338.3952025878952,200,0,0.1715728752538099,2.8284271247461903,50,200,2026-04-04T07:46:53.535133
2026-04-03_21-01-14,1560,223.4723787987699,161,0,0.21691973969631234,2.0,50,200,2026-04-04T07:47:08.769834
2026-04-03_21-01-14,1561,426.5851726595876,164,1,0.3787878787878788,0.0,50,200,2026-04-04T07:47:25.823470
2026-04-03_21-01-14,1562,-76.7635651428491,30,0,0.021388877014331203,45.45327270945405,50,200,2026-04-04T07:47:31.416748
2026-04-03_21-01-14,1563,326.14471009455394,200,0,0.1715728752538099,2.8284271247461903,50,200,2026-04-04T07:47:45.864871
2026-04-03_21-01-14,1564,427.3229508094248,142,1,0.4132231404958678,0.0,50,200,2026-04-04T07:48:02.768132
2026-04-03_21-01-14,1565,211.46803785741096,200,0,0.03842942200852721,23.021728866442675,50,200,2026-04-04T07:48:17.781682
2026-04-03_21-01-14,1566,52.65798092518078,75,0,0.03611119476390812,25.942243542145693,50,200,2026-04-04T07:48:29.466460
2026-04-03_21-01-14,1567,420.5113547286237,123,1,0.4484304932735426,0.0,50,200,2026-04-04T07:48:45.094930
2026-04-03_21-01-14,1568,417.30499675029125,157,1,0.3891050583657587,0.0,50,200,2026-04-04T07:48:59.308237
2026-04-03_21-01-14,1569,419.3112287385333,121,1,0.45248868778280543,0.0,50,200,2026-04-04T07:49:43.806583
2026-04-03_21-01-14,1570,294.05477647934583,200,0,0.08183611128016957,9.219544457292887,50,200,2026-04-04T07:50:00.618825
2026-04-03_21-01-14,1571,423.52197023430887,127,1,0.44052863436123346,0.0,50,200,2026-04-04T07:50:16.983650
2026-04-03_21-01-14,1572,343.30044116749093,200,0,0.2,2.0,50,200,2026-04-04T07:50:33.310488
2026-04-03_21-01-14,1573,32.99785665532015,46,0,0.03299849735658318,28.844410203711913,50,200,2026-04-04T07:50:42.257474
2026-04-03_21-01-14,1574,106.36985221922959,62,0,0.04753645226597993,19.4164878389476,50,200,2026-04-04T07:50:53.052105
2026-04-03_21-01-14,1575,428.0560286630699,196,1,0.33783783783783783,0.0,50,200,2026-04-04T07:51:09.376780
2026-04-03_21-01-14,1576,-28.024705329526995,31,0,0.022136909329013583,43.86342439892262,50,200,2026-04-04T07:51:15.599003
2026-04-03_21-01-14,1577,47.773508872005635,40,0,0.03028212957565207,31.622776601683793,50,200,2026-04-04T07:51:23.765882
2026-04-03_21-01-14,1578,-113.92054324441312,2,0,0.015297396180577386,64.35060217278468,50,200,2026-04-04T07:51:25.383196
2026-04-03_21-01-14,1579,-216.4121133032352,37,0,0.015688768835032695,62.369864518050704,50,200,2026-04-04T07:51:27.600235
2026-04-03_21-01-14,1580,112.57043835625669,90,0,0.04691204327632663,19.4164878389476,50,200,2026-04-04T07:51:39.928620
2026-04-03_21-01-14,1581,-116.76872105779137,1,0,0.015136877362419606,65.05382386916237,50,200,2026-04-04T07:51:41.529869
2026-04-03_21-01-14,1582,434.3205311681878,165,1,0.3773584905660377,0.0,50,200,2026-04-04T07:51:56.423270
2026-04-03_21-01-14,1583,105.32470204971693,62,0,0.04625346901017576,20.0,50,200,2026-04-04T07:52:07.007310
2026-04-03_21-01-14,1584,240.62543305263893,200,0,0.1715728752538099,2.8284271247461903,50,200,2026-04-04T07:52:23.143561
2026-04-03_21-01-14,1585,435.5454109677656,196,1,0.33783783783783783,0.0,50,200,2026-04-04T07:53:02.957272
2026-04-03_21-01-14,1586,40.019931994464116,81,0,0.03041876065887323,31.064449134018133,50,200,2026-04-04T07:53:13.364501
2026-04-03_21-01-14,1587,-21.62045985743397,31,0,0.021434786202149825,45.34313619501854,50,200,2026-04-04T07:53:18.860049
2026-04-03_21-01-14,1588,318.44957282731986,200,0,0.19098300562505258,2.23606797749979,50,200,2026-04-04T07:53:36.575308
2026-04-03_21-01-14,1589,325.4995528465014,200,0,0.1715728752538099,2.8284271247461903,50,200,2026-04-04T07:53:54.159092
2026-04-03_21-01-14,1590,308.9229212445261,200,0,0.19098300562505258,2.23606797749979,50,200,2026-04-04T07:54:11.483408
2026-04-03_21-01-14,1591,-47.33261207615728,32,0,0.01940633655031259,50.20956084253277,50,200,2026-04-04T07:54:16.382599
2026-04-03_21-01-14,1592,227.1966667189622,200,0,0.052288906360944624,16.1245154965971,50,200,2026-04-04T07:54:31.566289
2026-04-03_21-01-14,1593,12.088667130294994,57,0,0.025138294336160827,38.2099463490856,50,200,2026-04-04T07:54:40.490194
2026-04-03_21-01-14,1594,18.786714377197356,47,0,0.02713438235842379,35.38361202590826,50,200,2026-04-04T07:54:48.253706
2026-04-03_21-01-14,1595,252.76767820195178,200,0,0.049708601297970736,17.11724276862369,50,200,2026-04-04T07:55:05.580773
2026-04-03_21-01-14,1596,334.3308826180494,200,0,0.19098300562505258,2.23606797749979,50,200,2026-04-04T07:55:22.094391
2026-04-03_21-01-14,1597,283.029615715656,200,0,0.19098300562505258,2.23606797749979,50,200,2026-04-04T07:55:38.921627
2026-04-03_21-01-14,1598,-74.0828879954251,30,0,0.018144046832680276,53.81449618829484,50,200,2026-04-04T07:55:43.041296
2026-04-03_21-01-14,1599,111.16899243051365,106,0,0.052547053558887634,16.97056274847714,50,200,2026-04-04T07:55:56.313793
2026-04-03_21-01-14,1600,-115.3799317536499,4,0,0.01634481016358654,60.14149981501958,50,200,2026-04-04T07:55:58.717729
2026-04-03_21-01-14,1601,421.38838093533906,138,1,0.42016806722689076,0.0,50,200,2026-04-04T07:56:44.032271
2026-04-03_21-01-14,1602,424.3094470214958,187,1,0.3484320557491289,0.0,50,200,2026-04-04T07:57:00.096951
2026-04-03_21-01-14,1603,293.03093580030713,200,0,0.1715728752538099,2.8284271247461903,50,200,2026-04-04T07:57:16.455469
2026-04-03_21-01-14,1604,25.618497946327523,52,0,0.026791674777958897,35.805027579936315,50,200,2026-04-04T07:57:24.263102
2026-04-03_21-01-14,1605,46.74365590375166,52,0,0.03002958169275678,31.78049716414141,50,200,2026-04-04T07:57:33.337484
2026-04-03_21-01-14,1606,-94.1003399175506,23,0,0.017514389110265496,55.86591089385369,50,200,2026-04-04T07:57:36.822199
2026-04-03_21-01-14,1607,411.9601055231851,105,1,0.48780487804878053,0.0,50,200,2026-04-04T07:57:51.337281
2026-04-03_21-01-14,1608,115.44979227530882,77,0,0.04908921047758234,18.601075237738275,50,200,2026-04-04T07:58:02.763184
2026-04-03_21-01-14,1609,59.340874672083274,71,0,0.03330047185381588,28.319604517012593,50,200,2026-04-04T07:58:11.866970
2026-04-03_21-01-14,1610,434.1852066939432,142,1,0.4132231404958678,0.0,50,200,2026-04-04T07:58:26.499674
2026-04-03_21-01-14,1611,427.2086655748508,131,1,0.4329004329004329,0.0,50,200,2026-04-04T07:58:42.380935
2026-04-03_21-01-14,1612,72.20067066638603,60,0,0.03600683526259422,26.1725046566048,50,200,2026-04-04T07:58:51.598695
2026-04-03_21-01-14,1613,-115.77226650787321,9,0,0.015971289075201674,61.5223536610881,50,200,2026-04-04T07:58:53.705218
2026-04-03_21-01-14,1614,-85.71476649034827,22,0,0.017647993616205206,55.44366510251645,50,200,2026-04-04T07:58:57.698304
2026-04-03_21-01-14,1615,427.0230134561133,134,1,0.4273504273504274,0.0,50,200,2026-04-04T07:59:14.069781
2026-04-03_21-01-14,1616,428.5215977955012,193,1,0.3412969283276451,0.0,50,200,2026-04-04T07:59:30.307296
2026-04-03_21-01-14,1617,340.63773849062994,200,0,0.2,2.0,50,200,2026-04-04T08:00:08.403912
2026-04-03_21-01-14,1618,-23.591711338097156,30,0,0.023861860250040313,40.607881008493905,50,200,2026-04-04T08:00:14.639523
2026-04-03_21-01-14,1619,320.7864864515835,200,0,0.1715728752538099,2.8284271247461903,50,200,2026-04-04T08:00:32.486350
2026-04-03_21-01-14,1620,408.49452664258956,106,1,0.4854368932038835,0.0,50,200,2026-04-04T08:00:47.593424
2026-04-03_21-01-14,1621,330.73891764158975,200,0,0.1715728752538099,2.8284271247461903,50,200,2026-04-04T08:01:04.336582
2026-04-03_21-01-14,1622,433.3523800574242,157,1,0.3891050583657587,0.0,50,200,2026-04-04T08:01:19.314443
2026-04-03_21-01-14,1623,-31.09927356102358,20,0,0.020566135189057245,47.4236228055175,50,200,2026-04-04T08:01:24.195354
2026-04-03_21-01-14,1624,438.60746184435357,193,1,0.3412969283276451,0.0,50,200,2026-04-04T08:01:40.182390
2026-04-03_21-01-14,1625,317.876670378289,200,0,0.1715728752538099,2.8284271247461903,50,200,2026-04-04T08:01:55.622023
2026-04-03_21-01-14,1626,34.17062190205155,55,0,0.031967125014121536,29.732137494637012,50,200,2026-04-04T08:02:04.523148
2026-04-03_21-01-14,1627,329.4385701535486,200,0,0.19098300562505258,2.23606797749979,50,200,2026-04-04T08:02:20.491237
2026-04-03_21-01-14,1628,428.54408108020993,145,1,0.4081632653061224,0.0,50,200,2026-04-04T08:02:35.582316
2026-04-03_21-01-14,1629,376.19530016366105,120,1,0.45454545454545453,0.0,50,200,2026-04-04T08:02:51.370329
2026-04-03_21-01-14,1630,419.5160402075015,102,1,0.49504950495049505,0.0,50,200,2026-04-04T08:03:06.791784
2026-04-03_21-01-14,1631,83.73540570947722,94,0,0.043591979075850044,21.0,50,200,2026-04-04T08:03:19.363612
2026-04-03_21-01-14,1632,322.7341106915711,200,0,0.1715728752538099,2.8284271247461903,50,200,2026-04-04T08:03:36.238836
2026-04-03_21-01-14,1633,419.4713313220711,157,1,0.3891050583657587,0.0,50,200,2026-04-04T08:04:25.361399
2026-04-03_21-01-14,1634,88.8486453648498,80,0,0.0481378684858456,18.973665961010276,50,200,2026-04-04T08:04:37.971288
2026-04-03_21-01-14,1635,-72.17791411479868,8,0,0.01754949413358469,55.90169943749474,50,200,2026-04-04T08:04:41.315694
2026-04-03_21-01-14,1636,-29.140256980169866,26,0,0.020780732944928642,46.861498055439924,50,200,2026-04-04T08:04:46.902558
2026-04-03_21-01-14,1637,316.94864010693755,200,0,0.09727522475637543,7.280109889280518,50,200,2026-04-04T08:05:03.059772
2026-04-03_21-01-14,1638,272.56767953420945,200,0,0.06190820998759698,13.152946437965905,50,200,2026-04-04T08:05:17.437739
2026-04-03_21-01-14,1639,430.316282652283,156,1,0.390625,0.0,50,200,2026-04-04T08:05:33.172311
2026-04-03_21-01-14,1640,395.94767534456327,91,1,0.5235602094240838,0.0,50,200,2026-04-04T08:05:47.262821
2026-04-03_21-01-14,1641,50.548597963467586,53,0,0.034345107635652745,27.586228448267445,50,200,2026-04-04T08:05:56.278263
2026-04-03_21-01-14,1642,422.36656700884083,169,1,0.3717472118959108,0.0,50,200,2026-04-04T08:06:14.507088
2026-04-03_21-01-14,1643,51.87389630792772,54,0,0.0406061808249057,23.08679276123039,50,200,2026-04-04T08:06:25.283088
2026-04-03_21-01-14,1644,20.718084290721436,63,0,0.03609221031529013,26.076809620810597,50,200,2026-04-04T08:06:35.571252
2026-04-03_21-01-14,1645,21.868671292583997,32,0,0.026179259242997462,36.87817782917155,50,200,2026-04-04T08:06:42.853939
2026-04-03_21-01-14,1646,341.30947080001505,200,0,0.19098300562505258,2.23606797749979,50,200,2026-04-04T08:06:57.368369
2026-04-03_21-01-14,1647,43.09487530010648,47,0,0.030570757226349426,31.240998703626616,50,200,2026-04-04T08:07:05.576475
2026-04-03_21-01-14,1648,386.9174807141534,111,1,0.4739336492890995,0.0,50,200,2026-04-04T08:07:21.157158
2026-04-03_21-01-14,1649,-96.33300527399716,5,0,0.01654342651570396,59.39696961966999,50,200,2026-04-04T08:07:47.924866
2026-04-03_21-01-14,1650,-16.304762458535578,41,0,0.024529441116974506,39.35733730830886,50,200,2026-04-04T08:07:55.349961
2026-04-03_21-01-14,1651,426.5368060537825,165,1,0.3773584905660377,0.0,50,200,2026-04-04T08:08:13.235557
2026-04-03_21-01-14,1652,-102.19597742906655,1,0,0.015813927823395878,62.22539674441618,50,200,2026-04-04T08:08:15.105806
2026-04-03_21-01-14,1653,-77.71981545468452,9,0,0.01800445350808124,54.45181356024793,50,200,2026-04-04T08:08:18.379631
2026-04-03_21-01-14,1654,12.189998128812832,60,0,0.028408610518822916,33.60059523282288,50,200,2026-04-04T08:08:27.158501
2026-04-03_21-01-14,1655,275.55395404787225,200,0,0.06593902921292402,12.165525060596439,50,200,2026-04-04T08:08:44.152031
2026-04-03_21-01-14,1656,417.077082910236,124,1,0.4464285714285714,0.0,50,200,2026-04-04T08:08:59.214907
2026-04-03_21-01-14,1657,-35.6557726479472,33,0,0.020857037320083826,46.61544808322666,50,200,2026-04-04T08:09:04.919495
2026-04-03_21-01-14,1658,33.41103069998063,67,0,0.03463450430612193,27.202941017470888,50,200,2026-04-04T08:09:15.724444
2026-04-03_21-01-14,1659,-12.736211654668352,75,0,0.02497603584442486,38.28837943815329,50,200,2026-04-04T08:09:24.598445
2026-04-03_21-01-14,1660,428.16844646194096,181,1,0.35587188612099646,0.0,50,200,2026-04-04T08:09:41.631952
2026-04-03_21-01-14,1661,135.20662609886645,59,0,0.06697177191405765,13.341664064126334,50,200,2026-04-04T08:09:53.747351
2026-04-03_21-01-14,1662,105.88943878222189,157,0,0.07832056260721093,10.198039027185569,50,200,2026-04-04T08:10:08.969213
2026-04-03_21-01-14,1663,78.27144418945583,57,0,0.03694795474093053,25.495097567963924,50,200,2026-04-04T08:10:19.156233
2026-04-03_21-01-14,1664,86.24686702043118,37,0,0.03928780766169798,24.08318915758459,50,200,2026-04-04T08:10:28.577893
2026-04-03_21-01-14,1665,300.6019995795729,200,0,0.12347173609369323,5.0990195135927845,50,200,2026-04-04T08:11:04.871194
2026-04-03_21-01-14,1666,304.2171187608644,200,0,0.1715728752538099,2.8284271247461903,50,200,2026-04-04T08:11:23.704513
2026-04-03_21-01-14,1667,328.59037358922905,200,0,0.22654091966098644,1.4142135623730951,50,200,2026-04-04T08:11:39.463051
2026-04-03_21-01-14,1668,323.9406160901891,200,0,0.1715728752538099,2.8284271247461903,50,200,2026-04-04T08:11:56.439780
2026-04-03_21-01-14,1669,410.5658527394109,200,1,0.3333333333333333,0.0,50,200,2026-04-04T08:12:14.681090
2026-04-03_21-01-14,1670,75.38957760948375,68,0,0.03995966461885829,23.345235059857504,50,200,2026-04-04T08:12:24.763286
2026-04-03_21-01-14,1671,94.967296541769,103,0,0.040812653301453845,22.47220505424423,50,200,2026-04-04T08:12:36.787443
2026-04-03_21-01-14,1672,-72.8192856591231,22,0,0.018668903689584373,52.3450093132096,50,200,2026-04-04T08:12:41.224123
2026-04-03_21-01-14,1673,181.76975192628154,97,0,0.13111565624406116,5.656854249492381,50,200,2026-04-04T08:12:56.232309
2026-04-03_21-01-14,1674,421.05748066629326,142,1,0.4132231404958678,0.0,50,200,2026-04-04T08:13:12.798567
2026-04-03_21-01-14,1675,288.03397687265533,200,0,0.07662908283827055,10.04987562112089,50,200,2026-04-04T08:13:28.981052
2026-04-03_21-01-14,1676,-73.20173042397904,10,0,0.017488540764885634,56.08029957123981,50,200,2026-04-04T08:13:32.057717
2026-04-03_21-01-14,1677,-107.3452560850214,2,0,0.015989164805324058,61.5223536610881,50,200,2026-04-04T08:13:34.016219
2026-04-03_21-01-14,1678,-26.60198644547839,55,0,0.022856152497694612,42.20189569201838,50,200,2026-04-04T08:13:40.819742
2026-04-03_21-01-14,1679,-18.465323084608627,41,0,0.026641954487427854,36.124783736376884,50,200,2026-04-04T08:13:47.946160
2026-04-03_21-01-14,1680,433.14132102942057,191,1,0.3436426116838488,0.0,50,200,2026-04-04T08:14:06.572182
2026-04-03_21-01-14,1681,-24.943986926200992,25,0,0.02181110411872349,44.598206241955516,50,200,2026-04-04T08:14:40.584577
2026-04-03_21-01-14,1682,403.4209999736075,161,1,0.38314176245210724,0.0,50,200,2026-04-04T08:14:58.765156
2026-04-03_21-01-14,1683,-22.927635257118155,41,0,0.021999571360263828,44.04543109109048,50,200,2026-04-04T08:15:05.080909
2026-04-03_21-01-14,1684,-37.22635388080761,50,0,0.022753143799740104,42.44997055358225,50,200,2026-04-04T08:15:11.245601
2026-04-03_21-01-14,1685,285.086504844887,200,0,0.1715728752538099,2.8284271247461903,50,200,2026-04-04T08:15:29.422307
2026-04-03_21-01-14,1686,423.7850704625064,115,1,0.4651162790697674,0.0,50,200,2026-04-04T08:15:43.988605
2026-04-03_21-01-14,1687,424.51247450420766,178,1,0.3597122302158273,0.0,50,200,2026-04-04T08:16:00.232892
2026-04-03_21-01-14,1688,169.63687749378886,131,0,0.08841732979664013,9.0,50,200,2026-04-04T08:16:15.704752
2026-04-03_21-01-14,1689,-46.00190787776145,45,0,0.02279129197921063,42.42640687119285,50,200,2026-04-04T08:16:22.458837
2026-04-03_21-01-14,1690,245.54724396733036,200,0,0.046643773155848264,18.439088914585774,50,200,2026-04-04T08:16:37.188229
2026-04-03_21-01-14,1691,-66.44733444647723,13,0,0.017920585656464143,54.67174773134658,50,200,2026-04-04T08:16:41.086379
2026-04-03_21-01-14,1692,295.2611663303219,200,0,0.19098300562505258,2.23606797749979,50,200,2026-04-04T08:16:57.747990
2026-04-03_21-01-14,1693,-54.68194957514766,22,0,0.019977440759381713,48.83646178829912,50,200,2026-04-04T08:17:02.716553
2026-04-03_21-01-14,1694,426.0560412216705,153,1,0.39525691699604737,0.0,50,200,2026-04-04T08:17:18.674244
2026-04-03_21-01-14,1695,-72.34899700551368,8,0,0.01756052338620037,55.86591089385369,50,200,2026-04-04T08:17:21.810464
2026-04-03_21-01-14,1696,313.2311267471618,200,0,0.10724372001086317,6.324555320336759,50,200,2026-04-04T08:17:40.205777
2026-04-03_21-01-14,1697,306.8656236058446,200,0,0.14038820320220757,4.123105625617661,50,200,2026-04-04T08:18:22.419054
2026-04-03_21-01-14,1698,429.39518833737367,197,1,0.3367003367003367,0.0,50,200,2026-04-04T08:18:39.810568
2026-04-03_21-01-14,1699,259.848968244971,200,0,0.055452978702179294,15.033296378372908,50,200,2026-04-04T08:18:55.851673
2026-04-03_21-01-14,1700,420.10132760819255,123,1,0.4484304932735426,0.0,50,200,2026-04-04T08:19:11.735204
2026-04-03_21-01-14,1701,429.3100465361094,172,1,0.36764705882352944,0.0,50,200,2026-04-04T08:19:28.958957
2026-04-03_21-01-14,1702,58.463751747061195,77,0,0.032070933372100506,29.410882339705484,50,200,2026-04-04T08:19:38.423666
2026-04-03_21-01-14,1703,184.7438886435239,178,0,0.17830311025843187,2.8284271247461903,50,200,2026-04-04T08:19:54.459839
2026-04-03_21-01-14,1704,79.21386590604689,107,0,0.037759913903612406,24.413111231467404,50,200,2026-04-04T08:20:06.262663
2026-04-03_21-01-14,1705,318.099516821531,200,0,0.19098300562505258,2.23606797749979,50,200,2026-04-04T08:20:25.047058
2026-04-03_21-01-14,1706,-93.23679519401172,7,0,0.01634568222534588,60.108235708594876,50,200,2026-04-04T08:20:27.460001
2026-04-03_21-01-14,1707,417.90590641058725,160,1,0.3846153846153846,0.0,50,200,2026-04-04T08:20:44.228987
2026-04-03_21-01-14,1708,426.39467886006605,140,1,0.41666666666666663,0.0,50,200,2026-04-04T08:21:00.373238
2026-04-03_21-01-14,1709,324.85395163319043,200,0,0.16227766016837933,3.1622776601683795,50,200,2026-04-04T08:21:17.909142
2026-04-03_21-01-14,1710,-79.786256901561,22,0,0.017220393703030686,56.85068161420758,50,200,2026-04-04T08:21:21.646400
2026-04-03_21-01-14,1711,92.08620197335668,131,0,0.041765323926902305,21.633307652783937,50,200,2026-04-04T08:21:34.096681
2026-04-03_21-01-14,1712,413.11441575224205,162,1,0.38167938931297707,0.0,50,200,2026-04-04T08:21:51.304441
2026-04-03_21-01-14,1713,434.6559750454807,171,1,0.36900369003690037,0.0,50,200,2026-04-04T08:22:40.400777
2026-04-03_21-01-14,1714,131.77892184647055,62,0,0.059111931166373435,15.297058540778355,50,200,2026-04-04T08:22:52.407088
2026-04-03_21-01-14,1715,-20.736462603534434,33,0,0.02248741924564729,43.139309220245984,50,200,2026-04-04T08:22:58.614566
2026-04-03_21-01-14,1716,417.1849139395676,90,1,0.5263157894736842,0.0,50,200,2026-04-04T08:23:13.246243
2026-04-03_21-01-14,1717,49.73019735577432,78,0,0.03241608381949224,29.068883707497267,50,200,2026-04-04T08:23:23.909147
2026-04-03_21-01-14,1718,51.32933978567844,57,0,0.03165893245529003,30.01666203960727,50,200,2026-04-04T08:23:32.974651
2026-04-03_21-01-14,1719,416.29803705000324,109,1,0.47846889952153115,0.0,50,200,2026-04-04T08:23:49.348004
2026-04-03_21-01-14,1720,422.26966265230595,185,1,0.3508771929824561,0.0,50,200,2026-04-04T08:24:06.858349
2026-04-03_21-01-14,1721,426.71852300530304,164,1,0.3787878787878788,0.0,50,200,2026-04-04T08:24:23.704585
2026-04-03_21-01-14,1722,439.5855197353102,165,1,0.3773584905660377,0.0,50,200,2026-04-04T08:24:39.446644
2026-04-03_21-01-14,1723,85.77007524415117,78,0,0.05267413262122412,17.204650534085253,50,200,2026-04-04T08:24:50.941863
2026-04-03_21-01-14,1724,336.9757165046134,200,0,0.22654091966098644,1.4142135623730951,50,200,2026-04-04T08:25:06.503226
2026-04-03_21-01-14,1725,331.8263474609613,200,0,0.1715728752538099,2.8284271247461903,50,200,2026-04-04T08:25:22.457315
2026-04-03_21-01-14,1726,-57.61298938117595,57,0,0.02155550115322176,44.82186966202994,50,200,2026-04-04T08:25:29.585511
2026-04-03_21-01-14,1727,41.602116438169645,58,0,0.033786236193985304,28.0178514522438,50,200,2026-04-04T08:25:39.960770
2026-04-03_21-01-14,1728,439.2602450338101,169,1,0.3717472118959108,0.0,50,200,2026-04-04T08:25:55.176887
2026-04-03_21-01-14,1729,424.02877836343777,143,1,0.41152263374485604,0.0,50,200,2026-04-04T08:26:39.416891
2026-04-03_21-01-14,1730,423.86768730325497,125,1,0.4444444444444444,0.0,50,200,2026-04-04T08:26:54.982190
2026-04-03_21-01-14,1731,327.04590206142416,200,0,0.1715728752538099,2.8284271247461903,50,200,2026-04-04T08:27:10.125635
2026-04-03_21-01-14,1732,181.5481520571099,103,0,0.20582793038235417,2.8284271247461903,50,200,2026-04-04T08:27:24.832812
2026-04-03_21-01-14,1733,-67.68397158454998,15,0,0.018377793646260233,53.2634959423431,50,200,2026-04-04T08:27:28.799346
2026-04-03_21-01-14,1734,341.1299628438537,200,0,0.19098300562505258,2.23606797749979,50,200,2026-04-04T08:27:44.772887
2026-04-03_21-01-14,1735,-8.01581054780948,41,0,0.027013164433548936,35.608987629529715,50,200,2026-04-04T08:27:52.360573
2026-04-03_21-01-14,1736,429.0724986070521,124,1,0.4464285714285714,0.0,50,200,2026-04-04T08:28:07.572930
2026-04-03_21-01-14,1737,427.0201851281869,152,1,0.3968253968253968,0.0,50,200,2026-04-04T08:28:23.632509
2026-04-03_21-01-14,1738,-101.2467171035818,11,0,0.01614956221136931,60.81118318204309,50,200,2026-04-04T08:28:26.130347
2026-04-03_21-01-14,1739,4.382034479712587,34,0,0.02405906748072059,40.22437072223753,50,200,2026-04-04T08:28:32.922195
2026-04-03_21-01-14,1740,-86.83873204438987,11,0,0.017750385355978164,55.226805085936306,50,200,2026-04-04T08:28:36.471036
2026-04-03_21-01-14,1741,177.5183473247198,85,0,0.12116623611024813,6.4031242374328485,50,200,2026-04-04T08:28:50.256609
2026-04-03_21-01-14,1742,429.074678241011,171,1,0.36900369003690037,0.0,50,200,2026-04-04T08:29:07.592467
2026-04-03_21-01-14,1743,420.36297874770605,110,1,0.47619047619047616,0.0,50,200,2026-04-04T08:29:23.518145
2026-04-03_21-01-14,1744,330.19174953765565,200,0,0.1715728752538099,2.8284271247461903,50,200,2026-04-04T08:29:40.056422
2026-04-03_21-01-14,1745,415.72710521778725,114,1,0.4672897196261682,0.0,50,200,2026-04-04T08:30:20.790311
2026-04-03_21-01-14,1746,433.07925337169814,154,1,0.39370078740157477,0.0,50,200,2026-04-04T08:30:36.344492
2026-04-03_21-01-14,1747,326.86701213980945,200,0,0.14038820320220757,4.123105625617661,50,200,2026-04-04T08:30:54.235964
2026-04-03_21-01-14,1748,-114.77787324848381,2,0,0.01563563322975271,62.93647591023825,50,200,2026-04-04T08:30:56.201545
2026-04-03_21-01-14,1749,-62.45816443884374,13,0,0.01822485688709721,53.74011537017761,50,200,2026-04-04T08:30:59.909759
2026-04-03_21-01-14,1750,408.14348826512565,85,1,0.5405405405405405,0.0,50,200,2026-04-04T08:31:14.663287
2026-04-03_21-01-14,1751,399.85701118886965,149,1,0.4016064257028112,0.0,50,200,2026-04-04T08:31:31.296346
2026-04-03_21-01-14,1752,285.59501227457764,200,0,0.09929433687476769,7.0710678118654755,50,200,2026-04-04T08:31:45.959046
2026-04-03_21-01-14,1753,321.1408120592935,200,0,0.13383054136359812,4.47213595499958,50,200,2026-04-04T08:32:02.242870
2026-04-03_21-01-14,1754,339.3033754231379,200,0,0.2,2.0,50,200,2026-04-04T08:32:19.342625
2026-04-03_21-01-14,1755,108.8231517783828,107,0,0.045259140361687225,20.024984394500787,50,200,2026-04-04T08:32:33.217792
2026-04-03_21-01-14,1756,424.6084040918472,181,1,0.35587188612099646,0.0,50,200,2026-04-04T08:32:48.379934
2026-04-03_21-01-14,1757,83.5781243696755,85,0,0.04049022434947857,22.847319317591726,50,200,2026-04-04T08:32:59.442659
2026-04-03_21-01-14,1758,290.6471459432057,200,0,0.1715728752538099,2.8284271247461903,50,200,2026-04-04T08:33:15.234888
2026-04-03_21-01-14,1759,317.60257204692533,200,0,0.11925824035672519,5.385164807134504,50,200,2026-04-04T08:33:31.543720
2026-04-03_21-01-14,1760,436.88519290189504,184,1,0.35211267605633806,0.0,50,200,2026-04-04T08:33:47.520104
2026-04-03_21-01-14,1761,350.8535259371957,200,0,0.25,1.0,50,200,2026-04-04T08:34:35.024070
2026-04-03_21-01-14,1762,15.805091020009684,55,0,0.02968211873207183,32.14031735997639,50,200,2026-04-04T08:34:45.714672
2026-04-03_21-01-14,1763,443.00519181341986,195,1,0.3389830508474576,0.0,50,200,2026-04-04T08:35:00.772907
2026-04-03_21-01-14,1764,444.010208699171,188,1,0.3472222222222222,0.0,50,200,2026-04-04T08:35:15.884390
2026-04-03_21-01-14,1765,340.2512122756827,200,0,0.2,2.0,50,200,2026-04-04T08:35:31.240966
2026-04-03_21-01-14,1766,418.5080954080619,101,1,0.49751243781094534,0.0,50,200,2026-04-04T08:35:45.933294
2026-04-03_21-01-14,1767,448.99661329965295,196,1,0.33783783783783783,0.0,50,200,2026-04-04T08:36:00.656855
2026-04-03_21-01-14,1768,440.83187701612906,193,1,0.3412969283276451,0.0,50,200,2026-04-04T08:36:16.383880
2026-04-03_21-01-14,1769,363.92284387798026,160,1,0.3846153846153846,0.0,50,200,2026-04-04T08:36:33.175687
2026-04-03_21-01-14,1770,428.68707902373865,154,1,0.39370078740157477,0.0,50,200,2026-04-04T08:36:49.451970
2026-04-03_21-01-14,1771,428.2044670664295,157,1,0.3891050583657587,0.0,50,200,2026-04-04T08:37:05.066141
2026-04-03_21-01-14,1772,437.4670106111921,188,1,0.3472222222222222,0.0,50,200,2026-04-04T08:37:21.729479
2026-04-03_21-01-14,1773,442.03252517996003,192,1,0.3424657534246575,0.0,50,200,2026-04-04T08:37:37.159971
2026-04-03_21-01-14,1774,-7.456446921766073,29,0,0.022868542970684844,42.43819034784589,50,200,2026-04-04T08:37:43.990920
2026-04-03_21-01-14,1775,426.20459308266805,132,1,0.43103448275862066,0.0,50,200,2026-04-04T08:37:59.086725
2026-04-03_21-01-14,1776,435.4822890499335,149,1,0.4016064257028112,0.0,50,200,2026-04-04T08:38:14.032305
2026-04-03_21-01-14,1777,-112.58074006551311,8,0,0.016535220039774486,59.39696961966999,50,200,2026-04-04T08:38:52.868401
2026-04-03_21-01-14,1778,378.4057810153756,138,1,0.42016806722689076,0.0,50,200,2026-04-04T08:39:08.988062
2026-04-03_21-01-14,1779,88.1633790249478,188,0,0.07763975155279502,10.0,50,200,2026-04-04T08:39:25.055358
2026-04-03_21-01-14,1780,426.9590160253349,142,1,0.4132231404958678,0.0,50,200,2026-04-04T08:39:41.143402
2026-04-03_21-01-14,1781,-21.988017101316956,32,0,0.021966400443568866,44.204072210600685,50,200,2026-04-04T08:39:47.568034
2026-04-03_21-01-14,1782,300.54052734324705,200,0,0.08618961949296348,8.602325267042627,50,200,2026-04-04T08:40:05.459472
2026-04-03_21-01-14,1783,239.52723770282074,200,0,0.19098300562505258,2.23606797749979,50,200,2026-04-04T08:40:22.044442
2026-04-03_21-01-14,1784,432.9730321901515,179,1,0.35842293906810035,0.0,50,200,2026-04-04T08:40:38.476115
2026-04-03_21-01-14,1785,386.82587617042935,136,1,0.42372881355932196,0.0,50,200,2026-04-04T08:40:54.058575
2026-04-03_21-01-14,1786,323.2235887901912,200,0,0.12347173609369323,5.0990195135927845,50,200,2026-04-04T08:41:09.704723
2026-04-03_21-01-14,1787,441.9942126392811,200,1,0.3333333333333333,0.0,50,200,2026-04-04T08:41:26.312040
2026-04-03_21-01-14,1788,-54.930685695197646,35,0,0.01917415268376145,50.80354318352215,50,200,2026-04-04T08:41:31.789371
2026-04-03_21-01-14,1789,420.2540690519526,178,1,0.3597122302158273,0.0,50,200,2026-04-04T08:41:48.544728
2026-04-03_21-01-14,1790,-79.98588566325981,10,0,0.017118914280032645,57.3149195236284,50,200,2026-04-04T08:41:51.555402
2026-04-03_21-01-14,1791,431.3422511542267,164,1,0.3787878787878788,0.0,50,200,2026-04-04T08:42:08.402652
2026-04-03_21-01-14,1792,134.63149400946872,60,0,0.05929672592637454,15.264337522473747,50,200,2026-04-04T08:42:19.933949
2026-04-03_21-01-14,1793,333.17447604586556,200,0,0.19098300562505258,2.23606797749979,50,200,2026-04-04T08:43:05.968660
2026-04-03_21-01-14,1794,317.5860949812706,200,0,0.19098300562505258,2.23606797749979,50,200,2026-04-04T08:43:22.450383
2026-04-03_21-01-14,1795,145.6013290421117,76,0,0.06997918217091915,12.529964086141668,50,200,2026-04-04T08:43:35.097937
2026-04-03_21-01-14,1796,325.62885009942727,200,0,0.110098661796365,6.082762530298219,50,200,2026-04-04T08:43:51.283494
2026-04-03_21-01-14,1797,-18.23693963081911,27,0,0.02175908922284235,44.68780594300866,50,200,2026-04-04T08:43:56.605573
2026-04-03_21-01-14,1798,342.9348745191198,200,0,0.2,2.0,50,200,2026-04-04T08:44:12.037315
2026-04-03_21-01-14,1799,-104.84472633349667,10,0,0.015775446984649787,62.289646009589745,50,200,2026-04-04T08:44:14.153454
2026-04-03_21-01-14,1800,-17.75410660055384,29,0,0.02432225104757126,39.824615503479755,50,200,2026-04-04T08:44:20.641749
2026-04-03_21-01-14,1801,-9.637256628253908,28,0,0.023099007642675223,42.01190307520001,50,200,2026-04-04T08:44:26.763497
2026-04-03_21-01-14,1802,176.75436215170004,80,0,0.12190477323709874,6.4031242374328485,50,200,2026-04-04T08:44:40.834620
2026-04-03_21-01-14,1803,-94.28563579827123,7,0,0.016934010650235084,57.982756057296896,50,200,2026-04-04T08:44:43.612436
2026-04-03_21-01-14,1804,-68.2034838324249,7,0,0.017780162090707142,55.17245689653489,50,200,2026-04-04T08:44:46.686080
2026-04-03_21-01-14,1805,330.340750317397,200,0,0.25,1.0,50,200,2026-04-04T08:45:02.598589
2026-04-03_21-01-14,1806,-0.029768229533175372,26,0,0.02353436436060912,41.23105625617661,50,200,2026-04-04T08:45:08.674929
2026-04-03_21-01-14,1807,-56.54715260465152,16,0,0.018590543286212638,52.630789467763066,50,200,2026-04-04T08:45:13.092724
2026-04-03_21-01-14,1808,438.1677393396424,180,1,0.35714285714285715,0.0,50,200,2026-04-04T08:45:29.743219
2026-04-03_21-01-14,1809,59.11839913221681,56,0,0.032648920853593576,29.068883707497267,50,200,2026-04-04T08:46:00.619670
2026-04-03_21-01-14,1810,327.45276625912055,200,0,0.1715728752538099,2.8284271247461903,50,200,2026-04-04T08:46:17.940083
2026-04-03_21-01-14,1811,-81.80197051065484,15,0,0.017754907280359118,55.17245689653489,50,200,2026-04-04T08:46:21.316349
2026-04-03_21-01-14,1812,-81.72669511808292,17,0,0.018633209722211712,52.49761899362675,50,200,2026-04-04T08:46:25.075266
2026-04-03_21-01-14,1813,397.2806569243561,158,1,0.38759689922480617,0.0,50,200,2026-04-04T08:46:40.960436
2026-04-03_21-01-14,1814,339.6976130745041,200,0,0.19098300562505258,2.23606797749979,50,200,2026-04-04T08:46:58.098967
2026-04-03_21-01-14,1815,-41.27383695260427,29,0,0.021160716178910622,45.967379738244816,50,200,2026-04-04T08:47:03.446889
2026-04-03_21-01-14,1816,316.049184628877,200,0,0.13383054136359812,4.47213595499958,50,200,2026-04-04T08:47:20.373414
2026-04-03_21-01-14,1817,-106.53049777874622,1,0,0.0156380783423265,62.93647591023825,50,200,2026-04-04T08:47:22.148291
2026-04-03_21-01-14,1818,141.44078222591753,73,0,0.07261323256930319,12.041594578792296,50,200,2026-04-04T08:47:34.650713
2026-04-03_21-01-14,1819,85.04100747159897,81,0,0.038223974513788304,24.351591323771842,50,200,2026-04-04T08:47:46.131783
2026-04-03_21-01-14,1820,389.8425526295899,149,1,0.4016064257028112,0.0,50,200,2026-04-04T08:48:02.828228
2026-04-03_21-01-14,1821,73.20799159531813,68,0,0.03573228856528682,26.30589287593181,50,200,2026-04-04T08:48:13.767073
2026-04-03_21-01-14,1822,38.5664310757779,48,0,0.0292606716780048,32.69556544854363,50,200,2026-04-04T08:48:22.701100
2026-04-03_21-01-14,1823,-50.06678481563843,59,0,0.024146065050778452,39.824615503479755,50,200,2026-04-04T08:48:30.477749
2026-04-03_21-01-14,1824,137.30276734760622,98,0,0.08051331094627834,10.44030650891055,50,200,2026-04-04T08:48:43.977050
2026-04-03_21-01-14,1825,431.776295012379,188,1,0.3472222222222222,0.0,50,200,2026-04-04T08:49:21.717823
2026-04-03_21-01-14,1826,-114.3580605107276,4,0,0.016546163818156382,59.39696961966999,50,200,2026-04-04T08:49:24.080575
2026-04-03_21-01-14,1827,416.41805489602666,114,1,0.4672897196261682,0.0,50,200,2026-04-04T08:49:39.341367
2026-04-03_21-01-14,1828,419.4607204194551,168,1,0.373134328358209,0.0,50,200,2026-04-04T08:49:55.216308
2026-04-03_21-01-14,1829,-28.831040218551095,20,0,0.02152628508127738,45.254833995939045,50,200,2026-04-04T08:50:00.669269
2026-04-03_21-01-14,1830,149.38122027276438,81,0,0.08893647083318193,9.433981132056603,50,200,2026-04-04T08:50:13.964258
2026-04-03_21-01-14,1831,423.8247189032969,188,1,0.3472222222222222,0.0,50,200,2026-04-04T08:50:29.954506
2026-04-03_21-01-14,1832,337.83511891010875,200,0,0.1513878188659973,3.605551275463989,50,200,2026-04-04T08:50:45.073528
2026-04-03_21-01-14,1833,-85.29056941809391,15,0,0.017754907280359118,55.17245689653489,50,200,2026-04-04T08:50:48.844111
2026-04-03_21-01-14,1834,29.106585816059464,41,0,0.027464982147761607,35.0,50,200,2026-04-04T08:50:56.280401
2026-04-03_21-01-14,1835,421.9741444980249,97,1,0.5076142131979695,0.0,50,200,2026-04-04T08:51:11.504017
2026-04-03_21-01-14,1836,-36.72029946812265,37,0,0.022820645184533354,42.44997055358225,50,200,2026-04-04T08:51:17.978369
2026-04-03_21-01-14,1837,-65.69575944528746,16,0,0.019709007919454263,49.57822102496216,50,200,2026-04-04T08:51:22.245689
2026-04-03_21-01-14,1838,407.9289627310803,156,1,0.390625,0.0,50,200,2026-04-04T08:51:37.662505
2026-04-03_21-01-14,1839,-37.87706963340847,20,0,0.021181563406998317,46.010868281309364,50,200,2026-04-04T08:51:42.739299
2026-04-03_21-01-14,1840,104.87314440814413,58,0,0.045252381410060015,20.518284528683193,50,200,2026-04-04T08:51:52.888080
2026-04-03_21-01-14,1841,344.00307899474745,200,0,0.25,1.0,50,200,2026-04-04T08:52:29.289599
2026-04-03_21-01-14,1842,-62.806266691821335,11,0,0.018707320658026407,52.3450093132096,50,200,2026-04-04T08:52:33.040269
2026-04-03_21-01-14,1843,-96.15182947797085,10,0,0.016525155396056944,59.413803110051795,50,200,2026-04-04T08:52:35.695565
2026-04-03_21-01-14,1844,418.1551966635616,188,1,0.3472222222222222,0.0,50,200,2026-04-04T08:52:52.371026
2026-04-03_21-01-14,1845,334.6547819011495,200,0,0.1715728752538099,2.8284271247461903,50,200,2026-04-04T08:53:07.755248
2026-04-03_21-01-14,1846,-65.29002184027884,23,0,0.018136533602705354,53.907327887774215,50,200,2026-04-04T08:53:11.921701
2026-04-03_21-01-14,1847,415.1356228800673,123,1,0.4484304932735426,0.0,50,200,2026-04-04T08:53:28.492128
2026-04-03_21-01-14,1848,154.6265918913557,89,0,0.07573629788001533,11.313708498984761,50,200,2026-04-04T08:53:41.770050
2026-04-03_21-01-14,1849,284.25400736026023,200,0,0.19098300562505258,2.23606797749979,50,200,2026-04-04T08:53:56.241747
2026-04-03_21-01-14,1850,301.0827013431063,200,0,0.19098300562505258,2.23606797749979,50,200,2026-04-04T08:54:10.509513
2026-04-03_21-01-14,1851,281.9277403214388,200,0,0.07576883186511127,10.198039027185569,50,200,2026-04-04T08:54:26.318679
2026-04-03_21-01-14,1852,147.74610955087056,104,0,0.09448220390534252,8.54400374531753,50,200,2026-04-04T08:54:40.939139
2026-04-03_21-01-14,1853,322.5532415954322,200,0,0.1715728752538099,2.8284271247461903,50,200,2026-04-04T08:54:56.989547
2026-04-03_21-01-14,1854,332.59425611006066,200,0,0.16227766016837933,3.1622776601683795,50,200,2026-04-04T08:55:12.654265
2026-04-03_21-01-14,1855,-28.8471105846301,40,0,0.020826630593276337,46.61544808322666,50,200,2026-04-04T08:55:18.984509
2026-04-03_21-01-14,1856,417.2580505622947,99,1,0.5025125628140703,0.0,50,200,2026-04-04T08:55:34.058704
2026-04-03_21-01-14,1857,339.49284971569256,200,0,0.2,2.0,50,200,2026-04-04T08:56:21.482753
2026-04-03_21-01-14,1858,132.6860117532852,68,0,0.060437316880002825,14.866068747318506,50,200,2026-04-04T08:56:33.802357
2026-04-03_21-01-14,1859,325.30191367536173,200,0,0.1513878188659973,3.605551275463989,50,200,2026-04-04T08:56:49.086763
2026-04-03_21-01-14,1860,376.45259770116496,88,1,0.5319148936170213,0.0,50,200,2026-04-04T08:57:04.074234
2026-04-03_21-01-14,1861,329.0029000230421,200,0,0.12347173609369323,5.0990195135927845,50,200,2026-04-04T08:57:20.335600
2026-04-03_21-01-14,1862,326.13005385251927,200,0,0.1715728752538099,2.8284271247461903,50,200,2026-04-04T08:57:35.375215
2026-04-03_21-01-14,1863,-78.05400267822183,11,0,0.017773250280809234,55.154328932550705,50,200,2026-04-04T08:57:39.143140
2026-04-03_21-01-14,1864,-87.99971841791515,6,0,0.017140894079569202,57.28001396647874,50,200,2026-04-04T08:57:41.881213
2026-04-03_21-01-14,1865,418.18232605775137,117,1,0.4608294930875576,0.0,50,200,2026-04-04T08:57:57.117802
2026-04-03_21-01-14,1866,340.25306021184844,200,0,0.1715728752538099,2.8284271247461903,50,200,2026-04-04T08:58:12.171354
2026-04-03_21-01-14,1867,426.5165696514555,113,1,0.4694835680751174,0.0,50,200,2026-04-04T08:58:27.625835
2026-04-03_21-01-14,1868,297.3064784292008,200,0,0.19098300562505258,2.23606797749979,50,200,2026-04-04T08:58:41.955479
2026-04-03_21-01-14,1869,-48.66352334630762,12,0,0.01975602311773764,49.49747468305833,50,200,2026-04-04T08:58:46.165800
2026-04-03_21-01-14,1870,438.76774557878946,176,1,0.3623188405797102,0.0,50,200,2026-04-04T08:59:02.324660
2026-04-03_21-01-14,1871,334.57228537394974,200,0,0.25,1.0,50,200,2026-04-04T08:59:17.723677
2026-04-03_21-01-14,1872,334.3230274100993,200,0,0.19098300562505258,2.23606797749979,50,200,2026-04-04T08:59:32.750881
2026-04-03_21-01-14,1873,419.241726497277,166,1,0.37593984962406013,0.0,50,200,2026-04-04T09:00:20.451391
2026-04-03_21-01-14,1874,421.94218736193113,119,1,0.4566210045662101,0.0,50,200,2026-04-04T09:00:36.015164
2026-04-03_21-01-14,1875,401.09318305545054,161,1,0.38314176245210724,0.0,50,200,2026-04-04T09:00:51.666740
2026-04-03_21-01-14,1876,441.5284615756695,174,1,0.36496350364963503,0.0,50,200,2026-04-04T09:01:07.543388
2026-04-03_21-01-14,1877,343.8043757319746,200,0,0.1715728752538099,2.8284271247461903,50,200,2026-04-04T09:01:22.571881
2026-04-03_21-01-14,1878,415.51087848292383,107,1,0.48309178743961345,0.0,50,200,2026-04-04T09:01:37.810003
2026-04-03_21-01-14,1879,319.8021076234816,200,0,0.1715728752538099,2.8284271247461903,50,200,2026-04-04T09:01:53.707912
2026-04-03_21-01-14,1880,325.0934805627163,200,0,0.1715728752538099,2.8284271247461903,50,200,2026-04-04T09:02:08.878599
2026-04-03_21-01-14,1881,-2.6890407363036672,26,0,0.0232378736943771,41.773197148410844,50,200,2026-04-04T09:02:15.081833
2026-04-03_21-01-14,1882,17.72770134030347,33,0,0.025728999848174845,37.53664875824692,50,200,2026-04-04T09:02:21.894287
2026-04-03_21-01-14,1883,441.55634227380494,196,1,0.33783783783783783,0.0,50,200,2026-04-04T09:02:38.562890
2026-04-03_21-01-14,1884,147.1936361867305,63,0,0.08711668157815573,9.848857801796104,50,200,2026-04-04T09:02:50.599719
2026-04-03_21-01-14,1885,426.37645243936504,130,1,0.4347826086956522,0.0,50,200,2026-04-04T09:03:05.688083
2026-04-03_21-01-14,1886,430.4665217489319,159,1,0.3861003861003861,0.0,50,200,2026-04-04T09:03:22.260084
2026-04-03_21-01-14,1887,444.5539593068554,184,1,0.35211267605633806,0.0,50,200,2026-04-04T09:03:38.206062
2026-04-03_21-01-14,1888,423.98211820157894,115,1,0.4651162790697674,0.0,50,200,2026-04-04T09:03:53.333989
2026-04-03_21-01-14,1889,440.7182748334971,167,1,0.37453183520599254,0.0,50,200,2026-04-04T09:04:41.537570
2026-04-03_21-01-14,1890,-47.796030640382256,13,0,0.019208116097313814,50.93132631298737,50,200,2026-04-04T09:04:45.561198
2026-04-03_21-01-14,1891,428.6203062912972,126,1,0.4424778761061947,0.0,50,200,2026-04-04T09:05:01.151302
2026-04-03_21-01-14,1892,339.71678077554424,200,0,0.19098300562505258,2.23606797749979,50,200,2026-04-04T09:05:16.989984
2026-04-03_21-01-14,1893,8.862080081080563,37,0,0.024739463526968552,39.05124837953327,50,200,2026-04-04T09:05:24.098213
2026-04-03_21-01-14,1894,-41.62789074089535,22,0,0.019977440759381713,48.83646178829912,50,200,2026-04-04T09:05:29.066694
2026-04-03_21-01-14,1895,-10.72973421965446,28,0,0.022442573373721467,43.278170016764804,50,200,2026-04-04T09:05:34.792014
2026-04-03_21-01-14,1896,382.99001749623426,129,1,0.4366812227074236,0.0,50,200,2026-04-04T09:05:51.831066
2026-04-03_21-01-14,1897,340.113471895139,200,0,0.19098300562505258,2.23606797749979,50,200,2026-04-04T09:06:08.548702
2026-04-03_21-01-14,1898,-25.553466701058085,28,0,0.021887965448752673,44.40720662234904,50,200,2026-04-04T09:06:14.263069
2026-04-03_21-01-14,1899,-54.360089247868586,18,0,0.019018497524427934,51.40038910358559,50,200,2026-04-04T09:06:18.311920
2026-04-03_21-01-14,1900,117.93269388249504,74,0,0.052785349521269766,17.204650534085253,50,200,2026-04-04T09:06:30.292279
2026-04-03_21-01-14,1901,427.44460719805727,131,1,0.4329004329004329,0.0,50,200,2026-04-04T09:06:46.353535
2026-04-03_21-01-14,1902,-46.059108063321005,21,0,0.01943280383116581,50.24937810560445,50,200,2026-04-04T09:06:50.763980
2026-04-03_21-01-14,1903,442.28455982879495,196,1,0.33783783783783783,0.0,50,200,2026-04-04T09:07:07.783883
2026-04-03_21-01-14,1904,294.53414810559246,200,0,0.19098300562505258,2.23606797749979,50,200,2026-04-04T09:07:23.266364
2026-04-03_21-01-14,1905,412.31791367882937,159,1,0.3861003861003861,0.0,50,200,2026-04-04T09:08:01.504515
2026-04-03_21-01-14,1906,31.334369014349235,37,0,0.027625721559217227,34.828149534535996,50,200,2026-04-04T09:08:09.201897
2026-04-03_21-01-14,1907,424.9877739132445,121,1,0.45248868778280543,0.0,50,200,2026-04-04T09:08:25.165342
2026-04-03_21-01-14,1908,416.703170210783,199,1,0.33444816053511706,0.0,50,200,2026-04-04T09:08:40.453147
2026-04-03_21-01-14,1909,421.13953266218635,125,1,0.4444444444444444,0.0,50,200,2026-04-04T09:08:56.331338
2026-04-03_21-01-14,1910,427.25647462265096,174,1,0.36496350364963503,0.0,50,200,2026-04-04T09:09:12.474745
2026-04-03_21-01-14,1911,-110.18448376785344,8,0,0.016343010848726497,60.108235708594876,50,200,2026-04-04T09:09:14.874252
2026-04-03_21-01-14,1912,55.36363724167016,38,0,0.03535161839256107,26.90724809414742,50,200,2026-04-04T09:09:23.455195
2026-04-03_21-01-14,1913,-108.04778151174027,9,0,0.017343483840023165,56.568542494923804,50,200,2026-04-04T09:09:26.534508
2026-04-03_21-01-14,1914,104.82201535909647,66,0,0.05786869809957582,15.620499351813308,50,200,2026-04-04T09:09:38.226252
2026-04-03_21-01-14,1915,-36.96249147490421,21,0,0.02100380060238861,46.400431032480725,50,200,2026-04-04T09:09:43.291959
2026-04-03_21-01-14,1916,132.55292055333229,90,0,0.09127931034746034,9.055385138137417,50,200,2026-04-04T09:09:57.604557
2026-04-03_21-01-14,1917,296.18501341431687,200,0,0.08183611128016957,9.219544457292887,50,200,2026-04-04T09:10:13.567956
2026-04-03_21-01-14,1918,437.82137511291813,147,1,0.40485829959514175,0.0,50,200,2026-04-04T09:10:29.045683
2026-04-03_21-01-14,1919,-10.50153034525411,26,0,0.023263771196554726,41.72529209005013,50,200,2026-04-04T09:10:35.030207
2026-04-03_21-01-14,1920,429.2986269237871,136,1,0.42372881355932196,0.0,50,200,2026-04-04T09:10:50.562338
2026-04-03_21-01-14,1921,163.2259536538774,102,0,0.0902903138380769,9.055385138137417,50,200,2026-04-04T09:11:27.686279
2026-04-03_21-01-14,1922,422.6157598684385,141,1,0.41493775933609955,0.0,50,200,2026-04-04T09:11:42.564933
2026-04-03_21-01-14,1923,430.46115425897983,132,1,0.43103448275862066,0.0,50,200,2026-04-04T09:11:57.909567
2026-04-03_21-01-14,1924,425.1679426683699,120,1,0.45454545454545453,0.0,50,200,2026-04-04T09:12:13.474248
2026-04-03_21-01-14,1925,421.4281569543917,176,1,0.3623188405797102,0.0,50,200,2026-04-04T09:12:29.647278
2026-04-03_21-01-14,1926,148.2718950945736,63,0,0.11992990434095209,6.708203932499369,50,200,2026-04-04T09:12:42.953031
2026-04-03_21-01-14,1927,50.458514083580525,47,0,0.03345002843260372,28.42534080710379,50,200,2026-04-04T09:12:52.058929
2026-04-03_21-01-14,1928,438.61669205645086,175,1,0.36363636363636365,0.0,50,200,2026-04-04T09:13:07.562117
2026-04-03_21-01-14,1929,344.47122006423774,200,0,0.22654091966098644,1.4142135623730951,50,200,2026-04-04T09:13:24.020806
2026-04-03_21-01-14,1930,56.31443978130375,63,0,0.04341986198765875,21.400934559032695,50,200,2026-04-04T09:13:35.164555
2026-04-03_21-01-14,1931,-69.00203705129496,9,0,0.01800445350808124,54.45181356024793,50,200,2026-04-04T09:13:38.689508
2026-04-03_21-01-14,1932,282.59082032707863,200,0,0.06593902921292402,12.165525060596439,50,200,2026-04-04T09:13:53.518436
2026-04-03_21-01-14,1933,127.89586423350855,64,0,0.05542862564457386,16.401219466856727,50,200,2026-04-04T09:14:05.265600
2026-04-03_21-01-14,1934,376.2633000311732,85,1,0.5405405405405405,0.0,50,200,2026-04-04T09:14:19.594523
2026-04-03_21-01-14,1935,409.36962220590135,186,1,0.34965034965034963,0.0,50,200,2026-04-04T09:14:36.155095
2026-04-03_21-01-14,1936,116.43462098939715,59,0,0.05013144527443358,18.35755975068582,50,200,2026-04-04T09:14:46.905329
2026-04-03_21-01-14,1937,427.16466847007916,158,1,0.38759689922480617,0.0,50,200,2026-04-04T09:15:29.905099
2026-04-03_21-01-14,1938,341.09248593254,200,0,0.19098300562505258,2.23606797749979,50,200,2026-04-04T09:15:45.211967
2026-04-03_21-01-14,1939,418.71341585934,96,1,0.5102040816326531,0.0,50,200,2026-04-04T09:16:00.050825
2026-04-03_21-01-14,1940,57.40877491054913,46,0,0.04143949518569473,22.67156809750927,50,200,2026-04-04T09:16:09.754248
2026-04-03_21-01-14,1941,419.9059034903291,94,1,0.5154639175257733,0.0,50,200,2026-04-04T09:16:24.364832
2026-04-03_21-01-14,1942,61.037229187368354,42,0,0.03287310979618672,29.0,50,200,2026-04-04T09:16:33.526957
2026-04-03_21-01-14,1943,-73.30092328977918,14,0,0.017952711725553742,54.56189146281496,50,200,2026-04-04T09:16:36.986470
2026-04-03_21-01-14,1944,29.82852293026052,37,0,0.027625721559217227,34.828149534535996,50,200,2026-04-04T09:16:44.271182
2026-04-03_21-01-14,1945,64.3287228377065,58,0,0.04204577359100834,22.20360331117452,50,200,2026-04-04T09:16:54.695540
2026-04-03_21-01-14,1946,86.93031687588184,51,0,0.042169888180965384,22.20360331117452,50,200,2026-04-04T09:17:04.841134
2026-04-03_21-01-14,1947,51.30646880974959,41,0,0.03214557076993504,29.698484809834994,50,200,2026-04-04T09:17:13.499931
2026-04-03_21-01-14,1948,427.98017754223133,117,1,0.4608294930875576,0.0,50,200,2026-04-04T09:17:28.627923
2026-04-03_21-01-14,1949,425.1869278020267,113,1,0.4694835680751174,0.0,50,200,2026-04-04T09:17:43.423020
2026-04-03_21-01-14,1950,420.6637146545571,112,1,0.4716981132075471,0.0,50,200,2026-04-04T09:17:58.486505
2026-04-03_21-01-14,1951,433.5077151378977,147,1,0.40485829959514175,0.0,50,200,2026-04-04T09:18:14.550466
2026-04-03_21-01-14,1952,448.47194256637596,195,1,0.3389830508474576,0.0,50,200,2026-04-04T09:18:29.829076
2026-04-03_21-01-14,1953,422.44374086066347,129,1,0.4366812227074236,0.0,50,200,2026-04-04T09:19:07.537220
2026-04-03_21-01-14,1954,430.6889589179357,138,1,0.42016806722689076,0.0,50,200,2026-04-04T09:19:23.505983
2026-04-03_21-01-14,1955,440.34678032296836,186,1,0.34965034965034963,0.0,50,200,2026-04-04T09:19:39.096135
2026-04-03_21-01-14,1956,443.3003495210844,175,1,0.36363636363636365,0.0,50,200,2026-04-04T09:19:53.584085
2026-04-03_21-01-14,1957,-103.83713017315026,2,0,0.0158074112826743,62.24146527838174,50,200,2026-04-04T09:19:55.592203
2026-04-03_21-01-14,1958,-96.18956789030966,3,0,0.016548902026595806,59.39696961966999,50,200,2026-04-04T09:19:58.024915
2026-04-03_21-01-14,1959,431.52809477021566,137,1,0.42194092827004215,0.0,50,200,2026-04-04T09:20:13.979805
2026-04-03_21-01-14,1960,424.77365380227593,110,1,0.47619047619047616,0.0,50,200,2026-04-04T09:20:28.477565
2026-04-03_21-01-14,1961,222.9545855488942,145,0,0.2898550724637681,1.0,50,200,2026-04-04T09:20:43.446032
2026-04-03_21-01-14,1962,344.2578543482135,200,0,0.22654091966098644,1.4142135623730951,50,200,2026-04-04T09:20:58.434006
2026-04-03_21-01-14,1963,424.7172374084624,106,1,0.4854368932038835,0.0,50,200,2026-04-04T09:21:13.722170
2026-04-03_21-01-14,1964,-90.81403780776796,7,0,0.01756360764762879,55.86591089385369,50,200,2026-04-04T09:21:16.702974
2026-04-03_21-01-14,1965,431.4273898852713,156,1,0.390625,0.0,50,200,2026-04-04T09:21:31.729309
2026-04-03_21-01-14,1966,403.0052180142369,91,1,0.5235602094240838,0.0,50,200,2026-04-04T09:21:45.845781
2026-04-03_21-01-14,1967,424.3805483659399,134,1,0.4273504273504274,0.0,50,200,2026-04-04T09:22:01.393799
2026-04-03_21-01-14,1968,442.2206810715838,166,1,0.37593984962406013,0.0,50,200,2026-04-04T09:22:16.428976
2026-04-03_21-01-14,1969,433.4808642962902,133,1,0.4291845493562232,0.0,50,200,2026-04-04T09:22:58.990889
2026-04-03_21-01-14,1970,437.6849052584219,145,1,0.4081632653061224,0.0,50,200,2026-04-04T09:23:14.034726
2026-04-03_21-01-14,1971,424.2831805497817,105,1,0.48780487804878053,0.0,50,200,2026-04-04T09:23:28.486718
2026-04-03_21-01-14,1972,174.1071990215678,77,0,0.10654423335412129,7.615773105863909,50,200,2026-04-04T09:23:41.457674
2026-04-03_21-01-14,1973,-82.52975228706117,10,0,0.016925412196923013,57.982756057296896,50,200,2026-04-04T09:23:44.261989
2026-04-03_21-01-14,1974,421.69714595057224,181,1,0.35587188612099646,0.0,50,200,2026-04-04T09:24:00.147851
2026-04-03_21-01-14,1975,169.44876467045881,69,0,0.11234563294585856,7.211102550927978,50,200,2026-04-04T09:24:13.531437
2026-04-03_21-01-14,1976,-28.193468974816483,16,0,0.02121908762070385,45.967379738244816,50,200,2026-04-04T09:24:18.363084
2026-04-03_21-01-14,1977,431.88226036519654,129,1,0.4366812227074236,0.0,50,200,2026-04-04T09:24:33.194683
2026-04-03_21-01-14,1978,351.4338112690065,200,0,0.22654091966098644,1.4142135623730951,50,200,2026-04-04T09:24:48.820460
2026-04-03_21-01-14,1979,-66.80014455025372,18,0,0.020861723135195465,46.75467891024384,50,200,2026-04-04T09:24:53.545251
2026-04-03_21-01-14,1980,439.24308886181217,168,1,0.373134328358209,0.0,50,200,2026-04-04T09:25:09.447729
2026-04-03_21-01-14,1981,440.05267727900684,173,1,0.3663003663003663,0.0,50,200,2026-04-04T09:25:24.035432
2026-04-03_21-01-14,1982,79.32045160951706,36,0,0.03729138622016749,25.45584412271571,50,200,2026-04-04T09:25:32.986108
2026-04-03_21-01-14,1983,-50.696025642420615,12,0,0.018959632630293682,51.62363799656123,50,200,2026-04-04T09:25:36.818714
2026-04-03_21-01-14,1984,144.35476642148004,63,0,0.08995367671293024,9.486832980505138,50,200,2026-04-04T09:25:49.371261
2026-04-03_21-01-14,1985,428.42923459749693,135,1,0.425531914893617,0.0,50,200,2026-04-04T09:26:27.074623
2026-04-03_21-01-14,1986,424.07360836118255,185,1,0.3508771929824561,0.0,50,200,2026-04-04T09:26:42.176096
2026-04-03_21-01-14,1987,47.23966489091757,38,0,0.046772684752104776,20.0,50,200,2026-04-04T09:26:51.683520
2026-04-03_21-01-14,1988,27.856540165715884,48,0,0.028080346371196135,34.132096331752024,50,200,2026-04-04T09:26:59.775751
2026-04-03_21-01-14,1989,-59.831451960619425,11,0,0.018963227988655178,51.62363799656123,50,200,2026-04-04T09:27:03.570062
2026-04-03_21-01-14,1990,-106.40189179723548,3,0,0.016356376470631765,60.108235708594876,50,200,2026-04-04T09:27:05.774813
2026-04-03_21-01-14,1991,397.16927845555995,105,1,0.48780487804878053,0.0,50,200,2026-04-04T09:27:20.248138
2026-04-03_21-01-14,1992,385.98762883097345,97,1,0.5076142131979695,0.0,50,200,2026-04-04T09:27:36.009817
2026-04-03_21-01-14,1993,-90.15754605201988,10,0,0.017725069960264458,55.31726674375732,50,200,2026-04-04T09:27:39.418517
2026-04-03_21-01-14,1994,11.22565000952764,33,0,0.025043501732518268,38.600518131237564,50,200,2026-04-04T09:27:46.416699
2026-04-03_21-01-14,1995,165.33883137903533,79,0,0.17271157167530224,4.0,50,200,2026-04-04T09:28:00.468727
2026-04-03_21-01-14,1996,-35.76539834084049,17,0,0.02057883200028577,47.4236228055175,50,200,2026-04-04T09:28:05.206586
2026-04-03_21-01-14,1997,432.9200465533436,143,1,0.41152263374485604,0.0,50,200,2026-04-04T09:28:20.491195
2026-04-03_21-01-14,1998,416.8026790745987,134,1,0.4273504273504274,0.0,50,200,2026-04-04T09:28:34.598180
2026-04-03_21-01-14,1999,436.22499603907045,155,1,0.3921568627450981,0.0,50,200,2026-04-04T09:28:50.736865
2026-04-03_21-01-14,2000,427.65050906475983,140,1,0.41666666666666663,0.0,50,200,2026-04-04T09:29:06.171580
2026-04-03_21-01-14,2001,-108.83293573182,4,0,0.016167839458410303,60.81118318204309,50,200,2026-04-04T09:29:33.419718
2026-04-03_21-01-14,2002,48.17307001852829,50,0,0.0331832982287407,28.635642126552707,50,200,2026-04-04T09:29:42.511739
2026-04-03_21-01-14,2003,437.73579632382274,155,1,0.3921568627450981,0.0,50,200,2026-04-04T09:29:56.929205
2026-04-03_21-01-14,2004,54.24775378834198,37,0,0.031397665863633795,30.479501308256342,50,200,2026-04-04T09:30:05.035728
2026-04-03_21-01-14,2005,438.1785001006237,175,1,0.36363636363636365,0.0,50,200,2026-04-04T09:30:21.854389
2026-04-03_21-01-14,2006,428.2593440403006,136,1,0.42372881355932196,0.0,50,200,2026-04-04T09:30:37.398732
2026-04-03_21-01-14,2007,97.76577668052121,53,0,0.04347653966439102,21.470910553583888,50,200,2026-04-04T09:30:47.907697
2026-04-03_21-01-14,2008,313.4175626197559,200,0,0.1715728752538099,2.8284271247461903,50,200,2026-04-04T09:31:03.502583
2026-04-03_21-01-14,2009,181.25965302758897,67,0,0.1333164129058348,5.830951894845301,50,200,2026-04-04T09:31:16.485670
2026-04-03_21-01-14,2010,-28.45303315902615,20,0,0.021485445153715896,45.34313619501854,50,200,2026-04-04T09:31:21.834848
2026-04-03_21-01-14,2011,444.2273088243885,192,1,0.3424657534246575,0.0,50,200,2026-04-04T09:31:37.310880
2026-04-03_21-01-14,2012,-84.92834715590395,10,0,0.017770683121916032,55.17245689653489,50,200,2026-04-04T09:31:40.762487
2026-04-03_21-01-14,2013,43.37777751018365,72,0,0.030207182315851417,31.38470965295043,50,200,2026-04-04T09:31:50.197322
2026-04-03_21-01-14,2014,321.8289852748269,200,0,0.1715728752538099,2.8284271247461903,50,200,2026-04-04T09:32:07.054500
2026-04-03_21-01-14,2015,53.093723165889116,45,0,0.031270839038654796,30.528675044947494,50,200,2026-04-04T09:32:15.629520
2026-04-03_21-01-14,2016,340.49847817620065,200,0,0.19098300562505258,2.23606797749979,50,200,2026-04-04T09:32:31.083011
2026-04-03_21-01-14,2017,429.09094042670586,139,1,0.41841004184100417,0.0,50,200,2026-04-04T09:33:09.952129
2026-04-03_21-01-14,2018,431.13577246315174,164,1,0.3787878787878788,0.0,50,200,2026-04-04T09:33:25.481910
2026-04-03_21-01-14,2019,427.77863013282246,138,1,0.42016806722689076,0.0,50,200,2026-04-04T09:33:41.724322
2026-04-03_21-01-14,2020,85.78758273421761,67,0,0.04334458135803959,21.400934559032695,50,200,2026-04-04T09:33:52.692266
2026-04-03_21-01-14,2021,-80.2181425820805,6,0,0.01735251243059088,56.568542494923804,50,200,2026-04-04T09:33:55.541355
2026-04-03_21-01-14,2022,-90.6909979812424,14,0,0.017988260068476532,54.45181356024793,50,200,2026-04-04T09:33:59.126517
2026-04-03_21-01-14,2023,302.29567377478924,200,0,0.08295048134434817,9.055385138137417,50,200,2026-04-04T09:34:15.832722
2026-04-03_21-01-14,2024,423.982708367995,140,1,0.41666666666666663,0.0,50,200,2026-04-04T09:34:31.533628
2026-04-03_21-01-14,2025,50.629363112331305,33,0,0.030793085457381898,31.144823004794873,50,200,2026-04-04T09:34:39.529257
2026-04-03_21-01-14,2026,431.3642172284629,158,1,0.38759689922480617,0.0,50,200,2026-04-04T09:34:54.622460
2026-04-03_21-01-14,2027,428.15832104949214,115,1,0.4651162790697674,0.0,50,200,2026-04-04T09:35:09.614331
2026-04-03_21-01-14,2028,-70.42596460018447,10,0,0.018717512782421928,52.32590180780452,50,200,2026-04-04T09:35:13.296527
2026-04-03_21-01-14,2029,106.83428934280329,82,0,0.049493247765528915,18.384776310850235,50,200,2026-04-04T09:35:24.905858
2026-04-03_21-01-14,2030,57.473240768004445,41,0,0.032007305060160335,29.832867780352597,50,200,2026-04-04T09:35:33.426444
2026-04-03_21-01-14,2031,442.09566313043837,194,1,0.3401360544217687,0.0,50,200,2026-04-04T09:35:48.924934
2026-04-03_21-01-14,2032,387.8933792692026,99,1,0.5025125628140703,0.0,50,200,2026-04-04T09:36:03.973020
2026-04-03_21-01-14,2033,330.47472335763683,200,0,0.1715728752538099,2.8284271247461903,50,200,2026-04-04T09:36:44.360111
2026-04-03_21-01-14,2034,435.7793967145343,162,1,0.38167938931297707,0.0,50,200,2026-04-04T09:37:01.313788
2026-04-03_21-01-14,2035,-93.87355334470959,6,0,0.01778905875048085,55.154328932550705,50,200,2026-04-04T09:37:04.374765
2026-04-03_21-01-14,2036,428.4123338189328,147,1,0.40485829959514175,0.0,50,200,2026-04-04T09:37:21.457953
2026-04-03_21-01-14,2037,-42.51629475210727,19,0,0.020894690785093165,46.66904755831214,50,200,2026-04-04T09:37:26.313044
2026-04-03_21-01-14,2038,444.6240530454373,182,1,0.35460992907801414,0.0,50,200,2026-04-04T09:37:41.064635
2026-04-03_21-01-14,2039,430.0476152330061,150,1,0.4,0.0,50,200,2026-04-04T09:37:56.868407
2026-04-03_21-01-14,2040,424.3517403815386,134,1,0.4273504273504274,0.0,50,200,2026-04-04T09:38:12.089337
2026-04-03_21-01-14,2041,426.9835471849879,144,1,0.4098360655737705,0.0,50,200,2026-04-04T09:38:27.814995
2026-04-03_21-01-14,2042,428.46560265017393,152,1,0.3968253968253968,0.0,50,200,2026-04-04T09:38:43.566170
2026-04-03_21-01-14,2043,334.00909486890936,200,0,0.1715728752538099,2.8284271247461903,50,200,2026-04-04T09:38:59.317861
2026-04-03_21-01-14,2044,434.9056042834511,162,1,0.38167938931297707,0.0,50,200,2026-04-04T09:39:15.492016
2026-04-03_21-01-14,2045,-92.1080126166829,5,0,0.016738048203617198,58.69412236331676,50,200,2026-04-04T09:39:18.023351
2026-04-03_21-01-14,2046,421.93407987804045,111,1,0.4739336492890995,0.0,50,200,2026-04-04T09:39:33.461909
2026-04-03_21-01-14,2047,138.16733920875137,71,0,0.08651373839417008,9.848857801796104,50,200,2026-04-04T09:39:46.077659
2026-04-03_21-01-14,2048,-69.8776136145006,12,0,0.017747235153348414,55.226805085936306,50,200,2026-04-04T09:39:49.627415
2026-04-03_21-01-14,2049,421.5515437799686,183,1,0.35335689045936397,0.0,50,200,2026-04-04T09:40:32.515527
2026-04-03_21-01-14,2050,268.67005107965684,200,0,0.055452978702179294,15.033296378372908,50,200,2026-04-04T09:40:49.388358
2026-04-03_21-01-14,2051,-0.7659037546930847,62,0,0.03160889725812596,30.01666203960727,50,200,2026-04-04T09:40:58.991779
2026-04-03_21-01-14,2052,53.9774279930744,53,0,0.04262263518955622,21.93171219946131,50,200,2026-04-04T09:41:09.027233
2026-04-03_21-01-14,2053,422.26965040704977,118,1,0.4587155963302753,0.0,50,200,2026-04-04T09:41:24.371011
2026-04-03_21-01-14,2054,428.28295959318,174,1,0.36496350364963503,0.0,50,200,2026-04-04T09:41:41.246549
2026-04-03_21-01-14,2055,254.02775144341635,200,0,0.0499266418716242,17.029386365926403,50,200,2026-04-04T09:41:57.149444
2026-04-03_21-01-14,2056,-1.6920515606699666,31,0,0.027189949423005736,35.4682957019364,50,200,2026-04-04T09:42:04.094773
2026-04-03_21-01-14,2057,328.37006495329035,200,0,0.13807118745769836,4.242640687119285,50,200,2026-04-04T09:42:21.436419
2026-04-03_21-01-14,2058,437.2954909809276,193,1,0.3412969283276451,0.0,50,200,2026-04-04T09:42:38.506530
2026-04-03_21-01-14,2059,423.8273466566316,151,1,0.39840637450199207,0.0,50,200,2026-04-04T09:42:54.865633
2026-04-03_21-01-14,2060,290.7785282717681,200,0,0.14038820320220757,4.123105625617661,50,200,2026-04-04T09:43:11.068049
2026-04-03_21-01-14,2061,7.822815584898009,40,0,0.029368872819282184,32.64965543462902,50,200,2026-04-04T09:43:18.814469
2026-04-03_21-01-14,2062,429.5538788686172,166,1,0.37593984962406013,0.0,50,200,2026-04-04T09:43:35.239677
2026-04-03_21-01-14,2063,334.56376783993477,200,0,0.1715728752538099,2.8284271247461903,50,200,2026-04-04T09:43:52.086182
2026-04-03_21-01-14,2064,269.65363581004857,200,0,0.058823529411764705,14.0,50,200,2026-04-04T09:44:07.547219
2026-04-03_21-01-14,2065,435.26038810917476,184,1,0.35211267605633806,0.0,50,200,2026-04-04T09:44:59.027759
2026-04-03_21-01-14,2066,179.44417817096252,89,0,0.12173513489212276,6.324555320336759,50,200,2026-04-04T09:45:13.132045
2026-04-03_21-01-14,2067,410.71502852496536,164,1,0.3787878787878788,0.0,50,200,2026-04-04T09:45:29.024302
2026-04-03_21-01-14,2068,422.99924323057104,139,1,0.41841004184100417,0.0,50,200,2026-04-04T09:45:44.791837
2026-04-03_21-01-14,2069,429.3960034721543,147,1,0.40485829959514175,0.0,50,200,2026-04-04T09:46:01.078253
2026-04-03_21-01-14,2070,9.840125705433408,31,0,0.024776240580979863,39.05124837953327,50,200,2026-04-04T09:46:07.755402
2026-04-03_21-01-14,2071,425.0685032661951,141,1,0.41493775933609955,0.0,50,200,2026-04-04T09:46:22.894149
2026-04-03_21-01-14,2072,341.32676001013556,200,0,0.2,2.0,50,200,2026-04-04T09:46:39.191246
2026-04-03_21-01-14,2073,38.31504400009756,44,0,0.028833782813784604,33.24154027718932,50,200,2026-04-04T09:46:47.155794
2026-04-03_21-01-14,2074,433.08887139800544,158,1,0.38759689922480617,0.0,50,200,2026-04-04T09:47:03.146958
2026-04-03_21-01-14,2075,118.0341323521049,63,0,0.06646104565105007,13.416407864998739,50,200,2026-04-04T09:47:14.773981
2026-04-03_21-01-14,2076,403.72106586527514,189,1,0.3460207612456747,0.0,50,200,2026-04-04T09:47:32.081169
2026-04-03_21-01-14,2077,328.49806647892177,117,1,0.4608294930875576,0.0,50,200,2026-04-04T09:47:47.897710
2026-04-03_21-01-14,2078,417.28422528005086,113,1,0.4694835680751174,0.0,50,200,2026-04-04T09:48:02.931527
2026-04-03_21-01-14,2079,428.95486598058096,181,1,0.35587188612099646,0.0,50,200,2026-04-04T09:48:19.363606
2026-04-03_21-01-14,2080,432.7274306693614,158,1,0.38759689922480617,0.0,50,200,2026-04-04T09:48:35.058313
2026-04-03_21-01-14,2081,49.53865377052226,51,0,0.030653503538870946,31.11269837220809,50,200,2026-04-04T09:49:14.667328
2026-04-03_21-01-14,2082,51.25966277668911,43,0,0.03349484457273587,28.42534080710379,50,200,2026-04-04T09:49:23.386115
2026-04-03_21-01-14,2083,391.14315194115284,144,1,0.4098360655737705,0.0,50,200,2026-04-04T09:49:38.655609
2026-04-03_21-01-14,2084,-100.25136988506573,13,0,0.018218679465284313,53.75872022286245,50,200,2026-04-04T09:49:42.286904
2026-04-03_21-01-14,2085,282.481216282982,200,0,0.06593902921292402,12.165525060596439,50,200,2026-04-04T09:49:58.464771
2026-04-03_21-01-14,2086,-27.706009115630224,22,0,0.02088160134699587,46.66904755831214,50,200,2026-04-04T09:50:03.498686
2026-04-03_21-01-14,2087,324.5013379181765,200,0,0.1715728752538099,2.8284271247461903,50,200,2026-04-04T09:50:19.360921
2026-04-03_21-01-14,2088,425.9814491959094,125,1,0.4444444444444444,0.0,50,200,2026-04-04T09:50:34.735667
2026-04-03_21-01-14,2089,399.14472429980566,148,1,0.40322580645161293,0.0,50,200,2026-04-04T09:50:51.832953
2026-04-03_21-01-14,2090,377.44876743443655,140,1,0.41666666666666663,0.0,50,200,2026-04-04T09:51:07.617890
2026-04-03_21-01-14,2091,420.749404125483,121,1,0.45248868778280543,0.0,50,200,2026-04-04T09:51:24.356269
2026-04-03_21-01-14,2092,401.67287573095297,134,1,0.4273504273504274,0.0,50,200,2026-04-04T09:51:40.648855
2026-04-03_21-01-14,2093,428.9808458620674,157,1,0.3891050583657587,0.0,50,200,2026-04-04T09:51:56.343325
2026-04-03_21-01-14,2094,105.73855767639877,65,0,0.04566531844090722,20.248456731316587,50,200,2026-04-04T09:52:07.217205
2026-04-03_21-01-14,2095,38.21038051164021,60,0,0.03344264239788815,28.30194339616981,50,200,2026-04-04T09:52:17.146150
2026-04-03_21-01-14,2096,43.792869296547366,53,0,0.03060460342365909,31.144823004794873,50,200,2026-04-04T09:52:25.820326
2026-04-03_21-01-14,2097,1.727082579698049,37,0,0.024349345030613184,39.698866482558415,50,200,2026-04-04T09:52:57.115034
2026-04-03_21-01-14,2098,44.35621286220909,51,0,0.03428340255954861,27.65863337187866,50,200,2026-04-04T09:53:06.469605
2026-04-03_21-01-14,2099,405.5154376150704,200,1,0.3333333333333333,0.0,50,200,2026-04-04T09:53:21.368362
2026-04-03_21-01-14,2100,438.85881643390945,200,1,0.3333333333333333,0.0,50,200,2026-04-04T09:53:37.372007
2026-04-03_21-01-14,2101,20.878782705500157,42,0,0.026110902833562606,36.87817782917155,50,200,2026-04-04T09:53:45.156303
2026-04-03_21-01-14,2102,120.17474250071245,95,0,0.05681019016572945,15.652475842498529,50,200,2026-04-04T09:53:57.860276
2026-04-03_21-01-14,2103,86.5282448331017,68,0,0.045861857541290484,20.12461179749811,50,200,2026-04-04T09:54:09.092470
2026-04-03_21-01-14,2104,438.897112202612,195,1,0.3389830508474576,0.0,50,200,2026-04-04T09:54:24.774943
2026-04-03_21-01-14,2105,420.968646812958,137,1,0.42194092827004215,0.0,50,200,2026-04-04T09:54:41.059426
2026-04-03_21-01-14,2106,332.8285188182322,200,0,0.22654091966098644,1.4142135623730951,50,200,2026-04-04T09:54:56.926744
2026-04-03_21-01-14,2107,107.29266217845031,79,0,0.05863610935823377,15.264337522473747,50,200,2026-04-04T09:55:08.924379
2026-04-03_21-01-14,2108,436.9951454564608,174,1,0.36496350364963503,0.0,50,200,2026-04-04T09:55:24.679571
2026-04-03_21-01-14,2109,151.48694387531154,92,0,0.07506518895029023,11.40175425099138,50,200,2026-04-04T09:55:38.103184
2026-04-03_21-01-14,2110,30.047798485080037,48,0,0.029472476725732145,32.449961479175904,50,200,2026-04-04T09:55:46.577868
2026-04-03_21-01-14,2111,423.8896107650767,153,1,0.39525691699604737,0.0,50,200,2026-04-04T09:56:02.764518
2026-04-03_21-01-14,2112,427.28918021770136,147,1,0.40485829959514175,0.0,50,200,2026-04-04T09:56:18.686855
2026-04-03_21-01-14,2113,313.5155312624235,200,0,0.19098300562505258,2.23606797749979,50,200,2026-04-04T09:57:02.787403
2026-04-03_21-01-14,2114,426.7354818338506,117,1,0.4608294930875576,0.0,50,200,2026-04-04T09:57:17.324263
2026-04-03_21-01-14,2115,332.0877127603543,200,0,0.19098300562505258,2.23606797749979,50,200,2026-04-04T09:57:35.278018
2026-04-03_21-01-14,2116,414.2372344533047,121,1,0.45248868778280543,0.0,50,200,2026-04-04T09:57:50.876783
2026-04-03_21-01-14,2117,338.6315701333901,200,0,0.1715728752538099,2.8284271247461903,50,200,2026-04-04T09:58:06.731102
2026-04-03_21-01-14,2118,408.456655138411,111,1,0.4739336492890995,0.0,50,200,2026-04-04T09:58:22.584873
2026-04-03_21-01-14,2119,438.48644090784535,174,1,0.36496350364963503,0.0,50,200,2026-04-04T09:58:37.890452
2026-04-03_21-01-14,2120,311.1924687929102,200,0,0.1715728752538099,2.8284271247461903,50,200,2026-04-04T09:58:54.006038
2026-04-03_21-01-14,2121,159.415275783032,88,0,0.1326813504543161,5.656854249492381,50,200,2026-04-04T09:59:07.768198
2026-04-03_21-01-14,2122,107.81271127561428,56,0,0.05013844148535204,18.384776310850235,50,200,2026-04-04T09:59:18.312865
2026-04-03_21-01-14,2123,391.7050668885001,138,1,0.42016806722689076,0.0,50,200,2026-04-04T09:59:35.441078
2026-04-03_21-01-14,2124,122.03020364198889,67,0,0.053646449063438066,16.97056274847714,50,200,2026-04-04T09:59:47.054102
2026-04-03_21-01-14,2125,3.996709419497435,26,0,0.027123066411486266,35.608987629529715,50,200,2026-04-04T09:59:53.810265
2026-04-03_21-01-14,2126,-68.82942718716654,11,0,0.017767525711223288,55.17245689653489,50,200,2026-04-04T09:59:57.122377
2026-04-03_21-01-14,2127,335.01291607777205,200,0,0.19098300562505258,2.23606797749979,50,200,2026-04-04T10:00:14.784691
2026-04-03_21-01-14,2128,151.26588528947372,108,0,0.10927686479422413,7.0710678118654755,50,200,2026-04-04T10:00:29.222274
2026-04-03_21-01-14,2129,433.2287599069737,164,1,0.3787878787878788,0.0,50,200,2026-04-04T10:01:14.760490
2026-04-03_21-01-14,2130,32.54605896211254,35,0,0.027729167072538807,34.713109915419565,50,200,2026-04-04T10:01:22.387758
2026-04-03_21-01-14,2131,434.7626506214768,181,1,0.35587188612099646,0.0,50,200,2026-04-04T10:01:39.223759
2026-04-03_21-01-14,2132,432.6283372277432,157,1,0.3891050583657587,0.0,50,200,2026-04-04T10:01:55.202282
2026-04-03_21-01-14,2133,-111.70708988097226,3,0,0.01598660868011541,61.5223536610881,50,200,2026-04-04T10:01:57.296590
2026-04-03_21-01-14,2134,-62.31563727304238,15,0,0.019470571468980763,50.20956084253277,50,200,2026-04-04T10:02:01.502281
2026-04-03_21-01-14,2135,370.8806988530959,200,1,0.3333333333333333,0.0,50,200,2026-04-04T10:02:17.396388
2026-04-03_21-01-14,2136,14.293310398798553,29,0,0.025266320000864075,38.28837943815329,50,200,2026-04-04T10:02:23.961968
2026-04-03_21-01-14,2137,406.23079581534,102,1,0.49504950495049505,0.0,50,200,2026-04-04T10:02:39.124601
2026-04-03_21-01-14,2138,286.6025696346628,200,0,0.125,5.0,50,200,2026-04-04T10:02:55.093452
2026-04-03_21-01-14,2139,337.3901778439962,200,0,0.1715728752538099,2.8284271247461903,50,200,2026-04-04T10:03:11.909532
2026-04-03_21-01-14,2140,324.8563550949963,200,0,0.13383054136359812,4.47213595499958,50,200,2026-04-04T10:03:28.717033
2026-04-03_21-01-14,2141,164.45356953982042,98,0,0.2371878265096236,2.23606797749979,50,200,2026-04-04T10:03:43.101487
2026-04-03_21-01-14,2142,191.93815290957087,108,0,0.1581617633336711,4.242640687119285,50,200,2026-04-04T10:03:57.901422
2026-04-03_21-01-14,2143,441.1507348054147,178,1,0.3597122302158273,0.0,50,200,2026-04-04T10:04:13.056746
2026-04-03_21-01-14,2144,444.4920092525971,184,1,0.35211267605633806,0.0,50,200,2026-04-04T10:04:29.161286
2026-04-03_21-01-14,2145,272.4415731202631,200,0,0.055148845229188885,15.132745950421556,50,200,2026-04-04T10:05:16.775745
2026-04-03_21-01-14,2146,416.06270290970315,110,1,0.47619047619047616,0.0,50,200,2026-04-04T10:05:31.838996
2026-04-03_21-01-14,2147,-68.72032763023338,14,0,0.017976387004328707,54.48853090330111,50,200,2026-04-04T10:05:35.355411
2026-04-03_21-01-14,2148,328.05655628904964,200,0,0.13807118745769836,4.242640687119285,50,200,2026-04-04T10:05:51.921147
2026-04-03_21-01-14,2149,435.4059699142239,168,1,0.373134328358209,0.0,50,200,2026-04-04T10:06:08.627437
2026-04-03_21-01-14,2150,40.177913203815606,45,0,0.03531066253888756,26.870057685088806,50,200,2026-04-04T10:06:17.682524
2026-04-03_21-01-14,2151,333.1411614858136,200,0,0.1715728752538099,2.8284271247461903,50,200,2026-04-04T10:06:36.124527
2026-04-03_21-01-14,2152,-106.21930014023457,1,0,0.0156380783423265,62.93647591023825,50,200,2026-04-04T10:06:37.975251
2026-04-03_21-01-14,2153,335.8519033077788,200,0,0.19098300562505258,2.23606797749979,50,200,2026-04-04T10:06:55.847979
2026-04-03_21-01-14,2154,437.26267963201695,192,1,0.3424657534246575,0.0,50,200,2026-04-04T10:07:12.913365
2026-04-03_21-01-14,2155,340.70280100302955,200,0,0.19098300562505258,2.23606797749979,50,200,2026-04-04T10:07:29.541390
2026-04-03_21-01-14,2156,332.9839117255358,200,0,0.1513878188659973,3.605551275463989,50,200,2026-04-04T10:07:46.728754
2026-04-03_21-01-14,2157,-65.66106066591263,9,0,0.01799255906457586,54.48853090330111,50,200,2026-04-04T10:07:50.100675
2026-04-03_21-01-14,2158,-16.451923180285476,29,0,0.021980885671671915,44.204072210600685,50,200,2026-04-04T10:07:55.419568
2026-04-03_21-01-14,2159,-91.85507629832341,7,0,0.016537954626962132,59.39696961966999,50,200,2026-04-04T10:07:57.981648
2026-04-03_21-01-14,2160,388.64739583206574,181,1,0.35587188612099646,0.0,50,200,2026-04-04T10:08:14.361709
2026-04-03_21-01-14,2161,329.03117658629816,200,0,0.22654091966098644,1.4142135623730951,50,200,2026-04-04T10:08:58.438015
2026-04-03_21-01-14,2162,347.222512096689,200,0,0.25,1.0,50,200,2026-04-04T10:09:13.832409
2026-04-03_21-01-14,2163,228.12614738676743,158,1,0.38759689922480617,0.0,50,200,2026-04-04T10:09:28.414349
2026-04-03_21-01-14,2164,-60.06062023309521,13,0,0.018914413558378338,51.73973328110612,50,200,2026-04-04T10:09:32.559747
2026-04-03_21-01-14,2165,422.21771298590977,118,1,0.4587155963302753,0.0,50,200,2026-04-04T10:09:48.514578
2026-04-03_21-01-14,2166,334.51781460467885,200,0,0.19098300562505258,2.23606797749979,50,200,2026-04-04T10:10:03.723986
2026-04-03_21-01-14,2167,-1.0858432066510062,34,0,0.02523444092788773,38.28837943815329,50,200,2026-04-04T10:10:10.780382
2026-04-03_21-01-14,2168,340.2123275890167,200,0,0.19098300562505258,2.23606797749979,50,200,2026-04-04T10:10:26.840800
2026-04-03_21-01-14,2169,437.3679995822929,165,1,0.3773584905660377,0.0,50,200,2026-04-04T10:10:42.069064
2026-04-03_21-01-14,2170,432.96867422596625,158,1,0.38759689922480617,0.0,50,200,2026-04-04T10:10:57.429488
2026-04-03_21-01-14,2171,419.870320608015,113,1,0.4694835680751174,0.0,50,200,2026-04-04T10:11:12.598816
2026-04-03_21-01-14,2172,164.1650245029501,77,0,0.09099558256360477,9.219544457292887,50,200,2026-04-04T10:11:25.649325
2026-04-03_21-01-14,2173,339.8806573419792,200,0,0.19098300562505258,2.23606797749979,50,200,2026-04-04T10:11:42.041337
2026-04-03_21-01-14,2174,7.49768198269328,35,0,0.028276782315609414,34.0147027033899,50,200,2026-04-04T10:11:49.741578
2026-04-03_21-01-14,2175,346.504201772586,200,0,0.25,1.0,50,200,2026-04-04T10:12:06.332476
2026-04-03_21-01-14,2176,-11.844616030446005,31,0,0.023940709407270392,40.45985664828782,50,200,2026-04-04T10:12:12.788654
2026-04-03_21-01-14,2177,416.58759303920027,99,1,0.5025125628140703,0.0,50,200,2026-04-04T10:12:58.478233
2026-04-03_21-01-14,2178,97.10009016714379,61,0,0.04404311747084305,21.095023109728988,50,200,2026-04-04T10:13:09.205347
2026-04-03_21-01-14,2179,407.8714125949103,118,1,0.4587155963302753,0.0,50,200,2026-04-04T10:13:23.722727
2026-04-03_21-01-14,2180,172.43031579145105,98,0,0.12531328320802004,6.0,50,200,2026-04-04T10:13:37.975926
2026-04-03_21-01-14,2181,-72.43451157336725,9,0,0.01799255906457586,54.48853090330111,50,200,2026-04-04T10:13:41.334968
2026-04-03_21-01-14,2182,92.44249879618232,55,0,0.04106184535663862,22.80350850198276,50,200,2026-04-04T10:13:51.518678
2026-04-03_21-01-14,2183,403.0962693540604,125,1,0.4444444444444444,0.0,50,200,2026-04-04T10:14:07.182394
2026-04-03_21-01-14,2184,431.9985165705859,145,1,0.4081632653061224,0.0,50,200,2026-04-04T10:14:23.058153
2026-04-03_21-01-14,2185,-86.28241528370418,7,0,0.016732446833583894,58.69412236331676,50,200,2026-04-04T10:14:25.824494
2026-04-03_21-01-14,2186,212.19523984176146,175,0,0.1691395528895915,3.1622776601683795,50,200,2026-04-04T10:14:41.134524
2026-04-03_21-01-14,2187,335.85486825359965,200,0,0.19098300562505258,2.23606797749979,50,200,2026-04-04T10:14:56.568268
2026-04-03_21-01-14,2188,426.3495649697315,143,1,0.41152263374485604,0.0,50,200,2026-04-04T10:15:13.647195
2026-04-03_21-01-14,2189,399.9411459080398,126,1,0.4424778761061947,0.0,50,200,2026-04-04T10:15:29.223214
2026-04-03_21-01-14,2190,-21.68397737972522,22,0,0.02135519330465393,45.60701700396552,50,200,2026-04-04T10:15:34.730904
2026-04-03_21-01-14,2191,-9.412569730573239,36,0,0.023386078167530668,41.400483088968905,50,200,2026-04-04T10:15:41.208778
2026-04-03_21-01-14,2192,339.88638738289427,200,0,0.19098300562505258,2.23606797749979,50,200,2026-04-04T10:15:57.352479
2026-04-03_21-01-14,2193,293.4181601472395,200,0,0.09727522475637543,7.280109889280518,50,200,2026-04-04T10:16:36.503678
2026-04-03_21-01-14,2194,438.36502721338286,192,1,0.3424657534246575,0.0,50,200,2026-04-04T10:16:52.119370
2026-04-03_21-01-14,2195,416.1420979962083,113,1,0.4694835680751174,0.0,50,200,2026-04-04T10:17:07.349947
2026-04-03_21-01-14,2196,419.45552590241334,113,1,0.4694835680751174,0.0,50,200,2026-04-04T10:17:22.795159
2026-04-03_21-01-14,2197,371.0531434755142,193,1,0.3412969283276451,0.0,50,200,2026-04-04T10:17:39.195669
2026-04-03_21-01-14,2198,433.899966587826,198,1,0.33557046979865773,0.0,50,200,2026-04-04T10:17:55.087894
2026-04-03_21-01-14,2199,-63.08880432284822,13,0,0.018169486753410066,53.907327887774215,50,200,2026-04-04T10:17:58.985738
2026-04-03_21-01-14,2200,-49.069964772063685,26,0,0.02063485403010861,47.20169488482379,50,200,2026-04-04T10:18:04.666197
2026-04-03_21-01-14,2201,-22.774291322977703,33,0,0.02349565748511884,41.23105625617661,50,200,2026-04-04T10:18:11.017419
2026-04-03_21-01-14,2202,-58.166109710428266,16,0,0.01966995027495416,49.678969393496885,50,200,2026-04-04T10:18:15.370692
2026-04-03_21-01-14,2203,338.67880807481333,200,0,0.22654091966098644,1.4142135623730951,50,200,2026-04-04T10:18:31.152134
2026-04-03_21-01-14,2204,38.16469599438551,46,0,0.031769569427078835,30.01666203960727,50,200,2026-04-04T10:18:39.985237
2026-04-03_21-01-14,2205,-4.500753486949165,43,0,0.02466382319167356,39.11521443121589,50,200,2026-04-04T10:18:46.838456
2026-04-03_21-01-14,2206,312.8553219822126,200,0,0.11925824035672519,5.385164807134504,50,200,2026-04-04T10:19:04.066333
2026-04-03_21-01-14,2207,331.2659120071397,200,0,0.1715728752538099,2.8284271247461903,50,200,2026-04-04T10:19:20.440122
2026-04-03_21-01-14,2208,134.5877668779172,97,0,0.06767617651401799,12.806248474865697,50,200,2026-04-04T10:19:33.380583
2026-04-03_21-01-14,2209,331.02745699732804,200,0,0.25,1.0,50,200,2026-04-04T10:20:18.608723
2026-04-03_21-01-14,2210,-96.11193372880328,3,0,0.016166155669603263,60.8276253029822,50,200,2026-04-04T10:20:20.886861
2026-04-03_21-01-14,2211,340.39835861429077,200,0,0.2,2.0,50,200,2026-04-04T10:20:37.128965
2026-04-03_21-01-14,2212,-104.91051703535166,11,0,0.016145275107146407,60.8276253029822,50,200,2026-04-04T10:20:39.417264
2026-04-03_21-01-14,2213,424.82354038960455,150,1,0.4,0.0,50,200,2026-04-04T10:20:55.172072
2026-04-03_21-01-14,2214,-100.15331161775953,8,0,0.017782731989198854,55.154328932550705,50,200,2026-04-04T10:20:58.451421
2026-04-03_21-01-14,2215,-93.26114022747586,8,0,0.016334131032749843,60.14149981501958,50,200,2026-04-04T10:21:00.927035
2026-04-03_21-01-14,2216,441.0462964628667,173,1,0.3663003663003663,0.0,50,200,2026-04-04T10:21:16.648769
2026-04-03_21-01-14,2217,-5.528170358070028,56,0,0.023153874126411615,41.6293165929973,50,200,2026-04-04T10:21:24.656730
2026-04-03_21-01-14,2218,-52.53123149498443,13,0,0.019478156485739553,50.20956084253277,50,200,2026-04-04T10:21:28.776926
2026-04-03_21-01-14,2219,429.548392237337,174,1,0.36496350364963503,0.0,50,200,2026-04-04T10:21:45.604474
2026-04-03_21-01-14,2220,6.627843290051771,38,0,0.025208995531544043,38.28837943815329,50,200,2026-04-04T10:21:52.538579
2026-04-03_21-01-14,2221,87.99044513324675,91,0,0.06271295419190709,14.035668847618199,50,200,2026-04-04T10:22:05.826713
2026-04-03_21-01-14,2222,127.56782699977745,106,0,0.0590804642784181,14.866068747318506,50,200,2026-04-04T10:22:18.924536
2026-04-03_21-01-14,2223,53.15065896398464,65,0,0.03112404361355678,30.479501308256342,50,200,2026-04-04T10:22:28.183677
2026-04-03_21-01-14,2224,315.51946711518656,200,0,0.1513878188659973,3.605551275463989,50,200,2026-04-04T10:22:45.815309
2026-04-03_21-01-14,2225,430.3274025752826,144,1,0.4098360655737705,0.0,50,200,2026-04-04T10:23:22.962609
2026-04-03_21-01-14,2226,437.5643130042629,194,1,0.3401360544217687,0.0,50,200,2026-04-04T10:23:38.573694
2026-04-03_21-01-14,2227,411.24136893986133,153,1,0.39525691699604737,0.0,50,200,2026-04-04T10:23:54.048400
2026-04-03_21-01-14,2228,335.28856625792673,200,0,0.19098300562505258,2.23606797749979,50,200,2026-04-04T10:24:10.034484
2026-04-03_21-01-14,2229,-4.2393337551026065,50,0,0.02505088748064264,38.41874542459709,50,200,2026-04-04T10:24:16.903288
2026-04-03_21-01-14,2230,-42.36340204361932,21,0,0.02119659899613585,45.967379738244816,50,200,2026-04-04T10:24:21.736979
2026-04-03_21-01-14,2231,13.243043193302043,56,0,0.029894975270424833,31.89043743820395,50,200,2026-04-04T10:24:30.240861
2026-04-03_21-01-14,2232,-51.55536864381111,12,0,0.018959632630293682,51.62363799656123,50,200,2026-04-04T10:24:34.169908
2026-04-03_21-01-14,2233,434.35998190050526,182,1,0.35460992907801414,0.0,50,200,2026-04-04T10:24:49.827918
2026-04-03_21-01-14,2234,427.2666467634096,120,1,0.45454545454545453,0.0,50,200,2026-04-04T10:25:04.884422
2026-04-03_21-01-14,2235,327.42235263549816,200,0,0.19098300562505258,2.23606797749979,50,200,2026-04-04T10:25:22.015904
2026-04-03_21-01-14,2236,56.95714952251265,69,0,0.03494569992998974,26.92582403567252,50,200,2026-04-04T10:25:33.054842
2026-04-03_21-01-14,2237,392.44887434907815,160,1,0.3846153846153846,0.0,50,200,2026-04-04T10:25:48.372737
2026-04-03_21-01-14,2238,315.431176743879,200,0,0.2,2.0,50,200,2026-04-04T10:26:05.569963
2026-04-03_21-01-14,2239,-123.73430465107468,20,0,0.018917049817945224,51.66236541235796,50,200,2026-04-04T10:26:09.732513
2026-04-03_21-01-14,2240,-67.54641414430554,11,0,0.018455149672976384,53.075418038862395,50,200,2026-04-04T10:26:13.359569
2026-04-03_21-01-14,2241,-9.607969158185156,21,0,0.022904275640148162,42.44997055358225,50,200,2026-04-04T10:26:45.292455
2026-04-03_21-01-14,2242,-90.46868838561265,5,0,0.01693480101608806,58.0,50,200,2026-04-04T10:26:47.877746
2026-04-03_21-01-14,2243,430.2541535629631,164,1,0.3787878787878788,0.0,50,200,2026-04-04T10:27:04.971173
2026-04-03_21-01-14,2244,-87.05241343393541,28,0,0.0184906062191556,52.80151512977634,50,200,2026-04-04T10:27:09.197747
2026-04-03_21-01-14,2245,429.52948507070437,156,1,0.390625,0.0,50,200,2026-04-04T10:27:24.085320
2026-04-03_21-01-14,2246,424.7247037972478,166,1,0.37593984962406013,0.0,50,200,2026-04-04T10:27:40.073860
2026-04-03_21-01-14,2247,92.12871499137201,79,0,0.04605141608932768,19.924858845171276,50,200,2026-04-04T10:27:51.431394
2026-04-03_21-01-14,2248,385.3523397383517,142,1,0.4132231404958678,0.0,50,200,2026-04-04T10:28:08.293504
2026-04-03_21-01-14,2249,45.85577433978439,67,0,0.035409936662223966,26.570660511172846,50,200,2026-04-04T10:28:18.178127
2026-04-03_21-01-14,2250,428.67509698606364,139,1,0.41841004184100417,0.0,50,200,2026-04-04T10:28:33.582061
2026-04-03_21-01-14,2251,126.3915675363494,76,0,0.06865185649726603,12.806248474865697,50,200,2026-04-04T10:28:46.005557
2026-04-03_21-01-14,2252,327.1756322350753,200,0,0.1715728752538099,2.8284271247461903,50,200,2026-04-04T10:29:03.806115
2026-04-03_21-01-14,2253,397.90765421930524,128,1,0.43859649122807015,0.0,50,200,2026-04-04T10:29:20.191465
2026-04-03_21-01-14,2254,-109.14137636675851,37,0,0.01983701931081138,49.040799340956916,50,200,2026-04-04T10:29:25.322508
2026-04-03_21-01-14,2255,145.8848500495528,94,0,0.0662561153390518,13.152946437965905,50,200,2026-04-04T10:29:39.984387
2026-04-03_21-01-14,2256,421.3079424157604,162,1,0.38167938931297707,0.0,50,200,2026-04-04T10:29:56.094043
2026-04-03_21-01-14,2257,-74.32369249851453,21,0,0.0188446110244915,51.85556864985669,50,200,2026-04-04T10:30:25.049819
2026-04-03_21-01-14,2258,-99.05679787318239,6,0,0.016162613167711823,60.81118318204309,50,200,2026-04-04T10:30:27.259414
2026-04-03_21-01-14,2259,-80.87394090352801,11,0,0.017065099944587284,57.48912940721924,50,200,2026-04-04T10:30:30.342387
2026-04-03_21-01-14,2260,94.59996816319224,67,0,0.043213511312981914,21.470910553583888,50,200,2026-04-04T10:30:41.626913
2026-04-03_21-01-14,2261,430.3857195995162,199,1,0.33444816053511706,0.0,50,200,2026-04-04T10:30:59.312376
2026-04-03_21-01-14,2262,336.58200673961335,200,0,0.19098300562505258,2.23606797749979,50,200,2026-04-04T10:31:15.195129
2026-04-03_21-01-14,2263,369.1535034989598,188,1,0.3472222222222222,0.0,50,200,2026-04-04T10:31:31.573412
2026-04-03_21-01-14,2264,107.25682653553497,84,0,0.05436867128004588,16.55294535724685,50,200,2026-04-04T10:31:43.837843
2026-04-03_21-01-14,2265,62.198149017014146,99,0,0.04331812860861112,21.095023109728988,50,200,2026-04-04T10:31:56.248318
2026-04-03_21-01-14,2266,66.29717035880857,75,0,0.03383765247038323,27.80287754891569,50,200,2026-04-04T10:32:07.320836
2026-04-03_21-01-14,2267,-21.42477945217547,35,0,0.02400309808477061,40.311288741492746,50,200,2026-04-04T10:32:13.859496
2026-04-03_21-01-14,2268,419.7584283449027,98,1,0.5050505050505051,0.0,50,200,2026-04-04T10:32:29.465185
2026-04-03_21-01-14,2269,419.1474371874785,165,1,0.3773584905660377,0.0,50,200,2026-04-04T10:32:45.597095
2026-04-03_21-01-14,2270,-52.3281458608608,17,0,0.01894167626912046,51.62363799656123,50,200,2026-04-04T10:32:49.599898
2026-04-03_21-01-14,2271,-7.576418832734134,107,0,0.032025867191240294,29.154759474226502,50,200,2026-04-04T10:33:01.767477
2026-04-03_21-01-14,2272,9.89709668395291,53,0,0.029257170304497947,32.64965543462902,50,200,2026-04-04T10:33:10.223279
2026-04-03_21-01-14,2273,423.68126535338877,120,1,0.45454545454545453,0.0,50,200,2026-04-04T10:33:46.663861
2026-04-03_21-01-14,2274,430.8156567860521,176,1,0.3623188405797102,0.0,50,200,2026-04-04T10:34:03.805582
2026-04-03_21-01-14,2275,-45.62944245800354,55,0,0.027576233873278105,34.713109915419565,50,200,2026-04-04T10:34:12.644096
2026-04-03_21-01-14,2276,-82.03783826667208,9,0,0.01796884119685621,54.56189146281496,50,200,2026-04-04T10:34:16.167022
2026-04-03_21-01-14,2277,433.4769798293268,187,1,0.3484320557491289,0.0,50,200,2026-04-04T10:34:31.813666
2026-04-03_21-01-14,2278,422.87257805527145,151,1,0.39840637450199207,0.0,50,200,2026-04-04T10:34:47.674747
2026-04-03_21-01-14,2279,412.4178468353508,128,1,0.43859649122807015,0.0,50,200,2026-04-04T10:35:03.674163
2026-04-03_21-01-14,2280,407.0997092647218,92,1,0.5208333333333334,0.0,50,200,2026-04-04T10:35:18.757387
2026-04-03_21-01-14,2281,-43.735311496441724,19,0,0.020218328205648367,48.27007354458868,50,200,2026-04-04T10:35:23.503634
2026-04-03_21-01-14,2282,131.83134239621052,101,0,0.06513951815404777,13.341664064126334,50,200,2026-04-04T10:35:37.932936
2026-04-03_21-01-14,2283,156.94495518586666,96,0,0.08468219507630127,9.848857801796104,50,200,2026-04-04T10:35:51.904847
2026-04-03_21-01-14,2284,297.78579267824324,200,0,0.16666666666666666,3.0,50,200,2026-04-04T10:36:09.322691
2026-04-03_21-01-14,2285,340.1329775177273,200,0,0.22654091966098644,1.4142135623730951,50,200,2026-04-04T10:36:26.251329
2026-04-03_21-01-14,2286,441.07227616088585,181,1,0.35587188612099646,0.0,50,200,2026-04-04T10:36:42.501775
2026-04-03_21-01-14,2287,431.7623513929523,154,1,0.39370078740157477,0.0,50,200,2026-04-04T10:36:57.477008
2026-04-03_21-01-14,2288,421.8883700520548,130,1,0.4347826086956522,0.0,50,200,2026-04-04T10:37:13.544160
2026-04-03_21-01-14,2289,423.15186629736155,128,1,0.43859649122807015,0.0,50,200,2026-04-04T10:37:58.756919
2026-04-03_21-01-14,2290,428.6102948836155,146,1,0.4065040650406504,0.0,50,200,2026-04-04T10:38:14.163104
2026-04-03_21-01-14,2291,429.0854165596092,135,1,0.425531914893617,0.0,50,200,2026-04-04T10:38:29.372705
2026-04-03_21-01-14,2292,89.16111619454614,64,0,0.04002363786469428,23.345235059857504,50,200,2026-04-04T10:38:39.604572
2026-04-03_21-01-14,2293,182.2125377693306,81,0,0.13087374632925183,5.830951894845301,50,200,2026-04-04T10:38:53.371085
2026-04-03_21-01-14,2294,17.023841313647566,46,0,0.02567833848704741,37.48332962798263,50,200,2026-04-04T10:39:00.614492
2026-04-03_21-01-14,2295,437.9855143030311,195,1,0.3389830508474576,0.0,50,200,2026-04-04T10:39:17.031619
2026-04-03_21-01-14,2296,125.11963165887038,69,0,0.07880220646178093,11.0,50,200,2026-04-04T10:39:29.866929
2026-04-03_21-01-14,2297,438.20191975899473,171,1,0.36900369003690037,0.0,50,200,2026-04-04T10:39:45.897407
2026-04-03_21-01-14,2298,430.554470575024,170,1,0.37037037037037035,0.0,50,200,2026-04-04T10:40:02.155534
2026-04-03_21-01-14,2299,-30.718710225794894,27,0,0.021402610348346996,45.45327270945405,50,200,2026-04-04T10:40:07.830685
2026-04-03_21-01-14,2300,109.82516435687243,127,0,0.10547296526205419,7.211102550927978,50,200,2026-04-04T10:40:23.957323
2026-04-03_21-01-14,2301,235.34630780914958,200,0,0.1715728752538099,2.8284271247461903,50,200,2026-04-04T10:40:41.277396
2026-04-03_21-01-14,2302,414.00942047143315,113,1,0.4694835680751174,0.0,50,200,2026-04-04T10:40:56.527739
2026-04-03_21-01-14,2303,406.73904291476646,152,1,0.3968253968253968,0.0,50,200,2026-04-04T10:41:13.692745
2026-04-03_21-01-14,2304,134.10510657313233,82,0,0.06156799484607743,14.422205101855956,50,200,2026-04-04T10:41:26.047087
2026-04-03_21-01-14,2305,383.12182083042075,151,1,0.39840637450199207,0.0,50,200,2026-04-04T10:42:10.425719
2026-04-03_21-01-14,2306,-10.920645549399325,38,0,0.0230457741912577,42.01190307520001,50,200,2026-04-04T10:42:16.583623
2026-04-03_21-01-14,2307,430.4210970172183,160,1,0.3846153846153846,0.0,50,200,2026-04-04T10:42:33.502491
2026-04-03_21-01-14,2308,435.08121141329445,166,1,0.37593984962406013,0.0,50,200,2026-04-04T10:42:48.412093
2026-04-03_21-01-14,2309,311.42534760374434,200,0,0.11925824035672519,5.385164807134504,50,200,2026-04-04T10:43:04.964959
2026-04-03_21-01-14,2310,-83.4018996353258,19,0,0.016951628035598597,57.8013840664737,50,200,2026-04-04T10:43:08.015234
2026-04-03_21-01-14,2311,120.79644723977928,53,0,0.06380751315639377,14.142135623730951,50,200,2026-04-04T10:43:18.836199
2026-04-03_21-01-14,2312,433.40825740901283,197,1,0.3367003367003367,0.0,50,200,2026-04-04T10:43:34.975712
2026-04-03_21-01-14,2313,11.493775150162335,44,0,0.02816998794729337,34.058772731852805,50,200,2026-04-04T10:43:43.032844
2026-04-03_21-01-14,2314,-57.733324496876634,25,0,0.018605475344285992,52.49761899362675,50,200,2026-04-04T10:43:47.819118
2026-04-03_21-01-14,2315,-11.114264080039106,30,0,0.02363384929496329,41.012193308819754,50,200,2026-04-04T10:43:53.809590
2026-04-03_21-01-14,2316,25.606238525833376,71,0,0.0291820494556724,32.55764119219941,50,200,2026-04-04T10:44:03.047598
2026-04-03_21-01-14,2317,335.8915897836756,200,0,0.19098300562505258,2.23606797749979,50,200,2026-04-04T10:44:21.460420
2026-04-03_21-01-14,2318,19.181495854144032,61,0,0.04199280499187415,22.20360331117452,50,200,2026-04-04T10:44:32.043035
2026-04-03_21-01-14,2319,388.98507623883347,111,1,0.4739336492890995,0.0,50,200,2026-04-04T10:44:47.332326
2026-04-03_21-01-14,2320,327.8547255180691,200,0,0.19098300562505258,2.23606797749979,50,200,2026-04-04T10:45:03.313808
2026-04-03_21-01-14,2321,409.32376682371444,148,1,0.40322580645161293,0.0,50,200,2026-04-04T10:45:45.575916
2026-04-03_21-01-14,2322,45.42208659643768,68,0,0.03133574938152776,30.23243291566195,50,200,2026-04-04T10:45:55.556480
2026-04-03_21-01-14,2323,-67.5847708601479,17,0,0.017907748962496268,54.67174773134658,50,200,2026-04-04T10:45:59.448556
2026-04-03_21-01-14,2324,152.7901675225988,150,0,0.07239185625449494,11.313708498984761,50,200,2026-04-04T10:46:13.651344
2026-04-03_21-01-14,2325,440.74178044585483,189,1,0.3460207612456747,0.0,50,200,2026-04-04T10:46:29.731391
2026-04-03_21-01-14,2326,325.55618260004155,200,0,0.22654091966098644,1.4142135623730951,50,200,2026-04-04T10:46:47.402386
2026-04-03_21-01-14,2327,16.888832582851748,73,0,0.026416740535728945,36.124783736376884,50,200,2026-04-04T10:46:57.011983
2026-04-03_21-01-14,2328,423.8638155641835,141,1,0.41493775933609955,0.0,50,200,2026-04-04T10:47:13.451480
2026-04-03_21-01-14,2329,118.46575504305846,181,0,0.05040478478293423,17.029386365926403,50,200,2026-04-04T10:47:29.835089
2026-04-03_21-01-14,2330,425.73376095402364,146,1,0.4065040650406504,0.0,50,200,2026-04-04T10:47:46.169414
2026-04-03_21-01-14,2331,52.35923095474428,65,0,0.031595576619273306,30.0,50,200,2026-04-04T10:47:55.337902
2026-04-03_21-01-14,2332,-4.41516964021443,38,0,0.023122005920702814,41.86884283091664,50,200,2026-04-04T10:48:02.120043
2026-04-03_21-01-14,2333,318.5614737563427,200,0,0.1715728752538099,2.8284271247461903,50,200,2026-04-04T10:48:18.872657
2026-04-03_21-01-14,2334,274.1322771574096,200,0,0.0744030650891055,10.44030650891055,50,200,2026-04-04T10:48:37.172109
2026-04-03_21-01-14,2335,427.33682264682983,177,1,0.36101083032490977,0.0,50,200,2026-04-04T10:48:53.882017
2026-04-03_21-01-14,2336,304.60657569299644,200,0,0.09090909090909091,8.0,50,200,2026-04-04T10:49:10.292184
2026-04-03_21-01-14,2337,78.56123355103665,65,0,0.03642061701343387,25.80697580112788,50,200,2026-04-04T10:49:52.002959
2026-04-03_21-01-14,2338,302.7032828385458,200,0,0.09727522475637543,7.280109889280518,50,200,2026-04-04T10:50:08.392175
2026-04-03_21-01-14,2339,320.9652865784894,200,0,0.19098300562505258,2.23606797749979,50,200,2026-04-04T10:50:22.544733
2026-04-03_21-01-14,2340,2.8704709149433683,51,0,0.023961065728185644,40.22437072223753,50,200,2026-04-04T10:50:30.547456
2026-04-03_21-01-14,2341,14.790511948434698,44,0,0.026274533721346527,36.61966684720111,50,200,2026-04-04T10:50:38.374822
2026-04-03_21-01-14,2342,432.7619953767388,189,1,0.3460207612456747,0.0,50,200,2026-04-04T10:50:54.268335
2026-04-03_21-01-14,2343,22.49156071513032,55,0,0.03597276351401421,26.248809496813376,50,200,2026-04-04T10:51:03.739577
2026-04-03_21-01-14,2344,-68.52995048565293,10,0,0.017776409726600887,55.154328932550705,50,200,2026-04-04T10:51:07.120337
2026-04-03_21-01-14,2345,414.36663941621237,140,1,0.41666666666666663,0.0,50,200,2026-04-04T10:51:22.145634
2026-04-03_21-01-14,2346,424.78436961503667,133,1,0.4291845493562232,0.0,50,200,2026-04-04T10:51:38.963924
2026-04-03_21-01-14,2347,437.22398657562394,186,1,0.34965034965034963,0.0,50,200,2026-04-04T10:51:54.806247
2026-04-03_21-01-14,2348,406.1804317587871,155,1,0.3921568627450981,0.0,50,200,2026-04-04T10:52:10.868241
2026-04-03_21-01-14,2349,327.600987119047,200,0,0.25,1.0,50,200,2026-04-04T10:52:28.135450
2026-04-03_21-01-14,2350,339.6123260382315,200,0,0.22654091966098644,1.4142135623730951,50,200,2026-04-04T10:52:46.328432
2026-04-03_21-01-14,2351,-103.09057127390933,23,0,0.015935657256790463,61.5223536610881,50,200,2026-04-04T10:52:48.728682
2026-04-03_21-01-14,2352,421.1624184162588,120,1,0.45454545454545453,0.0,50,200,2026-04-04T10:53:05.290796
2026-04-03_21-01-14,2353,421.17413489383694,140,1,0.41666666666666663,0.0,50,200,2026-04-04T10:53:50.691734
2026-04-03_21-01-14,2354,420.8109768613966,104,1,0.49019607843137253,0.0,50,200,2026-04-04T10:54:05.738698
2026-04-03_21-01-14,2355,81.57757860216965,90,0,0.043309504255634595,21.18962010041709,50,200,2026-04-04T10:54:18.256662
2026-04-03_21-01-14,2356,-96.3376162362336,15,0,0.017104273950053987,57.3149195236284,50,200,2026-04-04T10:54:21.321396
2026-04-03_21-01-14,2357,308.2472473759627,200,0,0.1715728752538099,2.8284271247461903,50,200,2026-04-04T10:54:38.006596
2026-04-03_21-01-14,2358,421.8416020269322,143,1,0.41152263374485604,0.0,50,200,2026-04-04T10:54:53.474957
2026-04-03_21-01-14,2359,13.877843530284082,62,0,0.02809732593163001,33.97057550292606,50,200,2026-04-04T10:55:01.915747
2026-04-03_21-01-14,2360,108.76423695799116,107,0,0.04531037607612143,20.0,50,200,2026-04-04T10:55:15.156568
2026-04-03_21-01-14,2361,102.77199377209092,72,0,0.046200347489126214,19.924858845171276,50,200,2026-04-04T10:55:26.881769
2026-04-03_21-01-14,2362,25.264347662513742,51,0,0.02887587073493264,33.12099032335839,50,200,2026-04-04T10:55:35.805026
2026-04-03_21-01-14,2363,-50.839244719285546,37,0,0.02177542020457073,44.553338819890925,50,200,2026-04-04T10:55:41.830163
2026-04-03_21-01-14,2364,426.6328135630192,157,1,0.3891050583657587,0.0,50,200,2026-04-04T10:55:58.931759
2026-04-03_21-01-14,2365,-25.76943111004698,30,0,0.021136792376204607,46.010868281309364,50,200,2026-04-04T10:56:04.216441
2026-04-03_21-01-14,2366,428.55817704380513,146,1,0.4065040650406504,0.0,50,200,2026-04-04T10:56:20.556564
2026-04-03_21-01-14,2367,423.6608635400948,124,1,0.4464285714285714,0.0,50,200,2026-04-04T10:56:36.335443
2026-04-03_21-01-14,2368,-95.76311399631072,13,0,0.016521560657730684,59.39696961966999,50,200,2026-04-04T10:56:39.249300
2026-04-03_21-01-14,2369,-15.451578778648695,38,0,0.02322484822643168,41.677331968349414,50,200,2026-04-04T10:57:11.482057
2026-04-03_21-01-14,2370,323.8186356958977,200,0,0.1513878188659973,3.605551275463989,50,200,2026-04-04T10:57:29.275064
2026-04-03_21-01-14,2371,410.7441816092127,166,1,0.37593984962406013,0.0,50,200,2026-04-04T10:57:47.522779
2026-04-03_21-01-14,2372,325.05053441818177,200,0,0.19098300562505258,2.23606797749979,50,200,2026-04-04T10:58:05.408729
2026-04-03_21-01-14,2373,326.01466101189783,200,0,0.19098300562505258,2.23606797749979,50,200,2026-04-04T10:58:23.015408
2026-04-03_21-01-14,2374,109.51589857457398,108,0,0.04743833017077799,19.0,50,200,2026-04-04T10:58:37.277074
2026-04-03_21-01-14,2375,15.367956058891792,67,0,0.025941563423089856,36.87817782917155,50,200,2026-04-04T10:58:46.430448
2026-04-03_21-01-14,2376,-47.16190301353949,19,0,0.019455419143824808,50.20956084253277,50,200,2026-04-04T10:58:51.184544
2026-04-03_21-01-14,2377,333.9366345275688,200,0,0.2,2.0,50,200,2026-04-04T10:59:08.509032
2026-04-03_21-01-14,2378,430.67665129031457,155,1,0.3921568627450981,0.0,50,200,2026-04-04T10:59:24.898640
2026-04-03_21-01-14,2379,438.65332686283216,194,1,0.3401360544217687,0.0,50,200,2026-04-04T10:59:42.765834
2026-04-03_21-01-14,2380,310.9928014583093,200,0,0.19098300562505258,2.23606797749979,50,200,2026-04-04T10:59:59.649481
2026-04-03_21-01-14,2381,311.82586238746126,200,0,0.1513878188659973,3.605551275463989,50,200,2026-04-04T11:00:17.962740
2026-04-03_21-01-14,2382,-117.99787351156859,4,0,0.015959195016419632,61.61980201201558,50,200,2026-04-04T11:00:20.103698
2026-04-03_21-01-14,2383,-111.02455039904018,3,0,0.01598660868011541,61.5223536610881,50,200,2026-04-04T11:00:22.147639
2026-04-03_21-01-14,2384,423.300918213568,162,1,0.38167938931297707,0.0,50,200,2026-04-04T11:00:39.766764
2026-04-03_21-01-14,2385,290.7417211386025,200,0,0.08183611128016957,9.219544457292887,50,200,2026-04-04T11:01:27.288715
2026-04-03_21-01-14,2386,127.76314775744605,81,0,0.06878562120359855,12.727922061357855,50,200,2026-04-04T11:01:39.835635
2026-04-03_21-01-14,2387,-138.85185689384227,20,0,0.016121848855495703,60.8276253029822,50,200,2026-04-04T11:01:42.581983
2026-04-03_21-01-14,2388,343.7598940802067,200,0,0.22654091966098644,1.4142135623730951,50,200,2026-04-04T11:01:59.254461
2026-04-03_21-01-14,2389,420.84945882403974,122,1,0.4504504504504505,0.0,50,200,2026-04-04T11:02:14.965553
2026-04-03_21-01-14,2390,319.96027754056877,200,0,0.1513878188659973,3.605551275463989,50,200,2026-04-04T11:02:33.456150
2026-04-03_21-01-14,2391,-75.93448407161083,9,0,0.017338168919948226,56.586217403180434,50,200,2026-04-04T11:02:36.602419
2026-04-03_21-01-14,2392,118.13807802226376,94,0,0.05008073922295215,18.027756377319946,50,200,2026-04-04T11:02:49.608368
2026-04-03_21-01-14,2393,-58.000159443512196,10,0,0.01847140875552743,53.03772242470448,50,200,2026-04-04T11:02:53.185726
2026-04-03_21-01-14,2394,-16.48327597852031,32,0,0.022846714022250067,42.44997055358225,50,200,2026-04-04T11:02:59.195931
2026-04-03_21-01-14,2395,322.5089899594998,200,0,0.1513878188659973,3.605551275463989,50,200,2026-04-04T11:03:16.182347
2026-04-03_21-01-14,2396,35.52960472841683,36,0,0.029483182345533692,32.55764119219941,50,200,2026-04-04T11:03:24.090935
2026-04-03_21-01-14,2397,187.5744907294454,118,0,0.19305019305019305,3.0,50,200,2026-04-04T11:03:39.115663
2026-04-03_21-01-14,2398,6.78419852933564,28,0,0.02440282237737405,39.698866482558415,50,200,2026-04-04T11:03:45.248492
2026-04-03_21-01-14,2399,199.81922968018742,93,0,0.21015347588271385,2.8284271247461903,50,200,2026-04-04T11:04:00.039444
2026-04-03_21-01-14,2400,158.54858829290805,69,0,0.11148135444751045,7.280109889280518,50,200,2026-04-04T11:04:13.191113
2026-04-03_21-01-14,2401,423.3062782362314,136,1,0.42372881355932196,0.0,50,200,2026-04-04T11:04:51.865388
2026-04-03_21-01-14,2402,430.7127016326915,172,1,0.36764705882352944,0.0,50,200,2026-04-04T11:05:08.336609
2026-04-03_21-01-14,2403,125.06776839824471,82,0,0.06968658555499381,12.529964086141668,50,200,2026-04-04T11:05:21.200900
2026-04-03_21-01-14,2404,330.13815028371783,200,0,0.16666666666666666,3.0,50,200,2026-04-04T11:05:38.707651
2026-04-03_21-01-14,2405,279.38063328074765,200,0,0.19098300562505258,2.23606797749979,50,200,2026-04-04T11:05:53.266774
2026-04-03_21-01-14,2406,319.8981132568677,200,0,0.14038820320220757,4.123105625617661,50,200,2026-04-04T11:06:12.333193
2026-04-03_21-01-14,2407,355.26693743251786,170,1,0.37037037037037035,0.0,50,200,2026-04-04T11:06:29.182473
2026-04-03_21-01-14,2408,24.18826708403472,51,0,0.02760668540981118,34.713109915419565,50,200,2026-04-04T11:06:37.549377
2026-04-03_21-01-14,2409,-69.31497288198236,22,0,0.017950572089861793,54.48853090330111,50,200,2026-04-04T11:06:41.640336
2026-04-03_21-01-14,2410,426.87502618267587,131,1,0.4329004329004329,0.0,50,200,2026-04-04T11:06:57.057126
2026-04-03_21-01-14,2411,426.61345464985595,143,1,0.41152263374485604,0.0,50,200,2026-04-04T11:07:14.542416
2026-04-03_21-01-14,2412,324.66907371881126,200,0,0.1715728752538099,2.8284271247461903,50,200,2026-04-04T11:07:32.776501
2026-04-03_21-01-14,2413,230.76038954329636,200,0,0.04305937104039171,20.223748416156685,50,200,2026-04-04T11:07:47.944480
2026-04-03_21-01-14,2414,428.64100885365923,194,1,0.3401360544217687,0.0,50,200,2026-04-04T11:08:04.807692
2026-04-03_21-01-14,2415,336.71378156918075,200,0,0.19098300562505258,2.23606797749979,50,200,2026-04-04T11:08:22.500573
2026-04-03_21-01-14,2416,331.09167628203505,200,0,0.1715728752538099,2.8284271247461903,50,200,2026-04-04T11:08:40.329223
2026-04-03_21-01-14,2417,112.53862146996295,82,0,0.050956728333427445,17.804493814764857,50,200,2026-04-04T11:09:29.017433
2026-04-03_21-01-14,2418,-31.78619550490184,76,0,0.029165647869017257,32.526911934581186,50,200,2026-04-04T11:09:38.086722
2026-04-03_21-01-14,2419,-5.659313717375127,44,0,0.024233837824459366,39.824615503479755,50,200,2026-04-04T11:09:45.464087
2026-04-03_21-01-14,2420,423.62824361364096,138,1,0.42016806722689076,0.0,50,200,2026-04-04T11:10:01.999150
2026-04-03_21-01-14,2421,312.24892910541666,200,0,0.19098300562505258,2.23606797749979,50,200,2026-04-04T11:10:17.902549
2026-04-03_21-01-14,2422,-76.53649084869642,13,0,0.017310259508850383,56.639209034025185,50,200,2026-04-04T11:10:21.136480
2026-04-03_21-01-14,2423,23.578738987755983,70,0,0.029496363419954586,32.202484376209235,50,200,2026-04-04T11:10:31.479686
2026-04-03_21-01-14,2424,373.95427877984326,173,1,0.3663003663003663,0.0,50,200,2026-04-04T11:10:48.281656
2026-04-03_21-01-14,2425,428.0543756786905,156,1,0.390625,0.0,50,200,2026-04-04T11:11:04.255782
2026-04-03_21-01-14,2426,334.749762271503,200,0,0.22654091966098644,1.4142135623730951,50,200,2026-04-04T11:11:20.837040
2026-04-03_21-01-14,2427,439.8996428496972,197,1,0.3367003367003367,0.0,50,200,2026-04-04T11:11:37.292736
2026-04-03_21-01-14,2428,-120.43628544417658,23,0,0.01688825291348296,57.982756057296896,50,200,2026-04-04T11:11:40.393215
2026-04-03_21-01-14,2429,424.10003364538113,139,1,0.41841004184100417,0.0,50,200,2026-04-04T11:11:55.993565
2026-04-03_21-01-14,2430,431.1610161177276,153,1,0.39525691699604737,0.0,50,200,2026-04-04T11:12:11.652719
2026-04-03_21-01-14,2431,333.9667683900532,200,0,0.1513878188659973,3.605551275463989,50,200,2026-04-04T11:12:28.358880
2026-04-03_21-01-14,2432,436.61898278956085,153,1,0.39525691699604737,0.0,50,200,2026-04-04T11:12:43.936320
2026-04-03_21-01-14,2433,423.54020241100847,137,1,0.42194092827004215,0.0,50,200,2026-04-04T11:13:30.843569
2026-04-03_21-01-14,2434,426.7185194574028,146,1,0.4065040650406504,0.0,50,200,2026-04-04T11:13:46.948949
2026-04-03_21-01-14,2435,425.70091301466834,135,1,0.425531914893617,0.0,50,200,2026-04-04T11:14:02.466460
2026-04-03_21-01-14,2436,418.7729668797549,121,1,0.45248868778280543,0.0,50,200,2026-04-04T11:14:18.627799
2026-04-03_21-01-14,2437,144.6622293707897,82,0,0.12160828063959628,6.4031242374328485,50,200,2026-04-04T11:14:32.732927
2026-04-03_21-01-14,2438,432.91055153292086,184,1,0.35211267605633806,0.0,50,200,2026-04-04T11:14:50.193176
2026-04-03_21-01-14,2439,-9.260093817418081,44,0,0.02517920137199607,38.27531841800928,50,200,2026-04-04T11:14:57.315743
2026-04-03_21-01-14,2440,-38.62207427189209,23,0,0.019989808557912925,48.79549159502341,50,200,2026-04-04T11:15:02.269103
2026-04-03_21-01-14,2441,331.6984433467755,200,0,0.19098300562505258,2.23606797749979,50,200,2026-04-04T11:15:19.843633
2026-04-03_21-01-14,2442,430.28000771690586,137,1,0.42194092827004215,0.0,50,200,2026-04-04T11:15:35.922864
2026-04-03_21-01-14,2443,-91.30509740635854,15,0,0.016497763937240107,59.464274989274024,50,200,2026-04-04T11:15:38.918600
2026-04-03_21-01-14,2444,432.6757635723154,156,1,0.390625,0.0,50,200,2026-04-04T11:15:54.498131
2026-04-03_21-01-14,2445,-39.14471506215634,25,0,0.021503140944172026,45.254833995939045,50,200,2026-04-04T11:15:59.844705
2026-04-03_21-01-14,2446,419.2438109780378,121,1,0.45248868778280543,0.0,50,200,2026-04-04T11:16:16.097491
2026-04-03_21-01-14,2447,34.39217767661468,55,0,0.02869304477074404,33.301651610693426,50,200,2026-04-04T11:16:24.344161
2026-04-03_21-01-14,2448,-166.68102424593698,14,0,0.014791140787257264,66.46803743153546,50,200,2026-04-04T11:16:26.620510
2026-04-03_21-01-14,2449,-58.576948053485495,14,0,0.01845777111412883,53.03772242470448,50,200,2026-04-04T11:16:53.650800
2026-04-03_21-01-14,2450,39.13077004369437,51,0,0.028964394269552628,33.015148038438355,50,200,2026-04-04T11:17:02.528016
2026-04-03_21-01-14,2451,-77.33404314017575,14,0,0.017328457049282826,56.568542494923804,50,200,2026-04-04T11:17:05.838219
2026-04-03_21-01-14,2452,-32.40255738934029,31,0,0.02422921863962657,39.96248240537617,50,200,2026-04-04T11:17:12.888531
2026-04-03_21-01-14,2453,437.1108636257926,180,1,0.35714285714285715,0.0,50,200,2026-04-04T11:17:28.455862
2026-04-03_21-01-14,2454,34.85881062389916,62,0,0.0315425393959928,30.083217912982647,50,200,2026-04-04T11:17:38.529549
2026-04-03_21-01-14,2455,433.88813376927607,150,1,0.4,0.0,50,200,2026-04-04T11:17:53.939126
2026-04-03_21-01-14,2456,174.16136962367057,109,0,0.20331703096070652,2.8284271247461903,50,200,2026-04-04T11:18:09.389260
2026-04-03_21-01-14,2457,-106.58323922620906,39,0,0.01589512936341642,61.5223536610881,50,200,2026-04-04T11:18:11.456750
2026-04-03_21-01-14,2458,340.9029580827186,200,0,0.2,2.0,50,200,2026-04-04T11:18:27.498124
2026-04-03_21-01-14,2459,434.732225003152,160,1,0.3846153846153846,0.0,50,200,2026-04-04T11:18:43.620485
2026-04-03_21-01-14,2460,289.9911909705551,200,0,0.1715728752538099,2.8284271247461903,50,200,2026-04-04T11:18:58.523019
2026-04-03_21-01-14,2461,418.69696010745184,125,1,0.4444444444444444,0.0,50,200,2026-04-04T11:19:14.258395
2026-04-03_21-01-14,2462,326.1123053715893,200,0,0.13383054136359812,4.47213595499958,50,200,2026-04-04T11:19:31.818953
2026-04-03_21-01-14,2463,427.20690524232054,171,1,0.36900369003690037,0.0,50,200,2026-04-04T11:19:48.950852
2026-04-03_21-01-14,2464,422.3882500776297,134,1,0.4273504273504274,0.0,50,200,2026-04-04T11:20:04.340604
2026-04-03_21-01-14,2465,409.22562468437656,140,1,0.41666666666666663,0.0,50,200,2026-04-04T11:20:47.455102
2026-04-03_21-01-14,2466,420.7440938373155,127,1,0.44052863436123346,0.0,50,200,2026-04-04T11:21:02.950250
2026-04-03_21-01-14,2467,385.70560179996073,166,1,0.37593984962406013,0.0,50,200,2026-04-04T11:21:18.687876
2026-04-03_21-01-14,2468,56.93008321056284,54,0,0.04394985536126936,21.213203435596427,50,200,2026-04-04T11:21:28.549443
2026-04-03_21-01-14,2469,-0.1711053651775103,37,0,0.023822069527465135,40.607881008493905,50,200,2026-04-04T11:21:34.882705
2026-04-03_21-01-14,2470,165.26803152929995,94,0,0.10464878026314262,7.615773105863909,50,200,2026-04-04T11:21:48.538971
2026-04-03_21-01-14,2471,431.8326292037905,177,1,0.36101083032490977,0.0,50,200,2026-04-04T11:22:03.804513
2026-04-03_21-01-14,2472,434.55233794409475,175,1,0.36363636363636365,0.0,50,200,2026-04-04T11:22:20.342109
2026-04-03_21-01-14,2473,-23.890589119658856,36,0,0.021653519169280957,44.82186966202994,50,200,2026-04-04T11:22:26.235051
2026-04-03_21-01-14,2474,-51.46417010744158,16,0,0.018945264819850965,51.62363799656123,50,200,2026-04-04T11:22:30.304299
2026-04-03_21-01-14,2475,422.8890790349302,119,1,0.4566210045662101,0.0,50,200,2026-04-04T11:22:45.162747
2026-04-03_21-01-14,2476,51.644809357006906,99,0,0.04578873402767052,19.849433241279208,50,200,2026-04-04T11:22:57.087519
2026-04-03_21-01-14,2477,-7.36413867163273,31,0,0.026713123469396718,36.124783736376884,50,200,2026-04-04T11:23:04.114316
2026-04-03_21-01-14,2478,431.8642614436622,189,1,0.3460207612456747,0.0,50,200,2026-04-04T11:23:21.004501
2026-04-03_21-01-14,2479,23.399085172840813,40,0,0.02760284510382481,34.828149534535996,50,200,2026-04-04T11:23:28.444211
2026-04-03_21-01-14,2480,9.37436755706571,67,0,0.024832061925329607,38.600518131237564,50,200,2026-04-04T11:23:36.906410
2026-04-03_21-01-14,2481,425.687260199171,151,1,0.39840637450199207,0.0,50,200,2026-04-04T11:24:15.262505
2026-04-03_21-01-14,2482,-75.51985901461683,11,0,0.01846799745622833,53.03772242470448,50,200,2026-04-04T11:24:18.856517
2026-04-03_21-01-14,2483,-54.43830864430204,22,0,0.019429028226224304,50.24937810560445,50,200,2026-04-04T11:24:23.435054
2026-04-03_21-01-14,2484,431.23301938196107,160,1,0.3846153846153846,0.0,50,200,2026-04-04T11:24:39.265201
2026-04-03_21-01-14,2485,435.62916085661493,192,1,0.3424657534246575,0.0,50,200,2026-04-04T11:24:55.638609
2026-04-03_21-01-14,2486,-1.2074355094779463,34,0,0.024412140096225908,39.6232255123179,50,200,2026-04-04T11:25:02.566956
2026-04-03_21-01-14,2487,-97.31256331837402,2,0,0.016173069130115212,60.81118318204309,50,200,2026-04-04T11:25:04.648825
2026-04-03_21-01-14,2488,419.7487217473152,167,1,0.37453183520599254,0.0,50,200,2026-04-04T11:25:20.522825
2026-04-03_21-01-14,2489,331.2958635656846,200,0,0.25,1.0,50,200,2026-04-04T11:25:36.917748
2026-04-03_21-01-14,2490,24.04867873461096,57,0,0.035115752642036986,26.90724809414742,50,200,2026-04-04T11:25:46.260889
2026-04-03_21-01-14,2491,427.8983963303995,145,1,0.4081632653061224,0.0,50,200,2026-04-04T11:26:02.380997
2026-04-03_21-01-14,2492,426.2878450667593,110,1,0.47619047619047616,0.0,50,200,2026-04-04T11:26:16.901931
2026-04-03_21-01-14,2493,-17.744013512586733,32,0,0.022098585413576274,43.93176527297759,50,200,2026-04-04T11:26:22.517737
2026-04-03_21-01-14,2494,-59.70090584047628,12,0,0.018464587416693913,53.03772242470448,50,200,2026-04-04T11:26:26.032117
2026-04-03_21-01-14,2495,-23.593848614515224,110,0,0.027599838299271942,34.132096331752024,50,200,2026-04-04T11:26:36.393586
2026-04-03_21-01-14,2496,304.2928608556917,200,0,0.10724372001086317,6.324555320336759,50,200,2026-04-04T11:26:52.128523
2026-04-03_21-01-14,2497,86.78466865947682,68,0,0.04372613080624642,21.18962010041709,50,200,2026-04-04T11:27:27.099424
2026-04-03_21-01-14,2498,63.452536059365784,63,0,0.03338942253584549,28.319604517012593,50,200,2026-04-04T11:27:36.605293
2026-04-03_21-01-14,2499,325.73192896067957,200,0,0.19098300562505258,2.23606797749979,50,200,2026-04-04T11:27:52.433209
2026-04-03_21-01-14,2500,-103.65910183227287,2,0,0.016173069130115212,60.81118318204309,50,200,2026-04-04T11:27:54.476193
2026-04-03_21-01-14,2501,-68.23560653042617,27,0,0.017910910302331738,54.56189146281496,50,200,2026-04-04T11:27:59.621707
2026-04-03_21-01-14,2502,105.45607349751344,70,0,0.0455612899003134,20.248456731316587,50,200,2026-04-04T11:28:10.354941
2026-04-03_21-01-14,2503,404.7849052555219,97,1,0.5076142131979695,0.0,50,200,2026-04-04T11:28:25.027091
2026-04-03_21-01-14,2504,422.55881050679073,135,1,0.425531914893617,0.0,50,200,2026-04-04T11:28:41.637777
2026-04-03_21-01-14,2505,410.37329239250454,126,1,0.4424778761061947,0.0,50,200,2026-04-04T11:28:55.657366
2026-04-03_21-01-14,2506,432.89896721170476,153,1,0.39525691699604737,0.0,50,200,2026-04-04T11:29:11.406468
2026-04-03_21-01-14,2507,-22.485902705216446,43,0,0.026159699376072622,36.796738985948195,50,200,2026-04-04T11:29:18.359273
2026-04-03_21-01-14,2508,442.62765835116807,198,1,0.33557046979865773,0.0,50,200,2026-04-04T11:29:33.981263
2026-04-03_21-01-14,2509,114.99551204291772,127,0,0.08703565260720662,9.219544457292887,50,200,2026-04-04T11:29:49.571653
2026-04-03_21-01-14,2510,149.99708640410628,112,0,0.08118175285798558,10.198039027185569,50,200,2026-04-04T11:30:03.821375
2026-04-03_21-01-14,2511,-63.91109106982468,17,0,0.0194479209364651,50.24937810560445,50,200,2026-04-04T11:30:07.872590
2026-04-03_21-01-14,2512,9.310796156373144,44,0,0.025088596977838985,38.41874542459709,50,200,2026-04-04T11:30:15.443516
2026-04-03_21-01-14,2513,-2.1367033772681054,39,0,0.024821717592937716,38.897300677553446,50,200,2026-04-04T11:30:43.568943
2026-04-03_21-01-14,2514,438.27573719838284,180,1,0.35714285714285715,0.0,50,200,2026-04-04T11:30:59.760846
2026-04-03_21-01-14,2515,315.20548970054966,200,0,0.1715728752538099,2.8284271247461903,50,200,2026-04-04T11:31:13.053333
2026-04-03_21-01-14,2516,-79.23128856145847,9,0,0.017132084302297564,57.28001396647874,50,200,2026-04-04T11:31:15.915666
2026-04-03_21-01-14,2517,422.64864510667263,124,1,0.4464285714285714,0.0,50,200,2026-04-04T11:31:30.570814
2026-04-03_21-01-14,2518,443.0909497024931,186,1,0.34965034965034963,0.0,50,200,2026-04-04T11:31:46.365040
2026-04-03_21-01-14,2519,431.35111866531236,120,1,0.45454545454545453,0.0,50,200,2026-04-04T11:32:00.410571
2026-04-03_21-01-14,2520,424.70508630992794,113,1,0.4694835680751174,0.0,50,200,2026-04-04T11:32:14.601118
2026-04-03_21-01-14,2521,440.4004557919259,188,1,0.3472222222222222,0.0,50,200,2026-04-04T11:32:30.438738
2026-04-03_21-01-14,2522,337.72978144230524,200,0,0.1715728752538099,2.8284271247461903,50,200,2026-04-04T11:32:46.109736
2026-04-03_21-01-14,2523,310.6676988760405,200,0,0.1715728752538099,2.8284271247461903,50,200,2026-04-04T11:32:59.917388
2026-04-03_21-01-14,2524,-62.6597303533057,15,0,0.01821821639936488,53.74011537017761,50,200,2026-04-04T11:33:03.443949
2026-04-03_21-01-14,2525,25.00896358838115,64,0,0.028081545604839542,33.97057550292606,50,200,2026-04-04T11:33:11.504834
2026-04-03_21-01-14,2526,39.35171954201893,44,0,0.03263051156130597,29.206163733020468,50,200,2026-04-04T11:33:19.931019
2026-04-03_21-01-14,2527,30.574221868738093,55,0,0.028930875657987774,33.015148038438355,50,200,2026-04-04T11:33:29.906530
2026-04-03_21-01-14,2528,-78.7642600147681,7,0,0.01713795648060146,57.28001396647874,50,200,2026-04-04T11:33:32.750651
2026-04-03_21-01-14,2529,-98.64754180224332,8,0,0.016535220039774486,59.39696961966999,50,200,2026-04-04T11:34:00.453048
2026-04-03_21-01-14,2530,-91.66912455049311,8,0,0.016926201760324982,58.0,50,200,2026-04-04T11:34:03.168835
2026-04-03_21-01-14,2531,93.90492044680119,42,0,0.041584507811563975,22.627416997969522,50,200,2026-04-04T11:34:12.253673
2026-04-03_21-01-14,2532,422.48540630478226,122,1,0.4504504504504505,0.0,50,200,2026-04-04T11:34:27.189256
2026-04-03_21-01-14,2533,447.15375811206997,185,1,0.3508771929824561,0.0,50,200,2026-04-04T11:34:41.407587
2026-04-03_21-01-14,2534,343.10332154713166,200,0,0.1715728752538099,2.8284271247461903,50,200,2026-04-04T11:34:55.194021
2026-04-03_21-01-14,2535,423.9476267835923,102,1,0.49504950495049505,0.0,50,200,2026-04-04T11:35:09.998233
2026-04-03_21-01-14,2536,144.5037561274052,58,0,0.08189910385484861,10.63014581273465,50,200,2026-04-04T11:35:21.846283
2026-04-03_21-01-14,2537,422.1399954823035,97,1,0.5076142131979695,0.0,50,200,2026-04-04T11:35:36.301047
2026-04-03_21-01-14,2538,430.21878139733036,121,1,0.45248868778280543,0.0,50,200,2026-04-04T11:35:50.064512
2026-04-03_21-01-14,2539,40.40217858488653,47,0,0.03319711719162997,28.653097563788805,50,200,2026-04-04T11:35:58.712453
2026-04-03_21-01-14,2540,437.46168253520733,167,1,0.37453183520599254,0.0,50,200,2026-04-04T11:36:13.479831
2026-04-03_21-01-14,2541,-70.23679761008094,13,0,0.018422744448162515,53.150729063673246,50,200,2026-04-04T11:36:17.258097
2026-04-03_21-01-14,2542,75.98302256672633,77,0,0.05270189288617688,17.204650534085253,50,200,2026-04-04T11:36:28.958907
2026-04-03_21-01-14,2543,404.87491302438406,185,1,0.3508771929824561,0.0,50,200,2026-04-04T11:36:43.437800
2026-04-03_21-01-14,2544,434.29578329111985,153,1,0.39525691699604737,0.0,50,200,2026-04-04T11:36:58.673828
2026-04-03_21-01-14,2545,432.3668916123531,153,1,0.39525691699604737,0.0,50,200,2026-04-04T11:37:36.796185
2026-04-03_21-01-14,2546,441.72181244929305,189,1,0.3460207612456747,0.0,50,200,2026-04-04T11:37:53.058420
2026-04-03_21-01-14,2547,312.77156734074674,200,0,0.1715728752538099,2.8284271247461903,50,200,2026-04-04T11:38:08.244009
2026-04-03_21-01-14,2548,427.84618347436196,144,1,0.4098360655737705,0.0,50,200,2026-04-04T11:38:22.723797
2026-04-03_21-01-14,2549,127.90645488365297,80,0,0.09954001314446141,8.246211251235321,50,200,2026-04-04T11:38:36.249224
2026-04-03_21-01-14,2550,424.5219943605501,126,1,0.4424778761061947,0.0,50,200,2026-04-04T11:38:50.380878
2026-04-03_21-01-14,2551,-11.053848725025915,28,0,0.02248927194988797,43.18564576337837,50,200,2026-04-04T11:38:56.155331
2026-04-03_21-01-14,2552,429.04493500024256,154,1,0.39370078740157477,0.0,50,200,2026-04-04T11:39:12.201163
2026-04-03_21-01-14,2553,18.630574082849392,43,0,0.028804635879147784,33.28663395418648,50,200,2026-04-04T11:39:19.917920
2026-04-03_21-01-14,2554,418.77002506294224,98,1,0.5050505050505051,0.0,50,200,2026-04-04T11:39:34.833144
2026-04-03_21-01-14,2555,-20.020801740914138,18,0,0.022200798747972605,43.86342439892262,50,200,2026-04-04T11:39:40.031966
2026-04-03_21-01-14,2556,440.65479477052605,200,1,0.3333333333333333,0.0,50,200,2026-04-04T11:39:55.437326
2026-04-03_21-01-14,2557,-37.941318914823285,15,0,0.020005416751342882,48.83646178829912,50,200,2026-04-04T11:39:59.969507
2026-04-03_21-01-14,2558,-26.65718105053311,22,0,0.021075838373017915,46.22769732530488,50,200,2026-04-04T11:40:05.030214
2026-04-03_21-01-14,2559,325.2258979687817,200,0,0.1513878188659973,3.605551275463989,50,200,2026-04-04T11:40:20.252639
2026-04-03_21-01-14,2560,-26.973207664671875,19,0,0.020885342134271262,46.69047011971501,50,200,2026-04-04T11:40:25.157136
2026-04-03_21-01-14,2561,443.8926453645861,192,1,0.3424657534246575,0.0,50,200,2026-04-04T11:41:04.494000
2026-04-03_21-01-14,2562,351.8233012617433,200,0,0.22654091966098644,1.4142135623730951,50,200,2026-04-04T11:41:17.958983
2026-04-03_21-01-14,2563,427.0137946186878,125,1,0.4444444444444444,0.0,50,200,2026-04-04T11:41:32.950413
2026-04-03_21-01-14,2564,410.24659246749434,156,1,0.390625,0.0,50,200,2026-04-04T11:41:48.421519
2026-04-03_21-01-14,2565,12.78736987107493,39,0,0.026461642253131974,36.40054944640259,50,200,2026-04-04T11:41:55.628077
2026-04-03_21-01-14,2566,319.6412173595881,200,0,0.1715728752538099,2.8284271247461903,50,200,2026-04-04T11:42:09.633975
2026-04-03_21-01-14,2567,435.5401422573757,164,1,0.3787878787878788,0.0,50,200,2026-04-04T11:42:24.159038
2026-04-03_21-01-14,2568,-0.7071907107445128,46,0,0.03043154647127112,31.400636936215164,50,200,2026-04-04T11:42:32.433785
2026-04-03_21-01-14,2569,397.5164116843784,133,1,0.4291845493562232,0.0,50,200,2026-04-04T11:42:47.567965
2026-04-03_21-01-14,2570,339.8471188039874,200,0,0.1715728752538099,2.8284271247461903,50,200,2026-04-04T11:43:02.205688
2026-04-03_21-01-14,2571,442.99309649612525,183,1,0.35335689045936397,0.0,50,200,2026-04-04T11:43:17.217244
2026-04-03_21-01-14,2572,-107.31214927797112,9,0,0.015618538827624175,62.93647591023825,50,200,2026-04-04T11:43:19.084934
2026-04-03_21-01-14,2573,339.74061827176206,200,0,0.2,2.0,50,200,2026-04-04T11:43:35.229861
2026-04-03_21-01-14,2574,-95.32379850885307,2,0,0.016173069130115212,60.81118318204309,50,200,2026-04-04T11:43:37.366540
2026-04-03_21-01-14,2575,433.5877382227098,162,1,0.38167938931297707,0.0,50,200,2026-04-04T11:43:53.283648
2026-04-03_21-01-14,2576,13.237888125361621,32,0,0.029517993721187935,32.55764119219941,50,200,2026-04-04T11:44:00.796266
2026-04-03_21-01-14,2577,127.39551282099815,62,0,0.056257225610326644,16.15549442140351,50,200,2026-04-04T11:44:42.055675
2026-04-03_21-01-14,2578,412.2344082297797,143,1,0.41152263374485604,0.0,50,200,2026-04-04T11:44:56.464333
2026-04-03_21-01-14,2579,426.3243719941655,115,1,0.4651162790697674,0.0,50,200,2026-04-04T11:45:11.896064
2026-04-03_21-01-14,2580,-79.4427554706292,8,0,0.017341175562259916,56.586217403180434,50,200,2026-04-04T11:45:14.963972
2026-04-03_21-01-14,2581,401.84626845090963,69,1,0.591715976331361,0.0,50,200,2026-04-04T11:45:28.500704
2026-04-03_21-01-14,2582,125.35301177065675,59,0,0.05558266919272435,16.401219466856727,50,200,2026-04-04T11:45:39.642311
2026-04-03_21-01-14,2583,-89.87035209425417,16,0,0.017751755472634318,55.17245689653489,50,200,2026-04-04T11:45:43.067351
2026-04-03_21-01-14,2584,431.0355160183102,151,1,0.39840637450199207,0.0,50,200,2026-04-04T11:45:58.253148
2026-04-03_21-01-14,2585,13.084705417753582,27,0,0.02519605972176309,38.41874542459709,50,200,2026-04-04T11:46:04.634926
2026-04-03_21-01-14,2586,-21.547491480107453,30,0,0.021681688260423125,44.82186966202994,50,200,2026-04-04T11:46:10.257588
2026-04-03_21-01-14,2587,434.0976176975375,154,1,0.39370078740157477,0.0,50,200,2026-04-04T11:46:25.272055
2026-04-03_21-01-14,2588,-12.115301261358155,38,0,0.026138202516208395,36.87817782917155,50,200,2026-04-04T11:46:32.797317
2026-04-03_21-01-14,2589,426.7242122303684,119,1,0.4566210045662101,0.0,50,200,2026-04-04T11:46:46.781115
2026-04-03_21-01-14,2590,-17.11155070659511,32,0,0.02255725951578023,43.01162633521314,50,200,2026-04-04T11:46:52.919621
2026-04-03_21-01-14,2591,342.6872456409882,200,0,0.2,2.0,50,200,2026-04-04T11:47:08.212921
2026-04-03_21-01-14,2592,402.32040528345703,161,1,0.38314176245210724,0.0,50,200,2026-04-04T11:47:22.881098
2026-04-03_21-01-14,2593,417.6638464521274,106,1,0.4854368932038835,0.0,50,200,2026-04-04T11:47:57.526543
2026-04-03_21-01-14,2594,430.26693636550834,158,1,0.38759689922480617,0.0,50,200,2026-04-04T11:48:13.039020
2026-04-03_21-01-14,2595,420.28581749612766,130,1,0.4347826086956522,0.0,50,200,2026-04-04T11:48:27.352088
2026-04-03_21-01-14,2596,418.1099268486137,115,1,0.4651162790697674,0.0,50,200,2026-04-04T11:48:41.937075
2026-04-03_21-01-14,2597,58.57463596578002,89,0,0.0516682403870809,17.46424919657298,50,200,2026-04-04T11:48:53.803557
2026-04-03_21-01-14,2598,165.16240787231845,91,0,0.10963586851660385,7.211102550927978,50,200,2026-04-04T11:49:08.008200
2026-04-03_21-01-14,2599,427.6009135314523,175,1,0.36363636363636365,0.0,50,200,2026-04-04T11:49:24.471460
2026-04-03_21-01-14,2600,442.19701284401054,185,1,0.3508771929824561,0.0,50,200,2026-04-04T11:49:38.939969
2026-04-03_21-01-14,2601,155.12802861151732,71,0,0.0810363196006996,10.63014581273465,50,200,2026-04-04T11:49:51.209577
2026-04-03_21-01-14,2602,423.0567287887963,134,1,0.4273504273504274,0.0,50,200,2026-04-04T11:50:08.593465
2026-04-03_21-01-14,2603,430.53603556368057,157,1,0.3891050583657587,0.0,50,200,2026-04-04T11:50:25.670743
2026-04-03_21-01-14,2604,431.94704561160444,158,1,0.38759689922480617,0.0,50,200,2026-04-04T11:50:44.045899
2026-04-03_21-01-14,2605,413.1252741093362,188,1,0.3472222222222222,0.0,50,200,2026-04-04T11:51:04.522350
2026-04-03_21-01-14,2606,418.5290623888431,111,1,0.4739336492890995,0.0,50,200,2026-04-04T11:51:22.348119
2026-04-03_21-01-14,2607,-46.174858261263175,19,0,0.019989420883527162,48.83646178829912,50,200,2026-04-04T11:51:26.977528
2026-04-03_21-01-14,2608,417.2484617321106,87,1,0.53475935828877,0.0,50,200,2026-04-04T11:51:42.814144
2026-04-03_21-01-14,2609,316.7716986197871,200,0,0.19098300562505258,2.23606797749979,50,200,2026-04-04T11:52:29.413079
2026-04-03_21-01-14,2610,-75.68049452158402,19,0,0.017854630361636637,54.817880294662984,50,200,2026-04-04T11:52:33.571099
2026-04-03_21-01-14,2611,-10.56451790320331,29,0,0.0228255349688497,42.5205832509386,50,200,2026-04-04T11:52:39.666070
2026-04-03_21-01-14,2612,95.61423745889219,54,0,0.04211660660323478,22.20360331117452,50,200,2026-04-04T11:52:49.633284
2026-04-03_21-01-14,2613,430.8219608176337,126,1,0.4424778761061947,0.0,50,200,2026-04-04T11:53:04.127217
2026-04-03_21-01-14,2614,34.237473515218184,55,0,0.029318943352456314,32.55764119219941,50,200,2026-04-04T11:53:12.276513
2026-04-03_21-01-14,2615,417.431898054784,148,1,0.40322580645161293,0.0,50,200,2026-04-04T11:53:27.416219
2026-04-03_21-01-14,2616,-0.09474590815652562,23,0,0.024477871391048036,39.6232255123179,50,200,2026-04-04T11:53:33.614861
2026-04-03_21-01-14,2617,23.565758785654836,33,0,0.026503722174004672,36.40054944640259,50,200,2026-04-04T11:53:41.840221
2026-04-03_21-01-14,2618,437.1940163939471,184,1,0.35211267605633806,0.0,50,200,2026-04-04T11:53:59.125011
2026-04-03_21-01-14,2619,409.5638160984327,166,1,0.37593984962406013,0.0,50,200,2026-04-04T11:54:13.097755
2026-04-03_21-01-14,2620,78.85383280393175,47,0,0.03708497614294032,25.495097567963924,50,200,2026-04-04T11:54:22.960527
2026-04-03_21-01-14,2621,434.69839999567364,159,1,0.3861003861003861,0.0,50,200,2026-04-04T11:54:38.521711
2026-04-03_21-01-14,2622,428.7020836857213,135,1,0.425531914893617,0.0,50,200,2026-04-04T11:54:54.202832
2026-04-03_21-01-14,2623,402.62111329355554,76,1,0.5681818181818182,0.0,50,200,2026-04-04T11:55:08.180257
2026-04-03_21-01-14,2624,300.7845004335133,200,0,0.08891883476670036,8.246211251235321,50,200,2026-04-04T11:55:24.193860
2026-04-03_21-01-14,2625,337.802355516388,200,0,0.19098300562505258,2.23606797749979,50,200,2026-04-04T11:56:04.177295
2026-04-03_21-01-14,2626,430.90708688088694,161,1,0.38314176245210724,0.0,50,200,2026-04-04T11:56:19.682121
2026-04-03_21-01-14,2627,-119.88238446901676,9,0,0.017132084302297564,57.28001396647874,50,200,2026-04-04T11:56:22.547096
2026-04-03_21-01-14,2628,345.3945867727111,200,0,0.1715728752538099,2.8284271247461903,50,200,2026-04-04T11:56:36.620547
2026-04-03_21-01-14,2629,425.4489543542143,129,1,0.4366812227074236,0.0,50,200,2026-04-04T11:56:53.952304
2026-04-03_21-01-14,2630,-51.367338286606774,25,0,0.020236205770122844,48.16637831516918,50,200,2026-04-04T11:56:59.063102
2026-04-03_21-01-14,2631,313.4338204213034,200,0,0.25,1.0,50,200,2026-04-04T11:57:12.835484
2026-04-03_21-01-14,2632,427.14112716586794,119,1,0.4566210045662101,0.0,50,200,2026-04-04T11:57:28.631142
2026-04-03_21-01-14,2633,150.95330983320042,114,0,0.0980175197168266,8.06225774829855,50,200,2026-04-04T11:57:43.672688
2026-04-03_21-01-14,2634,429.0133213337243,174,1,0.36496350364963503,0.0,50,200,2026-04-04T11:57:58.481434
2026-04-03_21-01-14,2635,428.521321855669,141,1,0.41493775933609955,0.0,50,200,2026-04-04T11:58:13.754490
2026-04-03_21-01-14,2636,435.29298072152943,157,1,0.3891050583657587,0.0,50,200,2026-04-04T11:58:29.187503
2026-04-03_21-01-14,2637,427.4996221069269,151,1,0.39840637450199207,0.0,50,200,2026-04-04T11:58:45.232329
2026-04-03_21-01-14,2638,193.86773126607983,166,0,0.2145922746781116,2.0,50,200,2026-04-04T11:59:01.694069
2026-04-03_21-01-14,2639,198.75687077850068,142,0,0.2608096768039895,1.4142135623730951,50,200,2026-04-04T11:59:18.024722
2026-04-03_21-01-14,2640,430.3805492531102,158,1,0.38759689922480617,0.0,50,200,2026-04-04T11:59:33.311610
2026-04-03_21-01-14,2641,198.48140313443827,108,0,0.3246753246753247,1.0,50,200,2026-04-04T12:00:22.404372
2026-04-03_21-01-14,2642,-26.80461464215061,36,0,0.027236572659294404,35.35533905932738,50,200,2026-04-04T12:00:29.480018
2026-04-03_21-01-14,2643,-27.97341229829506,17,0,0.021448515770906503,45.45327270945405,50,200,2026-04-04T12:00:34.657452
2026-04-03_21-01-14,2644,418.53727624095984,127,1,0.44052863436123346,0.0,50,200,2026-04-04T12:00:49.680776
2026-04-03_21-01-14,2645,438.5517083449602,166,1,0.37593984962406013,0.0,50,200,2026-04-04T12:01:05.656848
2026-04-03_21-01-14,2646,393.1613028176437,76,1,0.5681818181818182,0.0,50,200,2026-04-04T12:01:19.164923
2026-04-03_21-01-14,2647,430.8742200168622,144,1,0.4098360655737705,0.0,50,200,2026-04-04T12:01:35.154046
2026-04-03_21-01-14,2648,447.8862653444745,188,1,0.3472222222222222,0.0,50,200,2026-04-04T12:01:51.482342
2026-04-03_21-01-14,2649,156.12943696195947,58,0,0.08420605796307568,10.295630140987,50,200,2026-04-04T12:02:03.378425
2026-04-03_21-01-14,2650,436.36836861252164,190,1,0.3448275862068965,0.0,50,200,2026-04-04T12:02:20.187628
2026-04-03_21-01-14,2651,-37.79214574855372,21,0,0.020579760262329,47.38143096192854,50,200,2026-04-04T12:02:25.065616
2026-04-03_21-01-14,2652,395.53111821859846,88,1,0.5319148936170213,0.0,50,200,2026-04-04T12:02:38.872220
2026-04-03_21-01-14,2653,326.4563946846635,200,0,0.1715728752538099,2.8284271247461903,50,200,2026-04-04T12:02:54.203329
2026-04-03_21-01-14,2654,61.35618157569469,48,0,0.03646674636461031,25.942243542145693,50,200,2026-04-04T12:03:03.982086
2026-04-03_21-01-14,2655,418.6479510226405,81,1,0.5524861878453039,0.0,50,200,2026-04-04T12:03:18.229206
2026-04-03_21-01-14,2656,431.4736322990685,159,1,0.3861003861003861,0.0,50,200,2026-04-04T12:03:35.007215
2026-04-03_21-01-14,2657,309.5812345674678,200,0,0.1513878188659973,3.605551275463989,50,200,2026-04-04T12:04:16.874259
2026-04-03_21-01-14,2658,331.2678100000817,200,0,0.1715728752538099,2.8284271247461903,50,200,2026-04-04T12:04:32.791529
2026-04-03_21-01-14,2659,132.49085742704938,77,0,0.07944923359242456,10.816653826391969,50,200,2026-04-04T12:04:45.394182
2026-04-03_21-01-14,2660,-99.79169575981133,6,0,0.01597894520579163,61.5223536610881,50,200,2026-04-04T12:04:47.404983
2026-04-03_21-01-14,2661,339.4928274011623,200,0,0.22654091966098644,1.4142135623730951,50,200,2026-04-04T12:05:03.457475
2026-04-03_21-01-14,2662,426.3461657457587,130,1,0.4347826086956522,0.0,50,200,2026-04-04T12:05:18.849277
2026-04-03_21-01-14,2663,-16.283325798274277,50,0,0.026056474188305322,36.87817782917155,50,200,2026-04-04T12:05:26.346740
2026-04-03_21-01-14,2664,83.18488185180566,92,0,0.0419257113131939,21.93171219946131,50,200,2026-04-04T12:05:39.207496
2026-04-03_21-01-14,2665,-8.989921870350642,41,0,0.02270250057868877,42.638011210655684,50,200,2026-04-04T12:05:45.932804
2026-04-03_21-01-14,2666,433.0189760597622,162,1,0.38167938931297707,0.0,50,200,2026-04-04T12:06:02.815000
2026-04-03_21-01-14,2667,323.6775667575383,200,0,0.1715728752538099,2.8284271247461903,50,200,2026-04-04T12:06:16.417771
2026-04-03_21-01-14,2668,36.139511575289916,42,0,0.03134845245186251,30.479501308256342,50,200,2026-04-04T12:06:24.718048
2026-04-03_21-01-14,2669,33.25740325985217,45,0,0.036102634667928436,26.248809496813376,50,200,2026-04-04T12:06:33.691073
2026-04-03_21-01-14,2670,434.84204565935346,178,1,0.3597122302158273,0.0,50,200,2026-04-04T12:06:50.360492
2026-04-03_21-01-14,2671,-72.80534825207212,13,0,0.017545118313177756,55.86591089385369,50,200,2026-04-04T12:06:53.718957
2026-04-03_21-01-14,2672,407.7886926337481,130,1,0.4347826086956522,0.0,50,200,2026-04-04T12:07:09.146287
2026-04-03_21-01-14,2673,53.780027547265504,46,0,0.03589277849573843,26.40075756488817,50,200,2026-04-04T12:07:44.509714
2026-04-03_21-01-14,2674,434.56405562807697,182,1,0.35460992907801414,0.0,50,200,2026-04-04T12:08:01.708713
2026-04-03_21-01-14,2675,340.3521198038042,200,0,0.2,2.0,50,200,2026-04-04T12:08:17.659563
2026-04-03_21-01-14,2676,402.91891923543426,134,1,0.4273504273504274,0.0,50,200,2026-04-04T12:08:32.498043
2026-04-03_21-01-14,2677,323.47214939046637,200,0,0.12347173609369323,5.0990195135927845,50,200,2026-04-04T12:08:49.786515
2026-04-03_21-01-14,2678,429.6174386383615,136,1,0.42372881355932196,0.0,50,200,2026-04-04T12:09:04.494918
2026-04-03_21-01-14,2679,10.602309083157053,38,0,0.025012182101228957,38.600518131237564,50,200,2026-04-04T12:09:11.390518
2026-04-03_21-01-14,2680,-4.614088057977057,34,0,0.025284484362470445,38.2099463490856,50,200,2026-04-04T12:09:18.310594
2026-04-03_21-01-14,2681,403.0932310946923,80,1,0.5555555555555556,0.0,50,200,2026-04-04T12:09:32.311923
2026-04-03_21-01-14,2682,421.9397466587887,142,1,0.4132231404958678,0.0,50,200,2026-04-04T12:09:49.676662
2026-04-03_21-01-14,2683,421.9942867249942,119,1,0.4566210045662101,0.0,50,200,2026-04-04T12:10:06.061512
2026-04-03_21-01-14,2684,293.1302398397407,200,0,0.07662908283827055,10.04987562112089,50,200,2026-04-04T12:10:23.249486
2026-04-03_21-01-14,2685,339.9706606129203,200,0,0.19098300562505258,2.23606797749979,50,200,2026-04-04T12:10:38.539773
2026-04-03_21-01-14,2686,333.4442113565989,200,0,0.16227766016837933,3.1622776601683795,50,200,2026-04-04T12:10:54.755535
2026-04-03_21-01-14,2687,434.9539755902701,185,1,0.3508771929824561,0.0,50,200,2026-04-04T12:11:09.400781
2026-04-03_21-01-14,2688,424.2336700893511,119,1,0.4566210045662101,0.0,50,200,2026-04-04T12:11:25.530726
2026-04-03_21-01-14,2689,426.6503899417781,109,1,0.47846889952153115,0.0,50,200,2026-04-04T12:12:13.366988
2026-04-03_21-01-14,2690,315.5507726777279,200,0,0.1715728752538099,2.8284271247461903,50,200,2026-04-04T12:12:29.685554
2026-04-03_21-01-14,2691,443.26806932811803,182,1,0.35460992907801414,0.0,50,200,2026-04-04T12:12:45.046616
2026-04-03_21-01-14,2692,-3.127688279878683,38,0,0.027706119044421374,34.713109915419565,50,200,2026-04-04T12:12:52.434699
2026-04-03_21-01-14,2693,433.757712341809,133,1,0.4291845493562232,0.0,50,200,2026-04-04T12:13:07.071049
2026-04-03_21-01-14,2694,71.36619692272278,53,0,0.04433843412232031,21.02379604162864,50,200,2026-04-04T12:13:19.187000
2026-04-03_21-01-14,2695,420.950177076605,107,1,0.48309178743961345,0.0,50,200,2026-04-04T12:13:37.494670
2026-04-03_21-01-14,2696,43.87285386433827,57,0,0.03126581595810403,30.4138126514911,50,200,2026-04-04T12:13:46.554365
2026-04-03_21-01-14,2697,107.87288909593472,53,0,0.050282689909480476,18.35755975068582,50,200,2026-04-04T12:13:56.990209
2026-04-03_21-01-14,2698,-37.75026217528837,21,0,0.020876621826482183,46.69047011971501,50,200,2026-04-04T12:14:01.967692
2026-04-03_21-01-14,2699,336.3711311476191,200,0,0.19098300562505258,2.23606797749979,50,200,2026-04-04T12:14:17.375911
2026-04-03_21-01-14,2700,336.71292251541286,200,0,0.19098300562505258,2.23606797749979,50,200,2026-04-04T12:14:32.144735
2026-04-03_21-01-14,2701,-108.99441213882986,2,0,0.0158074112826743,62.24146527838174,50,200,2026-04-04T12:14:34.123534
2026-04-03_21-01-14,2702,81.27035593403978,67,0,0.03983944857166023,23.430749027719962,50,200,2026-04-04T12:14:44.356827
2026-04-03_21-01-14,2703,338.7632480398319,200,0,0.1715728752538099,2.8284271247461903,50,200,2026-04-04T12:15:01.106392
2026-04-03_21-01-14,2704,335.4863882073842,200,0,0.19098300562505258,2.23606797749979,50,200,2026-04-04T12:15:20.474734
2026-04-03_21-01-14,2705,335.60533070576673,200,0,0.1715728752538099,2.8284271247461903,50,200,2026-04-04T12:16:04.768307
2026-04-03_21-01-14,2706,422.8237105433658,116,1,0.4629629629629629,0.0,50,200,2026-04-04T12:16:18.717639
2026-04-03_21-01-14,2707,414.8389817226097,154,1,0.39370078740157477,0.0,50,200,2026-04-04T12:16:33.251322
2026-04-03_21-01-14,2708,113.62328273891688,70,0,0.08547008547008547,10.0,50,200,2026-04-04T12:16:45.341008
2026-04-03_21-01-14,2709,433.2926859795469,181,1,0.35587188612099646,0.0,50,200,2026-04-04T12:17:01.984361
2026-04-03_21-01-14,2710,422.35838063441366,132,1,0.43103448275862066,0.0,50,200,2026-04-04T12:17:18.129177
2026-04-03_21-01-14,2711,432.3474118642114,148,1,0.40322580645161293,0.0,50,200,2026-04-04T12:17:34.290053
2026-04-03_21-01-14,2712,51.55849022834295,47,0,0.03585554423033402,26.419689627245813,50,200,2026-04-04T12:17:44.175221
2026-04-03_21-01-14,2713,424.41296198981564,135,1,0.425531914893617,0.0,50,200,2026-04-04T12:17:59.299202
2026-04-03_21-01-14,2714,423.0011241617085,103,1,0.4926108374384236,0.0,50,200,2026-04-04T12:18:14.736185
2026-04-03_21-01-14,2715,435.30349872504667,156,1,0.390625,0.0,50,200,2026-04-04T12:18:31.135225
2026-04-03_21-01-14,2716,109.30090575295307,69,0,0.0498137555564945,18.384776310850235,50,200,2026-04-04T12:18:42.524223
2026-04-03_21-01-14,2717,385.22293342526285,117,1,0.4608294930875576,0.0,50,200,2026-04-04T12:18:58.136687
2026-04-03_21-01-14,2718,439.49044386823925,179,1,0.35842293906810035,0.0,50,200,2026-04-04T12:19:14.111845
2026-04-03_21-01-14,2719,-50.5827181234965,18,0,0.019082150871317077,51.22499389946279,50,200,2026-04-04T12:19:18.233958
2026-04-03_21-01-14,2720,-9.847667878703092,29,0,0.022554786789399896,43.04648650006177,50,200,2026-04-04T12:19:24.850297
2026-04-03_21-01-14,2721,423.37096354342674,145,1,0.4081632653061224,0.0,50,200,2026-04-04T12:20:10.471369
2026-04-03_21-01-14,2722,336.95784544886243,200,0,0.22654091966098644,1.4142135623730951,50,200,2026-04-04T12:20:26.643941
2026-04-03_21-01-14,2723,336.53815679415413,200,0,0.22654091966098644,1.4142135623730951,50,200,2026-04-04T12:20:43.691338
2026-04-03_21-01-14,2724,415.3318629603393,101,1,0.49751243781094534,0.0,50,200,2026-04-04T12:21:00.577420
2026-04-03_21-01-14,2725,412.22451082855866,198,1,0.33557046979865773,0.0,50,200,2026-04-04T12:21:18.796674
2026-04-03_21-01-14,2726,442.167439592814,194,1,0.3401360544217687,0.0,50,200,2026-04-04T12:21:37.473977
2026-04-03_21-01-14,2727,397.13622155988287,145,1,0.4081632653061224,0.0,50,200,2026-04-04T12:21:54.320581
2026-04-03_21-01-14,2728,69.9991125087726,66,0,0.04890383465961465,18.788294228055936,50,200,2026-04-04T12:22:05.582770
2026-04-03_21-01-14,2729,275.4593065780093,200,0,0.11925824035672519,5.385164807134504,50,200,2026-04-04T12:22:23.388223
2026-04-03_21-01-14,2730,84.12747304305174,63,0,0.0408907235787004,22.825424421026653,50,200,2026-04-04T12:22:37.960354
2026-04-03_21-01-14,2731,321.5319632204403,200,0,0.1715728752538099,2.8284271247461903,50,200,2026-04-04T12:22:53.468754
2026-04-03_21-01-14,2732,400.66559475159266,136,1,0.42372881355932196,0.0,50,200,2026-04-04T12:23:10.432090
2026-04-03_21-01-14,2733,96.871209711229,78,0,0.04887217273456041,18.681541692269406,50,200,2026-04-04T12:23:22.173201
2026-04-03_21-01-14,2734,415.21885856347774,194,1,0.3401360544217687,0.0,50,200,2026-04-04T12:23:38.488349
2026-04-03_21-01-14,2735,367.27849476388735,93,1,0.5181347150259067,0.0,50,200,2026-04-04T12:23:53.606859
2026-04-03_21-01-14,2736,70.56719755703516,45,0,0.03512652835352861,27.018512172212592,50,200,2026-04-04T12:24:02.492326
2026-04-03_21-01-14,2737,341.2104217124685,200,0,0.2,2.0,50,200,2026-04-04T12:24:52.120357
2026-04-03_21-01-14,2738,-106.12110327610645,1,0,0.0156380783423265,62.93647591023825,50,200,2026-04-04T12:24:53.912058
2026-04-03_21-01-14,2739,439.27674135563547,193,1,0.3412969283276451,0.0,50,200,2026-04-04T12:25:09.472083
2026-04-03_21-01-14,2740,424.70743517645474,137,1,0.42194092827004215,0.0,50,200,2026-04-04T12:25:24.116460
2026-04-03_21-01-14,2741,435.69037058540584,199,1,0.33444816053511706,0.0,50,200,2026-04-04T12:25:40.574655
2026-04-03_21-01-14,2742,-116.75525936106663,7,0,0.01634568222534588,60.108235708594876,50,200,2026-04-04T12:25:42.979227
2026-04-03_21-01-14,2743,429.03263826712697,165,1,0.3773584905660377,0.0,50,200,2026-04-04T12:25:58.587812
2026-04-03_21-01-14,2744,429.4311621099481,160,1,0.3846153846153846,0.0,50,200,2026-04-04T12:26:15.163968
2026-04-03_21-01-14,2745,422.06729350616973,148,1,0.40322580645161293,0.0,50,200,2026-04-04T12:26:31.480189
2026-04-03_21-01-14,2746,-79.03591631328129,12,0,0.017959160038013653,54.56189146281496,50,200,2026-04-04T12:26:34.937674
2026-04-03_21-01-14,2747,440.20008718726785,180,1,0.35714285714285715,0.0,50,200,2026-04-04T12:26:50.293648
2026-04-03_21-01-14,2748,-27.91523980039011,20,0,0.020880981069933812,46.69047011971501,50,200,2026-04-04T12:26:55.305485
2026-04-03_21-01-14,2749,435.3389997466226,167,1,0.37453183520599254,0.0,50,200,2026-04-04T12:27:11.019899
2026-04-03_21-01-14,2750,418.6660298726225,95,1,0.5128205128205128,0.0,50,200,2026-04-04T12:27:25.703418
2026-04-03_21-01-14,2751,310.88082071867365,200,0,0.1715728752538099,2.8284271247461903,50,200,2026-04-04T12:27:41.347963
2026-04-03_21-01-14,2752,-90.82320065291688,5,0,0.01735552405005906,56.568542494923804,50,200,2026-04-04T12:27:44.211130
2026-04-03_21-01-14,2753,-24.5272608664052,26,0,0.022522872935689782,43.139309220245984,50,200,2026-04-04T12:28:17.388386
2026-04-03_21-01-14,2754,424.7990344424062,143,1,0.41152263374485604,0.0,50,200,2026-04-04T12:28:32.755654
2026-04-03_21-01-14,2755,432.5704058792989,184,1,0.35211267605633806,0.0,50,200,2026-04-04T12:28:49.663512
2026-04-03_21-01-14,2756,37.33873969358363,39,0,0.03202780753628477,29.832867780352597,50,200,2026-04-04T12:28:58.182901
2026-04-03_21-01-14,2757,423.3007841336676,113,1,0.4694835680751174,0.0,50,200,2026-04-04T12:29:12.623992
2026-04-03_21-01-14,2758,438.2765243014078,199,1,0.33444816053511706,0.0,50,200,2026-04-04T12:29:28.277313
2026-04-03_21-01-14,2759,298.360149985731,200,0,0.09727522475637543,7.280109889280518,50,200,2026-04-04T12:29:43.362401
2026-04-03_21-01-14,2760,412.7373750422926,101,1,0.49751243781094534,0.0,50,200,2026-04-04T12:29:58.343769
2026-04-03_21-01-14,2761,416.4032790413129,79,1,0.5586592178770949,0.0,50,200,2026-04-04T12:30:13.512405
2026-04-03_21-01-14,2762,-58.79401382814713,16,0,0.018450959842256743,53.03772242470448,50,200,2026-04-04T12:30:17.397747
2026-04-03_21-01-14,2763,-71.28425946787213,17,0,0.0194479209364651,50.24937810560445,50,200,2026-04-04T12:30:22.068586
2026-04-03_21-01-14,2764,415.5150517684962,97,1,0.5076142131979695,0.0,50,200,2026-04-04T12:30:38.596583
2026-04-03_21-01-14,2765,434.77697751850775,168,1,0.373134328358209,0.0,50,200,2026-04-04T12:30:55.660021
2026-04-03_21-01-14,2766,56.015209482364384,47,0,0.03177629488401652,30.0,50,200,2026-04-04T12:31:05.093789
2026-04-03_21-01-14,2767,65.4670833853735,68,0,0.03982358307576137,23.430749027719962,50,200,2026-04-04T12:31:16.171699
2026-04-03_21-01-14,2768,237.55341482553482,200,0,0.07576883186511127,10.198039027185569,50,200,2026-04-04T12:31:33.035235
2026-04-03_21-01-14,2769,252.44188208133338,200,0,0.058700366210735114,14.035668847618199,50,200,2026-04-04T12:32:14.240346
2026-04-03_21-01-14,2770,-112.83083997668261,1,0,0.015299736641906082,64.35060217278468,50,200,2026-04-04T12:32:15.863385
2026-04-03_21-01-14,2771,-25.14462855215048,50,0,0.021208525923887743,45.65084884205331,50,200,2026-04-04T12:32:22.769143
2026-04-03_21-01-14,2772,270.6882442884115,200,0,0.14038820320220757,4.123105625617661,50,200,2026-04-04T12:32:39.084120
2026-04-03_21-01-14,2773,-104.73000797691576,10,0,0.016925412196923013,57.982756057296896,50,200,2026-04-04T12:32:42.035952
2026-04-03_21-01-14,2774,331.5642208772532,200,0,0.16227766016837933,3.1622776601683795,50,200,2026-04-04T12:32:59.835068
2026-04-03_21-01-14,2775,140.85213069786076,102,0,0.06657789613848203,13.0,50,200,2026-04-04T12:33:12.855457
2026-04-03_21-01-14,2776,189.7692273017583,200,0,0.04134004568276611,21.18962010041709,50,200,2026-04-04T12:33:27.594862
2026-04-03_21-01-14,2777,11.095924577267482,66,0,0.025340759509991137,37.8021163428716,50,200,2026-04-04T12:33:35.890923
2026-04-03_21-01-14,2778,100.22038020034415,85,0,0.04576659038901602,20.0,50,200,2026-04-04T12:33:48.034366
2026-04-03_21-01-14,2779,323.6938985940288,200,0,0.1715728752538099,2.8284271247461903,50,200,2026-04-04T12:34:04.728142
2026-04-03_21-01-14,2780,125.46026825887063,112,0,0.09326335240675034,8.602325267042627,50,200,2026-04-04T12:34:20.927836
2026-04-03_21-01-14,2781,255.4799566324683,200,0,0.16666666666666666,3.0,50,200,2026-04-04T12:34:40.623542
2026-04-03_21-01-14,2782,306.2834965579956,200,0,0.10300566479164913,6.708203932499369,50,200,2026-04-04T12:34:58.742235
2026-04-03_21-01-14,2783,153.49650480980785,138,0,0.10351849114156192,7.280109889280518,50,200,2026-04-04T12:35:14.411191
2026-04-03_21-01-14,2784,-133.82930051431757,23,0,0.016303044723209693,60.108235708594876,50,200,2026-04-04T12:35:17.299892
2026-04-03_21-01-14,2785,-110.7091437226999,57,0,0.020375772406860646,47.50789408087881,50,200,2026-04-04T12:35:53.094116
2026-04-03_21-01-14,2786,67.37366393904912,56,0,0.034056607644604914,27.80287754891569,50,200,2026-04-04T12:36:02.673610
2026-04-03_21-01-14,2787,269.05136617392793,200,0,0.058823529411764705,14.0,50,200,2026-04-04T12:36:17.834398
2026-04-03_21-01-14,2788,130.60694418271237,88,0,0.06007874018133165,14.7648230602334,50,200,2026-04-04T12:36:31.393795
2026-04-03_21-01-14,2789,291.9159850739446,200,0,0.22654091966098644,1.4142135623730951,50,200,2026-04-04T12:36:50.679046
2026-04-03_21-01-14,2790,427.9464912505915,172,1,0.36764705882352944,0.0,50,200,2026-04-04T12:37:07.841836
2026-04-03_21-01-14,2791,-72.68676134691623,8,0,0.01752749822871372,55.97320787662612,50,200,2026-04-04T12:37:11.307182
2026-04-03_21-01-14,2792,-152.22914788928853,19,0,0.017515681085913764,55.90169943749474,50,200,2026-04-04T12:37:14.970951
2026-04-03_21-01-14,2793,74.98523259817502,93,0,0.038910916675279954,23.769728648009426,50,200,2026-04-04T12:37:27.043292
2026-04-03_21-01-14,2794,304.2487640938327,200,0,0.1715728752538099,2.8284271247461903,50,200,2026-04-04T12:37:44.094858
2026-04-03_21-01-14,2795,328.96588947712337,200,0,0.16227766016837933,3.1622776601683795,50,200,2026-04-04T12:38:02.487438
2026-04-03_21-01-14,2796,-107.47008551873007,2,0,0.015989164805324058,61.5223536610881,50,200,2026-04-04T12:38:04.544900
2026-04-03_21-01-14,2797,-132.26711170374284,23,0,0.018167120588754686,53.81449618829484,50,200,2026-04-04T12:38:08.785946
2026-04-03_21-01-14,2798,-0.3143377900225488,34,0,0.024892355697470538,38.8329756778952,50,200,2026-04-04T12:38:15.907312
2026-04-03_21-01-14,2799,273.983755882713,200,0,0.07261990293709354,10.770329614269007,50,200,2026-04-04T12:38:32.690058
2026-04-03_21-01-14,2800,33.37890237441604,57,0,0.02806720308684618,34.058772731852805,50,200,2026-04-04T12:38:41.110877
2026-04-03_21-01-14,2801,306.6628661065499,200,0,0.10634763241977652,6.4031242374328485,50,200,2026-04-04T12:39:21.767985
2026-04-03_21-01-14,2802,236.14230241534386,200,0,0.04886570674517899,17.46424919657298,50,200,2026-04-04T12:39:37.394070
2026-04-03_21-01-14,2803,-24.99730643021924,89,0,0.02933197795047844,32.202484376209235,50,200,2026-04-04T12:39:47.450870
2026-04-03_21-01-14,2804,73.82705149802561,108,0,0.04164634290521084,21.93171219946131,50,200,2026-04-04T12:39:59.560257
2026-04-03_21-01-14,2805,-12.410358556268108,33,0,0.023225948575810385,41.72529209005013,50,200,2026-04-04T12:40:06.128743
2026-04-03_21-01-14,2806,-7.109362340276718,55,0,0.02613346078702706,36.71511950137164,50,200,2026-04-04T12:40:14.703537
2026-04-03_21-01-14,2807,325.95250882720103,200,0,0.16666666666666666,3.0,50,200,2026-04-04T12:40:33.481735
2026-04-03_21-01-14,2808,65.82544480046253,104,0,0.040648707280105785,22.561028345356956,50,200,2026-04-04T12:40:46.212433
2026-04-03_21-01-14,2809,304.1263632873859,200,0,0.09727522475637543,7.280109889280518,50,200,2026-04-04T12:41:02.446399
2026-04-03_21-01-14,2810,280.239311243984,200,0,0.07662908283827055,10.04987562112089,50,200,2026-04-04T12:41:19.122605
2026-04-03_21-01-14,2811,235.5906585678765,200,0,0.06593902921292402,12.165525060596439,50,200,2026-04-04T12:41:36.599059
2026-04-03_21-01-14,2812,-103.40247806032258,3,0,0.01580892779853245,62.22539674441618,50,200,2026-04-04T12:41:38.634370
2026-04-03_21-01-14,2813,15.5132179781897,117,0,0.03137896282070455,29.698484809834994,50,200,2026-04-04T12:41:49.977539
2026-04-03_21-01-14,2814,4.94792343869527,40,0,0.027472527472527472,35.0,50,200,2026-04-04T12:41:57.870388
2026-04-03_21-01-14,2815,2.965087443975193,62,0,0.024870942958932774,38.58756276314948,50,200,2026-04-04T12:42:05.949701
2026-04-03_21-01-14,2816,-65.36530282069647,23,0,0.01911382237534516,51.088159097779204,50,200,2026-04-04T12:42:10.702108
2026-04-03_21-01-14,2817,315.38356283244366,200,0,0.125,5.0,50,200,2026-04-04T12:42:54.876613
2026-04-03_21-01-14,2818,304.93690981680425,200,0,0.110098661796365,6.082762530298219,50,200,2026-04-04T12:43:13.672899
2026-04-03_21-01-14,2819,431.52663329465753,199,1,0.33444816053511706,0.0,50,200,2026-04-04T12:43:31.700641
2026-04-03_21-01-14,2820,315.9909572027743,200,0,0.13383054136359812,4.47213595499958,50,200,2026-04-04T12:43:48.774206
2026-04-03_21-01-14,2821,391.1150624370544,156,1,0.390625,0.0,50,200,2026-04-04T12:44:05.691683
2026-04-03_21-01-14,2822,318.4604020627123,200,0,0.14038820320220757,4.123105625617661,50,200,2026-04-04T12:44:24.871084
2026-04-03_21-01-14,2823,331.40633268184916,200,0,0.19098300562505258,2.23606797749979,50,200,2026-04-04T12:44:41.680470
2026-04-03_21-01-14,2824,426.81265051713393,158,1,0.38759689922480617,0.0,50,200,2026-04-04T12:44:58.254845
2026-04-03_21-01-14,2825,155.68197325697275,114,0,0.13814025478482123,5.0990195135927845,50,200,2026-04-04T12:45:14.355641
2026-04-03_21-01-14,2826,-115.74313350294675,3,0,0.015978306933722763,61.554853586049575,50,200,2026-04-04T12:45:16.451988
2026-04-03_21-01-14,2827,418.2192345398433,140,1,0.41666666666666663,0.0,50,200,2026-04-04T12:45:33.568230
2026-04-03_21-01-14,2828,-70.52208866234083,23,0,0.01830044450991715,53.41348144429457,50,200,2026-04-04T12:45:37.509249
2026-04-03_21-01-14,2829,23.55295233151935,79,0,0.03325101352487118,28.284271247461902,50,200,2026-04-04T12:45:47.552488
2026-04-03_21-01-14,2830,-102.18015946720685,3,0,0.015978306933722763,61.554853586049575,50,200,2026-04-04T12:45:49.565471
2026-04-03_21-01-14,2831,422.2296795647163,133,1,0.4291845493562232,0.0,50,200,2026-04-04T12:46:05.530432
2026-04-03_21-01-14,2832,-30.28179725566504,63,0,0.024674725019469716,38.897300677553446,50,200,2026-04-04T12:46:13.289143
2026-04-03_21-01-14,2833,115.0630695473796,58,0,0.049952323218436116,18.439088914585774,50,200,2026-04-04T12:46:54.706711
2026-04-03_21-01-14,2834,325.27443620703775,200,0,0.19098300562505258,2.23606797749979,50,200,2026-04-04T12:47:12.081069
2026-04-03_21-01-14,2835,318.0850196881216,200,0,0.11925824035672519,5.385164807134504,50,200,2026-04-04T12:47:28.757197
2026-04-03_21-01-14,2836,338.7709853292841,200,0,0.22654091966098644,1.4142135623730951,50,200,2026-04-04T12:47:46.540800
2026-04-03_21-01-14,2837,250.1175784311544,200,0,0.07662908283827055,10.04987562112089,50,200,2026-04-04T12:48:01.501848
2026-04-03_21-01-14,2838,436.30642961441004,161,1,0.38314176245210724,0.0,50,200,2026-04-04T12:48:16.527559
2026-04-03_21-01-14,2839,446.13580691568615,195,1,0.3389830508474576,0.0,50,200,2026-04-04T12:48:33.245603
2026-04-03_21-01-14,2840,-45.68762489412471,49,0,0.019581649407979174,49.57822102496216,50,200,2026-04-04T12:48:38.782916
2026-04-03_21-01-14,2841,440.43977362720807,198,1,0.33557046979865773,0.0,50,200,2026-04-04T12:48:55.214382
2026-04-03_21-01-14,2842,-47.76505566585858,14,0,0.01920442728862439,50.93132631298737,50,200,2026-04-04T12:48:59.287634
2026-04-03_21-01-14,2843,-78.9685488269534,19,0,0.017972095731876504,54.45181356024793,50,200,2026-04-04T12:49:03.201815
2026-04-03_21-01-14,2844,427.7370488799213,146,1,0.4065040650406504,0.0,50,200,2026-04-04T12:49:19.712688
2026-04-03_21-01-14,2845,423.3458169625897,115,1,0.4651162790697674,0.0,50,200,2026-04-04T12:49:35.864522
2026-04-03_21-01-14,2846,-17.94359087124566,37,0,0.024349345030613184,39.698866482558415,50,200,2026-04-04T12:49:42.759995
2026-04-03_21-01-14,2847,428.3497517958322,185,1,0.3508771929824561,0.0,50,200,2026-04-04T12:49:58.883616
2026-04-03_21-01-14,2848,-51.874376951136014,20,0,0.02053055298058079,47.50789408087881,50,200,2026-04-04T12:50:03.780613
2026-04-03_21-01-14,2849,97.35541378692771,78,0,0.06380625770129844,13.892443989449804,50,200,2026-04-04T12:50:45.703067
2026-04-03_21-01-14,2850,300.62018397178645,200,0,0.08295048134434817,9.055385138137417,50,200,2026-04-04T12:51:02.231990
2026-04-03_21-01-14,2851,337.29812051862143,200,0,0.25,1.0,50,200,2026-04-04T12:51:20.293870
2026-04-03_21-01-14,2852,65.95566357666974,83,0,0.034798043178103,26.90724809414742,50,200,2026-04-04T12:51:31.742018
2026-04-03_21-01-14,2853,424.02455706663585,146,1,0.4065040650406504,0.0,50,200,2026-04-04T12:51:49.202060
2026-04-03_21-01-14,2854,-26.321247111643416,26,0,0.02289041538592197,42.42640687119285,50,200,2026-04-04T12:51:54.918331
2026-04-03_21-01-14,2855,191.29300594440312,185,0,0.09164006414308909,8.06225774829855,50,200,2026-04-04T12:52:12.456639
2026-04-03_21-01-14,2856,269.9576493818434,200,0,0.0583357886059212,14.142135623730951,50,200,2026-04-04T12:52:28.283486
2026-04-03_21-01-14,2857,421.14405445177675,109,1,0.47846889952153115,0.0,50,200,2026-04-04T12:52:44.039113
2026-04-03_21-01-14,2858,333.7434157413458,200,0,0.22654091966098644,1.4142135623730951,50,200,2026-04-04T12:53:01.162304
2026-04-03_21-01-14,2859,111.18387101989832,92,0,0.06442688529010203,13.601470508735444,50,200,2026-04-04T12:53:13.606417
2026-04-03_21-01-14,2860,312.8883263536349,200,0,0.10724372001086317,6.324555320336759,50,200,2026-04-04T12:53:28.678544
2026-04-03_21-01-14,2861,9.401904558123007,29,0,0.02575550638496959,37.53664875824692,50,200,2026-04-04T12:53:35.578903
2026-04-03_21-01-14,2862,32.50780992710122,50,0,0.02784793828489148,34.40930106817051,50,200,2026-04-04T12:53:43.570990
2026-04-03_21-01-14,2863,327.7554932796707,200,0,0.14285714285714285,4.0,50,200,2026-04-04T12:53:59.278174
2026-04-03_21-01-14,2864,333.41295258535064,200,0,0.22654091966098644,1.4142135623730951,50,200,2026-04-04T12:54:17.632678
2026-04-03_21-01-14,2865,427.5969274303766,182,1,0.35460992907801414,0.0,50,200,2026-04-04T12:55:05.304754
2026-04-03_21-01-14,2866,422.24352383949883,121,1,0.45248868778280543,0.0,50,200,2026-04-04T12:55:22.231009
2026-04-03_21-01-14,2867,319.2064893522324,200,0,0.19098300562505258,2.23606797749979,50,200,2026-04-04T12:55:38.730075
2026-04-03_21-01-14,2868,-8.061298628362422,34,0,0.022836279343380256,42.44997055358225,50,200,2026-04-04T12:55:45.290827
2026-04-03_21-01-14,2869,417.1362291056553,123,1,0.4484304932735426,0.0,50,200,2026-04-04T12:56:00.449683
2026-04-03_21-01-14,2870,415.19315426062565,90,1,0.5263157894736842,0.0,50,200,2026-04-04T12:56:15.687932
2026-04-03_21-01-14,2871,441.5376604389109,177,1,0.36101083032490977,0.0,50,200,2026-04-04T12:56:31.758178
2026-04-03_21-01-14,2872,136.09125169129345,87,0,0.0774271813748945,11.045361017187261,50,200,2026-04-04T12:56:45.676766
2026-04-03_21-01-14,2873,-51.189711597578906,22,0,0.019399049219701966,50.32891812864648,50,200,2026-04-04T12:56:50.188211
2026-04-03_21-01-14,2874,129.5655098931461,89,0,0.06877999794584928,12.649110640673518,50,200,2026-04-04T12:57:03.595123
2026-04-03_21-01-14,2875,430.11116116191795,184,1,0.35211267605633806,0.0,50,200,2026-04-04T12:57:20.352734
2026-04-03_21-01-14,2876,-49.07935655313963,17,0,0.019135767835390446,51.088159097779204,50,200,2026-04-04T12:57:24.576868
2026-04-03_21-01-14,2877,339.26711892682573,200,0,0.2,2.0,50,200,2026-04-04T12:57:41.458841
2026-04-03_21-01-14,2878,116.85005380559244,75,0,0.051139140162500034,17.804493814764857,50,200,2026-04-04T12:57:52.753536
2026-04-03_21-01-14,2879,415.7206070299199,108,1,0.4807692307692307,0.0,50,200,2026-04-04T12:58:09.131317
2026-04-03_21-01-14,2880,415.91776400333555,107,1,0.48309178743961345,0.0,50,200,2026-04-04T12:58:24.818994
2026-04-03_21-01-14,2881,-76.95153550866081,15,0,0.017973156080234833,54.48853090330111,50,200,2026-04-04T12:58:55.068603
2026-04-03_21-01-14,2882,300.1111548136111,200,0,0.1715728752538099,2.8284271247461903,50,200,2026-04-04T12:59:12.447058
2026-04-03_21-01-14,2883,-53.17584895853593,22,0,0.018909895429267472,51.66236541235796,50,200,2026-04-04T12:59:17.228420
2026-04-03_21-01-14,2884,20.0846951321264,35,0,0.026336812593701065,36.61966684720111,50,200,2026-04-04T12:59:24.344685
2026-04-03_21-01-14,2885,-17.73388011787982,47,0,0.028808862759027425,33.24154027718932,50,200,2026-04-04T12:59:32.767894
2026-04-03_21-01-14,2886,188.67284875324174,106,0,0.13968393270912396,5.0990195135927845,50,200,2026-04-04T12:59:47.028772
2026-04-03_21-01-14,2887,417.4980679973649,128,1,0.43859649122807015,0.0,50,200,2026-04-04T13:00:02.662066
2026-04-03_21-01-14,2888,429.8271046561956,143,1,0.41152263374485604,0.0,50,200,2026-04-04T13:00:18.244835
2026-04-03_21-01-14,2889,148.64068436452197,145,0,0.105030236078538,7.0710678118654755,50,200,2026-04-04T13:00:34.826690
2026-04-03_21-01-14,2890,17.14060858040581,32,0,0.026755485779278238,36.05551275463989,50,200,2026-04-04T13:00:42.397193
2026-04-03_21-01-14,2891,382.9855808241093,114,1,0.4672897196261682,0.0,50,200,2026-04-04T13:00:58.000744
2026-04-03_21-01-14,2892,-55.86034022670714,36,0,0.018859965831832342,51.66236541235796,50,200,2026-04-04T13:01:02.789109
2026-04-03_21-01-14,2893,-97.91460577963986,6,0,0.01691712438449804,58.05170109479997,50,200,2026-04-04T13:01:05.464995
2026-04-03_21-01-14,2894,4.801713421778032,40,0,0.025204586626482717,38.27531841800928,50,200,2026-04-04T13:01:12.933210
2026-04-03_21-01-14,2895,36.20798168313374,59,0,0.032690421706440015,29.0,50,200,2026-04-04T13:01:22.740478
2026-04-03_21-01-14,2896,428.81840855222214,172,1,0.36764705882352944,0.0,50,200,2026-04-04T13:01:38.562019
2026-04-03_21-01-14,2897,-110.41058693962839,6,0,0.016536085851590547,59.413803110051795,50,200,2026-04-04T13:01:59.978077
2026-04-03_21-01-14,2898,-9.052868816283109,37,0,0.025391566123150845,38.01315561749642,50,200,2026-04-04T13:02:06.922735
2026-04-03_21-01-14,2899,323.7592501561545,200,0,0.19098300562505258,2.23606797749979,50,200,2026-04-04T13:02:23.158342
2026-04-03_21-01-14,2900,137.9051173911755,140,0,0.07674511201729438,10.63014581273465,50,200,2026-04-04T13:02:38.725755
2026-04-03_21-01-14,2901,327.1253767592947,200,0,0.19098300562505258,2.23606797749979,50,200,2026-04-04T13:02:55.368404
2026-04-03_21-01-14,2902,432.09699378396766,184,1,0.35211267605633806,0.0,50,200,2026-04-04T13:03:12.014825
2026-04-03_21-01-14,2903,412.4047092395483,151,1,0.39840637450199207,0.0,50,200,2026-04-04T13:03:30.182167
2026-04-03_21-01-14,2904,337.72149835431765,200,0,0.19098300562505258,2.23606797749979,50,200,2026-04-04T13:03:44.817125
2026-04-03_21-01-14,2905,327.9237222929826,200,0,0.19098300562505258,2.23606797749979,50,200,2026-04-04T13:04:01.914447
2026-04-03_21-01-14,2906,416.91921869298636,144,1,0.4098360655737705,0.0,50,200,2026-04-04T13:04:18.594957
2026-04-03_21-01-14,2907,-9.748215474149859,96,0,0.027842857601440573,33.95585369269929,50,200,2026-04-04T13:04:30.531232
2026-04-03_21-01-14,2908,-23.071195323503844,24,0,0.021837237156545508,44.553338819890925,50,200,2026-04-04T13:04:36.034681
2026-04-03_21-01-14,2909,327.6611933271002,200,0,0.1715728752538099,2.8284271247461903,50,200,2026-04-04T13:04:51.583137
2026-04-03_21-01-14,2910,172.755591589884,134,0,0.10625786786268822,7.0710678118654755,50,200,2026-04-04T13:05:07.435746
2026-04-03_21-01-14,2911,325.72715304726523,200,0,0.19098300562505258,2.23606797749979,50,200,2026-04-04T13:05:25.865798
2026-04-03_21-01-14,2912,323.15475229391757,200,0,0.1715728752538099,2.8284271247461903,50,200,2026-04-04T13:05:41.177340
2026-04-03_21-01-14,2913,389.39188956582257,177,1,0.36101083032490977,0.0,50,200,2026-04-04T13:06:31.523780
2026-04-03_21-01-14,2914,75.99972048368798,65,0,0.03743926204330611,25.059928172283335,50,200,2026-04-04T13:06:42.132347
2026-04-03_21-01-14,2915,349.65527576013477,200,0,0.22654091966098644,1.4142135623730951,50,200,2026-04-04T13:06:57.273362
2026-04-03_21-01-14,2916,423.32104398068856,135,1,0.425531914893617,0.0,50,200,2026-04-04T13:07:14.795191
2026-04-03_21-01-14,2917,254.40539459718002,200,0,0.11925824035672519,5.385164807134504,50,200,2026-04-04T13:07:32.336856
2026-04-03_21-01-14,2918,323.58333277581636,200,0,0.25,1.0,50,200,2026-04-04T13:07:47.684869
2026-04-03_21-01-14,2919,428.74205170367406,173,1,0.3663003663003663,0.0,50,200,2026-04-04T13:08:05.818862
2026-04-03_21-01-14,2920,264.63111657767075,200,0,0.06190820998759698,13.152946437965905,50,200,2026-04-04T13:08:22.255444
2026-04-03_21-01-14,2921,39.74103244042644,74,0,0.03167276431640104,29.832867780352597,50,200,2026-04-04T13:08:31.870738
2026-04-03_21-01-14,2922,321.93015738030306,200,0,0.1513878188659973,3.605551275463989,50,200,2026-04-04T13:08:49.797356
2026-04-03_21-01-14,2923,433.1636505286374,166,1,0.37593984962406013,0.0,50,200,2026-04-04T13:09:05.744871
2026-04-03_21-01-14,2924,422.84387265780487,164,1,0.3787878787878788,0.0,50,200,2026-04-04T13:09:22.773203
2026-04-03_21-01-14,2925,424.0129988504786,159,1,0.3861003861003861,0.0,50,200,2026-04-04T13:09:40.069775
2026-04-03_21-01-14,2926,-63.34860132119941,18,0,0.018208264736148276,53.74011537017761,50,200,2026-04-04T13:09:43.870013
2026-04-03_21-01-14,2927,423.11457330176665,141,1,0.41493775933609955,0.0,50,200,2026-04-04T13:09:59.430579
2026-04-03_21-01-14,2928,-54.22465194548239,32,0,0.018888010681565773,51.62363799656123,50,200,2026-04-04T13:10:04.455245
2026-04-03_21-01-14,2929,305.8373383052186,200,0,0.19098300562505258,2.23606797749979,50,200,2026-04-04T13:10:51.842933
2026-04-03_21-01-14,2930,52.206208567037066,58,0,0.032536451142185716,29.154759474226502,50,200,2026-04-04T13:11:01.355313
2026-04-03_21-01-14,2931,-113.24643754017029,5,0,0.01616093046724928,60.8276253029822,50,200,2026-04-04T13:11:03.529038
2026-04-03_21-01-14,2932,398.8964966538191,159,1,0.3861003861003861,0.0,50,200,2026-04-04T13:11:20.185422
2026-04-03_21-01-14,2933,-1.274108606688813,52,0,0.027511716904593874,34.828149534535996,50,200,2026-04-04T13:11:29.001777
2026-04-03_21-01-14,2934,14.135711301939537,44,0,0.025878476940216607,37.20215047547655,50,200,2026-04-04T13:11:36.428521
2026-04-03_21-01-14,2935,143.1353516227534,82,0,0.07417350068650425,11.661903789690601,50,200,2026-04-04T13:11:50.667819
2026-04-03_21-01-14,2936,404.0895398594548,143,1,0.41152263374485604,0.0,50,200,2026-04-04T13:12:06.393211
2026-04-03_21-01-14,2937,-29.152450301596645,30,0,0.02080962817102144,46.75467891024384,50,200,2026-04-04T13:12:11.962761
2026-04-03_21-01-14,2938,336.09414931323334,200,0,0.19098300562505258,2.23606797749979,50,200,2026-04-04T13:12:29.634822
2026-04-03_21-01-14,2939,337.7203450825817,200,0,0.2,2.0,50,200,2026-04-04T13:12:46.481961
2026-04-03_21-01-14,2940,67.69741892878069,49,0,0.03454343543301964,27.459060435491963,50,200,2026-04-04T13:12:55.896169
2026-04-03_21-01-14,2941,191.55272077699922,128,0,0.15617421583663743,4.123105625617661,50,200,2026-04-04T13:13:12.712574
2026-04-03_21-01-14,2942,427.4103829505655,161,1,0.38314176245210724,0.0,50,200,2026-04-04T13:13:29.294749
2026-04-03_21-01-14,2943,361.47674133468576,108,1,0.4807692307692307,0.0,50,200,2026-04-04T13:13:44.863591
2026-04-03_21-01-14,2944,276.6485909851516,200,0,0.07692307692307693,10.0,50,200,2026-04-04T13:14:01.472222
2026-04-03_21-01-14,2945,290.2563792961578,200,0,0.09090909090909091,8.0,50,200,2026-04-04T13:14:45.604603
2026-04-03_21-01-14,2946,426.09246052435424,174,1,0.36496350364963503,0.0,50,200,2026-04-04T13:15:03.262363
2026-04-03_21-01-14,2947,428.34808343542124,193,1,0.3412969283276451,0.0,50,200,2026-04-04T13:15:21.684131
2026-04-03_21-01-14,2948,422.7286632887877,174,1,0.36496350364963503,0.0,50,200,2026-04-04T13:15:37.761833
2026-04-03_21-01-14,2949,329.3838688533218,200,0,0.22654091966098644,1.4142135623730951,50,200,2026-04-04T13:15:54.585971
2026-04-03_21-01-14,2950,-19.377236320645423,40,0,0.021761204423456377,44.553338819890925,50,200,2026-04-04T13:16:00.525773
2026-04-03_21-01-14,2951,-28.58952924095658,45,0,0.022403618966356637,43.18564576337837,50,200,2026-04-04T13:16:06.650142
2026-04-03_21-01-14,2952,-99.45561281077376,2,0,0.015989164805324058,61.5223536610881,50,200,2026-04-04T13:16:08.733993
2026-04-03_21-01-14,2953,248.64437274462475,200,0,0.058823529411764705,14.0,50,200,2026-04-04T13:16:25.946287
2026-04-03_21-01-14,2954,-167.5334456845615,27,0,0.017284227087148434,56.586217403180434,50,200,2026-04-04T13:16:29.331784
2026-04-03_21-01-14,2955,159.3006366679817,153,0,0.11610676556821017,6.082762530298219,50,200,2026-04-04T13:16:45.304018
2026-04-03_21-01-14,2956,23.64751316665354,36,0,0.028750875159204364,33.421549934136806,50,200,2026-04-04T13:16:52.678842
2026-04-03_21-01-14,2957,30.76496518693682,58,0,0.034966854008987164,27.018512172212592,50,200,2026-04-04T13:17:02.587279
2026-04-03_21-01-14,2958,118.43302809671408,114,0,0.054750973284033305,16.1245154965971,50,200,2026-04-04T13:17:17.220451
2026-04-03_21-01-14,2959,434.7609191210952,195,1,0.3389830508474576,0.0,50,200,2026-04-04T13:17:34.239643
2026-04-03_21-01-14,2960,260.5878809230112,200,0,0.1715728752538099,2.8284271247461903,50,200,2026-04-04T13:17:51.621872
2026-04-03_21-01-14,2961,-84.29784415321424,6,0,0.01691712438449804,58.05170109479997,50,200,2026-04-04T13:18:23.503258
2026-04-03_21-01-14,2962,423.338051458642,115,1,0.4651162790697674,0.0,50,200,2026-04-04T13:18:37.994150
2026-04-03_21-01-14,2963,265.0637344005527,200,0,0.0733667866609101,10.63014581273465,50,200,2026-04-04T13:18:54.553672
2026-04-03_21-01-14,2964,279.4311357764673,200,0,0.07576883186511127,10.198039027185569,50,200,2026-04-04T13:19:12.164854
2026-04-03_21-01-14,2965,329.23479594918706,200,0,0.25,1.0,50,200,2026-04-04T13:19:29.698768
2026-04-03_21-01-14,2966,272.73620140214655,200,0,0.07119788510785187,11.045361017187261,50,200,2026-04-04T13:19:47.650505
2026-04-03_21-01-14,2967,316.82226371959354,200,0,0.16227766016837933,3.1622776601683795,50,200,2026-04-04T13:20:05.787459
2026-04-03_21-01-14,2968,162.29395961321472,99,0,0.10203821668527915,7.810249675906654,50,200,2026-04-04T13:20:19.520911
2026-04-03_21-01-14,2969,-38.62586099380792,34,0,0.0214210115580604,45.34313619501854,50,200,2026-04-04T13:20:24.958108
2026-04-03_21-01-14,2970,283.3171404822546,200,0,0.1715728752538099,2.8284271247461903,50,200,2026-04-04T13:20:40.309433
2026-04-03_21-01-14,2971,163.08986428615628,179,0,0.09214672404521383,8.06225774829855,50,200,2026-04-04T13:20:56.288111
2026-04-03_21-01-14,2972,106.4747961242196,82,0,0.047088765693449816,19.4164878389476,50,200,2026-04-04T13:21:09.075380
2026-04-03_21-01-14,2973,329.40983333104765,200,0,0.19098300562505258,2.23606797749979,50,200,2026-04-04T13:21:24.786778
2026-04-03_21-01-14,2974,58.282700548684076,100,0,0.04312274179869009,21.18962010041709,50,200,2026-04-04T13:21:37.976557
2026-04-03_21-01-14,2975,421.79169820860386,153,1,0.39525691699604737,0.0,50,200,2026-04-04T13:21:55.214883
2026-04-03_21-01-14,2976,30.091051304929508,72,0,0.027892371780624745,34.132096331752024,50,200,2026-04-04T13:22:04.295019
2026-04-03_21-01-14,2977,-63.598414962687954,18,0,0.01818363780579269,53.81449618829484,50,200,2026-04-04T13:22:41.682048
2026-04-03_21-01-14,2978,77.26560884481518,70,0,0.040737645812239646,22.847319317591726,50,200,2026-04-04T13:22:52.303166
2026-04-03_21-01-14,2979,326.8746159699402,200,0,0.19098300562505258,2.23606797749979,50,200,2026-04-04T13:23:09.775012
2026-04-03_21-01-14,2980,341.34276672892463,200,0,0.1715728752538099,2.8284271247461903,50,200,2026-04-04T13:23:24.695455
2026-04-03_21-01-14,2981,417.87555482436284,100,1,0.5,0.0,50,200,2026-04-04T13:23:39.798650
2026-04-03_21-01-14,2982,118.85252708763949,85,0,0.055160786367710164,16.278820596099706,50,200,2026-04-04T13:23:51.970632
2026-04-03_21-01-14,2983,365.6191645872503,58,1,0.6329113924050632,0.0,50,200,2026-04-04T13:24:05.262838
2026-04-03_21-01-14,2984,-10.528903361746572,22,0,0.024499007697387408,39.59797974644666,50,200,2026-04-04T13:24:11.349988
2026-04-03_21-01-14,2985,437.8486105499315,194,1,0.3401360544217687,0.0,50,200,2026-04-04T13:24:27.485936
2026-04-03_21-01-14,2986,338.1321045025221,200,0,0.1715728752538099,2.8284271247461903,50,200,2026-04-04T13:24:43.020852
2026-04-03_21-01-14,2987,123.43923850238039,88,0,0.08116681182215385,10.44030650891055,50,200,2026-04-04T13:24:56.857328
2026-04-03_21-01-14,2988,315.44393536033687,200,0,0.2,2.0,50,200,2026-04-04T13:25:12.071855
2026-04-03_21-01-14,2989,421.1040544856489,114,1,0.4672897196261682,0.0,50,200,2026-04-04T13:25:26.855339
2026-04-03_21-01-14,2990,-63.958652370346684,10,0,0.018458556227155577,53.075418038862395,50,200,2026-04-04T13:25:30.580022
2026-04-03_21-01-14,2991,431.7959516388843,172,1,0.36764705882352944,0.0,50,200,2026-04-04T13:25:47.229191
2026-04-03_21-01-14,2992,402.2663307412633,108,1,0.4807692307692307,0.0,50,200,2026-04-04T13:26:02.282409
2026-04-03_21-01-14,2993,332.12655270430827,200,0,0.1715728752538099,2.8284271247461903,50,200,2026-04-04T13:26:47.424191
2026-04-03_21-01-14,2994,333.1025862992596,200,0,0.1715728752538099,2.8284271247461903,50,200,2026-04-04T13:27:03.628898
2026-04-03_21-01-14,2995,319.66643250428416,200,0,0.19098300562505258,2.23606797749979,50,200,2026-04-04T13:27:19.663130
2026-04-03_21-01-14,2996,325.41019264313917,200,0,0.1715728752538099,2.8284271247461903,50,200,2026-04-04T13:27:36.946697
2026-04-03_21-01-14,2997,333.5851199752379,200,0,0.22654091966098644,1.4142135623730951,50,200,2026-04-04T13:27:54.480373
2026-04-03_21-01-14,2998,333.6479591253609,200,0,0.19098300562505258,2.23606797749979,50,200,2026-04-04T13:28:11.696953
2026-04-03_21-01-14,2999,423.0354464964319,153,1,0.39525691699604737,0.0,50,200,2026-04-04T13:28:28.665331
2026-04-03_21-01-14,3000,334.37624262744595,200,0,0.2,2.0,50,200,2026-04-04T13:28:45.381094
