run_id,episode,reward,steps,success,navigation_efficiency,goal_distance,grid_size,max_episode_steps,timestamp_utc
2026-04-06_09-19-27,3001,-101.4533870630744,6,0,0.017130644601492433,57.3149195236284,50,200,2026-04-06T13:19:30.876636
2026-04-06_09-19-27,3002,5.898640225948554,31,0,0.024910958470641023,38.8329756778952,50,200,2026-04-06T13:19:43.000033
2026-04-06_09-19-27,3003,393.22231497859036,123,1,0.4484304932735426,0.0,50,200,2026-04-06T13:20:11.012008
2026-04-06_09-19-27,3004,414.57621662160557,103,1,0.4926108374384236,0.0,50,200,2026-04-06T13:20:38.004688
2026-04-06_09-19-27,3005,336.4928713673887,200,0,0.1715728752538099,2.8284271247461903,50,200,2026-04-06T13:21:01.162262
2026-04-06_09-19-27,3006,-92.6849287578361,3,0,0.016356376470631765,60.108235708594876,50,200,2026-04-06T13:21:03.250098
2026-04-06_09-19-27,3007,421.6661849924978,101,1,0.49751243781094534,0.0,50,200,2026-04-06T13:21:25.003092
2026-04-06_09-19-27,3008,435.5722613860663,175,1,0.36363636363636365,0.0,50,200,2026-04-06T13:21:48.105348
2026-04-06_09-19-27,3009,48.23571619140512,45,0,0.03361124974877229,28.30194339616981,50,200,2026-04-06T13:21:58.570539
2026-04-06_09-19-27,3010,-47.752575586902644,16,0,0.02030734718298212,48.08326112068523,50,200,2026-04-06T13:22:03.743557
2026-04-06_09-19-27,3011,414.69397250998134,129,1,0.4366812227074236,0.0,50,200,2026-04-06T13:22:27.900819
2026-04-06_09-19-27,3012,402.2969117272501,162,1,0.38167938931297707,0.0,50,200,2026-04-06T13:22:50.557768
2026-04-06_09-19-27,3013,-6.102863841763536,31,0,0.025253558710953042,38.28837943815329,50,200,2026-04-06T13:22:58.551357
2026-04-06_09-19-27,3014,296.3672946185231,200,0,0.08183611128016957,9.219544457292887,50,200,2026-04-06T13:23:23.663090
2026-04-06_09-19-27,3015,-97.60541074164776,6,0,0.016348354475417506,60.108235708594876,50,200,2026-04-06T13:23:26.483628
2026-04-06_09-19-27,3016,-62.793399501744915,16,0,0.018208727296301852,53.75872022286245,50,200,2026-04-06T13:23:31.620145
2026-04-06_09-19-27,3017,420.8807218861656,97,1,0.5076142131979695,0.0,50,200,2026-04-06T13:23:53.734931
2026-04-06_09-19-27,3018,15.137909066430595,35,0,0.026158714769734845,36.87817782917155,50,200,2026-04-06T13:24:02.770826
2026-04-06_09-19-27,3019,163.44245322769268,94,0,0.15595427280675392,4.47213595499958,50,200,2026-04-06T13:24:23.824918
2026-04-06_09-19-27,3020,79.14612128045174,51,0,0.03703004580832536,25.495097567963924,50,200,2026-04-06T13:24:35.922339
2026-04-06_09-19-27,3021,422.4155131396046,111,1,0.4739336492890995,0.0,50,200,2026-04-06T13:24:57.058584
2026-04-06_09-19-27,3022,-64.88275608945963,9,0,0.01800445350808124,54.45181356024793,50,200,2026-04-06T13:25:00.496641
2026-04-06_09-19-27,3023,342.3926919272402,200,0,0.19098300562505258,2.23606797749979,50,200,2026-04-06T13:25:21.081659
2026-04-06_09-19-27,3024,344.47136920721107,200,0,0.19098300562505258,2.23606797749979,50,200,2026-04-06T13:25:42.512313
2026-04-06_09-19-27,3025,125.61935069905198,72,0,0.07017561545804293,12.529964086141668,50,200,2026-04-06T13:25:58.615273
2026-04-06_09-19-27,3026,424.8797578661293,142,1,0.4132231404958678,0.0,50,200,2026-04-06T13:26:22.786606
2026-04-06_09-19-27,3027,424.5794353235611,108,1,0.4807692307692307,0.0,50,200,2026-04-06T13:26:42.909504
2026-04-06_09-19-27,3028,304.3403457456682,200,0,0.08333333333333333,9.0,50,200,2026-04-06T13:27:02.239012
2026-04-06_09-19-27,3029,-96.54551495454547,3,0,0.016548902026595806,59.39696961966999,50,200,2026-04-06T13:27:04.302355
2026-04-06_09-19-27,3030,436.00181827038136,157,1,0.3891050583657587,0.0,50,200,2026-04-06T13:27:25.871267
2026-04-06_09-19-27,3031,-40.8825668768121,15,0,0.019736449864398636,49.51767361255979,50,200,2026-04-06T13:27:30.776812
2026-04-06_09-19-27,3032,-104.37183226777367,3,0,0.016356376470631765,60.108235708594876,50,200,2026-04-06T13:27:32.794688
2026-04-06_09-19-27,3033,425.20650739021994,98,1,0.5050505050505051,0.0,50,200,2026-04-06T13:28:36.242253
2026-04-06_09-19-27,3034,415.62717616300927,88,1,0.5319148936170213,0.0,50,200,2026-04-06T13:28:56.500615
2026-04-06_09-19-27,3035,421.15691475453195,138,1,0.42016806722689076,0.0,50,200,2026-04-06T13:29:14.575886
2026-04-06_09-19-27,3036,-63.900008452765725,9,0,0.01923014489991783,50.91168824543142,50,200,2026-04-06T13:29:18.261189
2026-04-06_09-19-27,3037,428.0428509758665,161,1,0.38314176245210724,0.0,50,200,2026-04-06T13:29:42.098272
2026-04-06_09-19-27,3038,94.80438252028927,47,0,0.043994156189333694,21.2602916254693,50,200,2026-04-06T13:29:54.062529
2026-04-06_09-19-27,3039,427.9539690296415,117,1,0.4608294930875576,0.0,50,200,2026-04-06T13:30:13.546995
2026-04-06_09-19-27,3040,132.56368924306673,64,0,0.07517720890261075,11.661903789690601,50,200,2026-04-06T13:30:28.884251
2026-04-06_09-19-27,3041,-103.61872087753044,2,0,0.016173069130115212,60.81118318204309,50,200,2026-04-06T13:30:30.707655
2026-04-06_09-19-27,3042,407.23252919681516,118,1,0.4587155963302753,0.0,50,200,2026-04-06T13:30:49.947267
2026-04-06_09-19-27,3043,419.22401367703856,148,1,0.40322580645161293,0.0,50,200,2026-04-06T13:31:08.350119
2026-04-06_09-19-27,3044,423.3297218911485,100,1,0.5,0.0,50,200,2026-04-06T13:31:26.774301
2026-04-06_09-19-27,3045,45.94604698776945,37,0,0.029953014634469935,32.01562118716424,50,200,2026-04-06T13:31:36.511579
2026-04-06_09-19-27,3046,417.7530593362124,181,1,0.35587188612099646,0.0,50,200,2026-04-06T13:31:58.037182
2026-04-06_09-19-27,3047,425.6525141011012,118,1,0.4587155963302753,0.0,50,200,2026-04-06T13:32:20.207966
2026-04-06_09-19-27,3048,203.96668583899407,104,0,0.24752475247524752,2.0,50,200,2026-04-06T13:32:39.596390
2026-04-06_09-19-27,3049,435.8404253990799,142,1,0.4132231404958678,0.0,50,200,2026-04-06T13:32:59.000898
2026-04-06_09-19-27,3050,336.99888883321216,200,0,0.1715728752538099,2.8284271247461903,50,200,2026-04-06T13:33:21.198825
2026-04-06_09-19-27,3051,413.5597192218351,117,1,0.4608294930875576,0.0,50,200,2026-04-06T13:33:41.194049
2026-04-06_09-19-27,3052,-26.979054241577018,19,0,0.020857371928010564,46.75467891024384,50,200,2026-04-06T13:33:46.467148
2026-04-06_09-19-27,3053,206.99655232337943,118,0,0.3144654088050315,1.0,50,200,2026-04-06T13:34:05.371461
2026-04-06_09-19-27,3054,397.7293409613005,103,1,0.4926108374384236,0.0,50,200,2026-04-06T13:34:24.120637
2026-04-06_09-19-27,3055,300.99027155813394,200,0,0.19098300562505258,2.23606797749979,50,200,2026-04-06T13:34:45.173653
2026-04-06_09-19-27,3056,-85.82167115312961,4,0,0.016740850295209303,58.69412236331676,50,200,2026-04-06T13:34:47.417925
2026-04-06_09-19-27,3057,331.49622860494617,200,0,0.1513878188659973,3.605551275463989,50,200,2026-04-06T13:35:09.038140
2026-04-06_09-19-27,3058,205.35840395589378,110,0,0.2845586878119938,1.4142135623730951,50,200,2026-04-06T13:35:29.013517
2026-04-06_09-19-27,3059,429.88345521717235,172,1,0.36764705882352944,0.0,50,200,2026-04-06T13:35:51.039599
2026-04-06_09-19-27,3060,-13.948218057955557,28,0,0.024577197856693152,39.408120990476064,50,200,2026-04-06T13:35:58.548311
2026-04-06_09-19-27,3061,382.6738872556002,84,1,0.5434782608695653,0.0,50,200,2026-04-06T13:36:16.431016
2026-04-06_09-19-27,3062,444.38110901353025,178,1,0.3597122302158273,0.0,50,200,2026-04-06T13:36:35.032170
2026-04-06_09-19-27,3063,346.31121830081383,200,0,0.19098300562505258,2.23606797749979,50,200,2026-04-06T13:36:55.344779
2026-04-06_09-19-27,3064,167.32552467762196,147,0,0.16459411741589328,3.605551275463989,50,200,2026-04-06T13:37:17.006768
2026-04-06_09-19-27,3065,100.36857408082295,47,0,0.04345812043315089,21.540659228538015,50,200,2026-04-06T13:38:27.318503
2026-04-06_09-19-27,3066,19.25192904416815,23,0,0.026810098841106522,36.069377593742864,50,200,2026-04-06T13:38:34.564568
2026-04-06_09-19-27,3067,407.32572830520417,156,1,0.390625,0.0,50,200,2026-04-06T13:38:54.001294
2026-04-06_09-19-27,3068,410.7555245806122,85,1,0.5405405405405405,0.0,50,200,2026-04-06T13:39:12.199943
2026-04-06_09-19-27,3069,434.78161943062344,145,1,0.4081632653061224,0.0,50,200,2026-04-06T13:39:32.289690
2026-04-06_09-19-27,3070,431.8027706894114,150,1,0.4,0.0,50,200,2026-04-06T13:39:52.821164
2026-04-06_09-19-27,3071,56.01746812652584,38,0,0.03720916724008607,25.495097567963924,50,200,2026-04-06T13:40:03.260021
2026-04-06_09-19-27,3072,-1.3298946519045103,33,0,0.03191828917969997,30.0,50,200,2026-04-06T13:40:12.456108
2026-04-06_09-19-27,3073,-63.05991159427372,12,0,0.02003386059208321,48.79549159502341,50,200,2026-04-06T13:40:16.793324
2026-04-06_09-19-27,3074,81.44836578548656,37,0,0.039645221440906084,23.853720883753127,50,200,2026-04-06T13:40:27.084718
2026-04-06_09-19-27,3075,-0.3849211988367074,35,0,0.027057018174410544,35.608987629529715,50,200,2026-04-06T13:40:35.797656
2026-04-06_09-19-27,3076,348.58031706933724,200,0,0.19098300562505258,2.23606797749979,50,200,2026-04-06T13:40:53.084976
2026-04-06_09-19-27,3077,127.77312384715397,73,0,0.05977286312014345,15.0,50,200,2026-04-06T13:41:09.259356
2026-04-06_09-19-27,3078,437.1951378557545,152,1,0.3968253968253968,0.0,50,200,2026-04-06T13:41:29.712601
2026-04-06_09-19-27,3079,407.23766478140493,154,1,0.39370078740157477,0.0,50,200,2026-04-06T13:41:53.367207
2026-04-06_09-19-27,3080,428.10915407905884,129,1,0.4366812227074236,0.0,50,200,2026-04-06T13:42:15.335547
2026-04-06_09-19-27,3081,423.9164637638993,102,1,0.49504950495049505,0.0,50,200,2026-04-06T13:42:33.933595
2026-04-06_09-19-27,3082,423.66212736473335,106,1,0.4854368932038835,0.0,50,200,2026-04-06T13:42:52.291338
2026-04-06_09-19-27,3083,-30.617953637053887,22,0,0.02209191376058337,44.04543109109048,50,200,2026-04-06T13:42:58.233604
2026-04-06_09-19-27,3084,439.09680372928915,166,1,0.37593984962406013,0.0,50,200,2026-04-06T13:43:17.943027
2026-04-06_09-19-27,3085,442.5762814600458,164,1,0.3787878787878788,0.0,50,200,2026-04-06T13:43:36.682353
2026-04-06_09-19-27,3086,-20.715897436373012,28,0,0.025797577493913627,37.48332962798263,50,200,2026-04-06T13:43:44.203822
2026-04-06_09-19-27,3087,-56.28093691496414,10,0,0.019219191030892348,50.93132631298737,50,200,2026-04-06T13:43:47.993171
2026-04-06_09-19-27,3088,-37.43942302323484,14,0,0.02002583669567119,48.79549159502341,50,200,2026-04-06T13:43:52.629090
2026-04-06_09-19-27,3089,107.86672077158396,49,0,0.05589333929151606,16.401219466856727,50,200,2026-04-06T13:44:05.301498
2026-04-06_09-19-27,3090,441.04944809538705,192,1,0.3424657534246575,0.0,50,200,2026-04-06T13:44:27.391038
2026-04-06_09-19-27,3091,410.88974259316825,80,1,0.5555555555555556,0.0,50,200,2026-04-06T13:44:45.162056
2026-04-06_09-19-27,3092,411.163785921358,92,1,0.5208333333333334,0.0,50,200,2026-04-06T13:45:03.591868
2026-04-06_09-19-27,3093,106.1479152331234,76,0,0.045488147929543365,20.223748416156685,50,200,2026-04-06T13:45:19.112551
2026-04-06_09-19-27,3094,34.48525060493323,32,0,0.028359843479368693,33.94112549695428,50,200,2026-04-06T13:45:28.419733
2026-04-06_09-19-27,3095,342.70860580977563,200,0,0.19098300562505258,2.23606797749979,50,200,2026-04-06T13:45:48.707497
2026-04-06_09-19-27,3096,147.77282753377915,83,0,0.12146057452326356,6.4031242374328485,50,200,2026-04-06T13:46:05.610808
2026-04-06_09-19-27,3097,437.0047161866624,166,1,0.37593984962406013,0.0,50,200,2026-04-06T13:47:12.036225
2026-04-06_09-19-27,3098,420.3091918118499,105,1,0.48780487804878053,0.0,50,200,2026-04-06T13:47:33.297997
2026-04-06_09-19-27,3099,421.9285935125246,109,1,0.47846889952153115,0.0,50,200,2026-04-06T13:47:54.345950
2026-04-06_09-19-27,3100,425.485982715167,118,1,0.4587155963302753,0.0,50,200,2026-04-06T13:48:12.870412
2026-04-06_09-19-27,3101,334.3098477716211,200,0,0.19098300562505258,2.23606797749979,50,200,2026-04-06T13:48:36.192614
2026-04-06_09-19-27,3102,407.79520246763207,131,1,0.4329004329004329,0.0,50,200,2026-04-06T13:48:57.217827
2026-04-06_09-19-27,3103,-98.5633251152841,7,0,0.017780162090707142,55.17245689653489,50,200,2026-04-06T13:49:00.256722
2026-04-06_09-19-27,3104,429.5651083687839,148,1,0.40322580645161293,0.0,50,200,2026-04-06T13:49:22.461257
2026-04-06_09-19-27,3105,-20.146004914851858,23,0,0.022142624274218686,43.93176527297759,50,200,2026-04-06T13:49:28.892999
2026-04-06_09-19-27,3106,343.25375773725045,200,0,0.22654091966098644,1.4142135623730951,50,200,2026-04-06T13:49:50.653571
2026-04-06_09-19-27,3107,-65.42493665094376,19,0,0.01916435914804515,50.99019513592785,50,200,2026-04-06T13:49:55.652239
2026-04-06_09-19-27,3108,422.0329294269109,131,1,0.4329004329004329,0.0,50,200,2026-04-06T13:50:17.588509
2026-04-06_09-19-27,3109,194.61544642691246,165,0,0.10070382011376257,7.280109889280518,50,200,2026-04-06T13:50:38.766241
2026-04-06_09-19-27,3110,143.42032606047152,98,0,0.1944663563669286,3.1622776601683795,50,200,2026-04-06T13:50:57.184183
2026-04-06_09-19-27,3111,325.31856773349347,200,0,0.13383054136359812,4.47213595499958,50,200,2026-04-06T13:51:22.043048
2026-04-06_09-19-27,3112,-20.506550881482397,35,0,0.023917805038466966,40.45985664828782,50,200,2026-04-06T13:51:29.976844
2026-04-06_09-19-27,3113,417.7369025490281,93,1,0.5181347150259067,0.0,50,200,2026-04-06T13:51:48.952207
2026-04-06_09-19-27,3114,14.982942550019303,57,0,0.030597228803187056,31.11269837220809,50,200,2026-04-06T13:52:00.072175
2026-04-06_09-19-27,3115,430.0714186794423,153,1,0.39525691699604737,0.0,50,200,2026-04-06T13:52:23.299754
2026-04-06_09-19-27,3116,-102.7867548262223,1,0,0.015813927823395878,62.22539674441618,50,200,2026-04-06T13:52:24.857112
2026-04-06_09-19-27,3117,428.58612485555653,134,1,0.4273504273504274,0.0,50,200,2026-04-06T13:52:45.703738
2026-04-06_09-19-27,3118,421.7001265965299,115,1,0.4651162790697674,0.0,50,200,2026-04-06T13:53:07.621551
2026-04-06_09-19-27,3119,-87.11565946265591,21,0,0.017096935565327626,57.28001396647874,50,200,2026-04-06T13:53:11.639900
2026-04-06_09-19-27,3120,38.30817354000436,55,0,0.029960158149687784,31.827660925679098,50,200,2026-04-06T13:53:23.781884
2026-04-06_09-19-27,3121,130.01020053727598,73,0,0.058843129288068716,15.264337522473747,50,200,2026-04-06T13:53:39.810904
2026-04-06_09-19-27,3122,101.99636173200231,84,0,0.057589837553027184,15.524174696260024,50,200,2026-04-06T13:53:59.532362
2026-04-06_09-19-27,3123,434.368844472328,165,1,0.3773584905660377,0.0,50,200,2026-04-06T13:54:25.507521
2026-04-06_09-19-27,3124,404.8449981649792,115,1,0.4651162790697674,0.0,50,200,2026-04-06T13:54:44.206305
2026-04-06_09-19-27,3125,430.0397957797214,170,1,0.37037037037037035,0.0,50,200,2026-04-06T13:55:08.441169
2026-04-06_09-19-27,3126,26.395996014784856,52,0,0.02693313402395793,35.608987629529715,50,200,2026-04-06T13:55:18.824599
2026-04-06_09-19-27,3127,12.33736828498553,41,0,0.027178630880160638,35.38361202590826,50,200,2026-04-06T13:55:29.677927
2026-04-06_09-19-27,3128,28.449658479165905,46,0,0.03488825516510923,27.202941017470888,50,200,2026-04-06T13:55:41.199384
2026-04-06_09-19-27,3129,427.1225099883928,118,1,0.4587155963302753,0.0,50,200,2026-04-06T13:56:51.574588
2026-04-06_09-19-27,3130,74.89701774120978,50,0,0.04482565768237913,20.808652046684813,50,200,2026-04-06T13:57:03.497856
2026-04-06_09-19-27,3131,352.31849971722716,200,0,0.25,1.0,50,200,2026-04-06T13:57:23.049979
2026-04-06_09-19-27,3132,434.16542474839645,168,1,0.373134328358209,0.0,50,200,2026-04-06T13:57:44.796782
2026-04-06_09-19-27,3133,106.62819993532398,55,0,0.04587480720886803,20.248456731316587,50,200,2026-04-06T13:57:57.916981
2026-04-06_09-19-27,3134,439.6896003235181,198,1,0.33557046979865773,0.0,50,200,2026-04-06T13:58:19.070347
2026-04-06_09-19-27,3135,421.6101329028424,114,1,0.4672897196261682,0.0,50,200,2026-04-06T13:58:37.175645
2026-04-06_09-19-27,3136,321.9176994974579,200,0,0.19098300562505258,2.23606797749979,50,200,2026-04-06T13:58:54.616882
2026-04-06_09-19-27,3137,116.35755558349405,172,0,0.2688172043010753,1.0,50,200,2026-04-06T13:59:12.486749
2026-04-06_09-19-27,3138,435.0653651987304,177,1,0.36101083032490977,0.0,50,200,2026-04-06T13:59:35.005149
2026-04-06_09-19-27,3139,437.0296157442676,179,1,0.35842293906810035,0.0,50,200,2026-04-06T13:59:56.720507
2026-04-06_09-19-27,3140,417.29483244764407,166,1,0.37593984962406013,0.0,50,200,2026-04-06T14:00:18.105633
2026-04-06_09-19-27,3141,343.9656705526379,200,0,0.19098300562505258,2.23606797749979,50,200,2026-04-06T14:00:40.554037
2026-04-06_09-19-27,3142,337.29104245012877,200,0,0.19098300562505258,2.23606797749979,50,200,2026-04-06T14:01:01.202924
2026-04-06_09-19-27,3143,428.51678809053743,145,1,0.4081632653061224,0.0,50,200,2026-04-06T14:01:22.159789
2026-04-06_09-19-27,3144,150.04180223243083,88,0,0.07529125905377732,11.40175425099138,50,200,2026-04-06T14:01:39.973839
2026-04-06_09-19-27,3145,0.07726084114780463,34,0,0.024412140096225908,39.6232255123179,50,200,2026-04-06T14:01:47.316923
2026-04-06_09-19-27,3146,438.85951988126067,158,1,0.38759689922480617,0.0,50,200,2026-04-06T14:02:07.005431
2026-04-06_09-19-27,3147,432.7277530787535,153,1,0.39525691699604737,0.0,50,200,2026-04-06T14:02:28.332611
2026-04-06_09-19-27,3148,433.02841018561236,160,1,0.3846153846153846,0.0,50,200,2026-04-06T14:02:48.467112
2026-04-06_09-19-27,3149,400.8555293153822,150,1,0.4,0.0,50,200,2026-04-06T14:03:06.909464
2026-04-06_09-19-27,3150,19.792329821436937,31,0,0.02663446250196992,36.235341863986875,50,200,2026-04-06T14:03:14.640677
2026-04-06_09-19-27,3151,434.6524326786403,151,1,0.39840637450199207,0.0,50,200,2026-04-06T14:03:35.547853
2026-04-06_09-19-27,3152,431.1731201059901,146,1,0.4065040650406504,0.0,50,200,2026-04-06T14:03:56.061360
2026-04-06_09-19-27,3153,425.4507374951346,118,1,0.4587155963302753,0.0,50,200,2026-04-06T14:04:15.928606
2026-04-06_09-19-27,3154,431.37097665731784,151,1,0.39840637450199207,0.0,50,200,2026-04-06T14:04:36.983769
2026-04-06_09-19-27,3155,406.5381694822224,109,1,0.47846889952153115,0.0,50,200,2026-04-06T14:04:56.966661
2026-04-06_09-19-27,3156,64.30764827885893,43,0,0.033613892225966925,28.319604517012593,50,200,2026-04-06T14:05:08.435711
2026-04-06_09-19-27,3157,431.5915797282346,162,1,0.38167938931297707,0.0,50,200,2026-04-06T14:05:31.070752
2026-04-06_09-19-27,3158,427.205158009557,120,1,0.45454545454545453,0.0,50,200,2026-04-06T14:05:50.035777
2026-04-06_09-19-27,3159,436.60707063887605,179,1,0.35842293906810035,0.0,50,200,2026-04-06T14:06:11.537785
2026-04-06_09-19-27,3160,422.6106278792381,135,1,0.425531914893617,0.0,50,200,2026-04-06T14:06:32.525260
2026-04-06_09-19-27,3161,329.7472538864927,200,0,0.16227766016837933,3.1622776601683795,50,200,2026-04-06T14:08:06.629629
2026-04-06_09-19-27,3162,-97.57358742841465,5,0,0.01672850989337824,58.728187440104094,50,200,2026-04-06T14:08:08.994425
2026-04-06_09-19-27,3163,125.73833830901677,85,0,0.057450300996967636,15.556349186104045,50,200,2026-04-06T14:08:24.446596
2026-04-06_09-19-27,3164,409.9150561010454,163,1,0.3802281368821293,0.0,50,200,2026-04-06T14:08:44.326546
2026-04-06_09-19-27,3165,-68.81550787179606,13,0,0.01895603863500723,51.62363799656123,50,200,2026-04-06T14:08:48.503742
2026-04-06_09-19-27,3166,93.27488454075697,45,0,0.04123114805918693,22.80350850198276,50,200,2026-04-06T14:08:59.806527
2026-04-06_09-19-27,3167,201.75964649248976,72,0,0.2527762428976243,2.23606797749979,50,200,2026-04-06T14:09:16.419231
2026-04-06_09-19-27,3168,61.112238329152945,35,0,0.032874316152289716,29.068883707497267,50,200,2026-04-06T14:09:25.886575
2026-04-06_09-19-27,3169,14.160071189232255,43,0,0.02824812833670866,33.97057550292606,50,200,2026-04-06T14:09:34.982224
2026-04-06_09-19-27,3170,1.2914109909305012,28,0,0.025797577493913627,37.48332962798263,50,200,2026-04-06T14:09:42.859966
2026-04-06_09-19-27,3171,339.51323725278024,200,0,0.19098300562505258,2.23606797749979,50,200,2026-04-06T14:10:06.747254
2026-04-06_09-19-27,3172,421.20780659343194,89,1,0.5291005291005291,0.0,50,200,2026-04-06T14:10:25.564702
2026-04-06_09-19-27,3173,423.86275237298446,92,1,0.5208333333333334,0.0,50,200,2026-04-06T14:10:43.309377
2026-04-06_09-19-27,3174,447.23430985426023,194,1,0.3401360544217687,0.0,50,200,2026-04-06T14:11:02.841789
2026-04-06_09-19-27,3175,21.349431017729103,31,0,0.02618611457381741,36.87817782917155,50,200,2026-04-06T14:11:10.839060
2026-04-06_09-19-27,3176,346.3955653682656,200,0,0.19098300562505258,2.23606797749979,50,200,2026-04-06T14:11:28.145387
2026-04-06_09-19-27,3177,131.6783153634762,60,0,0.05918189829233647,15.297058540778355,50,200,2026-04-06T14:11:42.470274
2026-04-06_09-19-27,3178,436.6243652003763,174,1,0.36496350364963503,0.0,50,200,2026-04-06T14:12:03.067522
2026-04-06_09-19-27,3179,439.2597215899926,153,1,0.39525691699604737,0.0,50,200,2026-04-06T14:12:22.653691
2026-04-06_09-19-27,3180,-9.742214111322312,18,0,0.022539962684944174,43.18564576337837,50,200,2026-04-06T14:12:28.337356
2026-04-06_09-19-27,3181,193.04625604985503,109,0,0.1523894059583019,4.47213595499958,50,200,2026-04-06T14:12:47.792337
2026-04-06_09-19-27,3182,425.7748964449922,156,1,0.390625,0.0,50,200,2026-04-06T14:13:10.686998
2026-04-06_09-19-27,3183,60.613761984110894,47,0,0.03319711719162997,28.653097563788805,50,200,2026-04-06T14:13:22.660764
2026-04-06_09-19-27,3184,427.2795884259611,135,1,0.425531914893617,0.0,50,200,2026-04-06T14:13:44.197910
2026-04-06_09-19-27,3185,8.987362907985997,41,0,0.026691213504775956,36.05551275463989,50,200,2026-04-06T14:13:54.212622
2026-04-06_09-19-27,3186,432.74546790587505,161,1,0.38314176245210724,0.0,50,200,2026-04-06T14:14:17.150042
2026-04-06_09-19-27,3187,89.3641630201166,64,0,0.05826088452816168,15.524174696260024,50,200,2026-04-06T14:14:31.713726
2026-04-06_09-19-27,3188,328.207486534949,200,0,0.13383054136359812,4.47213595499958,50,200,2026-04-06T14:14:51.132921
2026-04-06_09-19-27,3189,411.4267146440173,70,1,0.588235294117647,0.0,50,200,2026-04-06T14:15:08.499251
2026-04-06_09-19-27,3190,443.5112006447703,191,1,0.3436426116838488,0.0,50,200,2026-04-06T14:15:30.043359
2026-04-06_09-19-27,3191,4.23277023077425,21,0,0.024084030874520698,40.311288741492746,50,200,2026-04-06T14:15:36.567395
2026-04-06_09-19-27,3192,73.73359362778218,56,0,0.038083373390063936,24.698178070456937,50,200,2026-04-06T14:15:49.224723
2026-04-06_09-19-27,3193,422.23103111044094,109,1,0.47846889952153115,0.0,50,200,2026-04-06T14:16:58.797144
2026-04-06_09-19-27,3194,430.01667355867176,159,1,0.3861003861003861,0.0,50,200,2026-04-06T14:17:21.634878
2026-04-06_09-19-27,3195,405.00956850260366,114,1,0.4672897196261682,0.0,50,200,2026-04-06T14:17:41.234974
2026-04-06_09-19-27,3196,405.6649966188175,111,1,0.4739336492890995,0.0,50,200,2026-04-06T14:17:59.255846
2026-04-06_09-19-27,3197,428.3539627464489,151,1,0.39840637450199207,0.0,50,200,2026-04-06T14:18:20.240498
2026-04-06_09-19-27,3198,65.20569461254433,63,0,0.03354803448366548,28.178005607210743,50,200,2026-04-06T14:18:31.958601
2026-04-06_09-19-27,3199,433.06274705442206,191,1,0.3436426116838488,0.0,50,200,2026-04-06T14:18:58.671157
2026-04-06_09-19-27,3200,427.91844705206984,150,1,0.4,0.0,50,200,2026-04-06T14:19:20.730925
2026-04-06_09-19-27,3201,383.9388749867329,113,1,0.4694835680751174,0.0,50,200,2026-04-06T14:19:49.132061
2026-04-06_09-19-27,3202,51.85592705582498,43,0,0.03212491729388806,29.698484809834994,50,200,2026-04-06T14:19:59.314675
2026-04-06_09-19-27,3203,203.47563173582117,124,0,0.19083969465648853,3.0,50,200,2026-04-06T14:20:21.638436
2026-04-06_09-19-27,3204,333.7991304247911,200,0,0.1513878188659973,3.605551275463989,50,200,2026-04-06T14:20:45.275320
2026-04-06_09-19-27,3205,427.4899821094763,140,1,0.41666666666666663,0.0,50,200,2026-04-06T14:21:08.585888
2026-04-06_09-19-27,3206,-71.72170866332033,12,0,0.018203498154827438,53.81449618829484,50,200,2026-04-06T14:21:12.279376
2026-04-06_09-19-27,3207,422.35142512002915,121,1,0.45248868778280543,0.0,50,200,2026-04-06T14:21:32.789758
2026-04-06_09-19-27,3208,383.96818619642056,107,1,0.48309178743961345,0.0,50,200,2026-04-06T14:21:51.713015
2026-04-06_09-19-27,3209,-87.19855388090608,9,0,0.0182319659590375,53.75872022286245,50,200,2026-04-06T14:21:54.886889
2026-04-06_09-19-27,3210,308.595502619315,200,0,0.1,7.0,50,200,2026-04-06T14:22:16.641976
2026-04-06_09-19-27,3211,403.71052532626106,161,1,0.38314176245210724,0.0,50,200,2026-04-06T14:22:38.897143
2026-04-06_09-19-27,3212,332.4287392699482,200,0,0.1715728752538099,2.8284271247461903,50,200,2026-04-06T14:23:03.930748
2026-04-06_09-19-27,3213,-65.69750040352429,12,0,0.018464587416693913,53.03772242470448,50,200,2026-04-06T14:23:07.691604
2026-04-06_09-19-27,3214,406.9560478550906,116,1,0.4629629629629629,0.0,50,200,2026-04-06T14:23:26.367451
2026-04-06_09-19-27,3215,387.59605693498173,141,1,0.41493775933609955,0.0,50,200,2026-04-06T14:23:47.088096
2026-04-06_09-19-27,3216,279.0830080137154,200,0,0.08183611128016957,9.219544457292887,50,200,2026-04-06T14:24:10.466657
2026-04-06_09-19-27,3217,-30.742594847370626,15,0,0.02058730525420907,47.4236228055175,50,200,2026-04-06T14:24:15.261559
2026-04-06_09-19-27,3218,-82.00334224507463,8,0,0.018478235136213068,53.03772242470448,50,200,2026-04-06T14:24:18.366530
2026-04-06_09-19-27,3219,164.82833869198473,95,0,0.11085162209785109,7.0710678118654755,50,200,2026-04-06T14:24:37.509258
2026-04-06_09-19-27,3220,431.47999545182364,158,1,0.38759689922480617,0.0,50,200,2026-04-06T14:25:01.116101
2026-04-06_09-19-27,3221,440.81222040362877,173,1,0.3663003663003663,0.0,50,200,2026-04-06T14:25:22.361495
2026-04-06_09-19-27,3222,92.29792656960407,61,0,0.0401061890293459,23.323807579381203,50,200,2026-04-06T14:25:36.477935
2026-04-06_09-19-27,3223,27.107174691399777,45,0,0.02705586579457772,35.510561809129406,50,200,2026-04-06T14:25:45.565833
2026-04-06_09-19-27,3224,436.4107829435676,180,1,0.35714285714285715,0.0,50,200,2026-04-06T14:26:06.716652
2026-04-06_09-19-27,3225,-45.00510477090918,59,0,0.02520868662757428,38.07886552931954,50,200,2026-04-06T14:26:53.305437
2026-04-06_09-19-27,3226,391.89068121371196,164,1,0.3787878787878788,0.0,50,200,2026-04-06T14:27:13.882711
2026-04-06_09-19-27,3227,-95.73925390032285,15,0,0.016511512630454833,59.413803110051795,50,200,2026-04-06T14:27:16.285664
2026-04-06_09-19-27,3228,-35.65476647441764,21,0,0.02164033758926639,45.0,50,200,2026-04-06T14:27:22.691153
2026-04-06_09-19-27,3229,59.37059915864488,43,0,0.03842201144413188,24.596747752497688,50,200,2026-04-06T14:27:33.574681
2026-04-06_09-19-27,3230,437.47178598873705,173,1,0.3663003663003663,0.0,50,200,2026-04-06T14:27:53.748961
2026-04-06_09-19-27,3231,426.71816967835304,133,1,0.4291845493562232,0.0,50,200,2026-04-06T14:28:14.897951
2026-04-06_09-19-27,3232,427.7095520818262,131,1,0.4329004329004329,0.0,50,200,2026-04-06T14:28:35.038480
2026-04-06_09-19-27,3233,378.3850457394711,109,1,0.47846889952153115,0.0,50,200,2026-04-06T14:28:55.768278
2026-04-06_09-19-27,3234,424.4646734088411,162,1,0.38167938931297707,0.0,50,200,2026-04-06T14:29:17.971150
2026-04-06_09-19-27,3235,118.25526642264049,56,0,0.051052299239226245,18.027756377319946,50,200,2026-04-06T14:29:31.124554
2026-04-06_09-19-27,3236,113.62197599112018,61,0,0.052426703127044574,17.46424919657298,50,200,2026-04-06T14:29:45.441591
2026-04-06_09-19-27,3237,436.2469851019204,159,1,0.3861003861003861,0.0,50,200,2026-04-06T14:30:05.570642
2026-04-06_09-19-27,3238,-48.607290294122905,26,0,0.01986028258056399,49.09175083453431,50,200,2026-04-06T14:30:11.447652
2026-04-06_09-19-27,3239,34.05334976377425,41,0,0.028808770358018217,33.301651610693426,50,200,2026-04-06T14:30:20.888471
2026-04-06_09-19-27,3240,426.66931283101167,152,1,0.3968253968253968,0.0,50,200,2026-04-06T14:30:42.741693
2026-04-06_09-19-27,3241,439.67011715490395,187,1,0.3484320557491289,0.0,50,200,2026-04-06T14:31:04.436963
2026-04-06_09-19-27,3242,427.9198580544265,147,1,0.40485829959514175,0.0,50,200,2026-04-06T14:31:27.408016
2026-04-06_09-19-27,3243,425.5035813043448,143,1,0.41152263374485604,0.0,50,200,2026-04-06T14:31:49.809392
2026-04-06_09-19-27,3244,420.0937891730238,90,1,0.5263157894736842,0.0,50,200,2026-04-06T14:32:07.151503
2026-04-06_09-19-27,3245,336.8619889918548,200,0,0.1715728752538099,2.8284271247461903,50,200,2026-04-06T14:32:30.082330
2026-04-06_09-19-27,3246,391.6616201549053,109,1,0.47846889952153115,0.0,50,200,2026-04-06T14:32:48.882070
2026-04-06_09-19-27,3247,430.14010898033564,143,1,0.41152263374485604,0.0,50,200,2026-04-06T14:33:09.315247
2026-04-06_09-19-27,3248,423.90799007230606,111,1,0.4739336492890995,0.0,50,200,2026-04-06T14:33:28.237970
2026-04-06_09-19-27,3249,424.92507102063877,130,1,0.4347826086956522,0.0,50,200,2026-04-06T14:33:49.770517
2026-04-06_09-19-27,3250,407.0993698632748,130,1,0.4347826086956522,0.0,50,200,2026-04-06T14:34:08.382656
2026-04-06_09-19-27,3251,44.23400882125452,31,0,0.029553524326728055,32.526911934581186,50,200,2026-04-06T14:34:16.798096
2026-04-06_09-19-27,3252,423.7884901234419,104,1,0.49019607843137253,0.0,50,200,2026-04-06T14:34:35.827763
2026-04-06_09-19-27,3253,418.0921708688217,133,1,0.4291845493562232,0.0,50,200,2026-04-06T14:34:55.289548
2026-04-06_09-19-27,3254,426.9957377529482,149,1,0.4016064257028112,0.0,50,200,2026-04-06T14:35:16.245881
2026-04-06_09-19-27,3255,415.9648026957107,166,1,0.37593984962406013,0.0,50,200,2026-04-06T14:35:35.945280
2026-04-06_09-19-27,3256,-94.69526848029571,9,0,0.016726849211281473,58.69412236331676,50,200,2026-04-06T14:35:38.629210
2026-04-06_09-19-27,3257,414.8304591756678,68,1,0.5952380952380952,0.0,50,200,2026-04-06T14:36:34.981513
2026-04-06_09-19-27,3258,145.8566568292681,89,0,0.0671591672263264,13.0,50,200,2026-04-06T14:36:51.918600
2026-04-06_09-19-27,3259,423.3198857616096,124,1,0.4464285714285714,0.0,50,200,2026-04-06T14:37:13.548863
2026-04-06_09-19-27,3260,325.29227212930004,200,0,0.19098300562505258,2.23606797749979,50,200,2026-04-06T14:37:33.174759
2026-04-06_09-19-27,3261,422.39706844908596,129,1,0.4366812227074236,0.0,50,200,2026-04-06T14:37:54.821356
2026-04-06_09-19-27,3262,72.89766718209445,46,0,0.04121415498992169,22.80350850198276,50,200,2026-04-06T14:38:07.112879
2026-04-06_09-19-27,3263,425.3606931114105,118,1,0.4587155963302753,0.0,50,200,2026-04-06T14:38:28.808363
2026-04-06_09-19-27,3264,101.58381920447377,98,0,0.051353536235270114,17.4928556845359,50,200,2026-04-06T14:38:45.035377
2026-04-06_09-19-27,3265,350.6588500566795,97,1,0.5076142131979695,0.0,50,200,2026-04-06T14:39:03.334748
2026-04-06_09-19-27,3266,409.1507889469476,168,1,0.373134328358209,0.0,50,200,2026-04-06T14:39:24.361414
2026-04-06_09-19-27,3267,435.39050594024013,151,1,0.39840637450199207,0.0,50,200,2026-04-06T14:39:44.460683
2026-04-06_09-19-27,3268,-82.4677419747014,13,0,0.0194630615797765,50.24937810560445,50,200,2026-04-06T14:39:48.803749
2026-04-06_09-19-27,3269,32.00732832976891,30,0,0.027767665784726767,34.713109915419565,50,200,2026-04-06T14:39:56.737726
2026-04-06_09-19-27,3270,149.0813341627376,89,0,0.09001269168544059,9.219544457292887,50,200,2026-04-06T14:40:14.851741
2026-04-06_09-19-27,3271,68.44235724489019,46,0,0.04401351956587592,21.2602916254693,50,200,2026-04-06T14:40:26.895391
2026-04-06_09-19-27,3272,419.09896026284616,101,1,0.49751243781094534,0.0,50,200,2026-04-06T14:40:45.021909
2026-04-06_09-19-27,3273,429.4057330536739,137,1,0.42194092827004215,0.0,50,200,2026-04-06T14:41:05.291052
2026-04-06_09-19-27,3274,76.28371181220587,67,0,0.05076720316997132,18.027756377319946,50,200,2026-04-06T14:41:20.204821
2026-04-06_09-19-27,3275,95.8789499781761,52,0,0.046631223232563704,19.924858845171276,50,200,2026-04-06T14:41:33.610757
2026-04-06_09-19-27,3276,-93.44061250057779,7,0,0.017780162090707142,55.17245689653489,50,200,2026-04-06T14:41:36.575745
2026-04-06_09-19-27,3277,337.0878712771589,200,0,0.1715728752538099,2.8284271247461903,50,200,2026-04-06T14:41:57.706365
2026-04-06_09-19-27,3278,426.16504603521713,180,1,0.35714285714285715,0.0,50,200,2026-04-06T14:42:20.094062
2026-04-06_09-19-27,3279,-33.562358000169795,34,0,0.021461606668394924,45.254833995939045,50,200,2026-04-06T14:42:27.124334
2026-04-06_09-19-27,3280,402.1461355991691,87,1,0.53475935828877,0.0,50,200,2026-04-06T14:42:45.765942
2026-04-06_09-19-27,3281,395.12687872167874,134,1,0.4273504273504274,0.0,50,200,2026-04-06T14:43:02.639340
2026-04-06_09-19-27,3282,124.52760815238345,54,0,0.056511560298109234,16.15549442140351,50,200,2026-04-06T14:43:16.197011
2026-04-06_09-19-27,3283,-113.51679484749653,5,0,0.01693480101608806,58.0,50,200,2026-04-06T14:43:18.513665
2026-04-06_09-19-27,3284,336.97506643037747,200,0,0.22654091966098644,1.4142135623730951,50,200,2026-04-06T14:43:40.450184
2026-04-06_09-19-27,3285,344.90150643499334,200,0,0.25,1.0,50,200,2026-04-06T14:44:01.337240
2026-04-06_09-19-27,3286,423.97807551065915,141,1,0.41493775933609955,0.0,50,200,2026-04-06T14:44:25.032574
2026-04-06_09-19-27,3287,-46.89078885469097,18,0,0.02053898651559731,47.50789408087881,50,200,2026-04-06T14:44:30.195975
2026-04-06_09-19-27,3288,445.95849178591385,199,1,0.33444816053511706,0.0,50,200,2026-04-06T14:44:50.178884
2026-04-06_09-19-27,3289,408.58561709469427,94,1,0.5154639175257733,0.0,50,200,2026-04-06T14:45:42.477372
2026-04-06_09-19-27,3290,429.0179708662946,161,1,0.38314176245210724,0.0,50,200,2026-04-06T14:46:05.240907
2026-04-06_09-19-27,3291,-20.972418065111313,19,0,0.02291477256548959,42.44997055358225,50,200,2026-04-06T14:46:11.101955
2026-04-06_09-19-27,3292,46.258160390051614,70,0,0.03482074537857077,27.018512172212592,50,200,2026-04-06T14:46:22.944267
2026-04-06_09-19-27,3293,422.16083891502166,101,1,0.49751243781094534,0.0,50,200,2026-04-06T14:46:41.139924
2026-04-06_09-19-27,3294,432.7642708568933,132,1,0.43103448275862066,0.0,50,200,2026-04-06T14:47:01.144854
2026-04-06_09-19-27,3295,423.19994077365084,118,1,0.4587155963302753,0.0,50,200,2026-04-06T14:47:21.183968
2026-04-06_09-19-27,3296,-68.45084754073989,10,0,0.017776409726600887,55.154328932550705,50,200,2026-04-06T14:47:24.522346
2026-04-06_09-19-27,3297,421.5766752983838,144,1,0.4098360655737705,0.0,50,200,2026-04-06T14:47:45.645002
2026-04-06_09-19-27,3298,418.7259404758091,109,1,0.47846889952153115,0.0,50,200,2026-04-06T14:48:03.366773
2026-04-06_09-19-27,3299,417.14732511124714,85,1,0.5405405405405405,0.0,50,200,2026-04-06T14:48:27.434607
2026-04-06_09-19-27,3300,307.2902357251982,200,0,0.10724372001086317,6.324555320336759,50,200,2026-04-06T14:48:52.330374
2026-04-06_09-19-27,3301,40.458670666190955,49,0,0.035829850254722524,26.419689627245813,50,200,2026-04-06T14:49:03.539878
2026-04-06_09-19-27,3302,127.42878127345602,56,0,0.06796735135387688,13.152946437965905,50,200,2026-04-06T14:49:17.797439
2026-04-06_09-19-27,3303,136.95277090230942,85,0,0.06954120288545958,12.529964086141668,50,200,2026-04-06T14:49:34.453822
2026-04-06_09-19-27,3304,300.47615352917137,200,0,0.1715728752538099,2.8284271247461903,50,200,2026-04-06T14:49:51.635740
2026-04-06_09-19-27,3305,-64.58517526502517,9,0,0.01800445350808124,54.45181356024793,50,200,2026-04-06T14:49:55.102028
2026-04-06_09-19-27,3306,317.1429359233644,200,0,0.1715728752538099,2.8284271247461903,50,200,2026-04-06T14:50:10.480269
2026-04-06_09-19-27,3307,50.874400870851574,46,0,0.03320814133722685,28.653097563788805,50,200,2026-04-06T14:50:21.658124
2026-04-06_09-19-27,3308,97.97133955425059,56,0,0.051052299239226245,18.027756377319946,50,200,2026-04-06T14:50:34.021238
2026-04-06_09-19-27,3309,330.7876728610332,200,0,0.1715728752538099,2.8284271247461903,50,200,2026-04-06T14:50:56.529604
2026-04-06_09-19-27,3310,390.46438074434076,116,1,0.4629629629629629,0.0,50,200,2026-04-06T14:51:17.002681
2026-04-06_09-19-27,3311,435.2563228368361,181,1,0.35587188612099646,0.0,50,200,2026-04-06T14:51:39.369618
2026-04-06_09-19-27,3312,414.56262975796653,128,1,0.43859649122807015,0.0,50,200,2026-04-06T14:51:58.426580
2026-04-06_09-19-27,3313,422.52274839077444,125,1,0.4444444444444444,0.0,50,200,2026-04-06T14:52:17.551229
2026-04-06_09-19-27,3314,20.164284102807017,28,0,0.028297530522293557,34.058772731852805,50,200,2026-04-06T14:52:25.739890
2026-04-06_09-19-27,3315,46.481608477855985,37,0,0.030309664811568625,31.622776601683793,50,200,2026-04-06T14:52:34.972691
2026-04-06_09-19-27,3316,417.6249716979734,109,1,0.47846889952153115,0.0,50,200,2026-04-06T14:52:55.372746
2026-04-06_09-19-27,3317,391.6456340553862,140,1,0.41666666666666663,0.0,50,200,2026-04-06T14:53:16.957579
2026-04-06_09-19-27,3318,431.2043028418869,180,1,0.35714285714285715,0.0,50,200,2026-04-06T14:53:38.864631
2026-04-06_09-19-27,3319,-111.8592319039208,2,0,0.0158074112826743,62.24146527838174,50,200,2026-04-06T14:53:40.434627
2026-04-06_09-19-27,3320,-8.28134081110943,25,0,0.023539904327463685,41.23105625617661,50,200,2026-04-06T14:53:47.087710
2026-04-06_09-19-27,3321,-50.74394511999679,12,0,0.018959632630293682,51.62363799656123,50,200,2026-04-06T14:54:21.823921
2026-04-06_09-19-27,3322,-100.6072013282747,6,0,0.016348354475417506,60.108235708594876,50,200,2026-04-06T14:54:23.677654
2026-04-06_09-19-27,3323,427.8344691967638,133,1,0.4291845493562232,0.0,50,200,2026-04-06T14:54:44.623936
2026-04-06_09-19-27,3324,440.16410305283824,191,1,0.3436426116838488,0.0,50,200,2026-04-06T14:55:16.591047
2026-04-06_09-19-27,3325,-31.96797329632058,20,0,0.020880981069933812,46.69047011971501,50,200,2026-04-06T14:55:23.230513
2026-04-06_09-19-27,3326,440.0907752365104,183,1,0.35335689045936397,0.0,50,200,2026-04-06T14:55:46.237486
2026-04-06_09-19-27,3327,444.0583231923029,184,1,0.35211267605633806,0.0,50,200,2026-04-06T14:56:08.249247
2026-04-06_09-19-27,3328,437.1589156898484,179,1,0.35842293906810035,0.0,50,200,2026-04-06T14:56:30.454471
2026-04-06_09-19-27,3329,422.5387308916549,117,1,0.4608294930875576,0.0,50,200,2026-04-06T14:56:51.386892
2026-04-06_09-19-27,3330,417.4479617470231,96,1,0.5102040816326531,0.0,50,200,2026-04-06T14:57:10.694691
2026-04-06_09-19-27,3331,-5.51359613275865,45,0,0.027264426562824667,35.22782990761707,50,200,2026-04-06T14:57:20.394571
2026-04-06_09-19-27,3332,423.5497858129025,129,1,0.4366812227074236,0.0,50,200,2026-04-06T14:57:41.115827
2026-04-06_09-19-27,3333,393.67495585112613,87,1,0.53475935828877,0.0,50,200,2026-04-06T14:57:59.567722
2026-04-06_09-19-27,3334,425.0145225368767,121,1,0.45248868778280543,0.0,50,200,2026-04-06T14:58:20.313425
2026-04-06_09-19-27,3335,423.3617512959481,162,1,0.38167938931297707,0.0,50,200,2026-04-06T14:58:43.285663
2026-04-06_09-19-27,3336,428.79142282330116,166,1,0.37593984962406013,0.0,50,200,2026-04-06T14:59:08.393573
2026-04-06_09-19-27,3337,14.639839746403368,32,0,0.025297276934531734,38.2099463490856,50,200,2026-04-06T14:59:16.545353
2026-04-06_09-19-27,3338,425.8357333656087,174,1,0.36496350364963503,0.0,50,200,2026-04-06T14:59:38.595549
2026-04-06_09-19-27,3339,401.56993366563904,117,1,0.4608294930875576,0.0,50,200,2026-04-06T14:59:59.294949
2026-04-06_09-19-27,3340,409.48560304959784,145,1,0.4081632653061224,0.0,50,200,2026-04-06T15:00:20.480273
2026-04-06_09-19-27,3341,-103.28485599995275,7,0,0.01670390010980391,58.7962583843564,50,200,2026-04-06T15:00:23.157568
2026-04-06_09-19-27,3342,180.31814046231,92,0,0.14247004130184215,5.0990195135927845,50,200,2026-04-06T15:00:42.274234
2026-04-06_09-19-27,3343,5.7599667121913285,72,0,0.027949533302737604,34.058772731852805,50,200,2026-04-06T15:00:54.520574
2026-04-06_09-19-27,3344,431.2640051595955,163,1,0.3802281368821293,0.0,50,200,2026-04-06T15:01:17.837619
2026-04-06_09-19-27,3345,49.452492104814326,65,0,0.033018946595926975,28.635642126552707,50,200,2026-04-06T15:01:30.388956
2026-04-06_09-19-27,3346,317.35720563965543,200,0,0.2,2.0,50,200,2026-04-06T15:01:53.956211
2026-04-06_09-19-27,3347,419.7543922424613,132,1,0.43103448275862066,0.0,50,200,2026-04-06T15:02:14.221510
2026-04-06_09-19-27,3348,420.0142470096069,128,1,0.43859649122807015,0.0,50,200,2026-04-06T15:02:36.354815
2026-04-06_09-19-27,3349,28.475588737724394,58,0,0.05158762511705702,17.804493814764857,50,200,2026-04-06T15:02:49.601302
2026-04-06_09-19-27,3350,24.05071873778455,39,0,0.02669558503735091,36.069377593742864,50,200,2026-04-06T15:02:57.991633
2026-04-06_09-19-27,3351,31.855208683547005,44,0,0.02766013774028034,34.713109915419565,50,200,2026-04-06T15:03:07.885421
2026-04-06_09-19-27,3352,25.66137104056527,54,0,0.028713656373322606,33.28663395418648,50,200,2026-04-06T15:03:17.526106
2026-04-06_09-19-27,3353,100.8151074339577,73,0,0.04475168339131806,20.615528128088304,50,200,2026-04-06T15:04:07.025535
2026-04-06_09-19-27,3354,-26.062144303997457,32,0,0.021089161431219854,46.09772228646444,50,200,2026-04-06T15:04:13.864859
2026-04-06_09-19-27,3355,423.57361624434765,178,1,0.3597122302158273,0.0,50,200,2026-04-06T15:04:35.896592
2026-04-06_09-19-27,3356,-99.35498734274343,6,0,0.016931933626820182,58.0,50,200,2026-04-06T15:04:38.476124
2026-04-06_09-19-27,3357,432.1396240836583,153,1,0.39525691699604737,0.0,50,200,2026-04-06T15:04:59.251875
2026-04-06_09-19-27,3358,44.89068353641939,40,0,0.031239792661306397,30.610455730027933,50,200,2026-04-06T15:05:09.305738
2026-04-06_09-19-27,3359,416.61200811619256,86,1,0.5376344086021506,0.0,50,200,2026-04-06T15:05:28.618728
2026-04-06_09-19-27,3360,88.60561455514336,66,0,0.039422011525299845,23.706539182259394,50,200,2026-04-06T15:05:41.810154
2026-04-06_09-19-27,3361,5.136412804944925,39,0,0.030104467687757763,31.827660925679098,50,200,2026-04-06T15:05:51.509417
2026-04-06_09-19-27,3362,-49.43087665644907,14,0,0.019096727136451722,51.22499389946279,50,200,2026-04-06T15:05:55.895661
2026-04-06_09-19-27,3363,426.32083475390493,146,1,0.4065040650406504,0.0,50,200,2026-04-06T15:06:18.381166
2026-04-06_09-19-27,3364,-25.68824586249893,28,0,0.023429912869436513,41.400483088968905,50,200,2026-04-06T15:06:25.235945
2026-04-06_09-19-27,3365,-31.76877416973859,27,0,0.021483695972644563,45.27692569068709,50,200,2026-04-06T15:06:31.205582
2026-04-06_09-19-27,3366,64.27913626719922,87,0,0.03329974978015596,28.160255680657446,50,200,2026-04-06T15:06:48.028365
2026-04-06_09-19-27,3367,339.5510959783378,200,0,0.19098300562505258,2.23606797749979,50,200,2026-04-06T15:07:12.458907
2026-04-06_09-19-27,3368,168.77596959111787,80,0,0.12190477323709874,6.4031242374328485,50,200,2026-04-06T15:07:30.012397
2026-04-06_09-19-27,3369,427.625192527151,161,1,0.38314176245210724,0.0,50,200,2026-04-06T15:07:54.872103
2026-04-06_09-19-27,3370,439.29196487704246,176,1,0.3623188405797102,0.0,50,200,2026-04-06T15:08:16.058674
2026-04-06_09-19-27,3371,417.0763965166843,172,1,0.36764705882352944,0.0,50,200,2026-04-06T15:08:40.536514
2026-04-06_09-19-27,3372,424.4993136144205,124,1,0.4464285714285714,0.0,50,200,2026-04-06T15:09:00.645395
2026-04-06_09-19-27,3373,30.7239083929133,34,0,0.027648635964776874,34.828149534535996,50,200,2026-04-06T15:09:09.466846
2026-04-06_09-19-27,3374,399.5392603781135,104,1,0.49019607843137253,0.0,50,200,2026-04-06T15:09:29.095977
2026-04-06_09-19-27,3375,432.8025297504189,175,1,0.36363636363636365,0.0,50,200,2026-04-06T15:09:52.144686
2026-04-06_09-19-27,3376,425.5729416503356,136,1,0.42372881355932196,0.0,50,200,2026-04-06T15:10:13.212410
2026-04-06_09-19-27,3377,335.6708332665568,200,0,0.19098300562505258,2.23606797749979,50,200,2026-04-06T15:10:35.807955
2026-04-06_09-19-27,3378,419.36000920494,110,1,0.47619047619047616,0.0,50,200,2026-04-06T15:10:56.422246
2026-04-06_09-19-27,3379,-29.736435334992066,23,0,0.020729411140401333,47.01063709417264,50,200,2026-04-06T15:11:02.019802
2026-04-06_09-19-27,3380,-55.51067825639109,12,0,0.01865058573598475,52.49761899362675,50,200,2026-04-06T15:11:05.926497
2026-04-06_09-19-27,3381,73.01501378197523,43,0,0.03806698195811115,24.839484696748443,50,200,2026-04-06T15:11:16.896227
2026-04-06_09-19-27,3382,-52.37444788537972,17,0,0.018927791557220172,51.66236541235796,50,200,2026-04-06T15:11:21.688278
2026-04-06_09-19-27,3383,322.8554006982543,200,0,0.19098300562505258,2.23606797749979,50,200,2026-04-06T15:11:43.371892
2026-04-06_09-19-27,3384,91.38845896236852,70,0,0.040450245425893414,23.021728866442675,50,200,2026-04-06T15:11:57.482167
2026-04-06_09-19-27,3385,427.37030583966236,134,1,0.4273504273504274,0.0,50,200,2026-04-06T15:12:50.156851
2026-04-06_09-19-27,3386,340.45661969911026,200,0,0.19098300562505258,2.23606797749979,50,200,2026-04-06T15:13:17.378080
2026-04-06_09-19-27,3387,327.0479831721979,200,0,0.19098300562505258,2.23606797749979,50,200,2026-04-06T15:13:43.463542
2026-04-06_09-19-27,3388,422.18444347040423,119,1,0.4566210045662101,0.0,50,200,2026-04-06T15:14:05.864232
2026-04-06_09-19-27,3389,70.18991266852046,48,0,0.04174980957850493,22.47220505424423,50,200,2026-04-06T15:14:17.665719
2026-04-06_09-19-27,3390,438.16527280281787,173,1,0.3663003663003663,0.0,50,200,2026-04-06T15:14:39.752950
2026-04-06_09-19-27,3391,434.07755883314525,161,1,0.38314176245210724,0.0,50,200,2026-04-06T15:14:57.364846
2026-04-06_09-19-27,3392,-69.974681295888,15,0,0.017754907280359118,55.17245689653489,50,200,2026-04-06T15:15:00.618112
2026-04-06_09-19-27,3393,-96.35683201498543,3,0,0.01617045387143193,60.81118318204309,50,200,2026-04-06T15:15:02.402775
2026-04-06_09-19-27,3394,428.4464871212097,141,1,0.41493775933609955,0.0,50,200,2026-04-06T15:15:22.905645
2026-04-06_09-19-27,3395,334.96632214199593,200,0,0.19098300562505258,2.23606797749979,50,200,2026-04-06T15:15:44.938052
2026-04-06_09-19-27,3396,419.9149956986407,140,1,0.41666666666666663,0.0,50,200,2026-04-06T15:16:05.344245
2026-04-06_09-19-27,3397,394.68177505599124,103,1,0.4926108374384236,0.0,50,200,2026-04-06T15:16:25.623602
2026-04-06_09-19-27,3398,441.4905601694496,183,1,0.35335689045936397,0.0,50,200,2026-04-06T15:16:47.565777
2026-04-06_09-19-27,3399,-62.95788069984077,18,0,0.01818363780579269,53.81449618829484,50,200,2026-04-06T15:16:51.701393
2026-04-06_09-19-27,3400,308.7955980608047,200,0,0.1715728752538099,2.8284271247461903,50,200,2026-04-06T15:17:09.621302
2026-04-06_09-19-27,3401,132.77841112677794,76,0,0.06589174519395292,13.416407864998739,50,200,2026-04-06T15:17:27.220601
2026-04-06_09-19-27,3402,99.18727750345911,77,0,0.04593477262287552,20.0,50,200,2026-04-06T15:17:43.100953
2026-04-06_09-19-27,3403,85.0616204464747,55,0,0.04136091130346895,22.627416997969522,50,200,2026-04-06T15:17:54.861377
2026-04-06_09-19-27,3404,420.4491566087675,118,1,0.4587155963302753,0.0,50,200,2026-04-06T15:18:15.674295
2026-04-06_09-19-27,3405,306.87144690099507,200,0,0.1715728752538099,2.8284271247461903,50,200,2026-04-06T15:18:35.226823
2026-04-06_09-19-27,3406,423.44978915386884,173,1,0.3663003663003663,0.0,50,200,2026-04-06T15:18:59.021050
2026-04-06_09-19-27,3407,4.526824917282752,45,0,0.02430200599629799,39.698866482558415,50,200,2026-04-06T15:19:07.366335
2026-04-06_09-19-27,3408,403.9121719344412,127,1,0.44052863436123346,0.0,50,200,2026-04-06T15:19:27.057491
2026-04-06_09-19-27,3409,389.5677917653987,143,1,0.41152263374485604,0.0,50,200,2026-04-06T15:19:49.745117
2026-04-06_09-19-27,3410,-15.615204908264914,34,0,0.02359794627654426,41.036569057366385,50,200,2026-04-06T15:19:57.462432
2026-04-06_09-19-27,3411,421.5394850720874,115,1,0.4651162790697674,0.0,50,200,2026-04-06T15:20:17.460048
2026-04-06_09-19-27,3412,399.10363331532386,111,1,0.4739336492890995,0.0,50,200,2026-04-06T15:20:35.111007
2026-04-06_09-19-27,3413,143.7390301994521,112,0,0.06770888405738132,12.649110640673518,50,200,2026-04-06T15:20:55.484460
2026-04-06_09-19-27,3414,410.3348411240628,130,1,0.4347826086956522,0.0,50,200,2026-04-06T15:21:19.178132
2026-04-06_09-19-27,3415,67.41166158969573,61,0,0.03940152449496073,23.769728648009426,50,200,2026-04-06T15:21:32.696700
2026-04-06_09-19-27,3416,138.59390167498634,103,0,0.06636402542819016,13.038404810405298,50,200,2026-04-06T15:21:51.607790
2026-04-06_09-19-27,3417,420.9387928666727,114,1,0.4672897196261682,0.0,50,200,2026-04-06T15:22:46.683175
2026-04-06_09-19-27,3418,143.08864261234453,95,0,0.104539381075952,7.615773105863909,50,200,2026-04-06T15:23:04.951040
2026-04-06_09-19-27,3419,-88.51217276828255,8,0,0.016926201760324982,58.0,50,200,2026-04-06T15:23:07.876935
2026-04-06_09-19-27,3420,-17.595872465358866,24,0,0.021815862399185773,44.598206241955516,50,200,2026-04-06T15:23:13.403775
2026-04-06_09-19-27,3421,0.641713038118283,25,0,0.023607394163058407,41.10960958218893,50,200,2026-04-06T15:23:19.868067
2026-04-06_09-19-27,3422,442.85047174012544,181,1,0.35587188612099646,0.0,50,200,2026-04-06T15:23:38.274093
2026-04-06_09-19-27,3423,431.1562370769818,153,1,0.39525691699604737,0.0,50,200,2026-04-06T15:23:59.406217
2026-04-06_09-19-27,3424,-81.61109075224363,4,0,0.016942617844365664,57.982756057296896,50,200,2026-04-06T15:24:01.640297
2026-04-06_09-19-27,3425,420.9846272687077,152,1,0.3968253968253968,0.0,50,200,2026-04-06T15:24:23.362989
2026-04-06_09-19-27,3426,-102.30592415681923,1,0,0.015813927823395878,62.22539674441618,50,200,2026-04-06T15:24:24.758321
2026-04-06_09-19-27,3427,422.84145051506675,143,1,0.41152263374485604,0.0,50,200,2026-04-06T15:24:46.642339
2026-04-06_09-19-27,3428,420.3931098184322,100,1,0.5,0.0,50,200,2026-04-06T15:25:05.186842
2026-04-06_09-19-27,3429,423.33590047956403,116,1,0.4629629629629629,0.0,50,200,2026-04-06T15:25:25.309965
2026-04-06_09-19-27,3430,141.57364856044066,82,0,0.09242144177449169,9.0,50,200,2026-04-06T15:25:42.557981
2026-04-06_09-19-27,3431,422.0863791395933,131,1,0.4329004329004329,0.0,50,200,2026-04-06T15:26:04.588245
2026-04-06_09-19-27,3432,-29.24654997863719,30,0,0.02285715824140412,42.44997055358225,50,200,2026-04-06T15:26:11.686214
2026-04-06_09-19-27,3433,422.98001242406093,125,1,0.4444444444444444,0.0,50,200,2026-04-06T15:26:33.532651
2026-04-06_09-19-27,3434,-7.8618711032285375,28,0,0.02276970136929546,42.638011210655684,50,200,2026-04-06T15:26:40.946741
2026-04-06_09-19-27,3435,-76.90929884853139,7,0,0.017552574521620654,55.90169943749474,50,200,2026-04-06T15:26:43.719046
2026-04-06_09-19-27,3436,341.01789060672434,130,1,0.4347826086956522,0.0,50,200,2026-04-06T15:27:03.613782
2026-04-06_09-19-27,3437,417.725071143752,99,1,0.5025125628140703,0.0,50,200,2026-04-06T15:27:24.011982
2026-04-06_09-19-27,3438,383.4103882902858,133,1,0.4291845493562232,0.0,50,200,2026-04-06T15:27:45.215235
2026-04-06_09-19-27,3439,-88.96758733631431,10,0,0.017335163320049248,56.586217403180434,50,200,2026-04-06T15:27:48.138694
2026-04-06_09-19-27,3440,421.04191341937275,99,1,0.5025125628140703,0.0,50,200,2026-04-06T15:28:08.579146
2026-04-06_09-19-27,3441,418.33961887112844,93,1,0.5181347150259067,0.0,50,200,2026-04-06T15:28:28.155972
2026-04-06_09-19-27,3442,428.1077277734122,155,1,0.3921568627450981,0.0,50,200,2026-04-06T15:28:49.921234
2026-04-06_09-19-27,3443,-9.019752036919598,46,0,0.027557205667053494,34.828149534535996,50,200,2026-04-06T15:28:59.554434
2026-04-06_09-19-27,3444,421.76493939446624,110,1,0.47619047619047616,0.0,50,200,2026-04-06T15:29:20.104167
2026-04-06_09-19-27,3445,331.13572902455587,200,0,0.1715728752538099,2.8284271247461903,50,200,2026-04-06T15:29:42.855074
2026-04-06_09-19-27,3446,-81.43432403523578,13,0,0.01895603863500723,51.62363799656123,50,200,2026-04-06T15:29:46.968136
2026-04-06_09-19-27,3447,427.70905305720004,143,1,0.41152263374485604,0.0,50,200,2026-04-06T15:30:07.382905
2026-04-06_09-19-27,3448,45.11628830832505,46,0,0.03488825516510923,27.202941017470888,50,200,2026-04-06T15:30:18.460519
2026-04-06_09-19-27,3449,-50.23843316099978,20,0,0.019302662846551744,50.60632371551998,50,200,2026-04-06T15:30:50.878096
2026-04-06_09-19-27,3450,77.10375301118793,55,0,0.03655374801913491,25.80697580112788,50,200,2026-04-06T15:31:02.416743
2026-04-06_09-19-27,3451,132.0504115799618,75,0,0.12766887750418326,6.082762530298219,50,200,2026-04-06T15:31:19.590280
2026-04-06_09-19-27,3452,427.32490992248285,148,1,0.40322580645161293,0.0,50,200,2026-04-06T15:31:44.822718
2026-04-06_09-19-27,3453,322.0946483011308,200,0,0.11925824035672519,5.385164807134504,50,200,2026-04-06T15:32:09.124037
2026-04-06_09-19-27,3454,345.5861426721738,200,0,0.25,1.0,50,200,2026-04-06T15:32:33.559733
2026-04-06_09-19-27,3455,161.6454537516575,70,0,0.09157891191441832,9.219544457292887,50,200,2026-04-06T15:32:48.993480
2026-04-06_09-19-27,3456,424.1698474948078,143,1,0.41152263374485604,0.0,50,200,2026-04-06T15:33:12.192501
2026-04-06_09-19-27,3457,38.106375085117975,34,0,0.030092893055037928,31.89043743820395,50,200,2026-04-06T15:33:21.208329
2026-04-06_09-19-27,3458,434.9318802807335,195,1,0.3389830508474576,0.0,50,200,2026-04-06T15:33:43.451103
2026-04-06_09-19-27,3459,-106.23096463487332,4,0,0.016942617844365664,57.982756057296896,50,200,2026-04-06T15:33:45.656212
2026-04-06_09-19-27,3460,27.18133346625659,55,0,0.029240060675799835,32.64965543462902,50,200,2026-04-06T15:33:56.636250
2026-04-06_09-19-27,3461,-48.47063570552415,12,0,0.020017430462503684,48.83646178829912,50,200,2026-04-06T15:34:00.707145
2026-04-06_09-19-27,3462,427.9875069658568,151,1,0.39840637450199207,0.0,50,200,2026-04-06T15:34:23.044376
2026-04-06_09-19-27,3463,-110.14715689925144,1,0,0.015464239121837704,63.655321851358195,50,200,2026-04-06T15:34:24.376386
2026-04-06_09-19-27,3464,112.83958585985907,71,0,0.055973821737727206,16.15549442140351,50,200,2026-04-06T15:34:39.446807
2026-04-06_09-19-27,3465,410.1905947632888,108,1,0.4807692307692307,0.0,50,200,2026-04-06T15:36:50.337239
2026-04-06_09-19-27,3466,432.2654229625428,173,1,0.3663003663003663,0.0,50,200,2026-04-06T15:37:20.646254
2026-04-06_09-19-27,3467,389.5843323745202,95,1,0.5128205128205128,0.0,50,200,2026-04-06T15:37:39.037215
2026-04-06_09-19-27,3468,-39.44140163201965,32,0,0.02204321607772387,44.04543109109048,50,200,2026-04-06T15:37:45.958444
2026-04-06_09-19-27,3469,-62.404958310590835,11,0,0.018963227988655178,51.62363799656123,50,200,2026-04-06T15:37:49.743194
2026-04-06_09-19-27,3470,-50.36204598000036,26,0,0.01969369466648136,49.51767361255979,50,200,2026-04-06T15:37:55.449937
2026-04-06_09-19-27,3471,434.8290107861871,176,1,0.3623188405797102,0.0,50,200,2026-04-06T15:38:18.501501
2026-04-06_09-19-27,3472,94.70100936035071,73,0,0.054426753821682855,16.64331697709324,50,200,2026-04-06T15:38:32.389065
2026-04-06_09-19-27,3473,423.3612670751342,134,1,0.4273504273504274,0.0,50,200,2026-04-06T15:38:54.511131
2026-04-06_09-19-27,3474,416.0112187279184,134,1,0.4273504273504274,0.0,50,200,2026-04-06T15:39:15.205619
2026-04-06_09-19-27,3475,44.625607712210495,45,0,0.029881411565835524,32.01562118716424,50,200,2026-04-06T15:39:25.751413
2026-04-06_09-19-27,3476,48.7313399588495,49,0,0.030552077223638133,31.240998703626616,50,200,2026-04-06T15:39:36.399253
2026-04-06_09-19-27,3477,310.8693570688274,200,0,0.1715728752538099,2.8284271247461903,50,200,2026-04-06T15:40:00.182828
2026-04-06_09-19-27,3478,-114.52077461996687,4,0,0.016541556503559787,59.413803110051795,50,200,2026-04-06T15:40:02.239906
2026-04-06_09-19-27,3479,51.57159652150645,63,0,0.03248360607908001,29.154759474226502,50,200,2026-04-06T15:40:13.729562
2026-04-06_09-19-27,3480,314.689244540659,200,0,0.12347173609369323,5.0990195135927845,50,200,2026-04-06T15:40:34.939391
2026-04-06_09-19-27,3481,428.40601657316824,185,1,0.3508771929824561,0.0,50,200,2026-04-06T15:41:28.957517
2026-04-06_09-19-27,3482,440.25513765516547,170,1,0.37037037037037035,0.0,50,200,2026-04-06T15:41:49.962151
2026-04-06_09-19-27,3483,110.65835519153003,92,0,0.050483266669527696,17.88854381999832,50,200,2026-04-06T15:42:05.912637
2026-04-06_09-19-27,3484,435.6980384985695,187,1,0.3484320557491289,0.0,50,200,2026-04-06T15:42:30.060275
2026-04-06_09-19-27,3485,-103.20274062383808,2,0,0.0158074112826743,62.24146527838174,50,200,2026-04-06T15:42:31.524519
2026-04-06_09-19-27,3486,327.43528332113283,200,0,0.2,2.0,50,200,2026-04-06T15:42:52.509870
2026-04-06_09-19-27,3487,421.3828302950663,183,1,0.35335689045936397,0.0,50,200,2026-04-06T15:43:15.857996
2026-04-06_09-19-27,3488,433.49405861396434,149,1,0.4016064257028112,0.0,50,200,2026-04-06T15:43:35.948591
2026-04-06_09-19-27,3489,331.5151621953906,200,0,0.19098300562505258,2.23606797749979,50,200,2026-04-06T15:44:00.671347
2026-04-06_09-19-27,3490,426.65583783571674,141,1,0.41493775933609955,0.0,50,200,2026-04-06T15:44:22.005391
2026-04-06_09-19-27,3491,-92.89511072932123,4,0,0.016740850295209303,58.69412236331676,50,200,2026-04-06T15:44:24.067773
2026-04-06_09-19-27,3492,20.914379372856047,42,0,0.02628834800306823,36.61966684720111,50,200,2026-04-06T15:44:33.504960
2026-04-06_09-19-27,3493,427.6734947611975,175,1,0.36363636363636365,0.0,50,200,2026-04-06T15:44:55.080684
2026-04-06_09-19-27,3494,304.21283076687484,200,0,0.08891883476670036,8.246211251235321,50,200,2026-04-06T15:45:18.566178
2026-04-06_09-19-27,3495,439.1694302458789,199,1,0.33444816053511706,0.0,50,200,2026-04-06T15:45:42.132951
2026-04-06_09-19-27,3496,94.9871094131502,62,0,0.04800912700599752,19.209372712298546,50,200,2026-04-06T15:45:55.491184
2026-04-06_09-19-27,3497,425.42216746544915,169,1,0.3717472118959108,0.0,50,200,2026-04-06T15:46:19.801059
2026-04-06_09-19-27,3498,-8.108573800786743,40,0,0.023364222266400843,41.400483088968905,50,200,2026-04-06T15:46:27.274390
2026-04-06_09-19-27,3499,412.0127867117284,150,1,0.4,0.0,50,200,2026-04-06T15:46:48.997730
2026-04-06_09-19-27,3500,423.67786053239223,171,1,0.36900369003690037,0.0,50,200,2026-04-06T15:47:14.351381
2026-04-06_09-19-27,3501,-102.56399736753548,1,0,0.015813927823395878,62.22539674441618,50,200,2026-04-06T15:47:15.750701
2026-04-06_09-19-27,3502,-46.53534920475437,22,0,0.019444070367658862,50.20956084253277,50,200,2026-04-06T15:47:21.346896
2026-04-06_09-19-27,3503,333.57746567605494,200,0,0.25,1.0,50,200,2026-04-06T15:47:44.572622
2026-04-06_09-19-27,3504,4.23427439546343,34,0,0.024008860955214727,40.311288741492746,50,200,2026-04-06T15:47:52.467209
2026-04-06_09-19-27,3505,36.08231664432415,71,0,0.03503508586747578,26.832815729997478,50,200,2026-04-06T15:48:05.877055
2026-04-06_09-19-27,3506,423.3375416762002,132,1,0.43103448275862066,0.0,50,200,2026-04-06T15:48:27.621871
2026-04-06_09-19-27,3507,-21.585091845050144,44,0,0.021985061502382386,44.04543109109048,50,200,2026-04-06T15:48:35.240340
2026-04-06_09-19-27,3508,420.82240782559745,160,1,0.3846153846153846,0.0,50,200,2026-04-06T15:48:58.568772
2026-04-06_09-19-27,3509,322.5016638111811,200,0,0.22654091966098644,1.4142135623730951,50,200,2026-04-06T15:49:21.124927
2026-04-06_09-19-27,3510,52.74589816163777,72,0,0.048019269538480666,19.1049731745428,50,200,2026-04-06T15:49:35.300649
2026-04-06_09-19-27,3511,131.1298038770446,141,0,0.06041516470939803,14.142135623730951,50,200,2026-04-06T15:49:55.768440
2026-04-06_09-19-27,3512,296.1739143447538,200,0,0.1715728752538099,2.8284271247461903,50,200,2026-04-06T15:50:13.716744
2026-04-06_09-19-27,3513,145.8068276001554,96,0,0.09797955141081015,8.246211251235321,50,200,2026-04-06T15:51:10.669481
2026-04-06_09-19-27,3514,379.52457945194374,108,1,0.4807692307692307,0.0,50,200,2026-04-06T15:51:29.767989
2026-04-06_09-19-27,3515,424.1236340347708,180,1,0.35714285714285715,0.0,50,200,2026-04-06T15:51:53.249871
2026-04-06_09-19-27,3516,-49.55256662110386,31,0,0.0201693932361894,48.27007354458868,50,200,2026-04-06T15:51:59.377987
2026-04-06_09-19-27,3517,322.30063508278107,200,0,0.13383054136359812,4.47213595499958,50,200,2026-04-06T15:52:24.407653
2026-04-06_09-19-27,3518,433.42553382099254,189,1,0.3460207612456747,0.0,50,200,2026-04-06T15:52:44.183118
2026-04-06_09-19-27,3519,340.8283928421153,200,0,0.22654091966098644,1.4142135623730951,50,200,2026-04-06T15:53:06.203891
2026-04-06_09-19-27,3520,434.3847852389919,190,1,0.3448275862068965,0.0,50,200,2026-04-06T15:53:29.213440
2026-04-06_09-19-27,3521,-30.14785711279349,23,0,0.021820622756220917,44.598206241955516,50,200,2026-04-06T15:53:34.994353
2026-04-06_09-19-27,3522,419.0913712426341,129,1,0.4366812227074236,0.0,50,200,2026-04-06T15:53:57.501297
2026-04-06_09-19-27,3523,424.11077299373494,142,1,0.4132231404958678,0.0,50,200,2026-04-06T15:54:17.354475
2026-04-06_09-19-27,3524,425.6929464583309,152,1,0.3968253968253968,0.0,50,200,2026-04-06T15:54:39.464119
2026-04-06_09-19-27,3525,99.67803498504117,81,0,0.05737070291655008,15.620499351813308,50,200,2026-04-06T15:54:55.136041
2026-04-06_09-19-27,3526,333.6064552116749,200,0,0.2,2.0,50,200,2026-04-06T15:55:18.059756
2026-04-06_09-19-27,3527,400.37136715088127,111,1,0.4739336492890995,0.0,50,200,2026-04-06T15:55:39.406654
2026-04-06_09-19-27,3528,-22.49878096765667,36,0,0.024355275380648772,39.698866482558415,50,200,2026-04-06T15:55:47.657651
2026-04-06_09-19-27,3529,421.97754602289746,178,1,0.3597122302158273,0.0,50,200,2026-04-06T15:56:09.782618
2026-04-06_09-19-27,3530,414.15287460026894,83,1,0.5464480874316939,0.0,50,200,2026-04-06T15:56:28.108954
2026-04-06_09-19-27,3531,402.1085249148557,141,1,0.41493775933609955,0.0,50,200,2026-04-06T15:56:50.445364
2026-04-06_09-19-27,3532,-2.7223815608016224,27,0,0.024020635373858578,40.36087214122113,50,200,2026-04-06T15:56:57.173780
2026-04-06_09-19-27,3533,-102.17878804555977,1,0,0.015813927823395878,62.22539674441618,50,200,2026-04-06T15:56:58.511861
2026-04-06_09-19-27,3534,323.7195022033269,200,0,0.1715728752538099,2.8284271247461903,50,200,2026-04-06T15:57:20.400672
2026-04-06_09-19-27,3535,-61.06715336714125,37,0,0.02223682009511826,43.60045871318328,50,200,2026-04-06T15:57:27.658996
2026-04-06_09-19-27,3536,422.0154448886966,148,1,0.40322580645161293,0.0,50,200,2026-04-06T15:57:51.409646
2026-04-06_09-19-27,3537,429.0933121020712,146,1,0.4065040650406504,0.0,50,200,2026-04-06T15:58:14.374693
2026-04-06_09-19-27,3538,400.6636759192578,158,1,0.38759689922480617,0.0,50,200,2026-04-06T15:58:37.536958
2026-04-06_09-19-27,3539,430.97753185610617,159,1,0.3861003861003861,0.0,50,200,2026-04-06T15:58:59.514809
2026-04-06_09-19-27,3540,426.08566669026493,148,1,0.40322580645161293,0.0,50,200,2026-04-06T15:59:20.168429
2026-04-06_09-19-27,3541,421.7081694757076,104,1,0.49019607843137253,0.0,50,200,2026-04-06T15:59:40.781147
2026-04-06_09-19-27,3542,423.1552474313319,138,1,0.42016806722689076,0.0,50,200,2026-04-06T16:00:03.346842
2026-04-06_09-19-27,3543,-32.73669946019069,31,0,0.020519713955819068,47.4236228055175,50,200,2026-04-06T16:00:09.479317
2026-04-06_09-19-27,3544,131.79100734108044,85,0,0.059822678113860606,14.866068747318506,50,200,2026-04-06T16:00:25.654451
2026-04-06_09-19-27,3545,434.90636149668484,147,1,0.40485829959514175,0.0,50,200,2026-04-06T16:01:21.838979
2026-04-06_09-19-27,3546,322.16760549702764,200,0,0.125,5.0,50,200,2026-04-06T16:01:45.640614
2026-04-06_09-19-27,3547,-23.60960889319786,20,0,0.021181563406998317,46.010868281309364,50,200,2026-04-06T16:01:51.190191
2026-04-06_09-19-27,3548,415.23935094292995,92,1,0.5208333333333334,0.0,50,200,2026-04-06T16:02:09.648176
2026-04-06_09-19-27,3549,-21.930773027315254,27,0,0.023767415008933476,40.80441152620633,50,200,2026-04-06T16:02:16.924584
2026-04-06_09-19-27,3550,430.03258969584414,161,1,0.38314176245210724,0.0,50,200,2026-04-06T16:02:39.324602
2026-04-06_09-19-27,3551,52.73375879963034,52,0,0.037016338641169974,25.495097567963924,50,200,2026-04-06T16:02:50.949574
2026-04-06_09-19-27,3552,419.579930587543,91,1,0.5235602094240838,0.0,50,200,2026-04-06T16:03:10.786998
2026-04-06_09-19-27,3553,327.0223492340963,200,0,0.1715728752538099,2.8284271247461903,50,200,2026-04-06T16:03:31.938810
2026-04-06_09-19-27,3554,45.67095093866746,37,0,0.03215213102869317,29.732137494637012,50,200,2026-04-06T16:03:41.365295
2026-04-06_09-19-27,3555,280.0505431975069,200,0,0.1715728752538099,2.8284271247461903,50,200,2026-04-06T16:04:04.932900
2026-04-06_09-19-27,3556,-88.28931284463096,9,0,0.01754641482654405,55.90169943749474,50,200,2026-04-06T16:04:07.977929
2026-04-06_09-19-27,3557,194.0879261270698,89,0,0.3026438761064213,1.4142135623730951,50,200,2026-04-06T16:04:26.455541
2026-04-06_09-19-27,3558,422.04741065999275,136,1,0.42372881355932196,0.0,50,200,2026-04-06T16:04:47.043397
2026-04-06_09-19-27,3559,400.5513713353522,96,1,0.5102040816326531,0.0,50,200,2026-04-06T16:05:05.412620
2026-04-06_09-19-27,3560,126.03170165969193,70,0,0.05762866400602423,15.652475842498529,50,200,2026-04-06T16:05:20.799505
2026-04-06_09-19-27,3561,332.75920138058785,200,0,0.1715728752538099,2.8284271247461903,50,200,2026-04-06T16:05:42.921195
2026-04-06_09-19-27,3562,342.9106363312189,200,0,0.25,1.0,50,200,2026-04-06T16:06:04.467045
2026-04-06_09-19-27,3563,396.66772128402806,142,1,0.4132231404958678,0.0,50,200,2026-04-06T16:06:26.423429
2026-04-06_09-19-27,3564,424.03143278736957,141,1,0.41493775933609955,0.0,50,200,2026-04-06T16:06:49.305511
2026-04-06_09-19-27,3565,315.18383103257116,200,0,0.2,2.0,50,200,2026-04-06T16:07:14.451644
2026-04-06_09-19-27,3566,16.22262075213898,43,0,0.028119827095433026,34.132096331752024,50,200,2026-04-06T16:07:24.497264
2026-04-06_09-19-27,3567,61.54720266217143,81,0,0.033228915622415624,28.284271247461902,50,200,2026-04-06T16:07:38.997914
2026-04-06_09-19-27,3568,351.0569480885898,99,1,0.5025125628140703,0.0,50,200,2026-04-06T16:07:57.601069
2026-04-06_09-19-27,3569,431.2162784260337,159,1,0.3861003861003861,0.0,50,200,2026-04-06T16:08:21.135048
2026-04-06_09-19-27,3570,422.80787505372956,111,1,0.4739336492890995,0.0,50,200,2026-04-06T16:08:40.790746
2026-04-06_09-19-27,3571,439.21963532519504,200,1,0.3333333333333333,0.0,50,200,2026-04-06T16:09:04.717474
2026-04-06_09-19-27,3572,432.5193926112675,166,1,0.37593984962406013,0.0,50,200,2026-04-06T16:09:28.084943
2026-04-06_09-19-27,3573,417.5759745280054,169,1,0.3717472118959108,0.0,50,200,2026-04-06T16:09:47.689058
2026-04-06_09-19-27,3574,442.87071628808,190,1,0.3448275862068965,0.0,50,200,2026-04-06T16:10:09.063228
2026-04-06_09-19-27,3575,-62.66196229094918,14,0,0.018215360867074495,53.75872022286245,50,200,2026-04-06T16:10:12.760607
2026-04-06_09-19-27,3576,415.4536986210634,137,1,0.42194092827004215,0.0,50,200,2026-04-06T16:10:34.389911
2026-04-06_09-19-27,3577,427.76156745603384,136,1,0.42372881355932196,0.0,50,200,2026-04-06T16:11:34.332672
2026-04-06_09-19-27,3578,-16.73101926003335,39,0,0.02669558503735091,36.069377593742864,50,200,2026-04-06T16:11:42.733978
2026-04-06_09-19-27,3579,413.1898607593122,122,1,0.4504504504504505,0.0,50,200,2026-04-06T16:12:03.503443
2026-04-06_09-19-27,3580,147.41931294114377,85,0,0.07177181514330502,12.083045973594572,50,200,2026-04-06T16:12:19.579400
2026-04-06_09-19-27,3581,183.28307246562048,149,0,0.18802551516539256,2.8284271247461903,50,200,2026-04-06T16:12:43.232742
2026-04-06_09-19-27,3582,-18.215067529902655,24,0,0.021773302239625588,44.68780594300866,50,200,2026-04-06T16:12:49.415581
2026-04-06_09-19-27,3583,-76.36989388362613,10,0,0.01731925353204456,56.639209034025185,50,200,2026-04-06T16:12:52.389397
2026-04-06_09-19-27,3584,11.71486633660696,33,0,0.026620282163828238,36.235341863986875,50,200,2026-04-06T16:13:00.477237
2026-04-06_09-19-27,3585,-103.49840519235318,4,0,0.016942617844365664,57.982756057296896,50,200,2026-04-06T16:13:02.557781
2026-04-06_09-19-27,3586,116.56663160382236,54,0,0.05573757134220032,16.401219466856727,50,200,2026-04-06T16:13:15.539425
2026-04-06_09-19-27,3587,421.37113591039923,120,1,0.45454545454545453,0.0,50,200,2026-04-06T16:13:37.503080
2026-04-06_09-19-27,3588,13.374762084679972,41,0,0.030086353014914167,31.827660925679098,50,200,2026-04-06T16:13:47.104676
2026-04-06_09-19-27,3589,328.46029059829004,200,0,0.19098300562505258,2.23606797749979,50,200,2026-04-06T16:14:09.585916
2026-04-06_09-19-27,3590,-6.515497383950276,22,0,0.022862063687240423,42.5205832509386,50,200,2026-04-06T16:14:15.745830
2026-04-06_09-19-27,3591,414.5192431564279,86,1,0.5376344086021506,0.0,50,200,2026-04-06T16:14:32.574991
2026-04-06_09-19-27,3592,340.64377411044745,200,0,0.1715728752538099,2.8284271247461903,50,200,2026-04-06T16:14:52.586437
2026-04-06_09-19-27,3593,354.60217935227024,99,1,0.5025125628140703,0.0,50,200,2026-04-06T16:15:11.086953
2026-04-06_09-19-27,3594,62.40974821434794,59,0,0.03684073774495297,25.553864678361276,50,200,2026-04-06T16:15:23.285587
2026-04-06_09-19-27,3595,423.98077181519534,129,1,0.4366812227074236,0.0,50,200,2026-04-06T16:15:44.024646
2026-04-06_09-19-27,3596,342.24991864648166,200,0,0.19098300562505258,2.23606797749979,50,200,2026-04-06T16:16:04.004791
2026-04-06_09-19-27,3597,409.46420294609874,95,1,0.5128205128205128,0.0,50,200,2026-04-06T16:16:22.659962
2026-04-06_09-19-27,3598,339.0687189343201,200,0,0.2,2.0,50,200,2026-04-06T16:16:47.339118
2026-04-06_09-19-27,3599,71.15668428909602,59,0,0.04952683243589439,18.601075237738275,50,200,2026-04-06T16:17:00.596449
2026-04-06_09-19-27,3600,-56.3909921052764,13,0,0.0186009173209712,52.630789467763066,50,200,2026-04-06T16:17:05.136690
2026-04-06_09-19-27,3601,429.22115487219247,142,1,0.4132231404958678,0.0,50,200,2026-04-06T16:17:26.141670
2026-04-06_09-19-27,3602,-86.64482425775769,8,0,0.016931143528586746,57.982756057296896,50,200,2026-04-06T16:17:28.908723
2026-04-06_09-19-27,3603,416.05453907751877,93,1,0.5181347150259067,0.0,50,200,2026-04-06T16:17:47.309816
2026-04-06_09-19-27,3604,429.32315076893207,149,1,0.4016064257028112,0.0,50,200,2026-04-06T16:18:07.977770
2026-04-06_09-19-27,3605,430.4676412909532,137,1,0.42194092827004215,0.0,50,200,2026-04-06T16:18:26.940932
2026-04-06_09-19-27,3606,335.20900944683456,200,0,0.1715728752538099,2.8284271247461903,50,200,2026-04-06T16:18:47.447712
2026-04-06_09-19-27,3607,332.9497158473269,200,0,0.22654091966098644,1.4142135623730951,50,200,2026-04-06T16:19:09.997060
2026-04-06_09-19-27,3608,81.14697562835396,63,0,0.04017773553562034,23.259406699226016,50,200,2026-04-06T16:19:23.595983
2026-04-06_09-19-27,3609,338.5019778965758,200,0,0.25,1.0,50,200,2026-04-06T16:20:16.023077
2026-04-06_09-19-27,3610,427.13499490439887,143,1,0.41152263374485604,0.0,50,200,2026-04-06T16:20:36.574208
2026-04-06_09-19-27,3611,430.7475992023841,171,1,0.36900369003690037,0.0,50,200,2026-04-06T16:20:59.863795
2026-04-06_09-19-27,3612,408.8239393870762,107,1,0.48309178743961345,0.0,50,200,2026-04-06T16:21:21.656265
2026-04-06_09-19-27,3613,394.84778220854014,136,1,0.42372881355932196,0.0,50,200,2026-04-06T16:21:40.260243
2026-04-06_09-19-27,3614,427.5538027066845,155,1,0.3921568627450981,0.0,50,200,2026-04-06T16:22:02.672508
2026-04-06_09-19-27,3615,425.0773266150543,121,1,0.45248868778280543,0.0,50,200,2026-04-06T16:22:23.148010
2026-04-06_09-19-27,3616,109.36127348405245,85,0,0.04550706102184038,20.12461179749811,50,200,2026-04-06T16:22:37.749771
2026-04-06_09-19-27,3617,430.513704422801,178,1,0.3597122302158273,0.0,50,200,2026-04-06T16:23:01.684820
2026-04-06_09-19-27,3618,435.0719010200109,149,1,0.4016064257028112,0.0,50,200,2026-04-06T16:23:21.180556
2026-04-06_09-19-27,3619,417.46380451936506,110,1,0.47619047619047616,0.0,50,200,2026-04-06T16:23:41.003636
2026-04-06_09-19-27,3620,338.17114634420557,200,0,0.22654091966098644,1.4142135623730951,50,200,2026-04-06T16:24:02.920814
2026-04-06_09-19-27,3621,335.7712112052387,200,0,0.19098300562505258,2.23606797749979,50,200,2026-04-06T16:24:24.347693
2026-04-06_09-19-27,3622,-95.81224023651929,2,0,0.016173069130115212,60.81118318204309,50,200,2026-04-06T16:24:25.895867
2026-04-06_09-19-27,3623,429.8443996198144,153,1,0.39525691699604737,0.0,50,200,2026-04-06T16:24:45.981653
2026-04-06_09-19-27,3624,415.89999226689,162,1,0.38167938931297707,0.0,50,200,2026-04-06T16:25:06.708930
2026-04-06_09-19-27,3625,22.38699174042202,39,0,0.030736297531190605,31.144823004794873,50,200,2026-04-06T16:25:15.929477
2026-04-06_09-19-27,3626,426.1578472892903,117,1,0.4608294930875576,0.0,50,200,2026-04-06T16:25:34.968661
2026-04-06_09-19-27,3627,-39.03130657037649,19,0,0.021147138234785277,46.09772228646444,50,200,2026-04-06T16:25:39.997686
2026-04-06_09-19-27,3628,148.715153252831,104,0,0.08305647840531562,10.0,50,200,2026-04-06T16:25:57.569138
2026-04-06_09-19-27,3629,-35.0689053625356,21,0,0.020278194982063964,48.104053883222775,50,200,2026-04-06T16:26:02.940064
2026-04-06_09-19-27,3630,432.8694609114044,186,1,0.34965034965034963,0.0,50,200,2026-04-06T16:26:26.147520
2026-04-06_09-19-27,3631,431.42236526484106,150,1,0.4,0.0,50,200,2026-04-06T16:26:46.001572
2026-04-06_09-19-27,3632,61.22015574467308,49,0,0.03521467984097011,26.90724809414742,50,200,2026-04-06T16:26:57.009124
2026-04-06_09-19-27,3633,8.581219977441833,43,0,0.028942730458407277,33.12099032335839,50,200,2026-04-06T16:27:08.252443
2026-04-06_09-19-27,3634,439.67141917866263,177,1,0.36101083032490977,0.0,50,200,2026-04-06T16:27:28.730192
2026-04-06_09-19-27,3635,-95.52745017764369,4,0,0.016942617844365664,57.982756057296896,50,200,2026-04-06T16:27:30.840534
2026-04-06_09-19-27,3636,420.8951283668056,131,1,0.4329004329004329,0.0,50,200,2026-04-06T16:27:51.744327
2026-04-06_09-19-27,3637,74.41486173669969,64,0,0.03788045690566619,24.758836806279895,50,200,2026-04-06T16:28:04.711562
2026-04-06_09-19-27,3638,-71.83696575616558,24,0,0.018608937625587754,52.49761899362675,50,200,2026-04-06T16:28:09.902707
2026-04-06_09-19-27,3639,396.3818041908194,158,1,0.38759689922480617,0.0,50,200,2026-04-06T16:28:33.118009
2026-04-06_09-19-27,3640,37.45684980380938,74,0,0.028284164392972908,33.61547262794322,50,200,2026-04-06T16:28:46.177533
2026-04-06_09-19-27,3641,429.73644761984116,161,1,0.38314176245210724,0.0,50,200,2026-04-06T16:29:42.950206
2026-04-06_09-19-27,3642,421.14889968748,157,1,0.3891050583657587,0.0,50,200,2026-04-06T16:30:02.892047
2026-04-06_09-19-27,3643,-102.72981212488259,1,0,0.015813927823395878,62.22539674441618,50,200,2026-04-06T16:30:04.264266
2026-04-06_09-19-27,3644,9.420541817094374,41,0,0.03716767788981024,25.495097567963924,50,200,2026-04-06T16:30:14.762826
2026-04-06_09-19-27,3645,336.6636950954659,200,0,0.2,2.0,50,200,2026-04-06T16:30:36.980981
2026-04-06_09-19-27,3646,442.6995900265656,183,1,0.35335689045936397,0.0,50,200,2026-04-06T16:30:56.795393
2026-04-06_09-19-27,3647,-56.995347302883275,23,0,0.022906145321360854,42.42640687119285,50,200,2026-04-06T16:31:02.495119
2026-04-06_09-19-27,3648,-72.50669658394789,12,0,0.017537183385706808,55.90169943749474,50,200,2026-04-06T16:31:05.600300
2026-04-06_09-19-27,3649,420.5092311209971,122,1,0.4504504504504505,0.0,50,200,2026-04-06T16:31:27.565033
2026-04-06_09-19-27,3650,433.36732840115616,158,1,0.38759689922480617,0.0,50,200,2026-04-06T16:31:46.808928
2026-04-06_09-19-27,3651,344.4654200808024,200,0,0.19098300562505258,2.23606797749979,50,200,2026-04-06T16:32:07.433334
2026-04-06_09-19-27,3652,-30.878387183607174,21,0,0.022904275640148162,42.44997055358225,50,200,2026-04-06T16:32:13.199992
2026-04-06_09-19-27,3653,-49.248826862572784,22,0,0.02028263399356456,48.08326112068523,50,200,2026-04-06T16:32:17.765801
2026-04-06_09-19-27,3654,410.8471921342289,121,1,0.45248868778280543,0.0,50,200,2026-04-06T16:32:37.848422
2026-04-06_09-19-27,3655,424.9758047156981,157,1,0.3891050583657587,0.0,50,200,2026-04-06T16:32:59.233637
2026-04-06_09-19-27,3656,7.4055913430036355,32,0,0.02437902569602231,39.698866482558415,50,200,2026-04-06T16:33:07.005031
2026-04-06_09-19-27,3657,-23.313096372131042,34,0,0.0224823635423012,43.139309220245984,50,200,2026-04-06T16:33:13.772463
2026-04-06_09-19-27,3658,426.31514901259146,134,1,0.4273504273504274,0.0,50,200,2026-04-06T16:33:35.511965
2026-04-06_09-19-27,3659,409.742427898723,114,1,0.4672897196261682,0.0,50,200,2026-04-06T16:33:56.654258
2026-04-06_09-19-27,3660,420.94129573959486,127,1,0.44052863436123346,0.0,50,200,2026-04-06T16:34:17.147278
2026-04-06_09-19-27,3661,133.32840128408264,63,0,0.08064301765408753,10.770329614269007,50,200,2026-04-06T16:34:31.766345
2026-04-06_09-19-27,3662,419.2227336957067,111,1,0.4739336492890995,0.0,50,200,2026-04-06T16:34:51.979459
2026-04-06_09-19-27,3663,50.922059329401606,42,0,0.03210052601277054,29.732137494637012,50,200,2026-04-06T16:35:01.854950
2026-04-06_09-19-27,3664,42.67270038441643,40,0,0.029475125880251873,32.526911934581186,50,200,2026-04-06T16:35:11.467560
2026-04-06_09-19-27,3665,434.0669266297102,158,1,0.38759689922480617,0.0,50,200,2026-04-06T16:35:31.056959
2026-04-06_09-19-27,3666,24.995734150634945,41,0,0.03214557076993504,29.698484809834994,50,200,2026-04-06T16:35:40.502679
2026-04-06_09-19-27,3667,-2.9861477553804576,45,0,0.024324352180905427,39.66106403010388,50,200,2026-04-06T16:35:50.163919
2026-04-06_09-19-27,3668,340.56341682208034,200,0,0.19098300562505258,2.23606797749979,50,200,2026-04-06T16:36:10.362371
2026-04-06_09-19-27,3669,145.70323089547188,82,0,0.0756329289606195,11.40175425099138,50,200,2026-04-06T16:36:27.243378
2026-04-06_09-19-27,3670,419.44035914932834,120,1,0.45454545454545453,0.0,50,200,2026-04-06T16:36:48.149163
2026-04-06_09-19-27,3671,428.51141680706843,169,1,0.3717472118959108,0.0,50,200,2026-04-06T16:37:11.635241
2026-04-06_09-19-27,3672,376.8770689905288,185,1,0.3508771929824561,0.0,50,200,2026-04-06T16:37:32.218355
2026-04-06_09-19-27,3673,-74.87048374762763,8,0,0.01777700131105917,55.17245689653489,50,200,2026-04-06T16:38:06.130637
2026-04-06_09-19-27,3674,425.74511739952123,131,1,0.4329004329004329,0.0,50,200,2026-04-06T16:38:27.064257
2026-04-06_09-19-27,3675,397.58674851798,102,1,0.49504950495049505,0.0,50,200,2026-04-06T16:38:46.600962
2026-04-06_09-19-27,3676,-69.46626846780143,9,0,0.01871432255468497,52.3450093132096,50,200,2026-04-06T16:38:50.071293
2026-04-06_09-19-27,3677,-104.67783342635856,2,0,0.016173069130115212,60.81118318204309,50,200,2026-04-06T16:38:51.624041
2026-04-06_09-19-27,3678,422.3785160911467,114,1,0.4672897196261682,0.0,50,200,2026-04-06T16:39:11.312853
2026-04-06_09-19-27,3679,327.5594824047742,200,0,0.19098300562505258,2.23606797749979,50,200,2026-04-06T16:39:32.762096
2026-04-06_09-19-27,3680,427.4851757448846,143,1,0.41152263374485604,0.0,50,200,2026-04-06T16:39:56.291094
2026-04-06_09-19-27,3681,421.95995310578496,133,1,0.4291845493562232,0.0,50,200,2026-04-06T16:40:16.439042
2026-04-06_09-19-27,3682,441.7778287523967,192,1,0.3424657534246575,0.0,50,200,2026-04-06T16:40:39.084744
2026-04-06_09-19-27,3683,326.0140841034665,200,0,0.22654091966098644,1.4142135623730951,50,200,2026-04-06T16:41:01.426978
2026-04-06_09-19-27,3684,442.89646618288043,188,1,0.3472222222222222,0.0,50,200,2026-04-06T16:41:23.753913
2026-04-06_09-19-27,3685,97.21246585724194,60,0,0.04374397389077362,21.2602916254693,50,200,2026-04-06T16:41:36.187486
2026-04-06_09-19-27,3686,62.994774617630384,76,0,0.042168296504883136,21.95449840010015,50,200,2026-04-06T16:41:50.834425
2026-04-06_09-19-27,3687,424.85098291493284,126,1,0.4424778761061947,0.0,50,200,2026-04-06T16:42:11.649799
2026-04-06_09-19-27,3688,430.0597286821089,124,1,0.4464285714285714,0.0,50,200,2026-04-06T16:42:31.164641
2026-04-06_09-19-27,3689,420.1715852153124,95,1,0.5128205128205128,0.0,50,200,2026-04-06T16:42:49.935117
2026-04-06_09-19-27,3690,437.7558416380555,167,1,0.37453183520599254,0.0,50,200,2026-04-06T16:43:09.822017
2026-04-06_09-19-27,3691,416.30920368565273,143,1,0.41152263374485604,0.0,50,200,2026-04-06T16:43:29.872960
2026-04-06_09-19-27,3692,419.8158595068433,119,1,0.4566210045662101,0.0,50,200,2026-04-06T16:43:50.342361
2026-04-06_09-19-27,3693,340.6608403973263,200,0,0.1715728752538099,2.8284271247461903,50,200,2026-04-06T16:44:09.290079
2026-04-06_09-19-27,3694,405.4570469329769,118,1,0.4587155963302753,0.0,50,200,2026-04-06T16:44:27.977902
2026-04-06_09-19-27,3695,-83.35310767424423,10,0,0.017129149721926935,57.28001396647874,50,200,2026-04-06T16:44:30.583924
2026-04-06_09-19-27,3696,6.550292700516877,34,0,0.024427194653805506,39.59797974644666,50,200,2026-04-06T16:44:37.745663
2026-04-06_09-19-27,3697,326.88879945860356,200,0,0.22654091966098644,1.4142135623730951,50,200,2026-04-06T16:44:58.569114
2026-04-06_09-19-27,3698,424.4007491448121,135,1,0.425531914893617,0.0,50,200,2026-04-06T16:45:19.540437
2026-04-06_09-19-27,3699,15.932610711488678,66,0,0.032184473844893036,29.410882339705484,50,200,2026-04-06T16:45:31.540308
2026-04-06_09-19-27,3700,423.8979292436169,132,1,0.43103448275862066,0.0,50,200,2026-04-06T16:45:51.766783
2026-04-06_09-19-27,3701,423.4254747816874,129,1,0.4366812227074236,0.0,50,200,2026-04-06T16:46:12.582001
2026-04-06_09-19-27,3702,-102.58524165502632,1,0,0.015813927823395878,62.22539674441618,50,200,2026-04-06T16:46:13.890093
2026-04-06_09-19-27,3703,431.3668562207871,196,1,0.33783783783783783,0.0,50,200,2026-04-06T16:46:38.532429
2026-04-06_09-19-27,3704,436.8768982082985,184,1,0.35211267605633806,0.0,50,200,2026-04-06T16:47:02.096762
2026-04-06_09-19-27,3705,419.90266830264574,85,1,0.5405405405405405,0.0,50,200,2026-04-06T16:47:56.127889
2026-04-06_09-19-27,3706,425.22599303263644,109,1,0.47846889952153115,0.0,50,200,2026-04-06T16:48:16.638864
2026-04-06_09-19-27,3707,312.3457482953068,200,0,0.09090909090909091,8.0,50,200,2026-04-06T16:48:39.299944
2026-04-06_09-19-27,3708,443.0465621526522,193,1,0.3412969283276451,0.0,50,200,2026-04-06T16:49:00.818913
2026-04-06_09-19-27,3709,437.1192543999533,177,1,0.36101083032490977,0.0,50,200,2026-04-06T16:49:22.580868
2026-04-06_09-19-27,3710,404.24592113914645,178,1,0.3597122302158273,0.0,50,200,2026-04-06T16:49:40.928180
2026-04-06_09-19-27,3711,47.14358963398182,36,0,0.032863512497292614,29.068883707497267,50,200,2026-04-06T16:49:50.310375
2026-04-06_09-19-27,3712,418.1373230928001,92,1,0.5208333333333334,0.0,50,200,2026-04-06T16:50:09.854330
2026-04-06_09-19-27,3713,319.233913836575,200,0,0.13383054136359812,4.47213595499958,50,200,2026-04-06T16:50:31.925735
2026-04-06_09-19-27,3714,45.554464154640044,38,0,0.035996138610125246,26.40075756488817,50,200,2026-04-06T16:50:41.763803
2026-04-06_09-19-27,3715,-85.7950960699387,13,0,0.01895603863500723,51.62363799656123,50,200,2026-04-06T16:50:45.454059
2026-04-06_09-19-27,3716,387.7044719773854,120,1,0.45454545454545453,0.0,50,200,2026-04-06T16:51:05.092706
2026-04-06_09-19-27,3717,67.57121980455484,59,0,0.04251391189213266,21.93171219946131,50,200,2026-04-06T16:51:17.903405
2026-04-06_09-19-27,3718,315.788083833807,200,0,0.10724372001086317,6.324555320336759,50,200,2026-04-06T16:51:40.828991
2026-04-06_09-19-27,3719,116.88185612287153,75,0,0.0700281873236974,12.529964086141668,50,200,2026-04-06T16:51:57.226187
2026-04-06_09-19-27,3720,414.09007890014584,114,1,0.4672897196261682,0.0,50,200,2026-04-06T16:52:17.713443
2026-04-06_09-19-27,3721,417.4704983879771,129,1,0.4366812227074236,0.0,50,200,2026-04-06T16:52:39.018217
2026-04-06_09-19-27,3722,388.803727473358,149,1,0.4016064257028112,0.0,50,200,2026-04-06T16:53:00.794842
2026-04-06_09-19-27,3723,40.53684411502665,45,0,0.029674443760770403,32.2490309931942,50,200,2026-04-06T16:53:11.106357
2026-04-06_09-19-27,3724,423.3946760834114,104,1,0.49019607843137253,0.0,50,200,2026-04-06T16:53:31.688835
2026-04-06_09-19-27,3725,437.55556362149093,172,1,0.36764705882352944,0.0,50,200,2026-04-06T16:53:54.228272
2026-04-06_09-19-27,3726,-30.221865859209046,27,0,0.02404927866033477,40.311288741492746,50,200,2026-04-06T16:54:01.350770
2026-04-06_09-19-27,3727,-36.31264307674455,18,0,0.02088970502063566,46.69047011971501,50,200,2026-04-06T16:54:06.725656
2026-04-06_09-19-27,3728,302.5676119938625,200,0,0.13383054136359812,4.47213595499958,50,200,2026-04-06T16:54:27.957235
2026-04-06_09-19-27,3729,310.0893445397626,200,0,0.12347173609369323,5.0990195135927845,50,200,2026-04-06T16:54:48.120189
2026-04-06_09-19-27,3730,-30.24022586306438,22,0,0.02214752831820021,43.93176527297759,50,200,2026-04-06T16:54:54.192360
2026-04-06_09-19-27,3731,445.5658669177023,199,1,0.33444816053511706,0.0,50,200,2026-04-06T16:55:15.687620
2026-04-06_09-19-27,3732,317.03726444520913,200,0,0.13383054136359812,4.47213595499958,50,200,2026-04-06T16:55:38.924836
2026-04-06_09-19-27,3733,439.7626923944793,188,1,0.3472222222222222,0.0,50,200,2026-04-06T16:56:00.989877
2026-04-06_09-19-27,3734,316.997188438222,200,0,0.11323807579381201,5.830951894845301,50,200,2026-04-06T16:56:22.969610
2026-04-06_09-19-27,3735,-22.399495552661108,20,0,0.022921896890397232,42.42640687119285,50,200,2026-04-06T16:56:28.816121
2026-04-06_09-19-27,3736,121.83076347278116,70,0,0.05610250669595543,16.1245154965971,50,200,2026-04-06T16:56:43.900606
2026-04-06_09-19-27,3737,417.1423126897782,94,1,0.5154639175257733,0.0,50,200,2026-04-06T16:57:41.184183
2026-04-06_09-19-27,3738,421.32312203622655,157,1,0.3891050583657587,0.0,50,200,2026-04-06T16:58:03.155599
2026-04-06_09-19-27,3739,169.72578761526825,138,0,0.1919965425356183,2.8284271247461903,50,200,2026-04-06T16:58:26.591501
2026-04-06_09-19-27,3740,432.5146119227653,158,1,0.38759689922480617,0.0,50,200,2026-04-06T16:58:45.541864
2026-04-06_09-19-27,3741,420.85635840159983,115,1,0.4651162790697674,0.0,50,200,2026-04-06T16:59:05.444838
2026-04-06_09-19-27,3742,423.99151365983715,133,1,0.4291845493562232,0.0,50,200,2026-04-06T16:59:25.849474
2026-04-06_09-19-27,3743,390.28476737975706,126,1,0.4424778761061947,0.0,50,200,2026-04-06T16:59:46.108939
2026-04-06_09-19-27,3744,382.61527903223987,161,1,0.38314176245210724,0.0,50,200,2026-04-06T17:00:09.710093
2026-04-06_09-19-27,3745,338.45368068487863,200,0,0.25,1.0,50,200,2026-04-06T17:00:31.693125
2026-04-06_09-19-27,3746,434.20437387019166,180,1,0.35714285714285715,0.0,50,200,2026-04-06T17:00:54.369361
2026-04-06_09-19-27,3747,-88.80551560232803,11,0,0.017721928735997695,55.31726674375732,50,200,2026-04-06T17:00:57.664732
2026-04-06_09-19-27,3748,337.2246688347131,200,0,0.1513878188659973,3.605551275463989,50,200,2026-04-06T17:01:17.653095
2026-04-06_09-19-27,3749,338.1833443417512,200,0,0.19098300562505258,2.23606797749979,50,200,2026-04-06T17:01:39.798083
2026-04-06_09-19-27,3750,388.2447974312184,105,1,0.48780487804878053,0.0,50,200,2026-04-06T17:01:57.772091
2026-04-06_09-19-27,3751,424.76326300930197,152,1,0.3968253968253968,0.0,50,200,2026-04-06T17:02:19.245782
2026-04-06_09-19-27,3752,423.91831282028505,116,1,0.4629629629629629,0.0,50,200,2026-04-06T17:02:41.103349
2026-04-06_09-19-27,3753,380.39620324362227,148,1,0.40322580645161293,0.0,50,200,2026-04-06T17:03:03.202150
2026-04-06_09-19-27,3754,-116.31723137082543,1,0,0.015136877362419606,65.05382386916237,50,200,2026-04-06T17:03:04.254220
2026-04-06_09-19-27,3755,79.63893540205471,67,0,0.05720369474041374,15.811388300841896,50,200,2026-04-06T17:03:17.415211
2026-04-06_09-19-27,3756,343.07061946406753,200,0,0.22654091966098644,1.4142135623730951,50,200,2026-04-06T17:03:40.228211
2026-04-06_09-19-27,3757,411.18824320939586,182,1,0.35460992907801414,0.0,50,200,2026-04-06T17:04:01.641705
2026-04-06_09-19-27,3758,33.00583282405486,35,0,0.028125231613324288,34.20526275297414,50,200,2026-04-06T17:04:10.355312
2026-04-06_09-19-27,3759,-30.434039633912747,19,0,0.021186050943812422,46.010868281309364,50,200,2026-04-06T17:04:15.587779
2026-04-06_09-19-27,3760,-20.149985993366784,24,0,0.023274600296074307,41.72529209005013,50,200,2026-04-06T17:04:22.290650
2026-04-06_09-19-27,3761,421.3128061347621,99,1,0.5025125628140703,0.0,50,200,2026-04-06T17:04:41.667611
2026-04-06_09-19-27,3762,42.317217658168616,42,0,0.034937010819035656,27.202941017470888,50,200,2026-04-06T17:04:51.995619
2026-04-06_09-19-27,3763,134.8227626843933,74,0,0.10688587556417235,7.615773105863909,50,200,2026-04-06T17:05:08.879470
2026-04-06_09-19-27,3764,424.57885902443417,169,1,0.3717472118959108,0.0,50,200,2026-04-06T17:05:27.382755
2026-04-06_09-19-27,3765,429.52991299931347,140,1,0.41666666666666663,0.0,50,200,2026-04-06T17:05:47.242516
2026-04-06_09-19-27,3766,-38.432679205087126,20,0,0.022101679128368728,44.04543109109048,50,200,2026-04-06T17:05:52.972520
2026-04-06_09-19-27,3767,429.1490719482126,131,1,0.4329004329004329,0.0,50,200,2026-04-06T17:06:12.762151
2026-04-06_09-19-27,3768,-20.046689836773055,21,0,0.021830149705449605,44.598206241955516,50,200,2026-04-06T17:06:18.727090
2026-04-06_09-19-27,3769,420.48593729340473,98,1,0.5050505050505051,0.0,50,200,2026-04-06T17:07:12.259971
2026-04-06_09-19-27,3770,421.8252013199201,113,1,0.4694835680751174,0.0,50,200,2026-04-06T17:07:32.373564
2026-04-06_09-19-27,3771,429.878898431716,185,1,0.3508771929824561,0.0,50,200,2026-04-06T17:07:54.587263
2026-04-06_09-19-27,3772,-102.59014890543068,1,0,0.015813927823395878,62.22539674441618,50,200,2026-04-06T17:07:55.904144
2026-04-06_09-19-27,3773,-55.28240761534851,13,0,0.019208116097313814,50.93132631298737,50,200,2026-04-06T17:07:59.721218
2026-04-06_09-19-27,3774,-103.66821597850547,2,0,0.016173069130115212,60.81118318204309,50,200,2026-04-06T17:08:01.279160
2026-04-06_09-19-27,3775,420.80643647813883,98,1,0.5050505050505051,0.0,50,200,2026-04-06T17:08:20.892787
2026-04-06_09-19-27,3776,46.83842947489654,54,0,0.035245003862719865,26.832815729997478,50,200,2026-04-06T17:08:32.417494
2026-04-06_09-19-27,3777,41.7999079156734,38,0,0.03106956003332581,30.805843601498726,50,200,2026-04-06T17:08:41.764125
2026-04-06_09-19-27,3778,-75.38275622580673,6,0,0.017347191976291376,56.586217403180434,50,200,2026-04-06T17:08:44.297576
2026-04-06_09-19-27,3779,404.77189677312623,123,1,0.4484304932735426,0.0,50,200,2026-04-06T17:09:03.339748
2026-04-06_09-19-27,3780,359.9990831041033,109,1,0.47846889952153115,0.0,50,200,2026-04-06T17:09:20.236381
2026-04-06_09-19-27,3781,87.5215017475057,58,0,0.04204577359100834,22.20360331117452,50,200,2026-04-06T17:09:32.937410
2026-04-06_09-19-27,3782,416.9443854267333,78,1,0.5617977528089888,0.0,50,200,2026-04-06T17:09:50.860536
2026-04-06_09-19-27,3783,438.52589177110383,176,1,0.3623188405797102,0.0,50,200,2026-04-06T17:10:11.255049
2026-04-06_09-19-27,3784,-41.48087157829288,16,0,0.019709007919454263,49.57822102496216,50,200,2026-04-06T17:10:15.714932
2026-04-06_09-19-27,3785,-46.111646955768535,21,0,0.02056190639958966,47.4236228055175,50,200,2026-04-06T17:10:21.216509
2026-04-06_09-19-27,3786,421.91467273988746,113,1,0.4694835680751174,0.0,50,200,2026-04-06T17:10:41.262140
2026-04-06_09-19-27,3787,427.52494528811644,144,1,0.4098360655737705,0.0,50,200,2026-04-06T17:11:03.774487
2026-04-06_09-19-27,3788,-13.71817712778099,22,0,0.02214752831820021,43.93176527297759,50,200,2026-04-06T17:11:09.842076
2026-04-06_09-19-27,3789,49.36144600793067,38,0,0.030505813598003244,31.400636936215164,50,200,2026-04-06T17:11:19.169108
2026-04-06_09-19-27,3790,322.98056472734163,200,0,0.1513878188659973,3.605551275463989,50,200,2026-04-06T17:11:37.946198
2026-04-06_09-19-27,3791,434.88101137873184,175,1,0.36363636363636365,0.0,50,200,2026-04-06T17:12:01.624191
2026-04-06_09-19-27,3792,-27.56364543062527,19,0,0.021530919888473197,45.254833995939045,50,200,2026-04-06T17:12:07.224929
2026-04-06_09-19-27,3793,59.495145585649425,43,0,0.039551140617225464,23.853720883753127,50,200,2026-04-06T17:12:17.741644
2026-04-06_09-19-27,3794,-42.49152584908349,19,0,0.022195871087302158,43.86342439892262,50,200,2026-04-06T17:12:23.304213
2026-04-06_09-19-27,3795,418.66384285840826,133,1,0.4291845493562232,0.0,50,200,2026-04-06T17:12:42.964404
2026-04-06_09-19-27,3796,417.39312964110894,166,1,0.37593984962406013,0.0,50,200,2026-04-06T17:13:03.804093
2026-04-06_09-19-27,3797,416.22783966154503,101,1,0.49751243781094534,0.0,50,200,2026-04-06T17:13:24.261131
2026-04-06_09-19-27,3798,166.05894146430882,78,0,0.09631753718739415,8.602325267042627,50,200,2026-04-06T17:13:40.521415
2026-04-06_09-19-27,3799,156.50770755082965,100,0,0.08403718017671985,9.899494936611665,50,200,2026-04-06T17:13:59.063959
2026-04-06_09-19-27,3800,410.00197263275174,135,1,0.425531914893617,0.0,50,200,2026-04-06T17:14:20.822507
2026-04-06_09-19-27,3801,391.53651299871797,117,1,0.4608294930875576,0.0,50,200,2026-04-06T17:15:23.581124
2026-04-06_09-19-27,3802,150.96193274284047,152,0,0.10276327834040119,7.211102550927978,50,200,2026-04-06T17:15:46.559246
2026-04-06_09-19-27,3803,407.9473452204366,91,1,0.5235602094240838,0.0,50,200,2026-04-06T17:16:04.302452
2026-04-06_09-19-27,3804,427.2811033939188,127,1,0.44052863436123346,0.0,50,200,2026-04-06T17:16:25.155751
2026-04-06_09-19-27,3805,64.9007504688563,41,0,0.03483751488759784,27.294688127912362,50,200,2026-04-06T17:16:35.495386
2026-04-06_09-19-27,3806,319.8729163315111,200,0,0.12347173609369323,5.0990195135927845,50,200,2026-04-06T17:16:57.318764
2026-04-06_09-19-27,3807,332.19365771558665,200,0,0.1715728752538099,2.8284271247461903,50,200,2026-04-06T17:17:19.649949
2026-04-06_09-19-27,3808,402.03016814636055,142,1,0.4132231404958678,0.0,50,200,2026-04-06T17:17:42.027893
2026-04-06_09-19-27,3809,55.876603398465136,48,0,0.035867031147652786,26.40075756488817,50,200,2026-04-06T17:17:53.516527
2026-04-06_09-19-27,3810,429.18882133939564,137,1,0.42194092827004215,0.0,50,200,2026-04-06T17:18:13.501943
2026-04-06_09-19-27,3811,187.42757441526837,99,0,0.20753660356597692,2.8284271247461903,50,200,2026-04-06T17:18:31.969278
2026-04-06_09-19-27,3812,-94.88649626883266,4,0,0.016546163818156382,59.39696961966999,50,200,2026-04-06T17:18:33.987239
2026-04-06_09-19-27,3813,443.34777117458725,193,1,0.3412969283276451,0.0,50,200,2026-04-06T17:18:55.514128
2026-04-06_09-19-27,3814,430.7327157827557,176,1,0.3623188405797102,0.0,50,200,2026-04-06T17:19:15.957578
2026-04-06_09-19-27,3815,429.39958096660143,155,1,0.3921568627450981,0.0,50,200,2026-04-06T17:19:38.835245
2026-04-06_09-19-27,3816,447.0199734068139,190,1,0.3448275862068965,0.0,50,200,2026-04-06T17:19:59.755139
2026-04-06_09-19-27,3817,50.59429506906753,48,0,0.031533373760993466,30.23243291566195,50,200,2026-04-06T17:20:10.998423
2026-04-06_09-19-27,3818,84.8801163240294,97,0,0.05086002777878861,17.69180601295413,50,200,2026-04-06T17:20:27.623160
2026-04-06_09-19-27,3819,24.212189915112262,27,0,0.027282440794461384,35.38361202590826,50,200,2026-04-06T17:20:34.712900
2026-04-06_09-19-27,3820,108.63114296397964,56,0,0.04681869348389217,19.79898987322333,50,200,2026-04-06T17:20:47.726549
2026-04-06_09-19-27,3821,429.74521290299975,140,1,0.41666666666666663,0.0,50,200,2026-04-06T17:21:09.890756
2026-04-06_09-19-27,3822,-16.938267144856496,19,0,0.021839684977301092,44.598206241955516,50,200,2026-04-06T17:21:15.579834
2026-04-06_09-19-27,3823,-50.553804467287875,22,0,0.020248498353499365,48.16637831516918,50,200,2026-04-06T17:21:21.418478
2026-04-06_09-19-27,3824,431.01332765342437,143,1,0.41152263374485604,0.0,50,200,2026-04-06T17:21:42.783996
2026-04-06_09-19-27,3825,417.3873990797893,105,1,0.48780487804878053,0.0,50,200,2026-04-06T17:22:02.101726
2026-04-06_09-19-27,3826,425.6480492701631,143,1,0.41152263374485604,0.0,50,200,2026-04-06T17:22:24.740130
2026-04-06_09-19-27,3827,108.53113712744465,66,0,0.05723643609659873,15.811388300841896,50,200,2026-04-06T17:22:38.742055
2026-04-06_09-19-27,3828,439.97903752066685,168,1,0.373134328358209,0.0,50,200,2026-04-06T17:22:58.124461
2026-04-06_09-19-27,3829,4.8311518496700785,33,0,0.030793085457381898,31.144823004794873,50,200,2026-04-06T17:23:06.615262
2026-04-06_09-19-27,3830,321.98832999415276,200,0,0.13383054136359812,4.47213595499958,50,200,2026-04-06T17:23:31.472527
2026-04-06_09-19-27,3831,408.56335705056966,107,1,0.48309178743961345,0.0,50,200,2026-04-06T17:23:49.231885
2026-04-06_09-19-27,3832,-81.71613239860727,5,0,0.01714383268577105,57.28001396647874,50,200,2026-04-06T17:23:51.608211
2026-04-06_09-19-27,3833,421.2790454467722,135,1,0.425531914893617,0.0,50,200,2026-04-06T17:24:45.508406
2026-04-06_09-19-27,3834,39.86177223649784,66,0,0.03419244302795701,27.586228448267445,50,200,2026-04-06T17:24:58.184444
2026-04-06_09-19-27,3835,428.6636209478172,153,1,0.39525691699604737,0.0,50,200,2026-04-06T17:25:21.505915
2026-04-06_09-19-27,3836,325.4674408510256,200,0,0.19098300562505258,2.23606797749979,50,200,2026-04-06T17:25:45.293769
2026-04-06_09-19-27,3837,-89.55337141468291,7,0,0.016533351882329142,59.413803110051795,50,200,2026-04-06T17:25:47.461804
2026-04-06_09-19-27,3838,-73.7099362489535,16,0,0.017524889897389016,55.90169943749474,50,200,2026-04-06T17:25:51.366556
2026-04-06_09-19-27,3839,-34.054573780508775,23,0,0.020867908797676613,46.69047011971501,50,200,2026-04-06T17:25:56.871144
2026-04-06_09-19-27,3840,336.13962267503086,200,0,0.25,1.0,50,200,2026-04-06T17:26:21.060340
2026-04-06_09-19-27,3841,-62.09500494011389,32,0,0.021309686058150597,45.60701700396552,50,200,2026-04-06T17:26:27.686290
2026-04-06_09-19-27,3842,294.8297102946569,200,0,0.09727522475637543,7.280109889280518,50,200,2026-04-06T17:26:51.085080
2026-04-06_09-19-27,3843,419.5612540573049,136,1,0.42372881355932196,0.0,50,200,2026-04-06T17:27:14.265434
2026-04-06_09-19-27,3844,194.14149751905325,128,0,0.1481012833071816,4.47213595499958,50,200,2026-04-06T17:27:34.743403
2026-04-06_09-19-27,3845,24.74076561761828,69,0,0.03830960957613727,24.413111231467404,50,200,2026-04-06T17:27:47.479012
2026-04-06_09-19-27,3846,314.84567004420796,200,0,0.19098300562505258,2.23606797749979,50,200,2026-04-06T17:28:09.734617
2026-04-06_09-19-27,3847,415.6475278243266,108,1,0.4807692307692307,0.0,50,200,2026-04-06T17:28:30.463824
2026-04-06_09-19-27,3848,-56.07850165634783,15,0,0.0191790613248192,50.99019513592785,50,200,2026-04-06T17:28:34.977173
2026-04-06_09-19-27,3849,155.1754491770967,138,0,0.07099902776337584,11.704699910719626,50,200,2026-04-06T17:28:55.889651
2026-04-06_09-19-27,3850,70.24494162144241,59,0,0.03513696321578203,26.870057685088806,50,200,2026-04-06T17:29:07.402824
2026-04-06_09-19-27,3851,325.38496380795027,200,0,0.16666666666666666,3.0,50,200,2026-04-06T17:29:30.864722
2026-04-06_09-19-27,3852,-59.54041210526202,16,0,0.018450959842256743,53.03772242470448,50,200,2026-04-06T17:29:35.326546
2026-04-06_09-19-27,3853,-31.152422375785946,26,0,0.02284117583057922,42.5205832509386,50,200,2026-04-06T17:29:41.810858
2026-04-06_09-19-27,3854,28.03306083836607,50,0,0.027112312083143242,35.38361202590826,50,200,2026-04-06T17:29:51.598195
2026-04-06_09-19-27,3855,397.064077840825,114,1,0.4672897196261682,0.0,50,200,2026-04-06T17:30:10.883943
2026-04-06_09-19-27,3856,338.42687025701184,200,0,0.25,1.0,50,200,2026-04-06T17:30:33.331573
2026-04-06_09-19-27,3857,412.27584709272105,187,1,0.3484320557491289,0.0,50,200,2026-04-06T17:30:55.131075
2026-04-06_09-19-27,3858,335.0823814240199,200,0,0.19098300562505258,2.23606797749979,50,200,2026-04-06T17:31:19.239263
2026-04-06_09-19-27,3859,434.19116944998837,183,1,0.35335689045936397,0.0,50,200,2026-04-06T17:31:41.849222
2026-04-06_09-19-27,3860,70.51502238744524,71,0,0.0455405410423869,20.248456731316587,50,200,2026-04-06T17:31:56.792513
2026-04-06_09-19-27,3861,315.75555988855075,200,0,0.11925824035672519,5.385164807134504,50,200,2026-04-06T17:32:20.365968
2026-04-06_09-19-27,3862,-28.580373991975904,29,0,0.02215790499649876,43.840620433565945,50,200,2026-04-06T17:32:26.890801
2026-04-06_09-19-27,3863,309.0439017821727,200,0,0.1,7.0,50,200,2026-04-06T17:32:49.725031
2026-04-06_09-19-27,3864,-66.12994843771209,17,0,0.01894167626912046,51.62363799656123,50,200,2026-04-06T17:32:54.064284
2026-04-06_09-19-27,3865,53.1541128452198,53,0,0.0335211148237963,28.30194339616981,50,200,2026-04-06T17:33:40.344960
2026-04-06_09-19-27,3866,322.3371953213426,200,0,0.1715728752538099,2.8284271247461903,50,200,2026-04-06T17:34:00.445463
2026-04-06_09-19-27,3867,79.24748914895254,56,0,0.0369616113003453,25.495097567963924,50,200,2026-04-06T17:34:12.935760
2026-04-06_09-19-27,3868,54.9767630208774,54,0,0.03682902540607384,25.612496949731394,50,200,2026-04-06T17:34:24.884809
2026-04-06_09-19-27,3869,79.47945094582263,63,0,0.04878533715279344,18.867962264113206,50,200,2026-04-06T17:34:39.156856
2026-04-06_09-19-27,3870,63.216501199193246,58,0,0.038201842698529415,24.596747752497688,50,200,2026-04-06T17:34:52.101709
2026-04-06_09-19-27,3871,429.97154780648873,164,1,0.3787878787878788,0.0,50,200,2026-04-06T17:35:10.849535
2026-04-06_09-19-27,3872,-30.01972159829593,23,0,0.020729411140401333,47.01063709417264,50,200,2026-04-06T17:35:16.590086
2026-04-06_09-19-27,3873,-24.407790144588063,28,0,0.022512731907685938,43.139309220245984,50,200,2026-04-06T17:35:22.821465
2026-04-06_09-19-27,3874,429.0953951715777,153,1,0.39525691699604737,0.0,50,200,2026-04-06T17:35:45.874786
2026-04-06_09-19-27,3875,-71.30096547438905,10,0,0.018458556227155577,53.075418038862395,50,200,2026-04-06T17:35:49.336712
2026-04-06_09-19-27,3876,422.0733776179038,128,1,0.43859649122807015,0.0,50,200,2026-04-06T17:36:11.336911
2026-04-06_09-19-27,3877,428.5488714709477,140,1,0.41666666666666663,0.0,50,200,2026-04-06T17:36:31.836240
2026-04-06_09-19-27,3878,413.2768708281605,174,1,0.36496350364963503,0.0,50,200,2026-04-06T17:36:51.481994
2026-04-06_09-19-27,3879,-92.5274361243228,10,0,0.01800121248814792,54.45181356024793,50,200,2026-04-06T17:36:55.689887
2026-04-06_09-19-27,3880,-41.72466343014764,27,0,0.020185678551727364,48.27007354458868,50,200,2026-04-06T17:37:02.334407
2026-04-06_09-19-27,3881,414.04010621265576,185,1,0.3508771929824561,0.0,50,200,2026-04-06T17:37:21.030698
2026-04-06_09-19-27,3882,33.34137017200021,42,0,0.030006500367808723,31.906112267087632,50,200,2026-04-06T17:37:30.728461
2026-04-06_09-19-27,3883,48.30227506417428,53,0,0.03580282409729919,26.40075756488817,50,200,2026-04-06T17:37:43.124416
2026-04-06_09-19-27,3884,76.65537299510603,88,0,0.03645129884994875,25.553864678361276,50,200,2026-04-06T17:37:58.502773
2026-04-06_09-19-27,3885,-29.066711391852365,34,0,0.027648635964776874,34.828149534535996,50,200,2026-04-06T17:38:06.693604
2026-04-06_09-19-27,3886,422.34547786874145,122,1,0.4504504504504505,0.0,50,200,2026-04-06T17:38:26.979342
2026-04-06_09-19-27,3887,428.62346380019864,138,1,0.42016806722689076,0.0,50,200,2026-04-06T17:38:46.336763
2026-04-06_09-19-27,3888,415.7982512039418,169,1,0.3717472118959108,0.0,50,200,2026-04-06T17:39:05.244372
2026-04-06_09-19-27,3889,400.43660896794455,141,1,0.41493775933609955,0.0,50,200,2026-04-06T17:39:26.292890
2026-04-06_09-19-27,3890,433.20074623547424,197,1,0.3367003367003367,0.0,50,200,2026-04-06T17:39:47.724147
2026-04-06_09-19-27,3891,428.60365776278115,192,1,0.3424657534246575,0.0,50,200,2026-04-06T17:40:10.469504
2026-04-06_09-19-27,3892,334.7680717165188,200,0,0.2,2.0,50,200,2026-04-06T17:40:35.227642
2026-04-06_09-19-27,3893,-63.84579228972828,14,0,0.020281351706830767,48.16637831516918,50,200,2026-04-06T17:40:39.717015
2026-04-06_09-19-27,3894,431.78451312255686,138,1,0.42016806722689076,0.0,50,200,2026-04-06T17:40:58.232616
2026-04-06_09-19-27,3895,434.3593510582306,159,1,0.3861003861003861,0.0,50,200,2026-04-06T17:41:20.495425
2026-04-06_09-19-27,3896,328.72772507425975,200,0,0.19098300562505258,2.23606797749979,50,200,2026-04-06T17:41:43.693843
2026-04-06_09-19-27,3897,21.639955105388978,43,0,0.026178317057878795,36.76955262170047,50,200,2026-04-06T17:42:24.648895
2026-04-06_09-19-27,3898,424.4287355728951,129,1,0.4366812227074236,0.0,50,200,2026-04-06T17:42:46.160389
2026-04-06_09-19-27,3899,390.9197828118339,125,1,0.4444444444444444,0.0,50,200,2026-04-06T17:43:06.716719
2026-04-06_09-19-27,3900,389.202370244707,164,1,0.3787878787878788,0.0,50,200,2026-04-06T17:43:26.115079
2026-04-06_09-19-27,3901,314.0846274314542,200,0,0.19098300562505258,2.23606797749979,50,200,2026-04-06T17:43:48.890635
2026-04-06_09-19-27,3902,402.33477561443306,83,1,0.5464480874316939,0.0,50,200,2026-04-06T17:44:05.282773
2026-04-06_09-19-27,3903,333.79570179322434,200,0,0.19098300562505258,2.23606797749979,50,200,2026-04-06T17:44:28.665865
2026-04-06_09-19-27,3904,100.67942711330429,90,0,0.047140442123035184,19.313207915827967,50,200,2026-04-06T17:44:44.375712
2026-04-06_09-19-27,3905,426.4653789394329,128,1,0.43859649122807015,0.0,50,200,2026-04-06T17:45:02.683625
2026-04-06_09-19-27,3906,41.29607144650228,76,0,0.03548655124409674,26.419689627245813,50,200,2026-04-06T17:45:16.233649
2026-04-06_09-19-27,3907,383.3704325395107,161,1,0.38314176245210724,0.0,50,200,2026-04-06T17:45:38.241737
2026-04-06_09-19-27,3908,404.107103579982,136,1,0.42372881355932196,0.0,50,200,2026-04-06T17:46:00.268199
2026-04-06_09-19-27,3909,386.8960549488924,104,1,0.49019607843137253,0.0,50,200,2026-04-06T17:46:18.860841
2026-04-06_09-19-27,3910,439.5607471386423,200,1,0.3333333333333333,0.0,50,200,2026-04-06T17:46:40.825665
2026-04-06_09-19-27,3911,136.97663317798225,100,0,0.0623609784850684,14.035668847618199,50,200,2026-04-06T17:46:59.573700
2026-04-06_09-19-27,3912,385.2486573529694,121,1,0.45248868778280543,0.0,50,200,2026-04-06T17:47:20.467826
2026-04-06_09-19-27,3913,-111.59839336664535,3,0,0.01617045387143193,60.81118318204309,50,200,2026-04-06T17:47:22.244426
2026-04-06_09-19-27,3914,-42.562156661265846,18,0,0.019662215179056808,49.678969393496885,50,200,2026-04-06T17:47:27.282312
2026-04-06_09-19-27,3915,102.79890599357196,59,0,0.05156102600825337,17.804493814764857,50,200,2026-04-06T17:47:40.618428
2026-04-06_09-19-27,3916,117.86983238475531,77,0,0.06384699608015189,13.892443989449804,50,200,2026-04-06T17:47:56.570242
2026-04-06_09-19-27,3917,127.45195581151039,105,0,0.06258453497640443,13.92838827718412,50,200,2026-04-06T17:48:15.322477
2026-04-06_09-19-27,3918,-122.88950856464808,7,0,0.01545365511025309,63.63961030678928,50,200,2026-04-06T17:48:16.389759
2026-04-06_09-19-27,3919,316.3388450574783,200,0,0.19098300562505258,2.23606797749979,50,200,2026-04-06T17:48:37.015168
2026-04-06_09-19-27,3920,195.99741339564162,103,0,0.17744492971855133,3.605551275463989,50,200,2026-04-06T17:48:58.103211
2026-04-06_09-19-27,3921,-76.31934929680567,22,0,0.020557679348804033,47.4236228055175,50,200,2026-04-06T17:49:03.274218
2026-04-06_09-19-27,3922,55.71134324274749,59,0,0.03168904365122277,29.966648127543394,50,200,2026-04-06T17:49:15.378997
2026-04-06_09-19-27,3923,444.0058340328103,193,1,0.3412969283276451,0.0,50,200,2026-04-06T17:49:35.525779
2026-04-06_09-19-27,3924,-82.03027520016465,16,0,0.017050551476334583,57.48912940721924,50,200,2026-04-06T17:49:39.036182
2026-04-06_09-19-27,3925,341.0030235942207,200,0,0.25,1.0,50,200,2026-04-06T17:50:01.259349
2026-04-06_09-19-27,3926,322.7691215050165,200,0,0.125,5.0,50,200,2026-04-06T17:50:25.117396
2026-04-06_09-19-27,3927,408.3748237653962,136,1,0.42372881355932196,0.0,50,200,2026-04-06T17:50:43.940929
2026-04-06_09-19-27,3928,426.7697157720549,127,1,0.44052863436123346,0.0,50,200,2026-04-06T17:51:03.391236
2026-04-06_09-19-27,3929,432.81110581819433,171,1,0.36900369003690037,0.0,50,200,2026-04-06T17:51:58.494969
2026-04-06_09-19-27,3930,106.8834214667001,79,0,0.11025224745974105,7.280109889280518,50,200,2026-04-06T17:52:15.437589
2026-04-06_09-19-27,3931,432.34726070115084,176,1,0.3623188405797102,0.0,50,200,2026-04-06T17:52:38.713538
2026-04-06_09-19-27,3932,332.6272792066781,200,0,0.2,2.0,50,200,2026-04-06T17:53:03.918510
2026-04-06_09-19-27,3933,332.98077582162944,200,0,0.1513878188659973,3.605551275463989,50,200,2026-04-06T17:53:27.504058
2026-04-06_09-19-27,3934,422.6646315143802,146,1,0.4065040650406504,0.0,50,200,2026-04-06T17:53:50.077924
2026-04-06_09-19-27,3935,365.16825409267534,86,1,0.5376344086021506,0.0,50,200,2026-04-06T17:54:07.662471
2026-04-06_09-19-27,3936,398.47112520011785,110,1,0.47619047619047616,0.0,50,200,2026-04-06T17:54:26.389486
2026-04-06_09-19-27,3937,421.7472227661753,135,1,0.425531914893617,0.0,50,200,2026-04-06T17:54:48.270675
2026-04-06_09-19-27,3938,352.6955050456901,122,1,0.4504504504504505,0.0,50,200,2026-04-06T17:55:07.978228
2026-04-06_09-19-27,3939,-77.39992123904209,13,0,0.018384550995949888,53.2634959423431,50,200,2026-04-06T17:55:11.972433
2026-04-06_09-19-27,3940,417.5005692242682,197,1,0.3367003367003367,0.0,50,200,2026-04-06T17:55:36.353191
2026-04-06_09-19-27,3941,436.1043672973544,195,1,0.3389830508474576,0.0,50,200,2026-04-06T17:55:58.934442
2026-04-06_09-19-27,3942,-79.79395304914988,14,0,0.01869682763153268,52.3450093132096,50,200,2026-04-06T17:56:02.805155
2026-04-06_09-19-27,3943,-17.21141480170104,28,0,0.021887965448752673,44.40720662234904,50,200,2026-04-06T17:56:09.378418
2026-04-06_09-19-27,3944,413.4198447365652,92,1,0.5208333333333334,0.0,50,200,2026-04-06T17:56:27.835461
2026-04-06_09-19-27,3945,114.91399129036705,81,0,0.05259102701926715,17.204650534085253,50,200,2026-04-06T17:56:42.308458
2026-04-06_09-19-27,3946,440.5687919568454,190,1,0.3448275862068965,0.0,50,200,2026-04-06T17:57:05.502796
2026-04-06_09-19-27,3947,332.4820749307806,200,0,0.2,2.0,50,200,2026-04-06T17:57:31.648205
2026-04-06_09-19-27,3948,-49.74668780873035,23,0,0.01944029038391694,50.20956084253277,50,200,2026-04-06T17:57:36.325442
2026-04-06_09-19-27,3949,324.21639590874213,200,0,0.1715728752538099,2.8284271247461903,50,200,2026-04-06T17:57:56.948619
2026-04-06_09-19-27,3950,56.611035030382794,37,0,0.03215213102869317,29.732137494637012,50,200,2026-04-06T17:58:06.985400
2026-04-06_09-19-27,3951,304.74882700597306,200,0,0.19098300562505258,2.23606797749979,50,200,2026-04-06T17:58:26.000361
2026-04-06_09-19-27,3952,4.4947949142298,31,0,0.02556752468298115,37.8021163428716,50,200,2026-04-06T17:58:33.997068
2026-04-06_09-19-27,3953,104.81754992980673,50,0,0.04526677008174037,20.591260281974,50,200,2026-04-06T17:58:45.514651
2026-04-06_09-19-27,3954,421.38339482256066,143,1,0.41152263374485604,0.0,50,200,2026-04-06T17:59:07.128286
2026-04-06_09-19-27,3955,428.01418652792773,136,1,0.42372881355932196,0.0,50,200,2026-04-06T17:59:27.263907
2026-04-06_09-19-27,3956,200.66750576508278,167,0,0.1763668430335097,3.0,50,200,2026-04-06T17:59:48.951007
2026-04-06_09-19-27,3957,398.0374648955522,152,1,0.3968253968253968,0.0,50,200,2026-04-06T18:00:10.161412
2026-04-06_09-19-27,3958,62.49201930403807,80,0,0.03394590602273506,27.65863337187866,50,200,2026-04-06T18:00:23.611131
2026-04-06_09-19-27,3959,43.49162829790565,39,0,0.03246660238401346,29.410882339705484,50,200,2026-04-06T18:00:33.545190
2026-04-06_09-19-27,3960,134.82854313536004,164,0,0.12921533512657563,5.0990195135927845,50,200,2026-04-06T18:00:56.488948
2026-04-06_09-19-27,3961,368.1804836652387,96,1,0.5102040816326531,0.0,50,200,2026-04-06T18:01:51.311659
2026-04-06_09-19-27,3962,17.205765381220232,62,0,0.03288136786441412,28.792360097775937,50,200,2026-04-06T18:02:03.818949
2026-04-06_09-19-27,3963,-102.49595330110634,1,0,0.015813927823395878,62.22539674441618,50,200,2026-04-06T18:02:05.128812
2026-04-06_09-19-27,3964,321.2541320536768,200,0,0.1513878188659973,3.605551275463989,50,200,2026-04-06T18:02:29.569627
2026-04-06_09-19-27,3965,45.67433867200961,53,0,0.02990778329765138,31.906112267087632,50,200,2026-04-06T18:02:40.581408
2026-04-06_09-19-27,3966,-28.1572688477481,44,0,0.025525881317223185,37.73592452822641,50,200,2026-04-06T18:02:50.154064
2026-04-06_09-19-27,3967,-25.058778839287825,32,0,0.02179915449202914,44.553338819890925,50,200,2026-04-06T18:02:57.291756
2026-04-06_09-19-27,3968,432.1415922497419,144,1,0.4098360655737705,0.0,50,200,2026-04-06T18:03:18.108228
2026-04-06_09-19-27,3969,426.6815082946242,152,1,0.3968253968253968,0.0,50,200,2026-04-06T18:03:40.264714
2026-04-06_09-19-27,3970,301.6879987216551,200,0,0.08891883476670036,8.246211251235321,50,200,2026-04-06T18:04:03.661775
2026-04-06_09-19-27,3971,429.3559257953258,150,1,0.4,0.0,50,200,2026-04-06T18:04:24.430436
2026-04-06_09-19-27,3972,410.17674539690177,144,1,0.4098360655737705,0.0,50,200,2026-04-06T18:04:45.860566
2026-04-06_09-19-27,3973,424.121396960156,163,1,0.3802281368821293,0.0,50,200,2026-04-06T18:05:08.427796
2026-04-06_09-19-27,3974,307.90053930807517,200,0,0.11925824035672519,5.385164807134504,50,200,2026-04-06T18:05:35.964200
2026-04-06_09-19-27,3975,317.5827643178635,200,0,0.12347173609369323,5.0990195135927845,50,200,2026-04-06T18:06:01.953461
2026-04-06_09-19-27,3976,405.950777013588,176,1,0.3623188405797102,0.0,50,200,2026-04-06T18:06:24.739425
2026-04-06_09-19-27,3977,13.983403384552432,40,0,0.025204586626482717,38.27531841800928,50,200,2026-04-06T18:06:33.256688
2026-04-06_09-19-27,3978,433.0890422102585,172,1,0.36764705882352944,0.0,50,200,2026-04-06T18:06:55.333232
2026-04-06_09-19-27,3979,146.58255401680466,114,0,0.09628150013615999,8.246211251235321,50,200,2026-04-06T18:07:14.326423
2026-04-06_09-19-27,3980,162.9699060768708,92,0,0.08389261744966443,10.0,50,200,2026-04-06T18:07:31.227849
2026-04-06_09-19-27,3981,415.72452531223837,84,1,0.5434782608695653,0.0,50,200,2026-04-06T18:07:49.859551
2026-04-06_09-19-27,3982,74.23388263754147,40,0,0.036268014547617716,26.1725046566048,50,200,2026-04-06T18:07:59.977865
2026-04-06_09-19-27,3983,314.7482835669211,200,0,0.11925824035672519,5.385164807134504,50,200,2026-04-06T18:08:21.614400
2026-04-06_09-19-27,3984,85.22586988987076,48,0,0.03947308034965026,23.853720883753127,50,200,2026-04-06T18:08:32.836322
2026-04-06_09-19-27,3985,436.5292112004556,184,1,0.35211267605633806,0.0,50,200,2026-04-06T18:08:56.523916
2026-04-06_09-19-27,3986,380.32229120822944,110,1,0.47619047619047616,0.0,50,200,2026-04-06T18:09:15.155762
2026-04-06_09-19-27,3987,48.239981362649615,69,0,0.035890527873378035,26.1725046566048,50,200,2026-04-06T18:09:27.652730
2026-04-06_09-19-27,3988,-128.1246867852775,14,0,0.01732315133374571,56.586217403180434,50,200,2026-04-06T18:09:30.913509
2026-04-06_09-19-27,3989,423.491289872392,164,1,0.3787878787878788,0.0,50,200,2026-04-06T18:09:53.191928
2026-04-06_09-19-27,3990,427.6425534104094,129,1,0.4366812227074236,0.0,50,200,2026-04-06T18:10:13.283985
2026-04-06_09-19-27,3991,433.37279462086053,165,1,0.3773584905660377,0.0,50,200,2026-04-06T18:10:34.608970
2026-04-06_09-19-27,3992,-51.73248645268056,15,0,0.018948854730559996,51.62363799656123,50,200,2026-04-06T18:10:38.441529
2026-04-06_09-19-27,3993,338.19885975865117,200,0,0.2,2.0,50,200,2026-04-06T18:11:35.448455
2026-04-06_09-19-27,3994,112.08476450856116,92,0,0.06158461754832437,14.317821063276353,50,200,2026-04-06T18:11:53.298215
2026-04-06_09-19-27,3995,72.69857687338312,62,0,0.03687982303930504,25.495097567963924,50,200,2026-04-06T18:12:06.614908
2026-04-06_09-19-27,3996,178.5741223403479,188,0,0.20491803278688525,2.0,50,200,2026-04-06T18:12:30.324307
2026-04-06_09-19-27,3997,69.04932713979684,94,0,0.03711952487008166,25.0,50,200,2026-04-06T18:12:44.200201
2026-04-06_09-19-27,3998,427.94918716395216,171,1,0.36900369003690037,0.0,50,200,2026-04-06T18:13:06.994499
2026-04-06_09-19-27,3999,329.38458110159286,200,0,0.1715728752538099,2.8284271247461903,50,200,2026-04-06T18:13:30.926741
2026-04-06_09-19-27,4000,431.6644545566169,193,1,0.3412969283276451,0.0,50,200,2026-04-06T18:13:52.389678
2026-04-06_09-19-27,4001,435.77817101257347,162,1,0.38167938931297707,0.0,50,200,2026-04-06T18:14:33.364373
2026-04-06_09-19-27,4002,320.8377427767163,200,0,0.11925824035672519,5.385164807134504,50,200,2026-04-06T18:14:53.240183
2026-04-06_09-19-27,4003,77.21664816732194,44,0,0.06417605546168147,14.142135623730951,50,200,2026-04-06T18:15:04.619200
2026-04-06_09-19-27,4004,-19.161838136520004,25,0,0.024032180738873924,40.36087214122113,50,200,2026-04-06T18:15:11.326561
2026-04-06_09-19-27,4005,383.074716318421,72,1,0.5813953488372093,0.0,50,200,2026-04-06T18:15:27.422407
2026-04-06_09-19-27,4006,332.8380748242942,200,0,0.19098300562505258,2.23606797749979,50,200,2026-04-06T18:15:48.771365
2026-04-06_09-19-27,4007,149.71660189325155,112,0,0.0708215297450425,12.0,50,200,2026-04-06T18:16:07.444770
2026-04-06_09-19-27,4008,7.390226776222221,34,0,0.024367144751061814,39.698866482558415,50,200,2026-04-06T18:16:15.418391
2026-04-06_09-19-27,4009,-23.222148009846478,21,0,0.02329086286178407,41.72529209005013,50,200,2026-04-06T18:16:21.727951
2026-04-06_09-19-27,4010,429.80637182302024,135,1,0.425531914893617,0.0,50,200,2026-04-06T18:16:40.723598
2026-04-06_09-19-27,4011,336.2932197313383,200,0,0.2,2.0,50,200,2026-04-06T18:17:01.924235
2026-04-06_09-19-27,4012,437.5029473680318,187,1,0.3484320557491289,0.0,50,200,2026-04-06T18:17:21.739610
2026-04-06_09-19-27,4013,314.63062770313746,200,0,0.10724372001086317,6.324555320336759,50,200,2026-04-06T18:17:43.304825
2026-04-06_09-19-27,4014,335.3199753988574,200,0,0.2,2.0,50,200,2026-04-06T18:18:05.834202
2026-04-06_09-19-27,4015,70.69881748000384,54,0,0.040713746391291064,23.021728866442675,50,200,2026-04-06T18:18:18.044098
2026-04-06_09-19-27,4016,426.35033878879216,104,1,0.49019607843137253,0.0,50,200,2026-04-06T18:18:36.451647
2026-04-06_09-19-27,4017,446.0478097060212,196,1,0.33783783783783783,0.0,50,200,2026-04-06T18:18:58.397004
2026-04-06_09-19-27,4018,-105.90183924564991,1,0,0.0156380783423265,62.93647591023825,50,200,2026-04-06T18:18:59.707853
2026-04-06_09-19-27,4019,419.81458918424045,95,1,0.5128205128205128,0.0,50,200,2026-04-06T18:19:18.679069
2026-04-06_09-19-27,4020,-107.47677688951474,12,0,0.017982852338590313,54.48853090330111,50,200,2026-04-06T18:19:22.210641
2026-04-06_09-19-27,4021,127.95546211041975,79,0,0.05743660648629528,15.620499351813308,50,200,2026-04-06T18:19:37.894432
2026-04-06_09-19-27,4022,329.78830151215004,200,0,0.1513878188659973,3.605551275463989,50,200,2026-04-06T18:19:59.654682
2026-04-06_09-19-27,4023,429.92399329832523,152,1,0.3968253968253968,0.0,50,200,2026-04-06T18:20:19.420011
2026-04-06_09-19-27,4024,335.69783229541383,200,0,0.2,2.0,50,200,2026-04-06T18:20:42.478603
2026-04-06_09-19-27,4025,380.16731991675226,132,1,0.43103448275862066,0.0,50,200,2026-04-06T18:21:43.783829
2026-04-06_09-19-27,4026,307.1531527626491,200,0,0.08891883476670036,8.246211251235321,50,200,2026-04-06T18:22:03.219075
2026-04-06_09-19-27,4027,420.22893653362195,160,1,0.3846153846153846,0.0,50,200,2026-04-06T18:22:25.180657
2026-04-06_09-19-27,4028,-120.32242397558078,8,0,0.015973840303412947,61.5223536610881,50,200,2026-04-06T18:22:27.098161
2026-04-06_09-19-27,4029,341.5162406609416,200,0,0.19098300562505258,2.23606797749979,50,200,2026-04-06T18:22:47.445396
2026-04-06_09-19-27,4030,181.37738749207062,99,0,0.11914514449101776,6.4031242374328485,50,200,2026-04-06T18:23:06.136685
2026-04-06_09-19-27,4031,328.81983768520195,200,0,0.25,1.0,50,200,2026-04-06T18:23:32.587530
2026-04-06_09-19-27,4032,-15.003161588583154,31,0,0.0227541582076765,42.638011210655684,50,200,2026-04-06T18:23:40.157287
2026-04-06_09-19-27,4033,422.78214125714055,148,1,0.40322580645161293,0.0,50,200,2026-04-06T18:23:59.078983
2026-04-06_09-19-27,4034,420.86237659564785,130,1,0.4347826086956522,0.0,50,200,2026-04-06T18:24:21.952387
2026-04-06_09-19-27,4035,-16.35111525879377,40,0,0.022070671844925494,43.9089968002003,50,200,2026-04-06T18:24:30.484197
2026-04-06_09-19-27,4036,29.644996149774997,49,0,0.032028556666620564,29.732137494637012,50,200,2026-04-06T18:24:41.350095
2026-04-06_09-19-27,4037,423.78432768184183,150,1,0.4,0.0,50,200,2026-04-06T18:25:00.069006
2026-04-06_09-19-27,4038,-40.84225699882247,22,0,0.020206072215654274,48.27007354458868,50,200,2026-04-06T18:25:05.680210
2026-04-06_09-19-27,4039,422.9222749057421,135,1,0.425531914893617,0.0,50,200,2026-04-06T18:25:28.192379
2026-04-06_09-19-27,4040,72.57019840968344,98,0,0.045290365322905195,20.09975124224178,50,200,2026-04-06T18:25:44.914261
2026-04-06_09-19-27,4041,338.39743313215354,200,0,0.2,2.0,50,200,2026-04-06T18:26:08.851639
2026-04-06_09-19-27,4042,116.31053597115609,65,0,0.04998110776431504,18.35755975068582,50,200,2026-04-06T18:26:22.755433
2026-04-06_09-19-27,4043,-43.72736692271593,12,0,0.019481951210682847,50.20956084253277,50,200,2026-04-06T18:26:26.489620
2026-04-06_09-19-27,4044,415.5413286164136,117,1,0.4608294930875576,0.0,50,200,2026-04-06T18:26:48.799895
2026-04-06_09-19-27,4045,-110.45770989179319,2,0,0.01581142741567651,62.22539674441618,50,200,2026-04-06T18:26:50.316167
2026-04-06_09-19-27,4046,420.0554220403153,121,1,0.45248868778280543,0.0,50,200,2026-04-06T18:27:10.482315
2026-04-06_09-19-27,4047,427.7881562129643,170,1,0.37037037037037035,0.0,50,200,2026-04-06T18:27:32.258733
2026-04-06_09-19-27,4048,82.2665882800614,68,0,0.04485204361408161,20.615528128088304,50,200,2026-04-06T18:27:45.861089
2026-04-06_09-19-27,4049,390.2809888351889,96,1,0.5102040816326531,0.0,50,200,2026-04-06T18:28:05.677909
2026-04-06_09-19-27,4050,445.173075436902,199,1,0.33444816053511706,0.0,50,200,2026-04-06T18:28:25.609704
2026-04-06_09-19-27,4051,418.9423992551543,141,1,0.41493775933609955,0.0,50,200,2026-04-06T18:28:47.021066
2026-04-06_09-19-27,4052,-79.18770298611913,7,0,0.01712771051427586,57.3149195236284,50,200,2026-04-06T18:28:49.607022
2026-04-06_09-19-27,4053,-51.59456053040647,19,0,0.019455419143824808,50.20956084253277,50,200,2026-04-06T18:28:53.961060
2026-04-06_09-19-27,4054,334.50214941763784,200,0,0.19098300562505258,2.23606797749979,50,200,2026-04-06T18:29:13.664486
2026-04-06_09-19-27,4055,172.35343635315792,118,0,0.27822498097184456,1.4142135623730951,50,200,2026-04-06T18:29:33.705789
2026-04-06_09-19-27,4056,-83.22767484661006,6,0,0.017347191976291376,56.586217403180434,50,200,2026-04-06T18:29:36.251293
2026-04-06_09-19-27,4057,164.99261522452554,80,0,0.09074785295123394,9.219544457292887,50,200,2026-04-06T18:30:23.903422
2026-04-06_09-19-27,4058,-0.4573638627167753,28,0,0.023523292245995555,41.23105625617661,50,200,2026-04-06T18:30:31.544141
2026-04-06_09-19-27,4059,413.28437547207824,155,1,0.3921568627450981,0.0,50,200,2026-04-06T18:30:50.743793
2026-04-06_09-19-27,4060,420.65032245161916,115,1,0.4651162790697674,0.0,50,200,2026-04-06T18:31:13.414235
2026-04-06_09-19-27,4061,67.79530766206797,63,0,0.04996308649514553,18.384776310850235,50,200,2026-04-06T18:31:26.848505
2026-04-06_09-19-27,4062,-33.41936151118793,36,0,0.022123590127922244,43.840620433565945,50,200,2026-04-06T18:31:33.248071
2026-04-06_09-19-27,4063,428.9844901606508,170,1,0.37037037037037035,0.0,50,200,2026-04-06T18:31:54.732968
2026-04-06_09-19-27,4064,79.68722320658543,76,0,0.03770904460497269,24.758836806279895,50,200,2026-04-06T18:32:08.334393
2026-04-06_09-19-27,4065,422.81388313410844,127,1,0.44052863436123346,0.0,50,200,2026-04-06T18:32:29.436079
2026-04-06_09-19-27,4066,338.8975626292534,200,0,0.19098300562505258,2.23606797749979,50,200,2026-04-06T18:32:51.293986
2026-04-06_09-19-27,4067,341.6504041534502,200,0,0.2,2.0,50,200,2026-04-06T18:33:11.314958
2026-04-06_09-19-27,4068,429.8431462258795,159,1,0.3861003861003861,0.0,50,200,2026-04-06T18:33:34.055178
2026-04-06_09-19-27,4069,-6.208162281626329,27,0,0.023596253242037284,41.10960958218893,50,200,2026-04-06T18:33:41.094205
2026-04-06_09-19-27,4070,399.7638990550902,91,1,0.5235602094240838,0.0,50,200,2026-04-06T18:33:59.567137
2026-04-06_09-19-27,4071,419.82231156172696,110,1,0.47619047619047616,0.0,50,200,2026-04-06T18:34:19.231298
2026-04-06_09-19-27,4072,-6.914121916256718,26,0,0.026220445152864882,36.87817782917155,50,200,2026-04-06T18:34:26.644846
2026-04-06_09-19-27,4073,-110.62029798184385,5,0,0.016165225890640216,60.81118318204309,50,200,2026-04-06T18:34:28.544249
2026-04-06_09-19-27,4074,97.09624046323526,76,0,0.04638436243443941,19.79898987322333,50,200,2026-04-06T18:34:41.933348
2026-04-06_09-19-27,4075,413.51442924661916,92,1,0.5208333333333334,0.0,50,200,2026-04-06T18:35:00.340062
2026-04-06_09-19-27,4076,77.49636217699681,66,0,0.03620366884475213,25.96150997149434,50,200,2026-04-06T18:35:14.516681
2026-04-06_09-19-27,4077,69.53548694757471,39,0,0.03719532716859441,25.495097567963924,50,200,2026-04-06T18:35:24.833783
2026-04-06_09-19-27,4078,419.2684560371269,104,1,0.49019607843137253,0.0,50,200,2026-04-06T18:35:44.148422
2026-04-06_09-19-27,4079,339.5077437305643,200,0,0.19098300562505258,2.23606797749979,50,200,2026-04-06T18:36:04.727476
2026-04-06_09-19-27,4080,417.6700162636435,142,1,0.4132231404958678,0.0,50,200,2026-04-06T18:36:24.433801
2026-04-06_09-19-27,4081,384.00201208014334,110,1,0.47619047619047616,0.0,50,200,2026-04-06T18:36:41.046196
2026-04-06_09-19-27,4082,421.40299817785177,116,1,0.4629629629629629,0.0,50,200,2026-04-06T18:37:01.502754
2026-04-06_09-19-27,4083,416.55070797296906,93,1,0.5181347150259067,0.0,50,200,2026-04-06T18:37:21.664981
2026-04-06_09-19-27,4084,424.7306258577631,157,1,0.3891050583657587,0.0,50,200,2026-04-06T18:37:43.785073
2026-04-06_09-19-27,4085,443.8701425266303,184,1,0.35211267605633806,0.0,50,200,2026-04-06T18:38:05.978004
2026-04-06_09-19-27,4086,-109.77839080661097,4,0,0.016167839458410303,60.81118318204309,50,200,2026-04-06T18:38:07.559144
2026-04-06_09-19-27,4087,334.3882296458499,200,0,0.19098300562505258,2.23606797749979,50,200,2026-04-06T18:38:30.996315
2026-04-06_09-19-27,4088,428.68207622451297,163,1,0.3802281368821293,0.0,50,200,2026-04-06T18:38:50.646255
2026-04-06_09-19-27,4089,419.37683097276454,178,1,0.3597122302158273,0.0,50,200,2026-04-06T18:39:42.796211
2026-04-06_09-19-27,4090,129.21386948679097,73,0,0.08636430441739086,9.848857801796104,50,200,2026-04-06T18:39:59.305706
2026-04-06_09-19-27,4091,-79.23260564698495,9,0,0.017121845354061967,57.3149195236284,50,200,2026-04-06T18:40:02.086767
2026-04-06_09-19-27,4092,324.3918096135935,200,0,0.11925824035672519,5.385164807134504,50,200,2026-04-06T18:40:23.554616
2026-04-06_09-19-27,4093,98.1610385225402,51,0,0.04391687275895351,21.2602916254693,50,200,2026-04-06T18:40:35.406696
2026-04-06_09-19-27,4094,428.12462886415943,163,1,0.3802281368821293,0.0,50,200,2026-04-06T18:40:58.953079
2026-04-06_09-19-27,4095,423.18104434420053,141,1,0.41493775933609955,0.0,50,200,2026-04-06T18:41:19.645256
2026-04-06_09-19-27,4096,424.97152441377943,145,1,0.4081632653061224,0.0,50,200,2026-04-06T18:41:40.542404
2026-04-06_09-19-27,4097,-102.30013177743996,1,0,0.015813927823395878,62.22539674441618,50,200,2026-04-06T18:41:41.851308
2026-04-06_09-19-27,4098,431.57351984017646,166,1,0.37593984962406013,0.0,50,200,2026-04-06T18:42:07.249623
2026-04-06_09-19-27,4099,440.76997309081366,180,1,0.35714285714285715,0.0,50,200,2026-04-06T18:42:28.790662
2026-04-06_09-19-27,4100,326.59329364879346,200,0,0.19098300562505258,2.23606797749979,50,200,2026-04-06T18:42:53.773393
2026-04-06_09-19-27,4101,-50.84924339848475,18,0,0.02088970502063566,46.69047011971501,50,200,2026-04-06T18:42:59.139075
2026-04-06_09-19-27,4102,104.00898049593854,56,0,0.04456206250719867,20.8806130178211,50,200,2026-04-06T18:43:12.038117
2026-04-06_09-19-27,4103,156.8179972002937,88,0,0.09009378752863646,9.219544457292887,50,200,2026-04-06T18:43:29.132949
2026-04-06_09-19-27,4104,431.91692926061376,174,1,0.36496350364963503,0.0,50,200,2026-04-06T18:43:50.752395
2026-04-06_09-19-27,4105,129.21411690776134,102,0,0.07450590893706285,11.40175425099138,50,200,2026-04-06T18:44:08.813324
2026-04-06_09-19-27,4106,-73.5143739007639,8,0,0.018007695695280573,54.45181356024793,50,200,2026-04-06T18:44:11.825177
2026-04-06_09-19-27,4107,434.1358631741334,174,1,0.36496350364963503,0.0,50,200,2026-04-06T18:44:31.997082
2026-04-06_09-19-27,4108,344.53518618714736,200,0,0.25,1.0,50,200,2026-04-06T18:44:53.347009
2026-04-06_09-19-27,4109,-99.84124701059089,2,0,0.016173069130115212,60.81118318204309,50,200,2026-04-06T18:44:54.902477
2026-04-06_09-19-27,4110,440.96701076087516,199,1,0.33444816053511706,0.0,50,200,2026-04-06T18:45:15.948207
2026-04-06_09-19-27,4111,12.788980717308277,39,0,0.02561930805542082,37.64306044943742,50,200,2026-04-06T18:45:24.888670
2026-04-06_09-19-27,4112,426.96286824480256,186,1,0.34965034965034963,0.0,50,200,2026-04-06T18:45:48.481859
2026-04-06_09-19-27,4113,-16.748317093892084,20,0,0.024061092765379544,40.36087214122113,50,200,2026-04-06T18:45:54.627217
2026-04-06_09-19-27,4114,417.50593478080253,83,1,0.5464480874316939,0.0,50,200,2026-04-06T18:46:12.303639
2026-04-06_09-19-27,4115,415.00600281982815,112,1,0.4716981132075471,0.0,50,200,2026-04-06T18:46:33.285490
2026-04-06_09-19-27,4116,-6.224886813372876,26,0,0.02310968385795632,42.01190307520001,50,200,2026-04-06T18:46:39.671132
2026-04-06_09-19-27,4117,418.27978115608573,79,1,0.5586592178770949,0.0,50,200,2026-04-06T18:46:57.298349
2026-04-06_09-19-27,4118,28.79738646205155,45,0,0.027264426562824667,35.22782990761707,50,200,2026-04-06T18:47:07.573800
2026-04-06_09-19-27,4119,424.58035295206236,181,1,0.35587188612099646,0.0,50,200,2026-04-06T18:47:27.773805
2026-04-06_09-19-27,4120,317.02615970675697,200,0,0.19098300562505258,2.23606797749979,50,200,2026-04-06T18:47:49.581368
2026-04-06_09-19-27,4121,333.8013953086599,200,0,0.19098300562505258,2.23606797749979,50,200,2026-04-06T18:48:46.646332
2026-04-06_09-19-27,4122,419.52929644985755,91,1,0.5235602094240838,0.0,50,200,2026-04-06T18:49:06.105324
2026-04-06_09-19-27,4123,420.8632706044456,128,1,0.43859649122807015,0.0,50,200,2026-04-06T18:49:28.029656
2026-04-06_09-19-27,4124,420.7158398369399,127,1,0.44052863436123346,0.0,50,200,2026-04-06T18:49:49.326006
2026-04-06_09-19-27,4125,-88.99103787100051,3,0,0.016548902026595806,59.39696961966999,50,200,2026-04-06T18:49:51.272541
2026-04-06_09-19-27,4126,-82.3291931746805,7,0,0.016934010650235084,57.982756057296896,50,200,2026-04-06T18:49:53.520966
2026-04-06_09-19-27,4127,318.27580070542956,200,0,0.12347173609369323,5.0990195135927845,50,200,2026-04-06T18:50:14.046788
2026-04-06_09-19-27,4128,329.37768045238073,200,0,0.1513878188659973,3.605551275463989,50,200,2026-04-06T18:50:36.041390
2026-04-06_09-19-27,4129,-12.96246108943403,19,0,0.02255843859491684,43.139309220245984,50,200,2026-04-06T18:50:41.542092
2026-04-06_09-19-27,4130,-48.72461195305793,20,0,0.02008015535334474,48.60041152089147,50,200,2026-04-06T18:50:46.924799
2026-04-06_09-19-27,4131,-78.47624065660908,9,0,0.017557440207806658,55.86591089385369,50,200,2026-04-06T18:50:49.861690
2026-04-06_09-19-27,4132,301.8611791671539,200,0,0.1111111111111111,6.0,50,200,2026-04-06T18:51:08.757719
2026-04-06_09-19-27,4133,414.90231565711827,115,1,0.4651162790697674,0.0,50,200,2026-04-06T18:51:29.956082
2026-04-06_09-19-27,4134,42.25751907913913,49,0,0.029291449701793586,32.64965543462902,50,200,2026-04-06T18:51:40.375768
2026-04-06_09-19-27,4135,320.558691038776,200,0,0.16227766016837933,3.1622776601683795,50,200,2026-04-06T18:52:05.078253
2026-04-06_09-19-27,4136,281.0750452844782,200,0,0.19098300562505258,2.23606797749979,50,200,2026-04-06T18:52:23.780626
2026-04-06_09-19-27,4137,394.49156345193234,99,1,0.5025125628140703,0.0,50,200,2026-04-06T18:52:42.654214
2026-04-06_09-19-27,4138,427.160493089747,163,1,0.3802281368821293,0.0,50,200,2026-04-06T18:53:06.020467
2026-04-06_09-19-27,4139,-4.899946793694539,28,0,0.023099007642675223,42.01190307520001,50,200,2026-04-06T18:53:12.790887
2026-04-06_09-19-27,4140,20.23521572659223,37,0,0.026145036358759786,36.87817782917155,50,200,2026-04-06T18:53:20.959937
2026-04-06_09-19-27,4141,423.32089562089305,108,1,0.4807692307692307,0.0,50,200,2026-04-06T18:53:40.492347
2026-04-06_09-19-27,4142,-87.95816793295396,8,0,0.01775984267751979,55.226805085936306,50,200,2026-04-06T18:53:43.545166
2026-04-06_09-19-27,4143,318.90090365769987,200,0,0.25,1.0,50,200,2026-04-06T18:54:07.418096
2026-04-06_09-19-27,4144,427.10364908131794,147,1,0.40485829959514175,0.0,50,200,2026-04-06T18:54:27.390694
2026-04-06_09-19-27,4145,45.31483808518337,73,0,0.029633474353714613,32.01562118716424,50,200,2026-04-06T18:54:42.391141
2026-04-06_09-19-27,4146,438.23974578108573,176,1,0.3623188405797102,0.0,50,200,2026-04-06T18:55:04.585588
2026-04-06_09-19-27,4147,187.70319720085064,93,0,0.14430014430014432,5.0,50,200,2026-04-06T18:55:23.105349
2026-04-06_09-19-27,4148,432.0281051810034,172,1,0.36764705882352944,0.0,50,200,2026-04-06T18:55:44.995474
2026-04-06_09-19-27,4149,23.434857027427498,38,0,0.026663265332472066,36.124783736376884,50,200,2026-04-06T18:55:53.949327
2026-04-06_09-19-27,4150,-102.34583345882739,4,0,0.016167839458410303,60.81118318204309,50,200,2026-04-06T18:55:55.530123
2026-04-06_09-19-27,4151,-69.20467030456493,7,0,0.018244807427354983,53.74011537017761,50,200,2026-04-06T18:55:58.428798
2026-04-06_09-19-27,4152,17.757859174157375,40,0,0.031050265671459205,30.805843601498726,50,200,2026-04-06T18:56:07.966674
2026-04-06_09-19-27,4153,436.66434459673707,175,1,0.36363636363636365,0.0,50,200,2026-04-06T18:56:59.628170
2026-04-06_09-19-27,4154,282.63775517286797,200,0,0.06648231307935511,12.041594578792296,50,200,2026-04-06T18:57:21.995390
2026-04-06_09-19-27,4155,152.65377353814836,123,0,0.08904719501335707,9.0,50,200,2026-04-06T18:57:43.939261
2026-04-06_09-19-27,4156,432.94590859782915,167,1,0.37453183520599254,0.0,50,200,2026-04-06T18:58:06.554593
2026-04-06_09-19-27,4157,426.9174425580044,129,1,0.4366812227074236,0.0,50,200,2026-04-06T18:58:26.282809
2026-04-06_09-19-27,4158,423.9245053361862,122,1,0.4504504504504505,0.0,50,200,2026-04-06T18:58:44.228995
2026-04-06_09-19-27,4159,433.2754209944128,164,1,0.3787878787878788,0.0,50,200,2026-04-06T18:59:07.221384
2026-04-06_09-19-27,4160,437.09719666653626,189,1,0.3460207612456747,0.0,50,200,2026-04-06T18:59:28.590390
2026-04-06_09-19-27,4161,298.09740477910555,200,0,0.08042476415070755,9.433981132056603,50,200,2026-04-06T18:59:49.112797
2026-04-06_09-19-27,4162,328.7676242632031,200,0,0.1715728752538099,2.8284271247461903,50,200,2026-04-06T19:00:11.315360
2026-04-06_09-19-27,4163,1.5517977580093572,34,0,0.02482086521679906,38.948684188300895,50,200,2026-04-06T19:00:19.058113
2026-04-06_09-19-27,4164,417.1191822588435,157,1,0.3891050583657587,0.0,50,200,2026-04-06T19:00:38.870627
2026-04-06_09-19-27,4165,1.4305064324727539,41,0,0.026840668163615508,35.84689665786984,50,200,2026-04-06T19:00:47.960548
2026-04-06_09-19-27,4166,321.05658911157207,200,0,0.1513878188659973,3.605551275463989,50,200,2026-04-06T19:01:09.381946
2026-04-06_09-19-27,4167,-43.03218066901704,28,0,0.020249451419372632,48.104053883222775,50,200,2026-04-06T19:01:15.355241
2026-04-06_09-19-27,4168,185.65473272764933,104,0,0.1400752579672863,5.0990195135927845,50,200,2026-04-06T19:01:35.221124
2026-04-06_09-19-27,4169,-121.47904165887641,3,0,0.01562542824276101,62.96824596572466,50,200,2026-04-06T19:01:36.656846
2026-04-06_09-19-27,4170,418.07891004430434,123,1,0.4484304932735426,0.0,50,200,2026-04-06T19:01:59.270361
2026-04-06_09-19-27,4171,-60.00970292824174,22,0,0.021506798248390236,45.27692569068709,50,200,2026-04-06T19:02:05.007245
2026-04-06_09-19-27,4172,116.41148392467493,86,0,0.06141674261835783,14.422205101855956,50,200,2026-04-06T19:02:20.781402
2026-04-06_09-19-27,4173,66.61353901029337,69,0,0.03789575761274541,24.698178070456937,50,200,2026-04-06T19:02:33.718116
2026-04-06_09-19-27,4174,27.325346650410452,47,0,0.0312993930750832,30.479501308256342,50,200,2026-04-06T19:02:43.940195
2026-04-06_09-19-27,4175,433.14077957256455,155,1,0.3921568627450981,0.0,50,200,2026-04-06T19:03:04.200210
2026-04-06_09-19-27,4176,410.70349369501974,191,1,0.3436426116838488,0.0,50,200,2026-04-06T19:03:29.813776
2026-04-06_09-19-27,4177,174.7712144521185,103,0,0.10162343771098092,7.810249675906654,50,200,2026-04-06T19:03:48.237016
2026-04-06_09-19-27,4178,425.5576523905632,126,1,0.4424778761061947,0.0,50,200,2026-04-06T19:04:08.210475
2026-04-06_09-19-27,4179,-19.63373059122101,29,0,0.02168639023594902,44.82186966202994,50,200,2026-04-06T19:04:14.857726
2026-04-06_09-19-27,4180,-85.39793719856446,14,0,0.018419351098180686,53.150729063673246,50,200,2026-04-06T19:04:18.564965
2026-04-06_09-19-27,4181,311.3882637215325,200,0,0.1513878188659973,3.605551275463989,50,200,2026-04-06T19:04:40.152051
2026-04-06_09-19-27,4182,-83.0069254558135,10,0,0.017335163320049248,56.586217403180434,50,200,2026-04-06T19:04:42.944589
2026-04-06_09-19-27,4183,331.8261661455662,200,0,0.16227766016837933,3.1622776601683795,50,200,2026-04-06T19:05:04.552944
2026-04-06_09-19-27,4184,381.597673894339,109,1,0.47846889952153115,0.0,50,200,2026-04-06T19:05:24.453924
2026-04-06_09-19-27,4185,-53.336789003492534,16,0,0.02119952497029258,46.010868281309364,50,200,2026-04-06T19:06:04.492473
2026-04-06_09-19-27,4186,157.64549341204173,62,0,0.17793594306049823,4.0,50,200,2026-04-06T19:06:19.779822
2026-04-06_09-19-27,4187,102.99032033515996,63,0,0.04515022365298529,20.518284528683193,50,200,2026-04-06T19:06:32.940878
2026-04-06_09-19-27,4188,397.2349144644727,76,1,0.5681818181818182,0.0,50,200,2026-04-06T19:06:50.086498
2026-04-06_09-19-27,4189,390.00925291707307,161,1,0.38314176245210724,0.0,50,200,2026-04-06T19:07:09.275879
2026-04-06_09-19-27,4190,63.3223813016717,54,0,0.03902714817620566,24.08318915758459,50,200,2026-04-06T19:07:21.340082
2026-04-06_09-19-27,4191,2.1412404161494294,39,0,0.024541480893184357,39.35733730830886,50,200,2026-04-06T19:07:30.277434
2026-04-06_09-19-27,4192,11.082870190287977,35,0,0.024846386792784732,38.897300677553446,50,200,2026-04-06T19:07:38.019340
2026-04-06_09-19-27,4193,28.335069057349017,32,0,0.027182558499097953,35.4682957019364,50,200,2026-04-06T19:07:45.976915
2026-04-06_09-19-27,4194,421.9912368162712,156,1,0.390625,0.0,50,200,2026-04-06T19:08:09.802266
2026-04-06_09-19-27,4195,428.63710117393185,146,1,0.4065040650406504,0.0,50,200,2026-04-06T19:08:30.337119
2026-04-06_09-19-27,4196,429.1905920217234,123,1,0.4484304932735426,0.0,50,200,2026-04-06T19:08:50.839772
2026-04-06_09-19-27,4197,174.57051320663965,65,0,0.12417540950774864,6.4031242374328485,50,200,2026-04-06T19:09:05.942393
2026-04-06_09-19-27,4198,412.5880766125289,114,1,0.4672897196261682,0.0,50,200,2026-04-06T19:09:25.737221
2026-04-06_09-19-27,4199,-10.768296175778715,34,0,0.023557342690369087,41.10960958218893,50,200,2026-04-06T19:09:32.807626
2026-04-06_09-19-27,4200,329.65805589424195,200,0,0.1715728752538099,2.8284271247461903,50,200,2026-04-06T19:09:52.632047
2026-04-06_09-19-27,4201,435.4776601022319,173,1,0.3663003663003663,0.0,50,200,2026-04-06T19:10:16.356696
2026-04-06_09-19-27,4202,433.7930715491252,153,1,0.39525691699604737,0.0,50,200,2026-04-06T19:10:36.887929
2026-04-06_09-19-27,4203,-116.98152191043484,12,0,0.016718459796599597,58.69412236331676,50,200,2026-04-06T19:10:39.693008
2026-04-06_09-19-27,4204,326.65044881082673,200,0,0.12347173609369323,5.0990195135927845,50,200,2026-04-06T19:10:59.928537
2026-04-06_09-19-27,4205,-38.740499186466465,32,0,0.021069892043275487,46.14108798023731,50,200,2026-04-06T19:11:07.169078
2026-04-06_09-19-27,4206,434.94467371990953,148,1,0.40322580645161293,0.0,50,200,2026-04-06T19:11:27.016093
2026-04-06_09-19-27,4207,68.3742323911082,48,0,0.03606357496577417,26.248809496813376,50,200,2026-04-06T19:11:38.471492
2026-04-06_09-19-27,4208,436.9602774200198,166,1,0.37593984962406013,0.0,50,200,2026-04-06T19:12:01.379411
2026-04-06_09-19-27,4209,427.8417630874659,142,1,0.4132231404958678,0.0,50,200,2026-04-06T19:12:22.419100
2026-04-06_09-19-27,4210,428.89158432143347,149,1,0.4016064257028112,0.0,50,200,2026-04-06T19:12:43.177771
2026-04-06_09-19-27,4211,412.5613124783361,110,1,0.47619047619047616,0.0,50,200,2026-04-06T19:13:01.560402
2026-04-06_09-19-27,4212,80.11690524522677,55,0,0.03702902214261318,25.45584412271571,50,200,2026-04-06T19:13:13.921411
2026-04-06_09-19-27,4213,14.825797214921053,34,0,0.02524276062729805,38.27531841800928,50,200,2026-04-06T19:13:22.346647
2026-04-06_09-19-27,4214,418.81876348062616,84,1,0.5434782608695653,0.0,50,200,2026-04-06T19:13:40.005339
2026-04-06_09-19-27,4215,414.28227734008533,75,1,0.5714285714285714,0.0,50,200,2026-04-06T19:13:57.648518
2026-04-06_09-19-27,4216,434.05263859272725,162,1,0.38167938931297707,0.0,50,200,2026-04-06T19:14:19.036962
2026-04-06_09-19-27,4217,-17.831940284349216,28,0,0.02179684172319497,44.598206241955516,50,200,2026-04-06T19:14:54.387513
2026-04-06_09-19-27,4218,47.6605247794477,33,0,0.033767503229906605,28.284271247461902,50,200,2026-04-06T19:15:03.129505
2026-04-06_09-19-27,4219,-31.23683183748591,24,0,0.020567062305982275,47.38143096192854,50,200,2026-04-06T19:15:08.586812
2026-04-06_09-19-27,4220,-55.86872717231501,23,0,0.019940855727191686,48.91829923454004,50,200,2026-04-06T19:15:13.744725
2026-04-06_09-19-27,4221,129.97587100977762,60,0,0.05796269527511354,15.652475842498529,50,200,2026-04-06T19:15:27.676286
2026-04-06_09-19-27,4222,402.58633870556076,155,1,0.3921568627450981,0.0,50,200,2026-04-06T19:15:45.037222
2026-04-06_09-19-27,4223,328.5444310330611,200,0,0.19098300562505258,2.23606797749979,50,200,2026-04-06T19:16:05.208896
2026-04-06_09-19-27,4224,130.95284337919648,64,0,0.05927139027156123,15.231546211727817,50,200,2026-04-06T19:16:19.926632
2026-04-06_09-19-27,4225,37.68498192265706,49,0,0.029680209652515707,32.202484376209235,50,200,2026-04-06T19:16:29.417208
2026-04-06_09-19-27,4226,126.83377156571348,68,0,0.0561655272333092,16.1245154965971,50,200,2026-04-06T19:16:42.916222
2026-04-06_09-19-27,4227,403.66510683648625,97,1,0.5076142131979695,0.0,50,200,2026-04-06T19:17:00.484059
2026-04-06_09-19-27,4228,415.50334160830045,117,1,0.4608294930875576,0.0,50,200,2026-04-06T19:17:20.398768
2026-04-06_09-19-27,4229,72.21682514933877,50,0,0.04598027401917005,20.248456731316587,50,200,2026-04-06T19:17:32.869520
2026-04-06_09-19-27,4230,67.50934062764156,55,0,0.035777205597325314,26.40075756488817,50,200,2026-04-06T19:17:43.953053
2026-04-06_09-19-27,4231,420.5623154513472,102,1,0.49504950495049505,0.0,50,200,2026-04-06T19:18:03.829021
2026-04-06_09-19-27,4232,425.1790219957026,107,1,0.48309178743961345,0.0,50,200,2026-04-06T19:18:22.189759
2026-04-06_09-19-27,4233,424.1747564312823,117,1,0.4608294930875576,0.0,50,200,2026-04-06T19:18:41.451850
2026-04-06_09-19-27,4234,99.98168705387226,55,0,0.04700776110377335,19.72308292331602,50,200,2026-04-06T19:18:53.972667
2026-04-06_09-19-27,4235,116.88094988447439,61,0,0.052426703127044574,17.46424919657298,50,200,2026-04-06T19:19:07.448610
2026-04-06_09-19-27,4236,437.8943562713807,184,1,0.35211267605633806,0.0,50,200,2026-04-06T19:19:28.415876
2026-04-06_09-19-27,4237,-96.72313599081866,3,0,0.016548902026595806,59.39696961966999,50,200,2026-04-06T19:19:30.257057
2026-04-06_09-19-27,4238,-102.23539398065651,1,0,0.015813927823395878,62.22539674441618,50,200,2026-04-06T19:19:31.558234
2026-04-06_09-19-27,4239,349.7360988287293,200,0,0.22654091966098644,1.4142135623730951,50,200,2026-04-06T19:19:50.991133
2026-04-06_09-19-27,4240,46.31710008572634,62,0,0.03672083400379719,25.612496949731394,50,200,2026-04-06T19:20:02.793540
2026-04-06_09-19-27,4241,-102.60195777765358,1,0,0.015813927823395878,62.22539674441618,50,200,2026-04-06T19:20:04.183111
2026-04-06_09-19-27,4242,432.4651942794728,177,1,0.36101083032490977,0.0,50,200,2026-04-06T19:20:23.628059
2026-04-06_09-19-27,4243,416.2302057689955,137,1,0.42194092827004215,0.0,50,200,2026-04-06T19:20:44.599279
2026-04-06_09-19-27,4244,106.70715231107192,54,0,0.07274549552292534,12.206555615733702,50,200,2026-04-06T19:20:57.120257
2026-04-06_09-19-27,4245,439.36377764886635,169,1,0.3717472118959108,0.0,50,200,2026-04-06T19:21:16.716446
2026-04-06_09-19-27,4246,-102.99530636108146,2,0,0.016173069130115212,60.81118318204309,50,200,2026-04-06T19:21:18.372774
2026-04-06_09-19-27,4247,186.39275783636188,89,0,0.1571799167878779,4.47213595499958,50,200,2026-04-06T19:21:35.806776
2026-04-06_09-19-27,4248,432.79832331960614,172,1,0.36764705882352944,0.0,50,200,2026-04-06T19:21:56.161743
2026-04-06_09-19-27,4249,95.40386883742546,53,0,0.04815706740747433,19.235384061671343,50,200,2026-04-06T19:22:33.878731
2026-04-06_09-19-27,4250,58.497838724298006,61,0,0.03879564062887543,24.166091947189145,50,200,2026-04-06T19:22:47.615335
2026-04-06_09-19-27,4251,-82.80014277052659,10,0,0.01800121248814792,54.45181356024793,50,200,2026-04-06T19:22:50.578145
2026-04-06_09-19-27,4252,-10.155395263366529,22,0,0.02251965899400807,43.18564576337837,50,200,2026-04-06T19:22:56.656665
2026-04-06_09-19-27,4253,-102.24490270963753,1,0,0.015813927823395878,62.22539674441618,50,200,2026-04-06T19:22:57.961756
2026-04-06_09-19-27,4254,131.66310985926475,72,0,0.05756231921495531,15.652475842498529,50,200,2026-04-06T19:23:12.773942
2026-04-06_09-19-27,4255,427.2523125350132,142,1,0.4132231404958678,0.0,50,200,2026-04-06T19:23:33.578422
2026-04-06_09-19-27,4256,107.83612036059834,57,0,0.046686576098232846,19.849433241279208,50,200,2026-04-06T19:23:46.847241
2026-04-06_09-19-27,4257,339.5620867772998,200,0,0.2,2.0,50,200,2026-04-06T19:24:08.600256
2026-04-06_09-19-27,4258,418.82882144463804,81,1,0.5524861878453039,0.0,50,200,2026-04-06T19:24:26.616513
2026-04-06_09-19-27,4259,435.42546721823777,171,1,0.36900369003690037,0.0,50,200,2026-04-06T19:24:48.862007
2026-04-06_09-19-27,4260,414.6430947786025,83,1,0.5464480874316939,0.0,50,200,2026-04-06T19:25:07.891525
2026-04-06_09-19-27,4261,339.5261156498081,200,0,0.19098300562505258,2.23606797749979,50,200,2026-04-06T19:25:26.044208
2026-04-06_09-19-27,4262,57.45839999386867,45,0,0.03359130953279963,28.319604517012593,50,200,2026-04-06T19:25:36.761801
2026-04-06_09-19-27,4263,423.9324264654319,104,1,0.49019607843137253,0.0,50,200,2026-04-06T19:25:55.646919
2026-04-06_09-19-27,4264,433.4106295628919,141,1,0.41493775933609955,0.0,50,200,2026-04-06T19:26:14.477624
2026-04-06_09-19-27,4265,419.4272927220778,175,1,0.36363636363636365,0.0,50,200,2026-04-06T19:26:31.347197
2026-04-06_09-19-27,4266,-47.301541737022994,18,0,0.020290538647033233,48.104053883222775,50,200,2026-04-06T19:26:36.400786
2026-04-06_09-19-27,4267,425.9469974806572,134,1,0.4273504273504274,0.0,50,200,2026-04-06T19:26:57.986589
2026-04-06_09-19-27,4268,407.6484328449654,119,1,0.4566210045662101,0.0,50,200,2026-04-06T19:27:18.658536
2026-04-06_09-19-27,4269,193.51092155352373,131,0,0.12033694344163658,6.0,50,200,2026-04-06T19:27:38.920669
2026-04-06_09-19-27,4270,381.5012291511804,78,1,0.5617977528089888,0.0,50,200,2026-04-06T19:27:57.403591
2026-04-06_09-19-27,4271,-69.9290525766989,22,0,0.017787264318747775,55.0,50,200,2026-04-06T19:28:01.928869
2026-04-06_09-19-27,4272,62.728451530335946,47,0,0.033254963254580695,28.600699292150182,50,200,2026-04-06T19:28:12.934389
2026-04-06_09-19-27,4273,416.34741256583624,183,1,0.35335689045936397,0.0,50,200,2026-04-06T19:28:29.550645
2026-04-06_09-19-27,4274,110.22664179687663,74,0,0.06874624764783091,12.806248474865697,50,200,2026-04-06T19:28:44.792270
2026-04-06_09-19-27,4275,65.20393454872546,51,0,0.040372384051946125,23.259406699226016,50,200,2026-04-06T19:28:56.653263
2026-04-06_09-19-27,4276,309.2244759458817,200,0,0.1715728752538099,2.8284271247461903,50,200,2026-04-06T19:29:13.575446
2026-04-06_09-19-27,4277,417.59150386613896,99,1,0.5025125628140703,0.0,50,200,2026-04-06T19:29:33.733581
2026-04-06_09-19-27,4278,116.75069456617877,68,0,0.057170990821344234,15.811388300841896,50,200,2026-04-06T19:29:48.467895
2026-04-06_09-19-27,4279,338.8442517815127,200,0,0.1715728752538099,2.8284271247461903,50,200,2026-04-06T19:30:09.805626
2026-04-06_09-19-27,4280,61.20222183463852,49,0,0.0343923560024026,27.586228448267445,50,200,2026-04-06T19:30:21.032793
2026-04-06_09-19-27,4281,135.3160053462758,89,0,0.06647633853672213,13.152946437965905,50,200,2026-04-06T19:31:08.058915
2026-04-06_09-19-27,4282,338.08733621247717,200,0,0.1715728752538099,2.8284271247461903,50,200,2026-04-06T19:31:28.353434
2026-04-06_09-19-27,4283,-96.96405828221023,5,0,0.01735552405005906,56.568542494923804,50,200,2026-04-06T19:31:30.742722
2026-04-06_09-19-27,4284,429.1315690696274,125,1,0.4444444444444444,0.0,50,200,2026-04-06T19:31:48.900185
2026-04-06_09-19-27,4285,438.1125146719773,171,1,0.36900369003690037,0.0,50,200,2026-04-06T19:32:09.554739
2026-04-06_09-19-27,4286,-109.89246525993089,4,0,0.016740850295209303,58.69412236331676,50,200,2026-04-06T19:32:11.627141
2026-04-06_09-19-27,4287,119.3107880216613,97,0,0.05271481286241434,17.0,50,200,2026-04-06T19:32:29.830204
2026-04-06_09-19-27,4288,352.9908743189559,200,0,0.25,1.0,50,200,2026-04-06T19:32:48.008215
2026-04-06_09-19-27,4289,419.3831380252663,86,1,0.5376344086021506,0.0,50,200,2026-04-06T19:33:05.655457
2026-04-06_09-19-27,4290,415.5115090386888,88,1,0.5319148936170213,0.0,50,200,2026-04-06T19:33:24.640816
2026-04-06_09-19-27,4291,392.92813193143166,93,1,0.5181347150259067,0.0,50,200,2026-04-06T19:33:44.869878
2026-04-06_09-19-27,4292,-11.523606240673999,20,0,0.02408983267726031,40.311288741492746,50,200,2026-04-06T19:33:50.979044
2026-04-06_09-19-27,4293,333.88478970484135,200,0,0.1715728752538099,2.8284271247461903,50,200,2026-04-06T19:34:08.058224
2026-04-06_09-19-27,4294,432.1165670404326,143,1,0.41152263374485604,0.0,50,200,2026-04-06T19:34:26.926612
2026-04-06_09-19-27,4295,385.46710870496815,123,1,0.4484304932735426,0.0,50,200,2026-04-06T19:34:43.785152
2026-04-06_09-19-27,4296,-71.64427252921404,7,0,0.01756360764762879,55.86591089385369,50,200,2026-04-06T19:34:46.538901
2026-04-06_09-19-27,4297,425.06065894860535,141,1,0.41493775933609955,0.0,50,200,2026-04-06T19:35:04.721211
2026-04-06_09-19-27,4298,428.7901867427575,141,1,0.41493775933609955,0.0,50,200,2026-04-06T19:35:25.185610
2026-04-06_09-19-27,4299,437.1194052452382,162,1,0.38167938931297707,0.0,50,200,2026-04-06T19:35:43.756460
2026-04-06_09-19-27,4300,10.386878870538268,31,0,0.024776240580979863,39.05124837953327,50,200,2026-04-06T19:35:51.179876
2026-04-06_09-19-27,4301,426.04620593331055,125,1,0.4444444444444444,0.0,50,200,2026-04-06T19:36:11.286180
2026-04-06_09-19-27,4302,427.61972529949145,133,1,0.4291845493562232,0.0,50,200,2026-04-06T19:36:31.247735
2026-04-06_09-19-27,4303,424.9668007541313,175,1,0.36363636363636365,0.0,50,200,2026-04-06T19:36:49.867738
2026-04-06_09-19-27,4304,416.79934230414216,111,1,0.4739336492890995,0.0,50,200,2026-04-06T19:37:11.134869
2026-04-06_09-19-27,4305,417.1065855830166,105,1,0.48780487804878053,0.0,50,200,2026-04-06T19:37:31.978763
2026-04-06_09-19-27,4306,419.4801910201433,108,1,0.4807692307692307,0.0,50,200,2026-04-06T19:37:51.963493
2026-04-06_09-19-27,4307,414.95422166050054,75,1,0.5714285714285714,0.0,50,200,2026-04-06T19:38:09.718653
2026-04-06_09-19-27,4308,435.3667467853909,142,1,0.4132231404958678,0.0,50,200,2026-04-06T19:38:28.432304
2026-04-06_09-19-27,4309,423.7091099114443,103,1,0.4926108374384236,0.0,50,200,2026-04-06T19:38:46.762532
2026-04-06_09-19-27,4310,46.19133025625163,50,0,0.032713003509341164,29.068883707497267,50,200,2026-04-06T19:38:57.701242
2026-04-06_09-19-27,4311,418.7199517808391,81,1,0.5524861878453039,0.0,50,200,2026-04-06T19:39:15.738861
2026-04-06_09-19-27,4312,314.9991620946716,200,0,0.1715728752538099,2.8284271247461903,50,200,2026-04-06T19:39:34.420780
2026-04-06_09-19-27,4313,424.9923678520091,135,1,0.425531914893617,0.0,50,200,2026-04-06T19:40:29.356729
2026-04-06_09-19-27,4314,147.15415686487918,55,0,0.0947867298578199,9.0,50,200,2026-04-06T19:40:43.592889
2026-04-06_09-19-27,4315,421.59824513951463,112,1,0.4716981132075471,0.0,50,200,2026-04-06T19:41:04.425210
2026-04-06_09-19-27,4316,426.6526218428543,134,1,0.4273504273504274,0.0,50,200,2026-04-06T19:41:24.129928
2026-04-06_09-19-27,4317,409.47578984946347,164,1,0.3787878787878788,0.0,50,200,2026-04-06T19:41:43.244550
2026-04-06_09-19-27,4318,80.17660388972212,43,0,0.0374969173855725,25.238858928247925,50,200,2026-04-06T19:41:53.537126
2026-04-06_09-19-27,4319,442.62593454741034,175,1,0.36363636363636365,0.0,50,200,2026-04-06T19:42:10.851957
2026-04-06_09-19-27,4320,440.7508194935389,168,1,0.373134328358209,0.0,50,200,2026-04-06T19:42:29.367473
2026-04-06_09-19-27,4321,439.6610484183959,160,1,0.3846153846153846,0.0,50,200,2026-04-06T19:42:47.833072
2026-04-06_09-19-27,4322,389.8258358544246,120,1,0.45454545454545453,0.0,50,200,2026-04-06T19:43:05.961998
2026-04-06_09-19-27,4323,-117.07342177534758,12,0,0.017286856136441545,56.72741841473134,50,200,2026-04-06T19:43:09.673081
2026-04-06_09-19-27,4324,415.28319358879673,141,1,0.41493775933609955,0.0,50,200,2026-04-06T19:43:28.880260
2026-04-06_09-19-27,4325,423.20506647563695,109,1,0.47846889952153115,0.0,50,200,2026-04-06T19:43:48.387722
2026-04-06_09-19-27,4326,404.28815499958137,99,1,0.5025125628140703,0.0,50,200,2026-04-06T19:44:05.899176
2026-04-06_09-19-27,4327,103.0843567589722,51,0,0.04826400943144494,19.209372712298546,50,200,2026-04-06T19:44:17.767693
2026-04-06_09-19-27,4328,433.5929050933883,137,1,0.42194092827004215,0.0,50,200,2026-04-06T19:44:36.259225
2026-04-06_09-19-27,4329,413.21096352208326,102,1,0.49504950495049505,0.0,50,200,2026-04-06T19:44:54.987208
2026-04-06_09-19-27,4330,-37.46115267120602,19,0,0.021089172532769554,46.22769732530488,50,200,2026-04-06T19:45:00.374634
2026-04-06_09-19-27,4331,406.6535857027746,69,1,0.591715976331361,0.0,50,200,2026-04-06T19:45:16.574168
2026-04-06_09-19-27,4332,431.00973634458967,132,1,0.43103448275862066,0.0,50,200,2026-04-06T19:45:34.842046
2026-04-06_09-19-27,4333,423.5958436070778,127,1,0.44052863436123346,0.0,50,200,2026-04-06T19:45:54.878940
2026-04-06_09-19-27,4334,61.646398623351075,41,0,0.039226163263394044,24.08318915758459,50,200,2026-04-06T19:46:05.457271
2026-04-06_09-19-27,4335,428.98579181146596,121,1,0.45248868778280543,0.0,50,200,2026-04-06T19:46:24.669399
2026-04-06_09-19-27,4336,413.35381651099175,82,1,0.5494505494505494,0.0,50,200,2026-04-06T19:46:42.158740
2026-04-06_09-19-27,4337,99.56457809433351,61,0,0.048832983824394445,18.867962264113206,50,200,2026-04-06T19:46:55.255220
2026-04-06_09-19-27,4338,437.7596198372792,157,1,0.3891050583657587,0.0,50,200,2026-04-06T19:47:14.554226
2026-04-06_09-19-27,4339,324.86875635757593,200,0,0.19098300562505258,2.23606797749979,50,200,2026-04-06T19:47:32.607798
2026-04-06_09-19-27,4340,-107.85326906984137,3,0,0.016356376470631765,60.108235708594876,50,200,2026-04-06T19:47:34.396462
2026-04-06_09-19-27,4341,418.62065158581413,95,1,0.5128205128205128,0.0,50,200,2026-04-06T19:47:53.278176
2026-04-06_09-19-27,4342,313.81008545718163,200,0,0.1715728752538099,2.8284271247461903,50,200,2026-04-06T19:48:13.733007
2026-04-06_09-19-27,4343,32.02156566445164,41,0,0.029048531581721083,33.015148038438355,50,200,2026-04-06T19:48:23.544107
2026-04-06_09-19-27,4344,-12.925364791223117,19,0,0.02220711130274806,43.840620433565945,50,200,2026-04-06T19:48:29.004086
2026-04-06_09-19-27,4345,290.9386160391899,200,0,0.1715728752538099,2.8284271247461903,50,200,2026-04-06T19:49:16.128961
2026-04-06_09-19-27,4346,407.0953189376229,141,1,0.41493775933609955,0.0,50,200,2026-04-06T19:49:35.971616
2026-04-06_09-19-27,4347,-88.05350201806996,7,0,0.01734950185612465,56.568542494923804,50,200,2026-04-06T19:49:38.677363
2026-04-06_09-19-27,4348,409.895637531125,88,1,0.5319148936170213,0.0,50,200,2026-04-06T19:49:57.974576
2026-04-06_09-19-27,4349,80.98018447177138,46,0,0.045348881978299393,20.591260281974,50,200,2026-04-06T19:50:09.785862
2026-04-06_09-19-27,4350,417.4791880632499,84,1,0.5434782608695653,0.0,50,200,2026-04-06T19:50:27.994727
2026-04-06_09-19-27,4351,-85.42159226042179,4,0,0.016740850295209303,58.69412236331676,50,200,2026-04-06T19:50:30.115165
2026-04-06_09-19-27,4352,421.2454194358761,124,1,0.4464285714285714,0.0,50,200,2026-04-06T19:50:48.390399
2026-04-06_09-19-27,4353,-94.34997333303217,5,0,0.016738048203617198,58.69412236331676,50,200,2026-04-06T19:50:50.462131
2026-04-06_09-19-27,4354,94.30016768767065,63,0,0.049428910141890936,18.601075237738275,50,200,2026-04-06T19:51:04.431245
2026-04-06_09-19-27,4355,420.5111383196772,106,1,0.4854368932038835,0.0,50,200,2026-04-06T19:51:23.256198
2026-04-06_09-19-27,4356,416.8232391922286,135,1,0.425531914893617,0.0,50,200,2026-04-06T19:51:44.121422
2026-04-06_09-19-27,4357,51.233260735154346,36,0,0.03437507071328399,27.730849247724095,50,200,2026-04-06T19:51:53.769175
2026-04-06_09-19-27,4358,153.05475411844617,70,0,0.10243532037189745,8.06225774829855,50,200,2026-04-06T19:52:09.442337
2026-04-06_09-19-27,4359,438.97647606312114,152,1,0.3968253968253968,0.0,50,200,2026-04-06T19:52:27.436549
2026-04-06_09-19-27,4360,419.2057168818479,97,1,0.5076142131979695,0.0,50,200,2026-04-06T19:52:45.228571
2026-04-06_09-19-27,4361,-100.994848446341,5,0,0.01714383268577105,57.28001396647874,50,200,2026-04-06T19:52:47.554247
2026-04-06_09-19-27,4362,427.2582635753528,156,1,0.390625,0.0,50,200,2026-04-06T19:53:08.096838
2026-04-06_09-19-27,4363,431.6702207328652,169,1,0.3717472118959108,0.0,50,200,2026-04-06T19:53:30.500060
2026-04-06_09-19-27,4364,416.9023346437544,75,1,0.5714285714285714,0.0,50,200,2026-04-06T19:53:48.064666
2026-04-06_09-19-27,4365,-40.328632564743906,16,0,0.021160562795181945,46.09772228646444,50,200,2026-04-06T19:53:53.062983
2026-04-06_09-19-27,4366,419.21959681961926,90,1,0.5263157894736842,0.0,50,200,2026-04-06T19:54:11.292636
2026-04-06_09-19-27,4367,339.24830859381245,200,0,0.19098300562505258,2.23606797749979,50,200,2026-04-06T19:54:31.180421
2026-04-06_09-19-27,4368,433.2710185603667,147,1,0.40485829959514175,0.0,50,200,2026-04-06T19:54:49.919622
2026-04-06_09-19-27,4369,423.225836643789,96,1,0.5102040816326531,0.0,50,200,2026-04-06T19:55:07.710856
2026-04-06_09-19-27,4370,416.9024745363999,93,1,0.5181347150259067,0.0,50,200,2026-04-06T19:55:26.480659
2026-04-06_09-19-27,4371,402.1163544825289,96,1,0.5102040816326531,0.0,50,200,2026-04-06T19:55:44.851318
2026-04-06_09-19-27,4372,440.3279027639245,174,1,0.36496350364963503,0.0,50,200,2026-04-06T19:56:05.404292
2026-04-06_09-19-27,4373,112.1370232583495,54,0,0.04843794135964751,19.1049731745428,50,200,2026-04-06T19:56:18.212751
2026-04-06_09-19-27,4374,346.4947506576969,200,0,0.19098300562505258,2.23606797749979,50,200,2026-04-06T19:56:38.042989
2026-04-06_09-19-27,4375,428.55674629459065,152,1,0.3968253968253968,0.0,50,200,2026-04-06T19:56:57.601872
2026-04-06_09-19-27,4376,47.155668840195915,36,0,0.030764665288363125,31.144823004794873,50,200,2026-04-06T19:57:07.349022
2026-04-06_09-19-27,4377,40.12391315034711,48,0,0.030727206224385524,31.064449134018133,50,200,2026-04-06T19:57:46.650338
2026-04-06_09-19-27,4378,-42.11529804849687,26,0,0.01969369466648136,49.51767361255979,50,200,2026-04-06T19:57:52.577918
2026-04-06_09-19-27,4379,419.1891836614369,105,1,0.48780487804878053,0.0,50,200,2026-04-06T19:58:12.154138
2026-04-06_09-19-27,4380,-10.049104964489644,24,0,0.023653764302469033,41.036569057366385,50,200,2026-04-06T19:58:18.794607
2026-04-06_09-19-27,4381,94.88092294742302,68,0,0.05530600421243833,16.401219466856727,50,200,2026-04-06T19:58:33.141408
2026-04-06_09-19-27,4382,423.91547943818466,116,1,0.4629629629629629,0.0,50,200,2026-04-06T19:58:52.783043
2026-04-06_09-19-27,4383,4.851018439005884,36,0,0.02622637642569337,36.76955262170047,50,200,2026-04-06T19:59:01.248231
2026-04-06_09-19-27,4384,340.02218572343855,200,0,0.19098300562505258,2.23606797749979,50,200,2026-04-06T19:59:22.969678
2026-04-06_09-19-27,4385,-23.65274886575628,27,0,0.024334088243636767,39.824615503479755,50,200,2026-04-06T19:59:30.228323
2026-04-06_09-19-27,4386,342.4727395350802,200,0,0.22654091966098644,1.4142135623730951,50,200,2026-04-06T19:59:51.626792
2026-04-06_09-19-27,4387,300.4090964132386,200,0,0.13383054136359812,4.47213595499958,50,200,2026-04-06T20:00:10.962062
2026-04-06_09-19-27,4388,-78.35402156314233,11,0,0.018714009985210844,52.32590180780452,50,200,2026-04-06T20:00:14.625961
2026-04-06_09-19-27,4389,428.6410964383802,143,1,0.41152263374485604,0.0,50,200,2026-04-06T20:00:35.862430
2026-04-06_09-19-27,4390,340.8835029957369,200,0,0.19098300562505258,2.23606797749979,50,200,2026-04-06T20:00:59.789013
2026-04-06_09-19-27,4391,427.2124940335681,132,1,0.43103448275862066,0.0,50,200,2026-04-06T20:01:19.567223
2026-04-06_09-19-27,4392,421.8032196306743,127,1,0.44052863436123346,0.0,50,200,2026-04-06T20:01:39.324435
2026-04-06_09-19-27,4393,393.87991208390355,126,1,0.4424778761061947,0.0,50,200,2026-04-06T20:01:58.300225
2026-04-06_09-19-27,4394,420.7100612830143,132,1,0.43103448275862066,0.0,50,200,2026-04-06T20:02:18.455655
2026-04-06_09-19-27,4395,422.4164275985466,133,1,0.4291845493562232,0.0,50,200,2026-04-06T20:02:41.152615
2026-04-06_09-19-27,4396,422.1195067742888,105,1,0.48780487804878053,0.0,50,200,2026-04-06T20:03:01.137800
2026-04-06_09-19-27,4397,408.00809082929345,113,1,0.4694835680751174,0.0,50,200,2026-04-06T20:03:22.621929
2026-04-06_09-19-27,4398,403.29909702331946,139,1,0.41841004184100417,0.0,50,200,2026-04-06T20:03:41.041277
2026-04-06_09-19-27,4399,433.4938510271781,148,1,0.40322580645161293,0.0,50,200,2026-04-06T20:04:02.090072
2026-04-06_09-19-27,4400,24.237302933576785,41,0,0.026641954487427854,36.124783736376884,50,200,2026-04-06T20:04:11.069523
2026-04-06_09-19-27,4401,334.5945657587567,200,0,0.1715728752538099,2.8284271247461903,50,200,2026-04-06T20:04:33.338005
2026-04-06_09-19-27,4402,-15.86331267237982,30,0,0.02205293843146374,44.04543109109048,50,200,2026-04-06T20:04:40.196021
2026-04-06_09-19-27,4403,57.01400947869311,42,0,0.0343895116118861,27.65863337187866,50,200,2026-04-06T20:04:50.392034
2026-04-06_09-19-27,4404,-69.63520586939573,10,0,0.01821012791542559,53.81449618829484,50,200,2026-04-06T20:04:53.809111
2026-04-06_09-19-27,4405,84.37894099457601,49,0,0.038453697834984986,24.515301344262525,50,200,2026-04-06T20:05:06.183119
2026-04-06_09-19-27,4406,-18.512981164035978,24,0,0.02324867869155701,41.773197148410844,50,200,2026-04-06T20:05:12.484770
2026-04-06_09-19-27,4407,115.63301884592578,52,0,0.058232721313556605,15.652475842498529,50,200,2026-04-06T20:05:25.813329
2026-04-06_09-19-27,4408,398.8073143181862,146,1,0.4065040650406504,0.0,50,200,2026-04-06T20:05:46.101045
2026-04-06_09-19-27,4409,292.6037919233492,200,0,0.07576883186511127,10.198039027185569,50,200,2026-04-06T20:06:41.555850
2026-04-06_09-19-27,4410,403.20072614187956,95,1,0.5128205128205128,0.0,50,200,2026-04-06T20:06:58.814544
2026-04-06_09-19-27,4411,339.3016553136745,200,0,0.19098300562505258,2.23606797749979,50,200,2026-04-06T20:07:22.094589
2026-04-06_09-19-27,4412,421.28982508656276,143,1,0.41152263374485604,0.0,50,200,2026-04-06T20:07:44.172869
2026-04-06_09-19-27,4413,393.0901090136169,188,1,0.3472222222222222,0.0,50,200,2026-04-06T20:08:07.594098
2026-04-06_09-19-27,4414,421.3015089823607,111,1,0.4739336492890995,0.0,50,200,2026-04-06T20:08:28.159139
2026-04-06_09-19-27,4415,163.2549319839908,91,0,0.08774367420410133,9.486832980505138,50,200,2026-04-06T20:08:46.319874
2026-04-06_09-19-27,4416,437.830764383774,160,1,0.3846153846153846,0.0,50,200,2026-04-06T20:09:06.221002
2026-04-06_09-19-27,4417,429.8092705319148,158,1,0.38759689922480617,0.0,50,200,2026-04-06T20:09:27.161559
2026-04-06_09-19-27,4418,434.54949463989954,181,1,0.35587188612099646,0.0,50,200,2026-04-06T20:09:49.379022
2026-04-06_09-19-27,4419,417.9116695572584,123,1,0.4484304932735426,0.0,50,200,2026-04-06T20:10:10.052239
2026-04-06_09-19-27,4420,421.2425537295427,161,1,0.38314176245210724,0.0,50,200,2026-04-06T20:10:30.733689
2026-04-06_09-19-27,4421,417.8681103762165,186,1,0.34965034965034963,0.0,50,200,2026-04-06T20:10:51.898559
2026-04-06_09-19-27,4422,282.93393316634325,200,0,0.1715728752538099,2.8284271247461903,50,200,2026-04-06T20:11:12.700296
2026-04-06_09-19-27,4423,116.15916896455707,87,0,0.058362338122987224,15.264337522473747,50,200,2026-04-06T20:11:28.633097
2026-04-06_09-19-27,4424,336.3583785233156,200,0,0.19098300562505258,2.23606797749979,50,200,2026-04-06T20:11:52.850289
2026-04-06_09-19-27,4425,94.52867640516588,49,0,0.04157826374991778,22.561028345356956,50,200,2026-04-06T20:12:05.352337
2026-04-06_09-19-27,4426,325.3526728579029,200,0,0.12347173609369323,5.0990195135927845,50,200,2026-04-06T20:12:27.641592
2026-04-06_09-19-27,4427,392.9763770404305,113,1,0.4694835680751174,0.0,50,200,2026-04-06T20:12:45.940074
2026-04-06_09-19-27,4428,121.20660266945362,73,0,0.08315572558578001,10.295630140987,50,200,2026-04-06T20:13:02.178147
2026-04-06_09-19-27,4429,55.79194646519031,47,0,0.03181000709563067,29.966648127543394,50,200,2026-04-06T20:13:12.683859
2026-04-06_09-19-27,4430,71.55013336080194,61,0,0.03504366997602396,26.92582403567252,50,200,2026-04-06T20:13:24.807000
2026-04-06_09-19-27,4431,-76.5314478323092,6,0,0.01778905875048085,55.154328932550705,50,200,2026-04-06T20:13:27.422443
2026-04-06_09-19-27,4432,406.2652450961313,148,1,0.40322580645161293,0.0,50,200,2026-04-06T20:13:46.663465
2026-04-06_09-19-27,4433,-79.43318074335374,6,0,0.01735251243059088,56.568542494923804,50,200,2026-04-06T20:13:49.197359
2026-04-06_09-19-27,4434,-36.15616599328651,21,0,0.020885962670458197,46.66904755831214,50,200,2026-04-06T20:13:54.382129
2026-04-06_09-19-27,4435,323.15020108667426,200,0,0.13383054136359812,4.47213595499958,50,200,2026-04-06T20:14:17.168812
2026-04-06_09-19-27,4436,-18.06219369334839,22,0,0.021719361254017133,44.82186966202994,50,200,2026-04-06T20:14:23.513187
2026-04-06_09-19-27,4437,419.8979050262055,198,1,0.33557046979865773,0.0,50,200,2026-04-06T20:14:44.595432
2026-04-06_09-19-27,4438,399.97250482776604,131,1,0.4329004329004329,0.0,50,200,2026-04-06T20:15:05.443754
2026-04-06_09-19-27,4439,-83.07647437431805,8,0,0.016926201760324982,58.0,50,200,2026-04-06T20:15:07.928000
2026-04-06_09-19-27,4440,327.0264458553824,200,0,0.1715728752538099,2.8284271247461903,50,200,2026-04-06T20:15:31.177854
2026-04-06_09-19-27,4441,425.0172805787251,130,1,0.4347826086956522,0.0,50,200,2026-04-06T20:16:32.160729
2026-04-06_09-19-27,4442,420.5568320539446,94,1,0.5154639175257733,0.0,50,200,2026-04-06T20:16:50.781104
2026-04-06_09-19-27,4443,409.8230753745978,113,1,0.4694835680751174,0.0,50,200,2026-04-06T20:17:10.931128
2026-04-06_09-19-27,4444,424.8950997600621,139,1,0.41841004184100417,0.0,50,200,2026-04-06T20:17:33.849985
2026-04-06_09-19-27,4445,413.0046124967632,165,1,0.3773584905660377,0.0,50,200,2026-04-06T20:17:54.966732
2026-04-06_09-19-27,4446,-72.96703727916181,9,0,0.01752442663514565,55.97320787662612,50,200,2026-04-06T20:17:58.104392
2026-04-06_09-19-27,4447,102.26926402485216,92,0,0.13688945101188707,5.385164807134504,50,200,2026-04-06T20:18:15.460471
2026-04-06_09-19-27,4448,433.90985859414224,156,1,0.390625,0.0,50,200,2026-04-06T20:18:35.616245
2026-04-06_09-19-27,4449,-51.18173072455134,11,0,0.018921571366898496,51.73973328110612,50,200,2026-04-06T20:18:39.333377
2026-04-06_09-19-27,4450,418.7601873379323,152,1,0.3968253968253968,0.0,50,200,2026-04-06T20:18:59.467623
2026-04-06_09-19-27,4451,420.2528509776427,114,1,0.4672897196261682,0.0,50,200,2026-04-06T20:19:19.793652
2026-04-06_09-19-27,4452,414.83760156713623,91,1,0.5235602094240838,0.0,50,200,2026-04-06T20:19:38.587333
2026-04-06_09-19-27,4453,422.11399379953775,116,1,0.4629629629629629,0.0,50,200,2026-04-06T20:19:59.107081
2026-04-06_09-19-27,4454,423.89735924024166,110,1,0.47619047619047616,0.0,50,200,2026-04-06T20:20:18.809055
2026-04-06_09-19-27,4455,24.14273685678903,32,0,0.026627370444973496,36.235341863986875,50,200,2026-04-06T20:20:26.983128
2026-04-06_09-19-27,4456,74.28729742670262,39,0,0.037893141341417205,25.0,50,200,2026-04-06T20:20:37.483292
2026-04-06_09-19-27,4457,440.58385087331175,182,1,0.35460992907801414,0.0,50,200,2026-04-06T20:20:58.221345
2026-04-06_09-19-27,4458,425.3618328310322,125,1,0.4444444444444444,0.0,50,200,2026-04-06T20:21:17.587731
2026-04-06_09-19-27,4459,411.03671623387834,105,1,0.48780487804878053,0.0,50,200,2026-04-06T20:21:37.002879
2026-04-06_09-19-27,4460,173.59846786168998,85,0,0.10564377455661964,7.615773105863909,50,200,2026-04-06T20:21:54.150041
2026-04-06_09-19-27,4461,421.6876577679393,194,1,0.3401360544217687,0.0,50,200,2026-04-06T20:22:14.629383
2026-04-06_09-19-27,4462,-17.27050499034813,26,0,0.02258783068930566,43.01162633521314,50,200,2026-04-06T20:22:21.417608
2026-04-06_09-19-27,4463,-37.82456930016723,21,0,0.0236705612387625,41.036569057366385,50,200,2026-04-06T20:22:27.541675
2026-04-06_09-19-27,4464,433.9907853375073,168,1,0.373134328358209,0.0,50,200,2026-04-06T20:22:49.478751
2026-04-06_09-19-27,4465,421.67272917376727,118,1,0.4587155963302753,0.0,50,200,2026-04-06T20:23:09.348654
2026-04-06_09-19-27,4466,388.2181820356996,105,1,0.48780487804878053,0.0,50,200,2026-04-06T20:23:28.842283
2026-04-06_09-19-27,4467,-45.47820660951321,16,0,0.019421654918083005,50.32891812864648,50,200,2026-04-06T20:23:33.793081
2026-04-06_09-19-27,4468,-57.143397675523225,30,0,0.018758342363910677,52.009614495783374,50,200,2026-04-06T20:23:39.258612
2026-04-06_09-19-27,4469,424.946851125155,138,1,0.42016806722689076,0.0,50,200,2026-04-06T20:24:00.985843
2026-04-06_09-19-27,4470,14.88768202442121,34,0,0.029500577763803864,32.55764119219941,50,200,2026-04-06T20:24:09.553415
2026-04-06_09-19-27,4471,425.9092700362262,113,1,0.4694835680751174,0.0,50,200,2026-04-06T20:24:27.773611
2026-04-06_09-19-27,4472,424.5485858503621,108,1,0.4807692307692307,0.0,50,200,2026-04-06T20:24:47.213720
2026-04-06_09-19-27,4473,-27.9154670559153,18,0,0.020815337582645723,46.861498055439924,50,200,2026-04-06T20:25:21.354304
2026-04-06_09-19-27,4474,423.56227487535307,109,1,0.47846889952153115,0.0,50,200,2026-04-06T20:25:39.707475
2026-04-06_09-19-27,4475,426.20815687203316,138,1,0.42016806722689076,0.0,50,200,2026-04-06T20:26:01.625533
2026-04-06_09-19-27,4476,417.6291184280253,131,1,0.4329004329004329,0.0,50,200,2026-04-06T20:26:22.702103
2026-04-06_09-19-27,4477,66.46587170999413,48,0,0.03390077415024522,28.0178514522438,50,200,2026-04-06T20:26:32.889646
2026-04-06_09-19-27,4478,43.81404364968398,61,0,0.036734323153624855,25.612496949731394,50,200,2026-04-06T20:26:44.630365
2026-04-06_09-19-27,4479,410.42437132868145,117,1,0.4608294930875576,0.0,50,200,2026-04-06T20:27:05.823008
2026-04-06_09-19-27,4480,-13.294507640871004,31,0,0.02308301180269383,42.01190307520001,50,200,2026-04-06T20:27:13.191211
2026-04-06_09-19-27,4481,395.1078784600977,117,1,0.4608294930875576,0.0,50,200,2026-04-06T20:27:33.765267
2026-04-06_09-19-27,4482,416.21564154274756,101,1,0.49751243781094534,0.0,50,200,2026-04-06T20:27:50.370170
2026-04-06_09-19-27,4483,-84.10535126038519,6,0,0.01691712438449804,58.05170109479997,50,200,2026-04-06T20:27:52.905390
2026-04-06_09-19-27,4484,397.08503786506117,130,1,0.4347826086956522,0.0,50,200,2026-04-06T20:28:10.630861
2026-04-06_09-19-27,4485,17.84283898526334,42,0,0.027719684324561993,34.655446902326915,50,200,2026-04-06T20:28:19.477279
2026-04-06_09-19-27,4486,428.18850009012164,130,1,0.4347826086956522,0.0,50,200,2026-04-06T20:28:38.970991
2026-04-06_09-19-27,4487,156.32328468374158,109,0,0.08637940978192868,9.486832980505138,50,200,2026-04-06T20:28:57.725422
2026-04-06_09-19-27,4488,419.2143460804402,97,1,0.5076142131979695,0.0,50,200,2026-04-06T20:29:17.139266
2026-04-06_09-19-27,4489,-100.70179175174461,2,0,0.016173069130115212,60.81118318204309,50,200,2026-04-06T20:29:18.706678
2026-04-06_09-19-27,4490,429.6502415960018,133,1,0.4291845493562232,0.0,50,200,2026-04-06T20:29:39.730712
2026-04-06_09-19-27,4491,422.2513583494077,133,1,0.4291845493562232,0.0,50,200,2026-04-06T20:30:00.751407
2026-04-06_09-19-27,4492,-21.302980344682794,22,0,0.02178278790411875,44.68780594300866,50,200,2026-04-06T20:30:06.559474
2026-04-06_09-19-27,4493,442.0045056163356,187,1,0.3484320557491289,0.0,50,200,2026-04-06T20:30:28.357427
2026-04-06_09-19-27,4494,432.09221268909505,148,1,0.40322580645161293,0.0,50,200,2026-04-06T20:30:48.958625
2026-04-06_09-19-27,4495,155.3115911659306,92,0,0.07633389733301912,11.180339887498949,50,200,2026-04-06T20:31:07.064882
2026-04-06_09-19-27,4496,427.8555304130781,134,1,0.4273504273504274,0.0,50,200,2026-04-06T20:31:28.327867
2026-04-06_09-19-27,4497,439.36375302763577,193,1,0.3412969283276451,0.0,50,200,2026-04-06T20:31:47.866435
2026-04-06_09-19-27,4498,312.98320089329866,200,0,0.19098300562505258,2.23606797749979,50,200,2026-04-06T20:32:07.942563
2026-04-06_09-19-27,4499,329.3135336161148,200,0,0.1715728752538099,2.8284271247461903,50,200,2026-04-06T20:32:29.013329
2026-04-06_09-19-27,4500,434.5712248029018,171,1,0.36900369003690037,0.0,50,200,2026-04-06T20:32:51.627347
2026-04-06_09-19-27,4501,401.52243952698456,101,1,0.49751243781094534,0.0,50,200,2026-04-06T20:33:10.161207
2026-04-06_09-19-27,4502,403.2060258663846,154,1,0.39370078740157477,0.0,50,200,2026-04-06T20:33:28.294174
2026-04-06_09-19-27,4503,343.86019786764587,200,0,0.2,2.0,50,200,2026-04-06T20:33:47.898397
2026-04-06_09-19-27,4504,438.6993294186035,164,1,0.3787878787878788,0.0,50,200,2026-04-06T20:34:08.188201
2026-04-06_09-19-27,4505,0.37257585962007056,24,0,0.023612968569622236,41.10960958218893,50,200,2026-04-06T20:34:49.054709
2026-04-06_09-19-27,4506,78.50525230175991,54,0,0.038622577789642086,24.351591323771842,50,200,2026-04-06T20:35:01.888374
2026-04-06_09-19-27,4507,425.7783472474803,135,1,0.425531914893617,0.0,50,200,2026-04-06T20:35:22.856884
2026-04-06_09-19-27,4508,419.1309838346101,94,1,0.5154639175257733,0.0,50,200,2026-04-06T20:35:41.701857
2026-04-06_09-19-27,4509,93.11934737911429,57,0,0.048928556921542465,18.867962264113206,50,200,2026-04-06T20:35:54.641959
2026-04-06_09-19-27,4510,425.1778836488061,109,1,0.47846889952153115,0.0,50,200,2026-04-06T20:36:13.171908
2026-04-06_09-19-27,4511,-60.88678802694426,17,0,0.019728662389275883,49.51767361255979,50,200,2026-04-06T20:36:17.638419
2026-04-06_09-19-27,4512,317.55693381590356,200,0,0.19098300562505258,2.23606797749979,50,200,2026-04-06T20:36:34.332787
2026-04-06_09-19-27,4513,-56.09666061882572,16,0,0.019466781175439287,50.20956084253277,50,200,2026-04-06T20:36:38.416653
2026-04-06_09-19-27,4514,431.51750645382185,147,1,0.40485829959514175,0.0,50,200,2026-04-06T20:36:57.473064
2026-04-06_09-19-27,4515,120.043489282109,57,0,0.05849946065069678,15.524174696260024,50,200,2026-04-06T20:37:12.263251
2026-04-06_09-19-27,4516,-16.238142631303447,21,0,0.021830149705449605,44.598206241955516,50,200,2026-04-06T20:37:18.250557
2026-04-06_09-19-27,4517,77.50786406088449,55,0,0.03655374801913491,25.80697580112788,50,200,2026-04-06T20:37:30.612976
2026-04-06_09-19-27,4518,430.9298879435087,145,1,0.4081632653061224,0.0,50,200,2026-04-06T20:37:49.165702
2026-04-06_09-19-27,4519,35.83224606973012,46,0,0.03299849735658318,28.844410203711913,50,200,2026-04-06T20:38:00.327634
2026-04-06_09-19-27,4520,343.8679206345598,200,0,0.22654091966098644,1.4142135623730951,50,200,2026-04-06T20:38:23.111457
2026-04-06_09-19-27,4521,420.46707100245203,162,1,0.38167938931297707,0.0,50,200,2026-04-06T20:38:42.944907
2026-04-06_09-19-27,4522,429.3680566198811,182,1,0.35460992907801414,0.0,50,200,2026-04-06T20:39:04.603440
2026-04-06_09-19-27,4523,423.2082632073104,127,1,0.44052863436123346,0.0,50,200,2026-04-06T20:39:25.209532
2026-04-06_09-19-27,4524,425.6646903766879,124,1,0.4464285714285714,0.0,50,200,2026-04-06T20:39:45.623676
2026-04-06_09-19-27,4525,332.9319611734128,200,0,0.19098300562505258,2.23606797749979,50,200,2026-04-06T20:40:07.615507
2026-04-06_09-19-27,4526,118.42790995664672,63,0,0.05965609709516904,15.132745950421556,50,200,2026-04-06T20:40:21.363453
2026-04-06_09-19-27,4527,424.427989009319,146,1,0.4065040650406504,0.0,50,200,2026-04-06T20:40:38.896032
2026-04-06_09-19-27,4528,425.4915310349475,125,1,0.4444444444444444,0.0,50,200,2026-04-06T20:40:56.796138
2026-04-06_09-19-27,4529,329.37912701206335,200,0,0.2,2.0,50,200,2026-04-06T20:41:15.281164
2026-04-06_09-19-27,4530,405.3335500864732,142,1,0.4132231404958678,0.0,50,200,2026-04-06T20:41:31.224495
2026-04-06_09-19-27,4531,421.4732519835876,119,1,0.4566210045662101,0.0,50,200,2026-04-06T20:41:50.079815
2026-04-06_09-19-27,4532,423.3111544553654,119,1,0.4566210045662101,0.0,50,200,2026-04-06T20:42:09.886790
2026-04-06_09-19-27,4533,419.144403582621,102,1,0.49504950495049505,0.0,50,200,2026-04-06T20:42:29.836783
2026-04-06_09-19-27,4534,420.8067314367373,93,1,0.5181347150259067,0.0,50,200,2026-04-06T20:42:47.332580
2026-04-06_09-19-27,4535,330.7555865257176,200,0,0.13383054136359812,4.47213595499958,50,200,2026-04-06T20:43:08.357278
2026-04-06_09-19-27,4536,426.22208956858594,149,1,0.4016064257028112,0.0,50,200,2026-04-06T20:43:29.472253
2026-04-06_09-19-27,4537,429.65181275545467,153,1,0.39525691699604737,0.0,50,200,2026-04-06T20:44:25.783172
2026-04-06_09-19-27,4538,278.4738751025302,200,0,0.19098300562505258,2.23606797749979,50,200,2026-04-06T20:44:42.932901
2026-04-06_09-19-27,4539,309.4982471649301,200,0,0.19098300562505258,2.23606797749979,50,200,2026-04-06T20:44:59.706706
2026-04-06_09-19-27,4540,432.11710266738874,145,1,0.4081632653061224,0.0,50,200,2026-04-06T20:45:19.154883
2026-04-06_09-19-27,4541,420.051224006803,107,1,0.48309178743961345,0.0,50,200,2026-04-06T20:45:37.874344
2026-04-06_09-19-27,4542,419.11191452385407,124,1,0.4464285714285714,0.0,50,200,2026-04-06T20:45:56.868082
2026-04-06_09-19-27,4543,430.3892692926633,138,1,0.42016806722689076,0.0,50,200,2026-04-06T20:46:16.877088
2026-04-06_09-19-27,4544,410.66952123999846,126,1,0.4424778761061947,0.0,50,200,2026-04-06T20:46:33.223278
2026-04-06_09-19-27,4545,425.4078548762711,127,1,0.44052863436123346,0.0,50,200,2026-04-06T20:46:52.345554
2026-04-06_09-19-27,4546,393.815567731346,129,1,0.4366812227074236,0.0,50,200,2026-04-06T20:47:09.467749
2026-04-06_09-19-27,4547,346.24641821381226,200,0,0.25,1.0,50,200,2026-04-06T20:47:30.490453
2026-04-06_09-19-27,4548,422.121977263922,114,1,0.4672897196261682,0.0,50,200,2026-04-06T20:47:49.482722
2026-04-06_09-19-27,4549,-29.10676322068879,32,0,0.0208009709615953,46.75467891024384,50,200,2026-04-06T20:47:55.837033
2026-04-06_09-19-27,4550,424.2179237752101,111,1,0.4739336492890995,0.0,50,200,2026-04-06T20:48:15.722533
2026-04-06_09-19-27,4551,429.3856654856423,155,1,0.3921568627450981,0.0,50,200,2026-04-06T20:48:36.389462
2026-04-06_09-19-27,4552,16.822655915943542,33,0,0.025597755897917306,37.73592452822641,50,200,2026-04-06T20:48:44.619972
2026-04-06_09-19-27,4553,423.28820698899557,110,1,0.47619047619047616,0.0,50,200,2026-04-06T20:49:03.700709
2026-04-06_09-19-27,4554,421.0126594820253,104,1,0.49019607843137253,0.0,50,200,2026-04-06T20:49:23.412505
2026-04-06_09-19-27,4555,-103.8334954861425,2,0,0.016173069130115212,60.81118318204309,50,200,2026-04-06T20:49:24.982195
2026-04-06_09-19-27,4556,-102.55826697698677,1,0,0.015813927823395878,62.22539674441618,50,200,2026-04-06T20:49:26.266697
2026-04-06_09-19-27,4557,389.09236834567264,118,1,0.4587155963302753,0.0,50,200,2026-04-06T20:49:45.801673
2026-04-06_09-19-27,4558,440.23271257925416,177,1,0.36101083032490977,0.0,50,200,2026-04-06T20:50:05.905125
2026-04-06_09-19-27,4559,-25.163031604203027,30,0,0.021098060239185253,46.09772228646444,50,200,2026-04-06T20:50:12.179339
2026-04-06_09-19-27,4560,416.1483493236141,101,1,0.49751243781094534,0.0,50,200,2026-04-06T20:50:30.820501
2026-04-06_09-19-27,4561,436.01443163520327,146,1,0.4065040650406504,0.0,50,200,2026-04-06T20:50:50.365691
2026-04-06_09-19-27,4562,429.8593465023521,141,1,0.41493775933609955,0.0,50,200,2026-04-06T20:51:11.260395
2026-04-06_09-19-27,4563,76.3624832146664,59,0,0.04063103430996547,23.021728866442675,50,200,2026-04-06T20:51:23.234777
2026-04-06_09-19-27,4564,417.56921774405305,85,1,0.5405405405405405,0.0,50,200,2026-04-06T20:51:41.344070
2026-04-06_09-19-27,4565,428.0902869430861,132,1,0.43103448275862066,0.0,50,200,2026-04-06T20:52:00.504091
2026-04-06_09-19-27,4566,433.1091379064682,184,1,0.35211267605633806,0.0,50,200,2026-04-06T20:52:22.554263
2026-04-06_09-19-27,4567,149.64344350238207,70,0,0.1620184661016703,4.47213595499958,50,200,2026-04-06T20:52:38.637155
2026-04-06_09-19-27,4568,-32.2701081402121,28,0,0.020550156052385193,47.38143096192854,50,200,2026-04-06T20:52:44.371524
2026-04-06_09-19-27,4569,350.61528443813097,75,1,0.5714285714285714,0.0,50,200,2026-04-06T20:53:36.959231
2026-04-06_09-19-27,4570,421.000956283402,116,1,0.4629629629629629,0.0,50,200,2026-04-06T20:53:56.353996
2026-04-06_09-19-27,4571,2.592114429728184,37,0,0.025265319745010284,38.2099463490856,50,200,2026-04-06T20:54:05.461822
2026-04-06_09-19-27,4572,429.0296400571646,128,1,0.43859649122807015,0.0,50,200,2026-04-06T20:54:24.788371
2026-04-06_09-19-27,4573,88.88339143948107,61,0,0.039968984353617266,23.40939982143925,50,200,2026-04-06T20:54:37.822514
2026-04-06_09-19-27,4574,67.5345056000876,46,0,0.0340684726455707,27.892651361962706,50,200,2026-04-06T20:54:49.568224
2026-04-06_09-19-27,4575,40.173546948165495,49,0,0.029160947167770086,32.802438933713454,50,200,2026-04-06T20:54:59.731446
2026-04-06_09-19-27,4576,434.11742050656636,154,1,0.39370078740157477,0.0,50,200,2026-04-06T20:55:18.421033
2026-04-06_09-19-27,4577,-41.23682050544171,15,0,0.019712893135123418,49.57822102496216,50,200,2026-04-06T20:55:22.816078
2026-04-06_09-19-27,4578,429.64531911651716,148,1,0.40322580645161293,0.0,50,200,2026-04-06T20:55:43.546690
2026-04-06_09-19-27,4579,-62.3114463526133,17,0,0.018633209722211712,52.49761899362675,50,200,2026-04-06T20:55:48.080881
2026-04-06_09-19-27,4580,-77.19587233395089,17,0,0.020294656542162202,48.104053883222775,50,200,2026-04-06T20:55:53.207015
2026-04-06_09-19-27,4581,-44.172118945743556,20,0,0.020880981069933812,46.69047011971501,50,200,2026-04-06T20:55:58.440435
2026-04-06_09-19-27,4582,419.31807549975827,119,1,0.4566210045662101,0.0,50,200,2026-04-06T20:56:17.925887
2026-04-06_09-19-27,4583,420.85063299855705,128,1,0.43859649122807015,0.0,50,200,2026-04-06T20:56:38.057390
2026-04-06_09-19-27,4584,32.619081890668554,37,0,0.03372195498095707,28.284271247461902,50,200,2026-04-06T20:56:47.686832
2026-04-06_09-19-27,4585,430.31171776317564,159,1,0.3861003861003861,0.0,50,200,2026-04-06T20:57:08.968375
2026-04-06_09-19-27,4586,21.256513628537988,33,0,0.02617240750058775,36.87817782917155,50,200,2026-04-06T20:57:16.982865
2026-04-06_09-19-27,4587,423.12699699249373,98,1,0.5050505050505051,0.0,50,200,2026-04-06T20:57:35.422832
2026-04-06_09-19-27,4588,437.6894094500956,168,1,0.373134328358209,0.0,50,200,2026-04-06T20:57:55.717659
2026-04-06_09-19-27,4589,416.7925218839043,74,1,0.5747126436781609,0.0,50,200,2026-04-06T20:58:12.826817
2026-04-06_09-19-27,4590,57.689264965633456,35,0,0.03374471373530562,28.284271247461902,50,200,2026-04-06T20:58:22.095255
2026-04-06_09-19-27,4591,435.23408666468765,148,1,0.40322580645161293,0.0,50,200,2026-04-06T20:58:41.728500
2026-04-06_09-19-27,4592,421.1797869271624,110,1,0.47619047619047616,0.0,50,200,2026-04-06T20:59:00.790948
2026-04-06_09-19-27,4593,424.81621344119856,135,1,0.425531914893617,0.0,50,200,2026-04-06T20:59:21.141867
2026-04-06_09-19-27,4594,439.4277253280518,185,1,0.3508771929824561,0.0,50,200,2026-04-06T20:59:43.472262
2026-04-06_09-19-27,4595,115.78033225306474,44,0,0.050511275762931254,18.35755975068582,50,200,2026-04-06T20:59:55.002865
2026-04-06_09-19-27,4596,332.87590708720785,200,0,0.16227766016837933,3.1622776601683795,50,200,2026-04-06T21:00:18.350341
2026-04-06_09-19-27,4597,146.87335325291508,72,0,0.06959372956384496,12.649110640673518,50,200,2026-04-06T21:00:33.060305
2026-04-06_09-19-27,4598,434.6969468948709,174,1,0.36496350364963503,0.0,50,200,2026-04-06T21:00:53.464305
2026-04-06_09-19-27,4599,427.4026573659821,111,1,0.4739336492890995,0.0,50,200,2026-04-06T21:01:11.387062
2026-04-06_09-19-27,4600,439.2157377082451,189,1,0.3460207612456747,0.0,50,200,2026-04-06T21:01:33.094529
2026-04-06_09-19-27,4601,-22.789509391678166,27,0,0.022123029796754807,43.93176527297759,50,200,2026-04-06T21:02:15.979381
2026-04-06_09-19-27,4602,413.01752197861003,120,1,0.45454545454545453,0.0,50,200,2026-04-06T21:02:35.834506
2026-04-06_09-19-27,4603,426.68443158995325,165,1,0.3773584905660377,0.0,50,200,2026-04-06T21:02:56.517631
2026-04-06_09-19-27,4604,430.5847218005985,149,1,0.4016064257028112,0.0,50,200,2026-04-06T21:03:16.931449
2026-04-06_09-19-27,4605,436.68519989503204,161,1,0.38314176245210724,0.0,50,200,2026-04-06T21:03:38.060458
2026-04-06_09-19-27,4606,54.33005519814935,67,0,0.04406490646895909,21.02379604162864,50,200,2026-04-06T21:03:52.171652
2026-04-06_09-19-27,4607,443.5359307539389,174,1,0.36496350364963503,0.0,50,200,2026-04-06T21:04:11.545791
2026-04-06_09-19-27,4608,47.881533188302456,46,0,0.032663983554790464,29.154759474226502,50,200,2026-04-06T21:04:22.210158
2026-04-06_09-19-27,4609,438.2075521838353,176,1,0.3623188405797102,0.0,50,200,2026-04-06T21:04:43.369148
2026-04-06_09-19-27,4610,444.4812290498821,197,1,0.3367003367003367,0.0,50,200,2026-04-06T21:05:04.401367
2026-04-06_09-19-27,4611,-25.220219134438324,29,0,0.02469465578693582,39.20459156782532,50,200,2026-04-06T21:05:12.075151
2026-04-06_09-19-27,4612,410.45288330266277,137,1,0.42194092827004215,0.0,50,200,2026-04-06T21:05:32.918460
2026-04-06_09-19-27,4613,429.05475505320356,149,1,0.4016064257028112,0.0,50,200,2026-04-06T21:05:53.814941
2026-04-06_09-19-27,4614,393.62451105178695,110,1,0.47619047619047616,0.0,50,200,2026-04-06T21:06:14.186925
2026-04-06_09-19-27,4615,77.51753215496137,56,0,0.03680191783073823,25.612496949731394,50,200,2026-04-06T21:06:25.996935
2026-04-06_09-19-27,4616,-3.1312622722908117,26,0,0.0232378736943771,41.773197148410844,50,200,2026-04-06T21:06:32.903651
2026-04-06_09-19-27,4617,437.14001692946954,170,1,0.37037037037037035,0.0,50,200,2026-04-06T21:06:55.289567
2026-04-06_09-19-27,4618,-9.766858053874188,43,0,0.0258851756294228,37.20215047547655,50,200,2026-04-06T21:07:05.370787
2026-04-06_09-19-27,4619,-102.03180459960183,4,0,0.016740850295209303,58.69412236331676,50,200,2026-04-06T21:07:07.632143
2026-04-06_09-19-27,4620,99.81759228143888,75,0,0.04656993146122369,19.72308292331602,50,200,2026-04-06T21:07:22.903937
2026-04-06_09-19-27,4621,425.4747779403751,132,1,0.43103448275862066,0.0,50,200,2026-04-06T21:07:43.712816
2026-04-06_09-19-27,4622,405.1272260087194,131,1,0.4329004329004329,0.0,50,200,2026-04-06T21:08:03.509198
2026-04-06_09-19-27,4623,-103.26465259826408,2,0,0.016173069130115212,60.81118318204309,50,200,2026-04-06T21:08:05.273725
2026-04-06_09-19-27,4624,417.30585218996265,99,1,0.5025125628140703,0.0,50,200,2026-04-06T21:08:24.906928
2026-04-06_09-19-27,4625,343.3257229306458,200,0,0.22654091966098644,1.4142135623730951,50,200,2026-04-06T21:08:47.642449
2026-04-06_09-19-27,4626,416.35769036730903,106,1,0.4854368932038835,0.0,50,200,2026-04-06T21:09:07.511176
2026-04-06_09-19-27,4627,427.7139938362018,138,1,0.42016806722689076,0.0,50,200,2026-04-06T21:09:28.437848
2026-04-06_09-19-27,4628,430.32774885433616,140,1,0.41666666666666663,0.0,50,200,2026-04-06T21:09:48.225177
2026-04-06_09-19-27,4629,403.38728420260344,88,1,0.5319148936170213,0.0,50,200,2026-04-06T21:10:07.375526
2026-04-06_09-19-27,4630,49.52105955231568,81,0,0.04559004778530256,20.12461179749811,50,200,2026-04-06T21:10:22.160251
2026-04-06_09-19-27,4631,194.40725004508653,90,0,0.25641025641025644,2.0,50,200,2026-04-06T21:10:40.188916
2026-04-06_09-19-27,4632,433.36488835757456,145,1,0.4081632653061224,0.0,50,200,2026-04-06T21:10:58.623427
2026-04-06_09-19-27,4633,337.98547288027686,200,0,0.1715728752538099,2.8284271247461903,50,200,2026-04-06T21:11:53.039124
2026-04-06_09-19-27,4634,110.61461812387232,147,0,0.07893881585413523,10.198039027185569,50,200,2026-04-06T21:12:14.300843
2026-04-06_09-19-27,4635,433.29474808842775,179,1,0.35842293906810035,0.0,50,200,2026-04-06T21:12:39.037085
2026-04-06_09-19-27,4636,423.01232926650437,153,1,0.39525691699604737,0.0,50,200,2026-04-06T21:13:02.399898
2026-04-06_09-19-27,4637,40.43668625562617,48,0,0.029405786738992704,32.526911934581186,50,200,2026-04-06T21:13:12.680937
2026-04-06_09-19-27,4638,178.51822793160227,132,0,0.09631816356744569,8.06225774829855,50,200,2026-04-06T21:13:32.791499
2026-04-06_09-19-27,4639,-102.59053799429549,5,0,0.016538820725184505,59.413803110051795,50,200,2026-04-06T21:13:34.811612
2026-04-06_09-19-27,4640,-117.43928809531789,2,0,0.015465605116630277,63.63961030678928,50,200,2026-04-06T21:13:36.053481
2026-04-06_09-19-27,4641,298.79036382263024,200,0,0.09039745979104553,8.06225774829855,50,200,2026-04-06T21:13:57.219468
2026-04-06_09-19-27,4642,297.19148523400014,200,0,0.08042476415070755,9.433981132056603,50,200,2026-04-06T21:14:20.691229
2026-04-06_09-19-27,4643,318.1362994752508,200,0,0.1715728752538099,2.8284271247461903,50,200,2026-04-06T21:14:45.877270
2026-04-06_09-19-27,4644,339.1920459174464,200,0,0.22654091966098644,1.4142135623730951,50,200,2026-04-06T21:15:10.854173
2026-04-06_09-19-27,4645,301.5016474820363,200,0,0.08295048134434817,9.055385138137417,50,200,2026-04-06T21:15:34.549863
2026-04-06_09-19-27,4646,318.0759298874214,200,0,0.16227766016837933,3.1622776601683795,50,200,2026-04-06T21:15:59.147544
2026-04-06_09-19-27,4647,312.7448825073239,200,0,0.1,7.0,50,200,2026-04-06T21:16:21.632710
2026-04-06_09-19-27,4648,50.85139703087138,69,0,0.034832874445089326,27.018512172212592,50,200,2026-04-06T21:16:34.926384
2026-04-06_09-19-27,4649,325.1493827723305,200,0,0.1715728752538099,2.8284271247461903,50,200,2026-04-06T21:16:59.489462
2026-04-06_09-19-27,4650,403.40267624198566,132,1,0.43103448275862066,0.0,50,200,2026-04-06T21:17:20.394458
2026-04-06_09-19-27,4651,432.8185125606393,178,1,0.3597122302158273,0.0,50,200,2026-04-06T21:17:43.222025
2026-04-06_09-19-27,4652,415.4564943688079,155,1,0.3921568627450981,0.0,50,200,2026-04-06T21:18:05.761068
2026-04-06_09-19-27,4653,429.4458424770787,155,1,0.3921568627450981,0.0,50,200,2026-04-06T21:18:28.015588
2026-04-06_09-19-27,4654,52.09588817592679,61,0,0.03111515949557508,30.528675044947494,50,200,2026-04-06T21:18:40.442805
2026-04-06_09-19-27,4655,311.9555847213358,200,0,0.1,7.0,50,200,2026-04-06T21:19:02.178732
2026-04-06_09-19-27,4656,-82.65891751965873,7,0,0.017328256906283413,56.639209034025185,50,200,2026-04-06T21:19:04.883935
2026-04-06_09-19-27,4657,46.76825916102533,54,0,0.03407982050611642,27.80287754891569,50,200,2026-04-06T21:19:16.177117
2026-04-06_09-19-27,4658,152.2941265773369,113,0,0.08608198135224603,9.486832980505138,50,200,2026-04-06T21:19:34.684317
2026-04-06_09-19-27,4659,125.89338201550811,68,0,0.05780179980152929,15.620499351813308,50,200,2026-04-06T21:19:49.016720
2026-04-06_09-19-27,4660,311.6713486246445,200,0,0.10724372001086317,6.324555320336759,50,200,2026-04-06T21:20:12.654893
2026-04-06_09-19-27,4661,28.133059032399075,59,0,0.02928459961177163,32.55764119219941,50,200,2026-04-06T21:20:23.160205
2026-04-06_09-19-27,4662,43.277649622943855,51,0,0.02962170330663814,32.2490309931942,50,200,2026-04-06T21:20:34.338010
2026-04-06_09-19-27,4663,281.6215763725402,200,0,0.07052017144395645,11.180339887498949,50,200,2026-04-06T21:20:54.669165
2026-04-06_09-19-27,4664,423.2612795475942,132,1,0.43103448275862066,0.0,50,200,2026-04-06T21:21:14.551657
2026-04-06_09-19-27,4665,-53.55526418327093,13,0,0.019478156485739553,50.20956084253277,50,200,2026-04-06T21:22:00.638664
2026-04-06_09-19-27,4666,272.53154906919804,200,0,0.061193278485954634,13.341664064126334,50,200,2026-04-06T21:22:28.028574
2026-04-06_09-19-27,4667,406.57168123950674,159,1,0.3861003861003861,0.0,50,200,2026-04-06T21:22:50.595695
2026-04-06_09-19-27,4668,413.3761675934295,93,1,0.5181347150259067,0.0,50,200,2026-04-06T21:23:09.385596
2026-04-06_09-19-27,4669,39.95257858517411,29,0,0.030907650315967813,31.064449134018133,50,200,2026-04-06T21:23:17.561790
2026-04-06_09-19-27,4670,428.32806303236407,189,1,0.3460207612456747,0.0,50,200,2026-04-06T21:23:39.967684
2026-04-06_09-19-27,4671,337.83649706665125,200,0,0.25,1.0,50,200,2026-04-06T21:24:01.714371
2026-04-06_09-19-27,4672,340.5211665363553,200,0,0.2,2.0,50,200,2026-04-06T21:24:24.112692
2026-04-06_09-19-27,4673,444.5474329879104,183,1,0.35335689045936397,0.0,50,200,2026-04-06T21:24:45.844773
2026-04-06_09-19-27,4674,100.6141705850066,73,0,0.07261323256930319,12.041594578792296,50,200,2026-04-06T21:25:00.547950
2026-04-06_09-19-27,4675,101.67789417890066,57,0,0.05393579545378884,16.97056274847714,50,200,2026-04-06T21:25:14.493592
2026-04-06_09-19-27,4676,430.1589999294987,161,1,0.38314176245210724,0.0,50,200,2026-04-06T21:25:35.290400
2026-04-06_09-19-27,4677,423.00522093346257,132,1,0.43103448275862066,0.0,50,200,2026-04-06T21:25:56.971333
2026-04-06_09-19-27,4678,339.2646294578602,200,0,0.2,2.0,50,200,2026-04-06T21:26:20.243340
2026-04-06_09-19-27,4679,425.1367998686801,137,1,0.42194092827004215,0.0,50,200,2026-04-06T21:26:41.997551
2026-04-06_09-19-27,4680,319.2522074651484,200,0,0.10724372001086317,6.324555320336759,50,200,2026-04-06T21:27:02.797644
2026-04-06_09-19-27,4681,423.0139155764895,113,1,0.4694835680751174,0.0,50,200,2026-04-06T21:27:22.955704
2026-04-06_09-19-27,4682,441.3581345358673,186,1,0.34965034965034963,0.0,50,200,2026-04-06T21:27:43.280320
2026-04-06_09-19-27,4683,-15.06183479787913,35,0,0.022117324960323703,43.86342439892262,50,200,2026-04-06T21:27:50.803309
2026-04-06_09-19-27,4684,18.081111817053326,34,0,0.02572238173661688,37.53664875824692,50,200,2026-04-06T21:27:59.170075
2026-04-06_09-19-27,4685,418.6033177186291,112,1,0.4716981132075471,0.0,50,200,2026-04-06T21:28:20.628999
2026-04-06_09-19-27,4686,402.4035455857533,135,1,0.425531914893617,0.0,50,200,2026-04-06T21:28:40.654217
2026-04-06_09-19-27,4687,-6.549143246872362,30,0,0.025062331188554512,38.600518131237564,50,200,2026-04-06T21:28:48.015395
2026-04-06_09-19-27,4688,121.88800996781336,78,0,0.05684599662620951,15.811388300841896,50,200,2026-04-06T21:29:03.807328
2026-04-06_09-19-27,4689,423.4012292006211,129,1,0.4366812227074236,0.0,50,200,2026-04-06T21:29:23.984992
2026-04-06_09-19-27,4690,160.1822136681787,80,0,0.09954001314446141,8.246211251235321,50,200,2026-04-06T21:29:40.965365
2026-04-06_09-19-27,4691,-100.41530733026305,2,0,0.015989164805324058,61.5223536610881,50,200,2026-04-06T21:29:42.497610
2026-04-06_09-19-27,4692,-55.121456639678584,11,0,0.018707320658026407,52.3450093132096,50,200,2026-04-06T21:29:46.165747
2026-04-06_09-19-27,4693,-35.48120856876123,20,0,0.020853022535542092,46.75467891024384,50,200,2026-04-06T21:29:51.635063
2026-04-06_09-19-27,4694,121.77795029145159,51,0,0.05402485143165856,17.0,50,200,2026-04-06T21:30:04.455497
2026-04-06_09-19-27,4695,426.08270351643006,124,1,0.4464285714285714,0.0,50,200,2026-04-06T21:30:25.488530
2026-04-06_09-19-27,4696,424.39634654097205,117,1,0.4608294930875576,0.0,50,200,2026-04-06T21:30:45.413189
2026-04-06_09-19-27,4697,77.15818728945469,65,0,0.051402005599398164,17.804493814764857,50,200,2026-04-06T21:31:34.375299
2026-04-06_09-19-27,4698,426.024762919614,142,1,0.4132231404958678,0.0,50,200,2026-04-06T21:31:54.738689
2026-04-06_09-19-27,4699,-15.248507984075957,29,0,0.0226799185428562,42.80186911806539,50,200,2026-04-06T21:32:01.814705
2026-04-06_09-19-27,4700,27.212360195209328,37,0,0.028225646074974933,34.058772731852805,50,200,2026-04-06T21:32:10.771909
2026-04-06_09-19-27,4701,-12.06101283494938,32,0,0.022809915513124262,42.5205832509386,50,200,2026-04-06T21:32:18.284176
2026-04-06_09-19-27,4702,49.96938970317218,46,0,0.033580029561128544,28.319604517012593,50,200,2026-04-06T21:32:28.899750
2026-04-06_09-19-27,4703,406.7698594519416,132,1,0.43103448275862066,0.0,50,200,2026-04-06T21:32:50.388058
2026-04-06_09-19-27,4704,44.34706614973456,62,0,0.03189575192986623,29.732137494637012,50,200,2026-04-06T21:33:01.750251
2026-04-06_09-19-27,4705,438.90883320833245,181,1,0.35587188612099646,0.0,50,200,2026-04-06T21:33:23.392481
2026-04-06_09-19-27,4706,428.24403659763226,166,1,0.37593984962406013,0.0,50,200,2026-04-06T21:33:47.102647
2026-04-06_09-19-27,4707,425.1877019613524,125,1,0.4444444444444444,0.0,50,200,2026-04-06T21:34:07.638220
2026-04-06_09-19-27,4708,429.3889734948195,140,1,0.41666666666666663,0.0,50,200,2026-04-06T21:34:28.599724
2026-04-06_09-19-27,4709,-70.44153475028206,20,0,0.01983982972134197,49.20365840057018,50,200,2026-04-06T21:34:33.574009
2026-04-06_09-19-27,4710,173.66977032262236,163,0,0.2159827213822894,2.0,50,200,2026-04-06T21:34:58.014383
2026-04-06_09-19-27,4711,337.5779975020287,200,0,0.16227766016837933,3.1622776601683795,50,200,2026-04-06T21:35:18.781761
2026-04-06_09-19-27,4712,-64.52850770387275,7,0,0.018010939050376627,54.45181356024793,50,200,2026-04-06T21:35:21.740413
2026-04-06_09-19-27,4713,432.73198132116295,174,1,0.36496350364963503,0.0,50,200,2026-04-06T21:35:44.379089
2026-04-06_09-19-27,4714,331.6460491575648,200,0,0.19098300562505258,2.23606797749979,50,200,2026-04-06T21:36:08.126354
2026-04-06_09-19-27,4715,334.94249969087457,200,0,0.19098300562505258,2.23606797749979,50,200,2026-04-06T21:36:31.611858
2026-04-06_09-19-27,4716,-70.86405189084813,13,0,0.017676068859740872,55.44366510251645,50,200,2026-04-06T21:36:35.384767
2026-04-06_09-19-27,4717,-41.85263038297835,17,0,0.019705124234958255,49.57822102496216,50,200,2026-04-06T21:36:40.286683
2026-04-06_09-19-27,4718,340.6717757640479,200,0,0.22654091966098644,1.4142135623730951,50,200,2026-04-06T21:37:04.410827
2026-04-06_09-19-27,4719,65.6019702366673,64,0,0.033984836262319615,27.784887978899608,50,200,2026-04-06T21:37:17.378752
2026-04-06_09-19-27,4720,426.0558865915464,139,1,0.41841004184100417,0.0,50,200,2026-04-06T21:37:38.654552
2026-04-06_09-19-27,4721,138.1972776136797,100,0,0.061282691857096276,14.317821063276353,50,200,2026-04-06T21:37:56.786366
2026-04-06_09-19-27,4722,92.87023476984123,59,0,0.04708789015411169,19.6468827043885,50,200,2026-04-06T21:38:11.577688
2026-04-06_09-19-27,4723,393.2870836842489,94,1,0.5154639175257733,0.0,50,200,2026-04-06T21:38:28.101639
2026-04-06_09-19-27,4724,340.5980271670202,200,0,0.19098300562505258,2.23606797749979,50,200,2026-04-06T21:38:48.251053
2026-04-06_09-19-27,4725,416.9455030178036,109,1,0.47846889952153115,0.0,50,200,2026-04-06T21:39:07.053204
2026-04-06_09-19-27,4726,341.55530317027933,200,0,0.22654091966098644,1.4142135623730951,50,200,2026-04-06T21:39:28.800639
2026-04-06_09-19-27,4727,416.04154865248796,103,1,0.4926108374384236,0.0,50,200,2026-04-06T21:39:48.842305
2026-04-06_09-19-27,4728,22.111426740383877,39,0,0.030291302427103196,31.622776601683793,50,200,2026-04-06T21:39:58.740823
2026-04-06_09-19-27,4729,437.6344702321672,162,1,0.38167938931297707,0.0,50,200,2026-04-06T21:40:50.444909
2026-04-06_09-19-27,4730,415.75878217126603,185,1,0.3508771929824561,0.0,50,200,2026-04-06T21:41:12.179373
2026-04-06_09-19-27,4731,432.36857970329703,173,1,0.3663003663003663,0.0,50,200,2026-04-06T21:41:32.643428
2026-04-06_09-19-27,4732,424.74643567619023,148,1,0.40322580645161293,0.0,50,200,2026-04-06T21:41:54.710083
2026-04-06_09-19-27,4733,79.08762322705445,64,0,0.037203960282297,25.238858928247925,50,200,2026-04-06T21:42:07.409926
2026-04-06_09-19-27,4734,-36.08029273924872,20,0,0.021834916300366033,44.598206241955516,50,200,2026-04-06T21:42:13.097130
2026-04-06_09-19-27,4735,343.5330441794955,200,0,0.1715728752538099,2.8284271247461903,50,200,2026-04-06T21:42:31.332220
2026-04-06_09-19-27,4736,342.4894495016462,200,0,0.2,2.0,50,200,2026-04-06T21:42:52.250482
2026-04-06_09-19-27,4737,129.92412003470957,69,0,0.09403558687075918,8.94427190999916,50,200,2026-04-06T21:43:07.805814
2026-04-06_09-19-27,4738,81.36038695600432,62,0,0.03938600580823461,23.769728648009426,50,200,2026-04-06T21:43:20.880744
2026-04-06_09-19-27,4739,153.6452120774374,78,0,0.1103739372061206,7.280109889280518,50,200,2026-04-06T21:43:38.100815
2026-04-06_09-19-27,4740,436.7898544490056,165,1,0.3773584905660377,0.0,50,200,2026-04-06T21:44:00.076910
2026-04-06_09-19-27,4741,-61.32111034647382,8,0,0.01824147930458396,53.74011537017761,50,200,2026-04-06T21:44:03.293860
2026-04-06_09-19-27,4742,416.65085664943535,149,1,0.4016064257028112,0.0,50,200,2026-04-06T21:44:24.023945
2026-04-06_09-19-27,4743,163.71398952645058,82,0,0.09289992006529293,8.94427190999916,50,200,2026-04-06T21:44:39.918337
2026-04-06_09-19-27,4744,426.7057349922576,159,1,0.3861003861003861,0.0,50,200,2026-04-06T21:44:58.076529
2026-04-06_09-19-27,4745,391.25377650056026,83,1,0.5464480874316939,0.0,50,200,2026-04-06T21:45:15.931058
2026-04-06_09-19-27,4746,431.94861285817433,158,1,0.38759689922480617,0.0,50,200,2026-04-06T21:45:36.138569
2026-04-06_09-19-27,4747,333.5107349884958,200,0,0.22654091966098644,1.4142135623730951,50,200,2026-04-06T21:45:59.654259
2026-04-06_09-19-27,4748,432.6182772522293,149,1,0.4016064257028112,0.0,50,200,2026-04-06T21:46:19.159140
2026-04-06_09-19-27,4749,77.37078466854324,63,0,0.03812901277112278,24.596747752497688,50,200,2026-04-06T21:46:31.670924
2026-04-06_09-19-27,4750,417.8111666594106,90,1,0.5263157894736842,0.0,50,200,2026-04-06T21:46:50.637799
2026-04-06_09-19-27,4751,434.2803890387701,190,1,0.3448275862068965,0.0,50,200,2026-04-06T21:47:11.307411
2026-04-06_09-19-27,4752,331.7239511993992,200,0,0.1715728752538099,2.8284271247461903,50,200,2026-04-06T21:47:31.089202
2026-04-06_09-19-27,4753,43.33146693742697,69,0,0.03274993665600376,28.844410203711913,50,200,2026-04-06T21:47:44.407711
2026-04-06_09-19-27,4754,433.90565698798457,157,1,0.3891050583657587,0.0,50,200,2026-04-06T21:48:03.759373
2026-04-06_09-19-27,4755,421.3975201475826,103,1,0.4926108374384236,0.0,50,200,2026-04-06T21:48:23.304193
2026-04-06_09-19-27,4756,425.18268051371484,149,1,0.4016064257028112,0.0,50,200,2026-04-06T21:48:43.116217
2026-04-06_09-19-27,4757,426.8879404756608,148,1,0.40322580645161293,0.0,50,200,2026-04-06T21:49:03.291722
2026-04-06_09-19-27,4758,431.1802018008561,153,1,0.39525691699604737,0.0,50,200,2026-04-06T21:49:24.084367
2026-04-06_09-19-27,4759,423.6891505998077,175,1,0.36363636363636365,0.0,50,200,2026-04-06T21:49:48.527251
2026-04-06_09-19-27,4760,333.4954554941359,200,0,0.2,2.0,50,200,2026-04-06T21:50:12.077850
2026-04-06_09-19-27,4761,425.1153669127936,143,1,0.41152263374485604,0.0,50,200,2026-04-06T21:51:13.204730
2026-04-06_09-19-27,4762,-103.06581125608528,1,0,0.015813927823395878,62.22539674441618,50,200,2026-04-06T21:51:14.543868
2026-04-06_09-19-27,4763,-91.12486718461275,6,0,0.01735251243059088,56.568542494923804,50,200,2026-04-06T21:51:17.230350
2026-04-06_09-19-27,4764,-19.699875859474986,19,0,0.02152068347832231,45.27692569068709,50,200,2026-04-06T21:51:22.875812
2026-04-06_09-19-27,4765,414.66156963041294,102,1,0.49504950495049505,0.0,50,200,2026-04-06T21:51:42.346810
2026-04-06_09-19-27,4766,-97.60385050966639,22,0,0.018675565565957956,52.32590180780452,50,200,2026-04-06T21:51:46.977654
2026-04-06_09-19-27,4767,442.2760649020126,196,1,0.33783783783783783,0.0,50,200,2026-04-06T21:52:08.812239
2026-04-06_09-19-27,4768,435.1574813243139,169,1,0.3717472118959108,0.0,50,200,2026-04-06T21:52:29.024123
2026-04-06_09-19-27,4769,382.2070653015968,178,1,0.3597122302158273,0.0,50,200,2026-04-06T21:52:50.137132
2026-04-06_09-19-27,4770,30.240266894665552,43,0,0.028792181011400936,33.301651610693426,50,200,2026-04-06T21:52:59.213894
2026-04-06_09-19-27,4771,403.2326320919087,96,1,0.5102040816326531,0.0,50,200,2026-04-06T21:53:18.317143
2026-04-06_09-19-27,4772,400.29103512006475,99,1,0.5025125628140703,0.0,50,200,2026-04-06T21:53:37.422646
2026-04-06_09-19-27,4773,425.5610035143824,114,1,0.4672897196261682,0.0,50,200,2026-04-06T21:53:56.300033
2026-04-06_09-19-27,4774,418.943995167228,109,1,0.47846889952153115,0.0,50,200,2026-04-06T21:54:15.244815
2026-04-06_09-19-27,4775,129.46316599890355,67,0,0.05815923227868063,15.524174696260024,50,200,2026-04-06T21:54:29.667798
2026-04-06_09-19-27,4776,413.2860744810808,130,1,0.4347826086956522,0.0,50,200,2026-04-06T21:54:51.649621
2026-04-06_09-19-27,4777,422.5501270352092,111,1,0.4739336492890995,0.0,50,200,2026-04-06T21:55:11.942505
2026-04-06_09-19-27,4778,-80.7999639737032,19,0,0.020260805880334624,48.16637831516918,50,200,2026-04-06T21:55:17.100296
2026-04-06_09-19-27,4779,-58.00793809122407,13,0,0.020319726375127002,48.08326112068523,50,200,2026-04-06T21:55:21.506395
2026-04-06_09-19-27,4780,435.5244736816112,160,1,0.3846153846153846,0.0,50,200,2026-04-06T21:55:42.207098
2026-04-06_09-19-27,4781,387.77957216259114,95,1,0.5128205128205128,0.0,50,200,2026-04-06T21:56:00.221463
2026-04-06_09-19-27,4782,163.31068802003995,110,0,0.08964280368781308,9.055385138137417,50,200,2026-04-06T21:56:19.820950
2026-04-06_09-19-27,4783,421.4981130779577,88,1,0.5319148936170213,0.0,50,200,2026-04-06T21:56:38.683686
2026-04-06_09-19-27,4784,428.13593618804356,136,1,0.42372881355932196,0.0,50,200,2026-04-06T21:56:58.287953
2026-04-06_09-19-27,4785,-106.04774574846383,2,0,0.0158074112826743,62.24146527838174,50,200,2026-04-06T21:57:01.703356
2026-04-06_09-19-27,4786,414.4926103602439,97,1,0.5076142131979695,0.0,50,200,2026-04-06T21:57:22.108079
2026-04-06_09-19-27,4787,428.07089005143496,191,1,0.3436426116838488,0.0,50,200,2026-04-06T21:57:42.648741
2026-04-06_09-19-27,4788,-59.73199044956639,23,0,0.019989808557912925,48.79549159502341,50,200,2026-04-06T21:57:47.872988
2026-04-06_09-19-27,4789,-0.625575893926495,33,0,0.024418101077269733,39.6232255123179,50,200,2026-04-06T21:57:55.584777
2026-04-06_09-19-27,4790,-11.197280841706402,44,0,0.025088596977838985,38.41874542459709,50,200,2026-04-06T21:58:04.891097
2026-04-06_09-19-27,4791,436.96188928787313,184,1,0.35211267605633806,0.0,50,200,2026-04-06T21:58:24.816660
2026-04-06_09-19-27,4792,434.55684128538746,160,1,0.3846153846153846,0.0,50,200,2026-04-06T21:58:46.241434
2026-04-06_09-19-27,4793,-37.324818298183146,26,0,0.022127925164232294,43.93176527297759,50,200,2026-04-06T21:59:20.411051
2026-04-06_09-19-27,4794,372.71644367339326,189,1,0.3460207612456747,0.0,50,200,2026-04-06T21:59:43.981805
2026-04-06_09-19-27,4795,428.2845372287953,165,1,0.3773584905660377,0.0,50,200,2026-04-06T22:00:06.676829
2026-04-06_09-19-27,4796,425.18121823789596,150,1,0.4,0.0,50,200,2026-04-06T22:00:27.235957
2026-04-06_09-19-27,4797,-71.52752518785101,20,0,0.01867587685250993,52.3450093132096,50,200,2026-04-06T22:00:31.760759
2026-04-06_09-19-27,4798,407.46214801564906,172,1,0.36764705882352944,0.0,50,200,2026-04-06T22:00:54.370136
2026-04-06_09-19-27,4799,317.7880293335522,200,0,0.1715728752538099,2.8284271247461903,50,200,2026-04-06T22:01:13.413457
2026-04-06_09-19-27,4800,98.44894245515532,55,0,0.051970173658687314,17.69180601295413,50,200,2026-04-06T22:01:26.003333
2026-04-06_09-19-27,4801,-32.54912404868442,30,0,0.021681688260423125,44.82186966202994,50,200,2026-04-06T22:01:33.465997
2026-04-06_09-19-27,4802,-69.20936251703611,14,0,0.01819687321986581,53.81449618829484,50,200,2026-04-06T22:01:37.360017
2026-04-06_09-19-27,4803,-88.68688818079413,4,0,0.016546163818156382,59.39696961966999,50,200,2026-04-06T22:01:39.349912
2026-04-06_09-19-27,4804,-55.95957424850214,21,0,0.019713105860868958,49.51767361255979,50,200,2026-04-06T22:01:44.486656
2026-04-06_09-19-27,4805,418.91925277751926,127,1,0.44052863436123346,0.0,50,200,2026-04-06T22:02:04.779709
2026-04-06_09-19-27,4806,48.91842590557775,53,0,0.040730329234239825,23.021728866442675,50,200,2026-04-06T22:02:16.540998
2026-04-06_09-19-27,4807,443.7680075450447,190,1,0.3448275862068965,0.0,50,200,2026-04-06T22:02:36.617232
2026-04-06_09-19-27,4808,430.5606728121453,160,1,0.3846153846153846,0.0,50,200,2026-04-06T22:02:56.454447
2026-04-06_09-19-27,4809,438.32203583455725,173,1,0.3663003663003663,0.0,50,200,2026-04-06T22:03:16.962544
2026-04-06_09-19-27,4810,428.05241625192883,146,1,0.4065040650406504,0.0,50,200,2026-04-06T22:03:37.032801
2026-04-06_09-19-27,4811,342.42256192217764,200,0,0.22654091966098644,1.4142135623730951,50,200,2026-04-06T22:04:00.811702
2026-04-06_09-19-27,4812,214.32067901091017,148,0,0.28735632183908044,1.0,50,200,2026-04-06T22:04:22.668483
2026-04-06_09-19-27,4813,401.3177515750477,177,1,0.36101083032490977,0.0,50,200,2026-04-06T22:04:56.996751
2026-04-06_09-19-27,4814,391.451974932205,110,1,0.47619047619047616,0.0,50,200,2026-04-06T22:05:18.405655
2026-04-06_09-19-27,4815,445.3649090972746,184,1,0.35211267605633806,0.0,50,200,2026-04-06T22:05:44.059188
2026-04-06_09-19-27,4816,68.28615065915777,62,0,0.03991896605141219,23.430749027719962,50,200,2026-04-06T22:05:58.884644
2026-04-06_09-19-27,4817,260.8808731845251,200,0,0.052288906360944624,16.1245154965971,50,200,2026-04-06T22:06:22.844191
2026-04-06_09-19-27,4818,-65.42879551191835,9,0,0.01800445350808124,54.45181356024793,50,200,2026-04-06T22:06:26.641124
2026-04-06_09-19-27,4819,432.4360563571172,165,1,0.3773584905660377,0.0,50,200,2026-04-06T22:06:49.224635
2026-04-06_09-19-27,4820,431.3843102885648,137,1,0.42194092827004215,0.0,50,200,2026-04-06T22:07:13.158022
2026-04-06_09-19-27,4821,418.95848103760864,116,1,0.4629629629629629,0.0,50,200,2026-04-06T22:07:34.206445
2026-04-06_09-19-27,4822,385.882516529769,100,1,0.5,0.0,50,200,2026-04-06T22:07:54.887184
2026-04-06_09-19-27,4823,60.280665394876934,56,0,0.038996709568951016,24.08318915758459,50,200,2026-04-06T22:08:07.424715
2026-04-06_09-19-27,4824,316.18451305076746,200,0,0.10724372001086317,6.324555320336759,50,200,2026-04-06T22:08:31.207983
2026-04-06_09-19-27,4825,424.27160265717646,124,1,0.4464285714285714,0.0,50,200,2026-04-06T22:09:32.937359
2026-04-06_09-19-27,4826,434.6702953041974,138,1,0.42016806722689076,0.0,50,200,2026-04-06T22:09:53.906024
2026-04-06_09-19-27,4827,19.470873138802887,33,0,0.0294293743479485,32.64965543462902,50,200,2026-04-06T22:10:02.620742
2026-04-06_09-19-27,4828,-26.53420419220363,20,0,0.021516053076642654,45.27692569068709,50,200,2026-04-06T22:10:07.888572
2026-04-06_09-19-27,4829,-105.11621132149634,3,0,0.016548902026595806,59.39696961966999,50,200,2026-04-06T22:10:09.755870
2026-04-06_09-19-27,4830,-45.9559230694158,38,0,0.027221744119062172,35.35533905932738,50,200,2026-04-06T22:10:18.135787
2026-04-06_09-19-27,4831,9.976052461556236,30,0,0.025748874631919706,37.53664875824692,50,200,2026-04-06T22:10:26.395271
2026-04-06_09-19-27,4832,-128.70460822169804,6,0,0.01673524704989899,58.69412236331676,50,200,2026-04-06T22:10:28.500448
2026-04-06_09-19-27,4833,422.4369801645506,113,1,0.4694835680751174,0.0,50,200,2026-04-06T22:10:48.283048
2026-04-06_09-19-27,4834,-0.825734639096936,33,0,0.025043501732518268,38.600518131237564,50,200,2026-04-06T22:10:56.194262
2026-04-06_09-19-27,4835,-59.92892938065538,15,0,0.020605203270937348,47.38143096192854,50,200,2026-04-06T22:11:01.106314
2026-04-06_09-19-27,4836,88.5775779126408,46,0,0.05357721529121625,17.204650534085253,50,200,2026-04-06T22:11:14.161219
2026-04-06_09-19-27,4837,83.35439722203769,82,0,0.05765624582965212,15.524174696260024,50,200,2026-04-06T22:11:30.804325
2026-04-06_09-19-27,4838,430.6150762035325,147,1,0.40485829959514175,0.0,50,200,2026-04-06T22:11:52.505587
2026-04-06_09-19-27,4839,449.72024610445493,192,1,0.3424657534246575,0.0,50,200,2026-04-06T22:12:11.707590
2026-04-06_09-19-27,4840,-20.384171483359964,26,0,0.02388465754445815,40.607881008493905,50,200,2026-04-06T22:12:18.631133
2026-04-06_09-19-27,4841,417.67603614112994,96,1,0.5102040816326531,0.0,50,200,2026-04-06T22:12:38.426087
2026-04-06_09-19-27,4842,-51.930602038479094,29,0,0.021102512459976037,46.09772228646444,50,200,2026-04-06T22:12:44.427640
2026-04-06_09-19-27,4843,426.86128410263615,152,1,0.3968253968253968,0.0,50,200,2026-04-06T22:13:18.490637
2026-04-06_09-19-27,4844,436.3598996989455,158,1,0.38759689922480617,0.0,50,200,2026-04-06T22:13:38.569261
2026-04-06_09-19-27,4845,-24.559963645831004,23,0,0.025371845850247193,38.18376618407357,50,200,2026-04-06T22:13:45.490084
2026-04-06_09-19-27,4846,139.87902655977055,66,0,0.06750851386574774,13.152946437965905,50,200,2026-04-06T22:14:01.166604
2026-04-06_09-19-27,4847,402.77724251999393,93,1,0.5181347150259067,0.0,50,200,2026-04-06T22:14:19.999043
2026-04-06_09-19-27,4848,-22.81470721571199,22,0,0.02251965899400807,43.18564576337837,50,200,2026-04-06T22:14:26.260695
2026-04-06_09-19-27,4849,417.35503770900607,105,1,0.48780487804878053,0.0,50,200,2026-04-06T22:14:46.736686
2026-04-06_09-19-27,4850,-44.74933855829253,16,0,0.019451703888458124,50.24937810560445,50,200,2026-04-06T22:14:51.276466
2026-04-06_09-19-27,4851,438.91190225934974,184,1,0.35211267605633806,0.0,50,200,2026-04-06T22:15:13.281250
2026-04-06_09-19-27,4852,435.3611963619848,182,1,0.35460992907801414,0.0,50,200,2026-04-06T22:15:36.293276
2026-04-06_09-19-27,4853,425.08252087978804,139,1,0.41841004184100417,0.0,50,200,2026-04-06T22:15:57.976447
2026-04-06_09-19-27,4854,74.86439764008503,49,0,0.0358541713208574,26.40075756488817,50,200,2026-04-06T22:16:09.320521
2026-04-06_09-19-27,4855,328.3956694770246,200,0,0.1715728752538099,2.8284271247461903,50,200,2026-04-06T22:16:31.445904
2026-04-06_09-19-27,4856,424.915764970055,132,1,0.43103448275862066,0.0,50,200,2026-04-06T22:16:52.288375
2026-04-06_09-19-27,4857,324.48348245322984,200,0,0.25,1.0,50,200,2026-04-06T22:17:41.132620
2026-04-06_09-19-27,4858,415.35961471214745,144,1,0.4098360655737705,0.0,50,200,2026-04-06T22:18:04.770307
2026-04-06_09-19-27,4859,65.58381261621454,64,0,0.03353678355195476,28.178005607210743,50,200,2026-04-06T22:18:17.249709
2026-04-06_09-19-27,4860,432.8371122536169,188,1,0.3472222222222222,0.0,50,200,2026-04-06T22:18:43.156241
2026-04-06_09-19-27,4861,401.96287846356677,133,1,0.4291845493562232,0.0,50,200,2026-04-06T22:19:04.104037
2026-04-06_09-19-27,4862,59.95579682478136,52,0,0.03351250849956357,28.319604517012593,50,200,2026-04-06T22:19:15.348879
2026-04-06_09-19-27,4863,111.43739068130928,83,0,0.05930038692094002,15.033296378372908,50,200,2026-04-06T22:19:33.973629
2026-04-06_09-19-27,4864,322.49495105008873,200,0,0.1715728752538099,2.8284271247461903,50,200,2026-04-06T22:19:53.596156
2026-04-06_09-19-27,4865,137.67860786149527,124,0,0.07527081866321139,11.045361017187261,50,200,2026-04-06T22:20:15.658300
2026-04-06_09-19-27,4866,426.60196729946034,168,1,0.373134328358209,0.0,50,200,2026-04-06T22:20:39.901426
2026-04-06_09-19-27,4867,-89.09436723016461,4,0,0.016541556503559787,59.413803110051795,50,200,2026-04-06T22:20:42.036670
2026-04-06_09-19-27,4868,445.7396195562764,180,1,0.35714285714285715,0.0,50,200,2026-04-06T22:21:04.340326
2026-04-06_09-19-27,4869,417.668361857621,119,1,0.4566210045662101,0.0,50,200,2026-04-06T22:21:23.572628
2026-04-06_09-19-27,4870,42.157363170117634,39,0,0.03218368474074831,29.68164415931166,50,200,2026-04-06T22:21:33.444126
2026-04-06_09-19-27,4871,197.00740114504316,91,0,0.2557544757033248,2.0,50,200,2026-04-06T22:21:53.357259
2026-04-06_09-19-27,4872,-13.205363679025368,22,0,0.022181101221403616,43.86342439892262,50,200,2026-04-06T22:21:59.689203
2026-04-06_09-19-27,4873,322.0608210188297,200,0,0.22654091966098644,1.4142135623730951,50,200,2026-04-06T22:22:22.425848
2026-04-06_09-19-27,4874,430.71206481462326,161,1,0.38314176245210724,0.0,50,200,2026-04-06T22:22:42.608213
2026-04-06_09-19-27,4875,428.67028254859434,139,1,0.41841004184100417,0.0,50,200,2026-04-06T22:23:04.382197
2026-04-06_09-19-27,4876,-84.97817746284727,23,0,0.02024439916666743,48.16637831516918,50,200,2026-04-06T22:23:11.133698
2026-04-06_09-19-27,4877,416.0944777839474,162,1,0.38167938931297707,0.0,50,200,2026-04-06T22:23:35.153127
2026-04-06_09-19-27,4878,38.82656269676541,41,0,0.028709603847400025,33.421549934136806,50,200,2026-04-06T22:23:44.555200
2026-04-06_09-19-27,4879,-3.8016151493442294,32,0,0.023568446889970424,41.10960958218893,50,200,2026-04-06T22:23:51.735449
2026-04-06_09-19-27,4880,423.02698073978036,96,1,0.5102040816326531,0.0,50,200,2026-04-06T22:24:10.394289
2026-04-06_09-19-27,4881,430.9780108654092,162,1,0.38167938931297707,0.0,50,200,2026-04-06T22:24:33.040678
2026-04-06_09-19-27,4882,428.278048193374,153,1,0.39525691699604737,0.0,50,200,2026-04-06T22:24:56.582212
2026-04-06_09-19-27,4883,-95.45282804079568,3,0,0.01617045387143193,60.81118318204309,50,200,2026-04-06T22:24:58.302320
2026-04-06_09-19-27,4884,433.9619903551619,155,1,0.3921568627450981,0.0,50,200,2026-04-06T22:25:18.726120
2026-04-06_09-19-27,4885,336.94115548221777,200,0,0.1715728752538099,2.8284271247461903,50,200,2026-04-06T22:25:41.112160
2026-04-06_09-19-27,4886,150.83330664688145,105,0,0.14184397163120568,5.0,50,200,2026-04-06T22:26:01.128753
2026-04-06_09-19-27,4887,436.61376392929316,172,1,0.36764705882352944,0.0,50,200,2026-04-06T22:26:22.806251
2026-04-06_09-19-27,4888,425.7621935172934,156,1,0.390625,0.0,50,200,2026-04-06T22:26:43.717320
2026-04-06_09-19-27,4889,-99.5416952889386,4,0,0.016740850295209303,58.69412236331676,50,200,2026-04-06T22:27:26.880161
2026-04-06_09-19-27,4890,136.16066557058664,57,0,0.06294129295749898,14.317821063276353,50,200,2026-04-06T22:27:40.677566
2026-04-06_09-19-27,4891,41.788102129400144,32,0,0.031512129065053025,30.4138126514911,50,200,2026-04-06T22:27:49.375164
2026-04-06_09-19-27,4892,121.55739122183256,59,0,0.05379236148466918,17.0,50,200,2026-04-06T22:28:02.906409
2026-04-06_09-19-27,4893,61.58757465693181,57,0,0.033106397666048476,28.635642126552707,50,200,2026-04-06T22:28:17.334615
2026-04-06_09-19-27,4894,115.36567273871951,52,0,0.04969913328113005,18.601075237738275,50,200,2026-04-06T22:28:31.351611
2026-04-06_09-19-27,4895,339.8181062425595,200,0,0.22654091966098644,1.4142135623730951,50,200,2026-04-06T22:28:56.863539
2026-04-06_09-19-27,4896,438.14550710617505,191,1,0.3436426116838488,0.0,50,200,2026-04-06T22:29:20.688803
2026-04-06_09-19-27,4897,-14.281116393868942,23,0,0.02208703431201089,44.04543109109048,50,200,2026-04-06T22:29:26.925074
2026-04-06_09-19-27,4898,13.284207281115911,33,0,0.027656282549660426,34.828149534535996,50,200,2026-04-06T22:29:35.158854
2026-04-06_09-19-27,4899,419.8895559188983,123,1,0.4484304932735426,0.0,50,200,2026-04-06T22:29:57.801397
2026-04-06_09-19-27,4900,-96.08813277966009,2,0,0.016173069130115212,60.81118318204309,50,200,2026-04-06T22:29:59.473024
2026-04-06_09-19-27,4901,422.6714089191039,112,1,0.4716981132075471,0.0,50,200,2026-04-06T22:30:20.012361
2026-04-06_09-19-27,4902,447.65611189561764,194,1,0.3401360544217687,0.0,50,200,2026-04-06T22:30:42.552458
2026-04-06_09-19-27,4903,27.70766188290453,40,0,0.027186019668097236,35.38361202590826,50,200,2026-04-06T22:30:51.455162
2026-04-06_09-19-27,4904,419.31224095755823,106,1,0.4854368932038835,0.0,50,200,2026-04-06T22:31:10.335155
2026-04-06_09-19-27,4905,-47.57267019981428,13,0,0.01943297753559482,50.32891812864648,50,200,2026-04-06T22:31:14.588785
2026-04-06_09-19-27,4906,426.6898923483903,132,1,0.43103448275862066,0.0,50,200,2026-04-06T22:31:36.689024
2026-04-06_09-19-27,4907,154.5598224311036,91,0,0.08467762638178633,9.899494936611665,50,200,2026-04-06T22:31:54.490705
2026-04-06_09-19-27,4908,423.18110330177245,116,1,0.4629629629629629,0.0,50,200,2026-04-06T22:32:15.600694
2026-04-06_09-19-27,4909,1.7102721675091601,33,0,0.024858739790064838,38.897300677553446,50,200,2026-04-06T22:32:23.449556
2026-04-06_09-19-27,4910,-23.49067087963823,20,0,0.021434723480767835,45.45327270945405,50,200,2026-04-06T22:32:28.841886
2026-04-06_09-19-27,4911,431.5785449220631,157,1,0.3891050583657587,0.0,50,200,2026-04-06T22:32:50.649725
2026-04-06_09-19-27,4912,409.1483384274706,135,1,0.425531914893617,0.0,50,200,2026-04-06T22:33:10.523408
2026-04-06_09-19-27,4913,3.1997114779419604,29,0,0.02441938991536048,39.66106403010388,50,200,2026-04-06T22:33:18.418179
2026-04-06_09-19-27,4914,438.06000943563436,164,1,0.3787878787878788,0.0,50,200,2026-04-06T22:33:38.983960
2026-04-06_09-19-27,4915,-34.53748867823869,22,0,0.021172594034137824,46.010868281309364,50,200,2026-04-06T22:33:44.628692
2026-04-06_09-19-27,4916,8.671845916331549,39,0,0.024633823407958253,39.20459156782532,50,200,2026-04-06T22:33:52.895596
2026-04-06_09-19-27,4917,418.6636891377695,87,1,0.53475935828877,0.0,50,200,2026-04-06T22:34:11.465297
2026-04-06_09-19-27,4918,-88.9690320195143,4,0,0.016541556503559787,59.413803110051795,50,200,2026-04-06T22:34:13.580676
2026-04-06_09-19-27,4919,-103.10513959280098,1,0,0.015813927823395878,62.22539674441618,50,200,2026-04-06T22:34:14.881047
2026-04-06_09-19-27,4920,425.3556327838466,143,1,0.41152263374485604,0.0,50,200,2026-04-06T22:34:36.337612
2026-04-06_09-19-27,4921,-116.48283995364746,12,0,0.016914749661705007,58.0,50,200,2026-04-06T22:35:02.181443
2026-04-06_09-19-27,4922,415.73394713162685,114,1,0.4672897196261682,0.0,50,200,2026-04-06T22:35:22.449936
2026-04-06_09-19-27,4923,432.1882430023124,170,1,0.37037037037037035,0.0,50,200,2026-04-06T22:35:45.957645
2026-04-06_09-19-27,4924,424.57532900717285,121,1,0.45248868778280543,0.0,50,200,2026-04-06T22:36:05.465745
2026-04-06_09-19-27,4925,434.82024445616656,170,1,0.37037037037037035,0.0,50,200,2026-04-06T22:36:30.378384
2026-04-06_09-19-27,4926,146.78890726697105,75,0,0.14015093232325798,5.385164807134504,50,200,2026-04-06T22:36:47.499693
2026-04-06_09-19-27,4927,426.02021343488576,128,1,0.43859649122807015,0.0,50,200,2026-04-06T22:37:07.410392
2026-04-06_09-19-27,4928,343.13595465127923,200,0,0.25,1.0,50,200,2026-04-06T22:37:29.849207
2026-04-06_09-19-27,4929,422.33709660611606,127,1,0.44052863436123346,0.0,50,200,2026-04-06T22:37:50.789700
2026-04-06_09-19-27,4930,425.3499668227749,134,1,0.4273504273504274,0.0,50,200,2026-04-06T22:38:11.213496
2026-04-06_09-19-27,4931,175.23744325719704,108,0,0.10313772703645568,7.615773105863909,50,200,2026-04-06T22:38:29.321175
2026-04-06_09-19-27,4932,418.5366119604058,172,1,0.36764705882352944,0.0,50,200,2026-04-06T22:38:49.501399
2026-04-06_09-19-27,4933,334.522859552876,200,0,0.25,1.0,50,200,2026-04-06T22:39:14.296238
2026-04-06_09-19-27,4934,434.74366357893086,196,1,0.33783783783783783,0.0,50,200,2026-04-06T22:39:37.539360
2026-04-06_09-19-27,4935,425.9772476333827,118,1,0.4587155963302753,0.0,50,200,2026-04-06T22:39:55.810796
2026-04-06_09-19-27,4936,341.5695140672532,200,0,0.25,1.0,50,200,2026-04-06T22:40:18.684402
2026-04-06_09-19-27,4937,-78.3176981324221,8,0,0.018235290611014233,53.75872022286245,50,200,2026-04-06T22:40:21.950590
2026-04-06_09-19-27,4938,-73.98991929309673,16,0,0.018696515646186275,52.32590180780452,50,200,2026-04-06T22:40:26.204714
2026-04-06_09-19-27,4939,430.32968090119806,165,1,0.3773584905660377,0.0,50,200,2026-04-06T22:40:48.255343
2026-04-06_09-19-27,4940,-18.443660304883238,40,0,0.022811160590006832,42.43819034784589,50,200,2026-04-06T22:40:57.020085
2026-04-06_09-19-27,4941,341.0265389740168,200,0,0.22654091966098644,1.4142135623730951,50,200,2026-04-06T22:41:19.155429
2026-04-06_09-19-27,4942,425.8832359670751,155,1,0.3921568627450981,0.0,50,200,2026-04-06T22:41:40.431109
2026-04-06_09-19-27,4943,307.4299422694755,200,0,0.10724372001086317,6.324555320336759,50,200,2026-04-06T22:42:04.415753
2026-04-06_09-19-27,4944,429.34296201750874,160,1,0.3846153846153846,0.0,50,200,2026-04-06T22:42:29.515413
2026-04-06_09-19-27,4945,430.1184841551552,165,1,0.3773584905660377,0.0,50,200,2026-04-06T22:42:52.252900
2026-04-06_09-19-27,4946,-14.924441940002112,35,0,0.022117324960323703,43.86342439892262,50,200,2026-04-06T22:42:59.560144
2026-04-06_09-19-27,4947,423.6552719575937,136,1,0.42372881355932196,0.0,50,200,2026-04-06T22:43:21.597617
2026-04-06_09-19-27,4948,419.3868815912176,135,1,0.425531914893617,0.0,50,200,2026-04-06T22:43:43.191496
2026-04-06_09-19-27,4949,417.0028975989493,126,1,0.4424778761061947,0.0,50,200,2026-04-06T22:44:05.857188
2026-04-06_09-19-27,4950,430.9081482149799,144,1,0.4098360655737705,0.0,50,200,2026-04-06T22:44:24.945534
2026-04-06_09-19-27,4951,124.32008083183032,113,0,0.059189729092444555,14.7648230602334,50,200,2026-04-06T22:44:41.998060
2026-04-06_09-19-27,4952,406.173503859895,151,1,0.39840637450199207,0.0,50,200,2026-04-06T22:45:02.091611
2026-04-06_09-19-27,4953,430.2764317726481,137,1,0.42194092827004215,0.0,50,200,2026-04-06T22:46:05.441752
2026-04-06_09-19-27,4954,433.00660788619683,137,1,0.42194092827004215,0.0,50,200,2026-04-06T22:46:24.135735
2026-04-06_09-19-27,4955,-57.77841919275339,20,0,0.020853022535542092,46.75467891024384,50,200,2026-04-06T22:46:29.786135
2026-04-06_09-19-27,4956,420.66232270814186,98,1,0.5050505050505051,0.0,50,200,2026-04-06T22:46:48.368996
2026-04-06_09-19-27,4957,425.21067171137014,136,1,0.42372881355932196,0.0,50,200,2026-04-06T22:47:10.477322
2026-04-06_09-19-27,4958,414.28037737977274,134,1,0.4273504273504274,0.0,50,200,2026-04-06T22:47:31.334334
2026-04-06_09-19-27,4959,415.7202657547022,93,1,0.5181347150259067,0.0,50,200,2026-04-06T22:47:50.818551
2026-04-06_09-19-27,4960,426.90570808141507,132,1,0.43103448275862066,0.0,50,200,2026-04-06T22:48:12.214871
2026-04-06_09-19-27,4961,321.25502370380593,200,0,0.14285714285714285,4.0,50,200,2026-04-06T22:48:32.970311
2026-04-06_09-19-27,4962,-5.946472565433339,26,0,0.022878075352948165,42.44997055358225,50,200,2026-04-06T22:48:39.121207
2026-04-06_09-19-27,4963,178.90940407740987,87,0,0.11184346445431542,7.0710678118654755,50,200,2026-04-06T22:48:57.509463
2026-04-06_09-19-27,4964,20.910586584110618,35,0,0.02614944221147969,36.89173349139343,50,200,2026-04-06T22:49:06.407510
2026-04-06_09-19-27,4965,-6.7685232912086235,29,0,0.022868542970684844,42.43819034784589,50,200,2026-04-06T22:49:13.739854
2026-04-06_09-19-27,4966,21.43850431909722,33,0,0.02624702735827998,36.76955262170047,50,200,2026-04-06T22:49:22.277202
2026-04-06_09-19-27,4967,425.9253466837012,123,1,0.4484304932735426,0.0,50,200,2026-04-06T22:49:42.878966
2026-04-06_09-19-27,4968,417.11485185537674,103,1,0.4926108374384236,0.0,50,200,2026-04-06T22:50:02.199217
2026-04-06_09-19-27,4969,390.69905127632336,105,1,0.48780487804878053,0.0,50,200,2026-04-06T22:50:20.329214
2026-04-06_09-19-27,4970,135.69510011574815,75,0,0.06869901964965093,12.806248474865697,50,200,2026-04-06T22:50:36.155156
2026-04-06_09-19-27,4971,441.2607623381029,183,1,0.35335689045936397,0.0,50,200,2026-04-06T22:50:56.121329
2026-04-06_09-19-27,4972,420.90803007832284,147,1,0.40485829959514175,0.0,50,200,2026-04-06T22:51:16.169408
2026-04-06_09-19-27,4973,7.348434621883186,33,0,0.027237853886300116,35.38361202590826,50,200,2026-04-06T22:51:24.503300
2026-04-06_09-19-27,4974,-97.35124486156083,7,0,0.017552574521620654,55.90169943749474,50,200,2026-04-06T22:51:27.242528
2026-04-06_09-19-27,4975,426.78290098077736,119,1,0.4566210045662101,0.0,50,200,2026-04-06T22:51:45.562081
2026-04-06_09-19-27,4976,440.0927803507841,169,1,0.3717472118959108,0.0,50,200,2026-04-06T22:52:06.184837
2026-04-06_09-19-27,4977,66.31081983649594,60,0,0.03648706107730598,25.80697580112788,50,200,2026-04-06T22:52:18.957290
2026-04-06_09-19-27,4978,25.810066333412934,33,0,0.026748329133880627,36.05551275463989,50,200,2026-04-06T22:52:27.177080
2026-04-06_09-19-27,4979,110.80448948480193,60,0,0.07077158822935553,12.529964086141668,50,200,2026-04-06T22:52:41.062147
2026-04-06_09-19-27,4980,338.2050315833164,200,0,0.1715728752538099,2.8284271247461903,50,200,2026-04-06T22:53:01.817055
2026-04-06_09-19-27,4981,-21.051806574449728,23,0,0.02147160534374664,45.34313619501854,50,200,2026-04-06T22:53:08.852743
2026-04-06_09-19-27,4982,-69.77561743350644,15,0,0.019736449864398636,49.51767361255979,50,200,2026-04-06T22:53:13.641369
2026-04-06_09-19-27,4983,430.6078910832872,133,1,0.4291845493562232,0.0,50,200,2026-04-06T22:53:39.708845
2026-04-06_09-19-27,4984,54.38519245106082,36,0,0.031407527094046817,30.479501308256342,50,200,2026-04-06T22:53:49.849748
2026-04-06_09-19-27,4985,-36.83092243643894,11,0,0.02003787495201671,48.79549159502341,50,200,2026-04-06T22:54:23.045835
2026-04-06_09-19-27,4986,427.047549652606,146,1,0.4065040650406504,0.0,50,200,2026-04-06T22:54:44.385596
2026-04-06_09-19-27,4987,432.6417568245522,147,1,0.40485829959514175,0.0,50,200,2026-04-06T22:55:06.379453
2026-04-06_09-19-27,4988,430.9935755781389,184,1,0.35211267605633806,0.0,50,200,2026-04-06T22:55:28.320845
2026-04-06_09-19-27,4989,303.769569657915,200,0,0.19098300562505258,2.23606797749979,50,200,2026-04-06T22:55:46.499086
2026-04-06_09-19-27,4990,420.9130993096933,108,1,0.4807692307692307,0.0,50,200,2026-04-06T22:56:05.362034
2026-04-06_09-19-27,4991,337.328235571479,200,0,0.16227766016837933,3.1622776601683795,50,200,2026-04-06T22:56:25.184899
2026-04-06_09-19-27,4992,-58.5664545350073,13,0,0.01844834033533425,53.075418038862395,50,200,2026-04-06T22:56:28.993427
2026-04-06_09-19-27,4993,-28.670988462631968,30,0,0.02083747038746322,46.69047011971501,50,200,2026-04-06T22:56:34.595748
2026-04-06_09-19-27,4994,-70.16560439272766,9,0,0.0182319659590375,53.75872022286245,50,200,2026-04-06T22:56:37.830056
2026-04-06_09-19-27,4995,144.0263823997153,55,0,0.07720961814292114,11.40175425099138,50,200,2026-04-06T22:56:51.755407
2026-04-06_09-19-27,4996,344.50531165043895,200,0,0.19098300562505258,2.23606797749979,50,200,2026-04-06T22:57:12.869482
2026-04-06_09-19-27,4997,-72.69134865964992,14,0,0.0202387879284895,48.27007354458868,50,200,2026-04-06T22:57:17.423228
2026-04-06_09-19-27,4998,-99.16574019469698,5,0,0.01714383268577105,57.28001396647874,50,200,2026-04-06T22:57:19.776758
2026-04-06_09-19-27,4999,24.432678095837176,51,0,0.030944573576090168,30.805843601498726,50,200,2026-04-06T22:57:29.461057
2026-04-06_09-19-27,5000,424.73074617129066,129,1,0.4366812227074236,0.0,50,200,2026-04-06T22:57:50.984369
2026-04-06_09-19-27,5001,30.536328649197984,79,0,0.04425042688095631,20.808652046684813,50,200,2026-04-06T22:58:26.718324
2026-04-06_09-19-27,5002,335.10549937804734,200,0,0.16227766016837933,3.1622776601683795,50,200,2026-04-06T22:58:46.705707
2026-04-06_09-19-27,5003,429.48125377017016,142,1,0.4132231404958678,0.0,50,200,2026-04-06T22:59:07.043253
2026-04-06_09-19-27,5004,418.8657241014016,95,1,0.5128205128205128,0.0,50,200,2026-04-06T22:59:26.638033
2026-04-06_09-19-27,5005,48.251864164023374,47,0,0.04176724732472919,22.47220505424423,50,200,2026-04-06T22:59:38.283668
2026-04-06_09-19-27,5006,444.5735823938712,177,1,0.36101083032490977,0.0,50,200,2026-04-06T22:59:56.859438
2026-04-06_09-19-27,5007,410.2409575968803,143,1,0.41152263374485604,0.0,50,200,2026-04-06T23:00:17.948416
2026-04-06_09-19-27,5008,415.42427550384184,169,1,0.3717472118959108,0.0,50,200,2026-04-06T23:00:39.849728
2026-04-06_09-19-27,5009,47.45557517826366,46,0,0.03488825516510923,27.202941017470888,50,200,2026-04-06T23:00:51.142408
2026-04-06_09-19-27,5010,431.26601433753393,152,1,0.3968253968253968,0.0,50,200,2026-04-06T23:01:12.696092
2026-04-06_09-19-27,5011,428.54748064072066,129,1,0.4366812227074236,0.0,50,200,2026-04-06T23:01:33.664737
2026-04-06_09-19-27,5012,423.8290142516735,107,1,0.48309178743961345,0.0,50,200,2026-04-06T23:01:52.015632
2026-04-06_09-19-27,5013,314.9831172009176,200,0,0.09727522475637543,7.280109889280518,50,200,2026-04-06T23:02:15.359597
2026-04-06_09-19-27,5014,345.93261492498095,200,0,0.22654091966098644,1.4142135623730951,50,200,2026-04-06T23:02:37.775292
2026-04-06_09-19-27,5015,-61.17557068004945,18,0,0.019732632816731568,49.49747468305833,50,200,2026-04-06T23:02:42.667417
2026-04-06_09-19-27,5016,109.93351691256723,65,0,0.05170148016841097,17.69180601295413,50,200,2026-04-06T23:02:56.974337
2026-04-06_09-19-27,5017,142.890919677562,105,0,0.10345783922791779,7.615773105863909,50,200,2026-04-06T23:03:50.386918
2026-04-06_09-19-27,5018,307.1680739276848,200,0,0.11925824035672519,5.385164807134504,50,200,2026-04-06T23:04:15.189544
2026-04-06_09-19-27,5019,114.8804610680744,90,0,0.05964427410330974,14.866068747318506,50,200,2026-04-06T23:04:32.436360
2026-04-06_09-19-27,5020,412.8914885380351,158,1,0.38759689922480617,0.0,50,200,2026-04-06T23:04:56.317194
2026-04-06_09-19-27,5021,434.221090000135,197,1,0.3367003367003367,0.0,50,200,2026-04-06T23:05:20.791491
2026-04-06_09-19-27,5022,-65.81307790422457,10,0,0.01800121248814792,54.45181356024793,50,200,2026-04-06T23:05:24.461136
2026-04-06_09-19-27,5023,420.10797526091926,169,1,0.3717472118959108,0.0,50,200,2026-04-06T23:05:50.428908
2026-04-06_09-19-27,5024,69.61558470816364,82,0,0.03467585269407733,27.018512172212592,50,200,2026-04-06T23:06:03.677845
2026-04-06_09-19-27,5025,-8.406753814980505,26,0,0.02310968385795632,42.01190307520001,50,200,2026-04-06T23:06:10.831063
2026-04-06_09-19-27,5026,400.99028887064463,121,1,0.45248868778280543,0.0,50,200,2026-04-06T23:06:30.181082
2026-04-06_09-19-27,5027,426.77650940561443,133,1,0.4291845493562232,0.0,50,200,2026-04-06T23:06:50.937661
2026-04-06_09-19-27,5028,426.7900961967094,143,1,0.41152263374485604,0.0,50,200,2026-04-06T23:07:14.689089
2026-04-06_09-19-27,5029,1.401553782152419,36,0,0.023912085792406508,40.45985664828782,50,200,2026-04-06T23:07:22.468631
2026-04-06_09-19-27,5030,28.918946939317507,51,0,0.032059868177916145,29.68164415931166,50,200,2026-04-06T23:07:33.746724
2026-04-06_09-19-27,5031,114.87211996693487,100,0,0.05407620336742777,16.492422502470642,50,200,2026-04-06T23:07:50.366121
2026-04-06_09-19-27,5032,254.94820518215573,200,0,0.0583357886059212,14.142135623730951,50,200,2026-04-06T23:08:13.376500
2026-04-06_09-19-27,5033,11.091374172145322,42,0,0.028701363799554368,33.421549934136806,50,200,2026-04-06T23:08:23.170226
2026-04-06_09-19-27,5034,339.1314129921838,200,0,0.25,1.0,50,200,2026-04-06T23:08:45.945816
2026-04-06_09-19-27,5035,308.52926281382645,200,0,0.09727522475637543,7.280109889280518,50,200,2026-04-06T23:09:06.989833
2026-04-06_09-19-27,5036,288.2488260504839,200,0,0.10634763241977652,6.4031242374328485,50,200,2026-04-06T23:09:31.314682
2026-04-06_09-19-27,5037,189.53547922086818,132,0,0.14722909061676193,4.47213595499958,50,200,2026-04-06T23:09:54.683759
2026-04-06_09-19-27,5038,371.34220535567295,90,1,0.5263157894736842,0.0,50,200,2026-04-06T23:10:13.945249
2026-04-06_09-19-27,5039,-38.843848399107394,20,0,0.020890325816109886,46.66904755831214,50,200,2026-04-06T23:10:19.257387
2026-04-06_09-19-27,5040,298.4542417545684,200,0,0.1,7.0,50,200,2026-04-06T23:10:41.789357
2026-04-06_09-19-27,5041,54.30725558280933,66,0,0.036825498324842866,25.495097567963924,50,200,2026-04-06T23:11:00.687368
2026-04-06_09-19-27,5042,59.7971164694972,90,0,0.03562204414007368,26.1725046566048,50,200,2026-04-06T23:11:19.306371
2026-04-06_09-19-27,5043,430.5980016694142,134,1,0.4273504273504274,0.0,50,200,2026-04-06T23:11:39.517918
2026-04-06_09-19-27,5044,186.64682172851718,128,0,0.22143156502122127,2.23606797749979,50,200,2026-04-06T23:12:00.472473
2026-04-06_09-19-27,5045,52.38057816418258,81,0,0.040165816118982726,23.08679276123039,50,200,2026-04-06T23:12:18.029937
2026-04-06_09-19-27,5046,147.69909732894664,109,0,0.1091575808122273,7.0710678118654755,50,200,2026-04-06T23:12:36.346785
2026-04-06_09-19-27,5047,438.2848173136713,197,1,0.3367003367003367,0.0,50,200,2026-04-06T23:13:00.251130
2026-04-06_09-19-27,5048,-48.5224987028464,18,0,0.019459205013722284,50.20956084253277,50,200,2026-04-06T23:13:05.239377
2026-04-06_09-19-27,5049,445.7667914272257,200,1,0.3333333333333333,0.0,50,200,2026-04-06T23:14:03.422120
2026-04-06_09-19-27,5050,427.4350410506839,154,1,0.39370078740157477,0.0,50,200,2026-04-06T23:14:25.155137
2026-04-06_09-19-27,5051,0.6015412150675274,35,0,0.02436120862009425,39.698866482558415,50,200,2026-04-06T23:14:33.810478
2026-04-06_09-19-27,5052,102.81995891206115,87,0,0.04447304925654948,20.615528128088304,50,200,2026-04-06T23:14:50.452459
2026-04-06_09-19-27,5053,332.1286096955484,200,0,0.16666666666666666,3.0,50,200,2026-04-06T23:15:12.125443
2026-04-06_09-19-27,5054,331.15638539232873,200,0,0.19098300562505258,2.23606797749979,50,200,2026-04-06T23:15:35.943830
2026-04-06_09-19-27,5055,-76.32485436833404,10,0,0.01731925353204456,56.639209034025185,50,200,2026-04-06T23:15:38.959876
2026-04-06_09-19-27,5056,73.63896974577023,76,0,0.03551040832959818,26.40075756488817,50,200,2026-04-06T23:15:52.334364
2026-04-06_09-19-27,5057,74.07188095658933,78,0,0.037257923850655655,25.059928172283335,50,200,2026-04-06T23:16:06.454635
2026-04-06_09-19-27,5058,-81.30216651563805,13,0,0.017991496425643787,54.45181356024793,50,200,2026-04-06T23:16:09.645976
2026-04-06_09-19-27,5059,-109.5952435546198,5,0,0.01714383268577105,57.28001396647874,50,200,2026-04-06T23:16:11.949776
2026-04-06_09-19-27,5060,33.422182865852136,45,0,0.031779665690033924,30.01666203960727,50,200,2026-04-06T23:16:22.465637
2026-04-06_09-19-27,5061,306.5368138178055,200,0,0.1513878188659973,3.605551275463989,50,200,2026-04-06T23:16:45.499328
2026-04-06_09-19-27,5062,405.24611470848686,160,1,0.3846153846153846,0.0,50,200,2026-04-06T23:17:07.735193
2026-04-06_09-19-27,5063,313.8466990139386,200,0,0.13383054136359812,4.47213595499958,50,200,2026-04-06T23:17:31.606788
2026-04-06_09-19-27,5064,432.8449398261263,164,1,0.3787878787878788,0.0,50,200,2026-04-06T23:17:52.726241
2026-04-06_09-19-27,5065,342.3903634035241,200,0,0.22654091966098644,1.4142135623730951,50,200,2026-04-06T23:18:16.405129
2026-04-06_09-19-27,5066,399.6744065532735,149,1,0.4016064257028112,0.0,50,200,2026-04-06T23:18:39.069999
2026-04-06_09-19-27,5067,-12.474039332576055,52,0,0.02693313402395793,35.608987629529715,50,200,2026-04-06T23:18:48.922390
2026-04-06_09-19-27,5068,136.67062497636107,91,0,0.09165902841429881,9.0,50,200,2026-04-06T23:19:08.275050
2026-04-06_09-19-27,5069,191.73508358402142,136,0,0.21757728669278492,2.23606797749979,50,200,2026-04-06T23:19:29.782362
2026-04-06_09-19-27,5070,-31.80088894842524,23,0,0.020553454035628284,47.4236228055175,50,200,2026-04-06T23:19:35.713400
2026-04-06_09-19-27,5071,11.428192881572087,46,0,0.02716259107076305,35.35533905932738,50,200,2026-04-06T23:19:45.031121
2026-04-06_09-19-27,5072,68.20541206531394,96,0,0.03912233357102033,23.600847442411894,50,200,2026-04-06T23:20:02.177834
2026-04-06_09-19-27,5073,409.0262406483949,144,1,0.4098360655737705,0.0,50,200,2026-04-06T23:20:26.206653
2026-04-06_09-19-27,5074,422.112435892165,140,1,0.41666666666666663,0.0,50,200,2026-04-06T23:20:48.839500
2026-04-06_09-19-27,5075,419.5824114325708,117,1,0.4608294930875576,0.0,50,200,2026-04-06T23:21:10.015562
2026-04-06_09-19-27,5076,-34.445231033098395,34,0,0.021768372816583698,44.598206241955516,50,200,2026-04-06T23:21:16.947386
2026-04-06_09-19-27,5077,322.071858497553,200,0,0.16227766016837933,3.1622776601683795,50,200,2026-04-06T23:21:40.484823
2026-04-06_09-19-27,5078,-74.65322525342918,20,0,0.01751261363236011,55.90169943749474,50,200,2026-04-06T23:21:44.183629
2026-04-06_09-19-27,5079,342.92033754606473,200,0,0.19098300562505258,2.23606797749979,50,200,2026-04-06T23:22:06.117146
2026-04-06_09-19-27,5080,333.68230498567016,200,0,0.22654091966098644,1.4142135623730951,50,200,2026-04-06T23:22:29.762078
2026-04-06_09-19-27,5081,-85.94699683374061,9,0,0.017121845354061967,57.3149195236284,50,200,2026-04-06T23:23:08.622070
2026-04-06_09-19-27,5082,434.86624591561645,174,1,0.36496350364963503,0.0,50,200,2026-04-06T23:23:29.725964
2026-04-06_09-19-27,5083,436.5103669027865,169,1,0.3717472118959108,0.0,50,200,2026-04-06T23:23:49.891532
2026-04-06_09-19-27,5084,94.67551053618384,66,0,0.04632877181050961,19.924858845171276,50,200,2026-04-06T23:24:03.667197
2026-04-06_09-19-27,5085,425.8734068828794,129,1,0.4366812227074236,0.0,50,200,2026-04-06T23:24:24.038195
2026-04-06_09-19-27,5086,424.1075556400269,129,1,0.4366812227074236,0.0,50,200,2026-04-06T23:24:44.780851
2026-04-06_09-19-27,5087,444.7151630273899,195,1,0.3389830508474576,0.0,50,200,2026-04-06T23:25:03.859718
2026-04-06_09-19-27,5088,333.8639889443218,200,0,0.22654091966098644,1.4142135623730951,50,200,2026-04-06T23:25:27.271782
2026-04-06_09-19-27,5089,393.5255531420607,96,1,0.5102040816326531,0.0,50,200,2026-04-06T23:25:46.769925
2026-04-06_09-19-27,5090,400.0738775089184,151,1,0.39840637450199207,0.0,50,200,2026-04-06T23:26:10.892181
2026-04-06_09-19-27,5091,426.09480933310226,179,1,0.35842293906810035,0.0,50,200,2026-04-06T23:26:33.289482
2026-04-06_09-19-27,5092,322.4547060463485,200,0,0.19098300562505258,2.23606797749979,50,200,2026-04-06T23:26:54.622073
2026-04-06_09-19-27,5093,53.46533297617796,50,0,0.03278688524590164,29.0,50,200,2026-04-06T23:27:05.972523
2026-04-06_09-19-27,5094,44.503674526299946,55,0,0.035003572953745156,27.018512172212592,50,200,2026-04-06T23:27:16.833977
2026-04-06_09-19-27,5095,419.8629317202512,109,1,0.47846889952153115,0.0,50,200,2026-04-06T23:27:36.293311
2026-04-06_09-19-27,5096,426.42771733521226,139,1,0.41841004184100417,0.0,50,200,2026-04-06T23:27:57.894864
2026-04-06_09-19-27,5097,425.69688512817913,146,1,0.4065040650406504,0.0,50,200,2026-04-06T23:28:20.183906
2026-04-06_09-19-27,5098,302.0472714495355,200,0,0.12347173609369323,5.0990195135927845,50,200,2026-04-06T23:28:42.358762
2026-04-06_09-19-27,5099,393.67486836569236,135,1,0.425531914893617,0.0,50,200,2026-04-06T23:29:04.539052
2026-04-06_09-19-27,5100,422.69546827851576,126,1,0.4424778761061947,0.0,50,200,2026-04-06T23:29:23.938996
2026-04-06_09-19-27,5101,-38.96707658529988,23,0,0.019973450575125465,48.83646178829912,50,200,2026-04-06T23:29:28.754116
2026-04-06_09-19-27,5102,422.6791246414616,136,1,0.42372881355932196,0.0,50,200,2026-04-06T23:29:51.728551
2026-04-06_09-19-27,5103,-88.11559538348065,13,0,0.018422744448162515,53.150729063673246,50,200,2026-04-06T23:29:55.716580
2026-04-06_09-19-27,5104,405.50060053979354,133,1,0.4291845493562232,0.0,50,200,2026-04-06T23:30:14.560194
2026-04-06_09-19-27,5105,420.77398850735415,187,1,0.3484320557491289,0.0,50,200,2026-04-06T23:30:38.163936
2026-04-06_09-19-27,5106,-97.60694030178503,4,0,0.016541556503559787,59.413803110051795,50,200,2026-04-06T23:30:40.258247
2026-04-06_09-19-27,5107,102.17233255303496,79,0,0.04383312615644002,21.02379604162864,50,200,2026-04-06T23:30:54.960829
2026-04-06_09-19-27,5108,424.6067466079306,165,1,0.3773584905660377,0.0,50,200,2026-04-06T23:31:15.766294
2026-04-06_09-19-27,5109,420.0567336587752,125,1,0.4444444444444444,0.0,50,200,2026-04-06T23:31:36.436171
2026-04-06_09-19-27,5110,-57.92955150689366,14,0,0.01945927420925418,50.24937810560445,50,200,2026-04-06T23:31:40.847722
2026-04-06_09-19-27,5111,391.75526101742656,101,1,0.49751243781094534,0.0,50,200,2026-04-06T23:31:59.377786
2026-04-06_09-19-27,5112,128.0265413759285,77,0,0.05750266164126736,15.620499351813308,50,200,2026-04-06T23:32:14.458764
2026-04-06_09-19-27,5113,-46.27145903027909,24,0,0.020197909807170893,48.27007354458868,50,200,2026-04-06T23:32:55.150429
2026-04-06_09-19-27,5114,-32.912236277056834,22,0,0.021172594034137824,46.010868281309364,50,200,2026-04-06T23:33:00.978309
2026-04-06_09-19-27,5115,414.2550880926728,109,1,0.47846889952153115,0.0,50,200,2026-04-06T23:33:22.209127
2026-04-06_09-19-27,5116,436.3937950918571,167,1,0.37453183520599254,0.0,50,200,2026-04-06T23:33:43.563636
2026-04-06_09-19-27,5117,442.85990958436963,173,1,0.3663003663003663,0.0,50,200,2026-04-06T23:34:03.220068
2026-04-06_09-19-27,5118,434.2485650301989,148,1,0.40322580645161293,0.0,50,200,2026-04-06T23:34:23.028605
2026-04-06_09-19-27,5119,432.8513598843466,162,1,0.38167938931297707,0.0,50,200,2026-04-06T23:34:45.579954
2026-04-06_09-19-27,5120,213.8159593910346,150,0,0.2857142857142857,1.0,50,200,2026-04-06T23:35:06.951667
2026-04-06_09-19-27,5121,395.5527151086692,137,1,0.42194092827004215,0.0,50,200,2026-04-06T23:35:26.439364
2026-04-06_09-19-27,5122,160.51100168327505,81,0,0.11259907267726955,7.0710678118654755,50,200,2026-04-06T23:35:44.191635
2026-04-06_09-19-27,5123,420.3782247104192,110,1,0.47619047619047616,0.0,50,200,2026-04-06T23:36:04.491126
2026-04-06_09-19-27,5124,2.298372283162152,28,0,0.027296048724446006,35.35533905932738,50,200,2026-04-06T23:36:12.205560
2026-04-06_09-19-27,5125,429.60913238469686,143,1,0.41152263374485604,0.0,50,200,2026-04-06T23:36:32.090190
2026-04-06_09-19-27,5126,-52.94762773371849,14,0,0.01914675947371312,51.088159097779204,50,200,2026-04-06T23:36:36.561400
2026-04-06_09-19-27,5127,339.4310218116171,200,0,0.19098300562505258,2.23606797749979,50,200,2026-04-06T23:36:58.487908
2026-04-06_09-19-27,5128,399.2988982442569,113,1,0.4694835680751174,0.0,50,200,2026-04-06T23:37:18.433462
2026-04-06_09-19-27,5129,418.16595364244625,126,1,0.4424778761061947,0.0,50,200,2026-04-06T23:37:38.081667
2026-04-06_09-19-27,5130,442.8779535968943,193,1,0.3412969283276451,0.0,50,200,2026-04-06T23:37:59.284573
2026-04-06_09-19-27,5131,18.84304763157556,34,0,0.02624014010152868,36.76955262170047,50,200,2026-04-06T23:38:08.109669
2026-04-06_09-19-27,5132,338.8316168205908,200,0,0.19098300562505258,2.23606797749979,50,200,2026-04-06T23:38:31.017084
2026-04-06_09-19-27,5133,385.8590804937383,113,1,0.4694835680751174,0.0,50,200,2026-04-06T23:38:51.136219
2026-04-06_09-19-27,5134,422.05810957743074,108,1,0.4807692307692307,0.0,50,200,2026-04-06T23:39:12.398377
2026-04-06_09-19-27,5135,-100.00426809823738,2,0,0.016173069130115212,60.81118318204309,50,200,2026-04-06T23:39:14.154878
2026-04-06_09-19-27,5136,426.02445785843133,135,1,0.425531914893617,0.0,50,200,2026-04-06T23:39:36.197496
2026-04-06_09-19-27,5137,445.2590451503407,197,1,0.3367003367003367,0.0,50,200,2026-04-06T23:39:57.735690
2026-04-06_09-19-27,5138,431.2183123807097,163,1,0.3802281368821293,0.0,50,200,2026-04-06T23:40:20.020999
2026-04-06_09-19-27,5139,92.05219025766264,67,0,0.04161347116948494,22.360679774997898,50,200,2026-04-06T23:40:35.052183
2026-04-06_09-19-27,5140,396.8671804965288,173,1,0.3663003663003663,0.0,50,200,2026-04-06T23:40:59.225375
2026-04-06_09-19-27,5141,364.17195976771626,100,1,0.5,0.0,50,200,2026-04-06T23:41:19.119685
2026-04-06_09-19-27,5142,161.27428131260228,92,0,0.08354305689154333,10.04987562112089,50,200,2026-04-06T23:41:36.727070
2026-04-06_09-19-27,5143,159.34004419831228,85,0,0.08438818565400844,10.0,50,200,2026-04-06T23:41:54.004527
2026-04-06_09-19-27,5144,416.04166857121766,97,1,0.5076142131979695,0.0,50,200,2026-04-06T23:42:13.840424
2026-04-06_09-19-27,5145,-105.36687746300635,3,0,0.016548902026595806,59.39696961966999,50,200,2026-04-06T23:42:51.683801
2026-04-06_09-19-27,5146,411.7714065613542,145,1,0.4081632653061224,0.0,50,200,2026-04-06T23:43:15.543446
2026-04-06_09-19-27,5147,427.7258497027313,192,1,0.3424657534246575,0.0,50,200,2026-04-06T23:43:38.746408
2026-04-06_09-19-27,5148,413.57825819943616,150,1,0.4,0.0,50,200,2026-04-06T23:43:59.037089
2026-04-06_09-19-27,5149,66.22189657045507,44,0,0.03394680707183178,28.0178514522438,50,200,2026-04-06T23:44:09.699847
2026-04-06_09-19-27,5150,332.23095323275135,200,0,0.1715728752538099,2.8284271247461903,50,200,2026-04-06T23:44:30.832463
2026-04-06_09-19-27,5151,-56.469158441259765,15,0,0.019143094191512444,51.088159097779204,50,200,2026-04-06T23:44:35.102310
2026-04-06_09-19-27,5152,335.72910006724646,200,0,0.19098300562505258,2.23606797749979,50,200,2026-04-06T23:44:56.557588
2026-04-06_09-19-27,5153,-7.797961594578851,28,0,0.02276970136929546,42.638011210655684,50,200,2026-04-06T23:45:02.892309
2026-04-06_09-19-27,5154,409.6777399572225,198,1,0.33557046979865773,0.0,50,200,2026-04-06T23:45:23.707482
2026-04-06_09-19-27,5155,176.67879963263562,84,0,0.11221999665050875,7.0710678118654755,50,200,2026-04-06T23:45:40.413268
2026-04-06_09-19-27,5156,415.7827373598253,108,1,0.4807692307692307,0.0,50,200,2026-04-06T23:45:59.681128
2026-04-06_09-19-27,5157,420.9992768303686,167,1,0.37453183520599254,0.0,50,200,2026-04-06T23:46:23.087725
2026-04-06_09-19-27,5158,90.87680259880173,58,0,0.0409744974210915,22.825424421026653,50,200,2026-04-06T23:46:35.493705
2026-04-06_09-19-27,5159,429.54902987125524,137,1,0.42194092827004215,0.0,50,200,2026-04-06T23:46:56.270973
2026-04-06_09-19-27,5160,335.0015087167486,200,0,0.2,2.0,50,200,2026-04-06T23:47:18.466727
2026-04-06_09-19-27,5161,-9.256650445952076,49,0,0.024124007585859447,39.96248240537617,50,200,2026-04-06T23:47:28.879722
2026-04-06_09-19-27,5162,430.72578456561723,172,1,0.36764705882352944,0.0,50,200,2026-04-06T23:47:50.556207
2026-04-06_09-19-27,5163,-27.681056307644113,26,0,0.021763824832906047,44.68780594300866,50,200,2026-04-06T23:47:57.277596
2026-04-06_09-19-27,5164,-8.013207397961622,39,0,0.02572457799653361,37.48332962798263,50,200,2026-04-06T23:48:06.432791
2026-04-06_09-19-27,5165,424.37406474936296,129,1,0.4366812227074236,0.0,50,200,2026-04-06T23:48:25.953277
2026-04-06_09-19-27,5166,3.784911885153477,31,0,0.02618611457381741,36.87817782917155,50,200,2026-04-06T23:48:33.787862
2026-04-06_09-19-27,5167,430.1038237607248,144,1,0.4098360655737705,0.0,50,200,2026-04-06T23:48:55.624119
2026-04-06_09-19-27,5168,157.02428560317253,105,0,0.08404168002151033,9.848857801796104,50,200,2026-04-06T23:49:14.324812
2026-04-06_09-19-27,5169,322.8288641738802,200,0,0.1715728752538099,2.8284271247461903,50,200,2026-04-06T23:49:36.759141
2026-04-06_09-19-27,5170,423.04633098553165,121,1,0.45248868778280543,0.0,50,200,2026-04-06T23:49:56.717483
2026-04-06_09-19-27,5171,-60.694091608470494,20,0,0.019654486164332866,49.678969393496885,50,200,2026-04-06T23:50:01.600898
2026-04-06_09-19-27,5172,164.91153190256142,103,0,0.19880715705765406,3.0,50,200,2026-04-06T23:50:20.405942
2026-04-06_09-19-27,5173,431.6872160881263,157,1,0.3891050583657587,0.0,50,200,2026-04-06T23:50:41.325166
2026-04-06_09-19-27,5174,334.25815215087357,200,0,0.2,2.0,50,200,2026-04-06T23:51:05.732733
2026-04-06_09-19-27,5175,436.3261600759088,193,1,0.3412969283276451,0.0,50,200,2026-04-06T23:51:29.601314
2026-04-06_09-19-27,5176,426.37284038085875,138,1,0.42016806722689076,0.0,50,200,2026-04-06T23:51:53.556180
2026-04-06_09-19-27,5177,332.9231308282888,200,0,0.19098300562505258,2.23606797749979,50,200,2026-04-06T23:52:56.174371
2026-04-06_09-19-27,5178,331.3586183322661,200,0,0.22654091966098644,1.4142135623730951,50,200,2026-04-06T23:53:19.393621
2026-04-06_09-19-27,5179,436.9028077280366,173,1,0.3663003663003663,0.0,50,200,2026-04-06T23:53:40.299742
2026-04-06_09-19-27,5180,408.25783032407435,164,1,0.3787878787878788,0.0,50,200,2026-04-06T23:54:00.293943
2026-04-06_09-19-27,5181,395.4316780757148,96,1,0.5102040816326531,0.0,50,200,2026-04-06T23:54:18.424168
2026-04-06_09-19-27,5182,19.502618313556766,53,0,0.03084811611948123,30.886890422961002,50,200,2026-04-06T23:54:29.439416
2026-04-06_09-19-27,5183,34.737094194250545,61,0,0.028693136430888534,33.24154027718932,50,200,2026-04-06T23:54:39.387665
2026-04-06_09-19-27,5184,416.87026527528667,97,1,0.5076142131979695,0.0,50,200,2026-04-06T23:54:58.764165
2026-04-06_09-19-27,5185,426.2971741208271,162,1,0.38167938931297707,0.0,50,200,2026-04-06T23:55:20.500484
2026-04-06_09-19-27,5186,338.49493300276055,200,0,0.2,2.0,50,200,2026-04-06T23:55:41.753943
2026-04-06_09-19-27,5187,2.227177249937597,37,0,0.02452295436156941,39.408120990476064,50,200,2026-04-06T23:55:50.365906
2026-04-06_09-19-27,5188,131.6166282330352,73,0,0.06586042942710549,13.45362404707371,50,200,2026-04-06T23:56:05.145109
2026-04-06_09-19-27,5189,405.558248734586,93,1,0.5181347150259067,0.0,50,200,2026-04-06T23:56:25.016868
2026-04-06_09-19-27,5190,424.26638984539136,147,1,0.40485829959514175,0.0,50,200,2026-04-06T23:56:46.016866
2026-04-06_09-19-27,5191,-4.035217132704247,30,0,0.02316485535451556,41.86884283091664,50,200,2026-04-06T23:56:53.457156
2026-04-06_09-19-27,5192,440.71215613447447,192,1,0.3424657534246575,0.0,50,200,2026-04-06T23:57:13.799044
2026-04-06_09-19-27,5193,179.76228628334997,113,0,0.12561311928633784,5.830951894845301,50,200,2026-04-06T23:57:31.779804
2026-04-06_09-19-27,5194,336.0901025872258,200,0,0.22654091966098644,1.4142135623730951,50,200,2026-04-06T23:57:54.845757
2026-04-06_09-19-27,5195,77.99234885060407,65,0,0.03665418914138511,25.632011235952593,50,200,2026-04-06T23:58:09.173137
2026-04-06_09-19-27,5196,381.03487941994916,93,1,0.5181347150259067,0.0,50,200,2026-04-06T23:58:27.094117
2026-04-06_09-19-27,5197,329.96733971071075,200,0,0.1715728752538099,2.8284271247461903,50,200,2026-04-06T23:58:47.479080
2026-04-06_09-19-27,5198,419.84282642242016,137,1,0.42194092827004215,0.0,50,200,2026-04-06T23:59:08.624087
2026-04-06_09-19-27,5199,371.2377633239411,118,1,0.4587155963302753,0.0,50,200,2026-04-06T23:59:29.936435
2026-04-06_09-19-27,5200,428.8011759454144,181,1,0.35587188612099646,0.0,50,200,2026-04-06T23:59:52.083452
2026-04-06_09-19-27,5201,147.58670647340847,71,0,0.07102617326867926,12.36931687685298,50,200,2026-04-07T00:00:28.222306
2026-04-06_09-19-27,5202,16.880835864465638,29,0,0.026648657955590845,36.235341863986875,50,200,2026-04-07T00:00:35.944142
2026-04-06_09-19-27,5203,427.56056765582895,128,1,0.43859649122807015,0.0,50,200,2026-04-07T00:00:56.929489
2026-04-06_09-19-27,5204,24.027914652032592,44,0,0.02834639976062961,33.83784863137726,50,200,2026-04-07T00:01:06.421449
2026-04-06_09-19-27,5205,-108.46569488644519,4,0,0.016353701597631574,60.108235708594876,50,200,2026-04-07T00:01:08.382460
2026-04-06_09-19-27,5206,336.0057870827168,200,0,0.1715728752538099,2.8284271247461903,50,200,2026-04-07T00:01:28.445125
2026-04-06_09-19-27,5207,-47.35527186991491,22,0,0.02028263399356456,48.08326112068523,50,200,2026-04-07T00:01:33.763102
2026-04-06_09-19-27,5208,142.0963441200793,87,0,0.07366645351845481,11.704699910719626,50,200,2026-04-07T00:01:50.415430
2026-04-06_09-19-27,5209,307.8776680856895,200,0,0.14038820320220757,4.123105625617661,50,200,2026-04-07T00:02:48.169908
2026-04-06_09-19-27,5210,-14.583412796654684,25,0,0.022077281878363622,44.04543109109048,50,200,2026-04-07T00:02:54.340001
2026-04-06_09-19-27,5211,419.85971441409237,152,1,0.3968253968253968,0.0,50,200,2026-04-07T00:03:17.815284
2026-04-06_09-19-27,5212,228.4746960857052,200,0,0.06593902921292402,12.165525060596439,50,200,2026-04-07T00:03:40.235002
2026-04-06_09-19-27,5213,-101.39971551511066,4,0,0.016541556503559787,59.413803110051795,50,200,2026-04-07T00:03:42.249155
2026-04-06_09-19-27,5214,-52.15557331696808,18,0,0.018938089077595824,51.62363799656123,50,200,2026-04-07T00:03:46.783689
2026-04-06_09-19-27,5215,-66.9751033993005,12,0,0.017994733947558766,54.45181356024793,50,200,2026-04-07T00:03:50.151106
2026-04-06_09-19-27,5216,433.0073393769289,188,1,0.3472222222222222,0.0,50,200,2026-04-07T00:04:11.660488
2026-04-06_09-19-27,5217,423.68790880121264,124,1,0.4464285714285714,0.0,50,200,2026-04-07T00:04:31.450759
2026-04-06_09-19-27,5218,-40.859440233805174,15,0,0.019712893135123418,49.57822102496216,50,200,2026-04-07T00:04:35.800800
2026-04-06_09-19-27,5219,-17.10488293987372,33,0,0.023072360211432302,42.01190307520001,50,200,2026-04-07T00:04:42.544879
2026-04-06_09-19-27,5220,-0.07280200321922337,26,0,0.02402640666939808,40.36087214122113,50,200,2026-04-07T00:04:49.633505
2026-04-06_09-19-27,5221,336.20922423623125,200,0,0.2,2.0,50,200,2026-04-07T00:05:13.365842
2026-04-06_09-19-27,5222,418.4944307019637,131,1,0.4329004329004329,0.0,50,200,2026-04-07T00:05:35.111589
2026-04-06_09-19-27,5223,-21.317826235951046,35,0,0.02318937523482884,41.773197148410844,50,200,2026-04-07T00:05:42.414947
2026-04-06_09-19-27,5224,306.0538667014837,200,0,0.10724372001086317,6.324555320336759,50,200,2026-04-07T00:06:07.936393
2026-04-06_09-19-27,5225,-77.71685707806685,8,0,0.01756052338620037,55.86591089385369,50,200,2026-04-07T00:06:10.850453
2026-04-06_09-19-27,5226,441.03859015343556,190,1,0.3448275862068965,0.0,50,200,2026-04-07T00:06:32.769968
2026-04-06_09-19-27,5227,-96.10709931526644,7,0,0.01634568222534588,60.108235708594876,50,200,2026-04-07T00:06:35.260313
2026-04-06_09-19-27,5228,15.167846915165427,59,0,0.026553811132719058,36.069377593742864,50,200,2026-04-07T00:06:45.669207
2026-04-06_09-19-27,5229,-8.829238320238886,34,0,0.024008860955214727,40.311288741492746,50,200,2026-04-07T00:06:53.188355
2026-04-06_09-19-27,5230,429.693341588485,157,1,0.3891050583657587,0.0,50,200,2026-04-07T00:07:17.119029
2026-04-06_09-19-27,5231,341.30356068150235,200,0,0.19098300562505258,2.23606797749979,50,200,2026-04-07T00:07:38.272853
2026-04-06_09-19-27,5232,423.4003714646398,181,1,0.35587188612099646,0.0,50,200,2026-04-07T00:08:00.995029
2026-04-06_09-19-27,5233,-98.94001494585731,24,0,0.02086355501004516,46.69047011971501,50,200,2026-04-07T00:08:06.841995
2026-04-06_09-19-27,5234,-12.68558820585821,54,0,0.027453274668223476,34.88552708502482,50,200,2026-04-07T00:08:17.187640
2026-04-06_09-19-27,5235,-102.70911083570564,1,0,0.015813927823395878,62.22539674441618,50,200,2026-04-07T00:08:18.634742
2026-04-06_09-19-27,5236,-24.11816609225238,23,0,0.024477871391048036,39.6232255123179,50,200,2026-04-07T00:08:25.254468
2026-04-06_09-19-27,5237,417.95807661451823,102,1,0.49504950495049505,0.0,50,200,2026-04-07T00:08:45.272031
2026-04-06_09-19-27,5238,72.56755908919607,76,0,0.035703052645410446,26.248809496813376,50,200,2026-04-07T00:08:58.716258
2026-04-06_09-19-27,5239,328.2889628521201,200,0,0.1513878188659973,3.605551275463989,50,200,2026-04-07T00:09:22.580236
2026-04-06_09-19-27,5240,-49.88715173057774,16,0,0.020017819224095488,48.79549159502341,50,200,2026-04-07T00:09:27.278901
2026-04-06_09-19-27,5241,-102.57593915811623,1,0,0.015813927823395878,62.22539674441618,50,200,2026-04-07T00:09:57.033356
2026-04-06_09-19-27,5242,-100.57314795471468,2,0,0.015989164805324058,61.5223536610881,50,200,2026-04-07T00:09:58.576603
2026-04-06_09-19-27,5243,315.7779853893802,200,0,0.110098661796365,6.082762530298219,50,200,2026-04-07T00:10:21.667537
2026-04-06_09-19-27,5244,422.2955455300255,106,1,0.4854368932038835,0.0,50,200,2026-04-07T00:10:42.032393
2026-04-06_09-19-27,5245,412.67155998857095,103,1,0.4926108374384236,0.0,50,200,2026-04-07T00:11:00.892787
2026-04-06_09-19-27,5246,7.021663542688671,42,0,0.027587615170458126,34.828149534535996,50,200,2026-04-07T00:11:10.876274
2026-04-06_09-19-27,5247,-105.7809669865099,1,0,0.0156380783423265,62.93647591023825,50,200,2026-04-07T00:11:12.145686
2026-04-06_09-19-27,5248,340.5426205116018,200,0,0.2,2.0,50,200,2026-04-07T00:11:34.558108
2026-04-06_09-19-27,5249,429.4146442586126,159,1,0.3861003861003861,0.0,50,200,2026-04-07T00:11:59.358962
2026-04-06_09-19-27,5250,-106.43239266391168,6,0,0.017130644601492433,57.3149195236284,50,200,2026-04-07T00:12:01.919964
2026-04-06_09-19-27,5251,426.43797120335006,163,1,0.3802281368821293,0.0,50,200,2026-04-07T00:12:23.474228
2026-04-06_09-19-27,5252,337.9285314802325,200,0,0.2,2.0,50,200,2026-04-07T00:12:45.144372
2026-04-06_09-19-27,5253,312.0507968784658,200,0,0.19098300562505258,2.23606797749979,50,200,2026-04-07T00:13:07.078530
2026-04-06_09-19-27,5254,-112.81010695238197,5,0,0.01654342651570396,59.39696961966999,50,200,2026-04-07T00:13:09.117333
2026-04-06_09-19-27,5255,-107.42033771546946,4,0,0.016740850295209303,58.69412236331676,50,200,2026-04-07T00:13:11.158019
2026-04-06_09-19-27,5256,304.6608142037676,200,0,0.12347173609369323,5.0990195135927845,50,200,2026-04-07T00:13:32.493469
2026-04-06_09-19-27,5257,417.3871106338054,127,1,0.44052863436123346,0.0,50,200,2026-04-07T00:13:54.732729
2026-04-06_09-19-27,5258,199.78869198638085,118,0,0.22644578957911832,2.23606797749979,50,200,2026-04-07T00:14:14.828743
2026-04-06_09-19-27,5259,420.9804501730852,141,1,0.41493775933609955,0.0,50,200,2026-04-07T00:14:37.020217
2026-04-06_09-19-27,5260,430.15149919696864,140,1,0.41666666666666663,0.0,50,200,2026-04-07T00:14:56.924661
2026-04-06_09-19-27,5261,-71.82475228082775,28,0,0.01968594088829983,49.51767361255979,50,200,2026-04-07T00:15:02.620714
2026-04-06_09-19-27,5262,324.62503767164316,200,0,0.22654091966098644,1.4142135623730951,50,200,2026-04-07T00:15:27.056195
2026-04-06_09-19-27,5263,64.90716203809231,67,0,0.03883014231289833,24.08318915758459,50,200,2026-04-07T00:15:40.816799
2026-04-06_09-19-27,5264,431.667939522011,177,1,0.36101083032490977,0.0,50,200,2026-04-07T00:16:04.743919
2026-04-06_09-19-27,5265,392.2511962640754,177,1,0.36101083032490977,0.0,50,200,2026-04-07T00:16:27.331068
2026-04-06_09-19-27,5266,-42.141970813797236,18,0,0.020222416840256243,48.27007354458868,50,200,2026-04-07T00:16:32.293073
2026-04-06_09-19-27,5267,184.27264877230874,126,0,0.17048695903197877,3.605551275463989,50,200,2026-04-07T00:16:52.178239
2026-04-06_09-19-27,5268,106.69666612362721,63,0,0.04878533715279344,18.867962264113206,50,200,2026-04-07T00:17:06.057125
2026-04-06_09-19-27,5269,407.0523551356943,111,1,0.4739336492890995,0.0,50,200,2026-04-07T00:17:26.950838
2026-04-06_09-19-27,5270,-44.838846878137986,25,0,0.02217756132837749,43.840620433565945,50,200,2026-04-07T00:17:32.951979
2026-04-06_09-19-27,5271,431.3017303473671,163,1,0.3802281368821293,0.0,50,200,2026-04-07T00:17:56.995744
2026-04-06_09-19-27,5272,162.30113228633107,83,0,0.09186629478974123,9.055385138137417,50,200,2026-04-07T00:18:13.626825
2026-04-06_09-19-27,5273,367.607793214173,130,1,0.4347826086956522,0.0,50,200,2026-04-07T00:19:06.705911
2026-04-06_09-19-27,5274,343.7054433628719,200,0,0.22654091966098644,1.4142135623730951,50,200,2026-04-07T00:19:28.049539
2026-04-06_09-19-27,5275,64.5451127376094,45,0,0.03361124974877229,28.30194339616981,50,200,2026-04-07T00:19:38.735578
2026-04-06_09-19-27,5276,413.67851044612706,112,1,0.4716981132075471,0.0,50,200,2026-04-07T00:19:58.413395
2026-04-06_09-19-27,5277,421.07674248127546,113,1,0.4694835680751174,0.0,50,200,2026-04-07T00:20:18.480732
2026-04-06_09-19-27,5278,341.8644132826348,200,0,0.19098300562505258,2.23606797749979,50,200,2026-04-07T00:20:39.478549
2026-04-06_09-19-27,5279,432.60856939453913,163,1,0.3802281368821293,0.0,50,200,2026-04-07T00:21:02.776854
2026-04-06_09-19-27,5280,342.14402481135517,200,0,0.19098300562505258,2.23606797749979,50,200,2026-04-07T00:21:24.703052
2026-04-06_09-19-27,5281,339.1452310076258,200,0,0.19098300562505258,2.23606797749979,50,200,2026-04-07T00:21:46.941992
2026-04-06_09-19-27,5282,427.8445290394192,142,1,0.4132231404958678,0.0,50,200,2026-04-07T00:22:07.960456
2026-04-06_09-19-27,5283,434.7648774285884,162,1,0.38167938931297707,0.0,50,200,2026-04-07T00:22:28.472465
2026-04-06_09-19-27,5284,428.98692493741413,159,1,0.3861003861003861,0.0,50,200,2026-04-07T00:22:49.454265
2026-04-06_09-19-27,5285,431.44845932321033,140,1,0.41666666666666663,0.0,50,200,2026-04-07T00:23:09.062355
2026-04-06_09-19-27,5286,422.4717460640825,140,1,0.41666666666666663,0.0,50,200,2026-04-07T00:23:30.554465
2026-04-06_09-19-27,5287,331.19399909272477,200,0,0.22654091966098644,1.4142135623730951,50,200,2026-04-07T00:23:53.132831
2026-04-06_09-19-27,5288,-39.881313361150745,25,0,0.02181110411872349,44.598206241955516,50,200,2026-04-07T00:23:59.232211
2026-04-06_09-19-27,5289,412.8753694240316,130,1,0.4347826086956522,0.0,50,200,2026-04-07T00:24:18.566992
2026-04-06_09-19-27,5290,-84.82442927281254,7,0,0.01734950185612465,56.568542494923804,50,200,2026-04-07T00:24:21.103956
2026-04-06_09-19-27,5291,73.39606003819402,65,0,0.04651285402630923,19.849433241279208,50,200,2026-04-07T00:24:34.878999
2026-04-06_09-19-27,5292,342.68274292419716,200,0,0.25,1.0,50,200,2026-04-07T00:24:58.476451
2026-04-06_09-19-27,5293,-29.51946535232861,21,0,0.021511424667093743,45.27692569068709,50,200,2026-04-07T00:25:04.404958
2026-04-06_09-19-27,5294,-14.567654358798706,25,0,0.024060851582825178,40.311288741492746,50,200,2026-04-07T00:25:10.834101
2026-04-06_09-19-27,5295,418.05223849583155,114,1,0.4672897196261682,0.0,50,200,2026-04-07T00:25:30.749997
2026-04-06_09-19-27,5296,434.0349661793178,168,1,0.373134328358209,0.0,50,200,2026-04-07T00:25:53.695073
2026-04-06_09-19-27,5297,328.4555285768293,200,0,0.19098300562505258,2.23606797749979,50,200,2026-04-07T00:26:17.117976
2026-04-06_09-19-27,5298,437.2338613351827,198,1,0.33557046979865773,0.0,50,200,2026-04-07T00:26:40.435856
2026-04-06_09-19-27,5299,414.2173443791973,118,1,0.4587155963302753,0.0,50,200,2026-04-07T00:27:02.092171
2026-04-06_09-19-27,5300,409.41900750279535,118,1,0.4587155963302753,0.0,50,200,2026-04-07T00:27:24.381768
2026-04-06_09-19-27,5301,428.99618212570135,140,1,0.41666666666666663,0.0,50,200,2026-04-07T00:27:46.966130
2026-04-06_09-19-27,5302,426.0523367192144,124,1,0.4464285714285714,0.0,50,200,2026-04-07T00:28:07.060321
2026-04-06_09-19-27,5303,419.3197636000485,129,1,0.4366812227074236,0.0,50,200,2026-04-07T00:28:27.733704
2026-04-06_09-19-27,5304,328.68326549541547,200,0,0.1715728752538099,2.8284271247461903,50,200,2026-04-07T00:28:49.183716
2026-04-06_09-19-27,5305,-63.5785510022038,12,0,0.018703821674130525,52.3450093132096,50,200,2026-04-07T00:29:36.983435
2026-04-06_09-19-27,5306,113.75237607961442,71,0,0.052153280670761824,17.46424919657298,50,200,2026-04-07T00:29:52.243482
2026-04-06_09-19-27,5307,333.95029354751483,200,0,0.1513878188659973,3.605551275463989,50,200,2026-04-07T00:30:14.513577
2026-04-06_09-19-27,5308,398.4319861665685,196,1,0.33783783783783783,0.0,50,200,2026-04-07T00:30:39.246386
2026-04-06_09-19-27,5309,318.7549878942766,200,0,0.19098300562505258,2.23606797749979,50,200,2026-04-07T00:30:59.998883
2026-04-06_09-19-27,5310,90.52174939063951,56,0,0.04654440632849446,19.924858845171276,50,200,2026-04-07T00:31:13.245666
2026-04-06_09-19-27,5311,335.94227875163045,200,0,0.1715728752538099,2.8284271247461903,50,200,2026-04-07T00:31:35.155624
2026-04-06_09-19-27,5312,-53.859280817371086,11,0,0.019470640745373,50.24937810560445,50,200,2026-04-07T00:31:38.971233
2026-04-06_09-19-27,5313,401.21523597393167,108,1,0.4807692307692307,0.0,50,200,2026-04-07T00:31:59.278665
2026-04-06_09-19-27,5314,321.6335208059879,200,0,0.1715728752538099,2.8284271247461903,50,200,2026-04-07T00:32:18.176557
2026-04-06_09-19-27,5315,424.30109993624666,139,1,0.41841004184100417,0.0,50,200,2026-04-07T00:32:38.943950
2026-04-06_09-19-27,5316,31.3112005156281,36,0,0.027589611199588804,34.88552708502482,50,200,2026-04-07T00:32:47.999120
2026-04-06_09-19-27,5317,-85.46891450755632,10,0,0.017770683121916032,55.17245689653489,50,200,2026-04-07T00:32:50.828604
2026-04-06_09-19-27,5318,-92.64744420628821,3,0,0.016356376470631765,60.108235708594876,50,200,2026-04-07T00:32:52.702780
2026-04-06_09-19-27,5319,-42.71507460034698,25,0,0.022785265780218528,42.638011210655684,50,200,2026-04-07T00:32:58.932632
2026-04-06_09-19-27,5320,-95.80956367626104,3,0,0.01617045387143193,60.81118318204309,50,200,2026-04-07T00:33:00.764315
2026-04-06_09-19-27,5321,-40.59089318999786,15,0,0.019736449864398636,49.51767361255979,50,200,2026-04-07T00:33:05.552605
2026-04-06_09-19-27,5322,165.85856892738943,100,0,0.2,3.0,50,200,2026-04-07T00:33:24.618269
2026-04-06_09-19-27,5323,30.239748657117843,44,0,0.027442371020856202,35.0,50,200,2026-04-07T00:33:34.499787
2026-04-06_09-19-27,5324,313.5938884909178,200,0,0.19098300562505258,2.23606797749979,50,200,2026-04-07T00:33:57.227603
2026-04-06_09-19-27,5325,418.61047400292045,150,1,0.4,0.0,50,200,2026-04-07T00:34:17.477688
2026-04-06_09-19-27,5326,407.51183036190275,116,1,0.4629629629629629,0.0,50,200,2026-04-07T00:34:37.090251
2026-04-06_09-19-27,5327,-72.41061053319001,21,0,0.019713105860868958,49.51767361255979,50,200,2026-04-07T00:34:41.976579
2026-04-06_09-19-27,5328,328.37541701624195,200,0,0.19098300562505258,2.23606797749979,50,200,2026-04-07T00:35:03.477835
2026-04-06_09-19-27,5329,437.88724234846694,190,1,0.3448275862068965,0.0,50,200,2026-04-07T00:35:26.354059
2026-04-06_09-19-27,5330,-26.805644441842162,22,0,0.022192326478822594,43.840620433565945,50,200,2026-04-07T00:35:32.510044
2026-04-06_09-19-27,5331,410.39962413363173,154,1,0.39370078740157477,0.0,50,200,2026-04-07T00:35:55.386937
2026-04-06_09-19-27,5332,-67.22691087047143,13,0,0.01921536433030277,50.91168824543142,50,200,2026-04-07T00:35:59.513277
2026-04-06_09-19-27,5333,38.441200685173854,41,0,0.028709603847400025,33.421549934136806,50,200,2026-04-07T00:36:08.624504
2026-04-06_09-19-27,5334,436.52363198888867,178,1,0.3597122302158273,0.0,50,200,2026-04-07T00:36:29.120312
2026-04-06_09-19-27,5335,307.6558088377331,200,0,0.14038820320220757,4.123105625617661,50,200,2026-04-07T00:36:52.634292
2026-04-06_09-19-27,5336,14.06451036140119,38,0,0.027706119044421374,34.713109915419565,50,200,2026-04-07T00:37:01.043754
2026-04-06_09-19-27,5337,336.99554152448115,200,0,0.1715728752538099,2.8284271247461903,50,200,2026-04-07T00:37:51.694032
2026-04-06_09-19-27,5338,-38.837572666313946,20,0,0.01998542591262612,48.83646178829912,50,200,2026-04-07T00:37:57.372216
2026-04-06_09-19-27,5339,-62.75950338967398,41,0,0.023559030145605023,41.036569057366385,50,200,2026-04-07T00:38:06.605423
2026-04-06_09-19-27,5340,-93.74255942646623,8,0,0.016334131032749843,60.14149981501958,50,200,2026-04-07T00:38:08.742622
2026-04-06_09-19-27,5341,435.1010341281946,176,1,0.3623188405797102,0.0,50,200,2026-04-07T00:38:30.639209
2026-04-06_09-19-27,5342,-72.132179260178,11,0,0.01754025945317344,55.90169943749474,50,200,2026-04-07T00:38:34.095494
2026-04-06_09-19-27,5343,181.72426762102367,102,0,0.24875621890547267,2.0,50,200,2026-04-07T00:38:54.580391
2026-04-06_09-19-27,5344,-88.98356522037685,5,0,0.01654342651570396,59.39696961966999,50,200,2026-04-07T00:38:56.744946
2026-04-06_09-19-27,5345,-81.49249655563204,30,0,0.017819632437098727,54.817880294662984,50,200,2026-04-07T00:39:02.131220
2026-04-06_09-19-27,5346,424.52076295230563,178,1,0.3597122302158273,0.0,50,200,2026-04-07T00:39:25.737335
2026-04-06_09-19-27,5347,417.250786053925,98,1,0.5050505050505051,0.0,50,200,2026-04-07T00:39:45.982472
2026-04-06_09-19-27,5348,72.2270289000827,63,0,0.04328833695453011,21.470910553583888,50,200,2026-04-07T00:39:58.958584
2026-04-06_09-19-27,5349,-56.900814388151,27,0,0.01969765103036947,49.49747468305833,50,200,2026-04-07T00:40:04.163490
2026-04-06_09-19-27,5350,330.4744800036565,200,0,0.25,1.0,50,200,2026-04-07T00:40:24.404014
2026-04-06_09-19-27,5351,329.6062029890196,200,0,0.1715728752538099,2.8284271247461903,50,200,2026-04-07T00:40:46.509897
2026-04-06_09-19-27,5352,416.0174127206835,97,1,0.5076142131979695,0.0,50,200,2026-04-07T00:41:05.703013
2026-04-06_09-19-27,5353,42.70907699025945,68,0,0.031158653876965887,30.4138126514911,50,200,2026-04-07T00:41:18.170257
2026-04-06_09-19-27,5354,-48.79406214524542,18,0,0.019189686211282947,50.93132631298737,50,200,2026-04-07T00:41:22.857372
2026-04-06_09-19-27,5355,419.9706524502621,127,1,0.44052863436123346,0.0,50,200,2026-04-07T00:41:43.409050
2026-04-06_09-19-27,5356,-28.639045848331435,40,0,0.022623477693419488,42.80186911806539,50,200,2026-04-07T00:41:51.014099
2026-04-06_09-19-27,5357,-26.09551606915113,39,0,0.021116033140499563,45.967379738244816,50,200,2026-04-07T00:41:58.493464
2026-04-06_09-19-27,5358,81.58794558115243,89,0,0.045220736945229184,20.223748416156685,50,200,2026-04-07T00:42:15.908567
2026-04-06_09-19-27,5359,409.0026345779313,171,1,0.36900369003690037,0.0,50,200,2026-04-07T00:42:35.865844
2026-04-06_09-19-27,5360,-19.20878331107845,25,0,0.023778718182201813,40.80441152620633,50,200,2026-04-07T00:42:42.894371
2026-04-06_09-19-27,5361,-3.735814146871917,36,0,0.023209776503544565,41.72529209005013,50,200,2026-04-07T00:42:50.478027
2026-04-06_09-19-27,5362,-46.60458464927244,17,0,0.019964742570265134,48.91829923454004,50,200,2026-04-07T00:42:55.399606
2026-04-06_09-19-27,5363,414.3318832635555,72,1,0.5813953488372093,0.0,50,200,2026-04-07T00:43:13.194120
2026-04-06_09-19-27,5364,413.3259072236437,178,1,0.3597122302158273,0.0,50,200,2026-04-07T00:43:35.999196
2026-04-06_09-19-27,5365,39.81675864464151,59,0,0.03331629670396173,28.42534080710379,50,200,2026-04-07T00:43:47.751445
2026-04-06_09-19-27,5366,335.2463522523853,200,0,0.19098300562505258,2.23606797749979,50,200,2026-04-07T00:44:11.168870
2026-04-06_09-19-27,5367,334.3070199144609,200,0,0.19098300562505258,2.23606797749979,50,200,2026-04-07T00:44:33.792296
2026-04-06_09-19-27,5368,24.594934363834426,43,0,0.027712002644908813,34.655446902326915,50,200,2026-04-07T00:44:42.792951
2026-04-06_09-19-27,5369,334.6129644468901,200,0,0.19098300562505258,2.23606797749979,50,200,2026-04-07T00:45:31.171684
2026-04-06_09-19-27,5370,396.128150505666,153,1,0.39525691699604737,0.0,50,200,2026-04-07T00:45:52.234217
2026-04-06_09-19-27,5371,338.82330506126385,200,0,0.19098300562505258,2.23606797749979,50,200,2026-04-07T00:46:12.532196
2026-04-06_09-19-27,5372,7.045752078921467,33,0,0.024418101077269733,39.6232255123179,50,200,2026-04-07T00:46:20.118225
2026-04-06_09-19-27,5373,-102.89361543882526,2,0,0.0158074112826743,62.24146527838174,50,200,2026-04-07T00:46:21.581163
2026-04-06_09-19-27,5374,-82.71286630147934,15,0,0.01864015624102159,52.49761899362675,50,200,2026-04-07T00:46:25.378424
2026-04-06_09-19-27,5375,434.60040011007106,186,1,0.34965034965034963,0.0,50,200,2026-04-07T00:46:47.618330
2026-04-06_09-19-27,5376,335.25733439097087,200,0,0.22654091966098644,1.4142135623730951,50,200,2026-04-07T00:47:09.416187
2026-04-06_09-19-27,5377,415.4866811255644,118,1,0.4587155963302753,0.0,50,200,2026-04-07T00:47:29.601711
2026-04-06_09-19-27,5378,-6.476238941051008,41,0,0.023559030145605023,41.036569057366385,50,200,2026-04-07T00:47:37.822672
2026-04-06_09-19-27,5379,376.8532699837232,136,1,0.42372881355932196,0.0,50,200,2026-04-07T00:47:59.534585
2026-04-06_09-19-27,5380,434.02746854031466,196,1,0.33783783783783783,0.0,50,200,2026-04-07T00:48:22.754428
2026-04-06_09-19-27,5381,39.02250333204658,64,0,0.035075341167163446,26.870057685088806,50,200,2026-04-07T00:48:35.171074
2026-04-06_09-19-27,5382,342.2015474093636,200,0,0.2,2.0,50,200,2026-04-07T00:48:57.498256
2026-04-06_09-19-27,5383,358.6514809761414,122,1,0.4504504504504505,0.0,50,200,2026-04-07T00:49:18.204271
2026-04-06_09-19-27,5384,55.14836244003064,52,0,0.031493649719884866,30.23243291566195,50,200,2026-04-07T00:49:29.224127
2026-04-06_09-19-27,5385,385.80322063885296,99,1,0.5025125628140703,0.0,50,200,2026-04-07T00:49:47.919050
2026-04-06_09-19-27,5386,317.55669796348144,200,0,0.19098300562505258,2.23606797749979,50,200,2026-04-07T00:50:09.942760
2026-04-06_09-19-27,5387,373.46026783657675,134,1,0.4273504273504274,0.0,50,200,2026-04-07T00:50:31.906274
2026-04-06_09-19-27,5388,417.3071078993823,117,1,0.4608294930875576,0.0,50,200,2026-04-07T00:50:53.082419
2026-04-06_09-19-27,5389,410.83239776559736,140,1,0.41666666666666663,0.0,50,200,2026-04-07T00:51:12.366416
2026-04-06_09-19-27,5390,376.71163649221415,100,1,0.5,0.0,50,200,2026-04-07T00:51:31.078094
2026-04-06_09-19-27,5391,87.19438760014008,69,0,0.03927771634275392,23.769728648009426,50,200,2026-04-07T00:51:44.524055
2026-04-06_09-19-27,5392,21.931381599590253,31,0,0.0262420775592671,36.796738985948195,50,200,2026-04-07T00:51:51.986142
2026-04-06_09-19-27,5393,431.3913509050952,178,1,0.3597122302158273,0.0,50,200,2026-04-07T00:52:15.884932
2026-04-06_09-19-27,5394,327.4542072169995,200,0,0.1715728752538099,2.8284271247461903,50,200,2026-04-07T00:52:38.976290
2026-04-06_09-19-27,5395,439.6394301652144,188,1,0.3472222222222222,0.0,50,200,2026-04-07T00:52:58.698740
2026-04-06_09-19-27,5396,388.75173899930036,136,1,0.42372881355932196,0.0,50,200,2026-04-07T00:53:20.747865
2026-04-06_09-19-27,5397,337.9724415690171,200,0,0.19098300562505258,2.23606797749979,50,200,2026-04-07T00:53:41.891968
2026-04-06_09-19-27,5398,77.92034311396074,76,0,0.03736920777279521,25.0,50,200,2026-04-07T00:53:55.856508
2026-04-06_09-19-27,5399,366.1601111816309,139,1,0.41841004184100417,0.0,50,200,2026-04-07T00:54:18.358217
2026-04-06_09-19-27,5400,342.2173313228576,200,0,0.2,2.0,50,200,2026-04-07T00:54:37.738555
2026-04-06_09-19-27,5401,409.79527540174934,134,1,0.4273504273504274,0.0,50,200,2026-04-07T00:55:42.282876
2026-04-06_09-19-27,5402,128.42959079015617,68,0,0.06210329539801594,14.422205101855956,50,200,2026-04-07T00:55:57.928866
2026-04-06_09-19-27,5403,-17.932547945562888,27,0,0.02404927866033477,40.311288741492746,50,200,2026-04-07T00:56:05.337460
2026-04-06_09-19-27,5404,442.9760166081455,193,1,0.3412969283276451,0.0,50,200,2026-04-07T00:56:25.817842
2026-04-06_09-19-27,5405,54.9112718053689,52,0,0.031493649719884866,30.23243291566195,50,200,2026-04-07T00:56:36.784158
2026-04-06_09-19-27,5406,426.80237264255106,144,1,0.4098360655737705,0.0,50,200,2026-04-07T00:56:59.044605
2026-04-06_09-19-27,5407,64.88253559718142,73,0,0.03798418283189299,24.596747752497688,50,200,2026-04-07T00:57:12.892530
2026-04-06_09-19-27,5408,-36.5494027768073,32,0,0.020241578740260495,48.08326112068523,50,200,2026-04-07T00:57:18.437929
2026-04-06_09-19-27,5409,340.18022679626085,200,0,0.19098300562505258,2.23606797749979,50,200,2026-04-07T00:57:40.010497
2026-04-06_09-19-27,5410,-16.098097772205406,33,0,0.022841495491096812,42.44997055358225,50,200,2026-04-07T00:57:47.224913
2026-04-06_09-19-27,5411,-82.58274979756769,5,0,0.01693480101608806,58.0,50,200,2026-04-07T00:57:49.490647
2026-04-06_09-19-27,5412,437.1704370234191,156,1,0.390625,0.0,50,200,2026-04-07T00:58:09.615782
2026-04-06_09-19-27,5413,334.0956752232732,200,0,0.19098300562505258,2.23606797749979,50,200,2026-04-07T00:58:28.915362
2026-04-06_09-19-27,5414,-78.16909273182837,20,0,0.018146406990309796,53.907327887774215,50,200,2026-04-07T00:58:33.729948
2026-04-06_09-19-27,5415,332.5583391017034,200,0,0.19098300562505258,2.23606797749979,50,200,2026-04-07T00:58:54.614699
2026-04-06_09-19-27,5416,408.08807944399666,116,1,0.4629629629629629,0.0,50,200,2026-04-07T00:59:15.337541
2026-04-06_09-19-27,5417,427.0101352893222,143,1,0.41152263374485604,0.0,50,200,2026-04-07T00:59:34.699092
2026-04-06_09-19-27,5418,426.5495881417507,145,1,0.4081632653061224,0.0,50,200,2026-04-07T00:59:55.715298
2026-04-06_09-19-27,5419,-106.31406058586875,2,0,0.015989164805324058,61.5223536610881,50,200,2026-04-07T00:59:57.231379
2026-04-06_09-19-27,5420,425.5570031231913,128,1,0.43859649122807015,0.0,50,200,2026-04-07T01:00:16.477692
2026-04-06_09-19-27,5421,431.0237647084635,179,1,0.35842293906810035,0.0,50,200,2026-04-07T01:00:38.218325
2026-04-06_09-19-27,5422,319.9208486952325,200,0,0.19098300562505258,2.23606797749979,50,200,2026-04-07T01:01:00.525519
2026-04-06_09-19-27,5423,412.8276629650943,170,1,0.37037037037037035,0.0,50,200,2026-04-07T01:01:20.164566
2026-04-06_09-19-27,5424,419.36930040524425,105,1,0.48780487804878053,0.0,50,200,2026-04-07T01:01:39.447935
2026-04-06_09-19-27,5425,-10.271745405133757,43,0,0.02476554202055288,38.948684188300895,50,200,2026-04-07T01:01:48.566643
2026-04-06_09-19-27,5426,429.8785067426536,131,1,0.4329004329004329,0.0,50,200,2026-04-07T01:02:07.991509
2026-04-06_09-19-27,5427,-12.565652329744793,43,0,0.022367276487161452,43.278170016764804,50,200,2026-04-07T01:02:15.607684
2026-04-06_09-19-27,5428,-70.02661634388801,24,0,0.023653764302469033,41.036569057366385,50,200,2026-04-07T01:02:21.832347
2026-04-06_09-19-27,5429,435.53570334783507,182,1,0.35460992907801414,0.0,50,200,2026-04-07T01:02:42.679528
2026-04-06_09-19-27,5430,410.8244494052011,140,1,0.41666666666666663,0.0,50,200,2026-04-07T01:03:01.796763
2026-04-06_09-19-27,5431,427.78677625525955,147,1,0.40485829959514175,0.0,50,200,2026-04-07T01:03:24.693501
2026-04-06_09-19-27,5432,408.3696888750353,138,1,0.42016806722689076,0.0,50,200,2026-04-07T01:03:44.499167
2026-04-06_09-19-27,5433,269.56678570680435,200,0,0.25,1.0,50,200,2026-04-07T01:04:40.787644
2026-04-06_09-19-27,5434,421.6048328964114,114,1,0.4672897196261682,0.0,50,200,2026-04-07T01:05:01.930672
2026-04-06_09-19-27,5435,329.7979405170682,200,0,0.19098300562505258,2.23606797749979,50,200,2026-04-07T01:05:25.486253
2026-04-06_09-19-27,5436,434.9264311429739,192,1,0.3424657534246575,0.0,50,200,2026-04-07T01:05:49.024413
2026-04-06_09-19-27,5437,56.94981064385469,181,0,0.09197721606227507,8.06225774829855,50,200,2026-04-07T01:06:12.624363
2026-04-06_09-19-27,5438,426.6284222853277,198,1,0.33557046979865773,0.0,50,200,2026-04-07T01:06:36.168460
2026-04-06_09-19-27,5439,-102.55957552339099,9,0,0.017101422757969338,57.38466694161429,50,200,2026-04-07T01:06:39.124642
2026-04-06_09-19-27,5440,330.11232121123777,200,0,0.19098300562505258,2.23606797749979,50,200,2026-04-07T01:07:03.393272
2026-04-06_09-19-27,5441,337.04459111309586,200,0,0.22654091966098644,1.4142135623730951,50,200,2026-04-07T01:07:28.605724
2026-04-06_09-19-27,5442,342.16116748740626,200,0,0.25,1.0,50,200,2026-04-07T01:07:50.266288
2026-04-06_09-19-27,5443,141.98085815611455,88,0,0.08116681182215385,10.44030650891055,50,200,2026-04-07T01:08:07.247972
2026-04-06_09-19-27,5444,336.29719958368634,114,1,0.4672897196261682,0.0,50,200,2026-04-07T01:08:28.191881
2026-04-06_09-19-27,5445,438.2407499465431,189,1,0.3460207612456747,0.0,50,200,2026-04-07T01:08:52.538028
2026-04-06_09-19-27,5446,299.8904393307233,200,0,0.08295048134434817,9.055385138137417,50,200,2026-04-07T01:09:16.854492
2026-04-06_09-19-27,5447,-105.1161657742385,2,0,0.015989164805324058,61.5223536610881,50,200,2026-04-07T01:09:18.380252
2026-04-06_09-19-27,5448,92.40289309662549,75,0,0.04147539635265581,22.360679774997898,50,200,2026-04-07T01:09:32.545302
2026-04-06_09-19-27,5449,423.520101748977,145,1,0.4081632653061224,0.0,50,200,2026-04-07T01:09:55.335613
2026-04-06_09-19-27,5450,303.2272187184525,200,0,0.10724372001086317,6.324555320336759,50,200,2026-04-07T01:10:19.323477
2026-04-06_09-19-27,5451,-77.06281805976889,22,0,0.017926964715182073,54.56189146281496,50,200,2026-04-07T01:10:24.019377
2026-04-06_09-19-27,5452,335.25976242325754,200,0,0.22654091966098644,1.4142135623730951,50,200,2026-04-07T01:10:46.694436
2026-04-06_09-19-27,5453,429.2236471446293,164,1,0.3787878787878788,0.0,50,200,2026-04-07T01:11:09.870749
2026-04-06_09-19-27,5454,435.79571126725523,167,1,0.37453183520599254,0.0,50,200,2026-04-07T01:11:31.526208
2026-04-06_09-19-27,5455,194.69379067687225,167,0,0.21413276231263384,2.0,50,200,2026-04-07T01:11:52.223339
2026-04-06_09-19-27,5456,-48.323428269838026,24,0,0.022509520859330657,43.18564576337837,50,200,2026-04-07T01:11:58.157708
2026-04-06_09-19-27,5457,65.23173263908454,81,0,0.03479976766139035,26.92582403567252,50,200,2026-04-07T01:12:12.139424
2026-04-06_09-19-27,5458,438.3193888458227,170,1,0.37037037037037035,0.0,50,200,2026-04-07T01:12:33.024091
2026-04-06_09-19-27,5459,418.7012370521486,172,1,0.36764705882352944,0.0,50,200,2026-04-07T01:12:55.038137
2026-04-06_09-19-27,5460,65.60560750372716,63,0,0.040039663194493494,23.345235059857504,50,200,2026-04-07T01:13:06.782063
2026-04-06_09-19-27,5461,-133.04821607805366,34,0,0.020224878857259664,48.104053883222775,50,200,2026-04-07T01:13:12.628879
2026-04-06_09-19-27,5462,429.25177108074286,192,1,0.3424657534246575,0.0,50,200,2026-04-07T01:13:38.275245
2026-04-06_09-19-27,5463,117.66302343077477,68,0,0.055028436625003875,16.492422502470642,50,200,2026-04-07T01:13:52.996408
2026-04-06_09-19-27,5464,147.66633188281125,143,0,0.10298544624133973,7.280109889280518,50,200,2026-04-07T01:14:14.502212
2026-04-06_09-19-27,5465,3.098541907242179,29,0,0.025266320000864075,38.28837943815329,50,200,2026-04-07T01:15:06.099899
2026-04-06_09-19-27,5466,-49.90856378191384,24,0,0.01916761697796943,50.93132631298737,50,200,2026-04-07T01:15:11.316863
2026-04-06_09-19-27,5467,-52.64587776237228,26,0,0.02025765554761027,48.104053883222775,50,200,2026-04-07T01:15:17.494805
2026-04-06_09-19-27,5468,-43.82028362101771,31,0,0.022427473467155252,43.278170016764804,50,200,2026-04-07T01:15:24.522758
2026-04-06_09-19-27,5469,54.26411084180748,54,0,0.03759408647734556,25.059928172283335,50,200,2026-04-07T01:15:36.958451
2026-04-06_09-19-27,5470,432.88711225809413,194,1,0.3401360544217687,0.0,50,200,2026-04-07T01:15:57.892114
2026-04-06_09-19-27,5471,109.79120964996191,71,0,0.05154159356774948,17.69180601295413,50,200,2026-04-07T01:16:13.138089
2026-04-06_09-19-27,5472,-63.191621506583246,17,0,0.020269019213608054,48.16637831516918,50,200,2026-04-07T01:16:18.199987
2026-04-06_09-19-27,5473,-88.50115139775647,7,0,0.01712771051427586,57.3149195236284,50,200,2026-04-07T01:16:20.803775
2026-04-06_09-19-27,5474,108.2343527289902,80,0,0.046030218521869344,19.924858845171276,50,200,2026-04-07T01:16:35.372973
2026-04-06_09-19-27,5475,138.17124420443932,85,0,0.06253073532693695,14.142135623730951,50,200,2026-04-07T01:16:52.602445
2026-04-06_09-19-27,5476,385.9236550225679,98,1,0.5050505050505051,0.0,50,200,2026-04-07T01:17:11.651687
2026-04-06_09-19-27,5477,423.24218577748286,116,1,0.4629629629629629,0.0,50,200,2026-04-07T01:17:30.124509
2026-04-06_09-19-27,5478,422.5238601260644,142,1,0.4132231404958678,0.0,50,200,2026-04-07T01:17:51.581467
2026-04-06_09-19-27,5479,434.08050826920436,189,1,0.3460207612456747,0.0,50,200,2026-04-07T01:18:11.745950
2026-04-06_09-19-27,5480,332.05814137237485,200,0,0.1715728752538099,2.8284271247461903,50,200,2026-04-07T01:18:33.802451
2026-04-06_09-19-27,5481,407.112561386214,164,1,0.3787878787878788,0.0,50,200,2026-04-07T01:18:56.310807
2026-04-06_09-19-27,5482,429.82797632947165,143,1,0.41152263374485604,0.0,50,200,2026-04-07T01:19:17.082703
2026-04-06_09-19-27,5483,425.23593457377115,178,1,0.3597122302158273,0.0,50,200,2026-04-07T01:19:39.189555
2026-04-06_09-19-27,5484,424.6563954948045,144,1,0.4098360655737705,0.0,50,200,2026-04-07T01:20:00.788822
2026-04-06_09-19-27,5485,-50.30490268787192,28,0,0.021145731434904256,46.010868281309364,50,200,2026-04-07T01:20:07.277956
2026-04-06_09-19-27,5486,-3.9899739834450543,36,0,0.02354624894925768,41.10960958218893,50,200,2026-04-07T01:20:15.345480
2026-04-06_09-19-27,5487,393.10524382280596,127,1,0.44052863436123346,0.0,50,200,2026-04-07T01:20:36.286430
2026-04-06_09-19-27,5488,54.95981665375295,48,0,0.03892953605733857,24.20743687382041,50,200,2026-04-07T01:20:47.942571
2026-04-06_09-19-27,5489,441.3117696855412,183,1,0.35335689045936397,0.0,50,200,2026-04-07T01:21:08.299734
2026-04-06_09-19-27,5490,53.708542514980365,47,0,0.03274513926501187,29.068883707497267,50,200,2026-04-07T01:21:18.359884
2026-04-06_09-19-27,5491,427.3583085110437,132,1,0.43103448275862066,0.0,50,200,2026-04-07T01:21:37.979546
2026-04-06_09-19-27,5492,103.3774339738803,78,0,0.04412943282750404,20.8806130178211,50,200,2026-04-07T01:21:53.544368
2026-04-06_09-19-27,5493,421.56977088042584,129,1,0.4366812227074236,0.0,50,200,2026-04-07T01:22:14.632783
2026-04-06_09-19-27,5494,2.528543579995059,35,0,0.02575107541845748,37.48332962798263,50,200,2026-04-07T01:22:22.969457
2026-04-06_09-19-27,5495,-45.038684615967,29,0,0.022437537812834564,43.278170016764804,50,200,2026-04-07T01:22:29.326084
2026-04-06_09-19-27,5496,41.292846729047724,46,0,0.029317212011024118,32.64965543462902,50,200,2026-04-07T01:22:38.638024
2026-04-06_09-19-27,5497,434.0252880128838,183,1,0.35335689045936397,0.0,50,200,2026-04-07T01:23:29.063340
2026-04-06_09-19-27,5498,-64.69217129888064,39,0,0.01878090562946202,51.85556864985669,50,200,2026-04-07T01:23:35.640296
2026-04-06_09-19-27,5499,2.426249696582204,34,0,0.02482086521679906,38.948684188300895,50,200,2026-04-07T01:23:43.260746
2026-04-06_09-19-27,5500,-6.104245067906888,40,0,0.025682744455201644,37.53664875824692,50,200,2026-04-07T01:23:52.806483
2026-04-06_09-19-27,5501,303.98271474996636,200,0,0.10300566479164913,6.708203932499369,50,200,2026-04-07T01:24:17.323328
2026-04-06_09-19-27,5502,292.8322114799829,200,0,0.13383054136359812,4.47213595499958,50,200,2026-04-07T01:24:39.031308
2026-04-06_09-19-27,5503,173.1029589761755,145,0,0.21339852618474842,2.23606797749979,50,200,2026-04-07T01:24:59.792327
2026-04-06_09-19-27,5504,-13.958485863771728,41,0,0.023182873038447942,41.72529209005013,50,200,2026-04-07T01:25:07.319359
2026-04-06_09-19-27,5505,424.8065492280419,156,1,0.390625,0.0,50,200,2026-04-07T01:25:31.014293
2026-04-06_09-19-27,5506,300.03959171581135,200,0,0.09929433687476769,7.0710678118654755,50,200,2026-04-07T01:25:56.264776
2026-04-06_09-19-27,5507,440.65483323944096,191,1,0.3436426116838488,0.0,50,200,2026-04-07T01:26:18.192915
2026-04-06_09-19-27,5508,-26.25201251349347,33,0,0.022804713777178676,42.5205832509386,50,200,2026-04-07T01:26:25.573336
2026-04-06_09-19-27,5509,434.22906931188584,188,1,0.3472222222222222,0.0,50,200,2026-04-07T01:26:48.449623
2026-04-06_09-19-27,5510,63.52118629926501,78,0,0.044700208544163504,20.591260281974,50,200,2026-04-07T01:27:02.655156
2026-04-06_09-19-27,5511,169.33562142361518,130,0,0.10438293626662164,7.280109889280518,50,200,2026-04-07T01:27:24.128148
2026-04-06_09-19-27,5512,-19.462543663382007,54,0,0.021991668764050995,43.93176527297759,50,200,2026-04-07T01:27:30.970842
2026-04-06_09-19-27,5513,420.88032960787706,174,1,0.36496350364963503,0.0,50,200,2026-04-07T01:27:55.544406
2026-04-06_09-19-27,5514,38.48571662505377,55,0,0.028742619384851974,33.24154027718932,50,200,2026-04-07T01:28:06.238980
2026-04-06_09-19-27,5515,8.009795436908917,42,0,0.024771676860594987,38.948684188300895,50,200,2026-04-07T01:28:14.908912
2026-04-06_09-19-27,5516,293.8904822750156,200,0,0.09039745979104553,8.06225774829855,50,200,2026-04-07T01:28:39.767754
2026-04-06_09-19-27,5517,335.4615580459302,200,0,0.22654091966098644,1.4142135623730951,50,200,2026-04-07T01:29:05.127283
2026-04-06_09-19-27,5518,324.9672127722084,200,0,0.16666666666666666,3.0,50,200,2026-04-07T01:29:26.959380
2026-04-06_09-19-27,5519,-74.11094482479677,22,0,0.019067596840930196,51.22499389946279,50,200,2026-04-07T01:29:31.521418
2026-04-06_09-19-27,5520,334.3097901070576,200,0,0.16227766016837933,3.1622776601683795,50,200,2026-04-07T01:29:52.554712
2026-04-06_09-19-27,5521,334.16760316686515,200,0,0.19098300562505258,2.23606797749979,50,200,2026-04-07T01:30:16.719428
2026-04-06_09-19-27,5522,339.70748911089134,200,0,0.2,2.0,50,200,2026-04-07T01:30:39.040472
2026-04-06_09-19-27,5523,423.59069038559534,163,1,0.3802281368821293,0.0,50,200,2026-04-07T01:31:03.321335
2026-04-06_09-19-27,5524,336.8597528115585,200,0,0.19098300562505258,2.23606797749979,50,200,2026-04-07T01:31:26.192311
2026-04-06_09-19-27,5525,209.8773337885927,163,0,0.2055047329021912,2.23606797749979,50,200,2026-04-07T01:31:48.650996
2026-04-06_09-19-27,5526,304.93143062822395,200,0,0.09929433687476769,7.0710678118654755,50,200,2026-04-07T01:32:10.624797
2026-04-06_09-19-27,5527,-76.76658564914497,7,0,0.01756360764762879,55.86591089385369,50,200,2026-04-07T01:32:13.374397
2026-04-06_09-19-27,5528,300.9302429867619,200,0,0.09727522475637543,7.280109889280518,50,200,2026-04-07T01:32:36.028558
2026-04-06_09-19-27,5529,-34.240379747962265,28,0,0.022685063496778665,42.80186911806539,50,200,2026-04-07T01:33:28.332413
2026-04-06_09-19-27,5530,65.72503819984546,45,0,0.03620236515231759,26.1725046566048,50,200,2026-04-07T01:33:39.398259
2026-04-06_09-19-27,5531,436.4970302029713,178,1,0.3597122302158273,0.0,50,200,2026-04-07T01:33:59.951534
2026-04-06_09-19-27,5532,324.34786091598926,200,0,0.13383054136359812,4.47213595499958,50,200,2026-04-07T01:34:24.034194
2026-04-06_09-19-27,5533,310.29795072424355,200,0,0.1,7.0,50,200,2026-04-07T01:34:50.505162
2026-04-06_09-19-27,5534,-116.21624830137574,7,0,0.016533351882329142,59.413803110051795,50,200,2026-04-07T01:34:52.828346
2026-04-06_09-19-27,5535,-67.02049906162898,20,0,0.017957018865094928,54.48853090330111,50,200,2026-04-07T01:34:56.988858
2026-04-06_09-19-27,5536,423.7759265024647,156,1,0.390625,0.0,50,200,2026-04-07T01:35:19.701107
2026-04-06_09-19-27,5537,299.11108975710584,200,0,0.19098300562505258,2.23606797749979,50,200,2026-04-07T01:35:38.567002
2026-04-06_09-19-27,5538,140.28573998235703,88,0,0.08382317064811472,10.04987562112089,50,200,2026-04-07T01:35:55.914702
2026-04-06_09-19-27,5539,335.04741503886356,200,0,0.19098300562505258,2.23606797749979,50,200,2026-04-07T01:36:20.449889
2026-04-06_09-19-27,5540,310.5938131576349,200,0,0.110098661796365,6.082762530298219,50,200,2026-04-07T01:36:40.793822
2026-04-06_09-19-27,5541,-50.39944871307105,26,0,0.019167484005802097,50.91168824543142,50,200,2026-04-07T01:36:46.024180
2026-04-06_09-19-27,5542,165.64194650832627,79,0,0.09622485577614844,8.602325267042627,50,200,2026-04-07T01:37:02.122093
2026-04-06_09-19-27,5543,-80.14020818250347,11,0,0.01754025945317344,55.90169943749474,50,200,2026-04-07T01:37:05.929539
2026-04-06_09-19-27,5544,15.71935646296535,38,0,0.02552184755027736,37.8021163428716,50,200,2026-04-07T01:37:14.202495
2026-04-06_09-19-27,5545,316.3018252252915,200,0,0.10300566479164913,6.708203932499369,50,200,2026-04-07T01:37:35.692283
2026-04-06_09-19-27,5546,9.851232057921635,44,0,0.024830546617613716,38.8329756778952,50,200,2026-04-07T01:37:45.373330
2026-04-06_09-19-27,5547,58.0631890217571,51,0,0.032340603641698176,29.410882339705484,50,200,2026-04-07T01:37:56.432836
2026-04-06_09-19-27,5548,158.12873508179945,86,0,0.18296416035637805,3.605551275463989,50,200,2026-04-07T01:38:15.273595
2026-04-06_09-19-27,5549,352.74581987328116,145,1,0.4081632653061224,0.0,50,200,2026-04-07T01:38:35.671746
2026-04-06_09-19-27,5550,-59.67991671814943,19,0,0.01941034548712625,50.32891812864648,50,200,2026-04-07T01:38:40.294959
2026-04-06_09-19-27,5551,442.24893094204583,196,1,0.33783783783783783,0.0,50,200,2026-04-07T01:39:04.109526
2026-04-06_09-19-27,5552,-47.71681215069053,31,0,0.019410103340291567,50.20956084253277,50,200,2026-04-07T01:39:09.086116
2026-04-06_09-19-27,5553,317.82069996324424,200,0,0.11925824035672519,5.385164807134504,50,200,2026-04-07T01:39:32.663741
2026-04-06_09-19-27,5554,367.1872281900548,97,1,0.5076142131979695,0.0,50,200,2026-04-07T01:39:50.768256
2026-04-06_09-19-27,5555,54.84528685893429,45,0,0.03393528712538206,28.0178514522438,50,200,2026-04-07T01:40:01.693845
2026-04-06_09-19-27,5556,307.00006284323086,200,0,0.110098661796365,6.082762530298219,50,200,2026-04-07T01:40:24.190074
2026-04-06_09-19-27,5557,318.12122387868413,200,0,0.125,5.0,50,200,2026-04-07T01:40:48.422267
2026-04-06_09-19-27,5558,418.3402462357788,95,1,0.5128205128205128,0.0,50,200,2026-04-07T01:41:07.759178
2026-04-06_09-19-27,5559,328.6929090095171,200,0,0.19098300562505258,2.23606797749979,50,200,2026-04-07T01:41:28.939044
2026-04-06_09-19-27,5560,316.6686150005888,200,0,0.25,1.0,50,200,2026-04-07T01:41:51.848795
2026-04-06_09-19-27,5561,412.4854239972175,117,1,0.4608294930875576,0.0,50,200,2026-04-07T01:42:48.016881
2026-04-06_09-19-27,5562,325.8919201842717,200,0,0.1715728752538099,2.8284271247461903,50,200,2026-04-07T01:43:10.682589
2026-04-06_09-19-27,5563,410.4307737436555,177,1,0.36101083032490977,0.0,50,200,2026-04-07T01:43:32.150224
2026-04-06_09-19-27,5564,297.98721207834365,200,0,0.19098300562505258,2.23606797749979,50,200,2026-04-07T01:43:54.508352
2026-04-06_09-19-27,5565,116.6451655011711,73,0,0.05281322716782376,17.204650534085253,50,200,2026-04-07T01:44:09.723735
2026-04-06_09-19-27,5566,425.8414429925166,135,1,0.425531914893617,0.0,50,200,2026-04-07T01:44:31.989622
2026-04-06_09-19-27,5567,333.6009630475781,200,0,0.19098300562505258,2.23606797749979,50,200,2026-04-07T01:44:54.891509
2026-04-06_09-19-27,5568,109.82879362993413,61,0,0.05638721848318214,16.1245154965971,50,200,2026-04-07T01:45:09.720464
2026-04-06_09-19-27,5569,-104.39260394885083,7,0,0.01712771051427586,57.3149195236284,50,200,2026-04-07T01:45:12.397920
2026-04-06_09-19-27,5570,425.17226362254166,133,1,0.4291845493562232,0.0,50,200,2026-04-07T01:45:33.754244
2026-04-06_09-19-27,5571,417.30138249047525,92,1,0.5208333333333334,0.0,50,200,2026-04-07T01:45:52.946335
2026-04-06_09-19-27,5572,332.3944152993804,200,0,0.1715728752538099,2.8284271247461903,50,200,2026-04-07T01:46:16.185132
2026-04-06_09-19-27,5573,402.87210023574346,164,1,0.3787878787878788,0.0,50,200,2026-04-07T01:46:38.361012
2026-04-06_09-19-27,5574,126.72181474235558,98,0,0.058435975319049586,15.132745950421556,50,200,2026-04-07T01:46:56.826540
2026-04-06_09-19-27,5575,-56.832845102958466,13,0,0.01895603863500723,51.62363799656123,50,200,2026-04-07T01:47:00.734723
2026-04-06_09-19-27,5576,440.60194459769855,186,1,0.34965034965034963,0.0,50,200,2026-04-07T01:47:21.545280
2026-04-06_09-19-27,5577,310.3798927778715,200,0,0.10300566479164913,6.708203932499369,50,200,2026-04-07T01:47:45.682187
2026-04-06_09-19-27,5578,421.9665667827411,163,1,0.3802281368821293,0.0,50,200,2026-04-07T01:48:09.179083
2026-04-06_09-19-27,5579,312.38629954932134,200,0,0.10724372001086317,6.324555320336759,50,200,2026-04-07T01:48:31.482760
2026-04-06_09-19-27,5580,383.7846924924978,108,1,0.4807692307692307,0.0,50,200,2026-04-07T01:48:51.927882
2026-04-06_09-19-27,5581,113.06447558286925,114,0,0.08803169913719514,9.219544457292887,50,200,2026-04-07T01:49:09.006791
2026-04-06_09-19-27,5582,335.80954990735444,200,0,0.16666666666666666,3.0,50,200,2026-04-07T01:49:30.475485
2026-04-06_09-19-27,5583,54.99297131121128,51,0,0.03356349922756333,28.284271247461902,50,200,2026-04-07T01:49:41.411777
2026-04-06_09-19-27,5584,319.5435874794041,200,0,0.125,5.0,50,200,2026-04-07T01:50:04.537162
2026-04-06_09-19-27,5585,-90.86781670439728,11,0,0.01733746999740863,56.568542494923804,50,200,2026-04-07T01:50:07.430490
2026-04-06_09-19-27,5586,413.4575788113906,140,1,0.41666666666666663,0.0,50,200,2026-04-07T01:50:28.660497
2026-04-06_09-19-27,5587,9.216308953097084,31,0,0.025671923809376638,37.64306044943742,50,200,2026-04-07T01:50:36.659003
2026-04-06_09-19-27,5588,115.5795793375232,67,0,0.049863433254000944,18.384776310850235,50,200,2026-04-07T01:50:50.185030
2026-04-06_09-19-27,5589,123.0059115370693,75,0,0.062236192204401616,14.317821063276353,50,200,2026-04-07T01:51:05.683084
2026-04-06_09-19-27,5590,429.98012462593186,143,1,0.41152263374485604,0.0,50,200,2026-04-07T01:51:27.817436
2026-04-06_09-19-27,5591,258.03529741874684,200,0,0.05263157894736842,16.0,50,200,2026-04-07T01:51:47.758958
2026-04-06_09-19-27,5592,114.59537978093866,56,0,0.05000227781729987,18.439088914585774,50,200,2026-04-07T01:52:00.413958
2026-04-06_09-19-27,5593,433.13290106510163,159,1,0.3861003861003861,0.0,50,200,2026-04-07T01:53:04.302454
2026-04-06_09-19-27,5594,390.34751199891735,125,1,0.4444444444444444,0.0,50,200,2026-04-07T01:53:24.795142
2026-04-06_09-19-27,5595,77.42836384382599,56,0,0.039060012120830226,24.041630560342615,50,200,2026-04-07T01:53:36.382971
2026-04-06_09-19-27,5596,-5.220418624614254,37,0,0.02399158063950464,40.311288741492746,50,200,2026-04-07T01:53:43.933349
2026-04-06_09-19-27,5597,-102.17049995010184,3,0,0.016356376470631765,60.108235708594876,50,200,2026-04-07T01:53:45.776724
2026-04-06_09-19-27,5598,-65.73169877379596,26,0,0.021154678057720266,46.010868281309364,50,200,2026-04-07T01:53:52.333623
2026-04-06_09-19-27,5599,18.793245035909592,43,0,0.029997499168110512,31.906112267087632,50,200,2026-04-07T01:54:02.044324
2026-04-06_09-19-27,5600,3.681575037027656,29,0,0.024009101096596673,40.36087214122113,50,200,2026-04-07T01:54:09.234847
2026-04-06_09-19-27,5601,-76.00966466321324,8,0,0.01777700131105917,55.17245689653489,50,200,2026-04-07T01:54:13.046447
2026-04-06_09-19-27,5602,330.8209445354102,200,0,0.19098300562505258,2.23606797749979,50,200,2026-04-07T01:54:36.013480
2026-04-06_09-19-27,5603,135.02817106473432,100,0,0.13540659228538016,5.385164807134504,50,200,2026-04-07T01:54:54.799952
2026-04-06_09-19-27,5604,425.5069232645829,140,1,0.41666666666666663,0.0,50,200,2026-04-07T01:55:15.850943
2026-04-06_09-19-27,5605,-98.08360675607102,6,0,0.016536085851590547,59.413803110051795,50,200,2026-04-07T01:55:17.841490
2026-04-06_09-19-27,5606,419.00310138847624,96,1,0.5102040816326531,0.0,50,200,2026-04-07T01:55:36.290967
2026-04-06_09-19-27,5607,-17.886915294600414,29,0,0.0226799185428562,42.80186911806539,50,200,2026-04-07T01:55:43.428458
2026-04-06_09-19-27,5608,383.53720043403126,103,1,0.4926108374384236,0.0,50,200,2026-04-07T01:56:02.157416
2026-04-06_09-19-27,5609,88.82321139848702,52,0,0.040216792545605264,23.345235059857504,50,200,2026-04-07T01:56:14.426370
2026-04-06_09-19-27,5610,45.158668346250195,57,0,0.03126581595810403,30.4138126514911,50,200,2026-04-07T01:56:25.939209
2026-04-06_09-19-27,5611,143.71482568503842,105,0,0.10963628608254762,7.0710678118654755,50,200,2026-04-07T01:56:45.531353
2026-04-06_09-19-27,5612,330.60170162081346,200,0,0.19098300562505258,2.23606797749979,50,200,2026-04-07T01:57:10.875910
2026-04-06_09-19-27,5613,422.3338218144032,107,1,0.48309178743961345,0.0,50,200,2026-04-07T01:57:30.781819
2026-04-06_09-19-27,5614,148.15545898784603,100,0,0.07121698282831415,12.041594578792296,50,200,2026-04-07T01:57:48.419739
2026-04-06_09-19-27,5615,408.5943190813517,134,1,0.4273504273504274,0.0,50,200,2026-04-07T01:58:08.867576
2026-04-06_09-19-27,5616,341.1579930660014,200,0,0.19098300562505258,2.23606797749979,50,200,2026-04-07T01:58:30.300246
2026-04-06_09-19-27,5617,-117.42331394703378,14,0,0.016869731159055868,58.137767414994535,50,200,2026-04-07T01:58:33.614498
2026-04-06_09-19-27,5618,412.01726476238974,129,1,0.4366812227074236,0.0,50,200,2026-04-07T01:58:54.911751
2026-04-06_09-19-27,5619,-75.79316507683998,13,0,0.018422744448162515,53.150729063673246,50,200,2026-04-07T01:58:58.838191
2026-04-06_09-19-27,5620,-96.29990258912329,3,0,0.016166155669603263,60.8276253029822,50,200,2026-04-07T01:59:00.621559
2026-04-06_09-19-27,5621,428.3426003444534,156,1,0.390625,0.0,50,200,2026-04-07T01:59:21.960393
2026-04-06_09-19-27,5622,65.17958047662286,58,0,0.03508055051306668,26.92582403567252,50,200,2026-04-07T01:59:34.623030
2026-04-06_09-19-27,5623,418.1367281391184,111,1,0.4739336492890995,0.0,50,200,2026-04-07T01:59:55.371254
2026-04-06_09-19-27,5624,-72.4266345605603,11,0,0.01755127709784234,55.86591089385369,50,200,2026-04-07T01:59:58.483771
2026-04-06_09-19-27,5625,420.8990809533295,125,1,0.4444444444444444,0.0,50,200,2026-04-07T02:00:46.024723
2026-04-06_09-19-27,5626,314.74419754671067,200,0,0.19098300562505258,2.23606797749979,50,200,2026-04-07T02:01:08.261198
2026-04-06_09-19-27,5627,440.5713322003249,189,1,0.3460207612456747,0.0,50,200,2026-04-07T02:01:30.322124
2026-04-06_09-19-27,5628,-37.65764461883185,34,0,0.0205248487217342,47.38143096192854,50,200,2026-04-07T02:01:36.234902
2026-04-06_09-19-27,5629,422.9071721109871,131,1,0.4329004329004329,0.0,50,200,2026-04-07T02:01:58.702302
2026-04-06_09-19-27,5630,1.7139367355720339,30,0,0.024003338110883073,40.36087214122113,50,200,2026-04-07T02:02:06.739788
2026-04-06_09-19-27,5631,90.2164847695283,62,0,0.042418718015894315,21.95449840010015,50,200,2026-04-07T02:02:20.212384
2026-04-06_09-19-27,5632,-53.81700667990324,39,0,0.0199138834215997,48.82622246293481,50,200,2026-04-07T02:02:27.863673
2026-04-06_09-19-27,5633,429.44646062873085,149,1,0.4016064257028112,0.0,50,200,2026-04-07T02:02:49.687745
2026-04-06_09-19-27,5634,420.58370784358095,132,1,0.43103448275862066,0.0,50,200,2026-04-07T02:03:13.139774
2026-04-06_09-19-27,5635,-3.6732177017803025,71,0,0.02740097309692967,34.785054261852174,50,200,2026-04-07T02:03:25.628124
2026-04-06_09-19-27,5636,55.77696924365392,67,0,0.0320342654849936,29.546573405388315,50,200,2026-04-07T02:03:37.704891
2026-04-06_09-19-27,5637,315.1508147068786,200,0,0.1715728752538099,2.8284271247461903,50,200,2026-04-07T02:03:58.765786
2026-04-06_09-19-27,5638,326.69572922202747,200,0,0.1715728752538099,2.8284271247461903,50,200,2026-04-07T02:04:22.996901
2026-04-06_09-19-27,5639,421.43215245205437,152,1,0.3968253968253968,0.0,50,200,2026-04-07T02:04:45.879517
2026-04-06_09-19-27,5640,-80.0781321172455,14,0,0.017107200012409295,57.3149195236284,50,200,2026-04-07T02:04:49.167939
2026-04-06_09-19-27,5641,431.49985584232195,159,1,0.3861003861003861,0.0,50,200,2026-04-07T02:05:10.190604
2026-04-06_09-19-27,5642,425.9412910042025,200,1,0.3333333333333333,0.0,50,200,2026-04-07T02:05:32.125257
2026-04-06_09-19-27,5643,337.6425540076512,200,0,0.25,1.0,50,200,2026-04-07T02:05:56.185495
2026-04-06_09-19-27,5644,401.9433619589339,188,1,0.3472222222222222,0.0,50,200,2026-04-07T02:06:21.942774
2026-04-06_09-19-27,5645,25.621585240865983,48,0,0.02696218106540645,35.608987629529715,50,200,2026-04-07T02:06:31.466792
2026-04-06_09-19-27,5646,389.96804804623787,106,1,0.4854368932038835,0.0,50,200,2026-04-07T02:06:52.069872
2026-04-06_09-19-27,5647,64.93027239443549,87,0,0.03394867750147484,27.586228448267445,50,200,2026-04-07T02:07:06.983196
2026-04-06_09-19-27,5648,421.88019159712644,122,1,0.4504504504504505,0.0,50,200,2026-04-07T02:07:29.024419
2026-04-06_09-19-27,5649,332.9224184945364,200,0,0.25,1.0,50,200,2026-04-07T02:07:54.485588
2026-04-06_09-19-27,5650,81.83314361103032,76,0,0.03854043778629483,24.186773244895647,50,200,2026-04-07T02:08:09.942741
2026-04-06_09-19-27,5651,418.9352199027676,111,1,0.4739336492890995,0.0,50,200,2026-04-07T02:08:30.002330
2026-04-06_09-19-27,5652,-39.63771990755939,23,0,0.02253810161965952,43.139309220245984,50,200,2026-04-07T02:08:35.944634
2026-04-06_09-19-27,5653,28.928374528012924,60,0,0.02745129831675754,34.828149534535996,50,200,2026-04-07T02:08:46.612397
2026-04-06_09-19-27,5654,314.2450708956619,200,0,0.19098300562505258,2.23606797749979,50,200,2026-04-07T02:09:09.696370
2026-04-06_09-19-27,5655,425.8579990465562,168,1,0.373134328358209,0.0,50,200,2026-04-07T02:09:33.141644
2026-04-06_09-19-27,5656,428.1023661806883,163,1,0.3802281368821293,0.0,50,200,2026-04-07T02:09:56.904939
2026-04-06_09-19-27,5657,429.08785653064797,152,1,0.3968253968253968,0.0,50,200,2026-04-07T02:10:57.263252
2026-04-06_09-19-27,5658,437.6342195532371,174,1,0.36496350364963503,0.0,50,200,2026-04-07T02:11:17.493027
2026-04-06_09-19-27,5659,75.06289218011494,47,0,0.03821435322350428,24.698178070456937,50,200,2026-04-07T02:11:28.506918
2026-04-06_09-19-27,5660,416.6303003431457,128,1,0.43859649122807015,0.0,50,200,2026-04-07T02:11:48.792297
2026-04-06_09-19-27,5661,424.9840310564604,113,1,0.4694835680751174,0.0,50,200,2026-04-07T02:12:09.360630
2026-04-06_09-19-27,5662,329.82023409480973,200,0,0.2,2.0,50,200,2026-04-07T02:12:32.486955
2026-04-06_09-19-27,5663,-60.56405670452753,32,0,0.020106615834074276,48.41487374764082,50,200,2026-04-07T02:12:39.090653
2026-04-06_09-19-27,5664,294.78731612359985,200,0,0.08891883476670036,8.246211251235321,50,200,2026-04-07T02:13:01.566719
2026-04-06_09-19-27,5665,413.57973254701966,106,1,0.4854368932038835,0.0,50,200,2026-04-07T02:13:19.110456
2026-04-06_09-19-27,5666,416.23356826395474,127,1,0.44052863436123346,0.0,50,200,2026-04-07T02:13:38.716410
2026-04-06_09-19-27,5667,331.1268803445837,200,0,0.19098300562505258,2.23606797749979,50,200,2026-04-07T02:14:02.401047
2026-04-06_09-19-27,5668,112.06491830769248,85,0,0.07198597643546677,12.041594578792296,50,200,2026-04-07T02:14:20.054378
2026-04-06_09-19-27,5669,-73.00500097187933,37,0,0.019372569695709437,50.24937810560445,50,200,2026-04-07T02:14:26.662032
2026-04-06_09-19-27,5670,341.93098004380215,200,0,0.19098300562505258,2.23606797749979,50,200,2026-04-07T02:14:46.990044
2026-04-06_09-19-27,5671,-51.03328896492039,32,0,0.02169327916413557,44.77722635447622,50,200,2026-04-07T02:14:54.931818
2026-04-06_09-19-27,5672,340.01390062307456,200,0,0.2,2.0,50,200,2026-04-07T02:15:17.411663
2026-04-06_09-19-27,5673,428.93892005055835,190,1,0.3448275862068965,0.0,50,200,2026-04-07T02:15:41.008994
2026-04-06_09-19-27,5674,427.0036791701451,188,1,0.3472222222222222,0.0,50,200,2026-04-07T02:16:03.150181
2026-04-06_09-19-27,5675,437.7698060900741,190,1,0.3448275862068965,0.0,50,200,2026-04-07T02:16:24.763267
2026-04-06_09-19-27,5676,418.5945166076716,131,1,0.4329004329004329,0.0,50,200,2026-04-07T02:16:45.936599
2026-04-06_09-19-27,5677,345.0803763229965,200,0,0.19098300562505258,2.23606797749979,50,200,2026-04-07T02:17:06.089229
2026-04-06_09-19-27,5678,-74.10445191531932,18,0,0.017529740244848,55.86591089385369,50,200,2026-04-07T02:17:10.022479
2026-04-06_09-19-27,5679,-61.55148939125906,25,0,0.020193831075383677,48.27007354458868,50,200,2026-04-07T02:17:15.494408
2026-04-06_09-19-27,5680,-20.435186728035177,40,0,0.02603250712453108,37.013511046643494,50,200,2026-04-07T02:17:24.381319
2026-04-06_09-19-27,5681,435.96138198167347,199,1,0.33444816053511706,0.0,50,200,2026-04-07T02:17:47.320187
2026-04-06_09-19-27,5682,423.5654936878268,131,1,0.4329004329004329,0.0,50,200,2026-04-07T02:18:09.810287
2026-04-06_09-19-27,5683,409.77544602128336,158,1,0.38759689922480617,0.0,50,200,2026-04-07T02:18:32.878091
2026-04-06_09-19-27,5684,397.9071847964441,165,1,0.3773584905660377,0.0,50,200,2026-04-07T02:18:52.569431
2026-04-06_09-19-27,5685,-98.90996013075207,6,0,0.016536085851590547,59.413803110051795,50,200,2026-04-07T02:18:54.810430
2026-04-06_09-19-27,5686,426.4513744308118,150,1,0.4,0.0,50,200,2026-04-07T02:19:15.062317
2026-04-06_09-19-27,5687,320.04922539414423,200,0,0.1715728752538099,2.8284271247461903,50,200,2026-04-07T02:19:38.644842
2026-04-06_09-19-27,5688,333.24422129814513,200,0,0.19098300562505258,2.23606797749979,50,200,2026-04-07T02:19:59.306618
2026-04-06_09-19-27,5689,163.43786320582547,81,0,0.08893647083318193,9.433981132056603,50,200,2026-04-07T02:20:57.580121
2026-04-06_09-19-27,5690,146.2618792281226,79,0,0.07062487609375813,12.36931687685298,50,200,2026-04-07T02:21:14.800520
2026-04-06_09-19-27,5691,-48.64707210531546,14,0,0.019211672737392337,50.91168824543142,50,200,2026-04-07T02:21:19.110186
2026-04-06_09-19-27,5692,338.24877093966774,200,0,0.1715728752538099,2.8284271247461903,50,200,2026-04-07T02:21:38.702137
2026-04-06_09-19-27,5693,346.04078220364335,200,0,0.25,1.0,50,200,2026-04-07T02:22:01.260591
2026-04-06_09-19-27,5694,-24.96429281278259,25,0,0.02112034014962269,46.09772228646444,50,200,2026-04-07T02:22:07.244104
2026-04-06_09-19-27,5695,-8.112104081348917,37,0,0.022820645184533354,42.44997055358225,50,200,2026-04-07T02:22:14.127830
2026-04-06_09-19-27,5696,436.8452343644746,166,1,0.37593984962406013,0.0,50,200,2026-04-07T02:22:35.458769
2026-04-06_09-19-27,5697,440.2918675269455,192,1,0.3424657534246575,0.0,50,200,2026-04-07T02:22:58.090807
2026-04-06_09-19-27,5698,-103.92820359988721,5,0,0.01652502653592474,59.464274989274024,50,200,2026-04-07T02:23:00.408234
2026-04-06_09-19-27,5699,415.4258435957704,105,1,0.48780487804878053,0.0,50,200,2026-04-07T02:23:21.649650
2026-04-06_09-19-27,5700,13.575359626444794,43,0,0.025243749744805706,38.18376618407357,50,200,2026-04-07T02:23:30.274031
2026-04-06_09-19-27,5701,-65.37286148508078,10,0,0.017965612984389003,54.56189146281496,50,200,2026-04-07T02:23:33.552679
2026-04-06_09-19-27,5702,-82.72893414118198,10,0,0.018432932004034737,53.150729063673246,50,200,2026-04-07T02:23:37.047929
2026-04-06_09-19-27,5703,138.78028437246746,97,0,0.06206501877548363,14.142135623730951,50,200,2026-04-07T02:23:54.468226
2026-04-06_09-19-27,5704,342.5185750209561,200,0,0.22654091966098644,1.4142135623730951,50,200,2026-04-07T02:24:14.984958
2026-04-06_09-19-27,5705,-107.68820032347097,3,0,0.01598660868011541,61.5223536610881,50,200,2026-04-07T02:24:16.570312
2026-04-06_09-19-27,5706,22.29992590242719,28,0,0.02626275323548687,36.796738985948195,50,200,2026-04-07T02:24:24.326351
2026-04-06_09-19-27,5707,-100.04738171648452,11,0,0.016922547985922177,57.982756057296896,50,200,2026-04-07T02:24:26.977179
2026-04-06_09-19-27,5708,101.62361047191308,75,0,0.043773210261018776,21.095023109728988,50,200,2026-04-07T02:24:41.072948
2026-04-06_09-19-27,5709,140.12975704793155,79,0,0.08176409963817642,10.44030650891055,50,200,2026-04-07T02:24:58.567043
2026-04-06_09-19-27,5710,57.16893476355291,73,0,0.04728917669998136,19.4164878389476,50,200,2026-04-07T02:25:14.222770
2026-04-06_09-19-27,5711,430.4521183857907,192,1,0.3424657534246575,0.0,50,200,2026-04-07T02:25:35.581890
2026-04-06_09-19-27,5712,343.735956627033,200,0,0.22654091966098644,1.4142135623730951,50,200,2026-04-07T02:25:56.255662
2026-04-06_09-19-27,5713,410.6850499210399,100,1,0.5,0.0,50,200,2026-04-07T02:26:14.052871
2026-04-06_09-19-27,5714,422.4382105242273,125,1,0.4444444444444444,0.0,50,200,2026-04-07T02:26:35.197972
2026-04-06_09-19-27,5715,-75.45399198936506,11,0,0.01754025945317344,55.90169943749474,50,200,2026-04-07T02:26:38.555657
2026-04-06_09-19-27,5716,83.58812174687186,55,0,0.04030729199304864,23.259406699226016,50,200,2026-04-07T02:26:51.322311
2026-04-06_09-19-27,5717,378.90810567236167,150,1,0.4,0.0,50,200,2026-04-07T02:27:11.480682
2026-04-06_09-19-27,5718,128.82656290791704,62,0,0.05789557959835283,15.652475842498529,50,200,2026-04-07T02:27:24.620409
2026-04-06_09-19-27,5719,40.68260841897384,51,0,0.0306989074745605,31.064449134018133,50,200,2026-04-07T02:27:35.205337
2026-04-06_09-19-27,5720,123.02364747788242,66,0,0.05536724703639485,16.401219466856727,50,200,2026-04-07T02:27:48.633627
2026-04-06_09-19-27,5721,-72.56547754323338,22,0,0.018188855541678435,53.75872022286245,50,200,2026-04-07T02:28:19.403033
2026-04-06_09-19-27,5722,336.97732892616654,200,0,0.19098300562505258,2.23606797749979,50,200,2026-04-07T02:28:42.278100
2026-04-06_09-19-27,5723,325.2087062225248,200,0,0.14285714285714285,4.0,50,200,2026-04-07T02:29:06.572924
2026-04-06_09-19-27,5724,439.1906332385081,197,1,0.3367003367003367,0.0,50,200,2026-04-07T02:29:29.584022
2026-04-06_09-19-27,5725,430.5962895516321,164,1,0.3787878787878788,0.0,50,200,2026-04-07T02:29:52.863020
2026-04-06_09-19-27,5726,87.35188598633968,78,0,0.03980062266552468,23.345235059857504,50,200,2026-04-07T02:30:06.386806
2026-04-06_09-19-27,5727,423.637072261478,138,1,0.42016806722689076,0.0,50,200,2026-04-07T02:30:26.896929
2026-04-06_09-19-27,5728,423.8801031236019,124,1,0.4464285714285714,0.0,50,200,2026-04-07T02:30:47.885604
2026-04-06_09-19-27,5729,335.12243659824316,200,0,0.22654091966098644,1.4142135623730951,50,200,2026-04-07T02:31:10.456138
2026-04-06_09-19-27,5730,435.9286296515236,196,1,0.33783783783783783,0.0,50,200,2026-04-07T02:31:32.813957
2026-04-06_09-19-27,5731,23.724749335622036,42,0,0.026556657050467204,36.235341863986875,50,200,2026-04-07T02:31:41.811385
2026-04-06_09-19-27,5732,430.2127185223412,143,1,0.41152263374485604,0.0,50,200,2026-04-07T02:32:03.225189
2026-04-06_09-19-27,5733,426.34564108809946,138,1,0.42016806722689076,0.0,50,200,2026-04-07T02:32:25.556405
2026-04-06_09-19-27,5734,418.2514702893845,149,1,0.4016064257028112,0.0,50,200,2026-04-07T02:32:45.829264
2026-04-06_09-19-27,5735,430.6813363044455,181,1,0.35587188612099646,0.0,50,200,2026-04-07T02:33:10.340754
2026-04-06_09-19-27,5736,414.0018353658546,164,1,0.3787878787878788,0.0,50,200,2026-04-07T02:33:34.771320
2026-04-06_09-19-27,5737,3.395342438408136,38,0,0.024796246644964774,38.948684188300895,50,200,2026-04-07T02:33:43.124223
2026-04-06_09-19-27,5738,-57.334807179455474,27,0,0.01865149354275354,52.3450093132096,50,200,2026-04-07T02:33:47.790730
2026-04-06_09-19-27,5739,423.1011569027704,140,1,0.41666666666666663,0.0,50,200,2026-04-07T02:34:11.000030
2026-04-06_09-19-27,5740,437.65208703332195,194,1,0.3401360544217687,0.0,50,200,2026-04-07T02:34:35.042231
2026-04-06_09-19-27,5741,439.1695316152066,192,1,0.3424657534246575,0.0,50,200,2026-04-07T02:34:57.221671
2026-04-06_09-19-27,5742,108.08784343014757,70,0,0.06535319591859559,13.601470508735444,50,200,2026-04-07T02:35:11.963004
2026-04-06_09-19-27,5743,75.50446404492762,60,0,0.036307862809715555,25.942243542145693,50,200,2026-04-07T02:35:24.849590
2026-04-06_09-19-27,5744,-93.12391750441653,8,0,0.01734649232611656,56.568542494923804,50,200,2026-04-07T02:35:27.702720
2026-04-06_09-19-27,5745,25.855185184593182,39,0,0.02688531411492805,35.805027579936315,50,200,2026-04-07T02:35:36.917431
2026-04-06_09-19-27,5746,418.7347183754542,140,1,0.41666666666666663,0.0,50,200,2026-04-07T02:35:59.403537
2026-04-06_09-19-27,5747,84.30669148952873,75,0,0.0412844329308813,22.47220505424423,50,200,2026-04-07T02:36:13.583181
2026-04-06_09-19-27,5748,98.87752388135854,91,0,0.05642898756145942,15.811388300841896,50,200,2026-04-07T02:36:31.618736
2026-04-06_09-19-27,5749,325.22414432214185,200,0,0.13383054136359812,4.47213595499958,50,200,2026-04-07T02:36:54.330784
2026-04-06_09-19-27,5750,442.1246806045219,193,1,0.3412969283276451,0.0,50,200,2026-04-07T02:37:15.703787
2026-04-06_09-19-27,5751,439.72129293567946,192,1,0.3424657534246575,0.0,50,200,2026-04-07T02:37:36.804460
2026-04-06_09-19-27,5752,-109.42089720378566,20,0,0.017957018865094928,54.48853090330111,50,200,2026-04-07T02:37:41.438503
2026-04-06_09-19-27,5753,423.28027801195736,127,1,0.44052863436123346,0.0,50,200,2026-04-07T02:38:43.385738
2026-04-06_09-19-27,5754,437.20348415355903,188,1,0.3472222222222222,0.0,50,200,2026-04-07T02:39:05.897423
2026-04-06_09-19-27,5755,137.55053873507993,76,0,0.062197482859422934,14.317821063276353,50,200,2026-04-07T02:39:21.341377
2026-04-06_09-19-27,5756,422.6916832663016,152,1,0.3968253968253968,0.0,50,200,2026-04-07T02:39:42.488252
2026-04-06_09-19-27,5757,314.0903767485031,200,0,0.09929433687476769,7.0710678118654755,50,200,2026-04-07T02:40:05.091957
2026-04-06_09-19-27,5758,201.06487470336282,86,0,0.2590673575129534,2.0,50,200,2026-04-07T02:40:23.043341
2026-04-06_09-19-27,5759,36.82365091375881,58,0,0.03346502557555134,28.30194339616981,50,200,2026-04-07T02:40:34.445002
2026-04-06_09-19-27,5760,3.188037572906424,50,0,0.025141219222703313,38.27531841800928,50,200,2026-04-07T02:40:44.322540
2026-04-06_09-19-27,5761,134.20470487564276,81,0,0.05996617159309798,14.866068747318506,50,200,2026-04-07T02:41:00.978938
2026-04-06_09-19-27,5762,414.7886969801361,117,1,0.4608294930875576,0.0,50,200,2026-04-07T02:41:22.742058
2026-04-06_09-19-27,5763,-28.854846216428655,27,0,0.020859822022613595,46.66904755831214,50,200,2026-04-07T02:41:28.570823
2026-04-06_09-19-27,5764,415.52995966683466,127,1,0.44052863436123346,0.0,50,200,2026-04-07T02:41:48.731646
2026-04-06_09-19-27,5765,439.0446673885128,166,1,0.37593984962406013,0.0,50,200,2026-04-07T02:42:09.327502
2026-04-06_09-19-27,5766,-95.09078817840214,18,0,0.016954502099729832,57.8013840664737,50,200,2026-04-07T02:42:12.856431
2026-04-06_09-19-27,5767,1.0007581485052839,42,0,0.023793728734453644,40.607881008493905,50,200,2026-04-07T02:42:21.472667
2026-04-06_09-19-27,5768,30.832572389890544,47,0,0.03210103437513381,29.68164415931166,50,200,2026-04-07T02:42:32.691642
2026-04-06_09-19-27,5769,420.67610218556604,138,1,0.42016806722689076,0.0,50,200,2026-04-07T02:42:54.183044
2026-04-06_09-19-27,5770,303.8353376466017,200,0,0.2,2.0,50,200,2026-04-07T02:43:18.424903
2026-04-06_09-19-27,5771,-24.427905938077856,45,0,0.023232436348898496,41.593268686170845,50,200,2026-04-07T02:43:27.534775
2026-04-06_09-19-27,5772,431.46924052871117,171,1,0.36900369003690037,0.0,50,200,2026-04-07T02:43:49.863368
2026-04-06_09-19-27,5773,428.29961442237635,161,1,0.38314176245210724,0.0,50,200,2026-04-07T02:44:12.972654
2026-04-06_09-19-27,5774,432.36731215273795,173,1,0.3663003663003663,0.0,50,200,2026-04-07T02:44:35.205992
2026-04-06_09-19-27,5775,419.99306226935846,119,1,0.4566210045662101,0.0,50,200,2026-04-07T02:44:56.069085
2026-04-06_09-19-27,5776,391.2705817366927,129,1,0.4366812227074236,0.0,50,200,2026-04-07T02:45:16.699234
2026-04-06_09-19-27,5777,-62.456638635111716,13,0,0.01822485688709721,53.74011537017761,50,200,2026-04-07T02:45:20.264422
2026-04-06_09-19-27,5778,422.8241613686474,132,1,0.43103448275862066,0.0,50,200,2026-04-07T02:45:42.486193
2026-04-06_09-19-27,5779,111.67751106168812,66,0,0.04995613913258029,18.35755975068582,50,200,2026-04-07T02:45:56.787818
2026-04-06_09-19-27,5780,-80.47447091018904,17,0,0.01815629113376023,53.907327887774215,50,200,2026-04-07T02:46:01.549539
2026-04-06_09-19-27,5781,425.2590021455467,144,1,0.4098360655737705,0.0,50,200,2026-04-07T02:46:23.028257
2026-04-06_09-19-27,5782,430.30434740228634,137,1,0.42194092827004215,0.0,50,200,2026-04-07T02:46:43.316620
2026-04-06_09-19-27,5783,427.5608793910485,162,1,0.38167938931297707,0.0,50,200,2026-04-07T02:47:06.424453
2026-04-06_09-19-27,5784,29.21108438737633,45,0,0.027564801756165155,34.828149534535996,50,200,2026-04-07T02:47:16.531380
2026-04-06_09-19-27,5785,419.46864097863914,116,1,0.4629629629629629,0.0,50,200,2026-04-07T02:48:10.898012
2026-04-06_09-19-27,5786,69.45322613137883,50,0,0.036136952993928675,26.1725046566048,50,200,2026-04-07T02:48:22.131826
2026-04-06_09-19-27,5787,-34.80750638085925,39,0,0.021453851934328787,45.221676218380054,50,200,2026-04-07T02:48:29.989119
2026-04-06_09-19-27,5788,-46.798442712411415,56,0,0.023369369384417953,41.23105625617661,50,200,2026-04-07T02:48:39.112125
2026-04-06_09-19-27,5789,296.1226738919143,200,0,0.08295048134434817,9.055385138137417,50,200,2026-04-07T02:49:03.809653
2026-04-06_09-19-27,5790,286.3758507305391,200,0,0.07662908283827055,10.04987562112089,50,200,2026-04-07T02:49:25.940603
2026-04-06_09-19-27,5791,-40.41651500460128,41,0,0.02394012738396144,40.36087214122113,50,200,2026-04-07T02:49:34.152499
2026-04-06_09-19-27,5792,395.92377809515335,126,1,0.4424778761061947,0.0,50,200,2026-04-07T02:49:55.357211
2026-04-06_09-19-27,5793,425.2625972171668,185,1,0.3508771929824561,0.0,50,200,2026-04-07T02:50:21.060002
2026-04-06_09-19-27,5794,-3.1222189805718727,52,0,0.023391234920786815,41.23105625617661,50,200,2026-04-07T02:50:30.925402
2026-04-06_09-19-27,5795,431.41118088024115,173,1,0.3663003663003663,0.0,50,200,2026-04-07T02:50:54.185902
2026-04-06_09-19-27,5796,412.95011240757964,158,1,0.38759689922480617,0.0,50,200,2026-04-07T02:51:16.558258
2026-04-06_09-19-27,5797,422.577474126677,135,1,0.425531914893617,0.0,50,200,2026-04-07T02:51:38.688740
2026-04-06_09-19-27,5798,425.40167527832546,196,1,0.33783783783783783,0.0,50,200,2026-04-07T02:52:04.300957
2026-04-06_09-19-27,5799,385.07883669680024,146,1,0.4065040650406504,0.0,50,200,2026-04-07T02:52:27.732316
2026-04-06_09-19-27,5800,-79.04083884502975,7,0,0.01713795648060146,57.28001396647874,50,200,2026-04-07T02:52:30.386308
2026-04-06_09-19-27,5801,414.5992988786144,144,1,0.4098360655737705,0.0,50,200,2026-04-07T02:52:53.663385
2026-04-06_09-19-27,5802,417.6923069966054,136,1,0.42372881355932196,0.0,50,200,2026-04-07T02:53:14.981257
2026-04-06_09-19-27,5803,346.02565933388024,200,0,0.25,1.0,50,200,2026-04-07T02:53:38.441695
2026-04-06_09-19-27,5804,441.1176188574302,197,1,0.3367003367003367,0.0,50,200,2026-04-07T02:54:01.696419
2026-04-06_09-19-27,5805,423.69270468638877,130,1,0.4347826086956522,0.0,50,200,2026-04-07T02:54:24.710978
2026-04-06_09-19-27,5806,299.47438598403517,200,0,0.1715728752538099,2.8284271247461903,50,200,2026-04-07T02:54:46.301499
2026-04-06_09-19-27,5807,409.8143686863479,133,1,0.4291845493562232,0.0,50,200,2026-04-07T02:55:08.405271
2026-04-06_09-19-27,5808,-87.43602322219375,14,0,0.018676825356346946,52.40229002629561,50,200,2026-04-07T02:55:12.621770
2026-04-06_09-19-27,5809,420.33396546333483,127,1,0.44052863436123346,0.0,50,200,2026-04-07T02:55:33.749036
2026-04-06_09-19-27,5810,-65.22436663601454,10,0,0.017989322325131195,54.48853090330111,50,200,2026-04-07T02:55:36.942082
2026-04-06_09-19-27,5811,23.6161975479492,84,0,0.034475441012880026,27.16615541441225,50,200,2026-04-07T02:55:52.027341
2026-04-06_09-19-27,5812,164.13302451402535,116,0,0.17344395222979328,3.605551275463989,50,200,2026-04-07T02:56:11.419324
2026-04-06_09-19-27,5813,434.55025463094995,177,1,0.36101083032490977,0.0,50,200,2026-04-07T02:56:34.380309
2026-04-06_09-19-27,5814,-32.544551139178594,30,0,0.020523925406605012,47.4236228055175,50,200,2026-04-07T02:56:40.970864
2026-04-06_09-19-27,5815,389.60416887651564,128,1,0.43859649122807015,0.0,50,200,2026-04-07T02:57:03.065045
2026-04-06_09-19-27,5816,427.18722053441604,159,1,0.3861003861003861,0.0,50,200,2026-04-07T02:57:26.968817
2026-04-06_09-19-27,5817,393.43349537420346,103,1,0.4926108374384236,0.0,50,200,2026-04-07T02:58:24.567871
2026-04-06_09-19-27,5818,143.4511964075104,99,0,0.07923838716593329,10.63014581273465,50,200,2026-04-07T02:58:42.942316
2026-04-06_09-19-27,5819,58.6208246707142,61,0,0.0368136129317637,25.553864678361276,50,200,2026-04-07T02:58:55.479031
2026-04-06_09-19-27,5820,32.363394710420934,58,0,0.028668367288360766,33.301651610693426,50,200,2026-04-07T02:59:06.722044
2026-04-06_09-19-27,5821,427.68435555341637,192,1,0.3424657534246575,0.0,50,200,2026-04-07T02:59:27.386762
2026-04-06_09-19-27,5822,102.00431354205342,84,0,0.06721150639083595,13.038404810405298,50,200,2026-04-07T02:59:44.044745
2026-04-06_09-19-27,5823,-26.06308926522867,26,0,0.021407192046247178,45.45327270945405,50,200,2026-04-07T02:59:50.214511
2026-04-06_09-19-27,5824,425.7168135241951,148,1,0.40322580645161293,0.0,50,200,2026-04-07T03:00:11.484015
2026-04-06_09-19-27,5825,428.06713298280124,186,1,0.34965034965034963,0.0,50,200,2026-04-07T03:00:35.148357
2026-04-06_09-19-27,5826,54.038188976643625,54,0,0.03811240236706668,24.698178070456937,50,200,2026-04-07T03:00:48.126273
2026-04-06_09-19-27,5827,441.0005186927292,198,1,0.33557046979865773,0.0,50,200,2026-04-07T03:01:13.366075
2026-04-06_09-19-27,5828,423.1111266161439,193,1,0.3412969283276451,0.0,50,200,2026-04-07T03:01:37.915807
2026-04-06_09-19-27,5829,430.7032281665855,157,1,0.3891050583657587,0.0,50,200,2026-04-07T03:01:59.788571
2026-04-06_09-19-27,5830,414.5319462413635,173,1,0.3663003663003663,0.0,50,200,2026-04-07T03:02:21.339356
2026-04-06_09-19-27,5831,82.55000544923085,68,0,0.038056460008638125,24.596747752497688,50,200,2026-04-07T03:02:34.939944
2026-04-06_09-19-27,5832,336.69823425502625,200,0,0.19098300562505258,2.23606797749979,50,200,2026-04-07T03:02:58.156596
2026-04-06_09-19-27,5833,103.98012740675527,104,0,0.06262372774519866,13.92838827718412,50,200,2026-04-07T03:03:17.120740
2026-04-06_09-19-27,5834,90.59119654061423,55,0,0.04030729199304864,23.259406699226016,50,200,2026-04-07T03:03:30.454587
2026-04-06_09-19-27,5835,315.07454514623754,200,0,0.14038820320220757,4.123105625617661,50,200,2026-04-07T03:03:53.797682
2026-04-06_09-19-27,5836,332.0990561758593,200,0,0.22654091966098644,1.4142135623730951,50,200,2026-04-07T03:04:18.436039
2026-04-06_09-19-27,5837,-71.34603980919292,7,0,0.01756360764762879,55.86591089385369,50,200,2026-04-07T03:04:21.187794
2026-04-06_09-19-27,5838,-86.93549408786095,10,0,0.016724051804354143,58.69412236331676,50,200,2026-04-07T03:04:24.171127
2026-04-06_09-19-27,5839,152.192452431564,82,0,0.13374608714191427,5.656854249492381,50,200,2026-04-07T03:04:41.164299
2026-04-06_09-19-27,5840,46.027772093696825,54,0,0.02996913695051425,31.827660925679098,50,200,2026-04-07T03:04:52.715036
2026-04-06_09-19-27,5841,426.44425827114367,128,1,0.43859649122807015,0.0,50,200,2026-04-07T03:05:12.112046
2026-04-06_09-19-27,5842,16.258963203688893,39,0,0.025689342183306804,37.53664875824692,50,200,2026-04-07T03:05:20.607959
2026-04-06_09-19-27,5843,423.7443367500023,163,1,0.3802281368821293,0.0,50,200,2026-04-07T03:05:46.784737
2026-04-06_09-19-27,5844,428.3905434871929,190,1,0.3448275862068965,0.0,50,200,2026-04-07T03:06:08.657055
2026-04-06_09-19-27,5845,430.61388581420454,176,1,0.3623188405797102,0.0,50,200,2026-04-07T03:06:30.384922
2026-04-06_09-19-27,5846,337.76570171557927,200,0,0.19098300562505258,2.23606797749979,50,200,2026-04-07T03:06:53.286582
2026-04-06_09-19-27,5847,338.9920394079736,200,0,0.19098300562505258,2.23606797749979,50,200,2026-04-07T03:07:16.336740
2026-04-06_09-19-27,5848,433.5796214615917,181,1,0.35587188612099646,0.0,50,200,2026-04-07T03:07:37.180910
2026-04-06_09-19-27,5849,417.93788015125136,105,1,0.48780487804878053,0.0,50,200,2026-04-07T03:08:38.704682
2026-04-06_09-19-27,5850,125.03822181735754,78,0,0.05778952290721679,15.524174696260024,50,200,2026-04-07T03:08:55.372227
2026-04-06_09-19-27,5851,-12.616844191546846,42,0,0.024669907734098648,39.11521443121589,50,200,2026-04-07T03:09:04.568437
2026-04-06_09-19-27,5852,49.132418924371066,43,0,0.03060818584309135,31.240998703626616,50,200,2026-04-07T03:09:13.958362
2026-04-06_09-19-27,5853,-106.0688931835619,1,0,0.0156380783423265,62.93647591023825,50,200,2026-04-07T03:09:15.215273
2026-04-06_09-19-27,5854,439.8360972552848,184,1,0.35211267605633806,0.0,50,200,2026-04-07T03:09:36.267213
2026-04-06_09-19-27,5855,433.8799943202084,138,1,0.42016806722689076,0.0,50,200,2026-04-07T03:09:55.024777
2026-04-06_09-19-27,5856,-51.66172894459738,21,0,0.019447851821652064,50.20956084253277,50,200,2026-04-07T03:10:00.279584
2026-04-06_09-19-27,5857,-57.49601498621014,16,0,0.018531725760387203,52.80151512977634,50,200,2026-04-07T03:10:04.898436
2026-04-06_09-19-27,5858,439.20922740578067,190,1,0.3448275862068965,0.0,50,200,2026-04-07T03:10:27.512551
2026-04-06_09-19-27,5859,337.77606856042144,200,0,0.19098300562505258,2.23606797749979,50,200,2026-04-07T03:10:49.686793
2026-04-06_09-19-27,5860,430.342099440473,171,1,0.36900369003690037,0.0,50,200,2026-04-07T03:11:13.778418
2026-04-06_09-19-27,5861,416.8968575348613,99,1,0.5025125628140703,0.0,50,200,2026-04-07T03:11:33.296853
2026-04-06_09-19-27,5862,424.852975933181,137,1,0.42194092827004215,0.0,50,200,2026-04-07T03:11:55.783714
2026-04-06_09-19-27,5863,39.0434192015378,39,0,0.03132962125125219,30.528675044947494,50,200,2026-04-07T03:12:05.849253
2026-04-06_09-19-27,5864,395.1272459685342,92,1,0.5208333333333334,0.0,50,200,2026-04-07T03:12:24.279004
2026-04-06_09-19-27,5865,439.89735197275684,175,1,0.36363636363636365,0.0,50,200,2026-04-07T03:12:44.065581
2026-04-06_09-19-27,5866,425.92478459994084,143,1,0.41152263374485604,0.0,50,200,2026-04-07T03:13:07.125612
2026-04-06_09-19-27,5867,-85.28972894411552,9,0,0.017338168919948226,56.586217403180434,50,200,2026-04-07T03:13:09.968096
2026-04-06_09-19-27,5868,400.61060375638573,150,1,0.4,0.0,50,200,2026-04-07T03:13:31.140988
2026-04-06_09-19-27,5869,134.01356975378553,81,0,0.084317916304209,10.04987562112089,50,200,2026-04-07T03:13:49.078578
2026-04-06_09-19-27,5870,422.5489520383872,114,1,0.4672897196261682,0.0,50,200,2026-04-07T03:14:10.772433
2026-04-06_09-19-27,5871,121.37436475969368,75,0,0.06183448662082809,14.422205101855956,50,200,2026-04-07T03:14:25.791375
2026-04-06_09-19-27,5872,-61.56853332013976,41,0,0.020196286136426364,48.104053883222775,50,200,2026-04-07T03:14:32.820775
2026-04-06_09-19-27,5873,-104.96366177825972,4,0,0.015959195016419632,61.61980201201558,50,200,2026-04-07T03:14:34.710249
2026-04-06_09-19-27,5874,314.85427826811883,200,0,0.1513878188659973,3.605551275463989,50,200,2026-04-07T03:14:54.137317
2026-04-06_09-19-27,5875,87.71762488979346,70,0,0.07190853203568341,12.206555615733702,50,200,2026-04-07T03:15:10.162033
2026-04-06_09-19-27,5876,115.86054298268849,74,0,0.05327824684856941,17.029386365926403,50,200,2026-04-07T03:15:25.468074
2026-04-06_09-19-27,5877,-15.357671511531777,39,0,0.02426323739246263,39.824615503479755,50,200,2026-04-07T03:15:33.548005
2026-04-06_09-19-27,5878,432.09597527488864,167,1,0.37453183520599254,0.0,50,200,2026-04-07T03:15:55.517917
2026-04-06_09-19-27,5879,33.40581994240702,47,0,0.02803062746655266,34.20526275297414,50,200,2026-04-07T03:16:05.864734
2026-04-06_09-19-27,5880,76.96326864846876,71,0,0.044791773536675045,20.615528128088304,50,200,2026-04-07T03:16:19.535200
2026-04-06_09-19-27,5881,64.40264894077598,55,0,0.03363831443026379,28.178005607210743,50,200,2026-04-07T03:16:59.184936
2026-04-06_09-19-27,5882,-89.30598775967323,4,0,0.016546163818156382,59.39696961966999,50,200,2026-04-07T03:17:01.251845
2026-04-06_09-19-27,5883,430.60362124268255,154,1,0.39370078740157477,0.0,50,200,2026-04-07T03:17:23.319239
2026-04-06_09-19-27,5884,416.94477178604865,141,1,0.41493775933609955,0.0,50,200,2026-04-07T03:17:46.006529
2026-04-06_09-19-27,5885,-28.73567326558667,28,0,0.020855471608354114,46.66904755831214,50,200,2026-04-07T03:17:52.211555
2026-04-06_09-19-27,5886,428.5233517145365,182,1,0.35460992907801414,0.0,50,200,2026-04-07T03:18:15.473436
2026-04-06_09-19-27,5887,408.2397469723948,124,1,0.4464285714285714,0.0,50,200,2026-04-07T03:18:35.744753
2026-04-06_09-19-27,5888,133.63980623482828,59,0,0.06076785502995353,14.866068747318506,50,200,2026-04-07T03:18:48.935135
2026-04-06_09-19-27,5889,433.2339647288147,181,1,0.35587188612099646,0.0,50,200,2026-04-07T03:19:11.878542
2026-04-06_09-19-27,5890,438.8284809480388,179,1,0.35842293906810035,0.0,50,200,2026-04-07T03:19:34.623206
2026-04-06_09-19-27,5891,422.6240749377168,141,1,0.41493775933609955,0.0,50,200,2026-04-07T03:19:59.566332
2026-04-06_09-19-27,5892,399.25168441796416,130,1,0.4347826086956522,0.0,50,200,2026-04-07T03:20:21.267983
2026-04-06_09-19-27,5893,306.7701380001219,200,0,0.110098661796365,6.082762530298219,50,200,2026-04-07T03:20:46.854711
2026-04-06_09-19-27,5894,418.8897423222934,113,1,0.4694835680751174,0.0,50,200,2026-04-07T03:21:07.394911
2026-04-06_09-19-27,5895,-114.27135319784034,24,0,0.01967798124040578,49.57822102496216,50,200,2026-04-07T03:21:12.755270
2026-04-06_09-19-27,5896,120.24793910154362,67,0,0.05226230670075646,17.46424919657298,50,200,2026-04-07T03:21:27.563310
2026-04-06_09-19-27,5897,431.37080062909826,171,1,0.36900369003690037,0.0,50,200,2026-04-07T03:21:48.021882
2026-04-06_09-19-27,5898,417.63137756714605,114,1,0.4672897196261682,0.0,50,200,2026-04-07T03:22:07.960516
2026-04-06_09-19-27,5899,-40.17904479011415,36,0,0.021849705800302877,44.40720662234904,50,200,2026-04-07T03:22:15.353133
2026-04-06_09-19-27,5900,329.82434152377436,200,0,0.19098300562505258,2.23606797749979,50,200,2026-04-07T03:22:38.444146
2026-04-06_09-19-27,5901,324.21968058932197,200,0,0.22654091966098644,1.4142135623730951,50,200,2026-04-07T03:23:01.821948
2026-04-06_09-19-27,5902,330.3915866977598,200,0,0.22654091966098644,1.4142135623730951,50,200,2026-04-07T03:23:22.766065
2026-04-06_09-19-27,5903,431.36575374451076,174,1,0.36496350364963503,0.0,50,200,2026-04-07T03:23:47.151616
2026-04-06_09-19-27,5904,381.5158615095448,161,1,0.38314176245210724,0.0,50,200,2026-04-07T03:24:07.252465
2026-04-06_09-19-27,5905,309.34241031495685,200,0,0.25,1.0,50,200,2026-04-07T03:24:30.523476
2026-04-06_09-19-27,5906,432.9324845202353,183,1,0.35335689045936397,0.0,50,200,2026-04-07T03:24:53.880766
2026-04-06_09-19-27,5907,437.58719810520125,171,1,0.36900369003690037,0.0,50,200,2026-04-07T03:25:15.370663
2026-04-06_09-19-27,5908,414.4602583514025,122,1,0.4504504504504505,0.0,50,200,2026-04-07T03:25:37.553162
2026-04-06_09-19-27,5909,408.60200034853136,168,1,0.373134328358209,0.0,50,200,2026-04-07T03:26:00.409188
2026-04-06_09-19-27,5910,-85.81186538288068,7,0,0.016732446833583894,58.69412236331676,50,200,2026-04-07T03:26:03.020303
2026-04-06_09-19-27,5911,432.1081428660402,181,1,0.35587188612099646,0.0,50,200,2026-04-07T03:26:25.361811
2026-04-06_09-19-27,5912,-110.47026927502458,5,0,0.016342139071978557,60.14149981501958,50,200,2026-04-07T03:26:27.532494
2026-04-06_09-19-27,5913,420.1526440500302,146,1,0.4065040650406504,0.0,50,200,2026-04-07T03:27:30.184227
2026-04-06_09-19-27,5914,46.6959140126599,39,0,0.030047681971032626,31.89043743820395,50,200,2026-04-07T03:27:39.592754
2026-04-06_09-19-27,5915,423.7765609116627,143,1,0.41152263374485604,0.0,50,200,2026-04-07T03:28:00.434678
2026-04-06_09-19-27,5916,411.3060466966906,171,1,0.36900369003690037,0.0,50,200,2026-04-07T03:28:21.467470
2026-04-06_09-19-27,5917,80.42329451506852,57,0,0.037551734782402035,25.059928172283335,50,200,2026-04-07T03:28:33.962871
2026-04-06_09-19-27,5918,404.7691756832447,152,1,0.3968253968253968,0.0,50,200,2026-04-07T03:28:55.048463
2026-04-06_09-19-27,5919,-70.44848586084734,18,0,0.019414113833694634,50.32891812864648,50,200,2026-04-07T03:28:59.663137
2026-04-06_09-19-27,5920,-61.80897300047977,10,0,0.018234826700306433,53.74011537017761,50,200,2026-04-07T03:29:02.943879
2026-04-06_09-19-27,5921,403.8288928252437,120,1,0.45454545454545453,0.0,50,200,2026-04-07T03:29:22.389564
2026-04-06_09-19-27,5922,428.02907849198385,122,1,0.4504504504504505,0.0,50,200,2026-04-07T03:29:41.620091
2026-04-06_09-19-27,5923,178.20469032499608,90,0,0.12043659367298339,6.4031242374328485,50,200,2026-04-07T03:29:59.905825
2026-04-06_09-19-27,5924,121.9180063618008,61,0,0.0538196831569033,16.97056274847714,50,200,2026-04-07T03:30:13.836977
2026-04-06_09-19-27,5925,-49.587107911826294,23,0,0.01917129165772411,50.93132631298737,50,200,2026-04-07T03:30:18.857886
2026-04-06_09-19-27,5926,420.554565733047,198,1,0.33557046979865773,0.0,50,200,2026-04-07T03:30:41.722582
2026-04-06_09-19-27,5927,424.827319779684,124,1,0.4464285714285714,0.0,50,200,2026-04-07T03:31:03.558879
2026-04-06_09-19-27,5928,433.91584766197013,163,1,0.3802281368821293,0.0,50,200,2026-04-07T03:31:26.286980
2026-04-06_09-19-27,5929,423.817063226032,123,1,0.4484304932735426,0.0,50,200,2026-04-07T03:31:46.386372
2026-04-06_09-19-27,5930,62.29653921191219,51,0,0.03763653381054899,25.059928172283335,50,200,2026-04-07T03:31:57.768896
2026-04-06_09-19-27,5931,306.3075630733584,200,0,0.19098300562505258,2.23606797749979,50,200,2026-04-07T03:32:19.392693
2026-04-06_09-19-27,5932,434.68008649633214,186,1,0.34965034965034963,0.0,50,200,2026-04-07T03:32:42.279069
2026-04-06_09-19-27,5933,37.02681884710991,41,0,0.02856278201926962,33.60059523282288,50,200,2026-04-07T03:32:51.938767
2026-04-06_09-19-27,5934,427.4781362505712,142,1,0.4132231404958678,0.0,50,200,2026-04-07T03:33:14.764476
2026-04-06_09-19-27,5935,419.0701084496797,97,1,0.5076142131979695,0.0,50,200,2026-04-07T03:33:33.864475
2026-04-06_09-19-27,5936,-37.25086703933056,22,0,0.022181101221403616,43.86342439892262,50,200,2026-04-07T03:33:39.334859
2026-04-06_09-19-27,5937,328.2495448312038,200,0,0.1513878188659973,3.605551275463989,50,200,2026-04-07T03:34:01.177214
2026-04-06_09-19-27,5938,418.71371151650175,155,1,0.3921568627450981,0.0,50,200,2026-04-07T03:34:22.207163
2026-04-06_09-19-27,5939,439.54299933407793,178,1,0.3597122302158273,0.0,50,200,2026-04-07T03:34:43.258272
2026-04-06_09-19-27,5940,152.44724970529757,83,0,0.08453085376162299,10.0,50,200,2026-04-07T03:35:01.815069
2026-04-06_09-19-27,5941,-11.097843728904706,26,0,0.0232378736943771,41.773197148410844,50,200,2026-04-07T03:35:08.809344
2026-04-06_09-19-27,5942,420.25888854324535,102,1,0.49504950495049505,0.0,50,200,2026-04-07T03:35:27.839594
2026-04-06_09-19-27,5943,322.54630093984093,200,0,0.110098661796365,6.082762530298219,50,200,2026-04-07T03:35:50.229991
2026-04-06_09-19-27,5944,155.74844010870393,61,0,0.08613264427217916,10.0,50,200,2026-04-07T03:36:05.378009
2026-04-06_09-19-27,5945,428.66421118926513,160,1,0.3846153846153846,0.0,50,200,2026-04-07T03:37:01.807353
2026-04-06_09-19-27,5946,382.0501661803256,146,1,0.4065040650406504,0.0,50,200,2026-04-07T03:37:26.006275
2026-04-06_09-19-27,5947,274.77596276513583,200,0,0.06800546805249706,11.704699910719626,50,200,2026-04-07T03:37:50.245934
2026-04-06_09-19-27,5948,325.4956978844504,200,0,0.1715728752538099,2.8284271247461903,50,200,2026-04-07T03:38:15.942786
2026-04-06_09-19-27,5949,45.69521982690631,50,0,0.03000510603579431,31.827660925679098,50,200,2026-04-07T03:38:26.016714
2026-04-06_09-19-27,5950,425.7322247343112,140,1,0.41666666666666663,0.0,50,200,2026-04-07T03:38:47.161611
2026-04-06_09-19-27,5951,-52.21045991943465,16,0,0.018931374848390393,51.66236541235796,50,200,2026-04-07T03:38:51.556697
2026-04-06_09-19-27,5952,436.6843064877109,198,1,0.33557046979865773,0.0,50,200,2026-04-07T03:39:15.127786
2026-04-06_09-19-27,5953,96.04401144880715,74,0,0.04631895561241461,19.849433241279208,50,200,2026-04-07T03:39:29.885433
2026-04-06_09-19-27,5954,4.935856494557669,40,0,0.031050265671459205,30.805843601498726,50,200,2026-04-07T03:39:39.968216
2026-04-06_09-19-27,5955,425.7506878013238,158,1,0.38759689922480617,0.0,50,200,2026-04-07T03:40:03.915862
2026-04-06_09-19-27,5956,-102.22578750005806,1,0,0.015813927823395878,62.22539674441618,50,200,2026-04-07T03:40:05.241908
2026-04-06_09-19-27,5957,424.17052647159915,133,1,0.4291845493562232,0.0,50,200,2026-04-07T03:40:25.932407
2026-04-06_09-19-27,5958,-38.298330276862444,41,0,0.02110711916794255,45.967379738244816,50,200,2026-04-07T03:40:32.714101
2026-04-06_09-19-27,5959,427.91213323068524,152,1,0.3968253968253968,0.0,50,200,2026-04-07T03:40:56.277811
2026-04-06_09-19-27,5960,335.62567866283007,200,0,0.1715728752538099,2.8284271247461903,50,200,2026-04-07T03:41:18.884174
2026-04-06_09-19-27,5961,54.27016930712206,60,0,0.03246103632592595,29.206163733020468,50,200,2026-04-07T03:41:30.998820
2026-04-06_09-19-27,5962,322.79298200919396,200,0,0.1715728752538099,2.8284271247461903,50,200,2026-04-07T03:41:54.909237
2026-04-06_09-19-27,5963,153.10311881068236,86,0,0.08006311655548683,10.63014581273465,50,200,2026-04-07T03:42:12.051776
2026-04-06_09-19-27,5964,424.31768121827645,131,1,0.4329004329004329,0.0,50,200,2026-04-07T03:42:33.168251
2026-04-06_09-19-27,5965,416.5041832718504,152,1,0.3968253968253968,0.0,50,200,2026-04-07T03:42:54.544004
2026-04-06_09-19-27,5966,36.487636807478395,60,0,0.03246103632592595,29.206163733020468,50,200,2026-04-07T03:43:06.224579
2026-04-06_09-19-27,5967,423.8618797453545,124,1,0.4464285714285714,0.0,50,200,2026-04-07T03:43:25.016387
2026-04-06_09-19-27,5968,320.9712336961699,200,0,0.1715728752538099,2.8284271247461903,50,200,2026-04-07T03:43:49.477088
2026-04-06_09-19-27,5969,30.694871148469957,48,0,0.027629568233758332,34.713109915419565,50,200,2026-04-07T03:43:59.475464
2026-04-06_09-19-27,5970,321.9657059637757,200,0,0.13383054136359812,4.47213595499958,50,200,2026-04-07T03:44:23.092573
2026-04-06_09-19-27,5971,-125.64367997240748,5,0,0.016342139071978557,60.14149981501958,50,200,2026-04-07T03:44:25.283042
2026-04-06_09-19-27,5972,338.3522320290866,200,0,0.22654091966098644,1.4142135623730951,50,200,2026-04-07T03:44:49.211527
2026-04-06_09-19-27,5973,-15.54424024129247,21,0,0.022152434534912,43.93176527297759,50,200,2026-04-07T03:44:55.235142
2026-04-06_09-19-27,5974,422.37049137699944,119,1,0.4566210045662101,0.0,50,200,2026-04-07T03:45:16.987603
2026-04-06_09-19-27,5975,63.73858681480806,63,0,0.034905826661739955,27.018512172212592,50,200,2026-04-07T03:45:28.882455
2026-04-06_09-19-27,5976,325.62476405347485,200,0,0.1715728752538099,2.8284271247461903,50,200,2026-04-07T03:45:51.628143
2026-04-06_09-19-27,5977,148.46071541523884,115,0,0.07824636859804525,10.63014581273465,50,200,2026-04-07T03:46:50.620902
2026-04-06_09-19-27,5978,-34.58235299880471,19,0,0.020570365718279752,47.4236228055175,50,200,2026-04-07T03:46:56.085181
2026-04-06_09-19-27,5979,433.40981402308506,162,1,0.38167938931297707,0.0,50,200,2026-04-07T03:47:18.772470
2026-04-06_09-19-27,5980,429.73731393084006,163,1,0.3802281368821293,0.0,50,200,2026-04-07T03:47:42.589513
2026-04-06_09-19-27,5981,107.29379004744514,105,0,0.15332400411454847,4.47213595499958,50,200,2026-04-07T03:48:00.566406
2026-04-06_09-19-27,5982,-64.55907309671684,9,0,0.01800445350808124,54.45181356024793,50,200,2026-04-07T03:48:04.166120
2026-04-06_09-19-27,5983,319.55968886121116,200,0,0.13383054136359812,4.47213595499958,50,200,2026-04-07T03:48:26.583901
2026-04-06_09-19-27,5984,-38.04825772349318,30,0,0.02048848897973175,47.50789408087881,50,200,2026-04-07T03:48:32.548562
2026-04-06_09-19-27,5985,417.11180117212854,155,1,0.3921568627450981,0.0,50,200,2026-04-07T03:48:55.430859
2026-04-06_09-19-27,5986,323.59162683614994,200,0,0.13383054136359812,4.47213595499958,50,200,2026-04-07T03:49:18.725010
2026-04-06_09-19-27,5987,128.3885259174358,72,0,0.05594250857770032,16.15549442140351,50,200,2026-04-07T03:49:34.652838
2026-04-06_09-19-27,5988,424.68781004340445,153,1,0.39525691699604737,0.0,50,200,2026-04-07T03:49:56.254508
2026-04-06_09-19-27,5989,299.9632547070945,200,0,0.08891883476670036,8.246211251235321,50,200,2026-04-07T03:50:16.841273
2026-04-06_09-19-27,5990,311.25720981461825,200,0,0.10300566479164913,6.708203932499369,50,200,2026-04-07T03:50:40.621381
2026-04-06_09-19-27,5991,113.14460692090263,78,0,0.050485273594388945,18.027756377319946,50,200,2026-04-07T03:50:57.818636
2026-04-06_09-19-27,5992,99.30908259695428,92,0,0.04992319247874536,18.110770276274835,50,200,2026-04-07T03:51:14.581442
2026-04-06_09-19-27,5993,415.22791199693455,100,1,0.5,0.0,50,200,2026-04-07T03:51:34.607723
2026-04-06_09-19-27,5994,419.3871220168084,165,1,0.3773584905660377,0.0,50,200,2026-04-07T03:51:56.329466
2026-04-06_09-19-27,5995,424.2001886454271,146,1,0.4065040650406504,0.0,50,200,2026-04-07T03:52:19.314258
2026-04-06_09-19-27,5996,66.52632083087691,66,0,0.04222488751667255,22.02271554554524,50,200,2026-04-07T03:52:33.423576
2026-04-06_09-19-27,5997,403.26768096334956,141,1,0.41493775933609955,0.0,50,200,2026-04-07T03:52:56.115803
2026-04-06_09-19-27,5998,324.08611789096545,200,0,0.13383054136359812,4.47213595499958,50,200,2026-04-07T03:53:19.541070
2026-04-06_09-19-27,5999,104.83004922762922,69,0,0.045028241542404875,20.518284528683193,50,200,2026-04-07T03:53:33.941505
2026-04-06_09-19-27,6000,415.09373515239173,144,1,0.4098360655737705,0.0,50,200,2026-04-07T03:53:55.424344
2026-04-06_09-19-27,6001,72.52559861139326,53,0,0.03735684074843947,25.238858928247925,50,200,2026-04-07T03:54:19.199816
2026-04-06_09-19-27,6002,-42.11165967219662,21,0,0.020252599200715062,48.16637831516918,50,200,2026-04-07T03:54:24.525403
2026-04-06_09-19-27,6003,377.84528517774595,129,1,0.4366812227074236,0.0,50,200,2026-04-07T03:54:46.683920
2026-04-06_09-19-27,6004,422.0450029882388,119,1,0.4566210045662101,0.0,50,200,2026-04-07T03:55:07.085786
2026-04-06_09-19-27,6005,334.9241593845796,200,0,0.1715728752538099,2.8284271247461903,50,200,2026-04-07T03:55:27.637032
2026-04-06_09-19-27,6006,429.0042783772635,144,1,0.4098360655737705,0.0,50,200,2026-04-07T03:55:48.826821
2026-04-06_09-19-27,6007,58.19524167703774,51,0,0.03830427326606884,24.596747752497688,50,200,2026-04-07T03:56:01.327515
2026-04-06_09-19-27,6008,413.0223257053247,175,1,0.36363636363636365,0.0,50,200,2026-04-07T03:56:23.510890
2026-04-06_09-19-27,6009,399.7652752407781,133,1,0.4291845493562232,0.0,50,200,2026-04-07T03:57:23.335021
2026-04-06_09-19-27,6010,-73.02095108218398,13,0,0.01895603863500723,51.62363799656123,50,200,2026-04-07T03:57:27.468497
2026-04-06_09-19-27,6011,323.35762799587735,200,0,0.2,2.0,50,200,2026-04-07T03:57:51.179223
2026-04-06_09-19-27,6012,301.0989106587515,200,0,0.110098661796365,6.082762530298219,50,200,2026-04-07T03:58:17.201920
2026-04-06_09-19-27,6013,285.50937486631494,200,0,0.09929433687476769,7.0710678118654755,50,200,2026-04-07T03:58:40.936920
2026-04-06_09-19-27,6014,382.8842409069441,183,1,0.35335689045936397,0.0,50,200,2026-04-07T03:59:01.217631
2026-04-06_09-19-27,6015,322.4236039325125,200,0,0.1513878188659973,3.605551275463989,50,200,2026-04-07T03:59:24.908532
2026-04-06_09-19-27,6016,298.150649152562,200,0,0.10300566479164913,6.708203932499369,50,200,2026-04-07T03:59:48.334047
2026-04-06_09-19-27,6017,373.62165776344443,139,1,0.41841004184100417,0.0,50,200,2026-04-07T04:00:11.395431
2026-04-06_09-19-27,6018,310.37033421532243,200,0,0.10724372001086317,6.324555320336759,50,200,2026-04-07T04:00:34.109654
2026-04-06_09-19-27,6019,-75.45947698102893,24,0,0.019888307527072987,49.040799340956916,50,200,2026-04-07T04:00:39.376890
2026-04-06_09-19-27,6020,-116.16319892048273,12,0,0.017092653497164025,57.38466694161429,50,200,2026-04-07T04:00:42.694675
2026-04-06_09-19-27,6021,425.4893152838576,147,1,0.40485829959514175,0.0,50,200,2026-04-07T04:01:05.310281
2026-04-06_09-19-27,6022,433.8599745918956,173,1,0.3663003663003663,0.0,50,200,2026-04-07T04:01:28.265399
2026-04-06_09-19-27,6023,438.8860402447791,193,1,0.3412969283276451,0.0,50,200,2026-04-07T04:01:49.874270
2026-04-06_09-19-27,6024,309.4253015104444,200,0,0.09929433687476769,7.0710678118654755,50,200,2026-04-07T04:02:12.284429
2026-04-06_09-19-27,6025,306.7641626580053,200,0,0.09039745979104553,8.06225774829855,50,200,2026-04-07T04:02:34.801378
2026-04-06_09-19-27,6026,426.58328182088854,148,1,0.40322580645161293,0.0,50,200,2026-04-07T04:02:56.302762
2026-04-06_09-19-27,6027,299.91689670268397,200,0,0.09039745979104553,8.06225774829855,50,200,2026-04-07T04:03:19.866764
2026-04-06_09-19-27,6028,37.978031493141316,108,0,0.034903209285874294,26.570660511172846,50,200,2026-04-07T04:03:37.484271
2026-04-06_09-19-27,6029,426.4574660179298,145,1,0.4081632653061224,0.0,50,200,2026-04-07T04:04:00.633336
2026-04-06_09-19-27,6030,67.16597654792093,86,0,0.03970805434594935,23.323807579381203,50,200,2026-04-07T04:04:16.088131
2026-04-06_09-19-27,6031,427.46933281796316,195,1,0.3389830508474576,0.0,50,200,2026-04-07T04:04:39.815569
2026-04-06_09-19-27,6032,-45.76527476977462,15,0,0.020605203270937348,47.38143096192854,50,200,2026-04-07T04:04:44.362283
2026-04-06_09-19-27,6033,294.92181703068235,200,0,0.09727522475637543,7.280109889280518,50,200,2026-04-07T04:05:08.734519
2026-04-06_09-19-27,6034,-44.49710239042573,25,0,0.019674109772775478,49.57822102496216,50,200,2026-04-07T04:05:14.408277
2026-04-06_09-19-27,6035,424.70890002591403,149,1,0.4016064257028112,0.0,50,200,2026-04-07T04:05:39.682244
2026-04-06_09-19-27,6036,426.18438341498484,162,1,0.38167938931297707,0.0,50,200,2026-04-07T04:06:03.347593
2026-04-06_09-19-27,6037,62.665532753052986,69,0,0.04036034888118186,23.08679276123039,50,200,2026-04-07T04:06:17.327455
2026-04-06_09-19-27,6038,320.80376611558796,200,0,0.1715728752538099,2.8284271247461903,50,200,2026-04-07T04:06:42.077644
2026-04-06_09-19-27,6039,378.5794811602137,140,1,0.41666666666666663,0.0,50,200,2026-04-07T04:07:03.757302
2026-04-06_09-19-27,6040,-85.13616168764452,4,0,0.016740850295209303,58.69412236331676,50,200,2026-04-07T04:07:05.962601
2026-04-06_09-19-27,6041,77.69407226619283,51,0,0.042169888180965384,22.20360331117452,50,200,2026-04-07T04:08:06.354658
2026-04-06_09-19-27,6042,387.34697975245814,101,1,0.49751243781094534,0.0,50,200,2026-04-07T04:08:27.578485
2026-04-06_09-19-27,6043,433.7400643582882,153,1,0.39525691699604737,0.0,50,200,2026-04-07T04:08:48.273876
2026-04-06_09-19-27,6044,419.01990730342595,133,1,0.4291845493562232,0.0,50,200,2026-04-07T04:09:10.838013
2026-04-06_09-19-27,6045,-71.67400777746883,15,0,0.018193562560352525,53.81449618829484,50,200,2026-04-07T04:09:14.712480
2026-04-06_09-19-27,6046,438.5688667463382,179,1,0.35842293906810035,0.0,50,200,2026-04-07T04:09:36.075703
2026-04-06_09-19-27,6047,84.58517177583914,52,0,0.04168020395537173,22.47220505424423,50,200,2026-04-07T04:09:48.215763
2026-04-06_09-19-27,6048,-88.06376174127473,5,0,0.01714383268577105,57.28001396647874,50,200,2026-04-07T04:09:50.541319
2026-04-06_09-19-27,6049,6.283222895498554,31,0,0.027671588415016494,34.828149534535996,50,200,2026-04-07T04:09:58.665658
2026-04-06_09-19-27,6050,-31.02938756096198,22,0,0.021506798248390236,45.27692569068709,50,200,2026-04-07T04:10:04.792404
2026-04-06_09-19-27,6051,-95.72971926915487,2,0,0.016173069130115212,60.81118318204309,50,200,2026-04-07T04:10:06.362349
2026-04-06_09-19-27,6052,13.761380659226688,30,0,0.02517702886407682,38.41874542459709,50,200,2026-04-07T04:10:14.285133
2026-04-06_09-19-27,6053,419.06976639097047,135,1,0.425531914893617,0.0,50,200,2026-04-07T04:10:36.168856
2026-04-06_09-19-27,6054,437.71774528543096,198,1,0.33557046979865773,0.0,50,200,2026-04-07T04:11:00.054016
2026-04-06_09-19-27,6055,140.91037276994115,88,0,0.08213127274897136,10.295630140987,50,200,2026-04-07T04:11:16.736036
2026-04-06_09-19-27,6056,432.31437879783226,137,1,0.42194092827004215,0.0,50,200,2026-04-07T04:11:35.663539
2026-04-06_09-19-27,6057,392.02113380226666,86,1,0.5376344086021506,0.0,50,200,2026-04-07T04:11:53.794338
2026-04-06_09-19-27,6058,432.7460182125683,183,1,0.35335689045936397,0.0,50,200,2026-04-07T04:12:15.411752
2026-04-06_09-19-27,6059,427.7717393695394,131,1,0.4329004329004329,0.0,50,200,2026-04-07T04:12:36.864668
2026-04-06_09-19-27,6060,121.10087638806544,62,0,0.05789557959835283,15.652475842498529,50,200,2026-04-07T04:12:51.512271
2026-04-06_09-19-27,6061,296.8675203564109,200,0,0.19098300562505258,2.23606797749979,50,200,2026-04-07T04:13:13.231688
2026-04-06_09-19-27,6062,40.252762336074454,48,0,0.03273442033348607,29.068883707497267,50,200,2026-04-07T04:13:23.727291
2026-04-06_09-19-27,6063,-114.42802520425639,8,0,0.0171247774319711,57.3149195236284,50,200,2026-04-07T04:13:26.323717
2026-04-06_09-19-27,6064,-33.15422287901974,39,0,0.022009255243890313,44.04543109109048,50,200,2026-04-07T04:13:34.679680
2026-04-06_09-19-27,6065,145.8817254760752,91,0,0.08192940376277333,10.295630140987,50,200,2026-04-07T04:13:52.349633
2026-04-06_09-19-27,6066,337.89118256353834,200,0,0.22654091966098644,1.4142135623730951,50,200,2026-04-07T04:14:15.047627
2026-04-06_09-19-27,6067,419.4119723191756,113,1,0.4694835680751174,0.0,50,200,2026-04-07T04:14:35.576074
2026-04-06_09-19-27,6068,432.75319760602207,158,1,0.38759689922480617,0.0,50,200,2026-04-07T04:14:54.813934
2026-04-06_09-19-27,6069,-6.314598610567586,23,0,0.022893788327382213,42.44997055358225,50,200,2026-04-07T04:15:01.063474
2026-04-06_09-19-27,6070,340.1556971346742,200,0,0.22654091966098644,1.4142135623730951,50,200,2026-04-07T04:15:21.481246
2026-04-06_09-19-27,6071,434.776822736667,162,1,0.38167938931297707,0.0,50,200,2026-04-07T04:15:42.168700
2026-04-06_09-19-27,6072,-79.16709852751454,6,0,0.017130644601492433,57.3149195236284,50,200,2026-04-07T04:15:44.652587
2026-04-06_09-19-27,6073,418.08354428559386,186,1,0.34965034965034963,0.0,50,200,2026-04-07T04:16:34.589752
2026-04-06_09-19-27,6074,295.072671209329,200,0,0.1715728752538099,2.8284271247461903,50,200,2026-04-07T04:16:58.187105
2026-04-06_09-19-27,6075,333.05169691261904,200,0,0.1715728752538099,2.8284271247461903,50,200,2026-04-07T04:17:20.169342
2026-04-06_09-19-27,6076,107.78254589798733,68,0,0.04763445415343329,19.313207915827967,50,200,2026-04-07T04:17:34.797804
2026-04-06_09-19-27,6077,330.6202500334068,200,0,0.14285714285714285,4.0,50,200,2026-04-07T04:17:56.733173
2026-04-06_09-19-27,6078,-46.94751202585823,20,0,0.021201092906782102,45.967379738244816,50,200,2026-04-07T04:18:02.014300
2026-04-06_09-19-27,6079,11.131986491318742,29,0,0.024883482670896292,38.897300677553446,50,200,2026-04-07T04:18:09.753488
2026-04-06_09-19-27,6080,422.8238289719635,149,1,0.4016064257028112,0.0,50,200,2026-04-07T04:18:35.376528
2026-04-06_09-19-27,6081,424.5855029582746,148,1,0.40322580645161293,0.0,50,200,2026-04-07T04:18:58.346905
2026-04-06_09-19-27,6082,7.081256360829883,36,0,0.024415266724349502,39.59797974644666,50,200,2026-04-07T04:19:06.257493
2026-04-06_09-19-27,6083,-77.48991719990865,13,0,0.018461178636226473,53.03772242470448,50,200,2026-04-07T04:19:09.860383
2026-04-06_09-19-27,6084,423.27662437728554,131,1,0.4329004329004329,0.0,50,200,2026-04-07T04:19:32.587663
2026-04-06_09-19-27,6085,439.8931044283555,189,1,0.3460207612456747,0.0,50,200,2026-04-07T04:19:55.656757
2026-04-06_09-19-27,6086,418.39554478157925,102,1,0.49504950495049505,0.0,50,200,2026-04-07T04:20:16.553768
2026-04-06_09-19-27,6087,372.1661639422941,128,1,0.43859649122807015,0.0,50,200,2026-04-07T04:20:35.925074
2026-04-06_09-19-27,6088,325.7599889274292,200,0,0.1715728752538099,2.8284271247461903,50,200,2026-04-07T04:20:56.307942
2026-04-06_09-19-27,6089,410.67258368221627,151,1,0.39840637450199207,0.0,50,200,2026-04-07T04:21:17.720933
2026-04-06_09-19-27,6090,25.00656709016542,48,0,0.031533373760993466,30.23243291566195,50,200,2026-04-07T04:21:28.605786
2026-04-06_09-19-27,6091,425.0166752477327,155,1,0.3921568627450981,0.0,50,200,2026-04-07T04:21:49.612726
2026-04-06_09-19-27,6092,410.39755900895256,99,1,0.5025125628140703,0.0,50,200,2026-04-07T04:22:10.710976
2026-04-06_09-19-27,6093,411.27749867125937,181,1,0.35587188612099646,0.0,50,200,2026-04-07T04:22:31.998587
2026-04-06_09-19-27,6094,432.4627216757092,151,1,0.39840637450199207,0.0,50,200,2026-04-07T04:22:53.997117
2026-04-06_09-19-27,6095,-114.43004320796571,6,0,0.017140894079569202,57.28001396647874,50,200,2026-04-07T04:22:56.526164
2026-04-06_09-19-27,6096,411.26271168615256,115,1,0.4651162790697674,0.0,50,200,2026-04-07T04:23:18.696278
2026-04-06_09-19-27,6097,58.767785616175075,66,0,0.04238776700670475,21.93171219946131,50,200,2026-04-07T04:23:31.488551
2026-04-06_09-19-27,6098,428.9537202703254,138,1,0.42016806722689076,0.0,50,200,2026-04-07T04:23:51.731059
2026-04-06_09-19-27,6099,426.73695777285207,144,1,0.4098360655737705,0.0,50,200,2026-04-07T04:24:13.036015
2026-04-06_09-19-27,6100,15.944104839136358,65,0,0.02944555014662953,32.31098884280702,50,200,2026-04-07T04:24:25.544821
2026-04-06_09-19-27,6101,-16.164911213698588,32,0,0.02516435758892957,38.41874542459709,50,200,2026-04-07T04:24:33.567203
2026-04-06_09-19-27,6102,117.48629000498254,78,0,0.05188644673982471,17.4928556845359,50,200,2026-04-07T04:24:48.551315
2026-04-06_09-19-27,6103,45.39065420873243,53,0,0.04105861522727868,22.825424421026653,50,200,2026-04-07T04:24:59.961580
2026-04-06_09-19-27,6104,424.7391783108305,181,1,0.35587188612099646,0.0,50,200,2026-04-07T04:25:21.054390
2026-04-06_09-19-27,6105,430.22153284202693,161,1,0.38314176245210724,0.0,50,200,2026-04-07T04:26:17.674420
2026-04-06_09-19-27,6106,419.76604930628207,110,1,0.47619047619047616,0.0,50,200,2026-04-07T04:26:38.600902
2026-04-06_09-19-27,6107,-102.47914896360481,1,0,0.015813927823395878,62.22539674441618,50,200,2026-04-07T04:26:39.923408
2026-04-06_09-19-27,6108,422.93878029590877,133,1,0.4291845493562232,0.0,50,200,2026-04-07T04:27:02.593229
2026-04-06_09-19-27,6109,115.33576171160038,80,0,0.0524585306745558,17.26267650163207,50,200,2026-04-07T04:27:19.015219
2026-04-06_09-19-27,6110,422.43759987207824,129,1,0.4366812227074236,0.0,50,200,2026-04-07T04:27:40.709306
2026-04-06_09-19-27,6111,400.96098725671925,96,1,0.5102040816326531,0.0,50,200,2026-04-07T04:28:01.692762
2026-04-06_09-19-27,6112,331.3884390045834,200,0,0.22654091966098644,1.4142135623730951,50,200,2026-04-07T04:28:24.061349
2026-04-06_09-19-27,6113,401.6155271429384,127,1,0.44052863436123346,0.0,50,200,2026-04-07T04:28:42.764075
2026-04-06_09-19-27,6114,85.41489253623763,69,0,0.03789575761274541,24.698178070456937,50,200,2026-04-07T04:28:56.444109
2026-04-06_09-19-27,6115,427.426039528373,172,1,0.36764705882352944,0.0,50,200,2026-04-07T04:29:19.873477
2026-04-06_09-19-27,6116,434.2505294956127,165,1,0.3773584905660377,0.0,50,200,2026-04-07T04:29:42.462788
2026-04-06_09-19-27,6117,65.00354357655598,65,0,0.03370651904502405,28.0178514522438,50,200,2026-04-07T04:29:54.499060
2026-04-06_09-19-27,6118,-23.457497130267114,32,0,0.02525551100367377,38.27531841800928,50,200,2026-04-07T04:30:02.645449
2026-04-06_09-19-27,6119,427.63480872884594,177,1,0.36101083032490977,0.0,50,200,2026-04-07T04:30:25.911220
2026-04-06_09-19-27,6120,-65.6358991560899,11,0,0.019470640745373,50.24937810560445,50,200,2026-04-07T04:30:29.766792
2026-04-06_09-19-27,6121,424.8078343611707,142,1,0.4132231404958678,0.0,50,200,2026-04-07T04:30:53.400885
2026-04-06_09-19-27,6122,419.84772776890196,149,1,0.4016064257028112,0.0,50,200,2026-04-07T04:31:16.320533
2026-04-06_09-19-27,6123,-29.004425853215267,33,0,0.02234807331515756,43.41658669218482,50,200,2026-04-07T04:31:23.421247
2026-04-06_09-19-27,6124,408.70480258643005,138,1,0.42016806722689076,0.0,50,200,2026-04-07T04:31:45.797110
2026-04-06_09-19-27,6125,417.88681622763204,119,1,0.4566210045662101,0.0,50,200,2026-04-07T04:32:08.789669
2026-04-06_09-19-27,6126,397.53992230097253,79,1,0.5586592178770949,0.0,50,200,2026-04-07T04:32:24.611346
2026-04-06_09-19-27,6127,1.071069319476095,45,0,0.023776756603549342,40.607881008493905,50,200,2026-04-07T04:32:33.518231
2026-04-06_09-19-27,6128,322.9616785623806,200,0,0.11925824035672519,5.385164807134504,50,200,2026-04-07T04:32:55.524061
2026-04-06_09-19-27,6129,433.85143871916785,176,1,0.3623188405797102,0.0,50,200,2026-04-07T04:33:18.293228
2026-04-06_09-19-27,6130,423.27757037085524,125,1,0.4444444444444444,0.0,50,200,2026-04-07T04:33:38.185609
2026-04-06_09-19-27,6131,418.8292257136358,146,1,0.4065040650406504,0.0,50,200,2026-04-07T04:33:59.111619
2026-04-06_09-19-27,6132,190.8984200973781,115,0,0.13986013986013984,5.0,50,200,2026-04-07T04:34:19.272241
2026-04-06_09-19-27,6133,411.8716886301419,173,1,0.3663003663003663,0.0,50,200,2026-04-07T04:34:40.656634
2026-04-06_09-19-27,6134,429.8289968311828,177,1,0.36101083032490977,0.0,50,200,2026-04-07T04:35:04.293880
2026-04-06_09-19-27,6135,417.9237830508463,124,1,0.4464285714285714,0.0,50,200,2026-04-07T04:35:25.923804
2026-04-06_09-19-27,6136,-84.48505990278792,8,0,0.017325254741632115,56.639209034025185,50,200,2026-04-07T04:35:28.778817
2026-04-06_09-19-27,6137,143.0355574516886,108,0,0.06484384537503877,13.341664064126334,50,200,2026-04-07T04:36:23.709789
2026-04-06_09-19-27,6138,-86.60313657005455,6,0,0.017140894079569202,57.28001396647874,50,200,2026-04-07T04:36:26.202875
2026-04-06_09-19-27,6139,417.65064392159667,110,1,0.47619047619047616,0.0,50,200,2026-04-07T04:36:47.068234
2026-04-06_09-19-27,6140,426.6649243950938,135,1,0.425531914893617,0.0,50,200,2026-04-07T04:37:07.938690
2026-04-06_09-19-27,6141,412.9034876242635,151,1,0.39840637450199207,0.0,50,200,2026-04-07T04:37:28.370235
2026-04-06_09-19-27,6142,-83.4336517650954,11,0,0.017767525711223288,55.17245689653489,50,200,2026-04-07T04:37:31.544465
2026-04-06_09-19-27,6143,39.697120256263275,47,0,0.028808862759027425,33.24154027718932,50,200,2026-04-07T04:37:41.472927
2026-04-06_09-19-27,6144,392.79220214164934,125,1,0.4444444444444444,0.0,50,200,2026-04-07T04:38:01.416826
2026-04-06_09-19-27,6145,421.5025638327952,142,1,0.4132231404958678,0.0,50,200,2026-04-07T04:38:24.893171
2026-04-06_09-19-27,6146,420.6641804269599,173,1,0.3663003663003663,0.0,50,200,2026-04-07T04:38:45.150123
2026-04-06_09-19-27,6147,425.4259554274698,142,1,0.4132231404958678,0.0,50,200,2026-04-07T04:39:07.450825
2026-04-06_09-19-27,6148,323.29956606350413,200,0,0.1715728752538099,2.8284271247461903,50,200,2026-04-07T04:39:33.037863
2026-04-06_09-19-27,6149,-21.15245059258612,33,0,0.023225948575810385,41.72529209005013,50,200,2026-04-07T04:39:40.290266
2026-04-06_09-19-27,6150,7.954573836968848,54,0,0.026205679520321778,36.61966684720111,50,200,2026-04-07T04:39:49.559353
2026-04-06_09-19-27,6151,338.0178605460457,200,0,0.19098300562505258,2.23606797749979,50,200,2026-04-07T04:40:10.194716
2026-04-06_09-19-27,6152,5.703172907165168,69,0,0.03182469684535864,29.732137494637012,50,200,2026-04-07T04:40:21.375179
2026-04-06_09-19-27,6153,-91.77366900925648,9,0,0.0182319659590375,53.75872022286245,50,200,2026-04-07T04:40:24.748186
2026-04-06_09-19-27,6154,424.02708009510604,157,1,0.3891050583657587,0.0,50,200,2026-04-07T04:40:48.315278
2026-04-06_09-19-27,6155,403.8404742034747,160,1,0.3846153846153846,0.0,50,200,2026-04-07T04:41:11.511127
2026-04-06_09-19-27,6156,134.6095178308385,117,0,0.08779982410619468,9.219544457292887,50,200,2026-04-07T04:41:30.354329
2026-04-06_09-19-27,6157,332.1480598309883,200,0,0.1715728752538099,2.8284271247461903,50,200,2026-04-07T04:41:52.511220
2026-04-06_09-19-27,6158,48.69610511868244,49,0,0.03040378944133252,31.400636936215164,50,200,2026-04-07T04:42:02.414401
2026-04-06_09-19-27,6159,387.4304760709651,118,1,0.4587155963302753,0.0,50,200,2026-04-07T04:42:22.385785
2026-04-06_09-19-27,6160,340.7946279626244,200,0,0.1715728752538099,2.8284271247461903,50,200,2026-04-07T04:42:42.297299
2026-04-06_09-19-27,6161,423.0059918210843,132,1,0.43103448275862066,0.0,50,200,2026-04-07T04:43:02.539886
2026-04-06_09-19-27,6162,427.9250397962342,133,1,0.4291845493562232,0.0,50,200,2026-04-07T04:43:22.887047
2026-04-06_09-19-27,6163,439.53702298083056,196,1,0.33783783783783783,0.0,50,200,2026-04-07T04:43:44.469264
2026-04-06_09-19-27,6164,55.25194703728471,67,0,0.0320342654849936,29.546573405388315,50,200,2026-04-07T04:43:57.541080
2026-04-06_09-19-27,6165,399.1127910867004,89,1,0.5291005291005291,0.0,50,200,2026-04-07T04:44:16.047597
2026-04-06_09-19-27,6166,433.6690079142536,164,1,0.3787878787878788,0.0,50,200,2026-04-07T04:44:38.365096
2026-04-06_09-19-27,6167,247.80706787769424,200,0,0.2,2.0,50,200,2026-04-07T04:45:01.890619
2026-04-06_09-19-27,6168,-84.83855362283913,5,0,0.01714383268577105,57.28001396647874,50,200,2026-04-07T04:45:04.352823
2026-04-06_09-19-27,6169,-23.945134524704898,26,0,0.021247694376543065,45.803929962395145,50,200,2026-04-07T04:45:47.949152
2026-04-06_09-19-27,6170,391.8520490932218,143,1,0.41152263374485604,0.0,50,200,2026-04-07T04:46:10.775791
2026-04-06_09-19-27,6171,440.50539019031794,186,1,0.34965034965034963,0.0,50,200,2026-04-07T04:46:33.813785
2026-04-06_09-19-27,6172,420.55563182646665,121,1,0.45248868778280543,0.0,50,200,2026-04-07T04:46:56.038525
2026-04-06_09-19-27,6173,65.09559281726119,70,0,0.040450245425893414,23.021728866442675,50,200,2026-04-07T04:47:09.683714
2026-04-06_09-19-27,6174,432.66893053555617,181,1,0.35587188612099646,0.0,50,200,2026-04-07T04:47:31.768260
2026-04-06_09-19-27,6175,-91.3283616154783,6,0,0.017566692992662683,55.86591089385369,50,200,2026-04-07T04:47:34.366355
2026-04-06_09-19-27,6176,77.73013808678105,81,0,0.04421129950343654,20.808652046684813,50,200,2026-04-07T04:47:48.126931
2026-04-06_09-19-27,6177,433.51789679496943,159,1,0.3861003861003861,0.0,50,200,2026-04-07T04:48:09.821457
2026-04-06_09-19-27,6178,427.54920813255694,153,1,0.39525691699604737,0.0,50,200,2026-04-07T04:48:31.868248
2026-04-06_09-19-27,6179,397.9058225461484,183,1,0.35335689045936397,0.0,50,200,2026-04-07T04:48:53.560528
2026-04-06_09-19-27,6180,-61.55983894354243,20,0,0.01969348235946289,49.57822102496216,50,200,2026-04-07T04:48:58.348528
2026-04-06_09-19-27,6181,341.394804779883,200,0,0.25,1.0,50,200,2026-04-07T04:49:22.484860
2026-04-06_09-19-27,6182,9.569110137471668,55,0,0.0297923877059784,32.01562118716424,50,200,2026-04-07T04:49:33.301381
2026-04-06_09-19-27,6183,437.40113555782136,182,1,0.35460992907801414,0.0,50,200,2026-04-07T04:49:54.808879
2026-04-06_09-19-27,6184,-56.44069639213352,19,0,0.01865940043818504,52.40229002629561,50,200,2026-04-07T04:49:59.762907
2026-04-06_09-19-27,6185,163.58757796321026,96,0,0.09467612241788048,8.602325267042627,50,200,2026-04-07T04:50:17.599676
2026-04-06_09-19-27,6186,417.6242940873115,111,1,0.4739336492890995,0.0,50,200,2026-04-07T04:50:38.689863
2026-04-06_09-19-27,6187,6.810358571865905,39,0,0.025252559465224905,38.2099463490856,50,200,2026-04-07T04:50:46.930497
2026-04-06_09-19-27,6188,426.1537198394984,140,1,0.41666666666666663,0.0,50,200,2026-04-07T04:51:07.651873
2026-04-06_09-19-27,6189,330.8000172751324,200,0,0.1715728752538099,2.8284271247461903,50,200,2026-04-07T04:51:29.720138
2026-04-06_09-19-27,6190,420.5632427202096,107,1,0.48309178743961345,0.0,50,200,2026-04-07T04:51:49.649047
2026-04-06_09-19-27,6191,-38.13083215015658,19,0,0.020005805046429927,48.79549159502341,50,200,2026-04-07T04:51:54.845210
2026-04-06_09-19-27,6192,134.23285346756535,78,0,0.05855809404248965,15.297058540778355,50,200,2026-04-07T04:52:10.569472
2026-04-06_09-19-27,6193,2.8716332181542157,63,0,0.04114960795894042,22.67156809750927,50,200,2026-04-07T04:52:23.588565
2026-04-06_09-19-27,6194,430.7789805049597,156,1,0.390625,0.0,50,200,2026-04-07T04:52:43.855140
2026-04-06_09-19-27,6195,388.1740251338525,91,1,0.5235602094240838,0.0,50,200,2026-04-07T04:53:03.706739
2026-04-06_09-19-27,6196,42.80665679459932,68,0,0.03252150580530433,29.068883707497267,50,200,2026-04-07T04:53:17.432297
2026-04-06_09-19-27,6197,424.12956537062826,127,1,0.44052863436123346,0.0,50,200,2026-04-07T04:53:38.761066
2026-04-06_09-19-27,6198,-78.97527140016527,6,0,0.017140894079569202,57.28001396647874,50,200,2026-04-07T04:53:41.250929
2026-04-06_09-19-27,6199,30.112922718472134,56,0,0.028697176356107124,33.28663395418648,50,200,2026-04-07T04:53:52.256044
2026-04-06_09-19-27,6200,-18.488442582629332,28,0,0.021691094251294805,44.82186966202994,50,200,2026-04-07T04:53:58.404842
2026-04-06_09-19-27,6201,51.03908505449357,48,0,0.03193575264375672,29.832867780352597,50,200,2026-04-07T04:54:40.743975
2026-04-06_09-19-27,6202,432.6073435787776,191,1,0.3436426116838488,0.0,50,200,2026-04-07T04:55:05.692393
2026-04-06_09-19-27,6203,50.05774732996173,79,0,0.032262056963349044,29.206163733020468,50,200,2026-04-07T04:55:18.527623
2026-04-06_09-19-27,6204,413.0599944820171,132,1,0.43103448275862066,0.0,50,200,2026-04-07T04:55:39.419025
2026-04-06_09-19-27,6205,394.6411913808599,197,1,0.3367003367003367,0.0,50,200,2026-04-07T04:56:02.392664
2026-04-06_09-19-27,6206,431.8168848308588,190,1,0.3448275862068965,0.0,50,200,2026-04-07T04:56:25.624338
2026-04-06_09-19-27,6207,283.2072504387107,200,0,0.07119788510785187,11.045361017187261,50,200,2026-04-07T04:56:45.967816
2026-04-06_09-19-27,6208,32.57841491550761,54,0,0.027975735048046225,34.20526275297414,50,200,2026-04-07T04:56:56.268714
2026-04-06_09-19-27,6209,423.66119079402677,157,1,0.3891050583657587,0.0,50,200,2026-04-07T04:57:19.375100
2026-04-06_09-19-27,6210,433.55748665174,184,1,0.35211267605633806,0.0,50,200,2026-04-07T04:57:41.786839
2026-04-06_09-19-27,6211,138.00589165316262,103,0,0.08682942625743793,9.486832980505138,50,200,2026-04-07T04:58:00.714052
2026-04-06_09-19-27,6212,414.32197820545133,106,1,0.4854368932038835,0.0,50,200,2026-04-07T04:58:21.472831
2026-04-06_09-19-27,6213,434.79158027023607,165,1,0.3773584905660377,0.0,50,200,2026-04-07T04:58:44.830953
2026-04-06_09-19-27,6214,427.539108630023,186,1,0.34965034965034963,0.0,50,200,2026-04-07T04:59:07.370496
2026-04-06_09-19-27,6215,422.4261236976518,148,1,0.40322580645161293,0.0,50,200,2026-04-07T04:59:31.498256
2026-04-06_09-19-27,6216,426.17331185851765,146,1,0.4065040650406504,0.0,50,200,2026-04-07T04:59:52.633828
2026-04-06_09-19-27,6217,430.0668834599909,167,1,0.37453183520599254,0.0,50,200,2026-04-07T05:00:14.589602
2026-04-06_09-19-27,6218,424.6885034030943,137,1,0.42194092827004215,0.0,50,200,2026-04-07T05:00:35.208031
2026-04-06_09-19-27,6219,-101.90239609523451,6,0,0.01735251243059088,56.568542494923804,50,200,2026-04-07T05:00:38.033859
2026-04-06_09-19-27,6220,139.67476290331615,70,0,0.06535319591859559,13.601470508735444,50,200,2026-04-07T05:00:53.585981
2026-04-06_09-19-27,6221,46.18012874097741,56,0,0.033349629288291806,28.42534080710379,50,200,2026-04-07T05:01:05.091178
2026-04-06_09-19-27,6222,24.78141853628881,59,0,0.026821777654031903,35.6931365951495,50,200,2026-04-07T05:01:17.589108
2026-04-06_09-19-27,6223,-1.9080741220126072,53,0,0.02762440733931784,34.66987164671943,50,200,2026-04-07T05:01:28.518408
2026-04-06_09-19-27,6224,416.07315212545893,107,1,0.48309178743961345,0.0,50,200,2026-04-07T05:01:48.782753
2026-04-06_09-19-27,6225,316.26876526045504,200,0,0.11925824035672519,5.385164807134504,50,200,2026-04-07T05:02:13.824323
2026-04-06_09-19-27,6226,310.65230745133306,200,0,0.25,1.0,50,200,2026-04-07T05:02:34.731441
2026-04-06_09-19-27,6227,429.90517238506425,189,1,0.3460207612456747,0.0,50,200,2026-04-07T05:02:58.542598
2026-04-06_09-19-27,6228,429.57110457752464,149,1,0.4016064257028112,0.0,50,200,2026-04-07T05:03:20.196258
2026-04-06_09-19-27,6229,428.4809579344405,151,1,0.39840637450199207,0.0,50,200,2026-04-07T05:03:42.857383
2026-04-06_09-19-27,6230,22.946074885268573,50,0,0.0265003561808025,36.235341863986875,50,200,2026-04-07T05:03:52.867279
2026-04-06_09-19-27,6231,422.4703488233725,188,1,0.3472222222222222,0.0,50,200,2026-04-07T05:04:16.932860
2026-04-06_09-19-27,6232,333.3668303705266,200,0,0.19098300562505258,2.23606797749979,50,200,2026-04-07T05:04:39.794313
2026-04-06_09-19-27,6233,420.0511549829526,120,1,0.45454545454545453,0.0,50,200,2026-04-07T05:05:44.270837
2026-04-06_09-19-27,6234,49.302132139547524,89,0,0.030956098302961196,30.4138126514911,50,200,2026-04-07T05:05:58.092544
2026-04-06_09-19-27,6235,424.5190126113578,138,1,0.42016806722689076,0.0,50,200,2026-04-07T05:06:21.383715
2026-04-06_09-19-27,6236,-48.76018776751252,18,0,0.019189686211282947,50.93132631298737,50,200,2026-04-07T05:06:26.316991
2026-04-06_09-19-27,6237,422.4275281350509,172,1,0.36764705882352944,0.0,50,200,2026-04-07T05:06:49.052934
2026-04-06_09-19-27,6238,173.66116516030678,114,0,0.22851564581301065,2.23606797749979,50,200,2026-04-07T05:07:10.318298
2026-04-06_09-19-27,6239,0.8996267263210314,44,0,0.0247594102184112,38.948684188300895,50,200,2026-04-07T05:07:18.773146
2026-04-06_09-19-27,6240,-93.78026569032261,4,0,0.016740850295209303,58.69412236331676,50,200,2026-04-07T05:07:20.831982
2026-04-06_09-19-27,6241,424.08014377438826,145,1,0.4081632653061224,0.0,50,200,2026-04-07T05:07:43.078213
2026-04-06_09-19-27,6242,424.3243171339263,142,1,0.4132231404958678,0.0,50,200,2026-04-07T05:08:05.195246
2026-04-06_09-19-27,6243,413.04203179391453,193,1,0.3412969283276451,0.0,50,200,2026-04-07T05:08:26.249021
2026-04-06_09-19-27,6244,78.3464289758787,75,0,0.04218608565856745,21.95449840010015,50,200,2026-04-07T05:08:40.768607
2026-04-06_09-19-27,6245,326.134437893417,200,0,0.19098300562505258,2.23606797749979,50,200,2026-04-07T05:09:04.959391
2026-04-06_09-19-27,6246,430.9787879385831,152,1,0.3968253968253968,0.0,50,200,2026-04-07T05:09:26.331034
2026-04-06_09-19-27,6247,157.6920832741264,77,0,0.08288004756610229,10.295630140987,50,200,2026-04-07T05:09:43.073280
2026-04-06_09-19-27,6248,431.192776694807,164,1,0.3787878787878788,0.0,50,200,2026-04-07T05:10:02.005087
2026-04-06_09-19-27,6249,39.883755061147866,63,0,0.029888520964491266,31.827660925679098,50,200,2026-04-07T05:10:13.383422
2026-04-06_09-19-27,6250,426.9245638735481,120,1,0.45454545454545453,0.0,50,200,2026-04-07T05:10:32.923402
2026-04-06_09-19-27,6251,428.32809943992874,157,1,0.3891050583657587,0.0,50,200,2026-04-07T05:10:55.048745
2026-04-06_09-19-27,6252,416.52683462824615,119,1,0.4566210045662101,0.0,50,200,2026-04-07T05:11:17.606206
2026-04-06_09-19-27,6253,-39.061031139913666,30,0,0.021744894749692358,44.68780594300866,50,200,2026-04-07T05:11:23.982710
2026-04-06_09-19-27,6254,436.60592829193286,177,1,0.36101083032490977,0.0,50,200,2026-04-07T05:11:45.019064
2026-04-06_09-19-27,6255,-34.25774658473729,33,0,0.021481503594174958,45.221676218380054,50,200,2026-04-07T05:11:51.571724
2026-04-06_09-19-27,6256,59.179091075281875,68,0,0.03431819643649113,27.459060435491963,50,200,2026-04-07T05:12:05.430577
2026-04-06_09-19-27,6257,426.1882089748663,152,1,0.3968253968253968,0.0,50,200,2026-04-07T05:12:26.698599
2026-04-06_09-19-27,6258,424.6759936995447,146,1,0.4065040650406504,0.0,50,200,2026-04-07T05:12:49.177832
2026-04-06_09-19-27,6259,-85.72883499046941,4,0,0.016740850295209303,58.69412236331676,50,200,2026-04-07T05:12:51.226791
2026-04-06_09-19-27,6260,426.184453714307,145,1,0.4081632653061224,0.0,50,200,2026-04-07T05:13:12.723165
2026-04-06_09-19-27,6261,399.28344068716154,105,1,0.48780487804878053,0.0,50,200,2026-04-07T05:13:33.710033
2026-04-06_09-19-27,6262,330.90009286633193,200,0,0.22654091966098644,1.4142135623730951,50,200,2026-04-07T05:13:56.080978
2026-04-06_09-19-27,6263,11.8683329780972,47,0,0.02640574310693008,36.40054944640259,50,200,2026-04-07T05:14:05.786413
2026-04-06_09-19-27,6264,415.2682331168843,90,1,0.5263157894736842,0.0,50,200,2026-04-07T05:14:24.839018
2026-04-06_09-19-27,6265,-102.25026057115639,1,0,0.015813927823395878,62.22539674441618,50,200,2026-04-07T05:14:59.062983
2026-04-06_09-19-27,6266,164.59307491438298,77,0,0.1179495100568076,6.708203932499369,50,200,2026-04-07T05:15:16.283530
2026-04-06_09-19-27,6267,66.4786158736348,71,0,0.03991181873213235,23.345235059857504,50,200,2026-04-07T05:15:30.164263
2026-04-06_09-19-27,6268,385.21196525435846,102,1,0.49504950495049505,0.0,50,200,2026-04-07T05:15:50.322451
2026-04-06_09-19-27,6269,171.39657083908025,94,0,0.23945970357472474,2.23606797749979,50,200,2026-04-07T05:16:09.038931
2026-04-06_09-19-27,6270,29.387419406425764,43,0,0.027503886139272266,34.92849839314596,50,200,2026-04-07T05:16:18.878643
2026-04-06_09-19-27,6271,-32.10862971207088,32,0,0.021127860872032493,46.010868281309364,50,200,2026-04-07T05:16:25.223018
2026-04-06_09-19-27,6272,419.28524630840855,146,1,0.4065040650406504,0.0,50,200,2026-04-07T05:16:44.284091
2026-04-06_09-19-27,6273,412.4339439708853,110,1,0.47619047619047616,0.0,50,200,2026-04-07T05:17:05.300777
2026-04-06_09-19-27,6274,423.52406703956933,138,1,0.42016806722689076,0.0,50,200,2026-04-07T05:17:26.971020
2026-04-06_09-19-27,6275,5.894521703570192,30,0,0.024436001499906202,39.6232255123179,50,200,2026-04-07T05:17:34.139376
2026-04-06_09-19-27,6276,420.90489270098857,130,1,0.4347826086956522,0.0,50,200,2026-04-07T05:17:54.869042
2026-04-06_09-19-27,6277,343.1007170681846,200,0,0.2,2.0,50,200,2026-04-07T05:18:13.799900
2026-04-06_09-19-27,6278,343.3740527227285,200,0,0.25,1.0,50,200,2026-04-07T05:18:35.169376
2026-04-06_09-19-27,6279,426.62854814550025,130,1,0.4347826086956522,0.0,50,200,2026-04-07T05:18:55.514170
2026-04-06_09-19-27,6280,37.2906477003756,39,0,0.029377500660088526,32.64965543462902,50,200,2026-04-07T05:19:05.401984
2026-04-06_09-19-27,6281,426.75621552902794,163,1,0.3802281368821293,0.0,50,200,2026-04-07T05:19:25.372979
2026-04-06_09-19-27,6282,421.4216139327414,154,1,0.39370078740157477,0.0,50,200,2026-04-07T05:19:47.276693
2026-04-06_09-19-27,6283,432.28809453762153,153,1,0.39525691699604737,0.0,50,200,2026-04-07T05:20:07.273076
2026-04-06_09-19-27,6284,110.57271112276817,57,0,0.05817166677560864,15.620499351813308,50,200,2026-04-07T05:20:20.617271
2026-04-06_09-19-27,6285,-40.66595808145329,21,0,0.022152434534912,43.93176527297759,50,200,2026-04-07T05:20:26.292213
2026-04-06_09-19-27,6286,160.507375723324,81,0,0.16854579424344834,4.123105625617661,50,200,2026-04-07T05:20:43.427005
2026-04-06_09-19-27,6287,39.30647091250883,47,0,0.030218074839604692,31.622776601683793,50,200,2026-04-07T05:20:53.881784
2026-04-06_09-19-27,6288,-27.92079401648502,20,0,0.021485445153715896,45.34313619501854,50,200,2026-04-07T05:20:59.236986
2026-04-06_09-19-27,6289,429.7701947131203,145,1,0.4081632653061224,0.0,50,200,2026-04-07T05:21:21.825199
2026-04-06_09-19-27,6290,68.33121222553812,64,0,0.041132682021545554,22.67156809750927,50,200,2026-04-07T05:21:34.745487
2026-04-06_09-19-27,6291,162.4265192563046,87,0,0.11184346445431542,7.0710678118654755,50,200,2026-04-07T05:21:52.081058
2026-04-06_09-19-27,6292,75.84028633713172,65,0,0.038704523607550785,24.186773244895647,50,200,2026-04-07T05:22:04.939529
2026-04-06_09-19-27,6293,62.17169607826297,53,0,0.035028095123406815,27.018512172212592,50,200,2026-04-07T05:22:15.883007
2026-04-06_09-19-27,6294,420.02963667457954,115,1,0.4651162790697674,0.0,50,200,2026-04-07T05:22:36.192594
2026-04-06_09-19-27,6295,-78.64084161393788,8,0,0.01713501988835005,57.28001396647874,50,200,2026-04-07T05:22:38.624203
2026-04-06_09-19-27,6296,-99.5108796242498,2,0,0.016173069130115212,60.81118318204309,50,200,2026-04-07T05:22:40.184656
2026-04-06_09-19-27,6297,-52.906160994387044,22,0,0.018909895429267472,51.66236541235796,50,200,2026-04-07T05:23:11.348915
2026-04-06_09-19-27,6298,402.9899006403149,143,1,0.41152263374485604,0.0,50,200,2026-04-07T05:23:32.118566
2026-04-06_09-19-27,6299,155.4865718476389,89,0,0.07987127426126836,10.63014581273465,50,200,2026-04-07T05:23:48.637177
2026-04-06_09-19-27,6300,425.8229235189667,120,1,0.45454545454545453,0.0,50,200,2026-04-07T05:24:09.237576
2026-04-06_09-19-27,6301,-53.025014829488754,20,0,0.018889403818679495,51.73973328110612,50,200,2026-04-07T05:24:13.673719
2026-04-06_09-19-27,6302,106.78897866168046,77,0,0.04593477262287552,20.0,50,200,2026-04-07T05:24:28.946436
2026-04-06_09-19-27,6303,294.2969670668017,200,0,0.2,2.0,50,200,2026-04-07T05:24:51.088417
2026-04-06_09-19-27,6304,418.35699290228933,107,1,0.48309178743961345,0.0,50,200,2026-04-07T05:25:10.667767
2026-04-06_09-19-27,6305,420.3479223247358,94,1,0.5154639175257733,0.0,50,200,2026-04-07T05:25:29.296995
2026-04-06_09-19-27,6306,314.0108877638782,200,0,0.10724372001086317,6.324555320336759,50,200,2026-04-07T05:25:56.190889
2026-04-06_09-19-27,6307,325.79262327460043,200,0,0.22654091966098644,1.4142135623730951,50,200,2026-04-07T05:26:19.788415
2026-04-06_09-19-27,6308,127.07342633291717,45,0,0.056900572888830256,16.1245154965971,50,200,2026-04-07T05:26:32.016752
2026-04-06_09-19-27,6309,439.4853654263994,193,1,0.3412969283276451,0.0,50,200,2026-04-07T05:26:54.672678
2026-04-06_09-19-27,6310,438.215486099522,179,1,0.35842293906810035,0.0,50,200,2026-04-07T05:27:15.139259
2026-04-06_09-19-27,6311,438.0950432388464,199,1,0.33444816053511706,0.0,50,200,2026-04-07T05:27:36.188560
2026-04-06_09-19-27,6312,410.52035121528985,107,1,0.48309178743961345,0.0,50,200,2026-04-07T05:27:55.478996
2026-04-06_09-19-27,6313,394.0772747120319,126,1,0.4424778761061947,0.0,50,200,2026-04-07T05:28:15.341525
2026-04-06_09-19-27,6314,415.2968323042105,111,1,0.4739336492890995,0.0,50,200,2026-04-07T05:28:37.079927
2026-04-06_09-19-27,6315,-55.3302008370448,15,0,0.018693332571363224,52.3450093132096,50,200,2026-04-07T05:28:41.257678
2026-04-06_09-19-27,6316,20.513901934787356,47,0,0.02625383949960911,36.61966684720111,50,200,2026-04-07T05:28:50.989790
2026-04-06_09-19-27,6317,422.78820590248284,99,1,0.5025125628140703,0.0,50,200,2026-04-07T05:29:10.306164
2026-04-06_09-19-27,6318,-101.23886897816595,3,0,0.016548902026595806,59.39696961966999,50,200,2026-04-07T05:29:12.171666
2026-04-06_09-19-27,6319,414.4376030137116,154,1,0.39370078740157477,0.0,50,200,2026-04-07T05:29:34.391622
2026-04-06_09-19-27,6320,345.26131526069094,200,0,0.2,2.0,50,200,2026-04-07T05:29:54.421914
2026-04-06_09-19-27,6321,429.70203303353225,173,1,0.3663003663003663,0.0,50,200,2026-04-07T05:30:17.967792
2026-04-06_09-19-27,6322,418.2603101585471,129,1,0.4366812227074236,0.0,50,200,2026-04-07T05:30:40.261348
2026-04-06_09-19-27,6323,-52.364670265185474,21,0,0.019650623935170326,49.678969393496885,50,200,2026-04-07T05:30:45.500516
2026-04-06_09-19-27,6324,-44.54095966045129,21,0,0.021480829901788786,45.34313619501854,50,200,2026-04-07T05:30:51.066731
2026-04-06_09-19-27,6325,77.03414665782876,62,0,0.0377936309592185,24.839484696748443,50,200,2026-04-07T05:31:04.237008
2026-04-06_09-19-27,6326,-8.848466737829739,43,0,0.0239570945255927,40.311288741492746,50,200,2026-04-07T05:31:12.653730
2026-04-06_09-19-27,6327,433.93812952923275,164,1,0.3787878787878788,0.0,50,200,2026-04-07T05:31:32.133032
2026-04-06_09-19-27,6328,435.40628606417454,158,1,0.38759689922480617,0.0,50,200,2026-04-07T05:31:51.809558
2026-04-06_09-19-27,6329,424.1442413354644,133,1,0.4291845493562232,0.0,50,200,2026-04-07T05:32:46.751255
2026-04-06_09-19-27,6330,-99.62454375617986,12,0,0.018221999272924016,53.75872022286245,50,200,2026-04-07T05:32:50.202737
2026-04-06_09-19-27,6331,412.7240215970988,116,1,0.4629629629629629,0.0,50,200,2026-04-07T05:33:10.816719
2026-04-06_09-19-27,6332,321.2193198876004,200,0,0.22654091966098644,1.4142135623730951,50,200,2026-04-07T05:33:31.424927
2026-04-06_09-19-27,6333,405.02155837346095,97,1,0.5076142131979695,0.0,50,200,2026-04-07T05:33:50.200002
2026-04-06_09-19-27,6334,-42.72227994464933,15,0,0.020874787656413287,46.75467891024384,50,200,2026-04-07T05:33:55.066829
2026-04-06_09-19-27,6335,417.43916802418914,111,1,0.4739336492890995,0.0,50,200,2026-04-07T05:34:15.731791
2026-04-06_09-19-27,6336,404.60638635551754,129,1,0.4366812227074236,0.0,50,200,2026-04-07T05:34:35.694620
2026-04-06_09-19-27,6337,172.18611977101745,70,0,0.16827535983582298,4.242640687119285,50,200,2026-04-07T05:34:52.108351
2026-04-06_09-19-27,6338,-65.32154300629773,16,0,0.01811691865416652,54.037024344425184,50,200,2026-04-07T05:34:56.112501
2026-04-06_09-19-27,6339,415.37288124392484,96,1,0.5102040816326531,0.0,50,200,2026-04-07T05:35:14.411693
2026-04-06_09-19-27,6340,141.32633474230445,78,0,0.07715847027781748,11.180339887498949,50,200,2026-04-07T05:35:30.716429
2026-04-06_09-19-27,6341,129.6313087709475,73,0,0.08383607713898894,10.198039027185569,50,200,2026-04-07T05:35:46.884548
2026-04-06_09-19-27,6342,416.9954741883166,119,1,0.4566210045662101,0.0,50,200,2026-04-07T05:36:07.816518
2026-04-06_09-19-27,6343,432.8709320310272,160,1,0.3846153846153846,0.0,50,200,2026-04-07T05:36:29.451563
2026-04-06_09-19-27,6344,100.03969053896384,78,0,0.04717762714266958,19.4164878389476,50,200,2026-04-07T05:36:44.186060
2026-04-06_09-19-27,6345,412.378775632946,83,1,0.5464480874316939,0.0,50,200,2026-04-07T05:37:01.737940
2026-04-06_09-19-27,6346,414.81097025816916,84,1,0.5434782608695653,0.0,50,200,2026-04-07T05:37:20.561998
2026-04-06_09-19-27,6347,431.43025262440455,169,1,0.3717472118959108,0.0,50,200,2026-04-07T05:37:45.301677
2026-04-06_09-19-27,6348,-103.06996748796547,1,0,0.015813927823395878,62.22539674441618,50,200,2026-04-07T05:37:46.602892
2026-04-06_09-19-27,6349,422.3251109975416,131,1,0.4329004329004329,0.0,50,200,2026-04-07T05:38:08.375245
2026-04-06_09-19-27,6350,46.56603778689322,53,0,0.0318848393266656,29.832867780352597,50,200,2026-04-07T05:38:19.930573
2026-04-06_09-19-27,6351,413.78225156826755,123,1,0.4484304932735426,0.0,50,200,2026-04-07T05:38:41.469564
2026-04-06_09-19-27,6352,78.30224599905289,58,0,0.036934308269427264,25.495097567963924,50,200,2026-04-07T05:38:54.297755
2026-04-06_09-19-27,6353,-76.55429149457726,14,0,0.018166186050641995,53.907327887774215,50,200,2026-04-07T05:38:58.242515
2026-04-06_09-19-27,6354,418.82100622221583,102,1,0.49504950495049505,0.0,50,200,2026-04-07T05:39:17.541830
2026-04-06_09-19-27,6355,421.73286116800466,115,1,0.4651162790697674,0.0,50,200,2026-04-07T05:39:38.053929
2026-04-06_09-19-27,6356,52.28282479775716,51,0,0.03888412383031726,24.20743687382041,50,200,2026-04-07T05:39:49.935323
2026-04-06_09-19-27,6357,-89.33986108822401,5,0,0.01735552405005906,56.568542494923804,50,200,2026-04-07T05:39:52.302905
2026-04-06_09-19-27,6358,432.58066188762103,150,1,0.4,0.0,50,200,2026-04-07T05:40:13.292419
2026-04-06_09-19-27,6359,40.738146877298945,45,0,0.02932580952077527,32.64965543462902,50,200,2026-04-07T05:40:22.712627
2026-04-06_09-19-27,6360,429.765966142863,170,1,0.37037037037037035,0.0,50,200,2026-04-07T05:40:44.047825
2026-04-06_09-19-27,6361,421.89043555263265,144,1,0.4098360655737705,0.0,50,200,2026-04-07T05:41:34.246130
2026-04-06_09-19-27,6362,173.92455534230274,90,0,0.12526991704996165,6.082762530298219,50,200,2026-04-07T05:41:52.473997
2026-04-06_09-19-27,6363,419.01839618044943,124,1,0.4464285714285714,0.0,50,200,2026-04-07T05:42:14.909544
2026-04-06_09-19-27,6364,325.7957718448867,200,0,0.25,1.0,50,200,2026-04-07T05:42:36.324524
2026-04-06_09-19-27,6365,429.2710832511611,147,1,0.40485829959514175,0.0,50,200,2026-04-07T05:42:57.711579
2026-04-06_09-19-27,6366,404.47990922224534,107,1,0.48309178743961345,0.0,50,200,2026-04-07T05:43:18.101814
2026-04-06_09-19-27,6367,336.89385127680686,200,0,0.1715728752538099,2.8284271247461903,50,200,2026-04-07T05:43:41.627630
2026-04-06_09-19-27,6368,441.63376853181296,199,1,0.33444816053511706,0.0,50,200,2026-04-07T05:44:03.845764
2026-04-06_09-19-27,6369,417.5692091663155,124,1,0.4464285714285714,0.0,50,200,2026-04-07T05:44:25.573582
2026-04-06_09-19-27,6370,-55.627378129208324,15,0,0.01920073989649209,50.93132631298737,50,200,2026-04-07T05:44:29.674862
2026-04-06_09-19-27,6371,419.21321137285594,120,1,0.45454545454545453,0.0,50,200,2026-04-07T05:44:51.110126
2026-04-06_09-19-27,6372,-28.305683989185425,29,0,0.021474468953401188,45.27692569068709,50,200,2026-04-07T05:44:57.647348
2026-04-06_09-19-27,6373,444.1000682089456,178,1,0.3597122302158273,0.0,50,200,2026-04-07T05:45:17.200058
2026-04-06_09-19-27,6374,8.160214763581436,44,0,0.0268492216270688,35.805027579936315,50,200,2026-04-07T05:45:26.021889
2026-04-06_09-19-27,6375,320.6797514237773,200,0,0.1715728752538099,2.8284271247461903,50,200,2026-04-07T05:45:47.116940
2026-04-06_09-19-27,6376,402.6382048438366,116,1,0.4629629629629629,0.0,50,200,2026-04-07T05:46:07.021254
2026-04-06_09-19-27,6377,-48.60546769665319,24,0,0.022509520859330657,43.18564576337837,50,200,2026-04-07T05:46:13.086688
2026-04-06_09-19-27,6378,418.56820015693273,120,1,0.45454545454545453,0.0,50,200,2026-04-07T05:46:34.179469
2026-04-06_09-19-27,6379,169.81302614722713,86,0,0.13303437406246513,5.656854249492381,50,200,2026-04-07T05:46:52.513008
2026-04-06_09-19-27,6380,377.70535030014673,93,1,0.5181347150259067,0.0,50,200,2026-04-07T05:47:12.225830
2026-04-06_09-19-27,6381,393.0421740048526,124,1,0.4464285714285714,0.0,50,200,2026-04-07T05:47:33.423701
2026-04-06_09-19-27,6382,164.35298550767766,109,0,0.14104372355430184,5.0,50,200,2026-04-07T05:47:53.555049
2026-04-06_09-19-27,6383,-57.740792346768146,23,0,0.01861240119571689,52.49761899362675,50,200,2026-04-07T05:47:58.645902
2026-04-06_09-19-27,6384,421.6429348742388,121,1,0.45248868778280543,0.0,50,200,2026-04-07T05:48:20.416210
2026-04-06_09-19-27,6385,429.40185444288613,157,1,0.3891050583657587,0.0,50,200,2026-04-07T05:48:43.141209
2026-04-06_09-19-27,6386,-29.567753143502998,24,0,0.0214163613294454,45.45327270945405,50,200,2026-04-07T05:48:49.127686
2026-04-06_09-19-27,6387,3.4300550816605835,42,0,0.026556657050467204,36.235341863986875,50,200,2026-04-07T05:48:58.278954
2026-04-06_09-19-27,6388,427.9219169872207,156,1,0.390625,0.0,50,200,2026-04-07T05:49:20.882571
2026-04-06_09-19-27,6389,396.96440389253746,159,1,0.3861003861003861,0.0,50,200,2026-04-07T05:49:42.213406
2026-04-06_09-19-27,6390,429.44267722595134,141,1,0.41493775933609955,0.0,50,200,2026-04-07T05:50:01.590102
2026-04-06_09-19-27,6391,428.20110766683956,161,1,0.38314176245210724,0.0,50,200,2026-04-07T05:50:22.928233
2026-04-06_09-19-27,6392,66.95803842005247,70,0,0.03493349217663863,26.92582403567252,50,200,2026-04-07T05:50:34.901518
2026-04-06_09-19-27,6393,134.20221510219454,66,0,0.0642985758816018,13.892443989449804,50,200,2026-04-07T05:51:24.382747
2026-04-06_09-19-27,6394,409.65627921771636,185,1,0.3508771929824561,0.0,50,200,2026-04-07T05:51:45.130925
2026-04-06_09-19-27,6395,418.47670795715413,110,1,0.47619047619047616,0.0,50,200,2026-04-07T05:52:04.900486
2026-04-06_09-19-27,6396,422.0209284790648,117,1,0.4608294930875576,0.0,50,200,2026-04-07T05:52:26.372799
2026-04-06_09-19-27,6397,425.45484949334565,129,1,0.4366812227074236,0.0,50,200,2026-04-07T05:52:46.161178
2026-04-06_09-19-27,6398,440.4187575336084,196,1,0.33783783783783783,0.0,50,200,2026-04-07T05:53:07.599327
2026-04-06_09-19-27,6399,422.01046746067675,126,1,0.4424778761061947,0.0,50,200,2026-04-07T05:53:28.164094
2026-04-06_09-19-27,6400,105.93787059687867,82,0,0.05671703117968595,15.811388300841896,50,200,2026-04-07T05:53:43.296402
2026-04-06_09-19-27,6401,419.463010817148,116,1,0.4629629629629629,0.0,50,200,2026-04-07T05:54:02.545907
2026-04-06_09-19-27,6402,83.75317688319086,55,0,0.0385161851784541,24.413111231467404,50,200,2026-04-07T05:54:15.175102
2026-04-06_09-19-27,6403,399.7483283546883,105,1,0.48780487804878053,0.0,50,200,2026-04-07T05:54:35.006005
2026-04-06_09-19-27,6404,420.31089952569386,106,1,0.4854368932038835,0.0,50,200,2026-04-07T05:54:55.872165
2026-04-06_09-19-27,6405,-51.83359734684451,19,0,0.021186050943812422,46.010868281309364,50,200,2026-04-07T05:55:00.999366
2026-04-06_09-19-27,6406,-28.291264183066247,40,0,0.02222199569950253,43.60045871318328,50,200,2026-04-07T05:55:08.874157
2026-04-06_09-19-27,6407,422.17834742040304,114,1,0.4672897196261682,0.0,50,200,2026-04-07T05:55:29.183692
2026-04-06_09-19-27,6408,-41.45038018742484,22,0,0.021075838373017915,46.22769732530488,50,200,2026-04-07T05:55:35.114579
2026-04-06_09-19-27,6409,432.7237565666815,189,1,0.3460207612456747,0.0,50,200,2026-04-07T05:55:57.069712
2026-04-06_09-19-27,6410,-64.82952410043316,18,0,0.019538882375928098,50.0,50,200,2026-04-07T05:56:02.013893
2026-04-06_09-19-27,6411,424.17688343124536,126,1,0.4424778761061947,0.0,50,200,2026-04-07T05:56:21.332211
2026-04-06_09-19-27,6412,321.4418918580523,200,0,0.19098300562505258,2.23606797749979,50,200,2026-04-07T05:56:44.940594
2026-04-06_09-19-27,6413,422.46651904148746,130,1,0.4347826086956522,0.0,50,200,2026-04-07T05:57:07.075931
2026-04-06_09-19-27,6414,417.7089270027672,95,1,0.5128205128205128,0.0,50,200,2026-04-07T05:57:26.952427
2026-04-06_09-19-27,6415,416.44104898748475,121,1,0.45248868778280543,0.0,50,200,2026-04-07T05:57:47.764374
2026-04-06_09-19-27,6416,-45.29209732013279,18,0,0.019444139455597,50.24937810560445,50,200,2026-04-07T05:57:52.330520
2026-04-06_09-19-27,6417,410.9359390954888,132,1,0.43103448275862066,0.0,50,200,2026-04-07T05:58:12.561815
2026-04-06_09-19-27,6418,429.31605648095695,132,1,0.43103448275862066,0.0,50,200,2026-04-07T05:58:32.028008
2026-04-06_09-19-27,6419,425.66658000125864,155,1,0.3921568627450981,0.0,50,200,2026-04-07T05:58:54.986287
2026-04-06_09-19-27,6420,419.0636742249774,173,1,0.3663003663003663,0.0,50,200,2026-04-07T05:59:14.680027
2026-04-06_09-19-27,6421,343.50387371820216,200,0,0.1715728752538099,2.8284271247461903,50,200,2026-04-07T05:59:34.361292
2026-04-06_09-19-27,6422,411.3485678442849,171,1,0.36900369003690037,0.0,50,200,2026-04-07T05:59:55.781798
2026-04-06_09-19-27,6423,428.352169194793,165,1,0.3773584905660377,0.0,50,200,2026-04-07T06:00:18.386654
2026-04-06_09-19-27,6424,32.09896679467343,39,0,0.03273884022049001,29.154759474226502,50,200,2026-04-07T06:00:28.646315
2026-04-06_09-19-27,6425,327.08233473618014,200,0,0.16666666666666666,3.0,50,200,2026-04-07T06:01:26.674551
2026-04-06_09-19-27,6426,425.4833887337434,124,1,0.4464285714285714,0.0,50,200,2026-04-07T06:01:47.046505
2026-04-06_09-19-27,6427,425.805682558182,154,1,0.39370078740157477,0.0,50,200,2026-04-07T06:02:09.117556
2026-04-06_09-19-27,6428,-69.02021869919693,11,0,0.017773250280809234,55.154328932550705,50,200,2026-04-07T06:02:12.314437
2026-04-06_09-19-27,6429,-84.18807952974979,9,0,0.017773841654995133,55.17245689653489,50,200,2026-04-07T06:02:15.306925
2026-04-06_09-19-27,6430,338.0182904549209,200,0,0.19098300562505258,2.23606797749979,50,200,2026-04-07T06:02:37.803551
2026-04-06_09-19-27,6431,64.10823326153115,63,0,0.035651018363806034,26.419689627245813,50,200,2026-04-07T06:02:50.601836
2026-04-06_09-19-27,6432,429.9279463463635,149,1,0.4016064257028112,0.0,50,200,2026-04-07T06:03:11.916785
2026-04-06_09-19-27,6433,-73.05629280228452,9,0,0.017491599790445414,56.08029957123981,50,200,2026-04-07T06:03:15.078898
2026-04-06_09-19-27,6434,334.05218993331476,200,0,0.1513878188659973,3.605551275463989,50,200,2026-04-07T06:03:36.240197
2026-04-06_09-19-27,6435,417.52464529451976,118,1,0.4587155963302753,0.0,50,200,2026-04-07T06:03:58.103302
2026-04-06_09-19-27,6436,-68.5159328302838,28,0,0.017957873045317305,54.405882034941776,50,200,2026-04-07T06:04:03.920661
2026-04-06_09-19-27,6437,-17.526081165236732,23,0,0.021842006847380524,44.553338819890925,50,200,2026-04-07T06:04:09.791384
2026-04-06_09-19-27,6438,415.2464140417029,113,1,0.4694835680751174,0.0,50,200,2026-04-07T06:04:30.520819
2026-04-06_09-19-27,6439,-67.27723176863068,13,0,0.018942132866922343,51.66236541235796,50,200,2026-04-07T06:04:34.093257
2026-04-06_09-19-27,6440,408.7248490695171,122,1,0.4504504504504505,0.0,50,200,2026-04-07T06:04:54.189213
2026-04-06_09-19-27,6441,-102.45721505037392,1,0,0.015813927823395878,62.22539674441618,50,200,2026-04-07T06:04:55.497190
2026-04-06_09-19-27,6442,416.10350262940017,91,1,0.5235602094240838,0.0,50,200,2026-04-07T06:05:15.040960
2026-04-06_09-19-27,6443,89.82717999923725,78,0,0.04340222842034584,21.2602916254693,50,200,2026-04-07T06:05:29.919228
2026-04-06_09-19-27,6444,431.7091738776772,152,1,0.3968253968253968,0.0,50,200,2026-04-07T06:05:49.535824
2026-04-06_09-19-27,6445,126.41784584088458,68,0,0.08350291285111304,10.295630140987,50,200,2026-04-07T06:06:05.041636
2026-04-06_09-19-27,6446,415.43715774107267,109,1,0.47846889952153115,0.0,50,200,2026-04-07T06:06:24.895223
2026-04-06_09-19-27,6447,-69.5909880053643,9,0,0.01775668911746779,55.226805085936306,50,200,2026-04-07T06:06:28.035248
2026-04-06_09-19-27,6448,421.8969473531456,110,1,0.47619047619047616,0.0,50,200,2026-04-07T06:06:49.359472
2026-04-06_09-19-27,6449,420.2015939561141,171,1,0.36900369003690037,0.0,50,200,2026-04-07T06:07:11.001044
2026-04-06_09-19-27,6450,9.39012162080769,27,0,0.024706858334178603,39.20459156782532,50,200,2026-04-07T06:07:18.339629
2026-04-06_09-19-27,6451,323.99644364115403,200,0,0.13383054136359812,4.47213595499958,50,200,2026-04-07T06:07:40.340010
2026-04-06_09-19-27,6452,134.10257269566603,64,0,0.06009615384615384,15.0,50,200,2026-04-07T06:07:54.738311
2026-04-06_09-19-27,6453,-119.92418933645195,15,0,0.01671007879318454,58.69412236331676,50,200,2026-04-07T06:07:58.331011
2026-04-06_09-19-27,6454,416.7158771190782,107,1,0.48309178743961345,0.0,50,200,2026-04-07T06:08:19.982350
2026-04-06_09-19-27,6455,120.5964153464011,81,0,0.11000967118992112,7.280109889280518,50,200,2026-04-07T06:08:36.986254
2026-04-06_09-19-27,6456,418.5782873435362,105,1,0.48780487804878053,0.0,50,200,2026-04-07T06:08:56.355319
2026-04-06_09-19-27,6457,130.6650015032654,85,0,0.06253073532693695,14.142135623730951,50,200,2026-04-07T06:09:42.288428
2026-04-06_09-19-27,6458,423.24035761145507,130,1,0.4347826086956522,0.0,50,200,2026-04-07T06:10:03.105434
2026-04-06_09-19-27,6459,416.93253295173156,138,1,0.42016806722689076,0.0,50,200,2026-04-07T06:10:26.111789
2026-04-06_09-19-27,6460,432.95337270700986,146,1,0.4065040650406504,0.0,50,200,2026-04-07T06:10:45.755035
2026-04-06_09-19-27,6461,382.8248027761897,147,1,0.40485829959514175,0.0,50,200,2026-04-07T06:11:06.168731
2026-04-06_09-19-27,6462,79.02766892601137,57,0,0.041251456835531455,22.67156809750927,50,200,2026-04-07T06:11:19.008767
2026-04-06_09-19-27,6463,35.10599398181104,43,0,0.02824812833670866,33.97057550292606,50,200,2026-04-07T06:11:28.135458
2026-04-06_09-19-27,6464,417.21843898869366,132,1,0.43103448275862066,0.0,50,200,2026-04-07T06:11:49.556002
2026-04-06_09-19-27,6465,-48.81052234076439,20,0,0.02053055298058079,47.50789408087881,50,200,2026-04-07T06:11:55.031086
2026-04-06_09-19-27,6466,419.9254391265621,118,1,0.4587155963302753,0.0,50,200,2026-04-07T06:12:14.440640
2026-04-06_09-19-27,6467,419.5747696540692,132,1,0.43103448275862066,0.0,50,200,2026-04-07T06:12:35.044119
2026-04-06_09-19-27,6468,390.598390450824,124,1,0.4464285714285714,0.0,50,200,2026-04-07T06:12:54.156547
2026-04-06_09-19-27,6469,407.44865219613604,123,1,0.4484304932735426,0.0,50,200,2026-04-07T06:13:14.681226
2026-04-06_09-19-27,6470,414.349991144742,142,1,0.4132231404958678,0.0,50,200,2026-04-07T06:13:35.581663
2026-04-06_09-19-27,6471,404.98008640534124,99,1,0.5025125628140703,0.0,50,200,2026-04-07T06:13:54.819684
2026-04-06_09-19-27,6472,422.9246407771791,148,1,0.40322580645161293,0.0,50,200,2026-04-07T06:14:16.426054
2026-04-06_09-19-27,6473,431.0742521484256,160,1,0.3846153846153846,0.0,50,200,2026-04-07T06:14:37.593577
2026-04-06_09-19-27,6474,432.11103356929164,168,1,0.373134328358209,0.0,50,200,2026-04-07T06:14:59.281282
2026-04-06_09-19-27,6475,404.016163263531,96,1,0.5102040816326531,0.0,50,200,2026-04-07T06:15:18.499283
2026-04-06_09-19-27,6476,393.0951982170503,104,1,0.49019607843137253,0.0,50,200,2026-04-07T06:15:38.005472
2026-04-06_09-19-27,6477,414.3196480608896,115,1,0.4651162790697674,0.0,50,200,2026-04-07T06:15:56.275133
2026-04-06_09-19-27,6478,428.8246955836582,142,1,0.4132231404958678,0.0,50,200,2026-04-07T06:16:17.631826
2026-04-06_09-19-27,6479,428.41193808060325,169,1,0.3717472118959108,0.0,50,200,2026-04-07T06:16:40.515542
2026-04-06_09-19-27,6480,344.0657558392385,200,0,0.22654091966098644,1.4142135623730951,50,200,2026-04-07T06:17:02.436972
2026-04-06_09-19-27,6481,420.6148640663048,143,1,0.41152263374485604,0.0,50,200,2026-04-07T06:17:24.390756
2026-04-06_09-19-27,6482,65.05567908664885,56,0,0.034140355287844724,27.730849247724095,50,200,2026-04-07T06:17:35.628887
2026-04-06_09-19-27,6483,178.82009268513195,89,0,0.14308158648793623,5.0990195135927845,50,200,2026-04-07T06:17:54.307305
2026-04-06_09-19-27,6484,426.5975245470384,141,1,0.41493775933609955,0.0,50,200,2026-04-07T06:18:14.040966
2026-04-06_09-19-27,6485,417.6235988797852,102,1,0.49504950495049505,0.0,50,200,2026-04-07T06:18:34.539300
2026-04-06_09-19-27,6486,415.4435991712656,97,1,0.5076142131979695,0.0,50,200,2026-04-07T06:18:54.140475
2026-04-06_09-19-27,6487,429.8040805271289,188,1,0.3472222222222222,0.0,50,200,2026-04-07T06:19:19.503872
2026-04-06_09-19-27,6488,431.3864912434047,152,1,0.3968253968253968,0.0,50,200,2026-04-07T06:19:41.084237
2026-04-06_09-19-27,6489,167.7868377429794,80,0,0.1449481332861505,5.0990195135927845,50,200,2026-04-07T06:20:39.546930
2026-04-06_09-19-27,6490,340.6091617629521,96,1,0.5102040816326531,0.0,50,200,2026-04-07T06:20:58.857531
2026-04-06_09-19-27,6491,63.22072473548555,41,0,0.03517595271754843,27.018512172212592,50,200,2026-04-07T06:21:09.216444
2026-04-06_09-19-27,6492,412.47819722832025,103,1,0.4926108374384236,0.0,50,200,2026-04-07T06:21:28.102781
2026-04-06_09-19-27,6493,-62.80186529865598,13,0,0.01921536433030277,50.91168824543142,50,200,2026-04-07T06:21:32.214970
2026-04-06_09-19-27,6494,-16.77672002289428,19,0,0.0218611064648644,44.553338819890925,50,200,2026-04-07T06:21:37.815702
2026-04-06_09-19-27,6495,-89.22878934378168,4,0,0.016541556503559787,59.413803110051795,50,200,2026-04-07T06:21:39.813868
2026-04-06_09-19-27,6496,418.9028936192629,128,1,0.43859649122807015,0.0,50,200,2026-04-07T06:22:00.264712
2026-04-06_09-19-27,6497,417.88789158941813,88,1,0.5319148936170213,0.0,50,200,2026-04-07T06:22:19.030225
2026-04-06_09-19-27,6498,413.7574794414503,91,1,0.5235602094240838,0.0,50,200,2026-04-07T06:22:36.821165
2026-04-06_09-19-27,6499,420.41092801275084,118,1,0.4587155963302753,0.0,50,200,2026-04-07T06:22:57.305119
2026-04-06_09-19-27,6500,408.1784150341866,123,1,0.4484304932735426,0.0,50,200,2026-04-07T06:23:16.891115
2026-04-06_09-19-27,6501,387.7743505432404,89,1,0.5291005291005291,0.0,50,200,2026-04-07T06:23:35.062018
2026-04-06_09-19-27,6502,420.0648152425168,102,1,0.49504950495049505,0.0,50,200,2026-04-07T06:23:53.717131
2026-04-06_09-19-27,6503,37.977581927602984,43,0,0.034463472803947744,27.586228448267445,50,200,2026-04-07T06:24:04.523994
2026-04-06_09-19-27,6504,422.31030464745953,105,1,0.48780487804878053,0.0,50,200,2026-04-07T06:24:23.866230
2026-04-06_09-19-27,6505,196.59587857842627,71,0,0.22034065382418683,2.8284271247461903,50,200,2026-04-07T06:24:40.308405
2026-04-06_09-19-27,6506,114.03366470910096,84,0,0.09272763227277325,8.94427190999916,50,200,2026-04-07T06:24:56.674039
2026-04-06_09-19-27,6507,-68.4419514503792,22,0,0.020072094337893306,48.60041152089147,50,200,2026-04-07T06:25:02.414380
2026-04-06_09-19-27,6508,431.27189908694385,143,1,0.41152263374485604,0.0,50,200,2026-04-07T06:25:22.572167
2026-04-06_09-19-27,6509,-48.66361214167178,22,0,0.02031264593442083,48.010415536631214,50,200,2026-04-07T06:25:27.914544
2026-04-06_09-19-27,6510,-62.69509549562969,22,0,0.019399049219701966,50.32891812864648,50,200,2026-04-07T06:25:32.742799
2026-04-06_09-19-27,6511,-6.7219628514336165,25,0,0.024420700397798208,39.698866482558415,50,200,2026-04-07T06:25:39.616194
2026-04-06_09-19-27,6512,132.46069951473436,65,0,0.07713842069792867,11.313708498984761,50,200,2026-04-07T06:25:54.106356
2026-04-06_09-19-27,6513,419.84155653494605,91,1,0.5235602094240838,0.0,50,200,2026-04-07T06:26:13.377727
2026-04-06_09-19-27,6514,395.9873063237846,83,1,0.5464480874316939,0.0,50,200,2026-04-07T06:26:31.054480
2026-04-06_09-19-27,6515,-89.6989278452959,6,0,0.016706690778743243,58.7962583843564,50,200,2026-04-07T06:26:33.519128
2026-04-06_09-19-27,6516,-26.870911140732716,21,0,0.02119659899613585,45.967379738244816,50,200,2026-04-07T06:26:39.396352
2026-04-06_09-19-27,6517,341.9944005058746,200,0,0.2,2.0,50,200,2026-04-07T06:26:59.303991
2026-04-06_09-19-27,6518,384.9588379031572,142,1,0.4132231404958678,0.0,50,200,2026-04-07T06:27:19.566413
2026-04-06_09-19-27,6519,422.14324497533187,113,1,0.4694835680751174,0.0,50,200,2026-04-07T06:27:39.924743
2026-04-06_09-19-27,6520,411.975029824377,110,1,0.47619047619047616,0.0,50,200,2026-04-07T06:27:59.421795
2026-04-06_09-19-27,6521,422.10052707113834,130,1,0.4347826086956522,0.0,50,200,2026-04-07T06:28:43.281363
2026-04-06_09-19-27,6522,427.25438478453594,141,1,0.41493775933609955,0.0,50,200,2026-04-07T06:29:04.870876
2026-04-06_09-19-27,6523,419.7300084194647,140,1,0.41666666666666663,0.0,50,200,2026-04-07T06:29:25.033428
2026-04-06_09-19-27,6524,4.927087957980888,35,0,0.026066435858390812,37.013511046643494,50,200,2026-04-07T06:29:33.295802
2026-04-06_09-19-27,6525,-24.188915169739104,24,0,0.021837237156545508,44.553338819890925,50,200,2026-04-07T06:29:39.265716
2026-04-06_09-19-27,6526,37.089651830976564,65,0,0.0288474175529599,33.015148038438355,50,200,2026-04-07T06:29:50.872100
2026-04-06_09-19-27,6527,86.10305250020348,65,0,0.041922387446241195,22.20360331117452,50,200,2026-04-07T06:30:04.157700
2026-04-06_09-19-27,6528,425.9844533993381,140,1,0.41666666666666663,0.0,50,200,2026-04-07T06:30:26.463850
2026-04-06_09-19-27,6529,-22.3669826854655,36,0,0.022825854191728785,42.44997055358225,50,200,2026-04-07T06:30:34.413000
2026-04-06_09-19-27,6530,412.12803558622096,119,1,0.4566210045662101,0.0,50,200,2026-04-07T06:30:54.534077
2026-04-06_09-19-27,6531,96.96398496027416,78,0,0.04371580283014837,21.095023109728988,50,200,2026-04-07T06:31:10.109093
2026-04-06_09-19-27,6532,420.0786921792984,99,1,0.5025125628140703,0.0,50,200,2026-04-07T06:31:28.439818
2026-04-06_09-19-27,6533,106.37061408089644,68,0,0.04560284438858274,20.248456731316587,50,200,2026-04-07T06:31:42.836375
2026-04-06_09-19-27,6534,382.0061033323634,108,1,0.4807692307692307,0.0,50,200,2026-04-07T06:32:02.395367
2026-04-06_09-19-27,6535,420.06695510290507,113,1,0.4694835680751174,0.0,50,200,2026-04-07T06:32:23.067034
2026-04-06_09-19-27,6536,-11.81335047065518,34,0,0.0224823635423012,43.139309220245984,50,200,2026-04-07T06:32:30.736610
2026-04-06_09-19-27,6537,85.85771775885502,68,0,0.03982358307576137,23.430749027719962,50,200,2026-04-07T06:32:43.442767
2026-04-06_09-19-27,6538,103.26943349152212,60,0,0.05245420313640055,17.46424919657298,50,200,2026-04-07T06:32:57.506311
2026-04-06_09-19-27,6539,420.09032559194833,131,1,0.4329004329004329,0.0,50,200,2026-04-07T06:33:19.558061
2026-04-06_09-19-27,6540,433.83226147626584,149,1,0.4016064257028112,0.0,50,200,2026-04-07T06:33:39.177250
2026-04-06_09-19-27,6541,418.5376314232061,90,1,0.5263157894736842,0.0,50,200,2026-04-07T06:33:57.087819
2026-04-06_09-19-27,6542,418.68954098394516,97,1,0.5076142131979695,0.0,50,200,2026-04-07T06:34:15.608467
2026-04-06_09-19-27,6543,423.8892977223869,141,1,0.41493775933609955,0.0,50,200,2026-04-07T06:34:36.459678
2026-04-06_09-19-27,6544,418.23156576615133,87,1,0.53475935828877,0.0,50,200,2026-04-07T06:34:55.982094
2026-04-06_09-19-27,6545,176.90453087566115,116,0,0.19379844961240308,3.0,50,200,2026-04-07T06:35:17.492249
2026-04-06_09-19-27,6546,422.4371270564575,125,1,0.4444444444444444,0.0,50,200,2026-04-07T06:35:39.213762
2026-04-06_09-19-27,6547,425.2240994613159,156,1,0.390625,0.0,50,200,2026-04-07T06:36:02.849566
2026-04-06_09-19-27,6548,374.75520044426594,152,1,0.3968253968253968,0.0,50,200,2026-04-07T06:36:22.610132
2026-04-06_09-19-27,6549,-88.99081852590774,3,0,0.016548902026595806,59.39696961966999,50,200,2026-04-07T06:36:24.554447
2026-04-06_09-19-27,6550,-99.0330643538259,2,0,0.016173069130115212,60.81118318204309,50,200,2026-04-07T06:36:26.106944
2026-04-06_09-19-27,6551,39.452541546447165,52,0,0.028956007337422693,33.015148038438355,50,200,2026-04-07T06:36:37.355404
2026-04-06_09-19-27,6552,180.87861242964254,88,0,0.2429503121586993,2.23606797749979,50,200,2026-04-07T06:36:55.538453
2026-04-06_09-19-27,6553,417.3851531256589,97,1,0.5076142131979695,0.0,50,200,2026-04-07T06:37:43.173611
2026-04-06_09-19-27,6554,112.98330126828318,78,0,0.04788131598937959,19.1049731745428,50,200,2026-04-07T06:37:59.242861
2026-04-06_09-19-27,6555,177.31220949616923,84,0,0.13840514738328846,5.385164807134504,50,200,2026-04-07T06:38:17.916817
2026-04-06_09-19-27,6556,41.15247024023803,41,0,0.02936025004478711,32.64965543462902,50,200,2026-04-07T06:38:27.403548
2026-04-06_09-19-27,6557,433.8220293758702,166,1,0.37593984962406013,0.0,50,200,2026-04-07T06:38:48.832248
2026-04-06_09-19-27,6558,-54.65533240105987,25,0,0.01883041694917805,51.85556864985669,50,200,2026-04-07T06:38:53.534871
2026-04-06_09-19-27,6559,26.578035864059586,59,0,0.027067013741413633,35.35533905932738,50,200,2026-04-07T06:39:04.010186
2026-04-06_09-19-27,6560,432.15875619161943,167,1,0.37453183520599254,0.0,50,200,2026-04-07T06:39:25.228660
2026-04-06_09-19-27,6561,405.0414574343857,116,1,0.4629629629629629,0.0,50,200,2026-04-07T06:39:45.850733
2026-04-06_09-19-27,6562,46.1692198124108,45,0,0.029993607667970358,31.89043743820395,50,200,2026-04-07T06:39:55.875523
2026-04-06_09-19-27,6563,175.53799577444934,105,0,0.10717987374928056,7.280109889280518,50,200,2026-04-07T06:40:15.725609
2026-04-06_09-19-27,6564,-79.00640044687418,9,0,0.017773841654995133,55.17245689653489,50,200,2026-04-07T06:40:18.683117
2026-04-06_09-19-27,6565,77.40065161757155,55,0,0.03801004230492246,24.758836806279895,50,200,2026-04-07T06:40:30.387682
2026-04-06_09-19-27,6566,343.33028021216273,200,0,0.19098300562505258,2.23606797749979,50,200,2026-04-07T06:40:50.247090
2026-04-06_09-19-27,6567,414.69792962227507,110,1,0.47619047619047616,0.0,50,200,2026-04-07T06:41:09.911109
2026-04-06_09-19-27,6568,430.8163398826148,141,1,0.41493775933609955,0.0,50,200,2026-04-07T06:41:29.659422
2026-04-06_09-19-27,6569,37.6369556121448,35,0,0.02861181600308992,33.60059523282288,50,200,2026-04-07T06:41:38.371850
2026-04-06_09-19-27,6570,426.14191435987755,132,1,0.43103448275862066,0.0,50,200,2026-04-07T06:41:58.120383
2026-04-06_09-19-27,6571,107.78904199160125,57,0,0.050181758956491615,18.35755975068582,50,200,2026-04-07T06:42:11.521254
2026-04-06_09-19-27,6572,25.453477929976373,47,0,0.02682761261156681,35.805027579936315,50,200,2026-04-07T06:42:20.980982
2026-04-06_09-19-27,6573,-61.40186913675984,25,0,0.018407589598015372,53.075418038862395,50,200,2026-04-07T06:42:25.476895
2026-04-06_09-19-27,6574,430.0091079173563,176,1,0.3623188405797102,0.0,50,200,2026-04-07T06:42:46.749911
2026-04-06_09-19-27,6575,-85.70630823246682,6,0,0.01673524704989899,58.69412236331676,50,200,2026-04-07T06:42:48.876446
2026-04-06_09-19-27,6576,131.8922908590548,67,0,0.07781895333156275,11.180339887498949,50,200,2026-04-07T06:43:04.642700
2026-04-06_09-19-27,6577,419.33207736691253,144,1,0.4098360655737705,0.0,50,200,2026-04-07T06:43:25.911220
2026-04-06_09-19-27,6578,417.01342806410514,98,1,0.5050505050505051,0.0,50,200,2026-04-07T06:43:43.615646
2026-04-06_09-19-27,6579,110.00349012014095,66,0,0.05897249205074092,15.297058540778355,50,200,2026-04-07T06:43:57.675015
2026-04-06_09-19-27,6580,391.85089739796405,151,1,0.39840637450199207,0.0,50,200,2026-04-07T06:44:17.691101
2026-04-06_09-19-27,6581,417.90366208400167,127,1,0.44052863436123346,0.0,50,200,2026-04-07T06:44:39.534838
2026-04-06_09-19-27,6582,38.28631676937508,51,0,0.03150357134429329,30.23243291566195,50,200,2026-04-07T06:44:50.444846
2026-04-06_09-19-27,6583,425.8482043104241,134,1,0.4273504273504274,0.0,50,200,2026-04-07T06:45:11.970187
2026-04-06_09-19-27,6584,435.2671134007923,179,1,0.35842293906810035,0.0,50,200,2026-04-07T06:45:33.345778
2026-04-06_09-19-27,6585,61.52245889868915,58,0,0.03698793333254177,25.45584412271571,50,200,2026-04-07T06:46:13.811208
2026-04-06_09-19-27,6586,424.09488229670865,153,1,0.39525691699604737,0.0,50,200,2026-04-07T06:46:36.658722
2026-04-06_09-19-27,6587,418.44581365247336,113,1,0.4694835680751174,0.0,50,200,2026-04-07T06:46:57.316204
2026-04-06_09-19-27,6588,113.45185822007625,57,0,0.050113315450008765,18.384776310850235,50,200,2026-04-07T06:47:10.903188
2026-04-06_09-19-27,6589,409.3880666783258,85,1,0.5405405405405405,0.0,50,200,2026-04-07T06:47:28.259507
2026-04-06_09-19-27,6590,-94.47723298921522,3,0,0.016548902026595806,59.39696961966999,50,200,2026-04-07T06:47:30.093850
2026-04-06_09-19-27,6591,414.45795042796243,86,1,0.5376344086021506,0.0,50,200,2026-04-07T06:47:48.569776
2026-04-06_09-19-27,6592,80.91688599146046,67,0,0.04492108655724884,20.591260281974,50,200,2026-04-07T06:48:03.094513
2026-04-06_09-19-27,6593,416.07862589524507,120,1,0.45454545454545453,0.0,50,200,2026-04-07T06:48:24.138096
2026-04-06_09-19-27,6594,315.76585053307923,200,0,0.13383054136359812,4.47213595499958,50,200,2026-04-07T06:48:47.287883
2026-04-06_09-19-27,6595,408.377569156861,161,1,0.38314176245210724,0.0,50,200,2026-04-07T06:49:07.611309
2026-04-06_09-19-27,6596,7.068583144636406,49,0,0.029370610267976743,32.55764119219941,50,200,2026-04-07T06:49:17.514431
2026-04-06_09-19-27,6597,420.90788665761806,123,1,0.4484304932735426,0.0,50,200,2026-04-07T06:49:36.043146
2026-04-06_09-19-27,6598,404.63619223243165,126,1,0.4424778761061947,0.0,50,200,2026-04-07T06:49:56.424782
2026-04-06_09-19-27,6599,60.216259837211595,37,0,0.0345348843267547,27.586228448267445,50,200,2026-04-07T06:50:05.815562
2026-04-06_09-19-27,6600,432.15086823212096,155,1,0.3921568627450981,0.0,50,200,2026-04-07T06:50:27.203844
2026-04-06_09-19-27,6601,-65.01702280720829,12,0,0.019748142611195462,49.51767361255979,50,200,2026-04-07T06:50:50.681310
2026-04-06_09-19-27,6602,45.854781216380914,47,0,0.03136387768083418,30.4138126514911,50,200,2026-04-07T06:51:01.191473
2026-04-06_09-19-27,6603,432.58388874285214,137,1,0.42194092827004215,0.0,50,200,2026-04-07T06:51:21.646736
2026-04-06_09-19-27,6604,397.5273621603642,84,1,0.5434782608695653,0.0,50,200,2026-04-07T06:51:39.776972
2026-04-06_09-19-27,6605,431.76842732402736,145,1,0.4081632653061224,0.0,50,200,2026-04-07T06:52:00.083985
2026-04-06_09-19-27,6606,-28.367468315893404,29,0,0.021474468953401188,45.27692569068709,50,200,2026-04-07T06:52:06.691178
2026-04-06_09-19-27,6607,338.3033771454599,200,0,0.19098300562505258,2.23606797749979,50,200,2026-04-07T06:52:28.120804
2026-04-06_09-19-27,6608,440.44318286528204,194,1,0.3401360544217687,0.0,50,200,2026-04-07T06:52:50.146232
2026-04-06_09-19-27,6609,434.61349847677434,146,1,0.4065040650406504,0.0,50,200,2026-04-07T06:53:09.760887
2026-04-06_09-19-27,6610,431.52505584851764,170,1,0.37037037037037035,0.0,50,200,2026-04-07T06:53:32.314004
2026-04-06_09-19-27,6611,423.6969604449976,108,1,0.4807692307692307,0.0,50,200,2026-04-07T06:53:49.956709
2026-04-06_09-19-27,6612,437.36254096425927,165,1,0.3773584905660377,0.0,50,200,2026-04-07T06:54:11.086738
2026-04-06_09-19-27,6613,421.6318210456409,142,1,0.4132231404958678,0.0,50,200,2026-04-07T06:54:33.180235
2026-04-06_09-19-27,6614,48.50383664603319,54,0,0.05005233242993118,18.439088914585774,50,200,2026-04-07T06:54:45.351172
2026-04-06_09-19-27,6615,429.8638942599486,142,1,0.4132231404958678,0.0,50,200,2026-04-07T06:55:06.248511
2026-04-06_09-19-27,6616,-3.0269543555171765,24,0,0.023274600296074307,41.72529209005013,50,200,2026-04-07T06:55:12.475390
2026-04-06_09-19-27,6617,408.30001250568813,137,1,0.42194092827004215,0.0,50,200,2026-04-07T06:56:07.895830
2026-04-06_09-19-27,6618,14.707337675281408,45,0,0.026842014755038047,35.805027579936315,50,200,2026-04-07T06:56:17.700937
2026-04-06_09-19-27,6619,435.2590385258103,198,1,0.33557046979865773,0.0,50,200,2026-04-07T06:56:38.521235
2026-04-06_09-19-27,6620,440.90792567598976,187,1,0.3484320557491289,0.0,50,200,2026-04-07T06:57:00.612801
2026-04-06_09-19-27,6621,6.584954440363575,50,0,0.027526863129907906,34.828149534535996,50,200,2026-04-07T06:57:11.922560
2026-04-06_09-19-27,6622,322.7313490793026,200,0,0.13383054136359812,4.47213595499958,50,200,2026-04-07T06:57:34.272338
2026-04-06_09-19-27,6623,437.9673775513705,176,1,0.3623188405797102,0.0,50,200,2026-04-07T06:57:56.459407
2026-04-06_09-19-27,6624,294.07564974115337,200,0,0.0775224150181086,9.899494936611665,50,200,2026-04-07T06:58:20.667387
2026-04-06_09-19-27,6625,435.8848138065011,198,1,0.33557046979865773,0.0,50,200,2026-04-07T06:58:45.028938
2026-04-06_09-19-27,6626,434.2213443677606,193,1,0.3412969283276451,0.0,50,200,2026-04-07T06:59:08.679865
2026-04-06_09-19-27,6627,333.00147518660145,200,0,0.25,1.0,50,200,2026-04-07T06:59:32.629135
2026-04-06_09-19-27,6628,-101.10139291600169,8,0,0.017341175562259916,56.586217403180434,50,200,2026-04-07T06:59:35.454751
2026-04-06_09-19-27,6629,424.50628775064513,135,1,0.425531914893617,0.0,50,200,2026-04-07T06:59:58.738320
2026-04-06_09-19-27,6630,414.43151667919267,180,1,0.35714285714285715,0.0,50,200,2026-04-07T07:00:21.484823
2026-04-06_09-19-27,6631,-79.33576777586933,6,0,0.017130644601492433,57.3149195236284,50,200,2026-04-07T07:00:24.100620
2026-04-06_09-19-27,6632,-51.457956571526694,16,0,0.018945264819850965,51.62363799656123,50,200,2026-04-07T07:00:28.250677
2026-04-06_09-19-27,6633,58.24008321423702,82,0,0.0338399750077239,27.730849247724095,50,200,2026-04-07T07:00:42.753031
2026-04-06_09-19-27,6634,283.3579470313712,200,0,0.08295048134434817,9.055385138137417,50,200,2026-04-07T07:01:04.767533
2026-04-06_09-19-27,6635,421.69183848402935,114,1,0.4672897196261682,0.0,50,200,2026-04-07T07:01:23.743185
2026-04-06_09-19-27,6636,315.88691506251087,200,0,0.12347173609369323,5.0990195135927845,50,200,2026-04-07T07:01:48.451115
2026-04-06_09-19-27,6637,433.9992560599975,170,1,0.37037037037037035,0.0,50,200,2026-04-07T07:02:09.458910
2026-04-06_09-19-27,6638,424.01100018790873,141,1,0.41493775933609955,0.0,50,200,2026-04-07T07:02:30.987478
2026-04-06_09-19-27,6639,401.1332757575653,158,1,0.38759689922480617,0.0,50,200,2026-04-07T07:02:54.692602
2026-04-06_09-19-27,6640,302.2985321140248,200,0,0.11925824035672519,5.385164807134504,50,200,2026-04-07T07:03:21.971510
2026-04-06_09-19-27,6641,14.597928205962958,50,0,0.02888421130245114,33.12099032335839,50,200,2026-04-07T07:03:33.515048
2026-04-06_09-19-27,6642,-32.20915253975012,44,0,0.021957678964267455,44.10215414239989,50,200,2026-04-07T07:03:41.890203
2026-04-06_09-19-27,6643,332.29145227887307,200,0,0.1715728752538099,2.8284271247461903,50,200,2026-04-07T07:04:06.842029
2026-04-06_09-19-27,6644,424.68789437855094,180,1,0.35714285714285715,0.0,50,200,2026-04-07T07:04:33.605253
2026-04-06_09-19-27,6645,-93.3454994901785,14,0,0.018215360867074495,53.75872022286245,50,200,2026-04-07T07:04:37.587979
2026-04-06_09-19-27,6646,111.90173986975793,72,0,0.0809707039222862,10.63014581273465,50,200,2026-04-07T07:04:52.982459
2026-04-06_09-19-27,6647,337.55104057251606,200,0,0.19098300562505258,2.23606797749979,50,200,2026-04-07T07:05:14.622984
2026-04-06_09-19-27,6648,311.47353916306264,200,0,0.10724372001086317,6.324555320336759,50,200,2026-04-07T07:05:37.785379
2026-04-06_09-19-27,6649,344.628908052376,99,1,0.5025125628140703,0.0,50,200,2026-04-07T07:06:40.063569
2026-04-06_09-19-27,6650,-80.68718968206247,12,0,0.01754819716513221,55.86591089385369,50,200,2026-04-07T07:06:43.441473
2026-04-06_09-19-27,6651,430.0576445522736,167,1,0.37453183520599254,0.0,50,200,2026-04-07T07:07:05.547745
2026-04-06_09-19-27,6652,181.32644637738815,114,0,0.15966519803047088,4.123105625617661,50,200,2026-04-07T07:07:27.629184
2026-04-06_09-19-27,6653,-27.173133287464907,23,0,0.021187616887758783,45.967379738244816,50,200,2026-04-07T07:07:33.680862
2026-04-06_09-19-27,6654,429.71767464076436,152,1,0.3968253968253968,0.0,50,200,2026-04-07T07:07:54.805676
2026-04-06_09-19-27,6655,85.2977104624366,52,0,0.038869009956354214,24.20743687382041,50,200,2026-04-07T07:08:07.243480
2026-04-06_09-19-27,6656,415.1950145366819,136,1,0.42372881355932196,0.0,50,200,2026-04-07T07:08:28.106035
2026-04-06_09-19-27,6657,-73.51435189111467,14,0,0.0184449375504803,53.075418038862395,50,200,2026-04-07T07:08:31.926373
2026-04-06_09-19-27,6658,336.24471576830643,200,0,0.22654091966098644,1.4142135623730951,50,200,2026-04-07T07:08:51.570545
2026-04-06_09-19-27,6659,431.9744007264198,152,1,0.3968253968253968,0.0,50,200,2026-04-07T07:09:12.067938
2026-04-06_09-19-27,6660,420.3048296810148,104,1,0.49019607843137253,0.0,50,200,2026-04-07T07:09:32.199237
2026-04-06_09-19-27,6661,-36.88450486214808,19,0,0.02053476888218559,47.50789408087881,50,200,2026-04-07T07:09:37.450481
2026-04-06_09-19-27,6662,-42.16437589708821,26,0,0.021827704021559476,44.553338819890925,50,200,2026-04-07T07:09:43.190915
2026-04-06_09-19-27,6663,383.2371128872955,118,1,0.4587155963302753,0.0,50,200,2026-04-07T07:10:04.525704
2026-04-06_09-19-27,6664,422.6216315910627,126,1,0.4424778761061947,0.0,50,200,2026-04-07T07:10:25.284570
2026-04-06_09-19-27,6665,423.19811125239147,122,1,0.4504504504504505,0.0,50,200,2026-04-07T07:10:46.102590
2026-04-06_09-19-27,6666,-22.597924065740315,30,0,0.021439381687777665,45.34313619501854,50,200,2026-04-07T07:10:53.324114
2026-04-06_09-19-27,6667,429.1069613626606,133,1,0.4291845493562232,0.0,50,200,2026-04-07T07:11:13.757751
2026-04-06_09-19-27,6668,322.6745148572,200,0,0.2,2.0,50,200,2026-04-07T07:11:36.660331
2026-04-06_09-19-27,6669,327.0299537239558,200,0,0.13383054136359812,4.47213595499958,50,200,2026-04-07T07:11:58.204697
2026-04-06_09-19-27,6670,417.07651670708583,93,1,0.5181347150259067,0.0,50,200,2026-04-07T07:12:17.647486
2026-04-06_09-19-27,6671,415.72685209837533,135,1,0.425531914893617,0.0,50,200,2026-04-07T07:12:40.065274
2026-04-06_09-19-27,6672,59.87163876779394,58,0,0.03847173164824511,24.413111231467404,50,200,2026-04-07T07:12:52.400542
2026-04-06_09-19-27,6673,410.7670980316256,141,1,0.41493775933609955,0.0,50,200,2026-04-07T07:13:12.835246
2026-04-06_09-19-27,6674,430.55464894900405,147,1,0.40485829959514175,0.0,50,200,2026-04-07T07:13:33.560436
2026-04-06_09-19-27,6675,428.2112137744388,149,1,0.4016064257028112,0.0,50,200,2026-04-07T07:13:54.074800
2026-04-06_09-19-27,6676,426.03383846249204,121,1,0.45248868778280543,0.0,50,200,2026-04-07T07:14:13.107462
2026-04-06_09-19-27,6677,-28.898614136202,27,0,0.02323247496118954,41.773197148410844,50,200,2026-04-07T07:14:20.019300
2026-04-06_09-19-27,6678,418.6677229310408,94,1,0.5154639175257733,0.0,50,200,2026-04-07T07:14:39.456736
2026-04-06_09-19-27,6679,338.7412368818263,200,0,0.1715728752538099,2.8284271247461903,50,200,2026-04-07T07:14:59.864245
2026-04-06_09-19-27,6680,421.30678438649915,104,1,0.49019607843137253,0.0,50,200,2026-04-07T07:15:18.207040
2026-04-06_09-19-27,6681,59.130375855439354,47,0,0.03274513926501187,29.068883707497267,50,200,2026-04-07T07:16:03.778727
2026-04-06_09-19-27,6682,425.4016415544363,179,1,0.35842293906810035,0.0,50,200,2026-04-07T07:16:24.741747
2026-04-06_09-19-27,6683,421.12074636268363,175,1,0.36363636363636365,0.0,50,200,2026-04-07T07:16:45.185632
2026-04-06_09-19-27,6684,417.99666250049813,98,1,0.5050505050505051,0.0,50,200,2026-04-07T07:17:05.209277
2026-04-06_09-19-27,6685,287.489739371919,200,0,0.19098300562505258,2.23606797749979,50,200,2026-04-07T07:17:24.350881
2026-04-06_09-19-27,6686,423.9322943293616,113,1,0.4694835680751174,0.0,50,200,2026-04-07T07:17:44.733252
2026-04-06_09-19-27,6687,-85.12047721447664,4,0,0.016740850295209303,58.69412236331676,50,200,2026-04-07T07:17:46.786167
2026-04-06_09-19-27,6688,131.42672295347165,76,0,0.07223843667842228,12.083045973594572,50,200,2026-04-07T07:18:02.596597
2026-04-06_09-19-27,6689,422.1123483970505,126,1,0.4424778761061947,0.0,50,200,2026-04-07T07:18:23.105776
2026-04-06_09-19-27,6690,22.661528769505665,37,0,0.027208210156190432,35.38361202590826,50,200,2026-04-07T07:18:31.794752
2026-04-06_09-19-27,6691,408.15645223799373,100,1,0.5,0.0,50,200,2026-04-07T07:18:51.452872
2026-04-06_09-19-27,6692,419.6704634808063,111,1,0.4739336492890995,0.0,50,200,2026-04-07T07:19:11.624739
2026-04-06_09-19-27,6693,424.7353307339537,133,1,0.4291845493562232,0.0,50,200,2026-04-07T07:19:32.516273
2026-04-06_09-19-27,6694,426.74229147405407,141,1,0.41493775933609955,0.0,50,200,2026-04-07T07:19:53.742230
2026-04-06_09-19-27,6695,126.71943422410199,105,0,0.16199301626236848,4.123105625617661,50,200,2026-04-07T07:20:12.138044
2026-04-06_09-19-27,6696,412.9448955724894,163,1,0.3802281368821293,0.0,50,200,2026-04-07T07:20:34.886637
2026-04-06_09-19-27,6697,415.39743926126243,136,1,0.42372881355932196,0.0,50,200,2026-04-07T07:20:55.380407
2026-04-06_09-19-27,6698,-60.094283874738025,13,0,0.019478156485739553,50.20956084253277,50,200,2026-04-07T07:20:59.545775
2026-04-06_09-19-27,6699,439.5298636869428,181,1,0.35587188612099646,0.0,50,200,2026-04-07T07:21:20.496058
2026-04-06_09-19-27,6700,419.2569273642656,131,1,0.4329004329004329,0.0,50,200,2026-04-07T07:21:41.446771
2026-04-06_09-19-27,6701,434.25867462163313,150,1,0.4,0.0,50,200,2026-04-07T07:22:01.742840
2026-04-06_09-19-27,6702,417.97155467385136,143,1,0.41152263374485604,0.0,50,200,2026-04-07T07:22:25.169461
2026-04-06_09-19-27,6703,343.43742883979905,200,0,0.22654091966098644,1.4142135623730951,50,200,2026-04-07T07:22:46.172691
2026-04-06_09-19-27,6704,67.17458734256256,42,0,0.03594438424861848,26.40075756488817,50,200,2026-04-07T07:22:56.880968
2026-04-06_09-19-27,6705,156.93831491132246,103,0,0.07647972386273107,11.045361017187261,50,200,2026-04-07T07:23:15.564098
2026-04-06_09-19-27,6706,-33.784962062658366,17,0,0.020294656542162202,48.104053883222775,50,200,2026-04-07T07:23:20.699227
2026-04-06_09-19-27,6707,-17.74450612459914,24,0,0.021815862399185773,44.598206241955516,50,200,2026-04-07T07:23:27.006612
2026-04-06_09-19-27,6708,148.80381239860947,84,0,0.07182336407539892,12.083045973594572,50,200,2026-04-07T07:23:42.085154
2026-04-06_09-19-27,6709,418.3162998570604,127,1,0.44052863436123346,0.0,50,200,2026-04-07T07:24:02.437177
2026-04-06_09-19-27,6710,306.03222936708727,200,0,0.19098300562505258,2.23606797749979,50,200,2026-04-07T07:24:23.507746
2026-04-06_09-19-27,6711,-55.67891509852854,25,0,0.02112034014962269,46.09772228646444,50,200,2026-04-07T07:24:30.010883
2026-04-06_09-19-27,6712,-85.828747252651,5,0,0.01714383268577105,57.28001396647874,50,200,2026-04-07T07:24:32.380439
2026-04-06_09-19-27,6713,382.95149564183544,138,1,0.42016806722689076,0.0,50,200,2026-04-07T07:25:28.390293
2026-04-06_09-19-27,6714,426.28481728057443,135,1,0.425531914893617,0.0,50,200,2026-04-07T07:25:49.576346
2026-04-06_09-19-27,6715,329.93878202141167,200,0,0.1715728752538099,2.8284271247461903,50,200,2026-04-07T07:26:14.177156
2026-04-06_09-19-27,6716,81.95930988841765,81,0,0.057265648297493664,15.652475842498529,50,200,2026-04-07T07:26:29.515898
2026-04-06_09-19-27,6717,-12.797341427280614,34,0,0.02372793838580894,40.80441152620633,50,200,2026-04-07T07:26:38.100852
2026-04-06_09-19-27,6718,313.55843826128546,192,1,0.3424657534246575,0.0,50,200,2026-04-07T07:27:00.745734
2026-04-06_09-19-27,6719,427.6034423005055,172,1,0.36764705882352944,0.0,50,200,2026-04-07T07:27:23.804935
2026-04-06_09-19-27,6720,191.76403045306478,125,0,0.13793103448275862,5.0,50,200,2026-04-07T07:27:43.116349
2026-04-06_09-19-27,6721,429.62605720267743,148,1,0.40322580645161293,0.0,50,200,2026-04-07T07:28:05.569013
2026-04-06_09-19-27,6722,-50.49664529443495,42,0,0.020491202415358067,47.38143096192854,50,200,2026-04-07T07:28:12.034862
2026-04-06_09-19-27,6723,213.00270549781987,169,0,0.21321961620469085,2.0,50,200,2026-04-07T07:28:35.802855
2026-04-06_09-19-27,6724,111.9851471089419,97,0,0.06206501877548363,14.142135623730951,50,200,2026-04-07T07:28:52.244111
2026-04-06_09-19-27,6725,100.76368559947706,97,0,0.046758495716106734,19.4164878389476,50,200,2026-04-07T07:29:09.385090
2026-04-06_09-19-27,6726,430.6713594173729,163,1,0.3802281368821293,0.0,50,200,2026-04-07T07:29:32.894329
2026-04-06_09-19-27,6727,302.8251189690288,200,0,0.25,1.0,50,200,2026-04-07T07:29:55.478799
2026-04-06_09-19-27,6728,424.0501444187079,134,1,0.4273504273504274,0.0,50,200,2026-04-07T07:30:16.271225
2026-04-06_09-19-27,6729,416.6407776201922,140,1,0.41666666666666663,0.0,50,200,2026-04-07T07:30:37.104308
2026-04-06_09-19-27,6730,-92.08131968639618,3,0,0.016356376470631765,60.108235708594876,50,200,2026-04-07T07:30:38.908878
2026-04-06_09-19-27,6731,-57.0375005791403,16,0,0.019197053920101105,50.93132631298737,50,200,2026-04-07T07:30:43.378536
2026-04-06_09-19-27,6732,-65.81117201772226,11,0,0.019752043272869613,49.51767361255979,50,200,2026-04-07T07:30:47.219711
2026-04-06_09-19-27,6733,417.45553877354024,117,1,0.4608294930875576,0.0,50,200,2026-04-07T07:31:06.531848
2026-04-06_09-19-27,6734,417.95091585051233,106,1,0.4854368932038835,0.0,50,200,2026-04-07T07:31:27.820860
2026-04-06_09-19-27,6735,10.904159709313234,37,0,0.029394771558505794,32.64965543462902,50,200,2026-04-07T07:31:36.351499
2026-04-06_09-19-27,6736,437.0426542799028,187,1,0.3484320557491289,0.0,50,200,2026-04-07T07:31:59.445502
2026-04-06_09-19-27,6737,1.5689565288527376,33,0,0.025952353752911904,37.20215047547655,50,200,2026-04-07T07:32:08.112966
2026-04-06_09-19-27,6738,55.21425057671675,73,0,0.03178423589848142,29.732137494637012,50,200,2026-04-07T07:32:20.827984
2026-04-06_09-19-27,6739,-38.103726464943236,19,0,0.020005805046429927,48.79549159502341,50,200,2026-04-07T07:32:25.889308
2026-04-06_09-19-27,6740,-44.69893036504975,31,0,0.022427473467155252,43.278170016764804,50,200,2026-04-07T07:32:33.473058
2026-04-06_09-19-27,6741,340.04608508619174,200,0,0.19098300562505258,2.23606797749979,50,200,2026-04-07T07:32:55.046820
2026-04-06_09-19-27,6742,341.3529850406295,200,0,0.22654091966098644,1.4142135623730951,50,200,2026-04-07T07:33:15.914038
2026-04-06_09-19-27,6743,429.92845060843945,140,1,0.41666666666666663,0.0,50,200,2026-04-07T07:33:36.034150
2026-04-06_09-19-27,6744,400.3373785371844,157,1,0.3891050583657587,0.0,50,200,2026-04-07T07:33:56.911307
2026-04-06_09-19-27,6745,429.83211166694906,182,1,0.35460992907801414,0.0,50,200,2026-04-07T07:34:55.379881
2026-04-06_09-19-27,6746,333.2418447514378,200,0,0.1715728752538099,2.8284271247461903,50,200,2026-04-07T07:35:20.018620
2026-04-06_09-19-27,6747,431.7174336308501,177,1,0.36101083032490977,0.0,50,200,2026-04-07T07:35:42.525569
2026-04-06_09-19-27,6748,427.0058650604541,151,1,0.39840637450199207,0.0,50,200,2026-04-07T07:36:05.888344
2026-04-06_09-19-27,6749,421.99905486852504,176,1,0.3623188405797102,0.0,50,200,2026-04-07T07:36:28.053585
2026-04-06_09-19-27,6750,-22.082133546516246,27,0,0.021453179975194806,45.34313619501854,50,200,2026-04-07T07:36:34.044190
2026-04-06_09-19-27,6751,11.66235384019923,69,0,0.026038195245409537,36.71511950137164,50,200,2026-04-07T07:36:45.259555
2026-04-06_09-19-27,6752,419.2754964350831,132,1,0.43103448275862066,0.0,50,200,2026-04-07T07:37:07.501654
2026-04-06_09-19-27,6753,298.5115745736763,200,0,0.110098661796365,6.082762530298219,50,200,2026-04-07T07:37:30.872940
2026-04-06_09-19-27,6754,319.2114728919443,200,0,0.14038820320220757,4.123105625617661,50,200,2026-04-07T07:37:53.218513
2026-04-06_09-19-27,6755,423.3182804801498,148,1,0.40322580645161293,0.0,50,200,2026-04-07T07:38:16.174764
2026-04-06_09-19-27,6756,417.71063433222525,106,1,0.4854368932038835,0.0,50,200,2026-04-07T07:38:35.759222
2026-04-06_09-19-27,6757,-47.70190926784705,22,0,0.019295213866395444,50.60632371551998,50,200,2026-04-07T07:38:40.913475
2026-04-06_09-19-27,6758,-122.44418442827971,3,0,0.015633188881677057,62.93647591023825,50,200,2026-04-07T07:38:42.516029
2026-04-06_09-19-27,6759,327.8918385957717,200,0,0.19098300562505258,2.23606797749979,50,200,2026-04-07T07:39:04.717030
2026-04-06_09-19-27,6760,309.85018866822367,200,0,0.11925824035672519,5.385164807134504,50,200,2026-04-07T07:39:27.726905
2026-04-06_09-19-27,6761,286.57214072168523,200,0,0.07119788510785187,11.045361017187261,50,200,2026-04-07T07:39:50.390438
2026-04-06_09-19-27,6762,403.11215811017826,148,1,0.40322580645161293,0.0,50,200,2026-04-07T07:40:13.214611
2026-04-06_09-19-27,6763,99.60152649961398,77,0,0.05029986193207879,18.110770276274835,50,200,2026-04-07T07:40:28.896863
2026-04-06_09-19-27,6764,-59.236793052020296,30,0,0.018588183245032967,52.49761899362675,50,200,2026-04-07T07:40:34.293286
2026-04-06_09-19-27,6765,400.6760754873828,155,1,0.3921568627450981,0.0,50,200,2026-04-07T07:40:56.843722
2026-04-06_09-19-27,6766,179.74505547223038,114,0,0.1085650459235382,7.0710678118654755,50,200,2026-04-07T07:41:14.630052
2026-04-06_09-19-27,6767,331.71830062034024,200,0,0.2,2.0,50,200,2026-04-07T07:41:37.851494
2026-04-06_09-19-27,6768,-70.3857700028576,10,0,0.017770683121916032,55.17245689653489,50,200,2026-04-07T07:41:40.922455
2026-04-06_09-19-27,6769,426.1034298410565,132,1,0.43103448275862066,0.0,50,200,2026-04-07T07:42:00.696143
2026-04-06_09-19-27,6770,436.0228322657882,177,1,0.36101083032490977,0.0,50,200,2026-04-07T07:42:21.652577
2026-04-06_09-19-27,6771,426.41476022006464,154,1,0.39370078740157477,0.0,50,200,2026-04-07T07:42:43.915933
2026-04-06_09-19-27,6772,434.59125812734175,175,1,0.36363636363636365,0.0,50,200,2026-04-07T07:43:07.629338
2026-04-06_09-19-27,6773,-4.4788397022151685,41,0,0.023182873038447942,41.72529209005013,50,200,2026-04-07T07:43:15.465256
2026-04-06_09-19-27,6774,418.93934996822225,119,1,0.4566210045662101,0.0,50,200,2026-04-07T07:43:35.759138
2026-04-06_09-19-27,6775,178.09609422515535,95,0,0.2092738832033806,2.8284271247461903,50,200,2026-04-07T07:43:54.680924
2026-04-06_09-19-27,6776,415.1953400914886,112,1,0.4716981132075471,0.0,50,200,2026-04-07T07:44:15.112096
2026-04-06_09-19-27,6777,323.1362032188571,200,0,0.1513878188659973,3.605551275463989,50,200,2026-04-07T07:45:20.461177
2026-04-06_09-19-27,6778,427.68179598558186,154,1,0.39370078740157477,0.0,50,200,2026-04-07T07:45:42.378003
2026-04-06_09-19-27,6779,-63.85295101294059,17,0,0.01917170741777386,50.99019513592785,50,200,2026-04-07T07:45:47.058309
2026-04-06_09-19-27,6780,424.17184596424477,123,1,0.4484304932735426,0.0,50,200,2026-04-07T07:46:07.594183
2026-04-06_09-19-27,6781,106.3246084886636,67,0,0.04742373446150474,19.4164878389476,50,200,2026-04-07T07:46:22.541366
2026-04-06_09-19-27,6782,24.99790308204166,41,0,0.02791790934437336,34.40930106817051,50,200,2026-04-07T07:46:31.561069
2026-04-06_09-19-27,6783,28.246709027907983,45,0,0.027264426562824667,35.22782990761707,50,200,2026-04-07T07:46:41.053645
2026-04-06_09-19-27,6784,330.4302944065751,200,0,0.19098300562505258,2.23606797749979,50,200,2026-04-07T07:47:02.702534
2026-04-06_09-19-27,6785,331.9586267321095,200,0,0.1715728752538099,2.8284271247461903,50,200,2026-04-07T07:47:24.391169
2026-04-06_09-19-27,6786,21.682717155499247,40,0,0.027092516368923472,35.510561809129406,50,200,2026-04-07T07:47:33.609045
2026-04-06_09-19-27,6787,332.5847853332754,200,0,0.19098300562505258,2.23606797749979,50,200,2026-04-07T07:47:55.812820
2026-04-06_09-19-27,6788,440.35021946253505,197,1,0.3367003367003367,0.0,50,200,2026-04-07T07:48:18.400957
2026-04-06_09-19-27,6789,424.067197905024,197,1,0.3367003367003367,0.0,50,200,2026-04-07T07:48:36.360865
2026-04-06_09-19-27,6790,444.65936483447746,195,1,0.3389830508474576,0.0,50,200,2026-04-07T07:48:56.232486
2026-04-06_09-19-27,6791,427.7125196478229,146,1,0.4065040650406504,0.0,50,200,2026-04-07T07:49:17.785931
2026-04-06_09-19-27,6792,427.9388814146227,139,1,0.41841004184100417,0.0,50,200,2026-04-07T07:49:38.680409
2026-04-06_09-19-27,6793,424.25131215901996,130,1,0.4347826086956522,0.0,50,200,2026-04-07T07:49:58.704478
2026-04-06_09-19-27,6794,18.026589508129945,40,0,0.026124545542967476,36.87817782917155,50,200,2026-04-07T07:50:07.586633
2026-04-06_09-19-27,6795,-94.36851314166469,6,0,0.01673524704989899,58.69412236331676,50,200,2026-04-07T07:50:10.007656
2026-04-06_09-19-27,6796,430.2691262989201,157,1,0.3891050583657587,0.0,50,200,2026-04-07T07:50:31.362295
2026-04-06_09-19-27,6797,-17.909956064599882,27,0,0.02251780127991959,43.139309220245984,50,200,2026-04-07T07:50:38.158409
2026-04-06_09-19-27,6798,63.74849019814718,61,0,0.04247779394834682,21.93171219946131,50,200,2026-04-07T07:50:51.011704
2026-04-06_09-19-27,6799,147.39417373695096,76,0,0.07159961464467825,12.206555615733702,50,200,2026-04-07T07:51:07.788551
2026-04-06_09-19-27,6800,168.9075349448742,92,0,0.1564422294894799,4.47213595499958,50,200,2026-04-07T07:51:26.724303
2026-04-06_09-19-27,6801,410.8173890226533,193,1,0.3412969283276451,0.0,50,200,2026-04-07T07:51:50.458819
2026-04-06_09-19-27,6802,435.0456412911029,163,1,0.3802281368821293,0.0,50,200,2026-04-07T07:52:12.859981
2026-04-06_09-19-27,6803,44.120383809209414,88,0,0.050231677595736365,18.027756377319946,50,200,2026-04-07T07:52:28.781734
2026-04-06_09-19-27,6804,338.72349614959523,156,1,0.390625,0.0,50,200,2026-04-07T07:52:48.660583
2026-04-06_09-19-27,6805,398.70137647082817,110,1,0.47619047619047616,0.0,50,200,2026-04-07T07:53:08.501428
2026-04-06_09-19-27,6806,-17.82167671981597,34,0,0.022738636251875444,42.638011210655684,50,200,2026-04-07T07:53:15.352394
2026-04-06_09-19-27,6807,416.9918401708473,110,1,0.47619047619047616,0.0,50,200,2026-04-07T07:53:34.847899
2026-04-06_09-19-27,6808,430.96176347023396,171,1,0.36900369003690037,0.0,50,200,2026-04-07T07:53:58.048973
2026-04-06_09-19-27,6809,340.4562528858062,200,0,0.19098300562505258,2.23606797749979,50,200,2026-04-07T07:54:55.529408
2026-04-06_09-19-27,6810,-76.42917130761654,13,0,0.018700323998877288,52.3450093132096,50,200,2026-04-07T07:54:59.850726
2026-04-06_09-19-27,6811,425.7480158772994,141,1,0.41493775933609955,0.0,50,200,2026-04-07T07:55:21.933994
2026-04-06_09-19-27,6812,306.49731232426,200,0,0.10724372001086317,6.324555320336759,50,200,2026-04-07T07:55:44.424533
2026-04-06_09-19-27,6813,426.2579768382679,166,1,0.37593984962406013,0.0,50,200,2026-04-07T07:56:06.859800
2026-04-06_09-19-27,6814,326.66936385355325,200,0,0.1513878188659973,3.605551275463989,50,200,2026-04-07T07:56:27.584143
2026-04-06_09-19-27,6815,51.19025483534209,56,0,0.035764410090796464,26.40075756488817,50,200,2026-04-07T07:56:39.577941
2026-04-06_09-19-27,6816,305.8517630760352,200,0,0.110098661796365,6.082762530298219,50,200,2026-04-07T07:57:02.664867
2026-04-06_09-19-27,6817,320.026952256229,200,0,0.25,1.0,50,200,2026-04-07T07:57:27.426960
2026-04-06_09-19-27,6818,342.8121183475006,200,0,0.22654091966098644,1.4142135623730951,50,200,2026-04-07T07:57:50.226482
2026-04-06_09-19-27,6819,-24.78709231170096,42,0,0.023546724699841152,41.048751503547585,50,200,2026-04-07T07:57:59.056520
2026-04-06_09-19-27,6820,39.377968781155786,46,0,0.031373717695276054,30.4138126514911,50,200,2026-04-07T07:58:09.634526
2026-04-06_09-19-27,6821,-42.58317215050676,25,0,0.0206391128809247,47.20169488482379,50,200,2026-04-07T07:58:15.664281
2026-04-06_09-19-27,6822,74.06937614814782,77,0,0.04636285731866576,19.79898987322333,50,200,2026-04-07T07:58:31.046897
2026-04-06_09-19-27,6823,422.19981878897914,155,1,0.3921568627450981,0.0,50,200,2026-04-07T07:58:52.879360
2026-04-06_09-19-27,6824,424.3251111784006,136,1,0.42372881355932196,0.0,50,200,2026-04-07T07:59:15.443847
2026-04-06_09-19-27,6825,-75.51128768591924,22,0,0.02113373069705126,46.09772228646444,50,200,2026-04-07T07:59:20.965909
2026-04-06_09-19-27,6826,-24.009313779937926,34,0,0.02265422873973278,42.80186911806539,50,200,2026-04-07T07:59:28.337416
2026-04-06_09-19-27,6827,414.87555687125547,110,1,0.47619047619047616,0.0,50,200,2026-04-07T07:59:49.058109
2026-04-06_09-19-27,6828,435.9677261072215,199,1,0.33444816053511706,0.0,50,200,2026-04-07T08:00:13.337417
2026-04-06_09-19-27,6829,327.32934428391934,200,0,0.19098300562505258,2.23606797749979,50,200,2026-04-07T08:00:36.767971
2026-04-06_09-19-27,6830,-9.545113788194527,45,0,0.02268190314192056,42.638011210655684,50,200,2026-04-07T08:00:45.359818
2026-04-06_09-19-27,6831,319.32795689363314,200,0,0.14038820320220757,4.123105625617661,50,200,2026-04-07T08:01:10.770547
2026-04-06_09-19-27,6832,414.51297610927907,111,1,0.4739336492890995,0.0,50,200,2026-04-07T08:01:30.977380
2026-04-06_09-19-27,6833,-61.21347539163215,19,0,0.018313850574164965,53.41348144429457,50,200,2026-04-07T08:01:35.058065
2026-04-06_09-19-27,6834,167.43038875232077,100,0,0.0993812745622713,8.06225774829855,50,200,2026-04-07T08:01:52.690455
2026-04-06_09-19-27,6835,70.53980573463832,63,0,0.035087648279505015,26.870057685088806,50,200,2026-04-07T08:02:05.315050
2026-04-06_09-19-27,6836,306.09652948481414,200,0,0.1513878188659973,3.605551275463989,50,200,2026-04-07T08:02:28.992048
2026-04-06_09-19-27,6837,428.1252300185395,192,1,0.3424657534246575,0.0,50,200,2026-04-07T08:02:54.642882
2026-04-06_09-19-27,6838,436.93856671531415,185,1,0.3508771929824561,0.0,50,200,2026-04-07T08:03:18.319235
2026-04-06_09-19-27,6839,336.9639733727859,200,0,0.22654091966098644,1.4142135623730951,50,200,2026-04-07T08:03:40.487528
2026-04-06_09-19-27,6840,-59.904808603240504,17,0,0.019851645319226625,49.20365840057018,50,200,2026-04-07T08:03:45.271228
2026-04-06_09-19-27,6841,426.93281578846404,138,1,0.42016806722689076,0.0,50,200,2026-04-07T08:04:48.048351
2026-04-06_09-19-27,6842,405.1793220196899,155,1,0.3921568627450981,0.0,50,200,2026-04-07T08:05:10.406026
2026-04-06_09-19-27,6843,93.46464444086655,75,0,0.052757501289815247,17.204650534085253,50,200,2026-04-07T08:05:25.528909
2026-04-06_09-19-27,6844,117.89283991255158,70,0,0.05069000148185386,18.027756377319946,50,200,2026-04-07T08:05:39.539529
2026-04-06_09-19-27,6845,335.58640329961156,200,0,0.1715728752538099,2.8284271247461903,50,200,2026-04-07T08:06:01.738066
2026-04-06_09-19-27,6846,423.7439508544672,105,1,0.48780487804878053,0.0,50,200,2026-04-07T08:06:21.188629
2026-04-06_09-19-27,6847,434.30848408490397,182,1,0.35460992907801414,0.0,50,200,2026-04-07T08:06:45.678269
2026-04-06_09-19-27,6848,62.368310424929945,65,0,0.038673593399060326,24.20743687382041,50,200,2026-04-07T08:06:58.603378
2026-04-06_09-19-27,6849,-29.198032665341955,33,0,0.023200135167626857,41.773197148410844,50,200,2026-04-07T08:07:07.147234
2026-04-06_09-19-27,6850,410.18828941181846,123,1,0.4484304932735426,0.0,50,200,2026-04-07T08:07:27.665759
2026-04-06_09-19-27,6851,335.1304387975328,200,0,0.19098300562505258,2.23606797749979,50,200,2026-04-07T08:07:52.327164
2026-04-06_09-19-27,6852,-31.21091146206348,22,0,0.020557679348804033,47.4236228055175,50,200,2026-04-07T08:07:58.029813
2026-04-06_09-19-27,6853,312.2311665124421,200,0,0.1715728752538099,2.8284271247461903,50,200,2026-04-07T08:08:18.570892
2026-04-06_09-19-27,6854,406.214446774443,158,1,0.38759689922480617,0.0,50,200,2026-04-07T08:08:38.475319
2026-04-06_09-19-27,6855,410.7173230637067,133,1,0.4291845493562232,0.0,50,200,2026-04-07T08:09:00.047416
2026-04-06_09-19-27,6856,88.60117200444324,63,0,0.050656584621818726,18.110770276274835,50,200,2026-04-07T08:09:15.019867
2026-04-06_09-19-27,6857,340.3604545346876,200,0,0.22654091966098644,1.4142135623730951,50,200,2026-04-07T08:09:37.779575
2026-04-06_09-19-27,6858,412.8780888686347,121,1,0.45248868778280543,0.0,50,200,2026-04-07T08:09:59.423681
2026-04-06_09-19-27,6859,-56.29531892536524,22,0,0.01917496774671611,50.93132631298737,50,200,2026-04-07T08:10:04.792320
2026-04-06_09-19-27,6860,-46.60285903598782,35,0,0.02157497303128371,45.0,50,200,2026-04-07T08:10:11.848949
2026-04-06_09-19-27,6861,296.21555462051623,200,0,0.14038820320220757,4.123105625617661,50,200,2026-04-07T08:10:38.291185
2026-04-06_09-19-27,6862,439.1345128400773,173,1,0.3663003663003663,0.0,50,200,2026-04-07T08:10:58.969023
2026-04-06_09-19-27,6863,-104.54582633758811,10,0,0.016925412196923013,57.982756057296896,50,200,2026-04-07T08:11:01.885334
2026-04-06_09-19-27,6864,-66.12319470747542,17,0,0.017978557979178963,54.45181356024793,50,200,2026-04-07T08:11:05.743600
2026-04-06_09-19-27,6865,-42.214300318669416,19,0,0.020286422422651464,48.104053883222775,50,200,2026-04-07T08:11:10.994902
2026-04-06_09-19-27,6866,315.9225379099624,200,0,0.1715728752538099,2.8284271247461903,50,200,2026-04-07T08:11:31.895683
2026-04-06_09-19-27,6867,424.624488387002,135,1,0.425531914893617,0.0,50,200,2026-04-07T08:11:53.999176
2026-04-06_09-19-27,6868,428.9844995368002,166,1,0.37593984962406013,0.0,50,200,2026-04-07T08:12:18.543437
2026-04-06_09-19-27,6869,426.11612862066266,167,1,0.37453183520599254,0.0,50,200,2026-04-07T08:12:41.535907
2026-04-06_09-19-27,6870,119.4990139357199,95,0,0.05005567097290591,18.027756377319946,50,200,2026-04-07T08:12:58.144866
2026-04-06_09-19-27,6871,56.05661485487494,74,0,0.03167276431640104,29.832867780352597,50,200,2026-04-07T08:13:09.656534
2026-04-06_09-19-27,6872,421.8124343547352,124,1,0.4464285714285714,0.0,50,200,2026-04-07T08:13:29.655508
2026-04-06_09-19-27,6873,288.65585654624147,200,0,0.1715728752538099,2.8284271247461903,50,200,2026-04-07T08:14:24.982765
2026-04-06_09-19-27,6874,90.92905839508767,63,0,0.042986148613321944,21.633307652783937,50,200,2026-04-07T08:14:39.014284
2026-04-06_09-19-27,6875,156.61642063773928,111,0,0.23009304161304925,2.23606797749979,50,200,2026-04-07T08:14:59.387095
2026-04-06_09-19-27,6876,405.02597124422977,116,1,0.4629629629629629,0.0,50,200,2026-04-07T08:15:21.015770
2026-04-06_09-19-27,6877,416.0812959274394,97,1,0.5076142131979695,0.0,50,200,2026-04-07T08:15:39.403924
2026-04-06_09-19-27,6878,-112.92070202640542,29,0,0.019402640015387745,50.24937810560445,50,200,2026-04-07T08:15:44.357550
2026-04-06_09-19-27,6879,16.351080421958798,40,0,0.025612746247058334,37.64306044943742,50,200,2026-04-07T08:15:52.571528
2026-04-06_09-19-27,6880,419.1185831157914,127,1,0.44052863436123346,0.0,50,200,2026-04-07T08:16:14.627938
2026-04-06_09-19-27,6881,-70.6389211602659,14,0,0.018215360867074495,53.75872022286245,50,200,2026-04-07T08:16:18.495088
2026-04-06_09-19-27,6882,45.90550052019802,57,0,0.029774646549702053,32.01562118716424,50,200,2026-04-07T08:16:28.856909
2026-04-06_09-19-27,6883,429.814168174665,152,1,0.3968253968253968,0.0,50,200,2026-04-07T08:16:50.449634
2026-04-06_09-19-27,6884,423.30870903204647,139,1,0.41841004184100417,0.0,50,200,2026-04-07T08:17:12.926130
2026-04-06_09-19-27,6885,21.677198574028225,57,0,0.026336200412679096,36.40054944640259,50,200,2026-04-07T08:17:23.403050
2026-04-06_09-19-27,6886,441.66318586875775,194,1,0.3401360544217687,0.0,50,200,2026-04-07T08:17:45.762090
2026-04-06_09-19-27,6887,-89.30743166125158,7,0,0.017328256906283413,56.639209034025185,50,200,2026-04-07T08:17:48.469452
2026-04-06_09-19-27,6888,435.7582181614312,192,1,0.3424657534246575,0.0,50,200,2026-04-07T08:18:12.018191
2026-04-06_09-19-27,6889,328.35073272495015,200,0,0.19098300562505258,2.23606797749979,50,200,2026-04-07T08:18:33.799824
2026-04-06_09-19-27,6890,302.04322497596036,200,0,0.1715728752538099,2.8284271247461903,50,200,2026-04-07T08:18:55.230196
2026-04-06_09-19-27,6891,406.3345130802509,144,1,0.4098360655737705,0.0,50,200,2026-04-07T08:19:16.628765
2026-04-06_09-19-27,6892,111.89392519415867,77,0,0.05051077409688641,18.027756377319946,50,200,2026-04-07T08:19:31.494197
2026-04-06_09-19-27,6893,410.64987278238095,100,1,0.5,0.0,50,200,2026-04-07T08:19:51.087084
2026-04-06_09-19-27,6894,83.96033965431891,61,0,0.040598043499998154,23.021728866442675,50,200,2026-04-07T08:20:04.064231
2026-04-06_09-19-27,6895,-46.345840471343365,21,0,0.02119659899613585,45.967379738244816,50,200,2026-04-07T08:20:09.704855
2026-04-06_09-19-27,6896,339.71715798048655,200,0,0.25,1.0,50,200,2026-04-07T08:20:32.651458
2026-04-06_09-19-27,6897,-35.4487943493762,31,0,0.020275579374575237,48.010415536631214,50,200,2026-04-07T08:20:38.963501
2026-04-06_09-19-27,6898,438.3281027893674,184,1,0.35211267605633806,0.0,50,200,2026-04-07T08:21:01.333143
2026-04-06_09-19-27,6899,146.15082381433638,95,0,0.09179135680303369,8.94427190999916,50,200,2026-04-07T08:21:18.525540
2026-04-06_09-19-27,6900,-76.41756349860663,27,0,0.01973302117902587,49.4064773081425,50,200,2026-04-07T08:21:24.592709
2026-04-06_09-19-27,6901,421.8208953922842,122,1,0.4504504504504505,0.0,50,200,2026-04-07T08:21:45.286961
2026-04-06_09-19-27,6902,400.39766926482355,119,1,0.4566210045662101,0.0,50,200,2026-04-07T08:22:07.899715
2026-04-06_09-19-27,6903,-12.23270122409464,42,0,0.022794635769782707,42.44997055358225,50,200,2026-04-07T08:22:16.149452
2026-04-06_09-19-27,6904,273.29908412009195,200,0,0.1715728752538099,2.8284271247461903,50,200,2026-04-07T08:22:37.707739
2026-04-06_09-19-27,6905,425.6361037813708,167,1,0.37453183520599254,0.0,50,200,2026-04-07T08:23:32.842005
2026-04-06_09-19-27,6906,421.1282037117436,141,1,0.41493775933609955,0.0,50,200,2026-04-07T08:23:55.599150
2026-04-06_09-19-27,6907,-6.688639309305344,36,0,0.023386078167530668,41.400483088968905,50,200,2026-04-07T08:24:04.468028
2026-04-06_09-19-27,6908,423.21437488073934,158,1,0.38759689922480617,0.0,50,200,2026-04-07T08:24:25.903812
2026-04-06_09-19-27,6909,425.74970545211795,170,1,0.37037037037037035,0.0,50,200,2026-04-07T08:24:50.584830
2026-04-06_09-19-27,6910,-51.19407598991676,34,0,0.01910942616213253,50.99019513592785,50,200,2026-04-07T08:24:57.270065
2026-04-06_09-19-27,6911,415.7270801485238,178,1,0.3597122302158273,0.0,50,200,2026-04-07T08:25:20.488138
2026-04-06_09-19-27,6912,314.4558336327511,200,0,0.19098300562505258,2.23606797749979,50,200,2026-04-07T08:25:46.341502
2026-04-06_09-19-27,6913,-51.917772201430054,26,0,0.02025765554761027,48.104053883222775,50,200,2026-04-07T08:25:52.392592
2026-04-06_09-19-27,6914,420.8810162332667,174,1,0.36496350364963503,0.0,50,200,2026-04-07T08:26:14.835095
2026-04-06_09-19-27,6915,328.74774583501573,200,0,0.2,2.0,50,200,2026-04-07T08:26:38.687243
2026-04-06_09-19-27,6916,421.0059223261175,180,1,0.35714285714285715,0.0,50,200,2026-04-07T08:27:03.969296
2026-04-06_09-19-27,6917,-50.01454859122315,29,0,0.0191492646894206,50.93132631298737,50,200,2026-04-07T08:27:10.013474
2026-04-06_09-19-27,6918,406.9256164554978,135,1,0.425531914893617,0.0,50,200,2026-04-07T08:27:32.789233
2026-04-06_09-19-27,6919,98.37627029330181,73,0,0.042887102908190616,21.587033144922902,50,200,2026-04-07T08:27:48.667533
2026-04-06_09-19-27,6920,77.2493447139035,88,0,0.03762485138556406,24.698178070456937,50,200,2026-04-07T08:28:04.821058
2026-04-06_09-19-27,6921,87.11410365267764,95,0,0.0847539665956287,9.848857801796104,50,200,2026-04-07T08:28:21.801449
2026-04-06_09-19-27,6922,430.45752929703957,186,1,0.34965034965034963,0.0,50,200,2026-04-07T08:28:46.426530
2026-04-06_09-19-27,6923,428.0610237545915,155,1,0.3921568627450981,0.0,50,200,2026-04-07T08:29:09.429643
2026-04-06_09-19-27,6924,236.35380110441798,200,0,0.19098300562505258,2.23606797749979,50,200,2026-04-07T08:29:32.027766
2026-04-06_09-19-27,6925,414.8245195182024,109,1,0.47846889952153115,0.0,50,200,2026-04-07T08:29:52.637590
2026-04-06_09-19-27,6926,415.7401532181258,135,1,0.425531914893617,0.0,50,200,2026-04-07T08:30:15.115947
2026-04-06_09-19-27,6927,-41.43643475072426,24,0,0.019824097452628392,49.20365840057018,50,200,2026-04-07T08:30:20.995814
2026-04-06_09-19-27,6928,422.59526849254786,173,1,0.3663003663003663,0.0,50,200,2026-04-07T08:30:45.991520
2026-04-06_09-19-27,6929,-14.361627923005784,35,0,0.022134072539732385,43.829214001622255,50,200,2026-04-07T08:30:53.787706
2026-04-06_09-19-27,6930,421.61069496986767,188,1,0.3472222222222222,0.0,50,200,2026-04-07T08:31:14.603327
2026-04-06_09-19-27,6931,423.3149088585479,167,1,0.37453183520599254,0.0,50,200,2026-04-07T08:31:37.675660
2026-04-06_09-19-27,6932,-42.440525552041095,49,0,0.019886451703675236,48.79549159502341,50,200,2026-04-07T08:31:44.895693
2026-04-06_09-19-27,6933,420.0356585795988,139,1,0.41841004184100417,0.0,50,200,2026-04-07T08:32:05.646819
2026-04-06_09-19-27,6934,420.02972372109235,196,1,0.33783783783783783,0.0,50,200,2026-04-07T08:32:32.621466
2026-04-06_09-19-27,6935,38.04382757561608,54,0,0.029801266214750387,32.01562118716424,50,200,2026-04-07T08:32:43.882640
2026-04-06_09-19-27,6936,323.69085756135956,200,0,0.22654091966098644,1.4142135623730951,50,200,2026-04-07T08:33:10.084954
2026-04-06_09-19-27,6937,326.8396139359003,200,0,0.1715728752538099,2.8284271247461903,50,200,2026-04-07T08:34:14.484165
2026-04-06_09-19-27,6938,-14.498635647417714,45,0,0.023536849931322434,41.036569057366385,50,200,2026-04-07T08:34:23.153298
2026-04-06_09-19-27,6939,329.5359658386606,200,0,0.19098300562505258,2.23606797749979,50,200,2026-04-07T08:34:47.651641
2026-04-06_09-19-27,6940,-71.98663557767604,11,0,0.018206812431592476,53.81449618829484,50,200,2026-04-07T08:34:51.322477
2026-04-06_09-19-27,6941,429.85530774271956,156,1,0.390625,0.0,50,200,2026-04-07T08:35:13.986433
2026-04-06_09-19-27,6942,429.97991371825987,178,1,0.3597122302158273,0.0,50,200,2026-04-07T08:35:37.706422
2026-04-06_09-19-27,6943,310.55522160572974,200,0,0.1715728752538099,2.8284271247461903,50,200,2026-04-07T08:36:02.301793
2026-04-06_09-19-27,6944,426.40517787424164,158,1,0.38759689922480617,0.0,50,200,2026-04-07T08:36:24.781919
2026-04-06_09-19-27,6945,423.1426813505269,158,1,0.38759689922480617,0.0,50,200,2026-04-07T08:36:49.725293
2026-04-06_09-19-27,6946,-27.866856185375667,23,0,0.020867908797676613,46.69047011971501,50,200,2026-04-07T08:36:55.485657
2026-04-06_09-19-27,6947,-2.357729613138872,40,0,0.02352409278345829,41.10960958218893,50,200,2026-04-07T08:37:03.464695
2026-04-06_09-19-27,6948,52.963058503748485,95,0,0.03635852676321347,25.553864678361276,50,200,2026-04-07T08:37:19.780008
2026-04-06_09-19-27,6949,421.1955069320956,183,1,0.35335689045936397,0.0,50,200,2026-04-07T08:37:43.160922
2026-04-06_09-19-27,6950,420.86685295612176,163,1,0.3802281368821293,0.0,50,200,2026-04-07T08:38:06.764274
2026-04-06_09-19-27,6951,419.9164164958713,111,1,0.4739336492890995,0.0,50,200,2026-04-07T08:38:28.055560
2026-04-06_09-19-27,6952,139.0173298749263,90,0,0.06694155183848366,13.038404810405298,50,200,2026-04-07T08:38:45.764702
2026-04-06_09-19-27,6953,422.3683689053883,120,1,0.45454545454545453,0.0,50,200,2026-04-07T08:39:06.662284
2026-04-06_09-19-27,6954,429.39378716332493,185,1,0.3508771929824561,0.0,50,200,2026-04-07T08:39:31.458472
2026-04-06_09-19-27,6955,330.85610846840007,200,0,0.1715728752538099,2.8284271247461903,50,200,2026-04-07T08:39:54.036208
2026-04-06_09-19-27,6956,-115.51667570686914,6,0,0.016348354475417506,60.108235708594876,50,200,2026-04-07T08:39:56.006849
2026-04-06_09-19-27,6957,12.035753540354179,43,0,0.025094892934389313,38.41874542459709,50,200,2026-04-07T08:40:05.110337
2026-04-06_09-19-27,6958,-106.29737149605427,1,0,0.0156380783423265,62.93647591023825,50,200,2026-04-07T08:40:06.415703
2026-04-06_09-19-27,6959,-60.972333929855886,42,0,0.019631834928429636,49.51767361255979,50,200,2026-04-07T08:40:13.137977
2026-04-06_09-19-27,6960,419.5627863884976,164,1,0.3787878787878788,0.0,50,200,2026-04-07T08:40:37.450159
2026-04-06_09-19-27,6961,405.3718475638557,198,1,0.33557046979865773,0.0,50,200,2026-04-07T08:40:59.827443
2026-04-06_09-19-27,6962,434.6114220507471,200,1,0.3333333333333333,0.0,50,200,2026-04-07T08:41:24.273853
2026-04-06_09-19-27,6963,85.76849916197823,103,0,0.039917404716108086,23.021728866442675,50,200,2026-04-07T08:41:41.746373
2026-04-06_09-19-27,6964,361.57301672544986,90,1,0.5263157894736842,0.0,50,200,2026-04-07T08:42:01.421931
2026-04-06_09-19-27,6965,-53.186245733580094,25,0,0.019432734823758388,50.20956084253277,50,200,2026-04-07T08:42:07.121467
2026-04-06_09-19-27,6966,441.3435205348132,200,1,0.3333333333333333,0.0,50,200,2026-04-07T08:42:28.662652
2026-04-06_09-19-27,6967,-91.60519929452646,5,0,0.01693480101608806,58.0,50,200,2026-04-07T08:42:30.935011
2026-04-06_09-19-27,6968,-25.74013649092015,39,0,0.02438237879387614,39.6232255123179,50,200,2026-04-07T08:42:39.694586
2026-04-06_09-19-27,6969,418.3937123459341,132,1,0.43103448275862066,0.0,50,200,2026-04-07T08:43:35.738953
2026-04-06_09-19-27,6970,-111.31491628879442,20,0,0.01709985911722266,57.28001396647874,50,200,2026-04-07T08:43:39.755440
2026-04-06_09-19-27,6971,-14.614646922945951,34,0,0.02213338352602772,43.840620433565945,50,200,2026-04-07T08:43:47.391636
2026-04-06_09-19-27,6972,59.25481642077355,72,0,0.03212244320889559,29.410882339705484,50,200,2026-04-07T08:43:59.663601
2026-04-06_09-19-27,6973,319.47578334672437,200,0,0.13383054136359812,4.47213595499958,50,200,2026-04-07T08:44:21.485414
2026-04-06_09-19-27,6974,86.00862700685828,78,0,0.04717762714266958,19.4164878389476,50,200,2026-04-07T08:44:37.478119
2026-04-06_09-19-27,6975,119.87979512720602,107,0,0.058468261198145306,15.033296378372908,50,200,2026-04-07T08:44:56.362620
2026-04-06_09-19-27,6976,-8.84601376125832,46,0,0.02277998231991061,42.43819034784589,50,200,2026-04-07T08:45:05.525639
2026-04-06_09-19-27,6977,-66.58503977625423,11,0,0.01846799745622833,53.03772242470448,50,200,2026-04-07T08:45:08.960794
2026-04-06_09-19-27,6978,-32.28909796949824,29,0,0.021102512459976037,46.09772228646444,50,200,2026-04-07T08:45:15.143169
2026-04-06_09-19-27,6979,305.17075132487895,200,0,0.13383054136359812,4.47213595499958,50,200,2026-04-07T08:45:39.846582
2026-04-06_09-19-27,6980,429.14197004637,129,1,0.4366812227074236,0.0,50,200,2026-04-07T08:46:00.311578
2026-04-06_09-19-27,6981,420.22526595232233,151,1,0.39840637450199207,0.0,50,200,2026-04-07T08:46:23.324636
2026-04-06_09-19-27,6982,426.8418068086183,180,1,0.35714285714285715,0.0,50,200,2026-04-07T08:46:46.663623
2026-04-06_09-19-27,6983,287.05041513964414,200,0,0.22654091966098644,1.4142135623730951,50,200,2026-04-07T08:47:10.034940
2026-04-06_09-19-27,6984,395.11612986336434,160,1,0.3846153846153846,0.0,50,200,2026-04-07T08:47:32.711859
2026-04-06_09-19-27,6985,322.7104642688943,200,0,0.125,5.0,50,200,2026-04-07T08:47:56.574757
2026-04-06_09-19-27,6986,426.8602122248502,185,1,0.3508771929824561,0.0,50,200,2026-04-07T08:48:19.845390
2026-04-06_09-19-27,6987,143.91777661804903,90,0,0.11235955056179775,7.0,50,200,2026-04-07T08:48:38.832249
2026-04-06_09-19-27,6988,-101.57488604069633,4,0,0.01634481016358654,60.14149981501958,50,200,2026-04-07T08:48:40.821698
2026-04-06_09-19-27,6989,-110.41715296177011,29,0,0.018333785992964837,53.25410782277739,50,200,2026-04-07T08:48:46.708433
2026-04-06_09-19-27,6990,6.210122817633433,50,0,0.024317158674736338,39.6232255123179,50,200,2026-04-07T08:48:56.172329
2026-04-06_09-19-27,6991,-90.4196970535888,11,0,0.016527021701561364,59.39696961966999,50,200,2026-04-07T08:48:58.255960
2026-04-06_09-19-27,6992,415.9241726277642,109,1,0.47846889952153115,0.0,50,200,2026-04-07T08:49:18.934995
2026-04-06_09-19-27,6993,-70.95585430479122,18,0,0.018662882820223773,52.40229002629561,50,200,2026-04-07T08:49:23.494364
2026-04-06_09-19-27,6994,309.67739531399786,200,0,0.08891883476670036,8.246211251235321,50,200,2026-04-07T08:49:44.269696
2026-04-06_09-19-27,6995,416.76994254002005,125,1,0.4444444444444444,0.0,50,200,2026-04-07T08:50:05.849639
2026-04-06_09-19-27,6996,327.36837483362496,200,0,0.1715728752538099,2.8284271247461903,50,200,2026-04-07T08:50:29.018488
2026-04-06_09-19-27,6997,-29.871545102584847,25,0,0.020785052231125256,46.861498055439924,50,200,2026-04-07T08:50:35.284579
2026-04-06_09-19-27,6998,425.3813076957408,190,1,0.3448275862068965,0.0,50,200,2026-04-07T08:50:59.226148
2026-04-06_09-19-27,6999,-34.01962502423385,37,0,0.02177542020457073,44.553338819890925,50,200,2026-04-07T08:51:06.519621
2026-04-06_09-19-27,7000,439.0199468589745,189,1,0.3460207612456747,0.0,50,200,2026-04-07T08:51:30.480150
2026-04-06_09-19-27,7001,-71.15917590081912,10,0,0.01800121248814792,54.45181356024793,50,200,2026-04-07T08:52:25.803269
2026-04-06_09-19-27,7002,343.34524189117906,200,0,0.19098300562505258,2.23606797749979,50,200,2026-04-07T08:52:45.021802
2026-04-06_09-19-27,7003,27.86170786659966,35,0,0.03358483808727456,28.42534080710379,50,200,2026-04-07T08:52:54.381223
2026-04-06_09-19-27,7004,419.47867397937597,96,1,0.5102040816326531,0.0,50,200,2026-04-07T08:53:13.709846
2026-04-06_09-19-27,7005,419.55497917439874,111,1,0.4739336492890995,0.0,50,200,2026-04-07T08:53:33.444983
2026-04-06_09-19-27,7006,426.5089052394944,112,1,0.4716981132075471,0.0,50,200,2026-04-07T08:53:52.768433
2026-04-06_09-19-27,7007,49.504773552031025,51,0,0.03219930244546876,29.546573405388315,50,200,2026-04-07T08:54:04.586151
2026-04-06_09-19-27,7008,421.54616198522854,111,1,0.4739336492890995,0.0,50,200,2026-04-07T08:54:24.461739
2026-04-06_09-19-27,7009,325.3604931807066,200,0,0.16227766016837933,3.1622776601683795,50,200,2026-04-07T08:54:46.881610
2026-04-06_09-19-27,7010,179.9944181888206,181,0,0.09044689697732294,8.246211251235321,50,200,2026-04-07T08:55:08.170254
2026-04-06_09-19-27,7011,152.16475006292447,89,0,0.11159384361268708,7.0710678118654755,50,200,2026-04-07T08:55:26.246722
2026-04-06_09-19-27,7012,424.1795424928335,126,1,0.4424778761061947,0.0,50,200,2026-04-07T08:55:45.064187
2026-04-06_09-19-27,7013,97.53347227156362,55,0,0.05002729260313176,18.439088914585774,50,200,2026-04-07T08:55:57.533212
2026-04-06_09-19-27,7014,395.67131499091863,148,1,0.40322580645161293,0.0,50,200,2026-04-07T08:56:18.417408
2026-04-06_09-19-27,7015,-108.11098005009941,3,0,0.016356376470631765,60.108235708594876,50,200,2026-04-07T08:56:20.192648
2026-04-06_09-19-27,7016,71.63386197371712,67,0,0.04492108655724884,20.591260281974,50,200,2026-04-07T08:56:34.038191
2026-04-06_09-19-27,7017,428.20918059164023,120,1,0.45454545454545453,0.0,50,200,2026-04-07T08:56:53.687265
2026-04-06_09-19-27,7018,419.38402278946984,97,1,0.5076142131979695,0.0,50,200,2026-04-07T08:57:13.319466
2026-04-06_09-19-27,7019,419.20540056282744,98,1,0.5050505050505051,0.0,50,200,2026-04-07T08:57:32.299311
2026-04-06_09-19-27,7020,323.8967743406507,200,0,0.19098300562505258,2.23606797749979,50,200,2026-04-07T08:57:54.286297
2026-04-06_09-19-27,7021,327.4390221042766,200,0,0.2,2.0,50,200,2026-04-07T08:58:17.074943
2026-04-06_09-19-27,7022,199.68108181654043,159,0,0.20720802207143044,2.23606797749979,50,200,2026-04-07T08:58:39.589664
2026-04-06_09-19-27,7023,448.1739658000193,188,1,0.3472222222222222,0.0,50,200,2026-04-07T08:58:56.176092
2026-04-06_09-19-27,7024,419.72501420328007,113,1,0.4694835680751174,0.0,50,200,2026-04-07T08:59:15.569574
2026-04-06_09-19-27,7025,327.5262565522957,200,0,0.1715728752538099,2.8284271247461903,50,200,2026-04-07T08:59:37.760613
2026-04-06_09-19-27,7026,-68.87169308145658,10,0,0.017776409726600887,55.154328932550705,50,200,2026-04-07T08:59:41.124045
2026-04-06_09-19-27,7027,10.10892835972298,29,0,0.024788523909620507,39.05124837953327,50,200,2026-04-07T08:59:48.432662
2026-04-06_09-19-27,7028,427.4817644091029,144,1,0.4098360655737705,0.0,50,200,2026-04-07T09:00:09.585368
2026-04-06_09-19-27,7029,429.1918019974854,184,1,0.35211267605633806,0.0,50,200,2026-04-07T09:00:30.372140
2026-04-06_09-19-27,7030,330.36009906258147,200,0,0.16227766016837933,3.1622776601683795,50,200,2026-04-07T09:00:51.656046
2026-04-06_09-19-27,7031,-41.35401852141722,20,0,0.02058399639944041,47.38143096192854,50,200,2026-04-07T09:00:57.137059
2026-04-06_09-19-27,7032,430.79388347103895,152,1,0.3968253968253968,0.0,50,200,2026-04-07T09:01:18.008552
2026-04-06_09-19-27,7033,417.5354513136093,149,1,0.4016064257028112,0.0,50,200,2026-04-07T09:02:17.730962
2026-04-06_09-19-27,7034,312.6647856533382,200,0,0.11925824035672519,5.385164807134504,50,200,2026-04-07T09:02:39.168852
2026-04-06_09-19-27,7035,417.33632381963236,186,1,0.34965034965034963,0.0,50,200,2026-04-07T09:03:04.819418
2026-04-06_09-19-27,7036,-5.410752609176086,35,0,0.023061718445930718,42.01190307520001,50,200,2026-04-07T09:03:12.593266
2026-04-06_09-19-27,7037,-26.62484498402243,28,0,0.02138293642591438,45.48626166217664,50,200,2026-04-07T09:03:19.757022
2026-04-06_09-19-27,7038,-51.19040999593957,21,0,0.019596440764402805,49.8196748283246,50,200,2026-04-07T09:03:25.111606
2026-04-06_09-19-27,7039,8.186133748789246,38,0,0.028217681452077703,34.058772731852805,50,200,2026-04-07T09:03:34.283720
2026-04-06_09-19-27,7040,135.88877553825205,119,0,0.06868454120878724,12.36931687685298,50,200,2026-04-07T09:03:54.393847
2026-04-06_09-19-27,7041,33.68880200131031,104,0,0.037920370838640145,24.331050121192877,50,200,2026-04-07T09:04:11.767492
2026-04-06_09-19-27,7042,124.33327467785102,121,0,0.05373103045616233,16.401219466856727,50,200,2026-04-07T09:04:29.578200
2026-04-06_09-19-27,7043,427.9640366155149,131,1,0.4329004329004329,0.0,50,200,2026-04-07T09:04:50.562231
2026-04-06_09-19-27,7044,107.38735772343716,72,0,0.05766846615610463,15.620499351813308,50,200,2026-04-07T09:05:05.168209
2026-04-06_09-19-27,7045,94.16681970214431,145,0,0.041168646686747926,21.840329667841555,50,200,2026-04-07T09:05:23.660941
2026-04-06_09-19-27,7046,306.6167065407044,200,0,0.19098300562505258,2.23606797749979,50,200,2026-04-07T09:05:47.453157
2026-04-06_09-19-27,7047,-104.01196013093214,6,0,0.016936878743085255,57.982756057296896,50,200,2026-04-07T09:05:49.932330
2026-04-06_09-19-27,7048,-68.58544307896163,9,0,0.017773841654995133,55.17245689653489,50,200,2026-04-07T09:05:53.093000
2026-04-06_09-19-27,7049,418.9026987690059,148,1,0.40322580645161293,0.0,50,200,2026-04-07T09:06:16.269538
2026-04-06_09-19-27,7050,414.556526265197,147,1,0.40485829959514175,0.0,50,200,2026-04-07T09:06:38.726217
2026-04-06_09-19-27,7051,312.0537966814684,200,0,0.10724372001086317,6.324555320336759,50,200,2026-04-07T09:07:02.847166
2026-04-06_09-19-27,7052,425.0868809992603,163,1,0.3802281368821293,0.0,50,200,2026-04-07T09:07:27.548778
2026-04-06_09-19-27,7053,421.2547084947493,118,1,0.4587155963302753,0.0,50,200,2026-04-07T09:07:48.130831
2026-04-06_09-19-27,7054,277.8962565968146,200,0,0.1,7.0,50,200,2026-04-07T09:08:13.617235
2026-04-06_09-19-27,7055,419.71030940520444,125,1,0.4444444444444444,0.0,50,200,2026-04-07T09:08:35.109707
2026-04-06_09-19-27,7056,-49.03048336056921,17,0,0.019705124234958255,49.57822102496216,50,200,2026-04-07T09:08:39.703162
2026-04-06_09-19-27,7057,-5.598693851668131,36,0,0.02358681426902516,41.036569057366385,50,200,2026-04-07T09:08:47.577431
2026-04-06_09-19-27,7058,-98.29579410959347,8,0,0.01691140253849284,58.05170109479997,50,200,2026-04-07T09:08:50.173137
2026-04-06_09-19-27,7059,164.7023593022348,140,0,0.09794079789838259,7.810249675906654,50,200,2026-04-07T09:09:10.888978
2026-04-06_09-19-27,7060,151.1515372441842,124,0,0.22341036933013086,2.23606797749979,50,200,2026-04-07T09:09:31.944796
2026-04-06_09-19-27,7061,387.9198366818388,199,1,0.33444816053511706,0.0,50,200,2026-04-07T09:09:56.772003
2026-04-06_09-19-27,7062,-64.02385584593162,37,0,0.022638842774054597,42.80186911806539,50,200,2026-04-07T09:10:05.010402
2026-04-06_09-19-27,7063,-106.06364559063587,1,0,0.0156380783423265,62.93647591023825,50,200,2026-04-07T09:10:06.347346
2026-04-06_09-19-27,7064,309.4915554727161,200,0,0.1513878188659973,3.605551275463989,50,200,2026-04-07T09:10:31.470598
2026-04-06_09-19-27,7065,93.23939349381925,84,0,0.0413211533435154,22.360679774997898,50,200,2026-04-07T09:11:18.697226
2026-04-06_09-19-27,7066,-22.50378118659269,30,0,0.0240319401355827,40.311288741492746,50,200,2026-04-07T09:11:26.035431
2026-04-06_09-19-27,7067,109.90594501871819,100,0,0.06649641452051383,13.038404810405298,50,200,2026-04-07T09:11:43.792582
2026-04-06_09-19-27,7068,170.36928344292483,137,0,0.2642556989761688,1.4142135623730951,50,200,2026-04-07T09:12:05.117849
2026-04-06_09-19-27,7069,-93.06532433830014,5,0,0.016351027599369825,60.108235708594876,50,200,2026-04-07T09:12:07.326541
2026-04-06_09-19-27,7070,-78.98566652511408,9,0,0.017132084302297564,57.28001396647874,50,200,2026-04-07T09:12:09.813014
2026-04-06_09-19-27,7071,18.781612145166477,67,0,0.029047240033595618,32.7566787083184,50,200,2026-04-07T09:12:21.738597
2026-04-06_09-19-27,7072,324.4537934052902,200,0,0.19098300562505258,2.23606797749979,50,200,2026-04-07T09:12:45.039951
2026-04-06_09-19-27,7073,93.11430606124479,86,0,0.051748452932253795,17.46424919657298,50,200,2026-04-07T09:13:01.632139
2026-04-06_09-19-27,7074,-84.03302933673741,35,0,0.018795025133195215,51.85556864985669,50,200,2026-04-07T09:13:07.934011
2026-04-06_09-19-27,7075,41.48103124624426,54,0,0.028863451895080355,33.1058907144937,50,200,2026-04-07T09:13:20.331772
2026-04-06_09-19-27,7076,422.60116927926487,169,1,0.3717472118959108,0.0,50,200,2026-04-07T09:13:43.619284
2026-04-06_09-19-27,7077,432.8084301611898,174,1,0.36496350364963503,0.0,50,200,2026-04-07T09:14:04.725394
2026-04-06_09-19-27,7078,423.71505804795515,156,1,0.390625,0.0,50,200,2026-04-07T09:14:27.498651
2026-04-06_09-19-27,7079,68.1571249231746,80,0,0.049542287940166796,18.384776310850235,50,200,2026-04-07T09:14:42.011219
2026-04-06_09-19-27,7080,423.2333529913792,174,1,0.36496350364963503,0.0,50,200,2026-04-07T09:15:03.562331
2026-04-06_09-19-27,7081,427.16468398386723,145,1,0.4081632653061224,0.0,50,200,2026-04-07T09:15:26.866061
2026-04-06_09-19-27,7082,421.5287296642078,123,1,0.4484304932735426,0.0,50,200,2026-04-07T09:15:48.376156
2026-04-06_09-19-27,7083,314.0599296171324,200,0,0.19098300562505258,2.23606797749979,50,200,2026-04-07T09:16:12.699024
2026-04-06_09-19-27,7084,319.16466294240604,200,0,0.13383054136359812,4.47213595499958,50,200,2026-04-07T09:16:37.809729
2026-04-06_09-19-27,7085,329.6388736095863,200,0,0.19098300562505258,2.23606797749979,50,200,2026-04-07T09:17:02.223506
2026-04-06_09-19-27,7086,130.42220512296032,140,0,0.1033046123895114,7.280109889280518,50,200,2026-04-07T09:17:25.007418
2026-04-06_09-19-27,7087,111.79980828217805,97,0,0.06803682832344642,12.727922061357855,50,200,2026-04-07T09:17:42.517079
2026-04-06_09-19-27,7088,405.6736870999927,137,1,0.42194092827004215,0.0,50,200,2026-04-07T09:18:00.857266
2026-04-06_09-19-27,7089,436.2477425079356,198,1,0.33557046979865773,0.0,50,200,2026-04-07T09:18:25.823203
2026-04-06_09-19-27,7090,28.011497927614343,61,0,0.03689342927073322,25.495097567963924,50,200,2026-04-07T09:18:39.040793
2026-04-06_09-19-27,7091,410.72788596453825,96,1,0.5102040816326531,0.0,50,200,2026-04-07T09:18:58.771512
2026-04-06_09-19-27,7092,337.51352640853065,200,0,0.22654091966098644,1.4142135623730951,50,200,2026-04-07T09:19:21.574584
2026-04-06_09-19-27,7093,321.4302502408912,200,0,0.1513878188659973,3.605551275463989,50,200,2026-04-07T09:19:43.575758
2026-04-06_09-19-27,7094,22.491058556807516,54,0,0.030154290517074085,31.622776601683793,50,200,2026-04-07T09:19:54.136142
2026-04-06_09-19-27,7095,326.6494220943587,200,0,0.19098300562505258,2.23606797749979,50,200,2026-04-07T09:20:14.966374
2026-04-06_09-19-27,7096,-79.45571265183372,24,0,0.018182241258484944,53.75872022286245,50,200,2026-04-07T09:20:19.806137
2026-04-06_09-19-27,7097,414.8934218676478,105,1,0.48780487804878053,0.0,50,200,2026-04-07T09:21:17.098167
2026-04-06_09-19-27,7098,107.31694403952929,64,0,0.04980305651585535,18.439088914585774,50,200,2026-04-07T09:21:30.531170
2026-04-06_09-19-27,7099,-25.070496492887557,29,0,0.022874707039542974,42.42640687119285,50,200,2026-04-07T09:21:37.725474
2026-04-06_09-19-27,7100,339.3175558849461,200,0,0.1715728752538099,2.8284271247461903,50,200,2026-04-07T09:21:58.629615
2026-04-06_09-19-27,7101,-95.83749682154479,6,0,0.016348354475417506,60.108235708594876,50,200,2026-04-07T09:22:00.797558
2026-04-06_09-19-27,7102,90.51016310949433,63,0,0.046665755404997115,19.79898987322333,50,200,2026-04-07T09:22:14.024231
2026-04-06_09-19-27,7103,126.75374263709553,59,0,0.05596340254366165,16.278820596099706,50,200,2026-04-07T09:22:27.424433
2026-04-06_09-19-27,7104,444.6876899043551,192,1,0.3424657534246575,0.0,50,200,2026-04-07T09:22:47.424077
2026-04-06_09-19-27,7105,335.51072228215884,200,0,0.1715728752538099,2.8284271247461903,50,200,2026-04-07T09:23:09.318738
2026-04-06_09-19-27,7106,-38.69077067804643,25,0,0.020859203038744518,46.69047011971501,50,200,2026-04-07T09:23:15.423203
2026-04-06_09-19-27,7107,39.52632989072332,64,0,0.030353664183863236,31.304951684997057,50,200,2026-04-07T09:23:27.354371
2026-04-06_09-19-27,7108,-55.283790386819604,14,0,0.01869682763153268,52.3450093132096,50,200,2026-04-07T09:23:31.206872
2026-04-06_09-19-27,7109,404.5521319501124,138,1,0.42016806722689076,0.0,50,200,2026-04-07T09:23:52.481347
2026-04-06_09-19-27,7110,439.1606192475327,198,1,0.33557046979865773,0.0,50,200,2026-04-07T09:24:15.292863
2026-04-06_09-19-27,7111,337.84787691674336,200,0,0.19098300562505258,2.23606797749979,50,200,2026-04-07T09:24:35.914445
2026-04-06_09-19-27,7112,135.71391019553624,80,0,0.06739268895661607,13.038404810405298,50,200,2026-04-07T09:24:51.361646
2026-04-06_09-19-27,7113,388.83671340481476,110,1,0.47619047619047616,0.0,50,200,2026-04-07T09:25:12.449705
2026-04-06_09-19-27,7114,429.9159773630996,146,1,0.4065040650406504,0.0,50,200,2026-04-07T09:25:34.144561
2026-04-06_09-19-27,7115,383.95556048041476,133,1,0.4291845493562232,0.0,50,200,2026-04-07T09:25:55.600973
2026-04-06_09-19-27,7116,338.8589614207104,200,0,0.1715728752538099,2.8284271247461903,50,200,2026-04-07T09:26:15.936362
2026-04-06_09-19-27,7117,336.6503391464169,200,0,0.19098300562505258,2.23606797749979,50,200,2026-04-07T09:26:37.054552
2026-04-06_09-19-27,7118,395.29927198834156,155,1,0.3921568627450981,0.0,50,200,2026-04-07T09:26:57.504047
2026-04-06_09-19-27,7119,55.402921033254984,41,0,0.03183699458771092,30.0,50,200,2026-04-07T09:27:07.928369
2026-04-06_09-19-27,7120,417.1098109306181,91,1,0.5235602094240838,0.0,50,200,2026-04-07T09:27:27.040984
2026-04-06_09-19-27,7121,0.2293076015681521,54,0,0.024698258786314115,38.948684188300895,50,200,2026-04-07T09:27:36.812443
2026-04-06_09-19-27,7122,-50.312396405212475,27,0,0.0202280190030255,48.16637831516918,50,200,2026-04-07T09:27:42.376611
2026-04-06_09-19-27,7123,303.5903204997951,200,0,0.1715728752538099,2.8284271247461903,50,200,2026-04-07T09:28:01.711606
2026-04-06_09-19-27,7124,419.09253484739645,188,1,0.3472222222222222,0.0,50,200,2026-04-07T09:28:22.411506
2026-04-06_09-19-27,7125,427.41527514424376,147,1,0.40485829959514175,0.0,50,200,2026-04-07T09:28:44.118575
2026-04-06_09-19-27,7126,427.87354114181034,141,1,0.41493775933609955,0.0,50,200,2026-04-07T09:29:03.506518
2026-04-06_09-19-27,7127,347.47320917224283,200,0,0.22654091966098644,1.4142135623730951,50,200,2026-04-07T09:29:24.109359
2026-04-06_09-19-27,7128,-48.70093049303104,18,0,0.01916803257865014,50.99019513592785,50,200,2026-04-07T09:29:28.628216
2026-04-06_09-19-27,7129,419.3480619061459,108,1,0.4807692307692307,0.0,50,200,2026-04-07T09:30:24.413788
2026-04-06_09-19-27,7130,419.87695104177266,107,1,0.48309178743961345,0.0,50,200,2026-04-07T09:30:45.349468
2026-04-06_09-19-27,7131,424.43783448101516,131,1,0.4329004329004329,0.0,50,200,2026-04-07T09:31:06.051517
2026-04-06_09-19-27,7132,428.2321354478415,168,1,0.373134328358209,0.0,50,200,2026-04-07T09:31:27.850809
2026-04-06_09-19-27,7133,-49.41840266203802,18,0,0.02026491171475897,48.16637831516918,50,200,2026-04-07T09:31:32.768440
2026-04-06_09-19-27,7134,-44.983279467534125,19,0,0.019440359444995847,50.24937810560445,50,200,2026-04-07T09:31:37.446857
2026-04-06_09-19-27,7135,124.89684499307636,79,0,0.07410316691856496,11.704699910719626,50,200,2026-04-07T09:31:54.176476
2026-04-06_09-19-27,7136,-48.107705780553424,19,0,0.019440359444995847,50.24937810560445,50,200,2026-04-07T09:31:59.196221
2026-04-06_09-19-27,7137,430.1950437499832,143,1,0.41152263374485604,0.0,50,200,2026-04-07T09:32:19.506620
2026-04-06_09-19-27,7138,-28.584974049573447,43,0,0.020907191894652156,46.400431032480725,50,200,2026-04-07T09:32:26.905760
2026-04-06_09-19-27,7139,436.1359635753245,172,1,0.36764705882352944,0.0,50,200,2026-04-07T09:32:47.676066
2026-04-06_09-19-27,7140,-55.09538191435582,14,0,0.01869682763153268,52.3450093132096,50,200,2026-04-07T09:32:51.708174
2026-04-06_09-19-27,7141,39.12873646660134,52,0,0.03204959312061013,29.68164415931166,50,200,2026-04-07T09:33:03.741819
2026-04-06_09-19-27,7142,325.9681873059458,200,0,0.1715728752538099,2.8284271247461903,50,200,2026-04-07T09:33:27.390542
2026-04-06_09-19-27,7143,406.5532021523077,128,1,0.43859649122807015,0.0,50,200,2026-04-07T09:33:48.244168
2026-04-06_09-19-27,7144,432.1715684424047,175,1,0.36363636363636365,0.0,50,200,2026-04-07T09:34:09.336680
2026-04-06_09-19-27,7145,418.2772559515098,106,1,0.4854368932038835,0.0,50,200,2026-04-07T09:34:27.025798
2026-04-06_09-19-27,7146,427.8767317200085,115,1,0.4651162790697674,0.0,50,200,2026-04-07T09:34:46.208493
2026-04-06_09-19-27,7147,335.90413430382426,200,0,0.1715728752538099,2.8284271247461903,50,200,2026-04-07T09:35:06.108503
2026-04-06_09-19-27,7148,400.58243903253174,177,1,0.36101083032490977,0.0,50,200,2026-04-07T09:35:27.801878
2026-04-06_09-19-27,7149,394.16864365552954,136,1,0.42372881355932196,0.0,50,200,2026-04-07T09:35:46.268298
2026-04-06_09-19-27,7150,414.6698070433341,101,1,0.49751243781094534,0.0,50,200,2026-04-07T09:36:06.497735
2026-04-06_09-19-27,7151,22.76559691896935,33,0,0.0294293743479485,32.64965543462902,50,200,2026-04-07T09:36:14.988144
2026-04-06_09-19-27,7152,442.89601651078345,192,1,0.3424657534246575,0.0,50,200,2026-04-07T09:36:34.703993
2026-04-06_09-19-27,7153,-3.161550249546778,29,0,0.0235177600945588,41.23105625617661,50,200,2026-04-07T09:36:41.872036
2026-04-06_09-19-27,7154,432.1979965478009,161,1,0.38314176245210724,0.0,50,200,2026-04-07T09:37:02.796926
2026-04-06_09-19-27,7155,-21.8637135198247,31,0,0.022988481321490888,42.190046219457976,50,200,2026-04-07T09:37:10.474117
2026-04-06_09-19-27,7156,433.2299544769353,157,1,0.3891050583657587,0.0,50,200,2026-04-07T09:37:33.344171
2026-04-06_09-19-27,7157,424.6446586119002,104,1,0.49019607843137253,0.0,50,200,2026-04-07T09:37:52.108843
2026-04-06_09-19-27,7158,423.32668321838787,131,1,0.4329004329004329,0.0,50,200,2026-04-07T09:38:13.396911
2026-04-06_09-19-27,7159,-66.71037664018633,18,0,0.0186297384039842,52.49761899362675,50,200,2026-04-07T09:38:18.093456
2026-04-06_09-19-27,7160,429.75627757485626,134,1,0.4273504273504274,0.0,50,200,2026-04-07T09:38:38.157838
2026-04-06_09-19-27,7161,436.55684192815386,167,1,0.37453183520599254,0.0,50,200,2026-04-07T09:39:29.887559
2026-04-06_09-19-27,7162,441.5280445402952,189,1,0.3460207612456747,0.0,50,200,2026-04-07T09:39:50.310971
2026-04-06_09-19-27,7163,430.2302739898159,172,1,0.36764705882352944,0.0,50,200,2026-04-07T09:40:12.497783
2026-04-06_09-19-27,7164,429.94609822758395,149,1,0.4016064257028112,0.0,50,200,2026-04-07T09:40:32.161703
2026-04-06_09-19-27,7165,269.1744098830124,200,0,0.1715728752538099,2.8284271247461903,50,200,2026-04-07T09:40:55.647714
2026-04-06_09-19-27,7166,439.0441388248095,171,1,0.36900369003690037,0.0,50,200,2026-04-07T09:41:16.636712
2026-04-06_09-19-27,7167,-82.93365968775016,10,0,0.01800121248814792,54.45181356024793,50,200,2026-04-07T09:41:19.822040
2026-04-06_09-19-27,7168,422.45569578305333,128,1,0.43859649122807015,0.0,50,200,2026-04-07T09:41:42.073450
2026-04-06_09-19-27,7169,425.57942258435685,146,1,0.4065040650406504,0.0,50,200,2026-04-07T09:42:04.596855
2026-04-06_09-19-27,7170,-0.48555642685674627,46,0,0.026606512013321443,36.124783736376884,50,200,2026-04-07T09:42:14.017665
2026-04-06_09-19-27,7171,62.888324486543056,58,0,0.03309544095775567,28.635642126552707,50,200,2026-04-07T09:42:26.607690
2026-04-06_09-19-27,7172,-7.7771224722898324,24,0,0.02279045864679373,42.638011210655684,50,200,2026-04-07T09:42:32.954569
2026-04-06_09-19-27,7173,319.90671940736047,200,0,0.19098300562505258,2.23606797749979,50,200,2026-04-07T09:42:53.480640
2026-04-06_09-19-27,7174,324.24339895437436,200,0,0.19098300562505258,2.23606797749979,50,200,2026-04-07T09:43:16.728843
2026-04-06_09-19-27,7175,395.2578112298043,134,1,0.4273504273504274,0.0,50,200,2026-04-07T09:43:37.677073
2026-04-06_09-19-27,7176,28.445796596058727,30,0,0.02895064875437486,33.24154027718932,50,200,2026-04-07T09:43:45.757303
2026-04-06_09-19-27,7177,401.92240889465364,141,1,0.41493775933609955,0.0,50,200,2026-04-07T09:44:07.554485
2026-04-06_09-19-27,7178,-6.28937121477837,30,0,0.022869475713971923,42.42640687119285,50,200,2026-04-07T09:44:15.131851
2026-04-06_09-19-27,7179,143.15470425821036,116,0,0.22747600926970601,2.23606797749979,50,200,2026-04-07T09:44:34.809824
2026-04-06_09-19-27,7180,408.1775161882284,131,1,0.4329004329004329,0.0,50,200,2026-04-07T09:44:57.330187
2026-04-06_09-19-27,7181,421.12094534757114,136,1,0.42372881355932196,0.0,50,200,2026-04-07T09:45:20.634316
2026-04-06_09-19-27,7182,-9.066675941170388,26,0,0.02269536041061861,42.80186911806539,50,200,2026-04-07T09:45:27.689197
2026-04-06_09-19-27,7183,301.23721411675587,200,0,0.13383054136359812,4.47213595499958,50,200,2026-04-07T09:45:47.480878
2026-04-06_09-19-27,7184,335.77329306124506,200,0,0.19098300562505258,2.23606797749979,50,200,2026-04-07T09:46:08.517347
2026-04-06_09-19-27,7185,-91.97577981048414,4,0,0.016740850295209303,58.69412236331676,50,200,2026-04-07T09:46:10.582332
2026-04-06_09-19-27,7186,419.6444022740311,128,1,0.43859649122807015,0.0,50,200,2026-04-07T09:46:33.689679
2026-04-06_09-19-27,7187,-4.530250502972322,30,0,0.02445108551081629,39.59797974644666,50,200,2026-04-07T09:46:41.249064
2026-04-06_09-19-27,7188,411.9050789533017,101,1,0.49751243781094534,0.0,50,200,2026-04-07T09:47:01.569229
2026-04-06_09-19-27,7189,124.83327144409776,85,0,0.05563432294958482,16.1245154965971,50,200,2026-04-07T09:47:18.442466
2026-04-06_09-19-27,7190,429.23014727764445,179,1,0.35842293906810035,0.0,50,200,2026-04-07T09:47:40.682482
2026-04-06_09-19-27,7191,136.71721435346268,127,0,0.2714283477518808,1.4142135623730951,50,200,2026-04-07T09:48:01.508475
2026-04-06_09-19-27,7192,422.13183011488076,132,1,0.43103448275862066,0.0,50,200,2026-04-07T09:48:22.277886
2026-04-06_09-19-27,7193,421.2522377555583,121,1,0.45248868778280543,0.0,50,200,2026-04-07T09:49:20.399981
2026-04-06_09-19-27,7194,407.2384111943034,175,1,0.36363636363636365,0.0,50,200,2026-04-07T09:49:40.062544
2026-04-06_09-19-27,7195,-110.183077280199,2,0,0.015465605116630277,63.63961030678928,50,200,2026-04-07T09:49:41.112364
2026-04-06_09-19-27,7196,-42.41814394951736,21,0,0.019713105860868958,49.51767361255979,50,200,2026-04-07T09:49:45.751062
2026-04-06_09-19-27,7197,410.62072510618697,128,1,0.43859649122807015,0.0,50,200,2026-04-07T09:50:06.109592
2026-04-06_09-19-27,7198,333.59120248806613,200,0,0.2,2.0,50,200,2026-04-07T09:50:28.616203
2026-04-06_09-19-27,7199,433.6239723423123,178,1,0.3597122302158273,0.0,50,200,2026-04-07T09:50:49.136209
2026-04-06_09-19-27,7200,425.07665798082473,117,1,0.4608294930875576,0.0,50,200,2026-04-07T09:51:08.756021
2026-04-06_09-19-27,7201,445.16038453545565,196,1,0.33783783783783783,0.0,50,200,2026-04-07T09:51:38.493369
2026-04-06_09-19-27,7202,-48.86810747320608,16,0,0.019139430312340035,51.088159097779204,50,200,2026-04-07T09:51:43.129554
2026-04-06_09-19-27,7203,433.0077168181912,149,1,0.4016064257028112,0.0,50,200,2026-04-07T09:52:03.023979
2026-04-06_09-19-27,7204,442.2758839541945,196,1,0.33783783783783783,0.0,50,200,2026-04-07T09:52:26.670463
2026-04-06_09-19-27,7205,339.07610108954174,200,0,0.1715728752538099,2.8284271247461903,50,200,2026-04-07T09:52:47.586328
2026-04-06_09-19-27,7206,441.27137282567816,167,1,0.37453183520599254,0.0,50,200,2026-04-07T09:53:07.761581
2026-04-06_09-19-27,7207,423.563411507309,122,1,0.4504504504504505,0.0,50,200,2026-04-07T09:53:28.482891
2026-04-06_09-19-27,7208,395.0918778753574,107,1,0.48309178743961345,0.0,50,200,2026-04-07T09:53:47.580235
2026-04-06_09-19-27,7209,430.6785503923633,155,1,0.3921568627450981,0.0,50,200,2026-04-07T09:54:10.558910
2026-04-06_09-19-27,7210,441.41672552582287,185,1,0.3508771929824561,0.0,50,200,2026-04-07T09:54:30.983503
2026-04-06_09-19-27,7211,-49.41967566983143,20,0,0.019716992692511013,49.51767361255979,50,200,2026-04-07T09:54:35.640885
2026-04-06_09-19-27,7212,-32.603135370264525,17,0,0.020894069730169097,46.69047011971501,50,200,2026-04-07T09:54:40.308801
2026-04-06_09-19-27,7213,422.5667690813632,150,1,0.4,0.0,50,200,2026-04-07T09:55:02.047819
2026-04-06_09-19-27,7214,9.312470400164912,38,0,0.028101520759922505,34.20526275297414,50,200,2026-04-07T09:55:11.076269
2026-04-06_09-19-27,7215,421.1760462120401,102,1,0.49504950495049505,0.0,50,200,2026-04-07T09:55:29.158327
2026-04-06_09-19-27,7216,424.50529177503597,103,1,0.4926108374384236,0.0,50,200,2026-04-07T09:55:47.861173
2026-04-06_09-19-27,7217,425.00277146971644,128,1,0.43859649122807015,0.0,50,200,2026-04-07T09:56:07.723653
2026-04-06_09-19-27,7218,-4.613911658239431,29,0,0.023093673233330083,42.01190307520001,50,200,2026-04-07T09:56:15.386274
2026-04-06_09-19-27,7219,27.835323103630998,49,0,0.0358541713208574,26.40075756488817,50,200,2026-04-07T09:56:26.584109
2026-04-06_09-19-27,7220,427.0473263874133,137,1,0.42194092827004215,0.0,50,200,2026-04-07T09:56:47.240255
2026-04-06_09-19-27,7221,329.4718370214376,200,0,0.14038820320220757,4.123105625617661,50,200,2026-04-07T09:57:11.473914
2026-04-06_09-19-27,7222,432.94428624446687,152,1,0.3968253968253968,0.0,50,200,2026-04-07T09:57:31.732850
2026-04-06_09-19-27,7223,439.2144733624911,165,1,0.3773584905660377,0.0,50,200,2026-04-07T09:57:51.805731
2026-04-06_09-19-27,7224,4.198039172042613,43,0,0.0326411625396222,29.206163733020468,50,200,2026-04-07T09:58:01.835592
2026-04-06_09-19-27,7225,292.1399909348642,200,0,0.08183611128016957,9.219544457292887,50,200,2026-04-07T09:59:03.225811
2026-04-06_09-19-27,7226,315.2660610441272,200,0,0.1513878188659973,3.605551275463989,50,200,2026-04-07T09:59:25.487463
2026-04-06_09-19-27,7227,21.2302821063536,46,0,0.027141747103861708,35.38361202590826,50,200,2026-04-07T09:59:34.539836
2026-04-06_09-19-27,7228,21.92770455243894,45,0,0.02641969574090403,36.40054944640259,50,200,2026-04-07T09:59:43.839719
2026-04-06_09-19-27,7229,87.58809749412015,61,0,0.04247779394834682,21.93171219946131,50,200,2026-04-07T09:59:57.005612
2026-04-06_09-19-27,7230,328.2255955578742,200,0,0.19098300562505258,2.23606797749979,50,200,2026-04-07T10:00:21.074867
2026-04-06_09-19-27,7231,108.38403124675894,80,0,0.04713315453485552,19.4164878389476,50,200,2026-04-07T10:00:36.689105
2026-04-06_09-19-27,7232,-52.09375789235902,20,0,0.01912478880983347,51.088159097779204,50,200,2026-04-07T10:00:41.561674
2026-04-06_09-19-27,7233,424.14513697593367,139,1,0.41841004184100417,0.0,50,200,2026-04-07T10:01:04.057367
2026-04-06_09-19-27,7234,216.9038332461766,179,0,0.2638522427440633,1.0,50,200,2026-04-07T10:01:28.558626
2026-04-06_09-19-27,7235,-34.3425646473074,27,0,0.02486406555018245,38.948684188300895,50,200,2026-04-07T10:01:35.604086
2026-04-06_09-19-27,7236,326.0145162206019,200,0,0.19098300562505258,2.23606797749979,50,200,2026-04-07T10:02:02.046164
2026-04-06_09-19-27,7237,423.6918903561268,148,1,0.40322580645161293,0.0,50,200,2026-04-07T10:02:24.166733
2026-04-06_09-19-27,7238,6.3894399168224965,36,0,0.02615187377566693,36.87817782917155,50,200,2026-04-07T10:02:32.239502
2026-04-06_09-19-27,7239,285.8676029587129,200,0,0.08333333333333333,9.0,50,200,2026-04-07T10:02:53.102602
2026-04-06_09-19-27,7240,409.67814826293744,176,1,0.3623188405797102,0.0,50,200,2026-04-07T10:03:15.998751
2026-04-06_09-19-27,7241,-41.87829911006065,34,0,0.021662900730005343,44.82186966202994,50,200,2026-04-07T10:03:23.319610
2026-04-06_09-19-27,7242,427.4246244104925,176,1,0.3623188405797102,0.0,50,200,2026-04-07T10:03:46.522195
2026-04-06_09-19-27,7243,145.83388773491882,100,0,0.10775734467919426,7.280109889280518,50,200,2026-04-07T10:04:05.991778
2026-04-06_09-19-27,7244,45.634424794566,45,0,0.03711250246831316,25.495097567963924,50,200,2026-04-07T10:04:17.261396
2026-04-06_09-19-27,7245,420.5719736807142,115,1,0.4651162790697674,0.0,50,200,2026-04-07T10:04:39.262635
2026-04-06_09-19-27,7246,425.830030905187,140,1,0.41666666666666663,0.0,50,200,2026-04-07T10:05:00.252578
2026-04-06_09-19-27,7247,-95.71377204644521,2,0,0.016173069130115212,60.81118318204309,50,200,2026-04-07T10:05:01.805919
2026-04-06_09-19-27,7248,-8.431017791723022,32,0,0.023991820435326976,40.36087214122113,50,200,2026-04-07T10:05:09.770331
2026-04-06_09-19-27,7249,276.931031400044,200,0,0.07052017144395645,11.180339887498949,50,200,2026-04-07T10:05:30.446530
2026-04-06_09-19-27,7250,83.35472220055043,62,0,0.04309038530497269,21.587033144922902,50,200,2026-04-07T10:05:44.778940
2026-04-06_09-19-27,7251,419.97062053915005,135,1,0.425531914893617,0.0,50,200,2026-04-07T10:06:07.603533
2026-04-06_09-19-27,7252,213.7404044683997,129,0,0.2331002331002331,2.0,50,200,2026-04-07T10:06:28.307899
2026-04-06_09-19-27,7253,400.235252509783,133,1,0.4291845493562232,0.0,50,200,2026-04-07T10:06:50.697953
2026-04-06_09-19-27,7254,-82.38097639666069,6,0,0.017347191976291376,56.586217403180434,50,200,2026-04-07T10:06:53.354044
2026-04-06_09-19-27,7255,-7.776716983782961,32,0,0.02274898186835154,42.638011210655684,50,200,2026-04-07T10:07:00.313615
2026-04-06_09-19-27,7256,332.9061562137352,200,0,0.19098300562505258,2.23606797749979,50,200,2026-04-07T10:07:26.382451
2026-04-06_09-19-27,7257,328.6159734377666,200,0,0.19098300562505258,2.23606797749979,50,200,2026-04-07T10:08:26.755175
2026-04-06_09-19-27,7258,329.8814189526515,200,0,0.19098300562505258,2.23606797749979,50,200,2026-04-07T10:08:50.752693
2026-04-06_09-19-27,7259,-98.19804358614735,3,0,0.016356376470631765,60.108235708594876,50,200,2026-04-07T10:08:52.545637
2026-04-06_09-19-27,7260,431.3263419483915,170,1,0.37037037037037035,0.0,50,200,2026-04-07T10:09:15.030351
2026-04-06_09-19-27,7261,336.61199466036174,200,0,0.19098300562505258,2.23606797749979,50,200,2026-04-07T10:09:38.575409
2026-04-06_09-19-27,7262,105.43282326858447,84,0,0.04750735395624064,19.209372712298546,50,200,2026-04-07T10:09:53.225978
2026-04-06_09-19-27,7263,-111.54382131439422,4,0,0.016740850295209303,58.69412236331676,50,200,2026-04-07T10:09:55.289706
2026-04-06_09-19-27,7264,429.74726034869036,131,1,0.4329004329004329,0.0,50,200,2026-04-07T10:10:15.117768
2026-04-06_09-19-27,7265,249.72809747833102,200,0,0.052288906360944624,16.1245154965971,50,200,2026-04-07T10:10:37.625831
2026-04-06_09-19-27,7266,427.37155052402716,175,1,0.36363636363636365,0.0,50,200,2026-04-07T10:11:03.695658
2026-04-06_09-19-27,7267,259.63676321866194,200,0,0.058700366210735114,14.035668847618199,50,200,2026-04-07T10:11:27.669965
2026-04-06_09-19-27,7268,-23.699269582605496,36,0,0.021291537419026806,45.60701700396552,50,200,2026-04-07T10:11:34.457481
2026-04-06_09-19-27,7269,276.06084984415105,200,0,0.06593902921292402,12.165525060596439,50,200,2026-04-07T10:11:57.083101
2026-04-06_09-19-27,7270,433.6272852324896,194,1,0.3401360544217687,0.0,50,200,2026-04-07T10:12:21.648625
2026-04-06_09-19-27,7271,391.94552177386174,124,1,0.4464285714285714,0.0,50,200,2026-04-07T10:12:42.653794
2026-04-06_09-19-27,7272,-21.23945134027653,29,0,0.021499977668077017,45.221676218380054,50,200,2026-04-07T10:12:49.848115
2026-04-06_09-19-27,7273,91.34280932869011,61,0,0.05234819424456615,17.4928556845359,50,200,2026-04-07T10:13:03.192225
2026-04-06_09-19-27,7274,435.8847470659577,179,1,0.35842293906810035,0.0,50,200,2026-04-07T10:13:25.369465
2026-04-06_09-19-27,7275,432.2470018276125,158,1,0.38759689922480617,0.0,50,200,2026-04-07T10:13:47.099424
2026-04-06_09-19-27,7276,-11.869994164819019,39,0,0.022433774830954024,43.18564576337837,50,200,2026-04-07T10:13:55.301153
2026-04-06_09-19-27,7277,399.8070035903808,172,1,0.36764705882352944,0.0,50,200,2026-04-07T10:14:21.260327
2026-04-06_09-19-27,7278,101.50238473266926,85,0,0.0671663628665654,13.038404810405298,50,200,2026-04-07T10:14:38.630548
2026-04-06_09-19-27,7279,-86.41016336906101,7,0,0.016722914904429738,58.728187440104094,50,200,2026-04-07T10:14:40.894724
2026-04-06_09-19-27,7280,328.3969772722344,200,0,0.1715728752538099,2.8284271247461903,50,200,2026-04-07T10:15:03.345977
2026-04-06_09-19-27,7281,55.04887641450594,92,0,0.04145317708556336,22.20360331117452,50,200,2026-04-07T10:15:19.516682
2026-04-06_09-19-27,7282,292.24231859720936,200,0,0.07576883186511127,10.198039027185569,50,200,2026-04-07T10:15:42.919595
2026-04-06_09-19-27,7283,-60.924253954791304,16,0,0.01890368699377099,51.73973328110612,50,200,2026-04-07T10:15:47.211178
2026-04-06_09-19-27,7284,319.66376267632614,200,0,0.11551540215184262,5.656854249492381,50,200,2026-04-07T10:16:10.621287
2026-04-06_09-19-27,7285,-38.35654170109228,18,0,0.01999341745189062,48.83646178829912,50,200,2026-04-07T10:16:15.569453
2026-04-06_09-19-27,7286,421.4904925681472,110,1,0.47619047619047616,0.0,50,200,2026-04-07T10:16:34.001524
2026-04-06_09-19-27,7287,140.999075589278,91,0,0.06831570736668051,12.727922061357855,50,200,2026-04-07T10:16:51.097777
2026-04-06_09-19-27,7288,430.0722334831898,185,1,0.3508771929824561,0.0,50,200,2026-04-07T10:17:14.532154
2026-04-06_09-19-27,7289,428.0433363815451,158,1,0.38759689922480617,0.0,50,200,2026-04-07T10:18:14.230281
2026-04-06_09-19-27,7290,342.9832321529123,200,0,0.25,1.0,50,200,2026-04-07T10:18:37.198566
2026-04-06_09-19-27,7291,112.82934881760026,76,0,0.051409108199723955,17.69180601295413,50,200,2026-04-07T10:18:51.654736
2026-04-06_09-19-27,7292,408.38991144446317,165,1,0.3773584905660377,0.0,50,200,2026-04-07T10:19:15.172231
2026-04-06_09-19-27,7293,337.7017343053063,200,0,0.2,2.0,50,200,2026-04-07T10:19:37.236255
2026-04-06_09-19-27,7294,315.3403660953282,200,0,0.10724372001086317,6.324555320336759,50,200,2026-04-07T10:19:57.979519
2026-04-06_09-19-27,7295,-85.65507204335532,6,0,0.01673524704989899,58.69412236331676,50,200,2026-04-07T10:20:00.306870
2026-04-06_09-19-27,7296,411.520148532296,118,1,0.4587155963302753,0.0,50,200,2026-04-07T10:20:21.385746
2026-04-06_09-19-27,7297,300.1338557195665,200,0,0.09419945114007976,7.615773105863909,50,200,2026-04-07T10:20:43.967095
2026-04-06_09-19-27,7298,46.16536052007734,67,0,0.035084253060218215,26.832815729997478,50,200,2026-04-07T10:20:57.690211
2026-04-06_09-19-27,7299,116.97337349401059,82,0,0.050383528545458224,18.027756377319946,50,200,2026-04-07T10:21:12.522644
2026-04-06_09-19-27,7300,126.16809480375606,90,0,0.06528946008843323,13.416407864998739,50,200,2026-04-07T10:21:28.299672
2026-04-06_09-19-27,7301,402.46786903406627,147,1,0.40485829959514175,0.0,50,200,2026-04-07T10:21:49.108866
2026-04-06_09-19-27,7302,436.6677126000155,178,1,0.3597122302158273,0.0,50,200,2026-04-07T10:22:13.262778
2026-04-06_09-19-27,7303,434.1143488848094,178,1,0.3597122302158273,0.0,50,200,2026-04-07T10:22:35.286464
2026-04-06_09-19-27,7304,-96.72911206001812,4,0,0.016541556503559787,59.413803110051795,50,200,2026-04-07T10:22:37.303448
2026-04-06_09-19-27,7305,100.94446902442277,72,0,0.0432946195380158,21.37755832643195,50,200,2026-04-07T10:22:51.938196
2026-04-06_09-19-27,7306,331.4879105714443,200,0,0.2,2.0,50,200,2026-04-07T10:23:16.112686
2026-04-06_09-19-27,7307,283.92375258832703,200,0,0.07692307692307693,10.0,50,200,2026-04-07T10:23:39.820036
2026-04-06_09-19-27,7308,173.39517372219137,119,0,0.11744594548719768,6.324555320336759,50,200,2026-04-07T10:24:00.520947
2026-04-06_09-19-27,7309,62.287851365753596,76,0,0.032675029296225844,28.844410203711913,50,200,2026-04-07T10:24:12.595275
2026-04-06_09-19-27,7310,6.3004150721169765,51,0,0.02852984049048819,33.54101966249684,50,200,2026-04-07T10:24:22.703014
2026-04-06_09-19-27,7311,407.8454326973318,146,1,0.4065040650406504,0.0,50,200,2026-04-07T10:24:46.306826
2026-04-06_09-19-27,7312,224.86238473052902,189,0,0.19508129903648763,2.23606797749979,50,200,2026-04-07T10:25:09.810131
2026-04-06_09-19-27,7313,434.5720528342119,186,1,0.34965034965034963,0.0,50,200,2026-04-07T10:25:33.373666
2026-04-06_09-19-27,7314,422.34039603091486,161,1,0.38314176245210724,0.0,50,200,2026-04-07T10:25:58.096313
2026-04-06_09-19-27,7315,-27.613182030482847,61,0,0.025676373840617793,37.33630940518894,50,200,2026-04-07T10:26:09.808016
2026-04-06_09-19-27,7316,106.56046000078518,84,0,0.04931188004608768,18.439088914585774,50,200,2026-04-07T10:26:24.087189
2026-04-06_09-19-27,7317,12.389406137522357,40,0,0.025081031719941742,38.47076812334269,50,200,2026-04-07T10:26:33.335412
2026-04-06_09-19-27,7318,410.26305730903704,136,1,0.42372881355932196,0.0,50,200,2026-04-07T10:26:54.932389
2026-04-06_09-19-27,7319,299.3204514759358,200,0,0.08183611128016957,9.219544457292887,50,200,2026-04-07T10:27:19.265470
2026-04-06_09-19-27,7320,48.4584186633555,117,0,0.05184774267614813,17.11724276862369,50,200,2026-04-07T10:27:35.796161
2026-04-06_09-19-27,7321,-25.64353336341958,33,0,0.021108866607088037,46.04345773288535,50,200,2026-04-07T10:28:25.209801
2026-04-06_09-19-27,7322,-72.75589576463499,15,0,0.01942542765760903,50.32891812864648,50,200,2026-04-07T10:28:29.832361
2026-04-06_09-19-27,7323,-47.611143715432284,15,0,0.020175578477037843,48.41487374764082,50,200,2026-04-07T10:28:34.542952
2026-04-06_09-19-27,7324,423.8096692442136,121,1,0.45248868778280543,0.0,50,200,2026-04-07T10:28:54.074243
2026-04-06_09-19-27,7325,113.43237487480941,67,0,0.05772846844136592,15.652475842498529,50,200,2026-04-07T10:29:08.536674
2026-04-06_09-19-27,7326,323.70296306428247,200,0,0.13383054136359812,4.47213595499958,50,200,2026-04-07T10:29:30.678206
2026-04-06_09-19-27,7327,417.6225921533955,126,1,0.4424778761061947,0.0,50,200,2026-04-07T10:29:50.925537
2026-04-06_09-19-27,7328,414.56469965019807,113,1,0.4694835680751174,0.0,50,200,2026-04-07T10:30:12.101288
2026-04-06_09-19-27,7329,321.7904567920877,200,0,0.22654091966098644,1.4142135623730951,50,200,2026-04-07T10:30:33.295608
2026-04-06_09-19-27,7330,423.2555341590752,113,1,0.4694835680751174,0.0,50,200,2026-04-07T10:30:53.082605
2026-04-06_09-19-27,7331,150.61005127081336,116,0,0.09842519685039369,8.0,50,200,2026-04-07T10:31:12.769816
2026-04-06_09-19-27,7332,416.36606762016294,91,1,0.5235602094240838,0.0,50,200,2026-04-07T10:31:32.023469
2026-04-06_09-19-27,7333,400.4217630434274,129,1,0.4366812227074236,0.0,50,200,2026-04-07T10:31:52.829697
2026-04-06_09-19-27,7334,90.22685069032543,82,0,0.058645707995220626,15.231546211727817,50,200,2026-04-07T10:32:08.630040
2026-04-06_09-19-27,7335,137.97671760645864,81,0,0.07698027985875369,11.180339887498949,50,200,2026-04-07T10:32:25.200000
2026-04-06_09-19-27,7336,117.76832495989528,74,0,0.052071809200354015,17.46424919657298,50,200,2026-04-07T10:32:39.848359
2026-04-06_09-19-27,7337,105.73837796358085,57,0,0.04806448162820733,19.235384061671343,50,200,2026-04-07T10:32:52.745803
2026-04-06_09-19-27,7338,429.09547143047433,154,1,0.39370078740157477,0.0,50,200,2026-04-07T10:33:15.561843
2026-04-06_09-19-27,7339,52.86378919515137,43,0,0.03564166085142988,26.627053911388696,50,200,2026-04-07T10:33:26.314431
2026-04-06_09-19-27,7340,33.78166821797657,42,0,0.02791011742309327,34.40930106817051,50,200,2026-04-07T10:33:35.911081
2026-04-06_09-19-27,7341,56.916209869962984,64,0,0.03206508092444754,29.546573405388315,50,200,2026-04-07T10:33:47.953479
2026-04-06_09-19-27,7342,419.857685214677,143,1,0.41152263374485604,0.0,50,200,2026-04-07T10:34:10.682955
2026-04-06_09-19-27,7343,408.43987361189096,166,1,0.37593984962406013,0.0,50,200,2026-04-07T10:34:32.696642
2026-04-06_09-19-27,7344,-31.362483185528305,23,0,0.020553454035628284,47.4236228055175,50,200,2026-04-07T10:34:38.370570
2026-04-06_09-19-27,7345,443.24261656470406,195,1,0.3389830508474576,0.0,50,200,2026-04-07T10:34:59.707004
2026-04-06_09-19-27,7346,-78.78017211512643,11,0,0.01846799745622833,53.03772242470448,50,200,2026-04-07T10:35:03.294670
2026-04-06_09-19-27,7347,6.416107004985591,31,0,0.024310425362196606,39.824615503479755,50,200,2026-04-07T10:35:10.890085
2026-04-06_09-19-27,7348,431.4521803945088,162,1,0.38167938931297707,0.0,50,200,2026-04-07T10:35:35.182279
2026-04-06_09-19-27,7349,-48.42854535441526,19,0,0.020885342134271262,46.69047011971501,50,200,2026-04-07T10:35:40.815258
2026-04-06_09-19-27,7350,32.88902606209574,48,0,0.029091951402170402,32.89376840679705,50,200,2026-04-07T10:35:51.174721
2026-04-06_09-19-27,7351,423.6994478681277,124,1,0.4464285714285714,0.0,50,200,2026-04-07T10:36:12.633755
2026-04-06_09-19-27,7352,-73.33561962431864,10,0,0.01847140875552743,53.03772242470448,50,200,2026-04-07T10:36:15.777887
2026-04-06_09-19-27,7353,-31.444147154738218,35,0,0.02141642394341216,45.34313619501854,50,200,2026-04-07T10:36:49.737003
2026-04-06_09-19-27,7354,442.64550923006624,198,1,0.33557046979865773,0.0,50,200,2026-04-07T10:37:11.447198
2026-04-06_09-19-27,7355,10.326864037502986,44,0,0.02709417980379774,35.4682957019364,50,200,2026-04-07T10:37:21.227049
2026-04-06_09-19-27,7356,424.355416879066,167,1,0.37453183520599254,0.0,50,200,2026-04-07T10:37:45.656923
2026-04-06_09-19-27,7357,324.96639076060995,200,0,0.1715728752538099,2.8284271247461903,50,200,2026-04-07T10:38:11.543412
2026-04-06_09-19-27,7358,-1.0574203875653723,39,0,0.02356336990536602,41.048751503547585,50,200,2026-04-07T10:38:19.490519
2026-04-06_09-19-27,7359,-25.87753554838274,27,0,0.02318096486545815,41.86884283091664,50,200,2026-04-07T10:38:26.262785
2026-04-06_09-19-27,7360,428.4816157405597,153,1,0.39525691699604737,0.0,50,200,2026-04-07T10:38:48.024364
2026-04-06_09-19-27,7361,414.6937583140346,154,1,0.39370078740157477,0.0,50,200,2026-04-07T10:39:10.844092
2026-04-06_09-19-27,7362,340.13455174810787,200,0,0.25,1.0,50,200,2026-04-07T10:39:29.263173
2026-04-06_09-19-27,7363,52.43054278047974,62,0,0.03438900655742875,27.459060435491963,50,200,2026-04-07T10:39:41.488834
2026-04-06_09-19-27,7364,437.57328042044315,187,1,0.3484320557491289,0.0,50,200,2026-04-07T10:40:04.373179
2026-04-06_09-19-27,7365,425.2792510353387,153,1,0.39525691699604737,0.0,50,200,2026-04-07T10:40:28.427316
2026-04-06_09-19-27,7366,120.81235971331567,113,0,0.05235447840822013,16.97056274847714,50,200,2026-04-07T10:40:45.004042
2026-04-06_09-19-27,7367,96.88359227195868,120,0,0.04665183498102571,19.235384061671343,50,200,2026-04-07T10:41:02.555609
2026-04-06_09-19-27,7368,-45.276562641112555,26,0,0.020864174252229098,46.66904755831214,50,200,2026-04-07T10:41:08.557718
2026-04-06_09-19-27,7369,127.48603674312402,94,0,0.06301837228408506,13.92838827718412,50,200,2026-04-07T10:41:25.462478
2026-04-06_09-19-27,7370,429.834858648643,176,1,0.3623188405797102,0.0,50,200,2026-04-07T10:41:48.709838
2026-04-06_09-19-27,7371,36.06602879334227,64,0,0.03656317789353606,25.709920264364882,50,200,2026-04-07T10:42:01.694435
2026-04-06_09-19-27,7372,425.7145988794742,137,1,0.42194092827004215,0.0,50,200,2026-04-07T10:42:25.048376
2026-04-06_09-19-27,7373,92.21239135896666,89,0,0.040460563531704914,22.825424421026653,50,200,2026-04-07T10:42:40.327876
2026-04-06_09-19-27,7374,317.15590616216815,200,0,0.19098300562505258,2.23606797749979,50,200,2026-04-07T10:43:05.808701
2026-04-06_09-19-27,7375,327.74047788378107,200,0,0.1715728752538099,2.8284271247461903,50,200,2026-04-07T10:43:30.089269
2026-04-06_09-19-27,7376,-25.391195255808896,30,0,0.02115623936714401,45.967379738244816,50,200,2026-04-07T10:43:36.989749
2026-04-06_09-19-27,7377,324.33481392552557,200,0,0.25,1.0,50,200,2026-04-07T10:44:00.133488
2026-04-06_09-19-27,7378,44.538450021846955,80,0,0.03143007266931838,30.01666203960727,50,200,2026-04-07T10:44:13.361587
2026-04-06_09-19-27,7379,308.66048607714333,200,0,0.11925824035672519,5.385164807134504,50,200,2026-04-07T10:44:38.618105
2026-04-06_09-19-27,7380,426.4519217007883,163,1,0.3802281368821293,0.0,50,200,2026-04-07T10:44:57.700818
2026-04-06_09-19-27,7381,-47.52340338742679,26,0,0.021897551305680493,44.40720662234904,50,200,2026-04-07T10:45:04.244049
2026-04-06_09-19-27,7382,327.0678021260384,200,0,0.19098300562505258,2.23606797749979,50,200,2026-04-07T10:45:28.406101
2026-04-06_09-19-27,7383,320.0338270954981,200,0,0.1715728752538099,2.8284271247461903,50,200,2026-04-07T10:45:52.987295
2026-04-06_09-19-27,7384,323.83431904495944,200,0,0.19098300562505258,2.23606797749979,50,200,2026-04-07T10:46:15.158126
2026-04-06_09-19-27,7385,109.11771526576152,82,0,0.049493247765528915,18.384776310850235,50,200,2026-04-07T10:47:14.117942
2026-04-06_09-19-27,7386,2.403180263180573,42,0,0.024708899281340437,39.05124837953327,50,200,2026-04-07T10:47:22.408934
2026-04-06_09-19-27,7387,400.5021866219373,101,1,0.49751243781094534,0.0,50,200,2026-04-07T10:47:42.758005
2026-04-06_09-19-27,7388,311.5644132908947,200,0,0.1715728752538099,2.8284271247461903,50,200,2026-04-07T10:48:08.705134
2026-04-06_09-19-27,7389,67.8122189279857,62,0,0.11235816326317741,7.280109889280518,50,200,2026-04-07T10:48:23.943079
2026-04-06_09-19-27,7390,77.92735568447955,115,0,0.03972710834864964,23.021728866442675,50,200,2026-04-07T10:48:40.474975
2026-04-06_09-19-27,7391,333.673239407705,200,0,0.19098300562505258,2.23606797749979,50,200,2026-04-07T10:49:01.529125
2026-04-06_09-19-27,7392,-56.88557762708714,15,0,0.018594000011833475,52.630789467763066,50,200,2026-04-07T10:49:06.031406
2026-04-06_09-19-27,7393,321.85787548999645,200,0,0.13383054136359812,4.47213595499958,50,200,2026-04-07T10:49:29.154086
2026-04-06_09-19-27,7394,430.55834610342947,167,1,0.37453183520599254,0.0,50,200,2026-04-07T10:49:51.518688
2026-04-06_09-19-27,7395,-58.838548503820626,17,0,0.018927791557220172,51.66236541235796,50,200,2026-04-07T10:49:56.188850
2026-04-06_09-19-27,7396,412.6263565191074,117,1,0.4608294930875576,0.0,50,200,2026-04-07T10:50:16.717559
2026-04-06_09-19-27,7397,-103.96516393459068,2,0,0.016173069130115212,60.81118318204309,50,200,2026-04-07T10:50:18.274862
2026-04-06_09-19-27,7398,-29.759314057145374,32,0,0.02137973124548702,45.45327270945405,50,200,2026-04-07T10:50:25.227019
2026-04-06_09-19-27,7399,-57.56607642982857,17,0,0.019666081966410332,49.678969393496885,50,200,2026-04-07T10:50:30.137645
2026-04-06_09-19-27,7400,430.80312526667086,174,1,0.36496350364963503,0.0,50,200,2026-04-07T10:50:52.746387
2026-04-06_09-19-27,7401,416.37470283309966,105,1,0.48780487804878053,0.0,50,200,2026-04-07T10:51:32.821360
2026-04-06_09-19-27,7402,376.48582285942535,131,1,0.4329004329004329,0.0,50,200,2026-04-07T10:51:53.606895
2026-04-06_09-19-27,7403,441.36197311412474,194,1,0.3401360544217687,0.0,50,200,2026-04-07T10:52:15.201290
2026-04-06_09-19-27,7404,-110.62877579442336,7,0,0.01756360764762879,55.86591089385369,50,200,2026-04-07T10:52:17.971749
2026-04-06_09-19-27,7405,439.45290841196214,180,1,0.35714285714285715,0.0,50,200,2026-04-07T10:52:39.065406
2026-04-06_09-19-27,7406,-14.328456094688619,25,0,0.023539904327463685,41.23105625617661,50,200,2026-04-07T10:52:45.881569
2026-04-06_09-19-27,7407,-81.01033723946014,9,0,0.017322253617065964,56.639209034025185,50,200,2026-04-07T10:52:48.837034
2026-04-06_09-19-27,7408,28.5979939511014,47,0,0.029697838413922744,32.202484376209235,50,200,2026-04-07T10:52:58.751072
2026-04-06_09-19-27,7409,337.125894707103,200,0,0.2,2.0,50,200,2026-04-07T10:53:23.676002
2026-04-06_09-19-27,7410,-96.26859581847664,4,0,0.016167839458410303,60.81118318204309,50,200,2026-04-07T10:53:25.567641
2026-04-06_09-19-27,7411,68.96539044244906,66,0,0.03674597532614087,25.553864678361276,50,200,2026-04-07T10:53:38.238672
2026-04-06_09-19-27,7412,-68.52848256877127,16,0,0.01863668233431633,52.49761899362675,50,200,2026-04-07T10:53:42.076297
2026-04-06_09-19-27,7413,-66.24929695103874,8,0,0.01824147930458396,53.74011537017761,50,200,2026-04-07T10:53:45.137122
2026-04-06_09-19-27,7414,419.18382972519726,96,1,0.5102040816326531,0.0,50,200,2026-04-07T10:54:04.025806
2026-04-06_09-19-27,7415,420.7811237709363,106,1,0.4854368932038835,0.0,50,200,2026-04-07T10:54:23.187189
2026-04-06_09-19-27,7416,398.5621431190326,98,1,0.5050505050505051,0.0,50,200,2026-04-07T10:54:43.444303
2026-04-06_09-19-27,7417,168.15453669313644,177,0,0.09628556197086477,7.615773105863909,50,200,2026-04-07T10:55:34.698687
2026-04-06_09-19-27,7418,416.58210187892706,123,1,0.4484304932735426,0.0,50,200,2026-04-07T10:55:55.475714
2026-04-06_09-19-27,7419,421.72898443869514,132,1,0.43103448275862066,0.0,50,200,2026-04-07T10:56:15.477470
2026-04-06_09-19-27,7420,182.4779610772872,126,0,0.1154317971891779,6.4031242374328485,50,200,2026-04-07T10:56:37.946490
2026-04-06_09-19-27,7421,-40.21044560658025,25,0,0.020562833135279467,47.38143096192854,50,200,2026-04-07T10:56:43.532382
2026-04-06_09-19-27,7422,386.13202389047643,172,1,0.36764705882352944,0.0,50,200,2026-04-07T10:57:06.529368
2026-04-06_09-19-27,7423,424.49811115519014,171,1,0.36900369003690037,0.0,50,200,2026-04-07T10:57:28.617934
2026-04-06_09-19-27,7424,416.0481671768462,191,1,0.3436426116838488,0.0,50,200,2026-04-07T10:57:51.969013
2026-04-06_09-19-27,7425,86.09099714169733,97,0,0.03872408645142789,23.853720883753127,50,200,2026-04-07T10:58:07.974652
2026-04-06_09-19-27,7426,317.544980194053,200,0,0.13383054136359812,4.47213595499958,50,200,2026-04-07T10:58:31.074619
2026-04-06_09-19-27,7427,32.13999851932398,64,0,0.02795474972240808,34.132096331752024,50,200,2026-04-07T10:58:41.962833
2026-04-06_09-19-27,7428,428.75798529323777,192,1,0.3424657534246575,0.0,50,200,2026-04-07T10:59:03.768458
2026-04-06_09-19-27,7429,44.002035331595124,55,0,0.03681546662851586,25.612496949731394,50,200,2026-04-07T10:59:15.208769
2026-04-06_09-19-27,7430,412.2897399082252,171,1,0.36900369003690037,0.0,50,200,2026-04-07T10:59:32.582254
2026-04-06_09-19-27,7431,-96.09840810039914,9,0,0.01847482131528943,53.03772242470448,50,200,2026-04-07T10:59:35.863904
2026-04-06_09-19-27,7432,395.74171431266166,164,1,0.3787878787878788,0.0,50,200,2026-04-07T10:59:54.822215
2026-04-06_09-19-27,7433,291.2260215404519,200,0,0.07576883186511127,10.198039027185569,50,200,2026-04-07T11:00:20.849063
2026-04-06_09-19-27,7434,-19.513070135463366,22,0,0.022181101221403616,43.86342439892262,50,200,2026-04-07T11:00:26.945561
2026-04-06_09-19-27,7435,308.9420232760571,200,0,0.1715728752538099,2.8284271247461903,50,200,2026-04-07T11:00:51.059398
2026-04-06_09-19-27,7436,-83.60273118431878,10,0,0.016905684561756586,58.05170109479997,50,200,2026-04-07T11:00:53.886441
2026-04-06_09-19-27,7437,96.37802725428972,99,0,0.04542360703420685,20.024984394500787,50,200,2026-04-07T11:01:12.239884
2026-04-06_09-19-27,7438,369.0564392827565,179,1,0.35842293906810035,0.0,50,200,2026-04-07T11:01:33.345839
2026-04-06_09-19-27,7439,333.2853422904898,200,0,0.19098300562505258,2.23606797749979,50,200,2026-04-07T11:01:57.433170
2026-04-06_09-19-27,7440,291.5692631715005,200,0,0.1715728752538099,2.8284271247461903,50,200,2026-04-07T11:02:20.302093
2026-04-06_09-19-27,7441,432.7794051063903,182,1,0.35460992907801414,0.0,50,200,2026-04-07T11:02:42.984783
2026-04-06_09-19-27,7442,-47.9229833154636,25,0,0.020545008617822522,47.4236228055175,50,200,2026-04-07T11:02:49.238819
2026-04-06_09-19-27,7443,439.25815661238056,198,1,0.33557046979865773,0.0,50,200,2026-04-07T11:03:13.878489
2026-04-06_09-19-27,7444,68.51862915471045,69,0,0.04483193557478457,20.615528128088304,50,200,2026-04-07T11:03:28.225861
2026-04-06_09-19-27,7445,-13.387688158214672,75,0,0.030179832884425363,31.38470965295043,50,200,2026-04-07T11:03:40.351613
2026-04-06_09-19-27,7446,427.07640352035895,156,1,0.390625,0.0,50,200,2026-04-07T11:04:03.306753
2026-04-06_09-19-27,7447,294.58070525056206,200,0,0.1111111111111111,6.0,50,200,2026-04-07T11:04:28.683169
2026-04-06_09-19-27,7448,-84.6646538094676,8,0,0.017341175562259916,56.586217403180434,50,200,2026-04-07T11:04:31.607537
2026-04-06_09-19-27,7449,420.00214160436457,141,1,0.41493775933609955,0.0,50,200,2026-04-07T11:05:36.385887
2026-04-06_09-19-27,7450,-51.1889646155106,18,0,0.019607968155997184,49.8196748283246,50,200,2026-04-07T11:05:41.611777
2026-04-06_09-19-27,7451,300.6867822162473,200,0,0.09039745979104553,8.06225774829855,50,200,2026-04-07T11:06:06.848890
2026-04-06_09-19-27,7452,334.7582412500358,200,0,0.1715728752538099,2.8284271247461903,50,200,2026-04-07T11:06:29.759979
2026-04-06_09-19-27,7453,315.1841490038361,200,0,0.22654091966098644,1.4142135623730951,50,200,2026-04-07T11:06:51.690620
2026-04-06_09-19-27,7454,332.2264396703714,200,0,0.19098300562505258,2.23606797749979,50,200,2026-04-07T11:07:14.793304
2026-04-06_09-19-27,7455,436.2992229979861,178,1,0.3597122302158273,0.0,50,200,2026-04-07T11:07:35.274611
2026-04-06_09-19-27,7456,421.1522454382048,121,1,0.45248868778280543,0.0,50,200,2026-04-07T11:07:56.203350
2026-04-06_09-19-27,7457,11.826896416916398,47,0,0.027155215010755292,35.35533905932738,50,200,2026-04-07T11:08:06.798981
2026-04-06_09-19-27,7458,-85.51650684342528,10,0,0.017335163320049248,56.586217403180434,50,200,2026-04-07T11:08:09.618122
2026-04-06_09-19-27,7459,437.6172429438999,180,1,0.35714285714285715,0.0,50,200,2026-04-07T11:08:31.966564
2026-04-06_09-19-27,7460,-69.11707258527254,11,0,0.017773250280809234,55.154328932550705,50,200,2026-04-07T11:08:35.392176
2026-04-06_09-19-27,7461,391.6248548384631,138,1,0.42016806722689076,0.0,50,200,2026-04-07T11:08:56.009762
2026-04-06_09-19-27,7462,-69.46340200485497,10,0,0.018234826700306433,53.74011537017761,50,200,2026-04-07T11:08:59.300605
2026-04-06_09-19-27,7463,118.30559039240202,89,0,0.06840917579137169,12.727922061357855,50,200,2026-04-07T11:09:15.766919
2026-04-06_09-19-27,7464,428.77028673737175,142,1,0.4132231404958678,0.0,50,200,2026-04-07T11:09:37.430839
2026-04-06_09-19-27,7465,-22.796728775584,27,0,0.022872842486808667,42.44997055358225,50,200,2026-04-07T11:09:43.901543
2026-04-06_09-19-27,7466,411.6554685570072,92,1,0.5208333333333334,0.0,50,200,2026-04-07T11:10:03.278623
2026-04-06_09-19-27,7467,430.2806468879735,180,1,0.35714285714285715,0.0,50,200,2026-04-07T11:10:26.965381
2026-04-06_09-19-27,7468,326.5481256151252,200,0,0.1715728752538099,2.8284271247461903,50,200,2026-04-07T11:10:50.317628
2026-04-06_09-19-27,7469,146.67723285830456,74,0,0.10470930435701566,7.810249675906654,50,200,2026-04-07T11:11:06.317676
2026-04-06_09-19-27,7470,18.406983621669156,52,0,0.026613076620664828,36.05551275463989,50,200,2026-04-07T11:11:17.631825
2026-04-06_09-19-27,7471,-18.87683415228055,38,0,0.02246216344132382,43.139309220245984,50,200,2026-04-07T11:11:23.965885
2026-04-06_09-19-27,7472,-3.9651695261222386,25,0,0.023243274937249456,41.773197148410844,50,200,2026-04-07T11:11:30.550519
2026-04-06_09-19-27,7473,85.92181903965925,76,0,0.04488675951294654,20.518284528683193,50,200,2026-04-07T11:11:44.528959
2026-04-06_09-19-27,7474,426.73444810016395,147,1,0.40485829959514175,0.0,50,200,2026-04-07T11:12:06.008651
2026-04-06_09-19-27,7475,318.2317244754754,200,0,0.1111111111111111,6.0,50,200,2026-04-07T11:12:26.822249
2026-04-06_09-19-27,7476,429.12090267299607,155,1,0.3921568627450981,0.0,50,200,2026-04-07T11:12:47.995115
2026-04-06_09-19-27,7477,75.4453219229012,64,0,0.053563624449119836,17.029386365926403,50,200,2026-04-07T11:13:01.414767
2026-04-06_09-19-27,7478,421.8966924363777,94,1,0.5154639175257733,0.0,50,200,2026-04-07T11:13:18.818374
2026-04-06_09-19-27,7479,429.0088924762664,163,1,0.3802281368821293,0.0,50,200,2026-04-07T11:13:39.755649
2026-04-06_09-19-27,7480,423.29853141502167,185,1,0.3508771929824561,0.0,50,200,2026-04-07T11:14:02.814920
2026-04-06_09-19-27,7481,437.06912234777354,182,1,0.35460992907801414,0.0,50,200,2026-04-07T11:14:59.040889
2026-04-06_09-19-27,7482,286.94791871182645,200,0,0.1715728752538099,2.8284271247461903,50,200,2026-04-07T11:15:17.295661
2026-04-06_09-19-27,7483,-10.041510641319292,38,0,0.022633718762050132,42.80186911806539,50,200,2026-04-07T11:15:25.429361
2026-04-06_09-19-27,7484,423.36449970695344,128,1,0.43859649122807015,0.0,50,200,2026-04-07T11:15:46.778235
2026-04-06_09-19-27,7485,437.3148262591242,188,1,0.3472222222222222,0.0,50,200,2026-04-07T11:16:08.687852
2026-04-06_09-19-27,7486,318.7805010136257,200,0,0.1111111111111111,6.0,50,200,2026-04-07T11:16:31.067998
2026-04-06_09-19-27,7487,377.9965733028178,95,1,0.5128205128205128,0.0,50,200,2026-04-07T11:16:49.088516
2026-04-06_09-19-27,7488,75.43458325860482,52,0,0.038560741558328476,24.413111231467404,50,200,2026-04-07T11:17:00.659083
2026-04-06_09-19-27,7489,-107.37008740223685,2,0,0.015989164805324058,61.5223536610881,50,200,2026-04-07T11:17:02.171837
2026-04-06_09-19-27,7490,425.7716762716267,122,1,0.4504504504504505,0.0,50,200,2026-04-07T11:17:21.884396
2026-04-06_09-19-27,7491,-45.5509300567065,20,0,0.020566135189057245,47.4236228055175,50,200,2026-04-07T11:17:27.086734
2026-04-06_09-19-27,7492,45.349489315080774,78,0,0.030152532932277213,31.38470965295043,50,200,2026-04-07T11:17:39.498619
2026-04-06_09-19-27,7493,30.39765791846648,50,0,0.031746031746031744,30.0,50,200,2026-04-07T11:17:49.727758
2026-04-06_09-19-27,7494,411.45839254397765,164,1,0.3787878787878788,0.0,50,200,2026-04-07T11:18:11.212561
2026-04-06_09-19-27,7495,82.6000849426902,54,0,0.03790824618053517,24.839484696748443,50,200,2026-04-07T11:18:22.952279
2026-04-06_09-19-27,7496,420.1613162932132,174,1,0.36496350364963503,0.0,50,200,2026-04-07T11:18:44.490765
2026-04-06_09-19-27,7497,186.00352545500573,134,0,0.2304147465437788,2.0,50,200,2026-04-07T11:19:06.624682
2026-04-06_09-19-27,7498,421.0504724010587,98,1,0.5050505050505051,0.0,50,200,2026-04-07T11:19:24.454434
2026-04-06_09-19-27,7499,431.9516804439133,157,1,0.3891050583657587,0.0,50,200,2026-04-07T11:19:45.381393
2026-04-06_09-19-27,7500,413.7365093084503,93,1,0.5181347150259067,0.0,50,200,2026-04-07T11:20:05.695669
2026-04-06_09-19-27,7501,408.27967240504364,113,1,0.4694835680751174,0.0,50,200,2026-04-07T11:20:25.956430
2026-04-06_09-19-27,7502,418.76561389041103,117,1,0.4608294930875576,0.0,50,200,2026-04-07T11:20:47.037431
2026-04-06_09-19-27,7503,443.77786244105977,179,1,0.35842293906810035,0.0,50,200,2026-04-07T11:21:07.824445
2026-04-06_09-19-27,7504,382.54345916004263,77,1,0.5649717514124294,0.0,50,200,2026-04-07T11:21:25.445079
2026-04-06_09-19-27,7505,98.54988061898067,71,0,0.043138943903365985,21.470910553583888,50,200,2026-04-07T11:21:39.560467
2026-04-06_09-19-27,7506,329.6859435209988,200,0,0.19098300562505258,2.23606797749979,50,200,2026-04-07T11:21:58.905646
2026-04-06_09-19-27,7507,-79.99657730751423,7,0,0.01756360764762879,55.86591089385369,50,200,2026-04-07T11:22:01.661981
2026-04-06_09-19-27,7508,418.7094934804159,118,1,0.4587155963302753,0.0,50,200,2026-04-07T11:22:21.934694
2026-04-06_09-19-27,7509,175.9333413782171,164,0,0.2747252747252747,1.0,50,200,2026-04-07T11:22:42.690810
2026-04-06_09-19-27,7510,375.0530745727278,91,1,0.5235602094240838,0.0,50,200,2026-04-07T11:23:00.972143
2026-04-06_09-19-27,7511,415.98135938433063,129,1,0.4366812227074236,0.0,50,200,2026-04-07T11:23:23.192442
2026-04-06_09-19-27,7512,434.2150731406668,190,1,0.3448275862068965,0.0,50,200,2026-04-07T11:23:46.419525
2026-04-06_09-19-27,7513,339.7268795230914,200,0,0.19098300562505258,2.23606797749979,50,200,2026-04-07T11:24:45.254186
2026-04-06_09-19-27,7514,16.375160587715484,40,0,0.025612746247058334,37.64306044943742,50,200,2026-04-07T11:24:53.815551
2026-04-06_09-19-27,7515,414.08790520626434,151,1,0.39840637450199207,0.0,50,200,2026-04-07T11:25:15.286475
2026-04-06_09-19-27,7516,427.3711833610002,131,1,0.4329004329004329,0.0,50,200,2026-04-07T11:25:34.924981
2026-04-06_09-19-27,7517,-79.59128316529814,7,0,0.01734950185612465,56.568542494923804,50,200,2026-04-07T11:25:37.702275
2026-04-06_09-19-27,7518,430.97809904438856,197,1,0.3367003367003367,0.0,50,200,2026-04-07T11:25:58.178665
2026-04-06_09-19-27,7519,392.4640872291614,108,1,0.4807692307692307,0.0,50,200,2026-04-07T11:26:18.163702
2026-04-06_09-19-27,7520,418.5442638749881,102,1,0.49504950495049505,0.0,50,200,2026-04-07T11:26:37.789309
2026-04-06_09-19-27,7521,421.73246936566727,110,1,0.47619047619047616,0.0,50,200,2026-04-07T11:26:57.270907
2026-04-06_09-19-27,7522,406.50784730793475,161,1,0.38314176245210724,0.0,50,200,2026-04-07T11:27:22.469982
2026-04-06_09-19-27,7523,-61.50427595078115,9,0,0.01823815239578914,53.74011537017761,50,200,2026-04-07T11:27:25.948835
2026-04-06_09-19-27,7524,392.7681629633344,100,1,0.5,0.0,50,200,2026-04-07T11:27:44.721110
2026-04-06_09-19-27,7525,426.54615606180175,126,1,0.4424778761061947,0.0,50,200,2026-04-07T11:28:04.968080
2026-04-06_09-19-27,7526,430.07572812080724,145,1,0.4081632653061224,0.0,50,200,2026-04-07T11:28:26.773580
2026-04-06_09-19-27,7527,-41.84094097830169,23,0,0.021502173819247912,45.27692569068709,50,200,2026-04-07T11:28:32.359322
2026-04-06_09-19-27,7528,441.0764948032467,182,1,0.35460992907801414,0.0,50,200,2026-04-07T11:28:53.576021
2026-04-06_09-19-27,7529,436.92709062235656,164,1,0.3787878787878788,0.0,50,200,2026-04-07T11:29:14.353643
2026-04-06_09-19-27,7530,304.30336906979085,200,0,0.19098300562505258,2.23606797749979,50,200,2026-04-07T11:29:33.907317
2026-04-06_09-19-27,7531,22.108982581755683,56,0,0.03407748568401584,27.784887978899608,50,200,2026-04-07T11:29:45.459459
2026-04-06_09-19-27,7532,97.40763202413034,53,0,0.04262263518955622,21.93171219946131,50,200,2026-04-07T11:29:57.804523
2026-04-06_09-19-27,7533,340.35728068202815,200,0,0.1715728752538099,2.8284271247461903,50,200,2026-04-07T11:30:16.554307
2026-04-06_09-19-27,7534,387.3527893819059,128,1,0.43859649122807015,0.0,50,200,2026-04-07T11:30:35.078700
2026-04-06_09-19-27,7535,336.54662631629947,200,0,0.19098300562505258,2.23606797749979,50,200,2026-04-07T11:30:57.664347
2026-04-06_09-19-27,7536,400.78059938298196,143,1,0.41152263374485604,0.0,50,200,2026-04-07T11:31:17.911218
2026-04-06_09-19-27,7537,-22.172466655667606,38,0,0.02140267288193331,45.34313619501854,50,200,2026-04-07T11:31:25.362202
2026-04-06_09-19-27,7538,72.79683817857648,53,0,0.06099022975635821,14.866068747318506,50,200,2026-04-07T11:31:38.470493
2026-04-06_09-19-27,7539,67.90579864031521,65,0,0.03873552984106411,24.166091947189145,50,200,2026-04-07T11:31:51.331752
2026-04-06_09-19-27,7540,-86.62811218722541,13,0,0.01753410839696218,55.90169943749474,50,200,2026-04-07T11:31:54.840231
2026-04-06_09-19-27,7541,430.6763164226738,148,1,0.40322580645161293,0.0,50,200,2026-04-07T11:32:14.776113
2026-04-06_09-19-27,7542,422.2405240820039,112,1,0.4716981132075471,0.0,50,200,2026-04-07T11:32:35.380689
2026-04-06_09-19-27,7543,81.40802316257533,57,0,0.037551734782402035,25.059928172283335,50,200,2026-04-07T11:32:48.399767
2026-04-06_09-19-27,7544,-22.374048371634245,31,0,0.0228151196226344,42.5205832509386,50,200,2026-04-07T11:32:55.433874
2026-04-06_09-19-27,7545,-95.75247478360369,2,0,0.016173069130115212,60.81118318204309,50,200,2026-04-07T11:33:30.842757
2026-04-06_09-19-27,7546,20.984538641195215,37,0,0.026256974196023856,36.71511950137164,50,200,2026-04-07T11:33:39.625933
2026-04-06_09-19-27,7547,110.6965892629612,96,0,0.06616843407105946,13.152946437965905,50,200,2026-04-07T11:33:56.859846
2026-04-06_09-19-27,7548,-83.48661436977599,11,0,0.017927010907154664,54.67174773134658,50,200,2026-04-07T11:34:00.477386
2026-04-06_09-19-27,7549,314.6365304954894,200,0,0.12347173609369323,5.0990195135927845,50,200,2026-04-07T11:34:24.345443
2026-04-06_09-19-27,7550,30.36127485961738,54,0,0.027377974651761373,34.9857113690718,50,200,2026-04-07T11:34:34.637828
2026-04-06_09-19-27,7551,390.8913138290279,134,1,0.4273504273504274,0.0,50,200,2026-04-07T11:34:55.546383
2026-04-06_09-19-27,7552,427.20627924934155,152,1,0.3968253968253968,0.0,50,200,2026-04-07T11:35:18.135709
2026-04-06_09-19-27,7553,437.50608383230605,194,1,0.3401360544217687,0.0,50,200,2026-04-07T11:35:42.163670
2026-04-06_09-19-27,7554,303.1855393370823,200,0,0.110098661796365,6.082762530298219,50,200,2026-04-07T11:36:05.554438
2026-04-06_09-19-27,7555,435.9192675276963,183,1,0.35335689045936397,0.0,50,200,2026-04-07T11:36:28.161904
2026-04-06_09-19-27,7556,-53.87618275624552,24,0,0.020265866326398548,48.104053883222775,50,200,2026-04-07T11:36:33.435247
2026-04-06_09-19-27,7557,7.5508920984766945,42,0,0.027005869293669924,35.608987629529715,50,200,2026-04-07T11:36:42.350749
2026-04-06_09-19-27,7558,332.83574071361465,200,0,0.1715728752538099,2.8284271247461903,50,200,2026-04-07T11:37:05.630884
2026-04-06_09-19-27,7559,-11.219475435310727,29,0,0.025266320000864075,38.28837943815329,50,200,2026-04-07T11:37:13.132455
2026-04-06_09-19-27,7560,141.2538839356712,87,0,0.07882299097021991,10.816653826391969,50,200,2026-04-07T11:37:29.461602
2026-04-06_09-19-27,7561,-40.463071265678195,19,0,0.02120558872334877,45.967379738244816,50,200,2026-04-07T11:37:34.709370
2026-04-06_09-19-27,7562,-98.71873759500156,9,0,0.017773841654995133,55.17245689653489,50,200,2026-04-07T11:37:37.691836
2026-04-06_09-19-27,7563,108.57615337559959,80,0,0.047538946618146324,19.235384061671343,50,200,2026-04-07T11:37:52.067996
2026-04-06_09-19-27,7564,-114.71039168095199,5,0,0.01693480101608806,58.0,50,200,2026-04-07T11:37:54.369851
2026-04-06_09-19-27,7565,415.7656117119305,131,1,0.4329004329004329,0.0,50,200,2026-04-07T11:38:16.966887
2026-04-06_09-19-27,7566,425.1006193292105,139,1,0.41841004184100417,0.0,50,200,2026-04-07T11:38:38.302774
2026-04-06_09-19-27,7567,432.89441676750783,156,1,0.390625,0.0,50,200,2026-04-07T11:39:00.212942
2026-04-06_09-19-27,7568,-40.601263900799715,14,0,0.0197403459078718,49.51767361255979,50,200,2026-04-07T11:39:04.572550
2026-04-06_09-19-27,7569,404.78863223480016,139,1,0.41841004184100417,0.0,50,200,2026-04-07T11:39:26.279047
2026-04-06_09-19-27,7570,-51.48983352028066,18,0,0.021190540382493125,46.010868281309364,50,200,2026-04-07T11:39:31.523975
2026-04-06_09-19-27,7571,117.58034833668572,74,0,0.05512308595499655,16.401219466856727,50,200,2026-04-07T11:39:46.609329
2026-04-06_09-19-27,7572,-70.12607958906776,11,0,0.017773250280809234,55.154328932550705,50,200,2026-04-07T11:39:50.447298
2026-04-06_09-19-27,7573,200.55000286878095,171,0,0.13923434564113019,4.47213595499958,50,200,2026-04-07T11:40:12.419679
2026-04-06_09-19-27,7574,436.908838103868,186,1,0.34965034965034963,0.0,50,200,2026-04-07T11:40:33.894331
2026-04-06_09-19-27,7575,-71.78030130237684,8,0,0.01756052338620037,55.86591089385369,50,200,2026-04-07T11:40:36.881981
2026-04-06_09-19-27,7576,383.5223088749129,89,1,0.5291005291005291,0.0,50,200,2026-04-07T11:40:55.496589
2026-04-06_09-19-27,7577,437.6141730986961,191,1,0.3436426116838488,0.0,50,200,2026-04-07T11:41:45.905796
2026-04-06_09-19-27,7578,-7.697235188484413,48,0,0.02306866653627936,41.86884283091664,50,200,2026-04-07T11:41:54.400178
2026-04-06_09-19-27,7579,19.465881104704565,76,0,0.031873337102543364,29.614185789921695,50,200,2026-04-07T11:42:08.789402
2026-04-06_09-19-27,7580,-55.74288152491144,37,0,0.019062811528251563,51.088159097779204,50,200,2026-04-07T11:42:14.089072
2026-04-06_09-19-27,7581,408.0245657493721,101,1,0.49751243781094534,0.0,50,200,2026-04-07T11:42:33.788738
2026-04-06_09-19-27,7582,425.3709695521036,135,1,0.425531914893617,0.0,50,200,2026-04-07T11:42:57.269622
2026-04-06_09-19-27,7583,-102.63512180200661,1,0,0.015813927823395878,62.22539674441618,50,200,2026-04-07T11:42:58.575860
2026-04-06_09-19-27,7584,429.76426889570575,151,1,0.39840637450199207,0.0,50,200,2026-04-07T11:43:20.021483
2026-04-06_09-19-27,7585,-58.589474959159986,17,0,0.0194479209364651,50.24937810560445,50,200,2026-04-07T11:43:24.552260
2026-04-06_09-19-27,7586,-0.23144958080388278,38,0,0.02356892353800199,41.048751503547585,50,200,2026-04-07T11:43:32.828545
2026-04-06_09-19-27,7587,295.71345715524603,200,0,0.08891883476670036,8.246211251235321,50,200,2026-04-07T11:43:54.975285
2026-04-06_09-19-27,7588,19.368200885335497,58,0,0.028234351849199653,33.83784863137726,50,200,2026-04-07T11:44:06.133794
2026-04-06_09-19-27,7589,420.81835690171135,171,1,0.36900369003690037,0.0,50,200,2026-04-07T11:44:24.790027
2026-04-06_09-19-27,7590,420.68166556572135,163,1,0.3802281368821293,0.0,50,200,2026-04-07T11:44:46.512995
2026-04-06_09-19-27,7591,330.2938380182881,200,0,0.19098300562505258,2.23606797749979,50,200,2026-04-07T11:45:09.870996
2026-04-06_09-19-27,7592,131.73706901728428,99,0,0.07808440936688697,10.816653826391969,50,200,2026-04-07T11:45:27.450553
2026-04-06_09-19-27,7593,408.9150184389117,139,1,0.41841004184100417,0.0,50,200,2026-04-07T11:45:50.920089
2026-04-06_09-19-27,7594,248.87565540550133,200,0,0.052545240088231436,16.0312195418814,50,200,2026-04-07T11:46:13.001477
2026-04-06_09-19-27,7595,431.75203250507246,174,1,0.36496350364963503,0.0,50,200,2026-04-07T11:46:33.840438
2026-04-06_09-19-27,7596,-72.96280382022746,12,0,0.017770091957890432,55.154328932550705,50,200,2026-04-07T11:46:36.893326
2026-04-06_09-19-27,7597,-34.247097072161,43,0,0.023088938285429718,41.88078318274385,50,200,2026-04-07T11:46:45.455138
2026-04-06_09-19-27,7598,-82.00980854802587,7,0,0.018010939050376627,54.45181356024793,50,200,2026-04-07T11:46:48.274802
2026-04-06_09-19-27,7599,389.86832548205535,103,1,0.4926108374384236,0.0,50,200,2026-04-07T11:47:07.821031
2026-04-06_09-19-27,7600,109.93992389867057,83,0,0.048500617409915014,18.788294228055936,50,200,2026-04-07T11:47:22.624049
2026-04-06_09-19-27,7601,-28.391867567643743,45,0,0.023776756603549342,40.607881008493905,50,200,2026-04-07T11:47:31.541946
2026-04-06_09-19-27,7602,302.1458810337441,200,0,0.110098661796365,6.082762530298219,50,200,2026-04-07T11:47:57.391655
2026-04-06_09-19-27,7603,100.10986876644307,81,0,0.044592037890402475,20.615528128088304,50,200,2026-04-07T11:48:12.826211
2026-04-06_09-19-27,7604,427.511387158347,181,1,0.35587188612099646,0.0,50,200,2026-04-07T11:48:36.952863
2026-04-06_09-19-27,7605,24.647274318004676,33,0,0.02717517159218268,35.4682957019364,50,200,2026-04-07T11:48:45.017756
2026-04-06_09-19-27,7606,419.8960595913268,151,1,0.39840637450199207,0.0,50,200,2026-04-07T11:49:07.522341
2026-04-06_09-19-27,7607,35.966578982183194,38,0,0.03138781082366947,30.479501308256342,50,200,2026-04-07T11:49:17.076047
2026-04-06_09-19-27,7608,54.56544653042883,58,0,0.03573884651553739,26.40075756488817,50,200,2026-04-07T11:49:28.838052
2026-04-06_09-19-27,7609,176.30238633707404,157,0,0.10777948051963321,6.708203932499369,50,200,2026-04-07T11:50:23.853609
2026-04-06_09-19-27,7610,154.92113906909975,115,0,0.09618888803179867,8.246211251235321,50,200,2026-04-07T11:50:44.428043
2026-04-06_09-19-27,7611,145.1108330426638,138,0,0.08077544426494346,10.0,50,200,2026-04-07T11:51:14.507872
2026-04-06_09-19-27,7612,-12.632184700204974,36,0,0.02244888322669945,43.18564576337837,50,200,2026-04-07T11:51:22.169506
2026-04-06_09-19-27,7613,413.91435727235034,155,1,0.3921568627450981,0.0,50,200,2026-04-07T11:51:45.940774
2026-04-06_09-19-27,7614,329.0323858588511,200,0,0.1715728752538099,2.8284271247461903,50,200,2026-04-07T11:52:11.148032
2026-04-06_09-19-27,7615,53.82151274371236,62,0,0.04598840436024974,20.12461179749811,50,200,2026-04-07T11:52:25.106018
2026-04-06_09-19-27,7616,415.75600893098454,199,1,0.33444816053511706,0.0,50,200,2026-04-07T11:52:51.069400
2026-04-06_09-19-27,7617,-61.05958125390635,34,0,0.01847011480197804,52.80151512977634,50,200,2026-04-07T11:52:56.437532
2026-04-06_09-19-27,7618,313.62356364643114,200,0,0.10724372001086317,6.324555320336759,50,200,2026-04-07T11:53:20.952857
2026-04-06_09-19-27,7619,424.74043262454677,179,1,0.35842293906810035,0.0,50,200,2026-04-07T11:53:45.755026
2026-04-06_09-19-27,7620,399.5655969916625,146,1,0.4065040650406504,0.0,50,200,2026-04-07T11:54:08.863804
2026-04-06_09-19-27,7621,406.5747830311828,120,1,0.45454545454545453,0.0,50,200,2026-04-07T11:54:30.276112
2026-04-06_09-19-27,7622,-47.87358134602976,39,0,0.020486084468349847,47.4236228055175,50,200,2026-04-07T11:54:37.052300
2026-04-06_09-19-27,7623,434.82403554188795,184,1,0.35211267605633806,0.0,50,200,2026-04-07T11:54:59.784271
2026-04-06_09-19-27,7624,391.3344607202139,200,1,0.3333333333333333,0.0,50,200,2026-04-07T11:55:26.936359
2026-04-06_09-19-27,7625,53.6438543457088,112,0,0.03524998114962591,26.248809496813376,50,200,2026-04-07T11:55:45.217181
2026-04-06_09-19-27,7626,300.64106299970007,200,0,0.09419945114007976,7.615773105863909,50,200,2026-04-07T11:56:11.803325
2026-04-06_09-19-27,7627,-41.77783412343568,23,0,0.019705336793064444,49.51767361255979,50,200,2026-04-07T11:56:17.693361
2026-04-06_09-19-27,7628,341.03266134616103,200,0,0.2,2.0,50,200,2026-04-07T11:56:40.739067
2026-04-06_09-19-27,7629,412.3696501025166,149,1,0.4016064257028112,0.0,50,200,2026-04-07T11:57:01.478244
2026-04-06_09-19-27,7630,137.22508037774702,123,0,0.06549472668673992,13.038404810405298,50,200,2026-04-07T11:57:22.538672
2026-04-06_09-19-27,7631,408.18906680035144,112,1,0.4716981132075471,0.0,50,200,2026-04-07T11:57:42.522131
2026-04-06_09-19-27,7632,171.27867934064344,126,0,0.11986437302611969,6.082762530298219,50,200,2026-04-07T11:58:02.959114
2026-04-06_09-19-27,7633,328.7270171954815,200,0,0.12347173609369323,5.0990195135927845,50,200,2026-04-07T11:58:24.742249
2026-04-06_09-19-27,7634,428.73435812214814,179,1,0.35842293906810035,0.0,50,200,2026-04-07T11:58:47.225475
2026-04-06_09-19-27,7635,-40.7763460002151,43,0,0.02056272154133917,47.20169488482379,50,200,2026-04-07T11:58:54.182207
2026-04-06_09-19-27,7636,16.226930650711452,61,0,0.029188851648204808,32.64965543462902,50,200,2026-04-07T11:59:05.482636
2026-04-06_09-19-27,7637,331.6306410867277,200,0,0.19098300562505258,2.23606797749979,50,200,2026-04-07T11:59:27.656262
2026-04-06_09-19-27,7638,290.2487450343592,200,0,0.22654091966098644,1.4142135623730951,50,200,2026-04-07T11:59:51.802457
2026-04-06_09-19-27,7639,288.1762660032789,200,0,0.09039745979104553,8.06225774829855,50,200,2026-04-07T12:00:23.295713
2026-04-06_09-19-27,7640,-10.26492137702968,35,0,0.024846386792784732,38.897300677553446,50,200,2026-04-07T12:00:34.092096
2026-04-06_09-19-27,7641,-47.07905986686734,23,0,0.019395286718485148,50.32891812864648,50,200,2026-04-07T12:01:43.265125
2026-04-06_09-19-27,7642,-89.10282250983155,5,0,0.016538820725184505,59.413803110051795,50,200,2026-04-07T12:01:45.457035
2026-04-06_09-19-27,7643,430.6975155064205,182,1,0.35460992907801414,0.0,50,200,2026-04-07T12:02:12.181403
2026-04-06_09-19-27,7644,-84.50449230225067,10,0,0.017776409726600887,55.154328932550705,50,200,2026-04-07T12:02:15.900820
2026-04-06_09-19-27,7645,434.2367643179927,192,1,0.3424657534246575,0.0,50,200,2026-04-07T12:02:41.517102
2026-04-06_09-19-27,7646,130.5406876301555,103,0,0.11969517965436029,6.324555320336759,50,200,2026-04-07T12:03:04.622784
2026-04-06_09-19-27,7647,421.3153607073106,164,1,0.3787878787878788,0.0,50,200,2026-04-07T12:03:29.409596
2026-04-06_09-19-27,7648,91.30486456052435,119,0,0.05211047420531526,17.0,50,200,2026-04-07T12:03:48.618365
2026-04-06_09-19-27,7649,313.90594234712836,200,0,0.19098300562505258,2.23606797749979,50,200,2026-04-07T12:04:19.143521
2026-04-06_09-19-27,7650,428.7780243203556,166,1,0.37593984962406013,0.0,50,200,2026-04-07T12:04:45.261268
2026-04-06_09-19-27,7651,429.83984592813215,195,1,0.3389830508474576,0.0,50,200,2026-04-07T12:05:12.134345
2026-04-06_09-19-27,7652,315.29372055019184,200,0,0.1513878188659973,3.605551275463989,50,200,2026-04-07T12:05:35.273644
2026-04-06_09-19-27,7653,-16.538132012640517,76,0,0.02328694233285274,41.182520563948,50,200,2026-04-07T12:05:48.205450
2026-04-06_09-19-27,7654,408.8937612834803,193,1,0.3412969283276451,0.0,50,200,2026-04-07T12:06:12.405527
2026-04-06_09-19-27,7655,-92.31716841302918,3,0,0.016356376470631765,60.108235708594876,50,200,2026-04-07T12:06:14.415981
2026-04-06_09-19-27,7656,-7.13050838509011,53,0,0.02296638248155869,42.01190307520001,50,200,2026-04-07T12:06:23.945103
2026-04-06_09-19-27,7657,-83.78491112486964,9,0,0.016883972562957567,58.137767414994535,50,200,2026-04-07T12:06:26.694826
2026-04-06_09-19-27,7658,416.1331379707612,162,1,0.38167938931297707,0.0,50,200,2026-04-07T12:06:49.058202
2026-04-06_09-19-27,7659,141.834012327734,148,0,0.060548562048954785,14.035668847618199,50,200,2026-04-07T12:07:10.746140
2026-04-06_09-19-27,7660,426.9749174210666,177,1,0.36101083032490977,0.0,50,200,2026-04-07T12:07:36.495358
2026-04-06_09-19-27,7661,372.21563230369827,141,1,0.41493775933609955,0.0,50,200,2026-04-07T12:08:01.821537
2026-04-06_09-19-27,7662,75.58118657203772,59,0,0.03614439155455834,26.076809620810597,50,200,2026-04-07T12:08:14.925826
2026-04-06_09-19-27,7663,305.78776669046806,200,0,0.22654091966098644,1.4142135623730951,50,200,2026-04-07T12:08:41.037047
2026-04-06_09-19-27,7664,113.8351402845006,96,0,0.05059578096824116,17.804493814764857,50,200,2026-04-07T12:08:59.412018
2026-04-06_09-19-27,7665,289.82338093046906,200,0,0.09039745979104553,8.06225774829855,50,200,2026-04-07T12:09:25.168656
2026-04-06_09-19-27,7666,427.0221640258512,172,1,0.36764705882352944,0.0,50,200,2026-04-07T12:09:52.258869
2026-04-06_09-19-27,7667,77.75285841575085,68,0,0.04048299636866718,23.021728866442675,50,200,2026-04-07T12:10:06.910367
2026-04-06_09-19-27,7668,-13.34760096102174,28,0,0.022512731907685938,43.139309220245984,50,200,2026-04-07T12:10:14.436988
2026-04-06_09-19-27,7669,422.53098901177304,177,1,0.36101083032490977,0.0,50,200,2026-04-07T12:10:38.968265
2026-04-06_09-19-27,7670,329.50399194646707,200,0,0.25,1.0,50,200,2026-04-07T12:11:04.445969
2026-04-06_09-19-27,7671,-40.96119940404365,44,0,0.022202260557957005,43.60045871318328,50,200,2026-04-07T12:11:13.650905
2026-04-06_09-19-27,7672,-102.7062170302018,1,0,0.015813927823395878,62.22539674441618,50,200,2026-04-07T12:11:15.229835
2026-04-06_09-19-27,7673,427.0454675683286,173,1,0.3663003663003663,0.0,50,200,2026-04-07T12:12:26.568087
2026-04-06_09-19-27,7674,-63.69427022917493,17,0,0.01811363702128206,54.037024344425184,50,200,2026-04-07T12:12:31.671778
2026-04-06_09-19-27,7675,195.6862452503525,166,0,0.24544614186045097,1.4142135623730951,50,200,2026-04-07T12:12:53.351689
2026-04-06_09-19-27,7676,-85.47851365694899,6,0,0.01673524704989899,58.69412236331676,50,200,2026-04-07T12:12:55.868889
2026-04-06_09-19-27,7677,327.80981556584726,200,0,0.25,1.0,50,200,2026-04-07T12:13:21.878149
2026-04-06_09-19-27,7678,315.27054223640516,200,0,0.1715728752538099,2.8284271247461903,50,200,2026-04-07T12:13:47.739607
2026-04-06_09-19-27,7679,316.3385846895556,200,0,0.13383054136359812,4.47213595499958,50,200,2026-04-07T12:14:13.642648
2026-04-06_09-19-27,7680,126.10870483007898,97,0,0.06483560523440843,13.45362404707371,50,200,2026-04-07T12:14:31.366782
2026-04-06_09-19-27,7681,-5.769356852295687,61,0,0.028693136430888534,33.24154027718932,50,200,2026-04-07T12:14:42.416469
2026-04-06_09-19-27,7682,400.1544604573421,134,1,0.4273504273504274,0.0,50,200,2026-04-07T12:15:02.218269
2026-04-06_09-19-27,7683,102.65430629340817,97,0,0.04698539825175117,19.313207915827967,50,200,2026-04-07T12:15:19.248573
2026-04-06_09-19-27,7684,298.7267665064753,200,0,0.10724372001086317,6.324555320336759,50,200,2026-04-07T12:15:42.724981
2026-04-06_09-19-27,7685,430.0297036755859,172,1,0.36764705882352944,0.0,50,200,2026-04-07T12:16:04.919566
2026-04-06_09-19-27,7686,426.1397466403091,184,1,0.35211267605633806,0.0,50,200,2026-04-07T12:16:28.723034
2026-04-06_09-19-27,7687,314.0729404093539,200,0,0.1715728752538099,2.8284271247461903,50,200,2026-04-07T12:16:45.589056
2026-04-06_09-19-27,7688,-52.04558504348349,19,0,0.020260805880334624,48.16637831516918,50,200,2026-04-07T12:16:50.596386
2026-04-06_09-19-27,7689,415.2915137363873,148,1,0.40322580645161293,0.0,50,200,2026-04-07T12:17:14.524110
2026-04-06_09-19-27,7690,305.67791638031497,200,0,0.10724372001086317,6.324555320336759,50,200,2026-04-07T12:17:37.492055
2026-04-06_09-19-27,7691,-6.6531799041111555,50,0,0.024660153261883616,39.05124837953327,50,200,2026-04-07T12:17:46.762480
2026-04-06_09-19-27,7692,320.53741614031827,200,0,0.22654091966098644,1.4142135623730951,50,200,2026-04-07T12:18:13.090186
2026-04-06_09-19-27,7693,116.67779241565931,126,0,0.0613659991100127,14.035668847618199,50,200,2026-04-07T12:18:33.532001
2026-04-06_09-19-27,7694,62.7437964764798,67,0,0.035916308979148534,26.1725046566048,50,200,2026-04-07T12:18:45.639976
2026-04-06_09-19-27,7695,155.9451279113901,104,0,0.0867540981717406,9.486832980505138,50,200,2026-04-07T12:19:06.028523
2026-04-06_09-19-27,7696,40.47172458793108,94,0,0.03162390908461124,29.68164415931166,50,200,2026-04-07T12:19:19.925148
2026-04-06_09-19-27,7697,-48.29938415055278,46,0,0.020768229209678146,46.69047011971501,50,200,2026-04-07T12:19:27.414051
2026-04-06_09-19-27,7698,-49.40675140654082,21,0,0.020885962670458197,46.66904755831214,50,200,2026-04-07T12:19:32.769836
2026-04-06_09-19-27,7699,-30.92178313548503,38,0,0.021749434824351436,44.598206241955516,50,200,2026-04-07T12:19:39.494863
2026-04-06_09-19-27,7700,-33.01605231351343,31,0,0.020484292057810907,47.50789408087881,50,200,2026-04-07T12:19:45.982589
2026-04-06_09-19-27,7701,54.33262077891348,86,0,0.03346960880364444,28.0178514522438,50,200,2026-04-07T12:19:59.461564
2026-04-06_09-19-27,7702,334.1047662360542,200,0,0.2,2.0,50,200,2026-04-07T12:20:22.518966
2026-04-06_09-19-27,7703,184.0145123864341,175,0,0.20055883804886254,2.23606797749979,50,200,2026-04-07T12:20:56.421426
2026-04-06_09-19-27,7704,-67.47643877853267,19,0,0.017972095731876504,54.45181356024793,50,200,2026-04-07T12:20:59.892956
2026-04-06_09-19-27,7705,420.46911374674835,137,1,0.42194092827004215,0.0,50,200,2026-04-07T12:22:03.348306
2026-04-06_09-19-27,7706,429.1991638746421,174,1,0.36496350364963503,0.0,50,200,2026-04-07T12:22:29.246148
2026-04-06_09-19-27,7707,137.80843065609076,91,0,0.0620244646184478,14.212670403551895,50,200,2026-04-07T12:22:47.766723
2026-04-06_09-19-27,7708,335.2458978141601,200,0,0.22654091966098644,1.4142135623730951,50,200,2026-04-07T12:23:12.258649
2026-04-06_09-19-27,7709,-39.248673000325006,25,0,0.020720820532241745,47.01063709417264,50,200,2026-04-07T12:23:18.113509
2026-04-06_09-19-27,7710,437.5389372914912,194,1,0.3401360544217687,0.0,50,200,2026-04-07T12:23:41.735671
2026-04-06_09-19-27,7711,335.3182602021291,200,0,0.19098300562505258,2.23606797749979,50,200,2026-04-07T12:24:06.797260
2026-04-06_09-19-27,7712,432.3867899524644,149,1,0.4016064257028112,0.0,50,200,2026-04-07T12:24:28.218810
2026-04-06_09-19-27,7713,432.39812973502796,171,1,0.36900369003690037,0.0,50,200,2026-04-07T12:24:49.822558
2026-04-06_09-19-27,7714,432.3300206845695,176,1,0.3623188405797102,0.0,50,200,2026-04-07T12:25:13.172781
2026-04-06_09-19-27,7715,421.37849373694905,160,1,0.3846153846153846,0.0,50,200,2026-04-07T12:25:35.975666
2026-04-06_09-19-27,7716,432.8085194495035,150,1,0.4,0.0,50,200,2026-04-07T12:25:55.637439
2026-04-06_09-19-27,7717,436.79712266645805,169,1,0.3717472118959108,0.0,50,200,2026-04-07T12:26:18.126170
2026-04-06_09-19-27,7718,-62.32057131069225,14,0,0.02120851718008342,46.010868281309364,50,200,2026-04-07T12:26:22.981786
2026-04-06_09-19-27,7719,-64.11317052738345,19,0,0.01814970050883165,53.907327887774215,50,200,2026-04-07T12:26:27.278820
2026-04-06_09-19-27,7720,426.78832352524375,176,1,0.3623188405797102,0.0,50,200,2026-04-07T12:26:51.679011
2026-04-06_09-19-27,7721,408.35163673548317,158,1,0.38759689922480617,0.0,50,200,2026-04-07T12:27:13.866415
2026-04-06_09-19-27,7722,319.0600995267868,200,0,0.2,2.0,50,200,2026-04-07T12:27:37.390900
2026-04-06_09-19-27,7723,425.3003231602809,174,1,0.36496350364963503,0.0,50,200,2026-04-07T12:28:03.780979
2026-04-06_09-19-27,7724,413.9426541975135,191,1,0.3436426116838488,0.0,50,200,2026-04-07T12:28:24.914957
2026-04-06_09-19-27,7725,416.56266595677823,115,1,0.4651162790697674,0.0,50,200,2026-04-07T12:28:46.188876
2026-04-06_09-19-27,7726,-25.020550633674773,25,0,0.021518483544703496,45.221676218380054,50,200,2026-04-07T12:28:52.666858
2026-04-06_09-19-27,7727,395.89533057534106,117,1,0.4608294930875576,0.0,50,200,2026-04-07T12:29:13.676519
2026-04-06_09-19-27,7728,58.755075289289366,60,0,0.039950861993485035,23.430749027719962,50,200,2026-04-07T12:29:26.547043
2026-04-06_09-19-27,7729,433.6851098447107,180,1,0.35714285714285715,0.0,50,200,2026-04-07T12:29:49.876896
2026-04-06_09-19-27,7730,434.4985738104216,187,1,0.3484320557491289,0.0,50,200,2026-04-07T12:30:13.367497
2026-04-06_09-19-27,7731,398.0173949555607,116,1,0.4629629629629629,0.0,50,200,2026-04-07T12:30:33.919052
2026-04-06_09-19-27,7732,91.44802442957292,63,0,0.04377669720533619,21.213203435596427,50,200,2026-04-07T12:30:46.570810
2026-04-06_09-19-27,7733,337.60186373908044,200,0,0.25,1.0,50,200,2026-04-07T12:31:09.442842
2026-04-06_09-19-27,7734,317.00204487528947,200,0,0.1715728752538099,2.8284271247461903,50,200,2026-04-07T12:31:33.972799
2026-04-06_09-19-27,7735,436.1500996914531,198,1,0.33557046979865773,0.0,50,200,2026-04-07T12:31:57.026018
2026-04-06_09-19-27,7736,-103.88354711267614,7,0,0.01634568222534588,60.108235708594876,50,200,2026-04-07T12:31:58.912838
