profile,environment,method,episode,seed,success,steps,path_length,path_efficiency,final_distance,hazard_encounters,total_reward,hazard_penalty,elapsed_time,fire_zone_count,avg_fire_intensity,max_gt_hazard,high_risk_cell_fraction
fire_light,Light/Sparse Fire,A*,1,20260530,1,49,66.81118318204308,0.9525293113487888,0.0,0,411.82330639771027,0.0,2.477695941925049,2,0.6639945463004663,0.6902297139167786,0.0104
fire_light,Light/Sparse Fire,PPO,1,20260530,0,22,31.112698372208097,0.0,32.526911934581186,0,44.696898256903495,0.0,0.9142038822174072,2,0.6639945463004663,0.6902297139167786,0.0104
fire_light,Light/Sparse Fire,A*,2,20260531,1,49,66.8111831820431,0.9525293113487886,0.0,0,413.1291614184997,0.0,1.9461698532104492,2,0.6291275403851746,0.7062033414840698,0.0104
fire_light,Light/Sparse Fire,PPO,2,20260531,0,16,22.627416997969522,0.0,41.012193308819754,0,-15.431622815052378,0.0,0.685697078704834,2,0.6291275403851746,0.7062033414840698,0.0104
fire_light,Light/Sparse Fire,A*,3,20260532,1,49,66.81118318204308,0.9525293113487888,0.0,0,410.19037611898835,0.0,2.4181511402130127,1,0.5870530251031748,0.5870530009269714,0.0052
fire_light,Light/Sparse Fire,PPO,3,20260532,0,14,19.798989873223334,0.0,43.840620433565945,1,-15.056472105031844,0.4565967917442322,0.6501398086547852,1,0.5870530251031748,0.5870530009269714,0.0052
fire_light,Light/Sparse Fire,A*,4,20260533,1,49,67.63961030678928,0.9408630537364508,0.0,0,413.6839957658435,0.0,2.729829788208008,2,0.7367671647299623,0.7496159076690674,0.0104
fire_light,Light/Sparse Fire,PPO,4,20260533,0,26,36.76955262170047,0.0,26.870057685088806,1,63.944111195009626,0.64348304271698,1.4745769500732422,2,0.7367671647299623,0.7496159076690674,0.0104
fire_light,Light/Sparse Fire,A*,5,20260534,1,52,71.05382386916236,0.8956535600951537,0.0,0,411.0479881266351,0.0,2.6101958751678467,1,0.6312599182658991,0.6312599182128906,0.0052
fire_light,Light/Sparse Fire,PPO,5,20260534,0,23,32.52691193458119,0.0,31.11269837220809,0,50.46548865270397,0.0,1.1702210903167725,1,0.6312599182658991,0.6312599182128906,0.0052
fire_light,Light/Sparse Fire,A*,6,20260535,1,50,68.22539674441617,0.9327847596869825,0.0,0,412.6198816557928,0.0,1.834080696105957,1,0.5975483080536963,0.5975483059883118,0.0052
fire_light,Light/Sparse Fire,PPO,6,20260535,0,17,24.041630560342618,0.0,39.59797974644666,1,0.15362318964298538,0.5311540365219116,0.6705789566040039,1,0.5975483080536963,0.5975483059883118,0.0052
fire_light,Light/Sparse Fire,A*,7,20260536,1,54,72.22539674441616,0.8811251052312058,0.0,0,412.7383701047037,0.0,1.920356035232544,2,0.6212268276574975,0.6500987410545349,0.0104
fire_light,Light/Sparse Fire,PPO,7,20260536,0,15,21.21320343559643,0.0,42.42640687119285,2,-22.17083741468865,0.8667983710765839,0.5994541645050049,2,0.6212268276574975,0.6500987410545349,0.0104
fire_light,Light/Sparse Fire,A*,8,20260537,1,50,68.22539674441617,0.9327847596869825,0.0,0,413.5791820176811,0.0,1.793308973312378,1,0.5778785506637955,0.5778785347938538,0.0052
fire_light,Light/Sparse Fire,PPO,8,20260537,0,21,29.698484809835,0.0,33.94112549695428,0,37.50868135544428,0.0,0.8218231201171875,1,0.5778785506637955,0.5778785347938538,0.0052
fire_light,Light/Sparse Fire,A*,9,20260538,1,50,67.39696961966999,0.944250322617115,0.0,0,412.89199370334194,0.0,2.1041860580444336,1,0.7281036136063771,0.7281036376953125,0.0052
fire_light,Light/Sparse Fire,PPO,9,20260538,0,22,31.112698372208097,0.0,32.526911934581186,0,38.708595191582134,0.0,0.9299871921539307,1,0.7281036136063771,0.7281036376953125,0.0052
fire_light,Light/Sparse Fire,A*,10,20260539,1,47,65.63961030678927,0.9695305930267974,0.0,0,413.36971665758557,0.0,2.0289251804351807,1,0.6954409190990399,0.695440948009491,0.0052
fire_light,Light/Sparse Fire,PPO,10,20260539,0,21,29.698484809835,0.0,33.94112549695428,1,37.01516754344445,0.38635605573654175,0.9017469882965088,1,0.6954409190990399,0.695440948009491,0.0052
fire_light,Light/Sparse Fire,A*,11,20260540,1,49,66.81118318204308,0.9525293113487888,0.0,0,413.6614665248537,0.0,2.2692127227783203,1,0.6916469820378414,0.6916469931602478,0.0052
fire_light,Light/Sparse Fire,PPO,11,20260540,0,24,33.941125496954285,0.0,29.698484809834994,0,58.36653395114314,0.0,1.0813350677490234,1,0.6916469820378414,0.6916469931602478,0.0052
fire_light,Light/Sparse Fire,A*,12,20260541,1,49,67.63961030678928,0.9408630537364508,0.0,0,412.56560632115,0.0,2.0910189151763916,1,0.6851359025752312,0.6851359009742737,0.0052
fire_light,Light/Sparse Fire,PPO,12,20260541,0,24,33.941125496954285,0.0,29.698484809834994,0,58.675633375111886,0.0,0.9541430473327637,1,0.6851359025752312,0.6851359009742737,0.0052
fire_light,Light/Sparse Fire,A*,13,20260542,1,57,72.32590180780451,0.8799006817212209,0.0,0,413.6172653826987,0.0,1.784764051437378,2,0.6127314305175864,0.6697275042533875,0.0104
fire_light,Light/Sparse Fire,PPO,13,20260542,0,14,19.798989873223334,0.0,43.840620433565945,1,-15.167891365533706,0.4322386085987091,0.5739679336547852,2,0.6127314305175864,0.6697275042533875,0.0104
fire_light,Light/Sparse Fire,A*,14,20260543,1,51,68.81118318204308,0.9248440059289175,0.0,0,413.7136373583143,0.0,2.0179169178009033,1,0.6199487714920792,0.6199487447738647,0.0052
fire_light,Light/Sparse Fire,PPO,14,20260543,0,22,31.112698372208097,0.0,32.526911934581186,0,44.62749648622659,0.0,0.8342709541320801,1,0.6199487714920792,0.6199487447738647,0.0052
fire_light,Light/Sparse Fire,A*,15,20260544,1,48,67.05382386916239,0.9490824927593238,0.0,0,413.42005322145087,0.0,1.633178949356079,1,0.5532285112889501,0.553228497505188,0.0052
fire_light,Light/Sparse Fire,PPO,15,20260544,0,20,28.284271247461906,0.0,35.35533905932738,1,29.979050484978046,0.30734917521476746,0.7637040615081787,1,0.5532285112889501,0.553228497505188,0.0052
fire_light,Light/Sparse Fire,A*,16,20260545,1,47,65.63961030678927,0.9695305930267974,0.0,0,413.2418095311424,0.0,1.6445538997650146,2,0.6488750548872284,0.7194628715515137,0.0104
fire_light,Light/Sparse Fire,PPO,16,20260545,0,20,28.284271247461906,0.0,35.35533905932738,1,30.032263395009608,0.3212706744670868,0.7501881122589111,2,0.6488750548872284,0.7194628715515137,0.0104
fire_light,Light/Sparse Fire,A*,17,20260546,1,50,67.39696961966999,0.944250322617115,0.0,0,413.8003576870204,0.0,1.708400011062622,2,0.5891782210962464,0.5988238453865051,0.0104
fire_light,Light/Sparse Fire,PPO,17,20260546,0,23,32.52691193458119,0.0,31.11269837220809,0,51.422936330576064,0.0,0.8889210224151611,2,0.5891782210962464,0.5988238453865051,0.0104
fire_light,Light/Sparse Fire,A*,18,20260547,1,49,67.63961030678928,0.9408630537364508,0.0,0,411.9091143281777,0.0,1.7329442501068115,1,0.5849872314183726,0.584987223148346,0.0052
fire_light,Light/Sparse Fire,PPO,18,20260547,0,17,24.041630560342618,0.0,39.59797974644666,0,1.8514745706008853,0.0,0.6696629524230957,1,0.5849872314183726,0.584987223148346,0.0052
fire_light,Light/Sparse Fire,A*,19,20260548,1,54,73.05382386916236,0.8711331855915755,0.0,0,411.9526348713555,0.0,1.7894682884216309,2,0.5828006779935482,0.6031651496887207,0.0104
fire_light,Light/Sparse Fire,PPO,19,20260548,0,17,24.041630560342618,0.0,39.59797974644666,0,1.8638263536249724,0.0,0.6806809902191162,2,0.5828006779935482,0.6031651496887207,0.0104
fire_light,Light/Sparse Fire,A*,20,20260549,1,49,68.46803743153548,0.9294791072465838,0.0,0,412.9669446446501,0.0,2.306325912475586,1,0.6729777442397692,0.6729777455329895,0.0052
fire_light,Light/Sparse Fire,PPO,20,20260549,0,19,26.87005768508881,0.0,36.76955262170047,0,22.826473913339726,0.0,0.8431198596954346,1,0.6729777442397692,0.6729777455329895,0.0052
fire_light,Light/Sparse Fire,A*,21,20260550,1,48,67.05382386916239,0.9490824927593238,0.0,0,412.3187514447318,0.0,2.07302188873291,2,0.6075431757729575,0.6183876991271973,0.0104
fire_light,Light/Sparse Fire,PPO,21,20260550,0,15,21.21320343559643,0.0,42.42640687119285,1,-5.961268943950799,0.33149927854537964,0.7212557792663574,2,0.6075431757729575,0.6183876991271973,0.0104
fire_light,Light/Sparse Fire,A*,22,20260551,1,49,66.8111831820431,0.9525293113487886,0.0,0,411.87803955811023,0.0,2.057810068130493,1,0.6582472778114347,0.6582472920417786,0.0052
fire_light,Light/Sparse Fire,PPO,22,20260551,0,13,18.38477631085024,0.0,45.254833995939045,0,-19.406827912514018,0.0,0.5805370807647705,1,0.6582472778114347,0.6582472920417786,0.0052
fire_light,Light/Sparse Fire,A*,23,20260552,1,52,71.88225099390856,0.885331349906978,0.0,0,412.8391519016685,0.0,1.8271870613098145,2,0.6995555330485491,0.7381472587585449,0.0104
fire_light,Light/Sparse Fire,PPO,23,20260552,0,15,21.21320343559643,0.0,42.42640687119285,0,-13.71148181659133,0.0,0.6139309406280518,2,0.6995555330485491,0.7381472587585449,0.0104
fire_light,Light/Sparse Fire,A*,24,20260553,1,50,68.22539674441619,0.9327847596869824,0.0,0,413.60758814857184,0.0,1.9599361419677734,1,0.6050988322876464,0.6050988435745239,0.0052
fire_light,Light/Sparse Fire,PPO,24,20260553,0,25,35.35533905932738,0.0,28.284271247461902,0,58.858869306907295,0.0,1.0577099323272705,1,0.6050988322876464,0.6050988435745239,0.0052
fire_light,Light/Sparse Fire,A*,25,20260554,1,50,68.22539674441617,0.9327847596869825,0.0,0,412.766102026673,0.0,2.34782075881958,1,0.5909403318943154,0.5909403562545776,0.0052
fire_light,Light/Sparse Fire,PPO,25,20260554,0,19,26.87005768508881,0.0,36.76955262170047,2,11.182437934669508,1.050560623407364,0.8457229137420654,1,0.5909403318943154,0.5909403562545776,0.0052
fire_light,Light/Sparse Fire,A*,26,20260555,1,50,66.5685424949238,0.9560012570748733,0.0,0,413.63223297574064,0.0,1.7763020992279053,1,0.5926373281069559,0.592637300491333,0.0052
fire_light,Light/Sparse Fire,PPO,26,20260555,0,22,31.112698372208097,0.0,32.526911934581186,0,35.44107869778483,0.0,0.05404806137084961,1,0.5926373281069559,0.592637300491333,0.0052
fire_light,Light/Sparse Fire,A*,27,20260556,1,51,71.29646455628166,0.8926054146282663,0.0,0,410.9644901376555,0.0,1.7914478778839111,1,0.6796448332282673,0.6796448230743408,0.0052
fire_light,Light/Sparse Fire,PPO,27,20260556,0,13,18.38477631085024,0.0,45.254833995939045,0,-26.105793852024817,0.0,0.05207204818725586,1,0.6796448332282673,0.6796448230743408,0.0052
fire_light,Light/Sparse Fire,A*,28,20260557,1,52,71.05382386916236,0.8956535600951537,0.0,0,412.60521579272404,0.0,1.8154411315917969,1,0.7341633346419391,0.7341633439064026,0.0052
fire_light,Light/Sparse Fire,PPO,28,20260557,0,19,26.87005768508881,0.0,36.76955262170047,0,22.50067073483939,0.0,0.03925609588623047,1,0.7341633346419391,0.7341633439064026,0.0052
fire_light,Light/Sparse Fire,A*,29,20260558,1,52,71.88225099390856,0.885331349906978,0.0,0,412.9083540953696,0.0,1.8212947845458984,2,0.7306636032531143,0.7398136258125305,0.0104
fire_light,Light/Sparse Fire,PPO,29,20260558,0,23,32.52691193458119,0.0,31.11269837220809,0,51.76080303005237,0.0,0.0393528938293457,2,0.7306636032531143,0.7398136258125305,0.0104
fire_light,Light/Sparse Fire,A*,30,20260559,1,53,72.46803743153545,0.8781748831947206,0.0,0,412.0453471180713,0.0,3.104539155960083,2,0.6249576692019401,0.6742520332336426,0.0104
fire_light,Light/Sparse Fire,PPO,30,20260559,0,20,28.284271247461906,0.0,35.35533905932738,1,29.821695387906487,0.37458446621894836,0.038426876068115234,2,0.6249576692019401,0.6742520332336426,0.0104
fire_light,Light/Sparse Fire,A*,31,20260560,1,52,69.39696961966997,0.9170373094901132,0.0,0,411.8882309440361,0.0,1.8283021450042725,2,0.6333171694547095,0.6883860230445862,0.0104
fire_light,Light/Sparse Fire,PPO,31,20260560,0,6,8.485281374238571,0.0,55.154328932550705,0,-74.81751962201662,0.0,0.0385739803314209,2,0.6333171694547095,0.6883860230445862,0.0104
fire_light,Light/Sparse Fire,A*,32,20260561,1,48,67.05382386916239,0.9490824927593238,0.0,1,412.0891632496917,0.39918166399002075,1.9461350440979004,2,0.6867919625592889,0.7185270190238953,0.0104
fire_light,Light/Sparse Fire,PPO,32,20260561,0,22,31.112698372208097,0.0,32.526911934581186,1,39.16520284933651,0.6386906504631042,0.4025919437408447,2,0.6867919625592889,0.7185270190238953,0.0104
fire_light,Light/Sparse Fire,A*,33,20260562,1,56,75.88225099390857,0.8386626579105823,0.0,0,412.7471463991445,0.0,2.082570791244507,2,0.7271370507135448,0.746503472328186,0.0104
fire_light,Light/Sparse Fire,PPO,33,20260562,0,6,8.485281374238571,0.0,55.154328932550705,0,-68.64876134889192,0.0,0.027601957321166992,2,0.7271370507135448,0.746503472328186,0.0104
fire_light,Light/Sparse Fire,A*,34,20260563,1,49,67.63961030678928,0.9408630537364508,0.0,0,412.19094735952206,0.0,1.8142070770263672,2,0.5974980682266051,0.632021427154541,0.0104
fire_light,Light/Sparse Fire,PPO,34,20260563,0,22,31.112698372208097,0.0,32.526911934581186,2,27.2411926355596,1.1235935688018799,0.05530977249145508,2,0.5974980682266051,0.632021427154541,0.0104
fire_light,Light/Sparse Fire,A*,35,20260564,1,50,69.05382386916237,0.9215942976216421,0.0,0,413.6872557110881,0.0,1.7633979320526123,2,0.5949467585792658,0.6142709851264954,0.0104
fire_light,Light/Sparse Fire,PPO,35,20260564,0,23,32.52691193458119,0.0,31.11269837220809,0,51.588765181955566,0.0,0.0353391170501709,2,0.5949467585792658,0.6142709851264954,0.0104
fire_light,Light/Sparse Fire,A*,36,20260565,1,49,67.63961030678928,0.9408630537364508,0.0,0,413.1188555195273,0.0,1.7422857284545898,1,0.670930524172351,0.6709305047988892,0.0052
fire_light,Light/Sparse Fire,PPO,36,20260565,0,21,29.698484809835,0.0,33.94112549695428,1,29.63619337974555,0.5218348503112793,0.04620695114135742,1,0.670930524172351,0.6709305047988892,0.0052
fire_light,Light/Sparse Fire,A*,37,20260566,1,49,68.46803743153548,0.9294791072465838,0.0,0,412.3271007123128,0.0,1.7213451862335205,2,0.5525205249027203,0.5544164776802063,0.0104
fire_light,Light/Sparse Fire,PPO,37,20260566,0,13,18.38477631085024,0.0,45.254833995939045,0,-19.24147572578204,0.0,0.02498006820678711,2,0.5525205249027203,0.5544164776802063,0.0104
fire_light,Light/Sparse Fire,A*,38,20260567,1,49,67.63961030678928,0.9408630537364508,0.0,0,413.0399719944048,0.0,1.7515559196472168,1,0.6498742297309283,0.649874210357666,0.0052
fire_light,Light/Sparse Fire,PPO,38,20260567,0,15,21.21320343559643,0.0,42.42640687119285,1,-5.154423470243145,0.36104124784469604,0.025971174240112305,1,0.6498742297309283,0.649874210357666,0.0052
fire_light,Light/Sparse Fire,A*,39,20260568,1,52,69.39696961966999,0.9170373094901131,0.0,0,413.7169436731829,0.0,1.7310118675231934,1,0.6024227677351972,0.6024227738380432,0.0052
fire_light,Light/Sparse Fire,PPO,39,20260568,0,21,29.698484809835,0.0,33.94112549695428,0,33.4962767417604,0.0,0.05528593063354492,1,0.6024227677351972,0.6024227738380432,0.0052
fire_light,Light/Sparse Fire,A*,40,20260569,1,49,68.46803743153548,0.9294791072465838,0.0,0,412.864908847468,0.0,1.7316911220550537,2,0.6072035074385909,0.6121613383293152,0.0104
fire_light,Light/Sparse Fire,PPO,40,20260569,0,22,31.112698372208097,0.0,32.526911934581186,1,39.297704516585526,0.3400896191596985,0.04946613311767578,2,0.6072035074385909,0.6121613383293152,0.0104
fire_light,Light/Sparse Fire,A*,41,20260570,1,50,69.05382386916237,0.9215942976216421,0.0,0,412.3776271018486,0.0,1.7576980590820312,1,0.7278158805883623,0.7278158664703369,0.0052
fire_light,Light/Sparse Fire,PPO,41,20260570,0,18,25.455844122715714,0.0,38.18376618407357,0,15.705880928573762,0.0,0.03192591667175293,1,0.7278158805883623,0.7278158664703369,0.0052
fire_light,Light/Sparse Fire,A*,42,20260571,1,48,66.22539674441619,0.9609547610925422,0.0,0,412.8981527129319,0.0,1.7228639125823975,2,0.5755620748422261,0.6006916165351868,0.0104
fire_light,Light/Sparse Fire,PPO,42,20260571,0,15,21.21320343559643,0.0,42.42640687119285,1,-5.401763496205476,0.3057958483695984,0.039653778076171875,2,0.5755620748422261,0.6006916165351868,0.0104
fire_light,Light/Sparse Fire,A*,43,20260572,1,48,65.39696961966999,0.9731278173422866,0.0,0,413.20163417256805,0.0,1.760920763015747,2,0.6692507543786987,0.696932852268219,0.0104
fire_light,Light/Sparse Fire,PPO,43,20260572,0,15,21.21320343559643,0.0,42.42640687119285,1,-9.121027243539956,0.5702832341194153,0.035738229751586914,2,0.6692507543786987,0.696932852268219,0.0104
fire_light,Light/Sparse Fire,A*,44,20260573,1,51,67.9827560572969,0.9361140088694382,0.0,0,413.4977134693462,0.0,1.8217887878417969,2,0.6307751003843305,0.6629332304000854,0.0104
fire_light,Light/Sparse Fire,PPO,44,20260573,0,11,15.556349186104049,0.0,48.08326112068523,0,-32.790077395980816,0.0,0.02099323272705078,2,0.6307751003843305,0.6629332304000854,0.0104
fire_light,Light/Sparse Fire,A*,45,20260574,1,48,66.22539674441619,0.9609547610925422,0.0,0,411.6601635391219,0.0,1.7318100929260254,1,0.7049304097748232,0.7049304246902466,0.0052
fire_light,Light/Sparse Fire,PPO,45,20260574,1,45,63.639610306789265,1.0000000000000002,0.0,0,397.0123756128527,0.0,0.0676431655883789,1,0.7049304097748232,0.7049304246902466,0.0052
fire_light,Light/Sparse Fire,A*,46,20260575,1,50,68.22539674441617,0.9327847596869825,0.0,0,412.40524119736165,0.0,1.8000049591064453,1,0.7168929021926128,0.7168928980827332,0.0052
fire_light,Light/Sparse Fire,PPO,46,20260575,0,23,32.52691193458119,0.0,31.11269837220809,0,45.145882633370476,0.0,0.05773210525512695,1,0.7168929021926128,0.7168928980827332,0.0052
fire_light,Light/Sparse Fire,A*,47,20260576,1,49,67.63961030678928,0.9408630537364508,0.0,0,413.46540337987705,0.0,1.7381398677825928,2,0.6670799046832361,0.7460947036743164,0.0104
fire_light,Light/Sparse Fire,PPO,47,20260576,0,20,28.284271247461906,0.0,35.35533905932738,0,29.86907813730531,0.0,0.03022003173828125,2,0.6670799046832361,0.7460947036743164,0.0104
fire_light,Light/Sparse Fire,A*,48,20260577,1,50,67.39696961966999,0.944250322617115,0.0,0,412.89562292842174,0.0,1.79665207862854,2,0.6738337423396792,0.7225475311279297,0.0104
fire_light,Light/Sparse Fire,PPO,48,20260577,0,14,19.798989873223334,0.0,43.840620433565945,0,-29.11684415963009,0.0,0.03815507888793945,2,0.6738337423396792,0.7225475311279297,0.0104
fire_light,Light/Sparse Fire,A*,49,20260578,1,51,67.15432893255071,0.9476620691230258,0.0,0,413.8453141471476,0.0,1.724320888519287,2,0.6544654021809986,0.702033519744873,0.0104
fire_light,Light/Sparse Fire,PPO,49,20260578,0,23,32.52691193458119,0.0,31.11269837220809,0,45.516520510432926,0.0,0.04839277267456055,2,0.6544654021809986,0.702033519744873,0.0104
fire_light,Light/Sparse Fire,A*,50,20260579,1,49,66.81118318204308,0.9525293113487888,0.0,0,413.48320108086193,0.0,1.7452750205993652,1,0.7414057285063758,0.741405725479126,0.0052
fire_light,Light/Sparse Fire,PPO,50,20260579,0,20,28.284271247461906,0.0,35.35533905932738,0,30.751300450978846,0.0,0.028863906860351562,1,0.7414057285063758,0.741405725479126,0.0052
fire_light,Light/Sparse Fire,A*,51,20260580,1,51,69.63961030678927,0.9138421370601059,0.0,0,413.6926668706448,0.0,1.7776777744293213,1,0.5704841727094598,0.5704841613769531,0.0052
fire_light,Light/Sparse Fire,PPO,51,20260580,0,22,31.112698372208097,0.0,32.526911934581186,0,35.55940180675972,0.0,0.061064958572387695,1,0.5704841727094598,0.5704841613769531,0.0052
fire_light,Light/Sparse Fire,A*,52,20260581,1,51,68.81118318204308,0.9248440059289175,0.0,0,412.997346438268,0.0,1.7805919647216797,1,0.5752334700830656,0.5752334594726562,0.0052
fire_light,Light/Sparse Fire,PPO,52,20260581,0,18,25.455844122715714,0.0,38.18376618407357,0,9.621607321068652,0.0,0.05446624755859375,1,0.5752334700830656,0.5752334594726562,0.0052
fire_light,Light/Sparse Fire,A*,53,20260582,1,55,73.63961030678927,0.8642035182106602,0.0,0,410.9608240150751,0.0,1.8383469581604004,2,0.598195095152853,0.6145015358924866,0.0104
fire_light,Light/Sparse Fire,PPO,53,20260582,0,7,9.899494936611667,0.0,53.74011537017761,0,-70.09519635882143,0.0,0.03963112831115723,2,0.598195095152853,0.6145015358924866,0.0104
fire_light,Light/Sparse Fire,A*,54,20260583,1,51,68.81118318204308,0.9248440059289175,0.0,0,412.1138979320272,0.0,1.7490837574005127,1,0.7252029929941772,0.7252029776573181,0.0052
fire_light,Light/Sparse Fire,PPO,54,20260583,0,13,18.38477631085024,0.0,45.254833995939045,0,-23.130051892419033,0.0,0.0513758659362793,1,0.7252029929941772,0.7252029776573181,0.0052
fire_light,Light/Sparse Fire,A*,55,20260584,1,52,71.05382386916236,0.8956535600951537,0.0,0,413.4701637064521,0.0,1.8015468120574951,2,0.7090127426354418,0.7206708192825317,0.0104
fire_light,Light/Sparse Fire,PPO,55,20260584,0,19,26.87005768508881,0.0,36.76955262170047,0,23.021490076732846,0.0,0.03687906265258789,2,0.7090127426354418,0.7206708192825317,0.0104
fire_light,Light/Sparse Fire,A*,56,20260585,1,49,67.63961030678928,0.9408630537364508,0.0,0,413.54020388018097,0.0,1.765571117401123,2,0.6428905862804053,0.6753438711166382,0.0104
fire_light,Light/Sparse Fire,PPO,56,20260585,0,22,31.112698372208097,0.0,32.526911934581186,1,44.08271975555064,0.525267481803894,0.030727863311767578,2,0.6428905862804053,0.6753438711166382,0.0104
fire_light,Light/Sparse Fire,A*,57,20260586,1,47,65.63961030678927,0.9695305930267974,0.0,0,412.554012858916,0.0,1.7447750568389893,2,0.6131509060085358,0.6554155349731445,0.0104
fire_light,Light/Sparse Fire,PPO,57,20260586,0,25,35.35533905932738,0.0,28.284271247461902,1,65.80971705187038,0.3171590566635132,0.0268709659576416,2,0.6131509060085358,0.6554155349731445,0.0104
fire_light,Light/Sparse Fire,A*,58,20260587,1,50,68.22539674441617,0.9327847596869825,0.0,0,413.41812416427507,0.0,1.7799477577209473,1,0.6975797867182211,0.6975798010826111,0.0052
fire_light,Light/Sparse Fire,PPO,58,20260587,0,20,28.284271247461906,0.0,35.35533905932738,1,17.4952147721543,0.6200709342956543,0.06808710098266602,1,0.6975797867182211,0.6975798010826111,0.0052
fire_light,Light/Sparse Fire,A*,59,20260588,1,47,65.63961030678927,0.9695305930267974,0.0,0,412.02651778440924,0.0,1.7090470790863037,1,0.648163161705706,0.6481631398200989,0.0052
fire_light,Light/Sparse Fire,PPO,59,20260588,0,22,31.112698372208097,0.0,32.526911934581186,1,44.05266741431316,0.3600906431674957,0.02460503578186035,1,0.648163161705706,0.6481631398200989,0.0052
fire_light,Light/Sparse Fire,A*,60,20260589,1,48,65.39696961966999,0.9731278173422866,0.0,0,412.6905817142711,0.0,1.7258100509643555,2,0.67488749746955,0.7005869746208191,0.0104
fire_light,Light/Sparse Fire,PPO,60,20260589,0,15,21.21320343559643,0.0,42.42640687119285,0,-5.43786944189047,0.0,0.024995088577270508,2,0.67488749746955,0.7005869746208191,0.0104
fire_light,Light/Sparse Fire,A*,61,20260590,1,52,68.56854249492379,0.9281167134550161,0.0,0,413.2062897901047,0.0,1.7758419513702393,1,0.6882771314641447,0.6882771253585815,0.0052
fire_light,Light/Sparse Fire,PPO,61,20260590,0,21,29.698484809835,0.0,33.94112549695428,0,37.27088692763195,0.0,0.039381980895996094,1,0.6882771314641447,0.6882771253585815,0.0052
fire_light,Light/Sparse Fire,A*,62,20260591,1,53,71.63961030678927,0.8883299341559675,0.0,0,412.91538194254474,0.0,1.833543062210083,2,0.6802932214803894,0.7142650485038757,0.0104
fire_light,Light/Sparse Fire,PPO,62,20260591,0,18,25.455844122715714,0.0,38.18376618407357,0,15.670245877740555,0.0,0.03449106216430664,2,0.6802932214803894,0.7142650485038757,0.0104
fire_light,Light/Sparse Fire,A*,63,20260592,1,51,67.98275605729688,0.9361140088694384,0.0,0,412.80408508173014,0.0,1.7607710361480713,1,0.5995772688633334,0.5995772480964661,0.0052
fire_light,Light/Sparse Fire,PPO,63,20260592,0,13,18.38477631085024,0.0,45.254833995939045,0,-19.13270497990834,0.0,0.0324406623840332,1,0.5995772688633334,0.5995772480964661,0.0052
fire_light,Light/Sparse Fire,A*,64,20260593,1,50,68.22539674441617,0.9327847596869825,0.0,0,413.3327250174313,0.0,1.9374971389770508,2,0.6835552836147913,0.695553719997406,0.0104
fire_light,Light/Sparse Fire,PPO,64,20260593,0,21,29.698484809835,0.0,33.94112549695428,1,36.78948627848135,0.5409862399101257,0.04036092758178711,2,0.6835552836147913,0.695553719997406,0.0104
fire_light,Light/Sparse Fire,A*,65,20260594,1,49,65.9827560572969,0.9644885135068787,0.0,0,413.72001293954264,0.0,1.75577712059021,1,0.557730637098767,0.5577306151390076,0.0052
fire_light,Light/Sparse Fire,PPO,65,20260594,0,25,35.35533905932738,0.0,28.284271247461902,0,65.69107877481655,0.0,0.0341949462890625,1,0.557730637098767,0.5577306151390076,0.0052
fire_light,Light/Sparse Fire,A*,66,20260595,1,50,67.39696961966999,0.944250322617115,0.0,0,411.043132201066,0.0,1.739593267440796,1,0.5976113895227557,0.5976113677024841,0.0052
fire_light,Light/Sparse Fire,PPO,66,20260595,0,13,18.38477631085024,0.0,45.254833995939045,0,-22.831514876504116,0.0,0.04347395896911621,1,0.5976113895227557,0.5976113677024841,0.0052
fire_light,Light/Sparse Fire,A*,67,20260596,1,49,67.63961030678928,0.9408630537364508,0.0,0,413.19965887706746,0.0,1.7295379638671875,1,0.7331993354377833,0.7331993579864502,0.0052
fire_light,Light/Sparse Fire,PPO,67,20260596,0,18,25.455844122715714,0.0,38.18376618407357,0,16.130723313683276,0.0,0.027891874313354492,1,0.7331993354377833,0.7331993579864502,0.0052
fire_light,Light/Sparse Fire,A*,68,20260597,1,51,68.81118318204308,0.9248440059289175,0.0,0,413.30305832789605,0.0,1.7674560546875,1,0.6665422659139473,0.6665422916412354,0.0052
fire_light,Light/Sparse Fire,PPO,68,20260597,0,19,26.87005768508881,0.0,36.76955262170047,0,22.956260739194988,0.0,0.03546905517578125,1,0.6665422659139473,0.6665422916412354,0.0052
fire_light,Light/Sparse Fire,A*,69,20260598,1,53,71.63961030678927,0.8883299341559675,0.0,0,413.0236224635848,0.0,1.8032419681549072,2,0.6138335149575717,0.6210297346115112,0.0104
fire_light,Light/Sparse Fire,PPO,69,20260598,0,15,21.21320343559643,0.0,42.42640687119285,0,-11.957112762849064,0.0,0.05943870544433594,2,0.6138335149575717,0.6210297346115112,0.0104
fire_light,Light/Sparse Fire,A*,70,20260599,1,52,70.22539674441617,0.9062193060781739,0.0,0,411.46506142578096,0.0,1.8644239902496338,1,0.6076098090572423,0.6076098084449768,0.0052
fire_light,Light/Sparse Fire,PPO,70,20260599,0,19,26.87005768508881,0.0,36.76955262170047,0,22.93460333156196,0.0,0.035655975341796875,1,0.6076098090572423,0.6076098084449768,0.0052
fire_light,Light/Sparse Fire,A*,71,20260600,1,54,70.56854249492379,0.9018127349217545,0.0,0,413.8214603052471,0.0,1.7449901103973389,2,0.6791651513986525,0.7270613312721252,0.0104
fire_light,Light/Sparse Fire,PPO,71,20260600,0,20,28.284271247461906,0.0,35.35533905932738,0,21.399256941474135,0.0,0.05193495750427246,2,0.6791651513986525,0.7270613312721252,0.0104
fire_light,Light/Sparse Fire,A*,72,20260601,1,50,68.22539674441619,0.9327847596869824,0.0,0,413.6020525159386,0.0,1.7358708381652832,1,0.6869468747913242,0.6869468688964844,0.0052
fire_light,Light/Sparse Fire,PPO,72,20260601,0,23,32.52691193458119,0.0,31.11269837220809,1,42.06159649322062,0.3816371560096741,0.07440686225891113,1,0.6869468747913242,0.6869468688964844,0.0052
fire_light,Light/Sparse Fire,A*,73,20260602,1,52,71.05382386916236,0.8956535600951537,0.0,0,410.30057977885485,0.0,1.7732489109039307,1,0.561180315398229,0.5611802935600281,0.0052
fire_light,Light/Sparse Fire,PPO,73,20260602,0,19,26.87005768508881,0.0,36.76955262170047,1,5.617190819782593,0.4364735782146454,0.08601903915405273,1,0.561180315398229,0.5611802935600281,0.0052
fire_light,Light/Sparse Fire,A*,74,20260603,1,49,66.8111831820431,0.9525293113487886,0.0,0,413.02619675239123,0.0,1.7323970794677734,2,0.6644002671990843,0.6855607032775879,0.0104
fire_light,Light/Sparse Fire,PPO,74,20260603,0,14,19.798989873223334,0.0,43.840620433565945,0,-12.108392222914972,0.0,0.02625894546508789,2,0.6644002671990843,0.6855607032775879,0.0104
fire_light,Light/Sparse Fire,A*,75,20260604,1,49,67.63961030678928,0.9408630537364508,0.0,0,411.7280610084015,0.0,1.7314119338989258,1,0.6851368632152521,0.6851368546485901,0.0052
fire_light,Light/Sparse Fire,PPO,75,20260604,0,14,19.798989873223334,0.0,43.840620433565945,0,-11.999422435008,0.0,0.02501988410949707,1,0.6851368632152521,0.6851368546485901,0.0052
fire_light,Light/Sparse Fire,A*,76,20260605,1,51,69.63961030678928,0.9138421370601058,0.0,0,411.0574184142705,0.0,1.7677412033081055,1,0.701288325750645,0.7012883424758911,0.0052
fire_light,Light/Sparse Fire,PPO,76,20260605,0,23,32.52691193458119,0.0,31.11269837220809,0,51.29747914179988,0.0,0.039129018783569336,1,0.701288325750645,0.7012883424758911,0.0052
fire_light,Light/Sparse Fire,A*,77,20260606,1,50,68.22539674441617,0.9327847596869825,0.0,0,413.3194895185065,0.0,1.7342259883880615,1,0.5915317006548236,0.5915316939353943,0.0052
fire_light,Light/Sparse Fire,PPO,77,20260606,0,24,33.941125496954285,0.0,29.698484809834994,0,50.695012406665285,0.0,0.051586151123046875,1,0.5915317006548236,0.5915316939353943,0.0052
fire_light,Light/Sparse Fire,A*,78,20260607,1,55,71.98275605729688,0.8840952165840021,0.0,0,413.3969122591314,0.0,1.7542738914489746,2,0.7152967381773623,0.7250512838363647,0.0104
fire_light,Light/Sparse Fire,PPO,78,20260607,0,14,19.798989873223334,0.0,43.840620433565945,0,-21.126281907177145,0.0,0.05111980438232422,2,0.7152967381773623,0.7250512838363647,0.0104
fire_light,Light/Sparse Fire,A*,79,20260608,1,47,65.63961030678927,0.9695305930267974,0.0,0,412.5130465620993,0.0,1.7047779560089111,2,0.5774401213151691,0.6033153533935547,0.0104
fire_light,Light/Sparse Fire,PPO,79,20260608,0,23,32.52691193458119,0.0,31.11269837220809,0,51.23058081700337,0.0,0.030556917190551758,2,0.5774401213151691,0.6033153533935547,0.0104
fire_light,Light/Sparse Fire,A*,80,20260609,1,50,67.39696961966999,0.944250322617115,0.0,0,413.64688835129357,0.0,1.7444310188293457,2,0.6808064359201913,0.7265133261680603,0.0104
fire_light,Light/Sparse Fire,PPO,80,20260609,0,22,31.112698372208097,0.0,32.526911934581186,0,44.92746030484565,0.0,0.034755706787109375,2,0.6808064359201913,0.7265133261680603,0.0104
fire_light,Light/Sparse Fire,A*,81,20260610,1,50,68.22539674441617,0.9327847596869825,0.0,0,412.1617090050715,0.0,1.7820820808410645,2,0.5576012445454457,0.5635789632797241,0.0104
fire_light,Light/Sparse Fire,PPO,81,20260610,0,18,25.455844122715714,0.0,38.18376618407357,1,7.466069467832014,0.4903320372104645,0.043508052825927734,2,0.5576012445454457,0.5635789632797241,0.0104
fire_light,Light/Sparse Fire,A*,82,20260611,1,54,73.88225099390854,0.8613653408047387,0.0,0,412.9738398241384,0.0,1.8081791400909424,2,0.6144395386968027,0.6204686760902405,0.0104
fire_light,Light/Sparse Fire,PPO,82,20260611,0,10,14.142135623730953,0.0,49.49747468305833,0,-40.31422054265963,0.0,0.0263979434967041,2,0.6144395386968027,0.6204686760902405,0.0104
fire_light,Light/Sparse Fire,A*,83,20260612,1,48,66.22539674441619,0.9609547610925422,0.0,0,412.1920644083682,0.0,1.717879056930542,2,0.7060382334645423,0.7392536401748657,0.0104
fire_light,Light/Sparse Fire,PPO,83,20260612,0,18,25.455844122715714,0.0,38.18376618407357,0,12.269896766658505,0.0,0.03350019454956055,2,0.7060382334645423,0.7392536401748657,0.0104
fire_light,Light/Sparse Fire,A*,84,20260613,1,49,66.81118318204308,0.9525293113487888,0.0,0,413.4582409653659,0.0,1.7234888076782227,2,0.7382227184374475,0.7408090829849243,0.0104
fire_light,Light/Sparse Fire,PPO,84,20260613,0,25,35.35533905932738,0.0,28.284271247461902,0,65.90720223653987,0.0,0.03309512138366699,2,0.7382227184374475,0.7408090829849243,0.0104
fire_light,Light/Sparse Fire,A*,85,20260614,1,51,69.63961030678928,0.9138421370601058,0.0,0,411.0288879487208,0.0,1.7731108665466309,1,0.5502569220231387,0.5502569079399109,0.0052
fire_light,Light/Sparse Fire,PPO,85,20260614,0,15,21.21320343559643,0.0,42.42640687119285,0,-6.485658389732507,0.0,0.030492067337036133,1,0.5502569220231387,0.5502569079399109,0.0052
fire_light,Light/Sparse Fire,A*,86,20260615,1,53,70.81118318204308,0.8987225950339376,0.0,0,411.7635153998321,0.0,1.7750020027160645,1,0.5953357629335695,0.5953357815742493,0.0052
fire_light,Light/Sparse Fire,PPO,86,20260615,0,17,24.041630560342618,0.0,39.59797974644666,0,1.8334733680590034,0.0,0.06089591979980469,1,0.5953357629335695,0.5953357815742493,0.0052
fire_light,Light/Sparse Fire,A*,87,20260616,1,47,65.63961030678927,0.9695305930267974,0.0,0,413.20172255252743,0.0,1.7882537841796875,1,0.5536573289075162,0.5536573529243469,0.0052
fire_light,Light/Sparse Fire,PPO,87,20260616,0,24,33.941125496954285,0.0,29.698484809834994,1,58.407699409160216,0.4921398460865021,0.031202077865600586,1,0.5536573289075162,0.5536573529243469,0.0052
fire_light,Light/Sparse Fire,A*,88,20260617,1,51,67.1543289325507,0.947662069123026,0.0,0,411.33491785470795,0.0,1.7053229808807373,2,0.5860714117284631,0.6123108863830566,0.0104
fire_light,Light/Sparse Fire,PPO,88,20260617,0,17,24.041630560342618,0.0,39.59797974644666,0,9.410518486596175,0.0,0.027223825454711914,2,0.5860714117284631,0.6123108863830566,0.0104
fire_light,Light/Sparse Fire,A*,89,20260618,1,51,68.81118318204308,0.9248440059289175,0.0,0,411.5566356728608,0.0,1.7006378173828125,2,0.5922457827125056,0.6298864483833313,0.0104
fire_light,Light/Sparse Fire,PPO,89,20260618,0,2,2.8284271247461903,0.0,60.81118318204309,0,-104.9263418797277,0.0,0.03235507011413574,2,0.5922457827125056,0.6298864483833313,0.0104
fire_light,Light/Sparse Fire,A*,90,20260619,1,51,67.9827560572969,0.9361140088694382,0.0,0,413.3888837416642,0.0,1.7144501209259033,2,0.6411933227563231,0.6921588182449341,0.0104
fire_light,Light/Sparse Fire,PPO,90,20260619,0,25,35.35533905932738,0.0,28.284271247461902,0,63.77913427268025,0.0,0.05664992332458496,2,0.6411933227563231,0.6921588182449341,0.0104
fire_light,Light/Sparse Fire,A*,91,20260620,1,52,71.05382386916236,0.8956535600951537,0.0,0,412.5425113281068,0.0,1.689622163772583,1,0.7043661945299763,0.7043662071228027,0.0052
fire_light,Light/Sparse Fire,PPO,91,20260620,0,18,25.455844122715714,0.0,38.18376618407357,0,15.879902452718099,0.0,0.03182625770568848,1,0.7043661945299763,0.7043662071228027,0.0052
fire_light,Light/Sparse Fire,A*,92,20260621,1,49,66.8111831820431,0.9525293113487886,0.0,0,413.43129946534566,0.0,1.691087245941162,2,0.6481139707129412,0.6833232641220093,0.0104
fire_light,Light/Sparse Fire,PPO,92,20260621,0,21,29.698484809835,0.0,33.94112549695428,1,30.277047902978524,0.3405025899410248,0.04554414749145508,2,0.6481139707129412,0.6833232641220093,0.0104
fire_light,Light/Sparse Fire,A*,93,20260622,1,51,70.46803743153546,0.903098945654894,0.0,0,413.51173772859147,0.0,1.7405710220336914,1,0.6302488142060705,0.6302487850189209,0.0052
fire_light,Light/Sparse Fire,PPO,93,20260622,0,21,29.698484809835,0.0,33.94112549695428,0,37.65257725089745,0.0,0.033959150314331055,1,0.6302488142060705,0.6302487850189209,0.0052
fire_light,Light/Sparse Fire,A*,94,20260623,1,50,69.88225099390857,0.9106691527772418,0.0,0,412.3648114857887,0.0,1.7428207397460938,2,0.6525972951516794,0.6765013337135315,0.0104
fire_light,Light/Sparse Fire,PPO,94,20260623,0,17,24.041630560342618,0.0,39.59797974644666,0,0.2868106594892197,0.0,0.0500490665435791,2,0.6525972951516794,0.6765013337135315,0.0104
fire_light,Light/Sparse Fire,A*,95,20260624,1,50,69.88225099390857,0.9106691527772418,0.0,0,411.7139654329292,0.0,1.7410848140716553,2,0.6580919761069839,0.7207900881767273,0.0104
fire_light,Light/Sparse Fire,PPO,95,20260624,0,25,35.35533905932738,0.0,28.284271247461902,0,57.08112514242883,0.0,0.059561967849731445,2,0.6580919761069839,0.7207900881767273,0.0104
fire_light,Light/Sparse Fire,A*,96,20260625,1,53,72.46803743153545,0.8781748831947206,0.0,0,411.6086686211838,0.0,1.7704131603240967,2,0.646145738907189,0.6676145792007446,0.0104
fire_light,Light/Sparse Fire,PPO,96,20260625,0,10,14.142135623730953,0.0,49.49747468305833,0,-41.51657553507935,0.0,0.01593494415283203,2,0.646145738907189,0.6676145792007446,0.0104
fire_light,Light/Sparse Fire,A*,97,20260626,1,50,66.5685424949238,0.9560012570748733,0.0,0,412.0322023551241,0.0,1.716015100479126,2,0.5976151180103195,0.6376528143882751,0.0104
fire_light,Light/Sparse Fire,PPO,97,20260626,0,14,19.798989873223334,0.0,43.840620433565945,0,-20.861214381700393,0.0,0.04588007926940918,2,0.5976151180103195,0.6376528143882751,0.0104
fire_light,Light/Sparse Fire,A*,98,20260627,1,50,68.22539674441617,0.9327847596869825,0.0,0,412.9918969843766,0.0,2.020857810974121,1,0.6137765728959945,0.6137765645980835,0.0052
fire_light,Light/Sparse Fire,PPO,98,20260627,0,15,21.21320343559643,0.0,42.42640687119285,0,-5.5126590926500825,0.0,0.03131389617919922,1,0.6137765728959945,0.6137765645980835,0.0052
fire_light,Light/Sparse Fire,A*,99,20260628,1,48,67.05382386916239,0.9490824927593238,0.0,0,413.34617102591426,0.0,1.7390382289886475,1,0.7282957660461722,0.7282957434654236,0.0052
fire_light,Light/Sparse Fire,PPO,99,20260628,0,22,31.112698372208097,0.0,32.526911934581186,1,44.06426238116066,0.40460875630378723,0.030467987060546875,1,0.7282957660461722,0.7282957434654236,0.0052
fire_light,Light/Sparse Fire,A*,100,20260629,1,47,65.63961030678927,0.9695305930267974,0.0,0,412.8907562389676,0.0,1.71323823928833,1,0.7305101331792522,0.7305101156234741,0.0052
fire_light,Light/Sparse Fire,PPO,100,20260629,0,16,22.627416997969522,0.0,41.012193308819754,1,1.6881792571475671,0.4058389663696289,0.02441096305847168,1,0.7305101331792522,0.7305101156234741,0.0052
fire_light,Light/Sparse Fire,A*,101,20260630,1,48,66.22539674441619,0.9609547610925422,0.0,0,413.43284366531265,0.0,1.7360920906066895,1,0.6938710433872952,0.693871021270752,0.0052
fire_light,Light/Sparse Fire,PPO,101,20260630,0,20,28.284271247461906,0.0,35.35533905932738,0,30.128780624848645,0.0,0.025654077529907227,1,0.6938710433872952,0.693871021270752,0.0052
fire_light,Light/Sparse Fire,A*,102,20260631,1,48,65.39696961966999,0.9731278173422866,0.0,0,413.3672939363701,0.0,1.7222769260406494,1,0.5661600583889363,0.5661600828170776,0.0052
fire_light,Light/Sparse Fire,PPO,102,20260631,0,18,25.455844122715714,0.0,38.18376618407357,0,16.362565598028297,0.0,0.02462482452392578,1,0.5661600583889363,0.5661600828170776,0.0052
fire_light,Light/Sparse Fire,A*,103,20260632,1,49,67.63961030678928,0.9408630537364508,0.0,0,412.41596959499225,0.0,1.7137470245361328,1,0.6887542091523677,0.6887542009353638,0.0052
fire_light,Light/Sparse Fire,PPO,103,20260632,0,19,26.87005768508881,0.0,36.76955262170047,0,22.916331319322637,0.0,0.02956414222717285,1,0.6887542091523677,0.6887542009353638,0.0052
fire_light,Light/Sparse Fire,A*,104,20260633,1,49,66.8111831820431,0.9525293113487886,0.0,0,413.33206327691,0.0,1.7010831832885742,2,0.6639582127298647,0.6896864771842957,0.0104
fire_light,Light/Sparse Fire,PPO,104,20260633,0,19,26.87005768508881,0.0,36.76955262170047,3,-2.7882603590114172,1.3027411699295044,0.06586074829101562,2,0.6639582127298647,0.6896864771842957,0.0104
fire_light,Light/Sparse Fire,A*,105,20260634,1,51,69.63961030678927,0.9138421370601059,0.0,0,413.4898804750446,0.0,1.745063304901123,1,0.600075770372178,0.6000757813453674,0.0052
fire_light,Light/Sparse Fire,PPO,105,20260634,0,23,32.52691193458119,0.0,31.11269837220809,0,51.19074327828075,0.0,0.03875589370727539,1,0.600075770372178,0.6000757813453674,0.0052
fire_light,Light/Sparse Fire,A*,106,20260635,1,49,66.81118318204308,0.9525293113487888,0.0,0,412.66977822426344,0.0,1.6998419761657715,1,0.5922611101920664,0.5922611355781555,0.0052
fire_light,Light/Sparse Fire,PPO,106,20260635,0,23,32.52691193458119,0.0,31.11269837220809,1,43.203341732738224,0.4606475234031677,0.04517316818237305,1,0.5922611101920664,0.5922611355781555,0.0052
fire_light,Light/Sparse Fire,A*,107,20260636,1,49,66.81118318204308,0.9525293113487888,0.0,0,413.3300044105234,0.0,1.6962811946868896,1,0.7282684539398245,0.7282684445381165,0.0052
fire_light,Light/Sparse Fire,PPO,107,20260636,0,18,25.455844122715714,0.0,38.18376618407357,1,8.263118466850003,0.6473497152328491,0.03948497772216797,1,0.7282684539398245,0.7282684445381165,0.0052
fire_light,Light/Sparse Fire,A*,108,20260637,1,49,66.81118318204308,0.9525293113487888,0.0,0,411.9286190275697,0.0,1.693061113357544,1,0.6509294484645586,0.6509294509887695,0.0052
fire_light,Light/Sparse Fire,PPO,108,20260637,0,21,29.698484809835,0.0,33.94112549695428,1,28.7499363191167,0.361627459526062,0.041964054107666016,1,0.6509294484645586,0.6509294509887695,0.0052
fire_light,Light/Sparse Fire,A*,109,20260638,1,51,68.81118318204308,0.9248440059289175,0.0,0,411.7704063112306,0.0,1.7294950485229492,2,0.6964030978525599,0.712200939655304,0.0104
fire_light,Light/Sparse Fire,PPO,109,20260638,0,14,19.798989873223334,0.0,43.840620433565945,0,-24.065456611183436,0.0,0.06739473342895508,2,0.6964030978525599,0.712200939655304,0.0104
fire_light,Light/Sparse Fire,A*,110,20260639,1,50,68.22539674441617,0.9327847596869825,0.0,0,412.55902810695903,0.0,1.7045631408691406,2,0.6587791997979813,0.696247935295105,0.0104
fire_light,Light/Sparse Fire,PPO,110,20260639,0,24,33.941125496954285,0.0,29.698484809834994,0,52.28001792843958,0.0,0.0518341064453125,2,0.6587791997979813,0.696247935295105,0.0104
fire_light,Light/Sparse Fire,A*,111,20260640,1,48,66.22539674441619,0.9609547610925422,0.0,1,413.0766017307717,0.37586110830307007,1.678318977355957,1,0.6765499790070735,0.6765499711036682,0.0052
fire_light,Light/Sparse Fire,PPO,111,20260640,0,20,28.284271247461906,0.0,35.35533905932738,1,29.765147250688727,0.6013777852058411,0.027032852172851562,1,0.6765499790070735,0.6765499711036682,0.0052
fire_light,Light/Sparse Fire,A*,112,20260641,1,49,65.9827560572969,0.9644885135068787,0.0,0,413.40956977029106,0.0,1.693120002746582,2,0.6976168731936717,0.7250537872314453,0.0104
fire_light,Light/Sparse Fire,PPO,112,20260641,0,19,26.87005768508881,0.0,36.76955262170047,1,13.927964740617028,0.40280768275260925,0.04401993751525879,2,0.6976168731936717,0.7250537872314453,0.0104
fire_light,Light/Sparse Fire,A*,113,20260642,1,55,74.46803743153546,0.8545895998037865,0.0,0,413.8601723311941,0.0,1.7618820667266846,2,0.5882336727768851,0.5958837866783142,0.0104
fire_light,Light/Sparse Fire,PPO,113,20260642,0,22,31.112698372208097,0.0,32.526911934581186,1,29.986999489777844,0.5296744704246521,0.07204508781433105,2,0.5882336727768851,0.5958837866783142,0.0104
fire_light,Light/Sparse Fire,A*,114,20260643,1,50,69.05382386916237,0.9215942976216421,0.0,0,411.70662536620586,0.0,1.7132389545440674,2,0.6535407000871299,0.729998767375946,0.0104
fire_light,Light/Sparse Fire,PPO,114,20260643,0,22,31.112698372208097,0.0,32.526911934581186,0,44.31453719926023,0.0,0.0354311466217041,2,0.6535407000871299,0.729998767375946,0.0104
fire_light,Light/Sparse Fire,A*,115,20260644,1,50,68.22539674441619,0.9327847596869824,0.0,0,413.57199711547497,0.0,1.8534440994262695,1,0.6674676446938742,0.6674676537513733,0.0052
fire_light,Light/Sparse Fire,PPO,115,20260644,0,22,31.112698372208097,0.0,32.526911934581186,0,44.2938833788173,0.0,0.03666090965270996,1,0.6674676446938742,0.6674676537513733,0.0052
fire_light,Light/Sparse Fire,A*,116,20260645,1,51,68.81118318204308,0.9248440059289175,0.0,0,413.4117485591265,0.0,1.8174500465393066,1,0.5879911973665258,0.5879911780357361,0.0052
fire_light,Light/Sparse Fire,PPO,116,20260645,0,19,26.87005768508881,0.0,36.76955262170047,0,23.14924499773275,0.0,0.03911113739013672,1,0.5879911973665258,0.5879911780357361,0.0052
fire_light,Light/Sparse Fire,A*,117,20260646,1,50,69.05382386916237,0.9215942976216421,0.0,0,413.6730159066802,0.0,1.8644530773162842,1,0.6114857309132147,0.6114857196807861,0.0052
fire_light,Light/Sparse Fire,PPO,117,20260646,0,24,33.941125496954285,0.0,29.698484809834994,0,58.43953422665169,0.0,0.03647494316101074,1,0.6114857309132147,0.6114857196807861,0.0052
fire_light,Light/Sparse Fire,A*,118,20260647,1,54,73.05382386916236,0.8711331855915755,0.0,0,413.7793517311926,0.0,1.8384339809417725,2,0.6326227099975197,0.6630867719650269,0.0104
fire_light,Light/Sparse Fire,PPO,118,20260647,0,19,26.87005768508881,0.0,36.76955262170047,1,14.279511147362939,0.368381530046463,0.05131173133850098,2,0.6326227099975197,0.6630867719650269,0.0104
fire_light,Light/Sparse Fire,A*,119,20260648,1,51,70.46803743153546,0.903098945654894,0.0,0,413.31969922765757,0.0,1.888998031616211,1,0.7105177778202656,0.7105177640914917,0.0052
fire_light,Light/Sparse Fire,PPO,119,20260648,0,16,22.627416997969522,0.0,41.012193308819754,0,1.8963754085953042,0.0,0.031738996505737305,1,0.7105177778202656,0.7105177640914917,0.0052
fire_light,Light/Sparse Fire,A*,120,20260649,1,50,69.05382386916237,0.9215942976216421,0.0,0,413.124860111948,0.0,1.8064162731170654,2,0.6104172227998415,0.6418182849884033,0.0104
fire_light,Light/Sparse Fire,PPO,120,20260649,0,21,29.698484809835,0.0,33.94112549695428,1,33.25978210845696,0.4991919994354248,0.04863905906677246,2,0.6104172227998415,0.6418182849884033,0.0104
fire_light,Light/Sparse Fire,A*,121,20260650,1,46,64.22539674441617,0.9908792087348558,0.0,0,411.6551242533836,0.0,1.7337539196014404,2,0.6347262123685573,0.6917529106140137,0.0104
fire_light,Light/Sparse Fire,PPO,121,20260650,0,15,21.21320343559643,0.0,42.42640687119285,2,-9.13988781679005,0.7702660262584686,0.030388832092285156,2,0.6347262123685573,0.6917529106140137,0.0104
fire_light,Light/Sparse Fire,A*,122,20260651,1,49,66.81118318204308,0.9525293113487888,0.0,0,413.56250970855774,0.0,1.7483947277069092,1,0.7331241591790979,0.7331241369247437,0.0052
fire_light,Light/Sparse Fire,PPO,122,20260651,0,26,36.76955262170047,0.0,26.870057685088806,1,69.83657551972063,0.5702076554298401,0.0517580509185791,1,0.7331241591790979,0.7331241369247437,0.0052
fire_light,Light/Sparse Fire,A*,123,20260652,1,49,68.46803743153548,0.9294791072465838,0.0,0,413.188058780613,0.0,1.7542400360107422,1,0.6923264113817789,0.6923264265060425,0.0052
fire_light,Light/Sparse Fire,PPO,123,20260652,0,16,22.627416997969522,0.0,41.012193308819754,0,1.6835195604326145,0.0,0.02657794952392578,1,0.6923264113817789,0.6923264265060425,0.0052
fire_light,Light/Sparse Fire,A*,124,20260653,1,49,65.9827560572969,0.9644885135068787,0.0,0,413.6770817602558,0.0,1.7390038967132568,2,0.6597927491402349,0.6618116497993469,0.0104
fire_light,Light/Sparse Fire,PPO,124,20260653,0,26,36.76955262170047,0.0,26.870057685088806,1,65.13573694213126,0.514742374420166,0.05045509338378906,2,0.6597927491402349,0.6618116497993469,0.0104
fire_light,Light/Sparse Fire,A*,125,20260654,1,53,70.81118318204308,0.8987225950339376,0.0,1,410.79857595382373,0.38555389642715454,1.7927730083465576,2,0.6912991200128293,0.6939970254898071,0.0104
fire_light,Light/Sparse Fire,PPO,125,20260654,0,20,28.284271247461906,0.0,35.35533905932738,0,12.237705108299991,0.0,0.053791046142578125,2,0.6912991200128293,0.6939970254898071,0.0104
fire_light,Light/Sparse Fire,A*,126,20260655,1,52,71.05382386916237,0.8956535600951536,0.0,0,411.81298195317333,0.0,1.833878755569458,2,0.7018731074543503,0.7233012914657593,0.0104
fire_light,Light/Sparse Fire,PPO,126,20260655,0,21,29.698484809835,0.0,33.94112549695428,0,29.62112328471298,0.0,0.06348800659179688,2,0.7018731074543503,0.7233012914657593,0.0104
fire_light,Light/Sparse Fire,A*,127,20260656,1,51,69.63961030678927,0.9138421370601059,0.0,0,412.0461600830218,0.0,1.7810490131378174,2,0.6439284246449533,0.6518567204475403,0.0104
fire_light,Light/Sparse Fire,PPO,127,20260656,0,22,31.112698372208097,0.0,32.526911934581186,1,35.96824357469015,0.4946667551994324,0.05099081993103027,2,0.6439284246449533,0.6518567204475403,0.0104
fire_light,Light/Sparse Fire,A*,128,20260657,1,50,68.22539674441617,0.9327847596869825,0.0,0,412.29979570295274,0.0,1.7335689067840576,1,0.6993654779783876,0.699365496635437,0.0052
fire_light,Light/Sparse Fire,PPO,128,20260657,0,15,21.21320343559643,0.0,42.42640687119285,0,-11.910612833902505,0.0,0.04654884338378906,1,0.6993654779783876,0.699365496635437,0.0052
fire_light,Light/Sparse Fire,A*,129,20260658,1,50,67.39696961966999,0.944250322617115,0.0,0,412.69291259479127,0.0,1.9197402000427246,2,0.6349889765636516,0.6768801212310791,0.0104
fire_light,Light/Sparse Fire,PPO,129,20260658,0,25,35.35533905932738,0.0,28.284271247461902,0,63.138441078529,0.0,0.05742311477661133,2,0.6349889765636516,0.6768801212310791,0.0104
fire_light,Light/Sparse Fire,A*,130,20260659,1,51,67.9827560572969,0.9361140088694382,0.0,0,413.9036471972549,0.0,1.7692501544952393,1,0.5678025693102604,0.5678025484085083,0.0052
fire_light,Light/Sparse Fire,PPO,130,20260659,0,26,36.76955262170047,0.0,26.870057685088806,1,59.54861545544607,0.3154458701610565,0.08322882652282715,1,0.5678025693102604,0.5678025484085083,0.0052
fire_light,Light/Sparse Fire,A*,131,20260660,1,49,68.46803743153548,0.9294791072465838,0.0,0,410.36013359540283,0.0,1.9562160968780518,2,0.6814309446341056,0.7176942229270935,0.0104
fire_light,Light/Sparse Fire,PPO,131,20260660,0,22,31.112698372208097,0.0,32.526911934581186,0,44.75905128567203,0.0,0.03536486625671387,2,0.6814309446341056,0.7176942229270935,0.0104
fire_light,Light/Sparse Fire,A*,132,20260661,1,50,67.39696961966999,0.944250322617115,0.0,0,413.20271900683025,0.0,1.7370429039001465,1,0.666798720495702,0.6667987108230591,0.0052
fire_light,Light/Sparse Fire,PPO,132,20260661,0,18,25.455844122715714,0.0,38.18376618407357,1,6.196411511395738,0.5927099585533142,0.06262087821960449,1,0.666798720495702,0.6667987108230591,0.0052
fire_light,Light/Sparse Fire,A*,133,20260662,1,49,68.46803743153548,0.9294791072465838,0.0,0,413.4062552243157,0.0,1.7429280281066895,2,0.6879531112166628,0.6988906860351562,0.0104
fire_light,Light/Sparse Fire,PPO,133,20260662,0,19,26.87005768508881,0.0,36.76955262170047,0,22.900540654848157,0.0,0.028521060943603516,2,0.6879531112166628,0.6988906860351562,0.0104
fire_light,Light/Sparse Fire,A*,134,20260663,1,50,68.22539674441617,0.9327847596869825,0.0,0,412.634969482178,0.0,1.7538270950317383,1,0.68030073407386,0.6803007125854492,0.0052
fire_light,Light/Sparse Fire,PPO,134,20260663,0,20,28.284271247461906,0.0,35.35533905932738,2,20.76635990716531,1.2094234824180603,0.04390287399291992,1,0.68030073407386,0.6803007125854492,0.0052
fire_light,Light/Sparse Fire,A*,135,20260664,1,50,68.22539674441617,0.9327847596869825,0.0,0,413.18440873461446,0.0,1.7328839302062988,1,0.638783362798101,0.63878333568573,0.0052
fire_light,Light/Sparse Fire,PPO,135,20260664,0,13,18.38477631085024,0.0,45.254833995939045,0,-19.152580447052515,0.0,0.02821493148803711,1,0.638783362798101,0.63878333568573,0.0052
fire_light,Light/Sparse Fire,A*,136,20260665,1,48,65.39696961966999,0.9731278173422866,0.0,0,413.3624429669531,0.0,1.7346532344818115,1,0.6024364875572982,0.6024364829063416,0.0052
fire_light,Light/Sparse Fire,PPO,136,20260665,0,19,26.87005768508881,0.0,36.76955262170047,1,15.918019586426965,0.535499095916748,0.03732705116271973,1,0.6024364875572982,0.6024364829063416,0.0052
fire_light,Light/Sparse Fire,A*,137,20260666,1,48,66.22539674441619,0.9609547610925422,0.0,0,412.917072570839,0.0,1.701294183731079,2,0.7298628945230854,0.7337003946304321,0.0104
fire_light,Light/Sparse Fire,PPO,137,20260666,0,13,18.38477631085024,0.0,45.254833995939045,0,-19.266004718258046,0.0,0.020988941192626953,2,0.7298628945230854,0.7337003946304321,0.0104
fire_light,Light/Sparse Fire,A*,138,20260667,1,52,70.22539674441617,0.9062193060781739,0.0,0,413.70359645434564,0.0,1.8274238109588623,2,0.6739456522085541,0.6900554895401001,0.0104
fire_light,Light/Sparse Fire,PPO,138,20260667,0,21,29.698484809835,0.0,33.94112549695428,0,37.192660147607825,0.0,0.03829598426818848,2,0.6739456522085541,0.6900554895401001,0.0104
fire_light,Light/Sparse Fire,A*,139,20260668,1,50,67.39696961966999,0.944250322617115,0.0,0,413.79113172021226,0.0,1.7803399562835693,2,0.625644127706684,0.659824788570404,0.0104
fire_light,Light/Sparse Fire,PPO,139,20260668,0,25,35.35533905932738,0.0,28.284271247461902,0,61.78060495124781,0.0,0.062487125396728516,2,0.625644127706684,0.659824788570404,0.0104
fire_light,Light/Sparse Fire,A*,140,20260669,1,49,66.81118318204308,0.9525293113487888,0.0,0,412.6962659080066,0.0,1.7645199298858643,1,0.5695159584978424,0.5695159435272217,0.0052
fire_light,Light/Sparse Fire,PPO,140,20260669,0,25,35.35533905932738,0.0,28.284271247461902,1,60.96341513858759,0.4429568648338318,0.049349069595336914,1,0.5695159584978424,0.5695159435272217,0.0052
fire_light,Light/Sparse Fire,A*,141,20260670,1,49,68.46803743153548,0.9294791072465838,0.0,0,413.2451493764579,0.0,1.8639380931854248,1,0.5684373519152587,0.5684373378753662,0.0052
fire_light,Light/Sparse Fire,PPO,141,20260670,0,16,22.627416997969522,0.0,41.012193308819754,0,-5.884061643704172,0.0,0.04385495185852051,1,0.5684373519152587,0.5684373378753662,0.0052
fire_light,Light/Sparse Fire,A*,142,20260671,1,48,66.22539674441619,0.9609547610925422,0.0,0,412.95689769705865,0.0,1.8086888790130615,2,0.7264462612940724,0.7457334995269775,0.0104
fire_light,Light/Sparse Fire,PPO,142,20260671,0,16,22.627416997969522,0.0,41.012193308819754,1,1.322716201942967,0.3928661048412323,0.02322101593017578,2,0.7264462612940724,0.7457334995269775,0.0104
fire_light,Light/Sparse Fire,A*,143,20260672,1,54,72.22539674441617,0.8811251052312057,0.0,0,414.2897954992143,0.0,1.8285319805145264,2,0.6470213796031451,0.6650463342666626,0.0104
fire_light,Light/Sparse Fire,PPO,143,20260672,0,25,35.35533905932738,0.0,28.284271247461902,0,56.71463745846721,0.0,0.06737494468688965,2,0.6470213796031451,0.6650463342666626,0.0104
fire_light,Light/Sparse Fire,A*,144,20260673,1,49,66.81118318204308,0.9525293113487888,0.0,0,413.1718261145765,0.0,1.8161351680755615,2,0.5867804006878182,0.6212038993835449,0.0104
fire_light,Light/Sparse Fire,PPO,144,20260673,0,20,28.284271247461906,0.0,35.35533905932738,1,22.629418131507094,0.49098390340805054,0.04661417007446289,2,0.5867804006878182,0.6212038993835449,0.0104
fire_light,Light/Sparse Fire,A*,145,20260674,1,50,69.05382386916237,0.9215942976216421,0.0,0,413.27810508071803,0.0,1.7662310600280762,2,0.5922783620243168,0.6084913611412048,0.0104
fire_light,Light/Sparse Fire,PPO,145,20260674,0,23,32.52691193458119,0.0,31.11269837220809,0,51.3561267731764,0.0,0.0353999137878418,2,0.5922783620243168,0.6084913611412048,0.0104
fire_light,Light/Sparse Fire,A*,146,20260675,1,49,66.81118318204308,0.9525293113487888,0.0,0,413.56880176243385,0.0,1.771672010421753,1,0.64695089462856,0.646950900554657,0.0052
fire_light,Light/Sparse Fire,PPO,146,20260675,0,23,32.52691193458119,0.0,31.11269837220809,1,46.33388854098102,0.3594171702861786,0.04722881317138672,1,0.64695089462856,0.646950900554657,0.0052
fire_light,Light/Sparse Fire,A*,147,20260676,1,49,68.46803743153548,0.9294791072465838,0.0,0,413.01087953874156,0.0,1.7738468647003174,2,0.7101641358872275,0.7107783555984497,0.0104
fire_light,Light/Sparse Fire,PPO,147,20260676,0,18,25.455844122715714,0.0,38.18376618407357,1,7.732780747450917,0.630711019039154,0.04081106185913086,2,0.7101641358872275,0.7107783555984497,0.0104
fire_light,Light/Sparse Fire,A*,148,20260677,1,50,69.05382386916237,0.9215942976216421,0.0,0,412.7568303244885,0.0,1.9027149677276611,1,0.6551240196589632,0.6551240086555481,0.0052
fire_light,Light/Sparse Fire,PPO,148,20260677,0,14,19.798989873223334,0.0,43.840620433565945,0,-12.248349134085856,0.0,0.035121917724609375,1,0.6551240196589632,0.6551240086555481,0.0052
fire_light,Light/Sparse Fire,A*,149,20260678,1,48,67.05382386916239,0.9490824927593238,0.0,0,413.5722841661442,0.0,1.7586827278137207,1,0.5994053200350619,0.5994053483009338,0.0052
fire_light,Light/Sparse Fire,PPO,149,20260678,0,26,36.76955262170047,0.0,26.870057685088806,1,72.78389921640344,0.3330029547214508,0.030431032180786133,1,0.5994053200350619,0.5994053483009338,0.0052
fire_light,Light/Sparse Fire,A*,150,20260679,1,53,71.63961030678927,0.8883299341559675,0.0,0,413.90338522981585,0.0,1.8031468391418457,1,0.7225875537742024,0.722587525844574,0.0052
fire_light,Light/Sparse Fire,PPO,150,20260679,0,25,35.35533905932738,0.0,28.284271247461902,2,41.351921970590396,1.2846000790596008,0.12910985946655273,1,0.7225875537742024,0.722587525844574,0.0052
fire_light,Light/Sparse Fire,A*,151,20260680,1,49,65.9827560572969,0.9644885135068787,0.0,0,413.21232714032953,0.0,1.7333629131317139,2,0.6215531289949378,0.6716703772544861,0.0104
fire_light,Light/Sparse Fire,PPO,151,20260680,0,15,21.21320343559643,0.0,42.42640687119285,0,-5.273047101878873,0.0,0.0274050235748291,2,0.6215531289949378,0.6716703772544861,0.0104
fire_light,Light/Sparse Fire,A*,152,20260681,1,50,69.05382386916237,0.9215942976216421,0.0,0,413.08148901507144,0.0,1.7600769996643066,1,0.6715456077596472,0.6715456247329712,0.0052
fire_light,Light/Sparse Fire,PPO,152,20260681,0,21,29.698484809835,0.0,33.94112549695428,0,37.43999112795413,0.0,0.03323197364807129,1,0.6715456077596472,0.6715456247329712,0.0052
fire_light,Light/Sparse Fire,A*,153,20260682,1,49,65.9827560572969,0.9644885135068787,0.0,0,413.18066790298303,0.0,1.7326889038085938,2,0.6148001947075576,0.6649466753005981,0.0104
fire_light,Light/Sparse Fire,PPO,153,20260682,0,14,19.798989873223334,0.0,43.840620433565945,0,-12.217159611209354,0.0,0.026706933975219727,2,0.6148001947075576,0.6649466753005981,0.0104
fire_light,Light/Sparse Fire,A*,154,20260683,1,53,71.63961030678927,0.8883299341559675,0.0,0,410.4977175668636,0.0,1.8602120876312256,1,0.728547010557962,0.7285470366477966,0.0052
fire_light,Light/Sparse Fire,PPO,154,20260683,0,19,26.87005768508881,0.0,36.76955262170047,0,22.37225412779941,0.0,0.03704690933227539,1,0.728547010557962,0.7285470366477966,0.0052
fire_light,Light/Sparse Fire,A*,155,20260684,1,48,67.05382386916239,0.9490824927593238,0.0,0,412.04157412183247,0.0,1.7426741123199463,1,0.6324962032645927,0.632496178150177,0.0052
fire_light,Light/Sparse Fire,PPO,155,20260684,0,23,32.52691193458119,0.0,31.11269837220809,2,42.20633467564612,0.8433282673358917,0.05001401901245117,1,0.6324962032645927,0.632496178150177,0.0052
fire_light,Light/Sparse Fire,A*,156,20260685,1,55,72.81118318204308,0.8740362060547352,0.0,0,414.52494705389154,0.0,1.812223196029663,2,0.6682374378321725,0.7173707485198975,0.0104
fire_light,Light/Sparse Fire,PPO,156,20260685,0,20,28.284271247461906,0.0,35.35533905932738,0,26.28520967034055,0.0,0.05600690841674805,2,0.6682374378321725,0.7173707485198975,0.0104
fire_light,Light/Sparse Fire,A*,157,20260686,1,51,69.63961030678928,0.9138421370601058,0.0,0,411.8240697475153,0.0,1.7817988395690918,2,0.6590154855211288,0.7327722311019897,0.0104
fire_light,Light/Sparse Fire,PPO,157,20260686,0,13,18.38477631085024,0.0,45.254833995939045,0,-19.814802956004314,0.0,0.03211402893066406,2,0.6590154855211288,0.7327722311019897,0.0104
fire_light,Light/Sparse Fire,A*,158,20260687,1,51,70.46803743153546,0.903098945654894,0.0,0,411.33940607734115,0.0,1.815047025680542,2,0.6431951726923462,0.7182637453079224,0.0104
fire_light,Light/Sparse Fire,PPO,158,20260687,0,18,25.455844122715714,0.0,38.18376618407357,0,11.106414197815567,0.0,0.05415081977844238,2,0.6431951726923462,0.7182637453079224,0.0104
fire_light,Light/Sparse Fire,A*,159,20260688,1,48,66.22539674441619,0.9609547610925422,0.0,0,413.193508155636,0.0,1.7382111549377441,1,0.5531214051905594,0.5531213879585266,0.0052
fire_light,Light/Sparse Fire,PPO,159,20260688,0,26,36.76955262170047,0.0,26.870057685088806,1,72.18127693219874,0.30728965997695923,0.030436277389526367,1,0.5531214051905594,0.5531213879585266,0.0052
fire_light,Light/Sparse Fire,A*,160,20260689,1,48,66.22539674441619,0.9609547610925422,0.0,0,413.0534698772612,0.0,1.7231040000915527,2,0.6033761975951468,0.6320815682411194,0.0104
fire_light,Light/Sparse Fire,PPO,160,20260689,0,15,21.21320343559643,0.0,42.42640687119285,1,-7.316853207752374,0.35115641355514526,0.03191494941711426,2,0.6033761975951468,0.6320815682411194,0.0104
fire_light,Light/Sparse Fire,A*,161,20260690,1,50,68.22539674441617,0.9327847596869825,0.0,0,409.78718192367006,0.0,1.7544503211975098,2,0.620989952366831,0.6500715613365173,0.0104
fire_light,Light/Sparse Fire,PPO,161,20260690,0,15,21.21320343559643,0.0,42.42640687119285,0,-7.407472682401803,0.0,0.03147125244140625,2,0.620989952366831,0.6500715613365173,0.0104
fire_light,Light/Sparse Fire,A*,162,20260691,1,49,66.8111831820431,0.9525293113487886,0.0,0,413.54243964174896,0.0,1.7467939853668213,1,0.6764683382788418,0.6764683127403259,0.0052
fire_light,Light/Sparse Fire,PPO,162,20260691,0,26,36.76955262170047,0.0,26.870057685088806,1,64.26787841304038,0.375815749168396,0.04744696617126465,1,0.6764683382788418,0.6764683127403259,0.0052
fire_light,Light/Sparse Fire,A*,163,20260692,1,49,68.46803743153548,0.9294791072465838,0.0,0,413.2382061506122,0.0,1.926455020904541,2,0.7099706395465946,0.7231449484825134,0.0104
fire_light,Light/Sparse Fire,PPO,163,20260692,0,16,22.627416997969522,0.0,41.012193308819754,1,-6.21708627570888,0.6427955031394958,0.058732032775878906,2,0.7099706395465946,0.7231449484825134,0.0104
fire_light,Light/Sparse Fire,A*,164,20260693,1,54,73.88225099390854,0.8613653408047387,0.0,0,411.0919875024506,0.0,1.873971939086914,2,0.5822853299483999,0.5914825201034546,0.0104
fire_light,Light/Sparse Fire,PPO,164,20260693,0,6,8.485281374238571,0.0,55.154328932550705,0,-68.45742464924689,0.0,0.0320889949798584,2,0.5822853299483999,0.5914825201034546,0.0104
fire_light,Light/Sparse Fire,A*,165,20260694,1,51,68.81118318204308,0.9248440059289175,0.0,0,413.1771564763286,0.0,1.8076589107513428,1,0.6830587544809905,0.6830587387084961,0.0052
fire_light,Light/Sparse Fire,PPO,165,20260694,0,15,21.21320343559643,0.0,42.42640687119285,0,-8.010156554386285,0.0,0.05097198486328125,1,0.6830587544809905,0.6830587387084961,0.0052
fire_light,Light/Sparse Fire,A*,166,20260695,1,50,68.22539674441619,0.9327847596869824,0.0,0,412.20114715835325,0.0,1.7879343032836914,1,0.5605731041900657,0.5605731010437012,0.0052
fire_light,Light/Sparse Fire,PPO,166,20260695,0,15,21.21320343559643,0.0,42.42640687119285,1,-14.189560157484593,0.4982872009277344,0.04558897018432617,1,0.5605731041900657,0.5605731010437012,0.0052
fire_light,Light/Sparse Fire,A*,167,20260696,1,48,67.05382386916239,0.9490824927593238,0.0,0,412.5712275735093,0.0,1.7514979839324951,1,0.5896909588760015,0.5896909832954407,0.0052
fire_light,Light/Sparse Fire,PPO,167,20260696,0,26,36.76955262170047,0.0,26.870057685088806,1,73.03737637626189,0.45864853262901306,0.03312420845031738,1,0.5896909588760015,0.5896909832954407,0.0052
fire_light,Light/Sparse Fire,A*,168,20260697,1,52,70.22539674441617,0.9062193060781739,0.0,0,412.2523225735429,0.0,1.7907850742340088,1,0.6272493037291729,0.6272493004798889,0.0052
fire_light,Light/Sparse Fire,PPO,168,20260697,0,21,29.698484809835,0.0,33.94112549695428,0,37.04659698477903,0.0,0.037384033203125,1,0.6272493037291729,0.6272493004798889,0.0052
fire_light,Light/Sparse Fire,A*,169,20260698,1,54,73.05382386916236,0.8711331855915755,0.0,0,411.3735683658575,0.0,1.849611759185791,2,0.5851154095951016,0.602851152420044,0.0104
fire_light,Light/Sparse Fire,PPO,169,20260698,0,10,14.142135623730953,0.0,49.49747468305833,0,-40.50260241669125,0.0,0.02992725372314453,2,0.5851154095951016,0.602851152420044,0.0104
fire_light,Light/Sparse Fire,A*,170,20260699,1,51,68.81118318204308,0.9248440059289175,0.0,0,413.86313882906165,0.0,1.837886095046997,2,0.7056292069284577,0.7251947522163391,0.0104
fire_light,Light/Sparse Fire,PPO,170,20260699,0,25,35.35533905932738,0.0,28.284271247461902,0,65.59532608114067,0.0,0.04188728332519531,2,0.7056292069284577,0.7251947522163391,0.0104
fire_light,Light/Sparse Fire,A*,171,20260700,1,51,69.63961030678927,0.9138421370601059,0.0,0,413.10307377102663,0.0,1.776587963104248,2,0.6211786836854104,0.657782793045044,0.0104
fire_light,Light/Sparse Fire,PPO,171,20260700,0,15,21.21320343559643,0.0,42.42640687119285,0,-10.798795650242809,0.0,0.0537869930267334,2,0.6211786836854104,0.657782793045044,0.0104
fire_light,Light/Sparse Fire,A*,172,20260701,1,51,68.81118318204308,0.9248440059289175,0.0,0,413.7833181437864,0.0,1.7754089832305908,2,0.6448381782116379,0.7166497111320496,0.0104
fire_light,Light/Sparse Fire,PPO,172,20260701,0,22,31.112698372208097,0.0,32.526911934581186,0,44.77793375170788,0.0,0.027498960494995117,2,0.6448381782116379,0.7166497111320496,0.0104
fire_light,Light/Sparse Fire,A*,173,20260702,1,49,66.81118318204308,0.9525293113487888,0.0,0,412.01041530773074,0.0,1.7539639472961426,2,0.6052496915931026,0.6208930611610413,0.0104
fire_light,Light/Sparse Fire,PPO,173,20260702,0,19,26.87005768508881,0.0,36.76955262170047,1,17.709035449845544,0.32755905389785767,0.04287385940551758,2,0.6052496915931026,0.6208930611610413,0.0104
fire_light,Light/Sparse Fire,A*,174,20260703,1,51,70.46803743153546,0.903098945654894,0.0,0,411.80410984385156,0.0,1.773270845413208,2,0.6344756586064499,0.6613364815711975,0.0104
fire_light,Light/Sparse Fire,PPO,174,20260703,0,18,25.455844122715714,0.0,38.18376618407357,0,14.331406804908212,0.0,0.03786802291870117,2,0.6344756586064499,0.6613364815711975,0.0104
fire_light,Light/Sparse Fire,A*,175,20260704,1,50,69.88225099390857,0.9106691527772418,0.0,0,410.4064498046675,0.0,1.7825942039489746,1,0.5789385522353395,0.5789385437965393,0.0052
fire_light,Light/Sparse Fire,PPO,175,20260704,0,21,29.698484809835,0.0,33.94112549695428,1,30.536218691384732,0.3216325342655182,0.04622507095336914,1,0.5789385522353395,0.5789385437965393,0.0052
fire_light,Light/Sparse Fire,A*,176,20260705,1,52,70.22539674441617,0.9062193060781739,0.0,0,413.41273409548455,0.0,1.7813398838043213,2,0.6556149870854101,0.7261335849761963,0.0104
fire_light,Light/Sparse Fire,PPO,176,20260705,0,22,31.112698372208097,0.0,32.526911934581186,0,35.3802002309487,0.0,0.061604976654052734,2,0.6556149870854101,0.7261335849761963,0.0104
fire_light,Light/Sparse Fire,A*,177,20260706,1,51,71.29646455628166,0.8926054146282663,0.0,0,412.31879020900504,0.0,1.9195561408996582,2,0.7000786976160189,0.7498652338981628,0.0104
fire_light,Light/Sparse Fire,PPO,177,20260706,0,20,28.284271247461906,0.0,35.35533905932738,0,25.894695195047092,0.0,0.05422782897949219,2,0.7000786976160189,0.7498652338981628,0.0104
fire_light,Light/Sparse Fire,A*,178,20260707,1,48,66.22539674441619,0.9609547610925422,0.0,1,413.10438985555265,0.3704528212547302,1.745283842086792,1,0.6668151034469831,0.6668151021003723,0.0052
fire_light,Light/Sparse Fire,PPO,178,20260707,0,18,25.455844122715714,0.0,38.18376618407357,0,16.154805860059852,0.0,0.02865910530090332,1,0.6668151034469831,0.6668151021003723,0.0052
fire_light,Light/Sparse Fire,A*,179,20260708,1,51,68.81118318204308,0.9248440059289175,0.0,0,412.32032091575905,0.0,1.7471539974212646,2,0.6748303364288467,0.7030045390129089,0.0104
fire_light,Light/Sparse Fire,PPO,179,20260708,0,13,18.38477631085024,0.0,45.254833995939045,0,-19.72610446455019,0.0,0.02056598663330078,2,0.6748303364288467,0.7030045390129089,0.0104
fire_light,Light/Sparse Fire,A*,180,20260709,1,51,70.46803743153546,0.903098945654894,0.0,0,411.2746193996128,0.0,1.756721019744873,1,0.6467673699301137,0.6467673778533936,0.0052
fire_light,Light/Sparse Fire,PPO,180,20260709,0,20,28.284271247461906,0.0,35.35533905932738,0,30.029349113426264,0.0,0.03351902961730957,1,0.6467673699301137,0.6467673778533936,0.0052
fire_light,Light/Sparse Fire,A*,181,20260710,1,50,67.39696961966999,0.944250322617115,0.0,0,412.6791961051488,0.0,1.7291209697723389,2,0.6221686431708846,0.6773845553398132,0.0104
fire_light,Light/Sparse Fire,PPO,181,20260710,0,24,33.941125496954285,0.0,29.698484809834994,0,59.22161503253352,0.0,0.03678297996520996,2,0.6221686431708846,0.6773845553398132,0.0104
fire_light,Light/Sparse Fire,A*,182,20260711,1,50,68.22539674441617,0.9327847596869825,0.0,0,412.08625291024754,0.0,1.9505069255828857,2,0.6629076987915525,0.6830273270606995,0.0104
fire_light,Light/Sparse Fire,PPO,182,20260711,0,25,35.35533905932738,0.0,28.284271247461902,1,63.81339290009463,0.5312434434890747,0.03538393974304199,2,0.6629076987915525,0.6830273270606995,0.0104
fire_light,Light/Sparse Fire,A*,183,20260712,1,50,68.22539674441617,0.9327847596869825,0.0,0,413.14071528294596,0.0,1.733044147491455,1,0.6336080854065889,0.6336081027984619,0.0052
fire_light,Light/Sparse Fire,PPO,183,20260712,0,19,26.87005768508881,0.0,36.76955262170047,0,20.260804468018762,0.0,0.04789400100708008,1,0.6336080854065889,0.6336081027984619,0.0052
fire_light,Light/Sparse Fire,A*,184,20260713,1,48,66.22539674441619,0.9609547610925422,0.0,0,413.6289412150689,0.0,1.7148420810699463,1,0.5632034363992791,0.5632034540176392,0.0052
fire_light,Light/Sparse Fire,PPO,184,20260713,0,26,36.76955262170047,0.0,26.870057685088806,1,73.06064267401514,0.31289079785346985,0.030844926834106445,1,0.5632034363992791,0.5632034540176392,0.0052
fire_light,Light/Sparse Fire,A*,185,20260714,1,51,71.29646455628166,0.8926054146282663,0.0,0,413.6948773147458,0.0,1.7348380088806152,1,0.578063276894357,0.5780632495880127,0.0052
fire_light,Light/Sparse Fire,PPO,185,20260714,0,24,33.941125496954285,0.0,29.698484809834994,0,58.771360389725544,0.0,0.03574395179748535,1,0.578063276894357,0.5780632495880127,0.0052
fire_light,Light/Sparse Fire,A*,186,20260715,1,51,67.9827560572969,0.9361140088694382,0.0,0,412.84494966468293,0.0,1.709883213043213,2,0.6794299332126246,0.7317642569541931,0.0096
fire_light,Light/Sparse Fire,PPO,186,20260715,0,12,16.970562748477143,0.0,46.66904755831214,1,-29.172375212039952,0.40653568506240845,0.03612017631530762,2,0.6794299332126246,0.7317642569541931,0.0096
fire_light,Light/Sparse Fire,A*,187,20260716,1,50,69.05382386916237,0.9215942976216421,0.0,1,413.42012154037144,0.38291919231414795,1.7161059379577637,2,0.626854146827821,0.6892545819282532,0.0104
fire_light,Light/Sparse Fire,PPO,187,20260716,0,24,33.941125496954285,0.0,29.698484809834994,1,58.50418090850968,0.5360868573188782,0.03248715400695801,2,0.626854146827821,0.6892545819282532,0.0104
fire_light,Light/Sparse Fire,A*,188,20260717,1,51,68.81118318204308,0.9248440059289175,0.0,0,413.2414485212439,0.0,1.7353901863098145,1,0.5503966626025176,0.5503966808319092,0.0052
fire_light,Light/Sparse Fire,PPO,188,20260717,0,15,21.21320343559643,0.0,42.42640687119285,0,-5.4468593398759,0.0,0.03401017189025879,1,0.5503966626025176,0.5503966808319092,0.0052
fire_light,Light/Sparse Fire,A*,189,20260718,1,52,71.88225099390856,0.885331349906978,0.0,0,413.86658073528656,0.0,1.7997987270355225,2,0.6398850299076395,0.6483137011528015,0.0104
fire_light,Light/Sparse Fire,PPO,189,20260718,0,24,33.941125496954285,0.0,29.698484809834994,0,58.66645125956853,0.0,0.040116071701049805,2,0.6398850299076395,0.6483137011528015,0.0104
fire_light,Light/Sparse Fire,A*,190,20260719,1,48,65.39696961967,0.9731278173422864,0.0,0,412.96214989514027,0.0,1.6902179718017578,2,0.6616061581769344,0.6764186024665833,0.0104
fire_light,Light/Sparse Fire,PPO,190,20260719,0,24,33.941125496954285,0.0,29.698484809834994,1,53.52703113968988,0.35932984948158264,0.045210838317871094,2,0.6616061581769344,0.6764186024665833,0.0104
fire_light,Light/Sparse Fire,A*,191,20260720,1,51,67.9827560572969,0.9361140088694382,0.0,0,411.4429658965995,0.0,1.7216720581054688,2,0.5850880632603086,0.6085368990898132,0.0104
fire_light,Light/Sparse Fire,PPO,191,20260720,0,21,29.698484809835,0.0,33.94112549695428,0,35.248283893502816,0.0,0.04869389533996582,2,0.5850880632603086,0.6085368990898132,0.0104
fire_light,Light/Sparse Fire,A*,192,20260721,1,51,70.46803743153546,0.903098945654894,0.0,0,411.8764492239314,0.0,1.766969919204712,1,0.6605462623887716,0.6605462431907654,0.0052
fire_light,Light/Sparse Fire,PPO,192,20260721,0,16,22.627416997969522,0.0,41.012193308819754,0,0.7980016672140664,0.0,0.03389739990234375,1,0.6605462623887716,0.6605462431907654,0.0052
fire_light,Light/Sparse Fire,A*,193,20260722,1,51,69.63961030678927,0.9138421370601059,0.0,0,413.19536280956385,0.0,1.7719039916992188,1,0.6320345848036395,0.6320345997810364,0.0052
fire_light,Light/Sparse Fire,PPO,193,20260722,0,25,35.35533905932738,0.0,28.284271247461902,0,56.90081193312379,0.0,0.06111478805541992,1,0.6320345848036395,0.6320345997810364,0.0052
fire_light,Light/Sparse Fire,A*,194,20260723,1,48,66.22539674441619,0.9609547610925422,0.0,0,413.2818240399885,0.0,1.719196081161499,1,0.6593283846614872,0.6593284010887146,0.0052
fire_light,Light/Sparse Fire,PPO,194,20260723,0,17,24.041630560342618,0.0,39.59797974644666,2,2.1809091524105497,0.879104495048523,0.03632998466491699,1,0.6593283846614872,0.6593284010887146,0.0052
fire_light,Light/Sparse Fire,A*,195,20260724,1,49,66.81118318204308,0.9525293113487888,0.0,0,413.4849681943972,0.0,1.7142882347106934,1,0.5787004204034795,0.5787004232406616,0.0052
fire_light,Light/Sparse Fire,PPO,195,20260724,0,25,35.35533905932738,0.0,28.284271247461902,1,62.06324093805277,0.5144003629684448,0.04658102989196777,1,0.5787004204034795,0.5787004232406616,0.0052
fire_light,Light/Sparse Fire,A*,196,20260725,1,49,67.63961030678928,0.9408630537364508,0.0,0,411.2064528532047,0.0,1.969433069229126,1,0.5941292274130624,0.594129204750061,0.0052
fire_light,Light/Sparse Fire,PPO,196,20260725,0,20,28.284271247461906,0.0,35.35533905932738,2,15.064830136054383,0.7921723127365112,0.06617236137390137,1,0.5941292274130624,0.594129204750061,0.0052
fire_light,Light/Sparse Fire,A*,197,20260726,1,52,71.05382386916236,0.8956535600951537,0.0,0,411.2998084951128,0.0,1.8273887634277344,1,0.6884432985051251,0.6884433031082153,0.0052
fire_light,Light/Sparse Fire,PPO,197,20260726,0,25,35.35533905932738,0.0,28.284271247461902,1,51.074935914837155,0.5354558825492859,0.08338618278503418,1,0.6884432985051251,0.6884433031082153,0.0052
fire_light,Light/Sparse Fire,A*,198,20260727,1,48,65.39696961966999,0.9731278173422866,0.0,0,413.63773312221076,0.0,1.7220911979675293,2,0.6210161722138561,0.6455752849578857,0.0104
fire_light,Light/Sparse Fire,PPO,198,20260727,0,26,36.76955262170047,0.0,26.870057685088806,1,72.87432503686394,0.3586529493331909,0.030920028686523438,2,0.6210161722138561,0.6455752849578857,0.0104
fire_light,Light/Sparse Fire,A*,199,20260728,1,54,73.05382386916236,0.8711331855915755,0.0,0,412.9037990434085,0.0,1.8393590450286865,2,0.6834885743124774,0.7387167811393738,0.0104
fire_light,Light/Sparse Fire,PPO,199,20260728,0,13,18.38477631085024,0.0,45.254833995939045,0,-19.116128318180017,0.0,0.024921894073486328,2,0.6834885743124774,0.7387167811393738,0.0104
fire_light,Light/Sparse Fire,A*,200,20260729,1,49,66.81118318204308,0.9525293113487888,0.0,0,413.1747638120315,0.0,1.7677621841430664,2,0.5893289189513287,0.5956088304519653,0.0104
fire_light,Light/Sparse Fire,PPO,200,20260729,0,14,19.798989873223334,0.0,43.840620433565945,1,-16.27320356723658,0.5294300317764282,0.037110090255737305,2,0.5893289189513287,0.5956088304519653,0.0104
fire_light,Light/Sparse Fire,A*,201,20260730,1,52,71.88225099390856,0.885331349906978,0.0,0,412.86425045161155,0.0,1.8420541286468506,2,0.640669683571525,0.715909481048584,0.0104
fire_light,Light/Sparse Fire,PPO,201,20260730,0,25,35.35533905932738,0.0,28.284271247461902,0,56.037567517375905,0.0,0.07047128677368164,2,0.640669683571525,0.715909481048584,0.0104
fire_light,Light/Sparse Fire,A*,202,20260731,1,51,72.12489168102785,0.8823529411764707,0.0,0,412.0423516041544,0.0,1.790736198425293,1,0.6137391664067182,0.6137391924858093,0.0052
fire_light,Light/Sparse Fire,PPO,202,20260731,0,13,18.38477631085024,0.0,45.254833995939045,0,-19.158894383342158,0.0,0.028259754180908203,1,0.6137391664067182,0.6137391924858093,0.0052
fire_light,Light/Sparse Fire,A*,203,20260732,1,51,68.81118318204308,0.9248440059289175,0.0,0,411.352111480667,0.0,1.7681608200073242,1,0.6699604926809347,0.6699604988098145,0.0052
fire_light,Light/Sparse Fire,PPO,203,20260732,0,16,22.627416997969522,0.0,41.012193308819754,1,-7.234786403099406,0.37220028042793274,0.047553062438964844,1,0.6699604926809347,0.6699604988098145,0.0052
fire_light,Light/Sparse Fire,A*,204,20260733,1,50,68.22539674441617,0.9327847596869825,0.0,0,413.5755622375264,0.0,1.7431018352508545,1,0.6512338987748467,0.6512339115142822,0.0052
fire_light,Light/Sparse Fire,PPO,204,20260733,0,23,32.52691193458119,0.0,31.11269837220809,0,51.65575837629676,0.0,0.03583264350891113,1,0.6512338987748467,0.6512339115142822,0.0052
fire_light,Light/Sparse Fire,A*,205,20260734,1,49,66.81118318204308,0.9525293113487888,0.0,0,413.638970961802,0.0,1.7121968269348145,2,0.6239220810344124,0.6433327794075012,0.0104
fire_light,Light/Sparse Fire,PPO,205,20260734,0,25,35.35533905932738,0.0,28.284271247461902,1,58.85882043109858,0.537343442440033,0.04796004295349121,2,0.6239220810344124,0.6433327794075012,0.0104
fire_light,Light/Sparse Fire,A*,206,20260735,1,49,65.9827560572969,0.9644885135068787,0.0,0,413.2904713759281,0.0,1.7101919651031494,1,0.7455034257340827,0.7455034255981445,0.0052
fire_light,Light/Sparse Fire,PPO,206,20260735,0,20,28.284271247461906,0.0,35.35533905932738,0,26.755058225787337,0.0,0.04515814781188965,1,0.7455034257340827,0.7455034255981445,0.0052
fire_light,Light/Sparse Fire,A*,207,20260736,1,52,71.05382386916236,0.8956535600951537,0.0,0,412.61043828058104,0.0,1.7618858814239502,1,0.5995286905097874,0.5995286703109741,0.0052
fire_light,Light/Sparse Fire,PPO,207,20260736,0,16,22.627416997969522,0.0,41.012193308819754,0,2.0460631953428674,0.0,0.03116893768310547,1,0.5995286905097874,0.5995286703109741,0.0052
fire_light,Light/Sparse Fire,A*,208,20260737,1,54,73.05382386916236,0.8711331855915755,0.0,0,413.30823752177645,0.0,1.8029839992523193,1,0.7050146911987989,0.705014705657959,0.0052
fire_light,Light/Sparse Fire,PPO,208,20260737,0,17,24.041630560342618,0.0,39.59797974644666,0,0.6419784378144868,0.0,0.06036996841430664,1,0.7050146911987989,0.705014705657959,0.0052
fire_light,Light/Sparse Fire,A*,209,20260738,1,51,69.63961030678928,0.9138421370601058,0.0,0,411.31983101801967,0.0,1.7658801078796387,2,0.7283775192629998,0.7322776913642883,0.0104
fire_light,Light/Sparse Fire,PPO,209,20260738,0,16,22.627416997969522,0.0,41.012193308819754,0,0.9831607906712634,0.0,0.033840179443359375,2,0.7283775192629998,0.7322776913642883,0.0104
fire_light,Light/Sparse Fire,A*,210,20260739,1,50,66.5685424949238,0.9560012570748733,0.0,0,413.7131065105262,0.0,1.6932220458984375,2,0.6209868922861883,0.6385351419448853,0.0104
fire_light,Light/Sparse Fire,PPO,210,20260739,0,26,36.76955262170047,0.0,26.870057685088806,2,47.99363970736256,1.1351735591888428,0.08434510231018066,2,0.6209868922861883,0.6385351419448853,0.0104
fire_light,Light/Sparse Fire,A*,211,20260740,1,49,66.81118318204308,0.9525293113487888,0.0,0,413.1699433031329,0.0,1.7045531272888184,1,0.7218925234941694,0.7218925356864929,0.0052
fire_light,Light/Sparse Fire,PPO,211,20260740,0,16,22.627416997969522,0.0,41.012193308819754,0,1.5994959355625724,0.0,0.026408910751342773,1,0.7218925234941694,0.7218925356864929,0.0052
fire_light,Light/Sparse Fire,A*,212,20260741,1,50,69.05382386916237,0.9215942976216421,0.0,0,412.6679660695692,0.0,1.7465448379516602,2,0.6310865580662267,0.6916084885597229,0.0104
fire_light,Light/Sparse Fire,PPO,212,20260741,0,15,21.21320343559643,0.0,42.42640687119285,0,-4.954990829586549,0.0,0.026133298873901367,2,0.6310865580662267,0.6916084885597229,0.0104
fire_light,Light/Sparse Fire,A*,213,20260742,1,54,71.39696961966997,0.8913488996213149,0.0,0,413.35171691592257,0.0,1.7746469974517822,2,0.6869601009874646,0.7463244795799255,0.0104
fire_light,Light/Sparse Fire,PPO,213,20260742,0,14,19.798989873223334,0.0,43.840620433565945,0,-21.20372111670349,0.0,0.05838489532470703,2,0.6869601009874646,0.7463244795799255,0.0104
fire_light,Light/Sparse Fire,A*,214,20260743,1,49,66.81118318204308,0.9525293113487888,0.0,0,411.87294077904085,0.0,1.7188379764556885,1,0.6669456555515103,0.6669456362724304,0.0052
fire_light,Light/Sparse Fire,PPO,214,20260743,0,14,19.798989873223334,0.0,43.840620433565945,0,-12.282002908214054,0.0,0.025372982025146484,1,0.6669456555515103,0.6669456362724304,0.0052
fire_light,Light/Sparse Fire,A*,215,20260744,1,50,67.39696961966999,0.944250322617115,0.0,0,413.1909595319182,0.0,1.7288413047790527,1,0.7304658778925721,0.7304658889770508,0.0052
fire_light,Light/Sparse Fire,PPO,215,20260744,0,14,19.798989873223334,0.0,43.840620433565945,0,-15.119882804399367,0.0,0.04789304733276367,1,0.7304658778925721,0.7304658889770508,0.0052
fire_light,Light/Sparse Fire,A*,216,20260745,1,48,66.22539674441619,0.9609547610925422,0.0,0,412.66293379013,0.0,1.7145979404449463,1,0.7010190062016602,0.7010189890861511,0.0052
fire_light,Light/Sparse Fire,PPO,216,20260745,0,19,26.87005768508881,0.0,36.76955262170047,0,14.080923372132531,0.0,0.038949012756347656,1,0.7010190062016602,0.7010189890861511,0.0052
fire_light,Light/Sparse Fire,A*,217,20260746,1,48,67.05382386916239,0.9490824927593238,0.0,0,413.1942776628377,0.0,1.7464077472686768,2,0.6403732610466706,0.6691226959228516,0.0104
fire_light,Light/Sparse Fire,PPO,217,20260746,0,23,32.52691193458119,0.0,31.11269837220809,1,51.230211205393786,0.3717348277568817,0.03187298774719238,2,0.6403732610466706,0.6691226959228516,0.0104
fire_light,Light/Sparse Fire,A*,218,20260747,1,49,66.81118318204308,0.9525293113487888,0.0,0,413.2624081599849,0.0,1.736320972442627,1,0.5902186269924854,0.5902186036109924,0.0052
fire_light,Light/Sparse Fire,PPO,218,20260747,0,16,22.627416997969522,0.0,41.012193308819754,1,-2.860776495832397,0.5246387720108032,0.039732933044433594,1,0.5902186269924854,0.5902186036109924,0.0052
fire_light,Light/Sparse Fire,A*,219,20260748,1,50,69.05382386916237,0.9215942976216421,0.0,0,412.1792411786192,0.0,1.7704110145568848,2,0.6633029739472831,0.7002938389778137,0.0104
fire_light,Light/Sparse Fire,PPO,219,20260748,0,17,24.041630560342618,0.0,39.59797974644666,0,8.757480711543394,0.0,0.027661800384521484,2,0.6633029739472831,0.7002938389778137,0.0104
fire_light,Light/Sparse Fire,A*,220,20260749,1,56,73.39696961966999,0.8670604608958434,0.0,0,414.78992043702647,0.0,1.8044459819793701,2,0.6597564231464781,0.7369183897972107,0.0104
fire_light,Light/Sparse Fire,PPO,220,20260749,0,23,32.52691193458119,0.0,31.11269837220809,2,45.215084025620214,1.3100771307945251,0.04371929168701172,2,0.6597564231464781,0.7369183897972107,0.0104
fire_light,Light/Sparse Fire,A*,221,20260750,1,50,67.39696961966999,0.944250322617115,0.0,0,413.06732216715847,0.0,1.7230279445648193,2,0.5987017496883715,0.6445561051368713,0.0104
fire_light,Light/Sparse Fire,PPO,221,20260750,0,14,19.798989873223334,0.0,43.840620433565945,0,-14.943041485792037,0.0,0.04590415954589844,2,0.5987017496883715,0.6445561051368713,0.0104
fire_light,Light/Sparse Fire,A*,222,20260751,1,51,68.81118318204308,0.9248440059289175,0.0,0,412.88267660542755,0.0,2.6577489376068115,2,0.6498597611433223,0.7115442156791687,0.0104
fire_light,Light/Sparse Fire,PPO,222,20260751,0,17,24.041630560342618,0.0,39.59797974644666,1,5.491754551008853,0.553423285484314,0.21340584754943848,2,0.6498597611433223,0.7115442156791687,0.0104
fire_light,Light/Sparse Fire,A*,223,20260752,1,48,67.05382386916239,0.9490824927593238,0.0,0,413.6011719594824,0.0,2.2114360332489014,1,0.6428392271860833,0.642839252948761,0.0052
fire_light,Light/Sparse Fire,PPO,223,20260752,0,26,36.76955262170047,0.0,26.870057685088806,1,73.12484208490066,0.3571329116821289,0.034507036209106445,1,0.6428392271860833,0.642839252948761,0.0052
fire_light,Light/Sparse Fire,A*,224,20260753,1,51,68.81118318204308,0.9248440059289175,0.0,0,412.4606868153647,0.0,1.7265851497650146,2,0.61625427036597,0.6676228642463684,0.0104
fire_light,Light/Sparse Fire,PPO,224,20260753,0,18,25.455844122715714,0.0,38.18376618407357,0,16.401066468980318,0.0,0.027987957000732422,2,0.61625427036597,0.6676228642463684,0.0104
fire_light,Light/Sparse Fire,A*,225,20260754,1,49,67.63961030678928,0.9408630537364508,0.0,0,412.36930296796555,0.0,1.699458122253418,2,0.6848131280620944,0.6958560347557068,0.0104
fire_light,Light/Sparse Fire,PPO,225,20260754,0,16,22.627416997969522,0.0,41.012193308819754,0,1.8070365929124819,0.0,0.027648210525512695,2,0.6848131280620944,0.6958560347557068,0.0104
fire_light,Light/Sparse Fire,A*,226,20260755,1,51,70.46803743153546,0.903098945654894,0.0,0,411.8365999615208,0.0,1.7591760158538818,2,0.6010943181971121,0.6349899172782898,0.0104
fire_light,Light/Sparse Fire,PPO,226,20260755,0,15,21.21320343559643,0.0,42.42640687119285,0,-5.530793675437835,0.0,0.03284931182861328,2,0.6010943181971121,0.6349899172782898,0.0104
fire_light,Light/Sparse Fire,A*,227,20260756,1,52,70.22539674441617,0.9062193060781739,0.0,0,412.11481098647585,0.0,1.7225699424743652,1,0.6746834871241633,0.6746835112571716,0.0052
fire_light,Light/Sparse Fire,PPO,227,20260756,0,13,18.38477631085024,0.0,45.254833995939045,0,-28.527448092194845,0.0,0.05880880355834961,1,0.6746834871241633,0.6746835112571716,0.0052
fire_light,Light/Sparse Fire,A*,228,20260757,1,54,71.39696961966997,0.8913488996213149,0.0,0,411.9801545844886,0.0,1.810136079788208,2,0.5935514496591159,0.634981632232666,0.0104
fire_light,Light/Sparse Fire,PPO,228,20260757,0,15,21.21320343559643,0.0,42.42640687119285,0,-5.300643688982618,0.0,0.033308982849121094,2,0.5935514496591159,0.634981632232666,0.0104
fire_light,Light/Sparse Fire,A*,229,20260758,1,46,64.22539674441617,0.9908792087348558,0.0,0,413.2436353102604,0.0,1.6827712059020996,1,0.6871061367719113,0.6871061325073242,0.0052
fire_light,Light/Sparse Fire,PPO,229,20260758,0,26,36.76955262170047,0.0,26.870057685088806,2,64.41650855525229,0.916141539812088,0.04113483428955078,1,0.6871061367719113,0.6871061325073242,0.0052
fire_light,Light/Sparse Fire,A*,230,20260759,1,51,70.46803743153546,0.903098945654894,0.0,0,412.9539412516845,0.0,1.7492530345916748,1,0.6881888396706892,0.6881888508796692,0.0052
fire_light,Light/Sparse Fire,PPO,230,20260759,0,21,29.698484809835,0.0,33.94112549695428,0,31.765040451108092,0.0,0.05731081962585449,1,0.6881888396706892,0.6881888508796692,0.0052
fire_light,Light/Sparse Fire,A*,231,20260760,1,50,67.39696961966999,0.944250322617115,0.0,0,413.7258930532551,0.0,1.7165520191192627,1,0.6587714619434036,0.6587714552879333,0.0052
fire_light,Light/Sparse Fire,PPO,231,20260760,0,25,35.35533905932738,0.0,28.284271247461902,2,55.140413369482516,1.1711492538452148,0.07189202308654785,1,0.6587714619434036,0.6587714552879333,0.0052
fire_light,Light/Sparse Fire,A*,232,20260761,1,49,67.63961030678928,0.9408630537364508,0.0,0,412.95641002696107,0.0,1.7104291915893555,2,0.5616095407327188,0.5668005347251892,0.0104
fire_light,Light/Sparse Fire,PPO,232,20260761,0,25,35.35533905932738,0.0,28.284271247461902,1,54.24584864839288,0.5038226842880249,0.058975934982299805,2,0.5616095407327188,0.5668005347251892,0.0104
fire_light,Light/Sparse Fire,A*,233,20260762,1,55,71.15432893255068,0.8943884548066664,0.0,0,412.8062658392504,0.0,1.7384278774261475,2,0.6482306975558907,0.6955210566520691,0.0104
fire_light,Light/Sparse Fire,PPO,233,20260762,0,9,12.727922061357857,0.0,50.91168824543142,0,-54.94949606204782,0.0,0.02813100814819336,2,0.6482306975558907,0.6955210566520691,0.0104
fire_light,Light/Sparse Fire,A*,234,20260763,1,52,69.39696961966999,0.9170373094901131,0.0,0,413.4112431231692,0.0,1.733051061630249,2,0.6814948630376758,0.7319315671920776,0.0104
fire_light,Light/Sparse Fire,PPO,234,20260763,0,9,12.727922061357857,0.0,50.91168824543142,0,-47.55837941969103,0.0,0.0196530818939209,2,0.6814948630376758,0.7319315671920776,0.0104
fire_light,Light/Sparse Fire,A*,235,20260764,1,51,68.81118318204308,0.9248440059289175,0.0,0,411.8948838278493,0.0,1.748967170715332,2,0.6542877925156358,0.698382556438446,0.0104
fire_light,Light/Sparse Fire,PPO,235,20260764,0,23,32.52691193458119,0.0,31.11269837220809,0,44.071741243622725,0.0,0.06069135665893555,2,0.6542877925156358,0.698382556438446,0.0104
fire_light,Light/Sparse Fire,A*,236,20260765,1,47,65.63961030678927,0.9695305930267974,0.0,0,412.27847050656504,0.0,1.678497076034546,1,0.6644888538721513,0.6644888520240784,0.0052
fire_light,Light/Sparse Fire,PPO,236,20260765,0,25,35.35533905932738,0.0,28.284271247461902,1,65.4572122454317,0.3691604733467102,0.026769161224365234,1,0.6644888538721513,0.6644888520240784,0.0052
fire_light,Light/Sparse Fire,A*,237,20260766,1,50,69.05382386916237,0.9215942976216421,0.0,0,413.3865487317636,0.0,1.726564884185791,2,0.6046710038171196,0.6132297515869141,0.0104
fire_light,Light/Sparse Fire,PPO,237,20260766,0,18,25.455844122715714,0.0,38.18376618407357,0,16.12039705461227,0.0,0.03188514709472656,2,0.6046710038171196,0.6132297515869141,0.0104
fire_light,Light/Sparse Fire,A*,238,20260767,1,49,67.63961030678928,0.9408630537364508,0.0,0,413.6725556706682,0.0,1.7070050239562988,1,0.6505296232257539,0.6505296230316162,0.0052
fire_light,Light/Sparse Fire,PPO,238,20260767,0,26,36.76955262170047,0.0,26.870057685088806,1,64.83587206721911,0.5782485604286194,0.050041913986206055,1,0.6505296232257539,0.6505296230316162,0.0052
fire_light,Light/Sparse Fire,A*,239,20260768,1,48,66.22539674441619,0.9609547610925422,0.0,0,413.13095945722245,0.0,1.7053301334381104,1,0.5603830727636707,0.5603830814361572,0.0052
fire_light,Light/Sparse Fire,PPO,239,20260768,0,26,36.76955262170047,0.0,26.870057685088806,1,73.0181903837725,0.31132394075393677,0.03039693832397461,1,0.5603830727636707,0.5603830814361572,0.0052
fire_light,Light/Sparse Fire,A*,240,20260769,1,49,66.81118318204308,0.9525293113487888,0.0,0,413.3946770121374,0.0,1.698991298675537,1,0.7117647585407578,0.7117647528648376,0.0052
fire_light,Light/Sparse Fire,PPO,240,20260769,0,18,25.455844122715714,0.0,38.18376618407357,0,16.033122977750892,0.0,0.028136014938354492,1,0.7117647585407578,0.7117647528648376,0.0052
fire_light,Light/Sparse Fire,A*,241,20260770,1,49,67.63961030678928,0.9408630537364508,0.0,0,413.24941736241254,0.0,1.7030048370361328,1,0.5752908759387141,0.575290858745575,0.0052
fire_light,Light/Sparse Fire,PPO,241,20260770,0,17,24.041630560342618,0.0,39.59797974644666,2,-8.141808022673104,0.7670544981956482,0.05467700958251953,1,0.5752908759387141,0.575290858745575,0.0052
fire_light,Light/Sparse Fire,A*,242,20260771,1,52,71.88225099390856,0.885331349906978,0.0,0,411.8546203718606,0.0,1.7659168243408203,1,0.6090610266177428,0.6090610027313232,0.0052
fire_light,Light/Sparse Fire,PPO,242,20260771,0,23,32.52691193458119,0.0,31.11269837220809,0,49.77276544341139,0.0,0.03865814208984375,1,0.6090610266177428,0.6090610027313232,0.0052
fire_light,Light/Sparse Fire,A*,243,20260772,1,49,68.46803743153548,0.9294791072465838,0.0,0,413.208632832161,0.0,1.6997451782226562,1,0.7487889832206964,0.7487890124320984,0.0052
fire_light,Light/Sparse Fire,PPO,243,20260772,0,15,21.21320343559643,0.0,42.42640687119285,0,-5.42243001126802,0.0,0.02568793296813965,1,0.7487889832206964,0.7487890124320984,0.0052
fire_light,Light/Sparse Fire,A*,244,20260773,1,50,68.22539674441617,0.9327847596869825,0.0,0,413.0676995984751,0.0,1.7111709117889404,1,0.5688942652384837,0.5688942670822144,0.0052
fire_light,Light/Sparse Fire,PPO,244,20260773,0,19,26.87005768508881,0.0,36.76955262170047,0,23.29951449199376,0.0,0.029470205307006836,1,0.5688942652384837,0.5688942670822144,0.0052
fire_light,Light/Sparse Fire,A*,245,20260774,1,55,73.63961030678925,0.8642035182106604,0.0,0,412.52851907009585,0.0,1.771758794784546,2,0.684797402437644,0.7133494019508362,0.0104
fire_light,Light/Sparse Fire,PPO,245,20260774,0,6,8.485281374238571,0.0,55.154328932550705,0,-71.47787226932115,0.0,0.042723894119262695,2,0.684797402437644,0.7133494019508362,0.0104
fire_light,Light/Sparse Fire,A*,246,20260775,1,50,68.22539674441617,0.9327847596869825,0.0,0,413.3495108601545,0.0,1.72542405128479,1,0.7178402321683051,0.7178402543067932,0.0052
fire_light,Light/Sparse Fire,PPO,246,20260775,0,24,33.941125496954285,0.0,29.698484809834994,0,58.24327195923348,0.0,0.03685307502746582,1,0.7178402321683051,0.7178402543067932,0.0052
fire_light,Light/Sparse Fire,A*,247,20260776,1,50,67.39696961966999,0.944250322617115,0.0,0,413.2767615350112,0.0,1.7158520221710205,1,0.5595645306030133,0.5595645308494568,0.0052
fire_light,Light/Sparse Fire,PPO,247,20260776,0,25,35.35533905932738,0.0,28.284271247461902,0,65.59294627664029,0.0,0.03284096717834473,1,0.5595645306030133,0.5595645308494568,0.0052
fire_light,Light/Sparse Fire,A*,248,20260777,1,50,69.05382386916237,0.9215942976216421,0.0,0,413.755439722302,0.0,1.7147111892700195,1,0.5584914114845916,0.5584914088249207,0.0052
fire_light,Light/Sparse Fire,PPO,248,20260777,0,24,33.941125496954285,0.0,29.698484809834994,0,59.09371192398754,0.0,0.03831791877746582,1,0.5584914114845916,0.5584914088249207,0.0052
fire_light,Light/Sparse Fire,A*,249,20260778,1,50,68.22539674441617,0.9327847596869825,0.0,0,412.2802880110965,0.0,1.7155630588531494,2,0.6113489145211641,0.6176226139068604,0.0104
fire_light,Light/Sparse Fire,PPO,249,20260778,0,17,24.041630560342618,0.0,39.59797974644666,0,6.999636961971646,0.0,0.04627394676208496,2,0.6113489145211641,0.6176226139068604,0.0104
fire_light,Light/Sparse Fire,A*,250,20260779,1,54,72.22539674441617,0.8811251052312057,0.0,0,413.0221925563823,0.0,1.775015115737915,2,0.6198579886687482,0.6851751804351807,0.0104
fire_light,Light/Sparse Fire,PPO,250,20260779,0,12,16.970562748477143,0.0,46.66904755831214,0,-26.0524167198694,0.0,0.02754497528076172,2,0.6198579886687482,0.6851751804351807,0.0104
fire_light,Light/Sparse Fire,A*,251,20260780,1,49,66.81118318204308,0.9525293113487888,0.0,0,412.4946356715515,0.0,1.6894218921661377,2,0.6543226393615269,0.6783889532089233,0.0104
fire_light,Light/Sparse Fire,PPO,251,20260780,0,14,19.798989873223334,0.0,43.840620433565945,1,-21.159750205522414,0.35014238953590393,0.040413856506347656,2,0.6543226393615269,0.6783889532089233,0.0104
fire_light,Light/Sparse Fire,A*,252,20260781,1,50,67.39696961966999,0.944250322617115,0.0,0,413.28220802140646,0.0,1.6948750019073486,1,0.6973047733202887,0.6973047852516174,0.0052
fire_light,Light/Sparse Fire,PPO,252,20260781,0,16,22.627416997969522,0.0,41.012193308819754,0,-4.098432969945861,0.0,0.04989171028137207,1,0.6973047733202887,0.6973047852516174,0.0052
fire_light,Light/Sparse Fire,A*,253,20260782,1,51,69.63961030678927,0.9138421370601059,0.0,0,412.95807225138384,0.0,1.734442949295044,1,0.5818050957187217,0.5818051099777222,0.0052
fire_light,Light/Sparse Fire,PPO,253,20260782,0,14,19.798989873223334,0.0,43.840620433565945,0,-12.457781501404952,0.0,0.029109954833984375,1,0.5818050957187217,0.5818051099777222,0.0052
fire_light,Light/Sparse Fire,A*,254,20260783,1,50,67.39696961966999,0.944250322617115,0.0,0,413.7040847198182,0.0,1.7022740840911865,2,0.625449942578814,0.6410242915153503,0.0096
fire_light,Light/Sparse Fire,PPO,254,20260783,0,23,32.52691193458119,0.0,31.11269837220809,0,51.865520487566116,0.0,0.03145027160644531,2,0.625449942578814,0.6410242915153503,0.0096
fire_light,Light/Sparse Fire,A*,255,20260784,1,50,69.88225099390857,0.9106691527772418,0.0,0,413.0794539036541,0.0,1.7622976303100586,1,0.6146163964905431,0.6146163940429688,0.0052
fire_light,Light/Sparse Fire,PPO,255,20260784,0,25,35.35533905932738,0.0,28.284271247461902,0,65.86357521305443,0.0,0.033873796463012695,1,0.6146163964905431,0.6146163940429688,0.0052
fire_light,Light/Sparse Fire,A*,256,20260785,1,49,66.8111831820431,0.9525293113487886,0.0,0,412.9613985731115,0.0,1.6914799213409424,1,0.7442736044193823,0.7442736029624939,0.0052
fire_light,Light/Sparse Fire,PPO,256,20260785,0,26,36.76955262170047,0.0,26.870057685088806,2,57.05528461914999,0.9923648238182068,0.06110572814941406,1,0.7442736044193823,0.7442736029624939,0.0052
fire_light,Light/Sparse Fire,A*,257,20260786,1,50,68.22539674441617,0.9327847596869825,0.0,0,413.60818672832664,0.0,1.723268747329712,1,0.5803139937660388,0.5803139805793762,0.0052
fire_light,Light/Sparse Fire,PPO,257,20260786,0,25,35.35533905932738,0.0,28.284271247461902,0,63.08836527930224,0.0,0.04633283615112305,1,0.5803139937660388,0.5803139805793762,0.0052
fire_light,Light/Sparse Fire,A*,258,20260787,1,55,74.46803743153545,0.8545895998037866,0.0,0,412.0392886905149,0.0,1.8566699028015137,2,0.5897018976170834,0.6192315220832825,0.0104
fire_light,Light/Sparse Fire,PPO,258,20260787,0,19,26.87005768508881,0.0,36.76955262170047,0,12.454803818068342,0.0,0.06837701797485352,2,0.5897018976170834,0.6192315220832825,0.0104
fire_light,Light/Sparse Fire,A*,259,20260788,1,47,64.81118318204307,0.9819232913560142,0.0,0,413.217608399598,0.0,1.6989250183105469,2,0.6714870523289815,0.6808139085769653,0.0104
fire_light,Light/Sparse Fire,PPO,259,20260788,0,18,25.455844122715714,0.0,38.18376618407357,1,16.092022713048365,0.37822994589805603,0.023045063018798828,2,0.6714870523289815,0.6808139085769653,0.0104
fire_light,Light/Sparse Fire,A*,260,20260789,1,49,67.63961030678928,0.9408630537364508,0.0,0,412.23727245276217,0.0,1.7100107669830322,2,0.6363958931307373,0.6996035575866699,0.0104
fire_light,Light/Sparse Fire,PPO,260,20260789,0,16,22.627416997969522,0.0,41.012193308819754,0,-1.14952237595935,0.0,0.03581809997558594,2,0.6363958931307373,0.6996035575866699,0.0104
fire_light,Light/Sparse Fire,A*,261,20260790,1,50,69.88225099390857,0.9106691527772418,0.0,0,412.4582202345445,0.0,1.7244641780853271,1,0.564138458737976,0.5641384720802307,0.0052
fire_light,Light/Sparse Fire,PPO,261,20260790,0,14,19.798989873223334,0.0,43.840620433565945,0,-12.249623864015575,0.0,0.028163671493530273,1,0.564138458737976,0.5641384720802307,0.0052
fire_light,Light/Sparse Fire,A*,262,20260791,1,51,69.63961030678927,0.9138421370601059,0.0,0,413.51866499758313,0.0,1.806089162826538,2,0.6866392095655056,0.7405533790588379,0.0104
fire_light,Light/Sparse Fire,PPO,262,20260791,0,22,31.112698372208097,0.0,32.526911934581186,0,44.724110182886506,0.0,0.03453207015991211,2,0.6866392095655056,0.7405533790588379,0.0104
fire_light,Light/Sparse Fire,A*,263,20260792,1,49,67.63961030678928,0.9408630537364508,0.0,0,413.30331640021654,0.0,1.7313079833984375,1,0.6701666696009788,0.6701666712760925,0.0052
fire_light,Light/Sparse Fire,PPO,263,20260792,0,20,28.284271247461906,0.0,35.35533905932738,2,19.19661771930768,0.8935555815696716,0.05250716209411621,1,0.6701666696009788,0.6701666712760925,0.0052
fire_light,Light/Sparse Fire,A*,264,20260793,1,53,69.98275605729688,0.9093613040144591,0.0,0,412.66484625517177,0.0,1.746445894241333,2,0.6622203181061299,0.739971935749054,0.0104
fire_light,Light/Sparse Fire,PPO,264,20260793,0,11,15.556349186104049,0.0,48.08326112068523,0,-40.43201059874571,0.0,0.0487828254699707,2,0.6622203181061299,0.739971935749054,0.0104
fire_light,Light/Sparse Fire,A*,265,20260794,1,50,69.88225099390857,0.9106691527772418,0.0,0,411.8531261211516,0.0,1.7501420974731445,2,0.6885174069492106,0.7427625060081482,0.0104
fire_light,Light/Sparse Fire,PPO,265,20260794,0,24,33.941125496954285,0.0,29.698484809834994,0,57.166169252276006,0.0,0.036035776138305664,2,0.6885174069492106,0.7427625060081482,0.0104
fire_light,Light/Sparse Fire,A*,266,20260795,1,51,69.63961030678927,0.9138421370601059,0.0,0,413.1212572671189,0.0,1.7364728450775146,1,0.7467025316500306,0.7467025518417358,0.0052
fire_light,Light/Sparse Fire,PPO,266,20260795,0,16,22.627416997969522,0.0,41.012193308819754,1,-15.05058815096254,0.663735568523407,0.07623076438903809,1,0.7467025316500306,0.7467025518417358,0.0052
fire_light,Light/Sparse Fire,A*,267,20260796,1,52,69.39696961966999,0.9170373094901131,0.0,0,412.3065327471562,0.0,1.7379708290100098,1,0.6531305803732481,0.6531305909156799,0.0052
fire_light,Light/Sparse Fire,PPO,267,20260796,0,22,31.112698372208097,0.0,32.526911934581186,0,43.25731084261744,0.0,0.03793001174926758,1,0.6531305803732481,0.6531305909156799,0.0052
fire_light,Light/Sparse Fire,A*,268,20260797,1,50,67.39696961966999,0.944250322617115,0.0,0,412.8056460476672,0.0,1.7107172012329102,2,0.5898268849478309,0.6101617217063904,0.0104
fire_light,Light/Sparse Fire,PPO,268,20260797,0,14,19.798989873223334,0.0,43.840620433565945,0,-12.091738261049159,0.0,0.025299787521362305,2,0.5898268849478309,0.6101617217063904,0.0104
fire_light,Light/Sparse Fire,A*,269,20260798,1,49,68.46803743153548,0.9294791072465838,0.0,0,411.63105591765157,0.0,1.7211291790008545,1,0.7245701398573275,0.7245701551437378,0.0052
fire_light,Light/Sparse Fire,PPO,269,20260798,0,14,19.798989873223334,0.0,43.840620433565945,0,-12.232594324711954,0.0,0.025213956832885742,1,0.7245701398573275,0.7245701551437378,0.0052
fire_light,Light/Sparse Fire,A*,270,20260799,1,49,66.81118318204308,0.9525293113487888,0.0,0,413.5324195572433,0.0,1.692101001739502,1,0.7471879768747206,0.7471879720687866,0.0052
fire_light,Light/Sparse Fire,PPO,270,20260799,0,21,29.698484809835,0.0,33.94112549695428,0,37.28718975251772,0.0,0.03024005889892578,1,0.7471879768747206,0.7471879720687866,0.0052
fire_light,Light/Sparse Fire,A*,271,20260800,1,50,67.39696961966999,0.944250322617115,0.0,0,412.8868209247378,0.0,1.6957957744598389,1,0.567873709985542,0.5678737163543701,0.0052
fire_light,Light/Sparse Fire,PPO,271,20260800,0,16,22.627416997969522,0.0,41.012193308819754,0,1.4997524836180673,0.0,0.026300907135009766,1,0.567873709985542,0.5678737163543701,0.0052
fire_light,Light/Sparse Fire,A*,272,20260801,1,55,75.29646455628163,0.8451872299956495,0.0,0,412.59242691168186,0.0,1.7680602073669434,2,0.7247505483956321,0.7263880968093872,0.0104
fire_light,Light/Sparse Fire,PPO,272,20260801,0,16,22.627416997969522,0.0,41.012193308819754,0,1.9383330766904692,0.0,0.02673816680908203,2,0.7247505483956321,0.7263880968093872,0.0104
fire_light,Light/Sparse Fire,A*,273,20260802,1,47,64.81118318204307,0.9819232913560142,0.0,0,413.07108356216605,0.0,1.6573817729949951,1,0.6512182112123264,0.6512182354927063,0.0052
fire_light,Light/Sparse Fire,PPO,273,20260802,0,21,29.698484809835,0.0,33.94112549695428,1,37.2529349631653,0.361787885427475,0.02413201332092285,1,0.6512182112123264,0.6512182354927063,0.0052
fire_light,Light/Sparse Fire,A*,274,20260803,1,52,71.05382386916237,0.8956535600951536,0.0,0,410.2759600067763,0.0,1.743901014328003,2,0.6187139286023986,0.672957181930542,0.0104
fire_light,Light/Sparse Fire,PPO,274,20260803,0,18,25.455844122715714,0.0,38.18376618407357,0,6.9326749457692785,0.0,0.057168006896972656,2,0.6187139286023986,0.672957181930542,0.0104
fire_light,Light/Sparse Fire,A*,275,20260804,1,51,67.1543289325507,0.947662069123026,0.0,0,412.04411578299323,0.0,1.696894884109497,2,0.590942690149793,0.5951826572418213,0.0104
fire_light,Light/Sparse Fire,PPO,275,20260804,0,9,12.727922061357857,0.0,50.91168824543142,0,-55.81080940509592,0.0,0.04124188423156738,2,0.590942690149793,0.5951826572418213,0.0104
fire_light,Light/Sparse Fire,A*,276,20260805,1,49,66.81118318204308,0.9525293113487888,0.0,0,412.2791943686396,0.0,1.7197530269622803,1,0.7319115663496947,0.7319115400314331,0.0052
fire_light,Light/Sparse Fire,PPO,276,20260805,0,23,32.52691193458119,0.0,31.11269837220809,1,42.99799896311542,0.40661752223968506,0.04346585273742676,1,0.7319115663496947,0.7319115400314331,0.0052
fire_light,Light/Sparse Fire,A*,277,20260806,1,49,67.63961030678928,0.9408630537364508,0.0,0,412.33336717279354,0.0,1.8063697814941406,1,0.7250611410842418,0.7250611186027527,0.0052
fire_light,Light/Sparse Fire,PPO,277,20260806,0,21,29.698484809835,0.0,33.94112549695428,2,19.394775450819765,0.9667482078075409,0.05138993263244629,1,0.7250611410842418,0.7250611186027527,0.0052
fire_light,Light/Sparse Fire,A*,278,20260807,1,48,66.22539674441619,0.9609547610925422,0.0,0,413.0410684165889,0.0,1.6922712326049805,2,0.6316687663610203,0.6863384246826172,0.0104
fire_light,Light/Sparse Fire,PPO,278,20260807,0,18,25.455844122715714,0.0,38.18376618407357,2,6.723753473256394,1.2201571464538574,0.04564666748046875,2,0.6316687663610203,0.6863384246826172,0.0104
fire_light,Light/Sparse Fire,A*,279,20260808,1,49,67.63961030678928,0.9408630537364508,0.0,0,410.66890005433635,0.0,1.6873488426208496,2,0.7143379990770811,0.7375260591506958,0.0104
fire_light,Light/Sparse Fire,PPO,279,20260808,0,24,33.941125496954285,0.0,29.698484809834994,2,43.1484341185656,1.228710949420929,0.05259084701538086,2,0.7143379990770811,0.7375260591506958,0.0104
fire_light,Light/Sparse Fire,A*,280,20260809,1,50,68.22539674441617,0.9327847596869825,0.0,0,412.33836336588826,0.0,1.690730094909668,2,0.6589550718422863,0.6691054105758667,0.0104
fire_light,Light/Sparse Fire,PPO,280,20260809,0,18,25.455844122715714,0.0,38.18376618407357,0,15.851338109489163,0.0,0.03129220008850098,2,0.6589550718422863,0.6691054105758667,0.0104
fire_light,Light/Sparse Fire,A*,281,20260810,1,49,66.8111831820431,0.9525293113487886,0.0,0,412.7128699124976,0.0,1.6895568370819092,2,0.7310133479753265,0.7364551424980164,0.0104
fire_light,Light/Sparse Fire,PPO,281,20260810,0,22,31.112698372208097,0.0,32.526911934581186,0,44.27793929165884,0.0,0.031215667724609375,2,0.7310133479753265,0.7364551424980164,0.0104
fire_light,Light/Sparse Fire,A*,282,20260811,1,57,77.29646455628166,0.8233185136229814,0.0,0,413.521611536627,0.0,1.8992221355438232,2,0.5997135289975372,0.622046947479248,0.0104
fire_light,Light/Sparse Fire,PPO,282,20260811,0,17,24.041630560342618,0.0,39.59797974644666,0,8.98555386166754,0.0,0.03097391128540039,2,0.5997135289975372,0.622046947479248,0.0104
fire_light,Light/Sparse Fire,A*,283,20260812,1,47,64.81118318204307,0.9819232913560142,0.0,0,413.4062049952992,0.0,1.6619060039520264,1,0.7080416525511402,0.7080416679382324,0.0052
fire_light,Light/Sparse Fire,PPO,283,20260812,0,26,36.76955262170047,0.0,26.870057685088806,1,72.87873818156375,0.39335647225379944,0.026987791061401367,1,0.7080416525511402,0.7080416679382324,0.0052
fire_light,Light/Sparse Fire,A*,284,20260813,1,51,67.9827560572969,0.9361140088694382,0.0,0,413.3643742098323,0.0,1.7053298950195312,2,0.638574826506058,0.6961990594863892,0.0104
fire_light,Light/Sparse Fire,PPO,284,20260813,0,17,24.041630560342618,0.0,39.59797974644666,0,3.747410614565524,0.0,0.05372881889343262,2,0.638574826506058,0.6961990594863892,0.0104
fire_light,Light/Sparse Fire,A*,285,20260814,1,49,67.63961030678928,0.9408630537364508,0.0,0,412.2508830653322,0.0,1.6912429332733154,1,0.6022989877166074,0.6022989749908447,0.0052
fire_light,Light/Sparse Fire,PPO,285,20260814,0,14,19.798989873223334,0.0,43.840620433565945,0,-12.46216116797541,0.0,0.02507495880126953,1,0.6022989877166074,0.6022989749908447,0.0052
fire_light,Light/Sparse Fire,A*,286,20260815,1,51,69.63961030678928,0.9138421370601058,0.0,0,413.30398936950905,0.0,1.8050220012664795,2,0.6790653833342237,0.7049376964569092,0.0104
fire_light,Light/Sparse Fire,PPO,286,20260815,0,21,29.698484809835,0.0,33.94112549695428,0,37.034458516914896,0.0,0.03498482704162598,2,0.6790653833342237,0.7049376964569092,0.0104
fire_light,Light/Sparse Fire,A*,287,20260816,1,49,68.46803743153548,0.9294791072465838,0.0,0,410.3528065031283,0.0,1.708305835723877,1,0.6971677772190792,0.6971677541732788,0.0052
fire_light,Light/Sparse Fire,PPO,287,20260816,0,24,33.941125496954285,0.0,29.698484809834994,1,57.46318076666017,0.542241632938385,0.02867412567138672,1,0.6971677772190792,0.6971677541732788,0.0052
fire_light,Light/Sparse Fire,A*,288,20260817,1,48,67.05382386916239,0.9490824927593238,0.0,0,412.8191863659119,0.0,1.682377815246582,1,0.5801941542899373,0.5801941752433777,0.0052
fire_light,Light/Sparse Fire,PPO,288,20260817,0,23,32.52691193458119,0.0,31.11269837220809,1,50.86074709427139,0.3223300874233246,0.02816629409790039,1,0.5801941542899373,0.5801941752433777,0.0052
fire_light,Light/Sparse Fire,A*,289,20260818,1,50,67.39696961966999,0.944250322617115,0.0,0,412.95032955857647,0.0,1.715057134628296,1,0.6314306370241454,0.6314306259155273,0.0052
fire_light,Light/Sparse Fire,PPO,289,20260818,0,19,26.87005768508881,0.0,36.76955262170047,0,22.634905078632585,0.0,0.03240394592285156,1,0.6314306370241454,0.6314306259155273,0.0052
fire_light,Light/Sparse Fire,A*,290,20260819,1,52,69.39696961966997,0.9170373094901132,0.0,0,413.3311342155015,0.0,1.7342071533203125,2,0.7098160664114532,0.7149928212165833,0.0104
fire_light,Light/Sparse Fire,PPO,290,20260819,0,17,24.041630560342618,0.0,39.59797974644666,0,9.266876344159755,0.0,0.03397488594055176,2,0.7098160664114532,0.7149928212165833,0.0104
fire_light,Light/Sparse Fire,A*,291,20260820,1,51,70.46803743153546,0.903098945654894,0.0,0,412.9261168156992,0.0,1.7247471809387207,2,0.7196951752825808,0.7455917596817017,0.0104
fire_light,Light/Sparse Fire,PPO,291,20260820,0,8,11.313708498984761,0.0,52.32590180780452,0,-54.504892869683054,0.0,0.01640605926513672,2,0.7196951752825808,0.7455917596817017,0.0104
fire_light,Light/Sparse Fire,A*,292,20260821,1,49,66.81118318204308,0.9525293113487888,0.0,0,412.9659572726844,0.0,1.6982131004333496,1,0.6081788487482419,0.6081788539886475,0.0052
fire_light,Light/Sparse Fire,PPO,292,20260821,0,23,32.52691193458119,0.0,31.11269837220809,0,51.35668994023335,0.0,0.032476186752319336,1,0.6081788487482419,0.6081788539886475,0.0052
fire_light,Light/Sparse Fire,A*,293,20260822,1,50,68.22539674441617,0.9327847596869825,0.0,0,413.18331106928514,0.0,1.707615852355957,1,0.5992005349910029,0.5992005467414856,0.0052
fire_light,Light/Sparse Fire,PPO,293,20260822,0,15,21.21320343559643,0.0,42.42640687119285,0,-4.858988306563205,0.0,0.029553890228271484,1,0.5992005349910029,0.5992005467414856,0.0052
fire_light,Light/Sparse Fire,A*,294,20260823,1,48,67.05382386916239,0.9490824927593238,0.0,0,413.28416110513047,0.0,1.7013859748840332,2,0.6045898804462262,0.643408477306366,0.0104
fire_light,Light/Sparse Fire,PPO,294,20260823,0,17,24.041630560342618,0.0,39.59797974644666,2,0.20568972166847743,0.8578779399394989,0.033000946044921875,2,0.6045898804462262,0.643408477306366,0.0104
fire_light,Light/Sparse Fire,A*,295,20260824,1,52,72.71067811865476,0.875244351358371,0.0,0,411.1961083814719,0.0,1.7805252075195312,2,0.629103064135464,0.6595451831817627,0.0104
fire_light,Light/Sparse Fire,PPO,295,20260824,0,18,25.455844122715714,0.0,38.18376618407357,1,-1.8415686314873057,0.46562519669532776,0.08429980278015137,2,0.629103064135464,0.6595451831817627,0.0104
fire_light,Light/Sparse Fire,A*,296,20260825,1,51,71.29646455628166,0.8926054146282663,0.0,0,410.8494063473321,0.0,1.8338971138000488,2,0.630804065005762,0.639882504940033,0.0104
fire_light,Light/Sparse Fire,PPO,296,20260825,0,19,26.87005768508881,0.0,36.76955262170047,0,19.141832431009846,0.0,0.055480003356933594,2,0.630804065005762,0.639882504940033,0.0104
fire_light,Light/Sparse Fire,A*,297,20260826,1,48,66.22539674441619,0.9609547610925422,0.0,0,413.3679580479852,0.0,1.6988909244537354,2,0.6888893829610576,0.7131739258766174,0.0104
fire_light,Light/Sparse Fire,PPO,297,20260826,0,19,26.87005768508881,0.0,36.76955262170047,1,17.324688420044424,0.3692249357700348,0.03755331039428711,2,0.6888893829610576,0.7131739258766174,0.0104
fire_light,Light/Sparse Fire,A*,298,20260827,1,51,69.63961030678927,0.9138421370601059,0.0,0,413.55224656140814,0.0,1.7370691299438477,2,0.6190633130073702,0.6840999126434326,0.0104
fire_light,Light/Sparse Fire,PPO,298,20260827,0,22,31.112698372208097,0.0,32.526911934581186,1,36.11505616573706,0.5320777297019958,0.05714082717895508,2,0.6190633130073702,0.6840999126434326,0.0104
fire_light,Light/Sparse Fire,A*,299,20260828,1,52,71.05382386916236,0.8956535600951537,0.0,0,412.1432880017212,0.0,1.777442216873169,2,0.6323159548815492,0.6874518394470215,0.0104
fire_light,Light/Sparse Fire,PPO,299,20260828,0,18,25.455844122715714,0.0,38.18376618407357,0,7.877709524240956,0.0,0.061402082443237305,2,0.6323159548815492,0.6874518394470215,0.0104
fire_light,Light/Sparse Fire,A*,300,20260829,1,52,71.05382386916236,0.8956535600951537,0.0,0,413.40186579873017,0.0,1.791374921798706,2,0.6611255795068574,0.7029935121536255,0.0104
fire_light,Light/Sparse Fire,PPO,300,20260829,0,19,26.87005768508881,0.0,36.76955262170047,0,18.10414489121746,0.0,0.05928492546081543,2,0.6611255795068574,0.7029935121536255,0.0104
fire_light,Light/Sparse Fire,A*,301,20260830,1,49,66.81118318204308,0.9525293113487888,0.0,0,411.5621326981822,0.0,1.7207460403442383,1,0.7002264402188346,0.7002264261245728,0.0052
fire_light,Light/Sparse Fire,PPO,301,20260830,0,20,28.284271247461906,0.0,35.35533905932738,1,24.25870752016371,0.622423529624939,0.041873931884765625,1,0.7002264402188346,0.7002264261245728,0.0052
fire_light,Light/Sparse Fire,A*,302,20260831,1,47,66.46803743153545,0.9574468085106386,0.0,0,412.110071578664,0.0,1.6967990398406982,1,0.7198906309675537,0.7198906540870667,0.0052
fire_light,Light/Sparse Fire,PPO,302,20260831,0,22,31.112698372208097,0.0,32.526911934581186,1,44.19896069028138,0.39993923902511597,0.024554967880249023,1,0.7198906309675537,0.7198906540870667,0.0052
fire_light,Light/Sparse Fire,A*,303,20260832,1,49,67.63961030678928,0.9408630537364508,0.0,0,411.4180752937422,0.0,1.7206358909606934,2,0.6359486539254844,0.6791632175445557,0.0104
fire_light,Light/Sparse Fire,PPO,303,20260832,0,21,29.698484809835,0.0,33.94112549695428,1,28.35858213217611,0.5268747806549072,0.04563617706298828,2,0.6359486539254844,0.6791632175445557,0.0104
fire_light,Light/Sparse Fire,A*,304,20260833,1,50,69.05382386916237,0.9215942976216421,0.0,0,413.6109227936478,0.0,1.7448210716247559,2,0.6318099750602739,0.6335864663124084,0.0104
fire_light,Light/Sparse Fire,PPO,304,20260833,0,25,35.35533905932738,0.0,28.284271247461902,0,65.60694254477538,0.0,0.03292083740234375,2,0.6318099750602739,0.6335864663124084,0.0104
fire_light,Light/Sparse Fire,A*,305,20260834,1,49,65.9827560572969,0.9644885135068787,0.0,0,411.85622992134233,0.0,1.6967508792877197,1,0.5558810236734769,0.5558810234069824,0.0052
fire_light,Light/Sparse Fire,PPO,305,20260834,0,17,24.041630560342618,0.0,39.59797974644666,1,3.7837044788157073,0.4323519170284271,0.04274320602416992,1,0.5558810236734769,0.5558810234069824,0.0052
fire_light,Light/Sparse Fire,A*,306,20260835,1,50,67.39696961966999,0.944250322617115,0.0,0,413.37146705405786,0.0,1.7802298069000244,2,0.6688486176570554,0.6903822422027588,0.0104
fire_light,Light/Sparse Fire,PPO,306,20260835,0,19,26.87005768508881,0.0,36.76955262170047,0,23.494131976012852,0.0,0.03729891777038574,2,0.6688486176570554,0.6903822422027588,0.0104
fire_light,Light/Sparse Fire,A*,307,20260836,1,51,69.63961030678927,0.9138421370601059,0.0,0,411.9830115332724,0.0,1.7301349639892578,2,0.7100533519261423,0.7401512265205383,0.0104
fire_light,Light/Sparse Fire,PPO,307,20260836,0,23,32.52691193458119,0.0,31.11269837220809,0,51.26175099867923,0.0,0.03572416305541992,2,0.7100533519261423,0.7401512265205383,0.0104
fire_light,Light/Sparse Fire,A*,308,20260837,1,52,72.71067811865476,0.875244351358371,0.0,0,411.854692174385,0.0,1.8179240226745605,2,0.6521618582938558,0.7451907396316528,0.0104
fire_light,Light/Sparse Fire,PPO,308,20260837,0,20,28.284271247461906,0.0,35.35533905932738,0,30.12468646427314,0.0,0.0377659797668457,2,0.6521618582938558,0.7451907396316528,0.0104
fire_light,Light/Sparse Fire,A*,309,20260838,1,64,83.88225099390858,0.7586779032838628,0.0,0,411.9992394346085,0.0,1.9280550479888916,2,0.7270906693402983,0.7315015196800232,0.0104
fire_light,Light/Sparse Fire,PPO,309,20260838,0,22,31.112698372208097,0.0,32.526911934581186,0,37.877550875290325,0.0,0.027273893356323242,2,0.7270906693402983,0.7315015196800232,0.0104
fire_light,Light/Sparse Fire,A*,310,20260839,1,49,68.46803743153548,0.9294791072465838,0.0,0,413.19453275922336,0.0,1.7129018306732178,1,0.6292127335444935,0.6292127370834351,0.0052
fire_light,Light/Sparse Fire,PPO,310,20260839,0,14,19.798989873223334,0.0,43.840620433565945,0,-11.95951021375322,0.0,0.025300025939941406,1,0.6292127335444935,0.6292127370834351,0.0052
fire_light,Light/Sparse Fire,A*,311,20260840,1,52,70.22539674441617,0.9062193060781739,0.0,0,411.4571621672478,0.0,1.7136178016662598,1,0.5744280628191961,0.5744280815124512,0.0052
fire_light,Light/Sparse Fire,PPO,311,20260840,0,15,21.21320343559643,0.0,42.42640687119285,0,-5.063877563674268,0.0,0.032948970794677734,1,0.5744280628191961,0.5744280815124512,0.0052
fire_light,Light/Sparse Fire,A*,312,20260841,1,47,64.81118318204307,0.9819232913560142,0.0,0,411.71866227653453,0.0,1.6624341011047363,2,0.6429688166051706,0.665381669998169,0.0104
fire_light,Light/Sparse Fire,PPO,312,20260841,0,25,35.35533905932738,0.0,28.284271247461902,1,65.5991684125729,0.34475332498550415,0.02716803550720215,2,0.6429688166051706,0.665381669998169,0.0104
fire_light,Light/Sparse Fire,A*,313,20260842,1,52,71.05382386916236,0.8956535600951537,0.0,0,412.1269810462979,0.0,1.7283320426940918,1,0.6014529574588862,0.6014529466629028,0.0052
fire_light,Light/Sparse Fire,PPO,313,20260842,0,15,21.21320343559643,0.0,42.42640687119285,0,-13.018543368908794,0.0,0.05963897705078125,1,0.6014529574588862,0.6014529466629028,0.0052
fire_light,Light/Sparse Fire,A*,314,20260843,1,51,68.81118318204308,0.9248440059289175,0.0,0,413.27392607056396,0.0,1.7390639781951904,1,0.5906348185014174,0.590634822845459,0.0052
fire_light,Light/Sparse Fire,PPO,314,20260843,0,21,29.698484809835,0.0,33.94112549695428,2,21.230399933302436,1.0500174462795258,0.06852102279663086,1,0.5906348185014174,0.590634822845459,0.0052
fire_light,Light/Sparse Fire,A*,315,20260844,1,56,75.88225099390857,0.8386626579105823,0.0,0,411.57211744840237,0.0,1.899266004562378,2,0.6175264753480829,0.6849788427352905,0.0104
fire_light,Light/Sparse Fire,PPO,315,20260844,0,1,1.4142135623730951,0.0,62.22539674441618,1,-102.71121428361977,0.3055967092514038,0.016375064849853516,2,0.6175264753480829,0.6849788427352905,0.0104
fire_light,Light/Sparse Fire,A*,316,20260845,1,49,66.81118318204308,0.9525293113487888,0.0,0,413.38549737357357,0.0,1.6892869472503662,1,0.7013558300814372,0.7013558149337769,0.0052
fire_light,Light/Sparse Fire,PPO,316,20260845,0,25,35.35533905932738,0.0,28.284271247461902,1,63.38099741207087,0.6234273910522461,0.045430898666381836,1,0.7013558300814372,0.7013558149337769,0.0052
fire_light,Light/Sparse Fire,A*,317,20260846,1,50,68.22539674441619,0.9327847596869824,0.0,0,413.76265646094294,0.0,1.7069921493530273,2,0.5688883302123371,0.5796772837638855,0.0104
fire_light,Light/Sparse Fire,PPO,317,20260846,0,24,33.941125496954285,0.0,29.698484809834994,0,58.436987483452924,0.0,0.03649592399597168,2,0.5688883302123371,0.5796772837638855,0.0104
fire_light,Light/Sparse Fire,A*,318,20260847,1,49,67.63961030678928,0.9408630537364508,0.0,0,413.598930267391,0.0,1.6663458347320557,1,0.7353911835785757,0.7353911995887756,0.0052
fire_light,Light/Sparse Fire,PPO,318,20260847,0,24,33.941125496954285,0.0,29.698484809834994,1,51.012502800633285,0.6536810398101807,0.044175148010253906,1,0.7353911835785757,0.7353911995887756,0.0052
fire_light,Light/Sparse Fire,A*,319,20260848,1,52,71.05382386916236,0.8956535600951537,0.0,0,413.72604674592253,0.0,1.7514328956604004,2,0.6560538573275332,0.7171605229377747,0.0104
fire_light,Light/Sparse Fire,PPO,319,20260848,0,22,31.112698372208097,0.0,32.526911934581186,0,36.79547711691268,0.0,0.05796408653259277,2,0.6560538573275332,0.7171605229377747,0.0104
fire_light,Light/Sparse Fire,A*,320,20260849,1,52,71.05382386916236,0.8956535600951537,0.0,0,413.5557548322152,0.0,1.7819321155548096,2,0.6279586518568346,0.6417714953422546,0.0104
fire_light,Light/Sparse Fire,PPO,320,20260849,0,19,26.87005768508881,0.0,36.76955262170047,0,22.994666725828722,0.0,0.035611867904663086,2,0.6279586518568346,0.6417714953422546,0.0104
fire_light,Light/Sparse Fire,A*,321,20260850,1,50,69.05382386916237,0.9215942976216421,0.0,0,412.53286504012783,0.0,1.7690260410308838,1,0.6205029977437944,0.6205030083656311,0.0052
fire_light,Light/Sparse Fire,PPO,321,20260850,0,17,24.041630560342618,0.0,39.59797974644666,0,8.889542251859893,0.0,0.027940034866333008,1,0.6205029977437944,0.6205030083656311,0.0052
fire_light,Light/Sparse Fire,A*,322,20260851,1,48,67.05382386916239,0.9490824927593238,0.0,1,413.35824640706807,0.3151242136955261,1.7421209812164307,1,0.5672235812946644,0.5672236084938049,0.0052
fire_light,Light/Sparse Fire,PPO,322,20260851,0,21,29.698484809835,0.0,33.94112549695428,0,37.80869153699845,0.0,0.02824711799621582,1,0.5672235812946644,0.5672236084938049,0.0052
fire_light,Light/Sparse Fire,A*,323,20260852,1,49,68.46803743153548,0.9294791072465838,0.0,0,413.23956386292383,0.0,1.7691991329193115,1,0.6694546614151966,0.6694546341896057,0.0052
fire_light,Light/Sparse Fire,PPO,323,20260852,0,21,29.698484809835,0.0,33.94112549695428,1,32.47720142334251,0.5206869840621948,0.04536581039428711,1,0.6694546614151966,0.6694546341896057,0.0052
fire_light,Light/Sparse Fire,A*,324,20260853,1,51,67.98275605729688,0.9361140088694384,0.0,0,413.1808380106487,0.0,1.76188325881958,1,0.5580768785991899,0.5580768585205078,0.0052
fire_light,Light/Sparse Fire,PPO,324,20260853,0,21,29.698484809835,0.0,33.94112549695428,0,37.67281183628788,0.0,0.03404426574707031,1,0.5580768785991899,0.5580768585205078,0.0052
fire_light,Light/Sparse Fire,A*,325,20260854,1,49,66.81118318204308,0.9525293113487888,0.0,0,413.3999388779866,0.0,1.7418060302734375,2,0.6018363200540988,0.6455903649330139,0.0104
fire_light,Light/Sparse Fire,PPO,325,20260854,0,20,28.284271247461906,0.0,35.35533905932738,2,19.55630135215833,0.9921463131904602,0.05690908432006836,2,0.6018363200540988,0.6455903649330139,0.0104
fire_light,Light/Sparse Fire,A*,326,20260855,1,49,67.63961030678928,0.9408630537364508,0.0,0,413.1744951188441,0.0,1.743962287902832,1,0.7167129708850282,0.7167129516601562,0.0052
fire_light,Light/Sparse Fire,PPO,326,20260855,0,19,26.87005768508881,0.0,36.76955262170047,0,22.974240128135136,0.0,0.0292818546295166,1,0.7167129708850282,0.7167129516601562,0.0052
fire_light,Light/Sparse Fire,A*,327,20260856,1,51,71.29646455628166,0.8926054146282663,0.0,0,411.8086999862886,0.0,1.8237743377685547,1,0.6027841656977734,0.6027841567993164,0.0052
fire_light,Light/Sparse Fire,PPO,327,20260856,0,23,32.52691193458119,0.0,31.11269837220809,0,47.74093997126174,0.0,0.05459308624267578,1,0.6027841656977734,0.6027841567993164,0.0052
fire_light,Light/Sparse Fire,A*,328,20260857,1,48,66.22539674441619,0.9609547610925422,0.0,0,412.3557038166577,0.0,1.744635820388794,2,0.619340412736284,0.6475135684013367,0.0104
fire_light,Light/Sparse Fire,PPO,328,20260857,0,15,21.21320343559643,0.0,42.42640687119285,2,-13.411073921253191,1.0509640276432037,0.03627610206604004,2,0.619340412736284,0.6475135684013367,0.0104
fire_light,Light/Sparse Fire,A*,329,20260858,1,49,66.81118318204308,0.9525293113487888,0.0,0,413.4389162605864,0.0,2.021773099899292,2,0.6930574652035679,0.725339949131012,0.0104
fire_light,Light/Sparse Fire,PPO,329,20260858,0,19,26.87005768508881,0.0,36.76955262170047,0,23.091312461738255,0.0,0.03266620635986328,2,0.6930574652035679,0.725339949131012,0.0104
fire_light,Light/Sparse Fire,A*,330,20260859,1,52,71.88225099390856,0.885331349906978,0.0,0,410.3620525514606,0.0,1.834867000579834,2,0.5947281411445529,0.6017913222312927,0.0104
fire_light,Light/Sparse Fire,PPO,330,20260859,0,19,26.87005768508881,0.0,36.76955262170047,0,21.483440221322837,0.0,0.035748958587646484,2,0.5947281411445529,0.6017913222312927,0.0104
fire_light,Light/Sparse Fire,A*,331,20260860,1,54,73.05382386916236,0.8711331855915755,0.0,0,411.76840305614604,0.0,1.8061623573303223,2,0.7192238971408302,0.7496408224105835,0.0104
fire_light,Light/Sparse Fire,PPO,331,20260860,0,3,4.242640687119286,0.0,59.39696961966999,0,-89.20232870022977,0.0,0.019375085830688477,2,0.7192238971408302,0.7496408224105835,0.0104
fire_light,Light/Sparse Fire,A*,332,20260861,1,50,68.22539674441617,0.9327847596869825,0.0,0,413.1082646112546,0.0,1.7685649394989014,2,0.7471566660654603,0.7498466968536377,0.0104
fire_light,Light/Sparse Fire,PPO,332,20260861,0,13,18.38477631085024,0.0,45.254833995939045,0,-18.873214064567037,0.0,0.02955913543701172,2,0.7471566660654603,0.7498466968536377,0.0104
fire_light,Light/Sparse Fire,A*,333,20260862,1,52,71.05382386916236,0.8956535600951537,0.0,0,412.5990376684094,0.0,1.9958381652832031,1,0.7053038855146324,0.7053039073944092,0.0052
fire_light,Light/Sparse Fire,PPO,333,20260862,0,21,29.698484809835,0.0,33.94112549695428,0,37.379356828219755,0.0,0.04641389846801758,1,0.7053038855146324,0.7053039073944092,0.0052
fire_light,Light/Sparse Fire,A*,334,20260863,1,51,68.81118318204308,0.9248440059289175,0.0,0,412.93992203114783,0.0,2.6474697589874268,1,0.5897458313836089,0.589745819568634,0.0052
fire_light,Light/Sparse Fire,PPO,334,20260863,0,21,29.698484809835,0.0,33.94112549695428,0,37.69679108327486,0.0,0.06830382347106934,1,0.5897458313836089,0.589745819568634,0.0052
fire_light,Light/Sparse Fire,A*,335,20260864,1,50,68.22539674441617,0.9327847596869825,0.0,0,413.2980132164962,0.0,1.8773300647735596,1,0.7422309636619746,0.7422309517860413,0.0052
fire_light,Light/Sparse Fire,PPO,335,20260864,0,24,33.941125496954285,0.0,29.698484809834994,0,50.744748310405214,0.0,0.06293106079101562,1,0.7422309636619746,0.7422309517860413,0.0052
fire_light,Light/Sparse Fire,A*,336,20260865,1,50,69.05382386916237,0.9215942976216421,0.0,0,411.83093582425687,0.0,1.9249212741851807,2,0.5667307209728922,0.5829006433486938,0.0104
fire_light,Light/Sparse Fire,PPO,336,20260865,0,20,28.284271247461906,0.0,35.35533905932738,0,30.011202652419428,0.0,0.03888893127441406,2,0.5667307209728922,0.5829006433486938,0.0104
fire_light,Light/Sparse Fire,A*,337,20260866,1,50,68.22539674441617,0.9327847596869825,0.0,0,411.6843368708853,0.0,1.8920056819915771,1,0.7297498502102584,0.729749858379364,0.0052
fire_light,Light/Sparse Fire,PPO,337,20260866,0,19,26.87005768508881,0.0,36.76955262170047,1,14.063253445378962,0.4054165780544281,0.05540108680725098,1,0.7297498502102584,0.729749858379364,0.0052
fire_light,Light/Sparse Fire,A*,338,20260867,1,52,71.05382386916237,0.8956535600951536,0.0,0,411.61520817114814,0.0,1.894481897354126,2,0.6403291973651192,0.6639595031738281,0.0104
fire_light,Light/Sparse Fire,PPO,338,20260867,0,16,22.627416997969522,0.0,41.012193308819754,0,1.9256354898279824,0.0,0.04311513900756836,2,0.6403291973651192,0.6639595031738281,0.0104
fire_light,Light/Sparse Fire,A*,339,20260868,1,50,68.22539674441617,0.9327847596869825,0.0,0,411.5852765733988,0.0,1.9437270164489746,1,0.6742687475816147,0.6742687225341797,0.0052
fire_light,Light/Sparse Fire,PPO,339,20260868,0,19,26.87005768508881,0.0,36.76955262170047,0,15.464964085442773,0.0,0.07645583152770996,1,0.6742687475816147,0.6742687225341797,0.0052
fire_light,Light/Sparse Fire,A*,340,20260869,1,56,73.39696961966999,0.8670604608958434,0.0,0,412.19742728183957,0.0,2.01631498336792,2,0.6664910798152972,0.7429669499397278,0.0104
fire_light,Light/Sparse Fire,PPO,340,20260869,0,15,21.21320343559643,0.0,42.42640687119285,0,-5.1878256669568685,0.0,0.0349268913269043,2,0.6664910798152972,0.7429669499397278,0.0104
fire_light,Light/Sparse Fire,A*,341,20260870,1,49,65.9827560572969,0.9644885135068787,0.0,0,412.7874311165675,0.0,1.781219244003296,1,0.5855276709457631,0.5855276584625244,0.0052
fire_light,Light/Sparse Fire,PPO,341,20260870,0,20,28.284271247461906,0.0,35.35533905932738,1,27.781072017348464,0.4554104208946228,0.07329106330871582,1,0.5855276709457631,0.5855276584625244,0.0052
fire_light,Light/Sparse Fire,A*,342,20260871,1,48,66.22539674441619,0.9609547610925422,0.0,0,413.50448594971687,0.0,1.8395748138427734,1,0.7439831071457197,0.7439830899238586,0.0052
fire_light,Light/Sparse Fire,PPO,342,20260871,0,27,38.18376618407356,0.0,25.45584412271571,2,71.20086882281238,0.9919774532318115,0.06776213645935059,1,0.7439831071457197,0.7439830899238586,0.0052
fire_light,Light/Sparse Fire,A*,343,20260872,1,51,70.46803743153546,0.903098945654894,0.0,0,412.0248239149551,0.0,1.885164737701416,1,0.6299953506012324,0.6299953460693359,0.0052
fire_light,Light/Sparse Fire,PPO,343,20260872,0,18,25.455844122715714,0.0,38.18376618407357,0,12.106866030721605,0.0,0.07062602043151855,1,0.6299953506012324,0.6299953460693359,0.0052
fire_light,Light/Sparse Fire,A*,344,20260873,1,51,70.46803743153546,0.903098945654894,0.0,0,412.1044955422634,0.0,2.46224308013916,2,0.7047647026814521,0.7451220154762268,0.0104
fire_light,Light/Sparse Fire,PPO,344,20260873,0,19,26.87005768508881,0.0,36.76955262170047,0,9.584066329432574,0.0,0.0943601131439209,2,0.7047647026814521,0.7451220154762268,0.0104
fire_light,Light/Sparse Fire,A*,345,20260874,1,51,70.46803743153546,0.903098945654894,0.0,0,411.255765928882,0.0,1.9042701721191406,1,0.681331966712498,0.681331992149353,0.0052
fire_light,Light/Sparse Fire,PPO,345,20260874,0,18,25.455844122715714,0.0,38.18376618407357,0,16.50633965370814,0.0,0.038149118423461914,1,0.681331966712498,0.681331992149353,0.0052
fire_light,Light/Sparse Fire,A*,346,20260875,1,47,65.63961030678927,0.9695305930267974,0.0,0,412.7805634061738,0.0,1.848149061203003,2,0.6848058802410488,0.7116074562072754,0.0104
fire_light,Light/Sparse Fire,PPO,346,20260875,0,24,33.941125496954285,0.0,29.698484809834994,1,58.3099752564313,0.39533746242523193,0.054842233657836914,2,0.6848058802410488,0.7116074562072754,0.0104
fire_light,Light/Sparse Fire,A*,347,20260876,1,52,69.39696961966999,0.9170373094901131,0.0,0,411.9018203839119,0.0,1.8719773292541504,2,0.6752682894881015,0.6978792548179626,0.0104
fire_light,Light/Sparse Fire,PPO,347,20260876,0,25,35.35533905932738,0.0,28.284271247461902,0,56.41871030642959,0.0,0.07895803451538086,2,0.6752682894881015,0.6978792548179626,0.0104
fire_light,Light/Sparse Fire,A*,348,20260877,1,49,66.81118318204308,0.9525293113487888,0.0,0,413.6159609682818,0.0,1.7957468032836914,2,0.6282153605140133,0.6292738318443298,0.0104
fire_light,Light/Sparse Fire,PPO,348,20260877,0,24,33.941125496954285,0.0,29.698484809834994,1,50.91201265271326,0.5593544840812683,0.07134294509887695,2,0.6282153605140133,0.6292738318443298,0.0104
fire_light,Light/Sparse Fire,A*,349,20260878,1,47,65.63961030678927,0.9695305930267974,0.0,0,412.8335545354331,0.0,1.7305161952972412,2,0.6592148338365571,0.6592379808425903,0.0104
fire_light,Light/Sparse Fire,PPO,349,20260878,0,20,28.284271247461906,0.0,35.35533905932738,0,30.086424347577662,0.0,0.053138017654418945,2,0.6592148338365571,0.6592379808425903,0.0104
fire_light,Light/Sparse Fire,A*,350,20260879,1,51,70.46803743153546,0.903098945654894,0.0,0,412.54890427777826,0.0,1.818037986755371,1,0.6796945285987285,0.6796945333480835,0.0052
fire_light,Light/Sparse Fire,PPO,350,20260879,0,13,18.38477631085024,0.0,45.254833995939045,0,-19.450991685786903,0.0,0.03424406051635742,1,0.6796945285987285,0.6796945333480835,0.0052
fire_light,Light/Sparse Fire,A*,351,20260880,1,52,70.22539674441617,0.9062193060781739,0.0,0,413.55235568343835,0.0,1.8191049098968506,1,0.6235219993913307,0.6235219836235046,0.0052
fire_light,Light/Sparse Fire,PPO,351,20260880,0,19,26.87005768508881,0.0,36.76955262170047,0,18.907037530248147,0.0,0.06095170974731445,1,0.6235219993913307,0.6235219836235046,0.0052
fire_light,Light/Sparse Fire,A*,352,20260881,1,51,69.63961030678928,0.9138421370601058,0.0,0,411.37676699573694,0.0,1.8684861660003662,2,0.5743326105984139,0.5778145790100098,0.0104
fire_light,Light/Sparse Fire,PPO,352,20260881,0,21,29.698484809835,0.0,33.94112549695428,0,36.97718698594676,0.0,0.04260826110839844,2,0.5743326105984139,0.5778145790100098,0.0104
fire_light,Light/Sparse Fire,A*,353,20260882,1,49,66.8111831820431,0.9525293113487886,0.0,0,413.40021010874455,0.0,1.7459750175476074,1,0.629140540455963,0.6291405558586121,0.0052
fire_light,Light/Sparse Fire,PPO,353,20260882,0,23,32.52691193458119,0.0,31.11269837220809,1,42.59420193266651,0.34952253103256226,0.05401802062988281,1,0.629140540455963,0.6291405558586121,0.0052
fire_light,Light/Sparse Fire,A*,354,20260883,1,51,69.63961030678928,0.9138421370601058,0.0,0,413.7643414934329,0.0,1.7763428688049316,1,0.6918922863634328,0.6918922662734985,0.0052
fire_light,Light/Sparse Fire,PPO,354,20260883,0,24,33.941125496954285,0.0,29.698484809834994,0,58.43423375788649,0.0,0.05042099952697754,1,0.6918922863634328,0.6918922662734985,0.0052
fire_light,Light/Sparse Fire,A*,355,20260884,1,49,66.81118318204308,0.9525293113487888,0.0,0,411.66024133107413,0.0,2.2059760093688965,1,0.6704179658222483,0.6704179644584656,0.0052
fire_light,Light/Sparse Fire,PPO,355,20260884,0,23,32.52691193458119,0.0,31.11269837220809,1,46.409353385684696,0.372454434633255,0.0892329216003418,1,0.6704179658222483,0.6704179644584656,0.0052
fire_light,Light/Sparse Fire,A*,356,20260885,1,50,67.39696961966999,0.944250322617115,0.0,0,413.35794660822626,0.0,1.9872169494628906,1,0.7185909429200278,0.7185909152030945,0.0052
fire_light,Light/Sparse Fire,PPO,356,20260885,0,17,24.041630560342618,0.0,39.59797974644666,0,4.532008309439334,0.0,0.05059385299682617,1,0.7185909429200278,0.7185909152030945,0.0052
fire_light,Light/Sparse Fire,A*,357,20260886,1,50,69.05382386916237,0.9215942976216421,0.0,0,413.1545136162342,0.0,1.8357102870941162,2,0.6069795834802796,0.6321848630905151,0.0096
fire_light,Light/Sparse Fire,PPO,357,20260886,0,15,21.21320343559643,0.0,42.42640687119285,0,-5.406077782839802,0.0,0.038166046142578125,2,0.6069795834802796,0.6321848630905151,0.0096
fire_light,Light/Sparse Fire,A*,358,20260887,1,51,69.63961030678928,0.9138421370601058,0.0,0,413.16151048663926,0.0,1.950037956237793,1,0.6040375909901143,0.6040375828742981,0.0052
fire_light,Light/Sparse Fire,PPO,358,20260887,0,16,22.627416997969522,0.0,41.012193308819754,0,1.7339304157612787,0.0,0.04064607620239258,1,0.6040375909901143,0.6040375828742981,0.0052
fire_light,Light/Sparse Fire,A*,359,20260888,1,51,70.46803743153546,0.903098945654894,0.0,0,413.1191999001831,0.0,2.115990161895752,2,0.7319304188147734,0.7475239038467407,0.0104
fire_light,Light/Sparse Fire,PPO,359,20260888,0,24,33.941125496954285,0.0,29.698484809834994,0,58.52460950425399,0.0,0.045079946517944336,2,0.7319304188147734,0.7475239038467407,0.0104
fire_light,Light/Sparse Fire,A*,360,20260889,1,54,72.22539674441617,0.8811251052312057,0.0,0,413.92433149560947,0.0,2.4921982288360596,2,0.584845298286059,0.6013373732566833,0.0104
fire_light,Light/Sparse Fire,PPO,360,20260889,0,20,28.284271247461906,0.0,35.35533905932738,0,30.198120918537,0.0,0.04166007041931152,2,0.584845298286059,0.6013373732566833,0.0104
fire_light,Light/Sparse Fire,A*,361,20260890,1,50,68.22539674441619,0.9327847596869824,0.0,0,413.08292723618666,0.0,2.354627847671509,2,0.6728625655414995,0.7460278272628784,0.0104
fire_light,Light/Sparse Fire,PPO,361,20260890,0,19,26.87005768508881,0.0,36.76955262170047,0,19.83535395553423,0.0,0.07987618446350098,2,0.6728625655414995,0.7460278272628784,0.0104
fire_light,Light/Sparse Fire,A*,362,20260891,1,49,65.9827560572969,0.9644885135068787,0.0,0,413.4083591776429,0.0,1.7344040870666504,2,0.6433894798150567,0.6614401340484619,0.0104
fire_light,Light/Sparse Fire,PPO,362,20260891,0,20,28.284271247461906,0.0,35.35533905932738,0,29.88913297337112,0.0,0.041777849197387695,2,0.6433894798150567,0.6614401340484619,0.0104
fire_light,Light/Sparse Fire,A*,363,20260892,1,50,67.39696961966999,0.944250322617115,0.0,0,413.7040024735174,0.0,1.80023193359375,1,0.6136080614311294,0.6136080622673035,0.0052
fire_light,Light/Sparse Fire,PPO,363,20260892,0,24,33.941125496954285,0.0,29.698484809834994,0,53.02494247372766,0.0,0.08138704299926758,1,0.6136080614311294,0.6136080622673035,0.0052
fire_light,Light/Sparse Fire,A*,364,20260893,1,47,65.63961030678927,0.9695305930267974,0.0,0,412.3206126610561,0.0,1.784048080444336,2,0.656755627073955,0.7162222862243652,0.0104
fire_light,Light/Sparse Fire,PPO,364,20260893,0,25,35.35533905932738,0.0,28.284271247461902,1,62.64979385601008,0.6366420388221741,0.06194496154785156,2,0.656755627073955,0.7162222862243652,0.0104
fire_light,Light/Sparse Fire,A*,365,20260894,1,49,66.81118318204308,0.9525293113487888,0.0,0,411.87294031720467,0.0,1.7875440120697021,2,0.6214178522540781,0.6409279108047485,0.0104
fire_light,Light/Sparse Fire,PPO,365,20260894,0,21,29.698484809835,0.0,33.94112549695428,0,32.877634615338906,0.0,0.05158805847167969,2,0.6214178522540781,0.6409279108047485,0.0104
fire_light,Light/Sparse Fire,A*,366,20260895,1,50,68.22539674441617,0.9327847596869825,0.0,0,411.8384561317563,0.0,1.735652208328247,2,0.6300455304887562,0.7005046606063843,0.0104
fire_light,Light/Sparse Fire,PPO,366,20260895,0,25,35.35533905932738,0.0,28.284271247461902,0,64.03196879492724,0.0,0.0446782112121582,2,0.6300455304887562,0.7005046606063843,0.0104
fire_light,Light/Sparse Fire,A*,367,20260896,1,49,65.9827560572969,0.9644885135068787,0.0,0,413.3656012743615,0.0,1.7407479286193848,1,0.5747901627478655,0.5747901797294617,0.0052
fire_light,Light/Sparse Fire,PPO,367,20260896,0,18,25.455844122715714,0.0,38.18376618407357,1,9.225380024429043,0.31932786107063293,0.05146503448486328,1,0.5747901627478655,0.5747901797294617,0.0052
fire_light,Light/Sparse Fire,A*,368,20260897,1,49,66.81118318204308,0.9525293113487888,0.0,0,413.2621230072661,0.0,1.6635570526123047,1,0.5956093359053739,0.5956093072891235,0.0052
fire_light,Light/Sparse Fire,PPO,368,20260897,0,16,22.627416997969522,0.0,41.012193308819754,1,-4.472757291692687,0.5294305086135864,0.04883098602294922,1,0.5956093359053739,0.5956093072891235,0.0052
fire_light,Light/Sparse Fire,A*,369,20260898,1,51,68.81118318204308,0.9248440059289175,0.0,0,413.42642156091483,0.0,1.8641116619110107,2,0.6177633204608284,0.6496474742889404,0.0104
fire_light,Light/Sparse Fire,PPO,369,20260898,0,25,35.35533905932738,0.0,28.284271247461902,0,57.194681031364766,0.0,0.07129216194152832,2,0.6177633204608284,0.6496474742889404,0.0104
fire_light,Light/Sparse Fire,A*,370,20260899,1,50,69.05382386916237,0.9215942976216421,0.0,0,412.3997156564356,0.0,2.385756015777588,2,0.6056470619867353,0.6325679421424866,0.0104
fire_light,Light/Sparse Fire,PPO,370,20260899,0,20,28.284271247461906,0.0,35.35533905932738,0,30.07425249835896,0.0,0.04972481727600098,2,0.6056470619867353,0.6325679421424866,0.0104
fire_light,Light/Sparse Fire,A*,371,20260900,1,50,68.22539674441617,0.9327847596869825,0.0,0,411.94114028379465,0.0,1.8429059982299805,1,0.7393450006440867,0.7393450140953064,0.0052
fire_light,Light/Sparse Fire,PPO,371,20260900,0,23,32.52691193458119,0.0,31.11269837220809,1,47.459672444236546,0.6571955680847168,0.05483388900756836,1,0.7393450006440867,0.7393450140953064,0.0052
fire_light,Light/Sparse Fire,A*,372,20260901,1,51,69.63961030678928,0.9138421370601058,0.0,0,413.006550497798,0.0,1.7165629863739014,2,0.624447006821895,0.640772819519043,0.0104
fire_light,Light/Sparse Fire,PPO,372,20260901,0,20,28.284271247461906,0.0,35.35533905932738,0,30.344405418543005,0.0,0.0413818359375,2,0.624447006821895,0.640772819519043,0.0104
fire_light,Light/Sparse Fire,A*,373,20260902,1,51,69.63961030678927,0.9138421370601059,0.0,0,411.74544787364334,0.0,1.748974084854126,1,0.7403747491150781,0.740374743938446,0.0052
fire_light,Light/Sparse Fire,PPO,373,20260902,0,20,28.284271247461906,0.0,35.35533905932738,0,30.14884155070567,0.0,0.04051995277404785,1,0.7403747491150781,0.740374743938446,0.0052
fire_light,Light/Sparse Fire,A*,374,20260903,1,48,66.22539674441619,0.9609547610925422,0.0,0,411.4876838827451,0.0,1.7105791568756104,1,0.7082672074521505,0.7082672119140625,0.0052
fire_light,Light/Sparse Fire,PPO,374,20260903,0,18,25.455844122715714,0.0,38.18376618407357,1,16.332481759156664,0.3934817910194397,0.032510995864868164,1,0.7082672074521505,0.7082672119140625,0.0052
fire_light,Light/Sparse Fire,A*,375,20260904,1,51,68.81118318204308,0.9248440059289175,0.0,0,413.1703920893348,0.0,1.7221617698669434,2,0.6843702789530487,0.7285640239715576,0.0104
fire_light,Light/Sparse Fire,PPO,375,20260904,0,23,32.52691193458119,0.0,31.11269837220809,0,51.32457701024195,0.0,0.043313026428222656,2,0.6843702789530487,0.7285640239715576,0.0104
fire_light,Light/Sparse Fire,A*,376,20260905,1,49,68.46803743153548,0.9294791072465838,0.0,0,413.53797372444535,0.0,1.6955149173736572,2,0.6638778898828963,0.707959771156311,0.0104
fire_light,Light/Sparse Fire,PPO,376,20260905,0,25,35.35533905932738,0.0,28.284271247461902,0,65.48708650204615,0.0,0.03350329399108887,2,0.6638778898828963,0.707959771156311,0.0104
fire_light,Light/Sparse Fire,A*,377,20260906,1,52,71.88225099390856,0.885331349906978,0.0,0,411.9972137200114,0.0,1.8313820362091064,2,0.7226467001811443,0.7368392944335938,0.0072
fire_light,Light/Sparse Fire,PPO,377,20260906,0,18,25.455844122715714,0.0,38.18376618407357,0,15.913087161745509,0.0,0.04481005668640137,2,0.7226467001811443,0.7368392944335938,0.0072
fire_light,Light/Sparse Fire,A*,378,20260907,1,49,66.81118318204308,0.9525293113487888,0.0,0,412.2400921285837,0.0,1.7056891918182373,2,0.6229896936078824,0.6444345712661743,0.0104
fire_light,Light/Sparse Fire,PPO,378,20260907,0,20,28.284271247461906,0.0,35.35533905932738,1,22.936907169020827,0.5012269020080566,0.0527799129486084,2,0.6229896936078824,0.6444345712661743,0.0104
fire_light,Light/Sparse Fire,A*,379,20260908,1,51,70.46803743153546,0.903098945654894,0.0,0,413.57495088311475,0.0,1.7238669395446777,1,0.6301131380216167,0.6301131248474121,0.0052
fire_light,Light/Sparse Fire,PPO,379,20260908,0,21,29.698484809835,0.0,33.94112549695428,0,32.54732278667538,0.0,0.06878089904785156,1,0.6301131380216167,0.6301131248474121,0.0052
fire_light,Light/Sparse Fire,A*,380,20260909,1,51,68.81118318204308,0.9248440059289175,0.0,0,413.2950745239281,0.0,1.7080540657043457,2,0.6756442561542134,0.748037576675415,0.0104
fire_light,Light/Sparse Fire,PPO,380,20260909,0,18,25.455844122715714,0.0,38.18376618407357,0,16.100523150527962,0.0,0.0308380126953125,2,0.6756442561542134,0.748037576675415,0.0104
fire_light,Light/Sparse Fire,A*,381,20260910,1,47,65.63961030678927,0.9695305930267974,0.0,1,412.49268120464876,0.39205411076545715,1.6796820163726807,1,0.7056974085095604,0.7056974172592163,0.0052
fire_light,Light/Sparse Fire,PPO,381,20260910,0,26,36.76955262170047,0.0,26.870057685088806,2,71.75298023207877,0.9409298598766327,0.04378390312194824,1,0.7056974085095604,0.7056974172592163,0.0052
fire_light,Light/Sparse Fire,A*,382,20260911,1,51,69.63961030678927,0.9138421370601059,0.0,0,413.16970168279676,0.0,1.754775047302246,1,0.7116181487375421,0.7116181254386902,0.0052
fire_light,Light/Sparse Fire,PPO,382,20260911,0,18,25.455844122715714,0.0,38.18376618407357,0,15.765155120309075,0.0,0.041641950607299805,1,0.7116181487375421,0.7116181254386902,0.0052
fire_light,Light/Sparse Fire,A*,383,20260912,1,50,69.05382386916237,0.9215942976216421,0.0,0,412.0133326628284,0.0,1.7785191535949707,2,0.6720830744600765,0.7464089393615723,0.0104
fire_light,Light/Sparse Fire,PPO,383,20260912,0,25,35.35533905932738,0.0,28.284271247461902,0,65.52990986795747,0.0,0.04582715034484863,2,0.6720830744600765,0.7464089393615723,0.0104
fire_light,Light/Sparse Fire,A*,384,20260913,1,49,68.46803743153548,0.9294791072465838,0.0,0,413.2904197050855,0.0,1.698561191558838,1,0.6591481077868948,0.659148097038269,0.0052
fire_light,Light/Sparse Fire,PPO,384,20260913,0,18,25.455844122715714,0.0,38.18376618407357,0,15.78275914725252,0.0,0.03576183319091797,1,0.6591481077868948,0.659148097038269,0.0052
fire_light,Light/Sparse Fire,A*,385,20260914,1,54,71.39696961966997,0.8913488996213149,0.0,0,412.07180863441926,0.0,1.78969407081604,2,0.7122275385808842,0.7341419458389282,0.0104
fire_light,Light/Sparse Fire,PPO,385,20260914,0,10,14.142135623730953,0.0,49.49747468305833,0,-41.12005213393818,0.0,0.02482295036315918,2,0.7122275385808842,0.7341419458389282,0.0104
fire_light,Light/Sparse Fire,A*,386,20260915,1,50,69.05382386916237,0.9215942976216421,0.0,0,412.5925885011291,0.0,1.7420141696929932,2,0.6194133272313262,0.6794179677963257,0.0104
fire_light,Light/Sparse Fire,PPO,386,20260915,0,20,28.284271247461906,0.0,35.35533905932738,0,29.891925886583607,0.0,0.03979802131652832,2,0.6194133272313262,0.6794179677963257,0.0104
fire_light,Light/Sparse Fire,A*,387,20260916,1,53,70.81118318204308,0.8987225950339376,0.0,0,413.05593550967944,0.0,1.7195639610290527,2,0.6723635115452113,0.7292330861091614,0.0104
fire_light,Light/Sparse Fire,PPO,387,20260916,0,18,25.455844122715714,0.0,38.18376618407357,1,15.706656700487812,0.47871750593185425,0.035523176193237305,2,0.6723635115452113,0.7292330861091614,0.0104
fire_light,Light/Sparse Fire,A*,388,20260917,1,51,68.81118318204308,0.9248440059289175,0.0,0,412.51662363878955,0.0,1.7448060512542725,1,0.6741904959373763,0.6741905212402344,0.0052
fire_light,Light/Sparse Fire,PPO,388,20260917,0,16,22.627416997969522,0.0,41.012193308819754,1,-6.872464430171931,0.5243703722953796,0.06259894371032715,1,0.6741904959373763,0.6741905212402344,0.0052
fire_light,Light/Sparse Fire,A*,389,20260918,1,51,70.46803743153546,0.903098945654894,0.0,0,412.9911474948684,0.0,1.7339601516723633,2,0.6704959355694755,0.7361927628517151,0.0104
fire_light,Light/Sparse Fire,PPO,389,20260918,0,14,19.798989873223334,0.0,43.840620433565945,0,-19.83352838414703,0.0,0.061611175537109375,2,0.6704959355694755,0.7361927628517151,0.0104
fire_light,Light/Sparse Fire,A*,390,20260919,1,49,66.81118318204308,0.9525293113487888,0.0,0,413.53710576885464,0.0,2.239243984222412,1,0.7066065655857301,0.7066065669059753,0.0052
fire_light,Light/Sparse Fire,PPO,390,20260919,0,24,33.941125496954285,0.0,29.698484809834994,0,58.73347266135585,0.0,0.09578204154968262,1,0.7066065655857301,0.7066065669059753,0.0052
fire_light,Light/Sparse Fire,A*,391,20260920,1,50,68.22539674441617,0.9327847596869825,0.0,0,413.02525568220085,0.0,2.00606369972229,2,0.6669460260184715,0.7093754410743713,0.0104
fire_light,Light/Sparse Fire,PPO,391,20260920,0,15,21.21320343559643,0.0,42.42640687119285,1,-5.15324112887707,0.48573511838912964,0.03337407112121582,2,0.6669460260184715,0.7093754410743713,0.0104
fire_light,Light/Sparse Fire,A*,392,20260921,1,52,70.22539674441617,0.9062193060781739,0.0,0,411.2306465859684,0.0,1.9409661293029785,1,0.6126781570820466,0.6126781702041626,0.0052
fire_light,Light/Sparse Fire,PPO,392,20260921,0,16,22.627416997969522,0.0,41.012193308819754,0,-6.442725067575793,0.0,0.062474966049194336,1,0.6126781570820466,0.6126781702041626,0.0052
fire_light,Light/Sparse Fire,A*,393,20260922,1,57,74.81118318204308,0.8506697474885638,0.0,0,412.88843122664736,0.0,2.46882700920105,2,0.7101600117700928,0.7392082810401917,0.0104
fire_light,Light/Sparse Fire,PPO,393,20260922,0,20,28.284271247461906,0.0,35.35533905932738,2,13.079607764890596,1.3141480684280396,0.09398698806762695,2,0.7101600117700928,0.7392082810401917,0.0104
fire_light,Light/Sparse Fire,A*,394,20260923,1,51,68.81118318204308,0.9248440059289175,0.0,0,410.89857000177983,0.0,1.766923189163208,1,0.5932149488861028,0.5932149291038513,0.0052
fire_light,Light/Sparse Fire,PPO,394,20260923,0,19,26.87005768508881,0.0,36.76955262170047,0,20.986077659947625,0.0,0.042543888092041016,1,0.5932149488861028,0.5932149291038513,0.0052
fire_light,Light/Sparse Fire,A*,395,20260924,1,49,66.81118318204308,0.9525293113487888,0.0,0,413.24331452645055,0.0,1.7170369625091553,1,0.653992930039002,0.6539929509162903,0.0052
fire_light,Light/Sparse Fire,PPO,395,20260924,0,16,22.627416997969522,0.0,41.012193308819754,1,-6.537593912977172,0.5813270211219788,0.04922032356262207,1,0.653992930039002,0.6539929509162903,0.0052
fire_light,Light/Sparse Fire,A*,396,20260925,1,50,68.22539674441617,0.9327847596869825,0.0,0,413.071689916743,0.0,1.7221779823303223,2,0.6826829036205435,0.7306507229804993,0.0104
fire_light,Light/Sparse Fire,PPO,396,20260925,0,16,22.627416997969522,0.0,41.012193308819754,1,1.5629543432114588,0.4936673045158386,0.033319711685180664,2,0.6826829036205435,0.7306507229804993,0.0104
fire_light,Light/Sparse Fire,A*,397,20260926,1,54,73.05382386916236,0.8711331855915755,0.0,0,413.98213794491045,0.0,1.8671140670776367,2,0.6381393513392404,0.7084619402885437,0.0104
fire_light,Light/Sparse Fire,PPO,397,20260926,0,23,32.52691193458119,0.0,31.11269837220809,0,44.898350929650675,0.0,0.06711816787719727,2,0.6381393513392404,0.7084619402885437,0.0104
fire_light,Light/Sparse Fire,A*,398,20260927,1,47,64.81118318204307,0.9819232913560142,0.0,0,412.68802262322697,0.0,1.6513278484344482,2,0.6859091616228927,0.7296642661094666,0.0104
fire_light,Light/Sparse Fire,PPO,398,20260927,0,19,26.87005768508881,0.0,36.76955262170047,1,23.259804659728673,0.4053690433502197,0.024007797241210938,2,0.6859091616228927,0.7296642661094666,0.0104
fire_light,Light/Sparse Fire,A*,399,20260928,1,50,68.22539674441619,0.9327847596869824,0.0,0,412.0093324663761,0.0,1.7481882572174072,1,0.6348009763510599,0.6348009705543518,0.0052
fire_light,Light/Sparse Fire,PPO,399,20260928,0,14,19.798989873223334,0.0,43.840620433565945,0,-18.41612583195456,0.0,0.05060887336730957,1,0.6348009763510599,0.6348009705543518,0.0052
fire_light,Light/Sparse Fire,A*,400,20260929,1,50,69.05382386916237,0.9215942976216421,0.0,0,413.0561464050051,0.0,1.7428066730499268,1,0.5679954458847601,0.5679954290390015,0.0052
fire_light,Light/Sparse Fire,PPO,400,20260929,0,23,32.52691193458119,0.0,31.11269837220809,0,51.338690822017995,0.0,0.04393815994262695,1,0.5679954458847601,0.5679954290390015,0.0052
fire_light,Light/Sparse Fire,A*,401,20260930,1,49,65.9827560572969,0.9644885135068787,0.0,0,412.1966843908445,0.0,1.6963999271392822,2,0.6782445936080047,0.7405585050582886,0.0104
fire_light,Light/Sparse Fire,PPO,401,20260930,0,18,25.455844122715714,0.0,38.18376618407357,0,7.646686634536465,0.0,0.05309104919433594,2,0.6782445936080047,0.7405585050582886,0.0104
fire_light,Light/Sparse Fire,A*,402,20260931,1,49,67.63961030678928,0.9408630537364508,0.0,0,411.7145098532909,0.0,1.7135558128356934,1,0.705721296930429,0.7057213187217712,0.0052
fire_light,Light/Sparse Fire,PPO,402,20260931,0,18,25.455844122715714,0.0,38.18376618407357,0,14.32775666427203,0.0,0.03578686714172363,1,0.705721296930429,0.7057213187217712,0.0052
fire_light,Light/Sparse Fire,A*,403,20260932,1,52,72.71067811865476,0.875244351358371,0.0,0,411.5733967889405,0.0,1.7270779609680176,2,0.6326775684830908,0.662004292011261,0.0104
fire_light,Light/Sparse Fire,PPO,403,20260932,0,15,21.21320343559643,0.0,42.42640687119285,0,-7.641568369964588,0.0,0.05456066131591797,2,0.6326775684830908,0.662004292011261,0.0104
fire_light,Light/Sparse Fire,A*,404,20260933,1,49,66.81118318204308,0.9525293113487888,0.0,0,413.3772921246164,0.0,1.7133100032806396,1,0.6787752254065236,0.6787752509117126,0.0052
fire_light,Light/Sparse Fire,PPO,404,20260933,0,18,25.455844122715714,0.0,38.18376618407357,0,8.34728916596957,0.0,0.05256915092468262,1,0.6787752254065236,0.6787752509117126,0.0052
fire_light,Light/Sparse Fire,A*,405,20260934,1,56,74.22539674441619,0.8573832286262147,0.0,0,412.4654848622107,0.0,1.8520781993865967,2,0.6679238873733863,0.684689462184906,0.0104
fire_light,Light/Sparse Fire,PPO,405,20260934,0,22,31.112698372208097,0.0,32.526911934581186,0,44.42386922937541,0.0,0.04596209526062012,2,0.6679238873733863,0.684689462184906,0.0104
fire_light,Light/Sparse Fire,A*,406,20260935,1,49,68.46803743153548,0.9294791072465838,0.0,0,410.81880667786305,0.0,1.7124390602111816,1,0.6552941842147924,0.6552941799163818,0.0052
fire_light,Light/Sparse Fire,PPO,406,20260935,0,14,19.798989873223334,0.0,43.840620433565945,0,-12.330014196156753,0.0,0.031026124954223633,1,0.6552941842147924,0.6552941799163818,0.0052
fire_light,Light/Sparse Fire,A*,407,20260936,1,48,67.05382386916239,0.9490824927593238,0.0,0,412.3612988821499,0.0,1.7044789791107178,2,0.5709257626837152,0.5793210864067078,0.0104
fire_light,Light/Sparse Fire,PPO,407,20260936,0,22,31.112698372208097,0.0,32.526911934581186,2,35.83367657992423,0.7500405609607697,0.05117297172546387,2,0.5709257626837152,0.5793210864067078,0.0104
fire_light,Light/Sparse Fire,A*,408,20260937,1,47,65.63961030678927,0.9695305930267974,0.0,0,412.046823920868,0.0,1.6430511474609375,1,0.6565579760028737,0.6565579771995544,0.0052
fire_light,Light/Sparse Fire,PPO,408,20260937,0,26,36.76955262170047,0.0,26.870057685088806,2,64.61282402148261,0.8754106163978577,0.038005828857421875,1,0.6565579760028737,0.6565579771995544,0.0052
fire_light,Light/Sparse Fire,A*,409,20260938,1,49,67.63961030678928,0.9408630537364508,0.0,0,412.77185570205916,0.0,1.7083008289337158,1,0.6478007190857868,0.6478007435798645,0.0052
fire_light,Light/Sparse Fire,PPO,409,20260938,0,14,19.798989873223334,0.0,43.840620433565945,0,-12.534857814432598,0.0,0.031078100204467773,1,0.6478007190857868,0.6478007435798645,0.0052
fire_light,Light/Sparse Fire,A*,410,20260939,1,48,66.22539674441619,0.9609547610925422,0.0,0,412.75515917304125,0.0,1.741199016571045,1,0.5907675092351077,0.590767502784729,0.0052
fire_light,Light/Sparse Fire,PPO,410,20260939,0,14,19.798989873223334,0.0,43.840620433565945,1,-15.991515201574202,0.3282041847705841,0.04541492462158203,1,0.5907675092351077,0.590767502784729,0.0052
fire_light,Light/Sparse Fire,A*,411,20260940,1,50,69.05382386916237,0.9215942976216421,0.0,0,413.23674177665913,0.0,1.7547597885131836,1,0.6540257031085515,0.654025673866272,0.0052
fire_light,Light/Sparse Fire,PPO,411,20260940,0,18,25.455844122715714,0.0,38.18376618407357,0,16.349658621031423,0.0,0.037930965423583984,1,0.6540257031085515,0.654025673866272,0.0052
fire_light,Light/Sparse Fire,A*,412,20260941,1,50,67.39696961966999,0.944250322617115,0.0,0,412.0599027817794,0.0,1.715001106262207,1,0.5784485745650246,0.5784485936164856,0.0052
fire_light,Light/Sparse Fire,PPO,412,20260941,0,14,19.798989873223334,0.0,43.840620433565945,1,-21.190071922806055,0.321360319852829,0.05309009552001953,1,0.5784485745650246,0.5784485936164856,0.0052
fire_light,Light/Sparse Fire,A*,413,20260942,1,50,69.05382386916237,0.9215942976216421,0.0,0,413.5437509617814,0.0,1.720839023590088,1,0.7387476702323751,0.7387476563453674,0.0052
fire_light,Light/Sparse Fire,PPO,413,20260942,0,26,36.76955262170047,0.0,26.870057685088806,2,63.15115489278203,1.3133291602134705,0.07458901405334473,1,0.7387476702323751,0.7387476563453674,0.0052
fire_light,Light/Sparse Fire,A*,414,20260943,1,50,68.22539674441619,0.9327847596869824,0.0,0,411.22711199217304,0.0,1.7157669067382812,1,0.7331373743611084,0.7331373691558838,0.0052
fire_light,Light/Sparse Fire,PPO,414,20260943,0,13,18.38477631085024,0.0,45.254833995939045,0,-19.314558188249976,0.0,0.03212690353393555,1,0.7331373743611084,0.7331373691558838,0.0052
fire_light,Light/Sparse Fire,A*,415,20260944,1,49,65.9827560572969,0.9644885135068787,0.0,0,413.3613896269422,0.0,1.6081759929656982,2,0.6397711057790418,0.6945933103561401,0.0104
fire_light,Light/Sparse Fire,PPO,415,20260944,0,19,26.87005768508881,0.0,36.76955262170047,0,18.035767250878564,0.0,0.054839134216308594,2,0.6397711057790418,0.6945933103561401,0.0104
fire_light,Light/Sparse Fire,A*,416,20260945,1,49,66.8111831820431,0.9525293113487886,0.0,0,411.33269693253544,0.0,1.7274019718170166,1,0.6502197801439595,0.6502197980880737,0.0052
fire_light,Light/Sparse Fire,PPO,416,20260945,0,15,21.21320343559643,0.0,42.42640687119285,0,-7.116863382265237,0.0,0.0319368839263916,1,0.6502197801439595,0.6502197980880737,0.0052
fire_light,Light/Sparse Fire,A*,417,20260946,1,50,67.39696961966999,0.944250322617115,0.0,0,412.99474321104503,0.0,1.7466881275177002,1,0.7096240348925638,0.7096240520477295,0.0052
fire_light,Light/Sparse Fire,PPO,417,20260946,0,18,25.455844122715714,0.0,38.18376618407357,0,9.741546115394314,0.0,0.05941891670227051,1,0.7096240348925638,0.7096240520477295,0.0052
fire_light,Light/Sparse Fire,A*,418,20260947,1,50,68.22539674441617,0.9327847596869825,0.0,0,413.0274678337378,0.0,2.0352630615234375,2,0.6812942979670522,0.7497580051422119,0.0104
fire_light,Light/Sparse Fire,PPO,418,20260947,0,20,28.284271247461906,0.0,35.35533905932738,0,21.640979723451522,0.0,0.06897091865539551,2,0.6812942979670522,0.7497580051422119,0.0104
fire_light,Light/Sparse Fire,A*,419,20260948,1,51,71.29646455628166,0.8926054146282663,0.0,0,413.3866838845428,0.0,1.866441011428833,2,0.6408704525368536,0.6524243950843811,0.0104
fire_light,Light/Sparse Fire,PPO,419,20260948,0,23,32.52691193458119,0.0,31.11269837220809,1,46.346531143570516,0.5074411630630493,0.07016897201538086,2,0.6408704525368536,0.6524243950843811,0.0104
fire_light,Light/Sparse Fire,A*,420,20260949,1,55,74.46803743153545,0.8545895998037866,0.0,0,413.0226721332142,0.0,1.910524845123291,2,0.658313301788608,0.6926677823066711,0.0104
fire_light,Light/Sparse Fire,PPO,420,20260949,0,18,25.455844122715714,0.0,38.18376618407357,0,11.27227930809083,0.0,0.0573580265045166,2,0.658313301788608,0.6926677823066711,0.0104
fire_light,Light/Sparse Fire,A*,421,20260950,1,51,71.29646455628166,0.8926054146282663,0.0,0,413.0733641963005,0.0,1.7235498428344727,1,0.7025217525928948,0.7025217413902283,0.0052
fire_light,Light/Sparse Fire,PPO,421,20260950,0,20,28.284271247461906,0.0,35.35533905932738,0,22.38766864945282,0.0,0.06070899963378906,1,0.7025217525928948,0.7025217413902283,0.0052
fire_light,Light/Sparse Fire,A*,422,20260951,1,50,69.88225099390857,0.9106691527772418,0.0,0,412.8306239770485,0.0,1.7737319469451904,1,0.6425246520255777,0.6425246596336365,0.0052
fire_light,Light/Sparse Fire,PPO,422,20260951,0,20,28.284271247461906,0.0,35.35533905932738,0,30.499098256111296,0.0,0.0409238338470459,1,0.6425246520255777,0.6425246596336365,0.0052
fire_light,Light/Sparse Fire,A*,423,20260952,1,52,70.22539674441617,0.9062193060781739,0.0,0,413.27945453002326,0.0,1.9340369701385498,2,0.671656341457777,0.736464262008667,0.0104
fire_light,Light/Sparse Fire,PPO,423,20260952,0,19,26.87005768508881,0.0,36.76955262170047,0,23.026906283087158,0.0,0.042849063873291016,2,0.671656341457777,0.736464262008667,0.0104
fire_light,Light/Sparse Fire,A*,424,20260953,1,51,70.46803743153546,0.903098945654894,0.0,0,410.2448776477514,0.0,1.78690505027771,2,0.6086558544596006,0.6380975842475891,0.0104
fire_light,Light/Sparse Fire,PPO,424,20260953,0,19,26.87005768508881,0.0,36.76955262170047,0,21.35073544941639,0.0,0.032360076904296875,2,0.6086558544596006,0.6380975842475891,0.0104
fire_light,Light/Sparse Fire,A*,425,20260954,1,47,65.63961030678927,0.9695305930267974,0.0,0,413.27635945418626,0.0,1.6989991664886475,2,0.7096175475868762,0.7450572848320007,0.0104
fire_light,Light/Sparse Fire,PPO,425,20260954,0,16,22.627416997969522,0.0,41.012193308819754,0,1.571401500445063,0.0,0.03125715255737305,2,0.7096175475868762,0.7450572848320007,0.0104
fire_light,Light/Sparse Fire,A*,426,20260955,1,50,68.22539674441617,0.9327847596869825,0.0,0,413.2576373265477,0.0,1.8739080429077148,1,0.6239583396083319,0.6239583492279053,0.0052
fire_light,Light/Sparse Fire,PPO,426,20260955,0,16,22.627416997969522,0.0,41.012193308819754,0,-6.756565632258344,0.0,0.055696964263916016,1,0.6239583396083319,0.6239583492279053,0.0052
fire_light,Light/Sparse Fire,A*,427,20260956,1,53,70.81118318204308,0.8987225950339376,0.0,0,413.6586900950255,0.0,1.790163278579712,2,0.6525491513661064,0.731706976890564,0.0104
fire_light,Light/Sparse Fire,PPO,427,20260956,0,21,29.698484809835,0.0,33.94112549695428,0,31.863441616929634,0.0,0.06638693809509277,2,0.6525491513661064,0.731706976890564,0.0104
fire_light,Light/Sparse Fire,A*,428,20260957,1,49,67.63961030678928,0.9408630537364508,0.0,0,412.39290809458475,0.0,1.6230089664459229,1,0.5560650109726448,0.556065022945404,0.0052
fire_light,Light/Sparse Fire,PPO,428,20260957,0,23,32.52691193458119,0.0,31.11269837220809,1,44.224108069385736,0.43249499797821045,0.04630708694458008,1,0.5560650109726448,0.556065022945404,0.0052
fire_light,Light/Sparse Fire,A*,429,20260958,1,50,67.39696961966999,0.944250322617115,0.0,0,412.5354637528148,0.0,1.7096750736236572,1,0.5906276440277923,0.5906276702880859,0.0052
fire_light,Light/Sparse Fire,PPO,429,20260958,0,18,25.455844122715714,0.0,38.18376618407357,0,10.633151731010159,0.0,0.056986093521118164,1,0.5906276440277923,0.5906276702880859,0.0052
fire_light,Light/Sparse Fire,A*,430,20260959,1,50,69.05382386916237,0.9215942976216421,0.0,0,413.18504981383137,0.0,1.7620739936828613,2,0.7294166446966222,0.7496214509010315,0.0104
fire_light,Light/Sparse Fire,PPO,430,20260959,0,21,29.698484809835,0.0,33.94112549695428,1,34.00946026082997,0.551609218120575,0.057489871978759766,2,0.7294166446966222,0.7496214509010315,0.0104
fire_light,Light/Sparse Fire,A*,431,20260960,1,53,71.63961030678927,0.8883299341559675,0.0,0,411.1139597907153,0.0,1.825605869293213,2,0.5763906418122019,0.5979360938072205,0.0104
fire_light,Light/Sparse Fire,PPO,431,20260960,0,16,22.627416997969522,0.0,41.012193308819754,0,0.8668125302610861,0.0,0.027863025665283203,2,0.5763906418122019,0.5979360938072205,0.0104
fire_light,Light/Sparse Fire,A*,432,20260961,1,50,68.22539674441617,0.9327847596869825,0.0,0,413.66406629668677,0.0,1.766632318496704,1,0.6986264876444133,0.6986264586448669,0.0052
fire_light,Light/Sparse Fire,PPO,432,20260961,0,23,32.52691193458119,0.0,31.11269837220809,0,48.982259256279846,0.0,0.06298112869262695,1,0.6986264876444133,0.6986264586448669,0.0052
fire_light,Light/Sparse Fire,A*,433,20260962,1,49,66.8111831820431,0.9525293113487886,0.0,0,412.91691063840506,0.0,1.7027690410614014,1,0.5577988992910188,0.5577989220619202,0.0052
fire_light,Light/Sparse Fire,PPO,433,20260962,0,26,36.76955262170047,0.0,26.870057685088806,1,64.4535998202851,0.3098882734775543,0.05930280685424805,1,0.5577988992910188,0.5577989220619202,0.0052
fire_light,Light/Sparse Fire,A*,434,20260963,1,51,68.81118318204308,0.9248440059289175,0.0,0,413.3616484342405,0.0,1.7257170677185059,2,0.6611588675703073,0.7195962071418762,0.0104
fire_light,Light/Sparse Fire,PPO,434,20260963,0,17,24.041630560342618,0.0,39.59797974644666,0,3.1788448882853118,0.0,0.05965900421142578,2,0.6611588675703073,0.7195962071418762,0.0104
fire_light,Light/Sparse Fire,A*,435,20260964,1,51,69.63961030678927,0.9138421370601059,0.0,0,413.0200346258626,0.0,1.7635951042175293,1,0.7417742393351667,0.7417742609977722,0.0052
fire_light,Light/Sparse Fire,PPO,435,20260964,0,21,29.698484809835,0.0,33.94112549695428,1,27.53618199019931,0.6593548655509949,0.08114004135131836,1,0.7417742393351667,0.7417742609977722,0.0052
fire_light,Light/Sparse Fire,A*,436,20260965,1,49,66.8111831820431,0.9525293113487886,0.0,0,413.231514388144,0.0,1.7073979377746582,1,0.5975167432518391,0.5975167155265808,0.0052
fire_light,Light/Sparse Fire,PPO,436,20260965,0,18,25.455844122715714,0.0,38.18376618407357,1,11.059746942039212,0.3319537341594696,0.0488278865814209,1,0.5975167432518391,0.5975167155265808,0.0052
fire_light,Light/Sparse Fire,A*,437,20260966,1,49,67.63961030678928,0.9408630537364508,0.0,0,411.29466585663675,0.0,1.7135491371154785,2,0.6337407749110541,0.649572491645813,0.0104
fire_light,Light/Sparse Fire,PPO,437,20260966,0,21,29.698484809835,0.0,33.94112549695428,1,35.51991447869645,0.36087360978126526,0.0375211238861084,2,0.6337407749110541,0.649572491645813,0.0104
fire_light,Light/Sparse Fire,A*,438,20260967,1,53,72.46803743153548,0.8781748831947201,0.0,0,415.7884156191324,0.0,1.830801248550415,2,0.6751588810476903,0.6974945664405823,0.0104
fire_light,Light/Sparse Fire,PPO,438,20260967,0,20,28.284271247461906,0.0,35.35533905932738,1,21.731837219149014,0.3874969780445099,0.05441880226135254,2,0.6751588810476903,0.6974945664405823,0.0104
fire_light,Light/Sparse Fire,A*,439,20260968,1,50,69.05382386916237,0.9215942976216421,0.0,0,411.2033207356178,0.0,2.5797119140625,1,0.6962107074161304,0.6962106823921204,0.0052
fire_light,Light/Sparse Fire,PPO,439,20260968,0,14,19.798989873223334,0.0,43.840620433565945,0,-12.430614997690554,0.0,0.0459141731262207,1,0.6962107074161304,0.6962106823921204,0.0052
fire_light,Light/Sparse Fire,A*,440,20260969,1,50,68.22539674441617,0.9327847596869825,0.0,0,411.7185605237106,0.0,3.048022985458374,1,0.589022539073109,0.5890225172042847,0.0052
fire_light,Light/Sparse Fire,PPO,440,20260969,0,22,31.112698372208097,0.0,32.526911934581186,0,44.59667758595853,0.0,0.09513401985168457,1,0.589022539073109,0.5890225172042847,0.0052
fire_light,Light/Sparse Fire,A*,441,20260970,1,50,69.05382386916237,0.9215942976216421,0.0,0,412.3414055866125,0.0,2.2433271408081055,1,0.7029879733007084,0.7029879689216614,0.0052
fire_light,Light/Sparse Fire,PPO,441,20260970,0,25,35.35533905932738,0.0,28.284271247461902,0,65.47848095481866,0.0,0.062248945236206055,1,0.7029879733007084,0.7029879689216614,0.0052
fire_light,Light/Sparse Fire,A*,442,20260971,1,49,65.9827560572969,0.9644885135068787,0.0,0,413.1208296731927,0.0,2.2684247493743896,1,0.5644224806253523,0.5644224882125854,0.0052
fire_light,Light/Sparse Fire,PPO,442,20260971,0,14,19.798989873223334,0.0,43.840620433565945,0,-11.885162931903324,0.0,0.02698802947998047,1,0.5644224806253523,0.5644224882125854,0.0052
fire_light,Light/Sparse Fire,A*,443,20260972,1,51,68.81118318204308,0.9248440059289175,0.0,0,412.73915172330254,0.0,2.652348041534424,1,0.5823171622707805,0.5823171734809875,0.0052
fire_light,Light/Sparse Fire,PPO,443,20260972,0,25,35.35533905932738,0.0,28.284271247461902,0,64.4916117267462,0.0,0.06077408790588379,1,0.5823171622707805,0.5823171734809875,0.0052
fire_light,Light/Sparse Fire,A*,444,20260973,1,50,68.22539674441617,0.9327847596869825,0.0,0,412.5938417899109,0.0,2.7096424102783203,1,0.6269939602381795,0.6269939541816711,0.0052
fire_light,Light/Sparse Fire,PPO,444,20260973,0,18,25.455844122715714,0.0,38.18376618407357,0,-0.7075512795702963,0.0,0.10303807258605957,1,0.6269939602381795,0.6269939541816711,0.0052
fire_light,Light/Sparse Fire,A*,445,20260974,1,47,64.81118318204307,0.9819232913560142,0.0,0,412.3451245834446,0.0,2.1775360107421875,1,0.697967638598779,0.6979676485061646,0.0052
fire_light,Light/Sparse Fire,PPO,445,20260974,0,26,36.76955262170047,0.0,26.870057685088806,1,73.16956412778343,0.387759804725647,0.049913883209228516,1,0.697967638598779,0.6979676485061646,0.0052
fire_light,Light/Sparse Fire,A*,446,20260975,1,54,72.22539674441617,0.8811251052312057,0.0,0,413.50311900320463,0.0,1.933988094329834,2,0.5963481472698833,0.6161699295043945,0.0104
fire_light,Light/Sparse Fire,PPO,446,20260975,0,19,26.87005768508881,0.0,36.76955262170047,1,14.883697022846775,0.47924327850341797,0.06414985656738281,2,0.5963481472698833,0.6161699295043945,0.0104
fire_light,Light/Sparse Fire,A*,447,20260976,1,50,69.05382386916237,0.9215942976216421,0.0,0,412.1686105968917,0.0,1.8889830112457275,2,0.6370642672581719,0.6785748600959778,0.0104
fire_light,Light/Sparse Fire,PPO,447,20260976,0,15,21.21320343559643,0.0,42.42640687119285,0,-5.397942881258004,0.0,0.03539919853210449,2,0.6370642672581719,0.6785748600959778,0.0104
fire_light,Light/Sparse Fire,A*,448,20260977,1,48,66.22539674441619,0.9609547610925422,0.0,0,413.36659791584157,0.0,2.2688262462615967,1,0.5976930223956821,0.5976930260658264,0.0052
fire_light,Light/Sparse Fire,PPO,448,20260977,0,20,28.284271247461906,0.0,35.35533905932738,1,27.291471716559585,0.33205166459083557,0.1005561351776123,1,0.5976930223956821,0.5976930260658264,0.0052
fire_light,Light/Sparse Fire,A*,449,20260978,1,50,68.22539674441617,0.9327847596869825,0.0,0,412.7723025628311,0.0,1.8124170303344727,2,0.6716910856340254,0.6923953294754028,0.0104
fire_light,Light/Sparse Fire,PPO,449,20260978,0,24,33.941125496954285,0.0,29.698484809834994,1,46.25625158959298,0.36165934801101685,0.08640289306640625,2,0.6716910856340254,0.6923953294754028,0.0104
fire_light,Light/Sparse Fire,A*,450,20260979,1,50,69.05382386916237,0.9215942976216421,0.0,0,413.1310227520199,0.0,1.7847821712493896,1,0.6557792581393027,0.655779242515564,0.0052
fire_light,Light/Sparse Fire,PPO,450,20260979,0,19,26.87005768508881,0.0,36.76955262170047,0,22.656172313911668,0.0,0.037986040115356445,1,0.6557792581393027,0.655779242515564,0.0052
fire_light,Light/Sparse Fire,A*,451,20260980,1,51,70.46803743153546,0.903098945654894,0.0,0,410.97873592465083,0.0,1.7544538974761963,2,0.6514694739951127,0.697223961353302,0.0104
fire_light,Light/Sparse Fire,PPO,451,20260980,0,20,28.284271247461906,0.0,35.35533905932738,0,16.792041799437442,0.0,0.07282209396362305,2,0.6514694739951127,0.697223961353302,0.0104
fire_light,Light/Sparse Fire,A*,452,20260981,1,48,66.22539674441619,0.9609547610925422,0.0,0,413.2612815086257,0.0,1.9758689403533936,1,0.7485386096923107,0.748538613319397,0.0052
fire_light,Light/Sparse Fire,PPO,452,20260981,0,24,33.941125496954285,0.0,29.698484809834994,0,58.867809354257645,0.0,0.03353595733642578,1,0.7485386096923107,0.748538613319397,0.0052
fire_light,Light/Sparse Fire,A*,453,20260982,1,50,67.39696961966999,0.944250322617115,0.0,0,413.6142278776292,0.0,1.7713663578033447,2,0.57517697610485,0.5854051113128662,0.0104
fire_light,Light/Sparse Fire,PPO,453,20260982,0,22,31.112698372208097,0.0,32.526911934581186,1,44.80632394131928,0.3252250552177429,0.038909196853637695,2,0.57517697610485,0.5854051113128662,0.0104
fire_light,Light/Sparse Fire,A*,454,20260983,1,52,69.39696961966999,0.9170373094901131,0.0,0,413.841752949482,0.0,1.7926528453826904,2,0.6558180813651796,0.688538134098053,0.0104
fire_light,Light/Sparse Fire,PPO,454,20260983,0,24,33.941125496954285,0.0,29.698484809834994,0,58.75533678497692,0.0,0.04911303520202637,2,0.6558180813651796,0.688538134098053,0.0104
fire_light,Light/Sparse Fire,A*,455,20260984,1,51,69.63961030678928,0.9138421370601058,0.0,0,410.4425259639726,0.0,1.790802240371704,2,0.6863070649632529,0.7337602376937866,0.0104
fire_light,Light/Sparse Fire,PPO,455,20260984,0,20,28.284271247461906,0.0,35.35533905932738,0,28.090247270262893,0.0,0.04073190689086914,2,0.6863070649632529,0.7337602376937866,0.0104
fire_light,Light/Sparse Fire,A*,456,20260985,1,50,69.88225099390857,0.9106691527772418,0.0,0,413.66445514969587,0.0,1.7643189430236816,1,0.6927867900654527,0.6927868127822876,0.0052
fire_light,Light/Sparse Fire,PPO,456,20260985,0,24,33.941125496954285,0.0,29.698484809834994,0,58.61308450506573,0.0,0.045462846755981445,1,0.6927867900654527,0.6927868127822876,0.0052
fire_light,Light/Sparse Fire,A*,457,20260986,1,51,69.63961030678927,0.9138421370601059,0.0,0,412.8774571666772,0.0,1.752450704574585,1,0.5949336816462811,0.5949336886405945,0.0052
fire_light,Light/Sparse Fire,PPO,457,20260986,0,16,22.627416997969522,0.0,41.012193308819754,0,-4.5090919441677215,0.0,0.05652475357055664,1,0.5949336816462811,0.5949336886405945,0.0052
fire_light,Light/Sparse Fire,A*,458,20260987,1,51,70.46803743153546,0.903098945654894,0.0,0,413.5287029542559,0.0,1.7714660167694092,2,0.635822427244561,0.6451771259307861,0.0104
fire_light,Light/Sparse Fire,PPO,458,20260987,0,20,28.284271247461906,0.0,35.35533905932738,0,30.655179473066795,0.0,0.04146218299865723,2,0.635822427244561,0.6451771259307861,0.0104
fire_light,Light/Sparse Fire,A*,459,20260988,1,48,66.22539674441619,0.9609547610925422,0.0,0,410.1343888246464,0.0,1.7013177871704102,1,0.6632745613073037,0.6632745862007141,0.0052
fire_light,Light/Sparse Fire,PPO,459,20260988,0,17,24.041630560342618,0.0,39.59797974644666,1,6.318317790106448,0.36848586797714233,0.050887107849121094,1,0.6632745613073037,0.6632745862007141,0.0052
fire_light,Light/Sparse Fire,A*,460,20260989,1,49,67.63961030678928,0.9408630537364508,0.0,0,413.5104625273557,0.0,1.7107160091400146,2,0.7030234062840859,0.712833821773529,0.0104
fire_light,Light/Sparse Fire,PPO,460,20260989,0,21,29.698484809835,0.0,33.94112549695428,0,37.607002034793226,0.0,0.039481163024902344,2,0.7030234062840859,0.712833821773529,0.0104
fire_light,Light/Sparse Fire,A*,461,20260990,1,47,65.63961030678927,0.9695305930267974,0.0,0,413.41937729981737,0.0,1.7271239757537842,2,0.6251727935735027,0.6913527250289917,0.0104
fire_light,Light/Sparse Fire,PPO,461,20260990,0,27,38.18376618407356,0.0,25.45584412271571,0,70.83070668780091,0.0,0.05624127388000488,2,0.6251727935735027,0.6913527250289917,0.0104
fire_light,Light/Sparse Fire,A*,462,20260991,1,48,66.22539674441619,0.9609547610925422,0.0,0,412.7962257147504,0.0,1.7046411037445068,1,0.5716686375239509,0.5716686248779297,0.0052
fire_light,Light/Sparse Fire,PPO,462,20260991,0,20,28.284271247461906,0.0,35.35533905932738,1,30.225757826662715,0.31759369373321533,0.03656506538391113,1,0.5716686375239509,0.5716686248779297,0.0052
fire_light,Light/Sparse Fire,A*,463,20260992,1,50,67.39696961966999,0.944250322617115,0.0,0,411.5675721544504,0.0,1.724039077758789,1,0.7294118627708875,0.7294118404388428,0.0052
fire_light,Light/Sparse Fire,PPO,463,20260992,0,17,24.041630560342618,0.0,39.59797974644666,1,-6.653801600879433,0.6483660936355591,0.07572579383850098,1,0.7294118627708875,0.7294118404388428,0.0052
fire_light,Light/Sparse Fire,A*,464,20260993,1,49,68.46803743153548,0.9294791072465838,0.0,0,412.9053903469749,0.0,1.7262959480285645,1,0.6616186569786745,0.6616186499595642,0.0052
fire_light,Light/Sparse Fire,PPO,464,20260993,0,21,29.698484809835,0.0,33.94112549695428,1,30.085824281610115,0.5145922899246216,0.05622601509094238,1,0.6616186569786745,0.6616186499595642,0.0052
fire_light,Light/Sparse Fire,A*,465,20260994,1,47,65.63961030678927,0.9695305930267974,0.0,0,412.9920268227568,0.0,2.0372421741485596,1,0.7333461198273931,0.7333461046218872,0.0052
fire_light,Light/Sparse Fire,PPO,465,20260994,0,15,21.21320343559643,0.0,42.42640687119285,2,-14.056770456239846,0.9777948558330536,0.07169914245605469,1,0.7333461198273931,0.7333461046218872,0.0052
fire_light,Light/Sparse Fire,A*,466,20260995,1,49,66.81118318204308,0.9525293113487888,0.0,0,413.3866455180037,0.0,1.9848339557647705,2,0.6484514813615297,0.7165383696556091,0.0104
fire_light,Light/Sparse Fire,PPO,466,20260995,0,19,26.87005768508881,0.0,36.76955262170047,0,23.041781001929905,0.0,0.045404911041259766,2,0.6484514813615297,0.7165383696556091,0.0104
fire_light,Light/Sparse Fire,A*,467,20260996,1,51,69.63961030678927,0.9138421370601059,0.0,0,413.08689401619273,0.0,1.779433250427246,2,0.6561522245867408,0.7433542013168335,0.0104
fire_light,Light/Sparse Fire,PPO,467,20260996,0,25,35.35533905932738,0.0,28.284271247461902,0,65.57974862696254,0.0,0.047518014907836914,2,0.6561522245867408,0.7433542013168335,0.0104
fire_light,Light/Sparse Fire,A*,468,20260997,1,49,66.8111831820431,0.9525293113487886,0.0,0,413.35031014757334,0.0,1.8081560134887695,2,0.6656475941190354,0.7237716913223267,0.0104
fire_light,Light/Sparse Fire,PPO,468,20260997,0,18,25.455844122715714,0.0,38.18376618407357,1,11.34520759296008,0.5400208830833435,0.05203676223754883,2,0.6656475941190354,0.7237716913223267,0.0104
fire_light,Light/Sparse Fire,A*,469,20260998,1,55,73.63961030678927,0.8642035182106602,0.0,0,412.75891845310304,0.0,1.9731638431549072,2,0.6631123519978818,0.6656805276870728,0.0104
fire_light,Light/Sparse Fire,PPO,469,20260998,0,7,9.899494936611667,0.0,53.74011537017761,0,-60.8812979384662,0.0,0.036115169525146484,2,0.6631123519978818,0.6656805276870728,0.0104
fire_light,Light/Sparse Fire,A*,470,20260999,1,49,66.8111831820431,0.9525293113487886,0.0,0,412.66648701019676,0.0,1.7205698490142822,2,0.5958109846570403,0.630952775478363,0.0104
fire_light,Light/Sparse Fire,PPO,470,20260999,0,22,31.112698372208097,0.0,32.526911934581186,0,37.4629570594868,0.0,0.05723118782043457,2,0.5958109846570403,0.630952775478363,0.0104
fire_light,Light/Sparse Fire,A*,471,20261000,1,47,64.81118318204307,0.9819232913560142,0.0,0,413.21733169329315,0.0,1.7090308666229248,1,0.6156013236107581,0.6156013011932373,0.0052
fire_light,Light/Sparse Fire,PPO,471,20261000,0,22,31.112698372208097,0.0,32.526911934581186,1,44.119407203851296,0.34200072288513184,0.037223100662231445,1,0.6156013236107581,0.6156013011932373,0.0052
fire_light,Light/Sparse Fire,A*,472,20261001,1,49,67.63961030678928,0.9408630537364508,0.0,0,413.3264254792861,0.0,1.7128570079803467,1,0.677160069877421,0.6771600842475891,0.0052
fire_light,Light/Sparse Fire,PPO,472,20261001,0,23,32.52691193458119,0.0,31.11269837220809,0,51.94626943092389,0.0,0.0334930419921875,1,0.677160069877421,0.6771600842475891,0.0052
fire_light,Light/Sparse Fire,A*,473,20261002,1,48,67.05382386916239,0.9490824927593238,0.0,0,411.8427045945782,0.0,1.7301568984985352,2,0.6999130535209147,0.7050767540931702,0.0104
fire_light,Light/Sparse Fire,PPO,473,20261002,0,15,21.21320343559643,0.0,42.42640687119285,1,-5.390771144947266,0.3917092978954315,0.04017186164855957,2,0.6999130535209147,0.7050767540931702,0.0104
fire_light,Light/Sparse Fire,A*,474,20261003,1,51,69.63961030678927,0.9138421370601059,0.0,0,413.3896565615112,0.0,1.747148036956787,1,0.6791305975018979,0.6791306138038635,0.0052
fire_light,Light/Sparse Fire,PPO,474,20261003,0,20,28.284271247461906,0.0,35.35533905932738,0,23.372084462254946,0.0,0.06404566764831543,1,0.6791305975018979,0.6791306138038635,0.0052
fire_light,Light/Sparse Fire,A*,475,20261004,1,49,67.63961030678928,0.9408630537364508,0.0,0,413.3730391073972,0.0,1.761465072631836,1,0.7365933096835402,0.7365933060646057,0.0052
fire_light,Light/Sparse Fire,PPO,475,20261004,0,19,26.87005768508881,0.0,36.76955262170047,1,22.82209616405686,0.5729058980941772,0.0355839729309082,1,0.7365933096835402,0.7365933060646057,0.0052
fire_light,Light/Sparse Fire,A*,476,20261005,1,49,66.81118318204308,0.9525293113487888,0.0,0,413.1429296809883,0.0,1.7071070671081543,1,0.6396348345482866,0.6396348476409912,0.0052
fire_light,Light/Sparse Fire,PPO,476,20261005,0,20,28.284271247461906,0.0,35.35533905932738,2,18.34005456842496,0.8528464734554291,0.06777715682983398,1,0.6396348345482866,0.6396348476409912,0.0052
fire_light,Light/Sparse Fire,A*,477,20261006,1,50,68.22539674441617,0.9327847596869825,0.0,0,413.20836348339645,0.0,1.758979082107544,2,0.5726367079856893,0.5946474075317383,0.0104
fire_light,Light/Sparse Fire,PPO,477,20261006,0,17,24.041630560342618,0.0,39.59797974644666,0,4.783223111704501,0.0,0.056253910064697266,2,0.5726367079856893,0.5946474075317383,0.0104
fire_light,Light/Sparse Fire,A*,478,20261007,1,50,68.22539674441617,0.9327847596869825,0.0,0,412.23379538128694,0.0,1.7610218524932861,2,0.6726911881197029,0.7317910194396973,0.0092
fire_light,Light/Sparse Fire,PPO,478,20261007,0,27,38.18376618407356,0.0,25.45584412271571,2,71.1188826935071,1.3009618520736694,0.06465411186218262,2,0.6726911881197029,0.7317910194396973,0.0092
fire_light,Light/Sparse Fire,A*,479,20261008,1,47,64.81118318204307,0.9819232913560142,0.0,0,413.45704338302374,0.0,1.6938769817352295,1,0.629322558449593,0.6293225288391113,0.0052
fire_light,Light/Sparse Fire,PPO,479,20261008,0,26,36.76955262170047,0.0,26.870057685088806,1,72.64742684350456,0.3496236503124237,0.04164695739746094,1,0.629322558449593,0.6293225288391113,0.0052
fire_light,Light/Sparse Fire,A*,480,20261009,1,55,75.29646455628163,0.8451872299956495,0.0,0,411.16452557003186,0.0,1.8357429504394531,2,0.5801299544745389,0.5918451547622681,0.0104
fire_light,Light/Sparse Fire,PPO,480,20261009,0,10,14.142135623730953,0.0,49.49747468305833,1,-41.50377990796219,0.4421003460884094,0.01950383186340332,2,0.5801299544745389,0.5918451547622681,0.0104
fire_light,Light/Sparse Fire,A*,481,20261010,1,50,69.05382386916237,0.9215942976216421,0.0,0,411.46971613630285,0.0,1.74222731590271,1,0.6082673019025103,0.6082673072814941,0.0052
fire_light,Light/Sparse Fire,PPO,481,20261010,0,13,18.38477631085024,0.0,45.254833995939045,0,-18.931965495627992,0.0,0.030573129653930664,1,0.6082673019025103,0.6082673072814941,0.0052
fire_light,Light/Sparse Fire,A*,482,20261011,1,56,74.22539674441619,0.8573832286262147,0.0,0,412.0510434206232,0.0,1.8191101551055908,2,0.6792923781383204,0.6951557993888855,0.0104
fire_light,Light/Sparse Fire,PPO,482,20261011,0,14,19.798989873223334,0.0,43.840620433565945,0,-21.34504096070941,0.0,0.054872751235961914,2,0.6792923781383204,0.6951557993888855,0.0104
fire_light,Light/Sparse Fire,A*,483,20261012,1,50,69.88225099390857,0.9106691527772418,0.0,0,413.3660209710851,0.0,1.7399017810821533,1,0.6804188793945475,0.6804189085960388,0.0052
fire_light,Light/Sparse Fire,PPO,483,20261012,0,18,25.455844122715714,0.0,38.18376618407357,0,15.656311919476295,0.0,0.03983879089355469,1,0.6804188793945475,0.6804189085960388,0.0052
fire_light,Light/Sparse Fire,A*,484,20261013,1,49,66.81118318204308,0.9525293113487888,0.0,0,412.0448743205596,0.0,1.8240537643432617,1,0.5719161629156778,0.5719161629676819,0.0052
fire_light,Light/Sparse Fire,PPO,484,20261013,0,16,22.627416997969522,0.0,41.012193308819754,0,1.9335204169001372,0.0,0.0995640754699707,1,0.5719161629156778,0.5719161629676819,0.0052
fire_light,Light/Sparse Fire,A*,485,20261014,1,51,68.81118318204308,0.9248440059289175,0.0,0,412.26660122735893,0.0,1.7907109260559082,2,0.7079434089490206,0.7240244150161743,0.0104
fire_light,Light/Sparse Fire,PPO,485,20261014,0,19,26.87005768508881,0.0,36.76955262170047,0,19.670916074139825,0.0,0.05331015586853027,2,0.7079434089490206,0.7240244150161743,0.0104
fire_light,Light/Sparse Fire,A*,486,20261015,1,50,68.22539674441617,0.9327847596869825,0.0,0,413.5422346113564,0.0,1.751682996749878,2,0.6477415186621541,0.6629271507263184,0.0104
fire_light,Light/Sparse Fire,PPO,486,20261015,0,21,29.698484809835,0.0,33.94112549695428,1,28.637060834966718,0.4919879138469696,0.05960392951965332,2,0.6477415186621541,0.6629271507263184,0.0104
fire_light,Light/Sparse Fire,A*,487,20261016,1,50,69.05382386916237,0.9215942976216421,0.0,0,412.63563507244584,0.0,1.7572810649871826,2,0.6473902326040701,0.6495095491409302,0.0104
fire_light,Light/Sparse Fire,PPO,487,20261016,0,20,28.284271247461906,0.0,35.35533905932738,0,29.809088875151332,0.0,0.040679931640625,2,0.6473902326040701,0.6495095491409302,0.0104
fire_light,Light/Sparse Fire,A*,488,20261017,0,1,1.0,0.0,62.93647591023825,1,-106.2535090340105,0.47666633129119873,0.17056012153625488,2,0.6583856095876883,0.7039145231246948,0.0104
fire_light,Light/Sparse Fire,PPO,488,20261017,0,1,1.4142135623730951,0.0,62.22539674441618,1,-102.97850416055763,0.5447615385055542,0.020739078521728516,2,0.6583856095876883,0.7039145231246948,0.0104
fire_light,Light/Sparse Fire,A*,489,20261018,1,50,68.22539674441619,0.9327847596869824,0.0,0,412.9168794229382,0.0,1.7402708530426025,2,0.6763581030490532,0.6968175768852234,0.0104
fire_light,Light/Sparse Fire,PPO,489,20261018,0,19,26.87005768508881,0.0,36.76955262170047,1,10.909707778296308,0.3871208727359772,0.07440018653869629,2,0.6763581030490532,0.6968175768852234,0.0104
fire_light,Light/Sparse Fire,A*,490,20261019,1,49,67.63961030678928,0.9408630537364508,0.0,0,412.3011050742833,0.0,1.739042043685913,1,0.6569051202882341,0.6569051146507263,0.0052
fire_light,Light/Sparse Fire,PPO,490,20261019,0,23,32.52691193458119,0.0,31.11269837220809,1,50.213756929156986,0.36494728922843933,0.04184603691101074,1,0.6569051202882341,0.6569051146507263,0.0052
fire_light,Light/Sparse Fire,A*,491,20261020,1,51,70.46803743153546,0.903098945654894,0.0,0,410.9209614572154,0.0,1.7691032886505127,2,0.5987580426081682,0.6245337724685669,0.0104
fire_light,Light/Sparse Fire,PPO,491,20261020,0,14,19.798989873223334,0.0,43.840620433565945,0,-12.13754622364604,0.0,0.035176992416381836,2,0.5987580426081682,0.6245337724685669,0.0104
fire_light,Light/Sparse Fire,A*,492,20261021,1,48,66.22539674441619,0.9609547610925422,0.0,0,413.23477753001123,0.0,1.7391071319580078,2,0.5678587967685758,0.5757803916931152,0.0104
fire_light,Light/Sparse Fire,PPO,492,20261021,0,14,19.798989873223334,0.0,43.840620433565945,1,-12.36987774526824,0.3198780119419098,0.03258776664733887,2,0.5678587967685758,0.5757803916931152,0.0104
fire_light,Light/Sparse Fire,A*,493,20261022,1,47,66.46803743153545,0.9574468085106386,0.0,0,412.1824605209871,0.0,2.084207057952881,1,0.601990251327331,0.6019902229309082,0.0052
fire_light,Light/Sparse Fire,PPO,493,20261022,0,14,19.798989873223334,0.0,43.840620433565945,1,-12.081331103224784,0.3344390392303467,0.07494401931762695,1,0.601990251327331,0.6019902229309082,0.0052
fire_light,Light/Sparse Fire,A*,494,20261023,1,48,65.39696961966999,0.9731278173422866,0.0,0,413.4714129521556,0.0,1.8034090995788574,2,0.6502974542782853,0.6873181462287903,0.0104
fire_light,Light/Sparse Fire,PPO,494,20261023,0,21,29.698484809835,0.0,33.94112549695428,0,37.4787000722275,0.0,0.03740692138671875,2,0.6502974542782853,0.6873181462287903,0.0104
fire_light,Light/Sparse Fire,A*,495,20261024,1,51,71.29646455628166,0.8926054146282663,0.0,0,413.4810927410566,0.0,2.0447280406951904,2,0.6691068327642304,0.6864298582077026,0.0104
fire_light,Light/Sparse Fire,PPO,495,20261024,0,19,26.87005768508881,0.0,36.76955262170047,0,15.828552063753762,0.0,0.12669992446899414,2,0.6691068327642304,0.6864298582077026,0.0104
fire_light,Light/Sparse Fire,A*,496,20261025,1,49,66.81118318204308,0.9525293113487888,0.0,0,412.8192081043423,0.0,1.969196081161499,1,0.6838973420037933,0.6838973164558411,0.0052
fire_light,Light/Sparse Fire,PPO,496,20261025,0,15,21.21320343559643,0.0,42.42640687119285,0,-4.727678907298795,0.0,0.04652690887451172,1,0.6838973420037933,0.6838973164558411,0.0052
fire_light,Light/Sparse Fire,A*,497,20261026,1,50,67.39696961966999,0.944250322617115,0.0,0,413.49940860056057,0.0,1.7532248497009277,2,0.6067125280921826,0.6435932517051697,0.0104
fire_light,Light/Sparse Fire,PPO,497,20261026,0,21,29.698484809835,0.0,33.94112549695428,0,30.68523898784028,0.0,0.06188797950744629,2,0.6067125280921826,0.6435932517051697,0.0104
fire_light,Light/Sparse Fire,A*,498,20261027,1,50,66.5685424949238,0.9560012570748733,0.0,0,412.33867800267154,0.0,1.7429490089416504,2,0.6887977128383411,0.7389686703681946,0.0104
fire_light,Light/Sparse Fire,PPO,498,20261027,0,25,35.35533905932738,0.0,28.284271247461902,0,59.458494417533515,0.0,0.06329607963562012,2,0.6887977128383411,0.7389686703681946,0.0104
fire_light,Light/Sparse Fire,A*,499,20261028,1,48,67.05382386916239,0.9490824927593238,0.0,1,413.20120170713665,0.30796128511428833,1.7154250144958496,1,0.5543303376403556,0.5543303489685059,0.0052
fire_light,Light/Sparse Fire,PPO,499,20261028,0,16,22.627416997969522,0.0,41.012193308819754,1,1.7972923913876002,0.4311458170413971,0.03207826614379883,1,0.5543303376403556,0.5543303489685059,0.0052
fire_light,Light/Sparse Fire,A*,500,20261029,1,48,65.39696961966999,0.9731278173422866,0.0,0,413.60071881496884,0.0,1.6884539127349854,1,0.7223721020498457,0.7223721146583557,0.0052
fire_light,Light/Sparse Fire,PPO,500,20261029,0,26,36.76955262170047,0.0,26.870057685088806,1,64.17878913863395,0.401317834854126,0.05725598335266113,1,0.7223721020498457,0.7223721146583557,0.0052
fire_moderate,Moderate Fire,A*,1,20360530,1,54,70.56854249492379,0.9018127349217545,0.0,0,413.2716206672384,0.0,1.732801914215088,3,0.8112864285852354,0.8690587282180786,0.0348
fire_moderate,Moderate Fire,PPO,1,20360530,0,13,18.38477631085024,0.0,45.254833995939045,0,-27.617088657040767,0.0,0.049307823181152344,3,0.8112864285852354,0.8690587282180786,0.0348
fire_moderate,Moderate Fire,A*,2,20360531,1,58,75.39696961966999,0.844060585296874,0.0,0,411.6892805978607,0.0,2.551689863204956,3,0.8789144048342253,0.8948768377304077,0.0348
fire_moderate,Moderate Fire,PPO,2,20360531,0,11,15.556349186104049,0.0,48.08326112068523,2,-41.56900913294829,0.9674357175827026,0.05869698524475098,3,0.8789144048342253,0.8948768377304077,0.0348
fire_moderate,Moderate Fire,A*,3,20360532,1,50,67.39696961966999,0.944250322617115,0.0,0,413.55849649340394,0.0,1.8120689392089844,3,0.7821773259340903,0.8803383111953735,0.022
fire_moderate,Moderate Fire,PPO,3,20360532,0,22,31.112698372208097,0.0,32.526911934581186,0,42.18126982961505,0.0,0.08558392524719238,3,0.7821773259340903,0.8803383111953735,0.022
fire_moderate,Moderate Fire,A*,4,20360533,1,53,71.63961030678927,0.8883299341559675,0.0,1,413.3793287843046,0.3895281255245209,1.7890570163726807,4,0.7894848022053473,0.8903499841690063,0.04
fire_moderate,Moderate Fire,PPO,4,20360533,0,17,24.041630560342618,0.0,39.59797974644666,0,9.111231413004134,0.0,0.03812098503112793,4,0.7894848022053473,0.8903499841690063,0.04
fire_moderate,Moderate Fire,A*,5,20360534,1,54,73.88225099390854,0.8613653408047387,0.0,0,412.14813845667453,0.0,1.827707052230835,3,0.7776538284221367,0.8315811157226562,0.028
fire_moderate,Moderate Fire,PPO,5,20360534,0,19,26.87005768508881,0.0,36.76955262170047,0,22.628332492126958,0.0,0.04325294494628906,3,0.7776538284221367,0.8315811157226562,0.028
fire_moderate,Moderate Fire,A*,6,20360535,1,62,80.22539674441617,0.7932601506419936,0.0,0,408.89505118564153,0.0,1.934154987335205,3,0.8134513055610834,0.892720639705658,0.0284
fire_moderate,Moderate Fire,PPO,6,20360535,0,10,14.142135623730953,0.0,49.49747468305833,0,-41.101694493361585,0.0,0.034307003021240234,3,0.8134513055610834,0.892720639705658,0.0284
fire_moderate,Moderate Fire,A*,7,20360536,1,51,70.46803743153546,0.903098945654894,0.0,0,413.15358478596903,0.0,1.7755749225616455,3,0.705157609993936,0.7426252961158752,0.0156
fire_moderate,Moderate Fire,PPO,7,20360536,0,16,22.627416997969522,0.0,41.012193308819754,1,-6.4412966047993905,0.5316969156265259,0.08375310897827148,3,0.705157609993936,0.7426252961158752,0.0156
fire_moderate,Moderate Fire,A*,8,20360537,1,56,75.05382386916239,0.847919626556657,0.0,0,411.69302923425965,0.0,1.8520917892456055,4,0.7325831015313604,0.8872860670089722,0.0272
fire_moderate,Moderate Fire,PPO,8,20360537,0,15,21.21320343559643,0.0,42.42640687119285,0,-5.280975784336405,0.0,0.039331912994384766,4,0.7325831015313604,0.8872860670089722,0.0272
fire_moderate,Moderate Fire,A*,9,20360538,1,55,76.12489168102783,0.8359895022701203,0.0,0,411.5248696571634,0.0,2.2409250736236572,3,0.8080393657146573,0.8963305354118347,0.0284
fire_moderate,Moderate Fire,PPO,9,20360538,0,8,11.313708498984761,0.0,52.32590180780452,0,-54.27542001600997,0.0,0.054534196853637695,3,0.8080393657146573,0.8963305354118347,0.0284
fire_moderate,Moderate Fire,A*,10,20360539,1,55,75.29646455628163,0.8451872299956495,0.0,0,412.25031478323183,0.0,1.992408037185669,4,0.7012770862398159,0.7625263333320618,0.0272
fire_moderate,Moderate Fire,PPO,10,20360539,0,3,4.242640687119286,0.0,59.39696961966999,0,-89.30165048714065,0.0,0.03854513168334961,4,0.7012770862398159,0.7625263333320618,0.0272
fire_moderate,Moderate Fire,A*,11,20360540,1,57,77.29646455628166,0.8233185136229814,0.0,0,409.93843229362125,0.0,1.8477401733398438,3,0.7091160483340916,0.7731529474258423,0.022
fire_moderate,Moderate Fire,PPO,11,20360540,0,19,26.87005768508881,0.0,36.76955262170047,0,20.964985240566477,0.0,0.0434107780456543,3,0.7091160483340916,0.7731529474258423,0.022
fire_moderate,Moderate Fire,A*,12,20360541,1,51,69.63961030678928,0.9138421370601058,0.0,0,412.64164689255625,0.0,1.7809650897979736,4,0.7529922267250064,0.8647695183753967,0.0336
fire_moderate,Moderate Fire,PPO,12,20360541,0,24,33.941125496954285,0.0,29.698484809834994,0,58.46930063258429,0.0,0.04544782638549805,4,0.7529922267250064,0.8647695183753967,0.0336
fire_moderate,Moderate Fire,A*,13,20360542,1,53,72.46803743153545,0.8781748831947206,0.0,0,411.44013129307103,0.0,1.8024911880493164,3,0.7796263398088908,0.8577302694320679,0.0284
fire_moderate,Moderate Fire,PPO,13,20360542,0,13,18.38477631085024,0.0,45.254833995939045,0,-24.88510410371373,0.0,0.05629301071166992,3,0.7796263398088908,0.8577302694320679,0.0284
fire_moderate,Moderate Fire,A*,14,20360543,1,49,65.9827560572969,0.9644885135068787,0.0,0,413.51150495310026,0.0,1.7215678691864014,3,0.7423867976662818,0.8296708464622498,0.0216
fire_moderate,Moderate Fire,PPO,14,20360543,0,24,33.941125496954285,0.0,29.698484809834994,1,52.72448618825098,0.3971285820007324,0.05663418769836426,3,0.7423867976662818,0.8296708464622498,0.0216
fire_moderate,Moderate Fire,A*,15,20360544,1,54,73.05382386916236,0.8711331855915755,0.0,0,412.55385220053654,0.0,2.071876049041748,4,0.770916391894547,0.8582664132118225,0.0336
fire_moderate,Moderate Fire,PPO,15,20360544,0,12,16.970562748477143,0.0,46.66904755831214,0,-27.017814325272212,0.0,0.03602004051208496,4,0.770916391894547,0.8582664132118225,0.0336
fire_moderate,Moderate Fire,A*,16,20360545,1,55,71.98275605729688,0.8840952165840021,0.0,0,412.875046366999,0.0,2.109973192214966,4,0.7413598096952994,0.7848186492919922,0.028
fire_moderate,Moderate Fire,PPO,16,20360545,0,23,32.52691193458119,0.0,31.11269837220809,0,45.33191625894533,0.0,0.07571887969970703,4,0.7413598096952994,0.7848186492919922,0.028
fire_moderate,Moderate Fire,A*,17,20360546,1,58,77.05382386916237,0.8259111243440628,0.0,0,413.3741624636608,0.0,1.8856580257415771,4,0.8021446963207163,0.899293839931488,0.04
fire_moderate,Moderate Fire,PPO,17,20360546,0,13,18.38477631085024,0.0,45.254833995939045,0,-19.020132615004968,0.0,0.03198885917663574,4,0.8021446963207163,0.899293839931488,0.04
fire_moderate,Moderate Fire,A*,18,20360547,1,64,81.39696961966999,0.7818425010678831,0.0,0,409.00830149305534,0.0,1.9657680988311768,4,0.761657092869753,0.8800870776176453,0.0272
fire_moderate,Moderate Fire,PPO,18,20360547,0,3,4.242640687119286,0.0,59.39696961966999,0,-88.98784731520612,0.0,0.02655625343322754,4,0.761657092869753,0.8800870776176453,0.0272
fire_moderate,Moderate Fire,A*,19,20360548,1,55,71.98275605729688,0.8840952165840021,0.0,0,410.71730706992827,0.0,1.8426520824432373,3,0.7048780389914017,0.7876635789871216,0.022
fire_moderate,Moderate Fire,PPO,19,20360548,0,14,19.798989873223334,0.0,43.840620433565945,0,-11.979145288566428,0.0,0.03774118423461914,3,0.7048780389914017,0.7876635789871216,0.022
fire_moderate,Moderate Fire,A*,20,20360549,1,53,70.81118318204307,0.8987225950339378,0.0,0,412.3390051007941,0.0,1.7777378559112549,3,0.7342410925099312,0.8291802406311035,0.022
fire_moderate,Moderate Fire,PPO,20,20360549,0,1,1.4142135623730951,0.0,62.22539674441618,0,-102.3632805143937,0.0,0.021759033203125,3,0.7342410925099312,0.8291802406311035,0.022
fire_moderate,Moderate Fire,A*,21,20360550,1,53,71.63961030678927,0.8883299341559675,0.0,0,412.06091219125005,0.0,1.7867798805236816,3,0.8113931038617235,0.8891916871070862,0.0244
fire_moderate,Moderate Fire,PPO,21,20360550,0,20,28.284271247461906,0.0,35.35533905932738,0,21.503050851851725,0.0,0.07105493545532227,3,0.8113931038617235,0.8891916871070862,0.0244
fire_moderate,Moderate Fire,A*,22,20360551,1,69,89.29646455628165,0.7126778268660189,0.0,0,413.47061510446105,0.0,2.1494271755218506,3,0.7129720651471692,0.7958403825759888,0.022
fire_moderate,Moderate Fire,PPO,22,20360551,0,12,16.970562748477143,0.0,46.66904755831214,0,-26.317231426541895,0.0,0.032109975814819336,3,0.7129720651471692,0.7958403825759888,0.022
fire_moderate,Moderate Fire,A*,23,20360552,1,54,73.05382386916236,0.8711331855915755,0.0,0,413.15279694619005,0.0,1.8079049587249756,3,0.7239052268528635,0.8129373788833618,0.022
fire_moderate,Moderate Fire,PPO,23,20360552,0,15,21.21320343559643,0.0,42.42640687119285,0,-4.94159020703033,0.0,0.03533005714416504,3,0.7239052268528635,0.8129373788833618,0.022
fire_moderate,Moderate Fire,A*,24,20360553,1,55,72.81118318204307,0.8740362060547354,0.0,0,413.1400245682731,0.0,1.8509869575500488,3,0.7790510499069816,0.8517147898674011,0.0284
fire_moderate,Moderate Fire,PPO,24,20360553,0,16,22.627416997969522,0.0,41.012193308819754,0,1.546470527358906,0.0,0.039936065673828125,3,0.7790510499069816,0.8517147898674011,0.0284
fire_moderate,Moderate Fire,A*,25,20360554,1,57,74.8111831820431,0.8506697474885636,0.0,1,409.66062222696127,0.33473557233810425,1.8019609451293945,4,0.738158148903948,0.8699820637702942,0.0336
fire_moderate,Moderate Fire,PPO,25,20360554,0,1,1.4142135623730951,0.0,62.22539674441618,1,-102.35067174783791,0.5260130763053894,0.024541854858398438,4,0.738158148903948,0.8699820637702942,0.0336
fire_moderate,Moderate Fire,A*,26,20360555,1,54,70.56854249492379,0.9018127349217545,0.0,0,410.3434141740344,0.0,1.794938087463379,4,0.805405467617062,0.8727758526802063,0.0316
fire_moderate,Moderate Fire,PPO,26,20360555,0,16,22.627416997969522,0.0,41.012193308819754,1,0.8515091122208105,0.4132739305496216,0.039781808853149414,4,0.805405467617062,0.8727758526802063,0.0316
fire_moderate,Moderate Fire,A*,27,20360556,1,53,71.63961030678927,0.8883299341559675,0.0,0,410.88970880867606,0.0,1.798490047454834,3,0.7591605063860188,0.8458402752876282,0.0216
fire_moderate,Moderate Fire,PPO,27,20360556,0,14,19.798989873223334,0.0,43.840620433565945,0,-11.814320949895318,0.0,0.03295779228210449,3,0.7591605063860188,0.8458402752876282,0.0216
fire_moderate,Moderate Fire,A*,28,20360557,1,96,120.85281374238572,0.5265877420317726,0.0,0,414.6112255882889,0.0,2.158608913421631,4,0.8307946804835495,0.8789627552032471,0.0396
fire_moderate,Moderate Fire,PPO,28,20360557,0,15,21.21320343559643,0.0,42.42640687119285,0,-12.792162373317623,0.0,0.06639313697814941,4,0.8307946804835495,0.8789627552032471,0.0396
fire_moderate,Moderate Fire,A*,29,20360558,1,50,68.22539674441619,0.9327847596869824,0.0,0,413.8187306838893,0.0,1.7358448505401611,3,0.7826651098715672,0.8155948519706726,0.0348
fire_moderate,Moderate Fire,PPO,29,20360558,0,27,38.18376618407356,0.0,25.45584412271571,2,66.20896855757418,1.3253416419029236,0.08107399940490723,3,0.7826651098715672,0.8155948519706726,0.0348
fire_moderate,Moderate Fire,A*,30,20360559,1,49,66.81118318204308,0.9525293113487888,0.0,0,413.4739590415377,0.0,1.7070770263671875,3,0.8147910255059093,0.8928888440132141,0.0256
fire_moderate,Moderate Fire,PPO,30,20360559,0,21,29.698484809835,0.0,33.94112549695428,1,28.137691170610054,0.36832454800605774,0.055410146713256836,3,0.8147910255059093,0.8928888440132141,0.0256
fire_moderate,Moderate Fire,A*,31,20360560,1,54,73.05382386916236,0.8711331855915755,0.0,0,411.9795881794758,0.0,2.221046209335327,3,0.809294583197111,0.8707987666130066,0.0284
fire_moderate,Moderate Fire,PPO,31,20360560,0,21,29.698484809835,0.0,33.94112549695428,0,28.905482229784724,0.0,0.0957651138305664,3,0.809294583197111,0.8707987666130066,0.0284
fire_moderate,Moderate Fire,A*,32,20360561,1,53,70.81118318204308,0.8987225950339376,0.0,0,412.1042623081575,0.0,1.9705777168273926,3,0.764911757973958,0.8775113821029663,0.0284
fire_moderate,Moderate Fire,PPO,32,20360561,0,21,29.698484809835,0.0,33.94112549695428,0,37.56567992551558,0.0,0.050949811935424805,3,0.764911757973958,0.8775113821029663,0.0284
fire_moderate,Moderate Fire,A*,33,20360562,1,58,76.22539674441617,0.8348872295171248,0.0,0,412.7967066248978,0.0,1.8447906970977783,4,0.8147393967019099,0.8575271368026733,0.046
fire_moderate,Moderate Fire,PPO,33,20360562,0,21,29.698484809835,0.0,33.94112549695428,0,29.183392184955522,0.0,0.09296894073486328,4,0.8147393967019099,0.8575271368026733,0.046
fire_moderate,Moderate Fire,A*,34,20360563,1,53,70.81118318204308,0.8987225950339376,0.0,0,412.022505239998,0.0,1.8418891429901123,4,0.7752121309658024,0.855902910232544,0.0336
fire_moderate,Moderate Fire,PPO,34,20360563,0,20,28.284271247461906,0.0,35.35533905932738,0,12.639620763045144,0.0,0.09198880195617676,4,0.7752121309658024,0.855902910232544,0.0336
fire_moderate,Moderate Fire,A*,35,20360564,1,52,70.22539674441617,0.9062193060781739,0.0,1,412.96723876800206,0.35882431268692017,1.7952210903167725,3,0.7950714729467382,0.8978870511054993,0.0276
fire_moderate,Moderate Fire,PPO,35,20360564,0,21,29.698484809835,0.0,33.94112549695428,1,37.837921085084275,0.5638667941093445,0.041294097900390625,3,0.7950714729467382,0.8978870511054993,0.0276
fire_moderate,Moderate Fire,A*,36,20360565,1,54,72.22539674441616,0.8811251052312058,0.0,0,411.6973053326056,0.0,1.8269691467285156,3,0.785345391084336,0.8782001733779907,0.022
fire_moderate,Moderate Fire,PPO,36,20360565,0,16,22.627416997969522,0.0,41.012193308819754,0,0.16506432304959162,0.0,0.040712833404541016,3,0.785345391084336,0.8782001733779907,0.022
fire_moderate,Moderate Fire,A*,37,20360566,1,52,71.88225099390856,0.885331349906978,0.0,0,412.2422947524077,0.0,1.80539870262146,3,0.8228746717331212,0.8420411944389343,0.0348
fire_moderate,Moderate Fire,PPO,37,20360566,0,25,35.35533905932738,0.0,28.284271247461902,0,57.40834788678056,0.0,0.06256628036499023,3,0.8228746717331212,0.8420411944389343,0.0348
fire_moderate,Moderate Fire,A*,38,20360567,1,69,93.4386001800126,0.681084799902668,0.0,0,412.44740949818123,0.0,2.2981350421905518,4,0.8393046416120584,0.8821139931678772,0.04
fire_moderate,Moderate Fire,PPO,38,20360567,0,14,19.798989873223334,0.0,43.840620433565945,1,-20.25944753627755,0.4396307170391083,0.07043099403381348,4,0.8393046416120584,0.8821139931678772,0.04
fire_moderate,Moderate Fire,A*,39,20360568,1,55,74.46803743153545,0.8545895998037866,0.0,0,412.37529571113146,0.0,1.9503560066223145,4,0.8144132773289771,0.8648247122764587,0.0336
fire_moderate,Moderate Fire,PPO,39,20360568,0,2,2.8284271247461903,0.0,60.81118318204309,0,-104.75652705466972,0.0,0.030848979949951172,4,0.8144132773289771,0.8648247122764587,0.0336
fire_moderate,Moderate Fire,A*,40,20360569,1,50,69.05382386916237,0.9215942976216421,0.0,0,412.38908361269193,0.0,2.335041046142578,3,0.7461410710022932,0.792078971862793,0.0216
fire_moderate,Moderate Fire,PPO,40,20360569,0,14,19.798989873223334,0.0,43.840620433565945,0,-12.535823521654947,0.0,0.05070900917053223,3,0.7461410710022932,0.792078971862793,0.0216
fire_moderate,Moderate Fire,A*,41,20360570,1,52,70.22539674441617,0.9062193060781739,0.0,0,410.1948823438405,0.0,1.8981189727783203,3,0.7757084749233872,0.8282954096794128,0.0284
fire_moderate,Moderate Fire,PPO,41,20360570,0,19,26.87005768508881,0.0,36.76955262170047,2,-2.17777526331696,0.8771824240684509,0.11568999290466309,3,0.7757084749233872,0.8282954096794128,0.0284
fire_moderate,Moderate Fire,A*,42,20360571,1,53,72.46803743153545,0.8781748831947206,0.0,0,413.78038433913315,0.0,1.7845830917358398,3,0.7499910743467897,0.7939096689224243,0.0284
fire_moderate,Moderate Fire,PPO,42,20360571,0,25,35.35533905932738,0.0,28.284271247461902,1,57.65604965414694,0.5924573540687561,0.06535506248474121,3,0.7499910743467897,0.7939096689224243,0.0284
fire_moderate,Moderate Fire,A*,43,20360572,1,51,69.63961030678927,0.9138421370601059,0.0,0,412.69491985964856,0.0,1.7612838745117188,3,0.7363415944152342,0.746074378490448,0.0156
fire_moderate,Moderate Fire,PPO,43,20360572,0,19,26.87005768508881,0.0,36.76955262170047,0,15.269298129899255,0.0,0.051593780517578125,3,0.7363415944152342,0.746074378490448,0.0156
fire_moderate,Moderate Fire,A*,44,20360573,1,56,74.22539674441619,0.8573832286262147,0.0,0,411.8228555946616,0.0,1.877007007598877,3,0.8778999504300318,0.8828128576278687,0.0348
fire_moderate,Moderate Fire,PPO,44,20360573,0,15,21.21320343559643,0.0,42.42640687119285,0,-4.623279668613904,0.0,0.038819074630737305,3,0.8778999504300318,0.8828128576278687,0.0348
fire_moderate,Moderate Fire,A*,45,20360574,1,56,75.05382386916237,0.8479196265566572,0.0,0,412.2919151654363,0.0,2.1626949310302734,4,0.7995094664745954,0.8472291827201843,0.04
fire_moderate,Moderate Fire,PPO,45,20360574,0,13,18.38477631085024,0.0,45.254833995939045,0,-25.68001759164372,0.0,0.06824398040771484,4,0.7995094664745954,0.8472291827201843,0.04
fire_moderate,Moderate Fire,A*,46,20360575,1,60,79.05382386916237,0.8050162179645566,0.0,0,413.0046488578488,0.0,2.490231990814209,4,0.7916886024247305,0.8340728282928467,0.04
fire_moderate,Moderate Fire,PPO,46,20360575,0,15,21.21320343559643,0.0,42.42640687119285,1,-13.33605299261886,0.4039415717124939,0.06613802909851074,4,0.7916886024247305,0.8340728282928467,0.04
fire_moderate,Moderate Fire,A*,47,20360576,1,56,73.39696961966999,0.8670604608958434,0.0,0,413.6380924314141,0.0,2.532683849334717,4,0.8009969071408825,0.8724223971366882,0.04
fire_moderate,Moderate Fire,PPO,47,20360576,0,19,26.87005768508881,0.0,36.76955262170047,0,23.1451279904673,0.0,0.06738805770874023,4,0.8009969071408825,0.8724223971366882,0.04
fire_moderate,Moderate Fire,A*,48,20360577,1,54,72.22539674441617,0.8811251052312057,0.0,0,412.7772666535021,0.0,3.075870990753174,3,0.7637253727333153,0.8608607649803162,0.0284
fire_moderate,Moderate Fire,PPO,48,20360577,0,15,21.21320343559643,0.0,42.42640687119285,0,-4.947806919166268,0.0,0.06061196327209473,3,0.7637253727333153,0.8608607649803162,0.0284
fire_moderate,Moderate Fire,A*,49,20360578,1,49,66.8111831820431,0.9525293113487886,0.0,0,412.2373552611827,0.0,2.0787689685821533,3,0.7321222054783343,0.7776572704315186,0.022
fire_moderate,Moderate Fire,PPO,49,20360578,0,23,32.52691193458119,0.0,31.11269837220809,0,44.07660759520313,0.0,0.10541892051696777,3,0.7321222054783343,0.7776572704315186,0.022
fire_moderate,Moderate Fire,A*,50,20360579,1,51,67.9827560572969,0.9361140088694382,0.0,1,413.02281759379235,0.3840031325817108,2.07301926612854,4,0.796034192428881,0.8420129418373108,0.0396
fire_moderate,Moderate Fire,PPO,50,20360579,0,19,26.87005768508881,0.0,36.76955262170047,0,22.99136441314664,0.0,0.05162501335144043,4,0.796034192428881,0.8420129418373108,0.0396
fire_moderate,Moderate Fire,A*,51,20360580,1,57,77.29646455628166,0.8233185136229814,0.0,0,413.9407626353001,0.0,2.2623167037963867,3,0.7687809003471373,0.8433321118354797,0.0284
fire_moderate,Moderate Fire,PPO,51,20360580,0,13,18.38477631085024,0.0,45.254833995939045,0,-22.262198967859604,0.0,0.08174920082092285,3,0.7687809003471373,0.8433321118354797,0.0284
fire_moderate,Moderate Fire,A*,52,20360581,1,63,82.46803743153545,0.7716881871915839,0.0,0,413.82575604571537,0.0,3.3546199798583984,4,0.725260006113009,0.7994323372840881,0.0272
fire_moderate,Moderate Fire,PPO,52,20360581,0,19,26.87005768508881,0.0,36.76955262170047,1,7.038043671450453,0.3826230764389038,0.14403796195983887,4,0.725260006113009,0.7994323372840881,0.0272
fire_moderate,Moderate Fire,A*,53,20360582,1,58,78.71067811865476,0.8085257531494501,0.0,0,413.63229656459794,0.0,2.2859411239624023,4,0.7106020874865473,0.7670032382011414,0.0336
fire_moderate,Moderate Fire,PPO,53,20360582,0,15,21.21320343559643,0.0,42.42640687119285,0,-18.027232792764025,0.0,0.12311077117919922,4,0.7106020874865473,0.7670032382011414,0.0336
fire_moderate,Moderate Fire,A*,54,20360583,1,60,79.05382386916237,0.8050162179645566,0.0,0,412.178541201201,0.0,3.268895149230957,3,0.7042143995784867,0.767583429813385,0.022
fire_moderate,Moderate Fire,PPO,54,20360583,0,16,22.627416997969522,0.0,41.012193308819754,0,2.051542316152336,0.0,0.10113096237182617,3,0.7042143995784867,0.767583429813385,0.022
fire_moderate,Moderate Fire,A*,55,20360584,1,56,73.39696961966999,0.8670604608958434,0.0,0,412.2850757807283,0.0,2.762482166290283,4,0.7584448765331174,0.8657503128051758,0.032
fire_moderate,Moderate Fire,PPO,55,20360584,0,11,15.556349186104049,0.0,48.08326112068523,0,-33.514915888626106,0.0,0.03215813636779785,4,0.7584448765331174,0.8657503128051758,0.032
fire_moderate,Moderate Fire,A*,56,20360585,1,58,76.22539674441617,0.8348872295171248,0.0,0,409.7441068124104,0.0,2.4499759674072266,4,0.804107244259693,0.856805145740509,0.04
fire_moderate,Moderate Fire,PPO,56,20360585,0,17,24.041630560342618,0.0,39.59797974644666,0,-2.434114962358308,0.0,0.06360507011413574,4,0.804107244259693,0.856805145740509,0.04
fire_moderate,Moderate Fire,A*,57,20360586,1,50,67.39696961966999,0.944250322617115,0.0,0,411.1052455626482,0.0,1.7740631103515625,3,0.8185993091441309,0.843766987323761,0.0348
fire_moderate,Moderate Fire,PPO,57,20360586,0,15,21.21320343559643,0.0,42.42640687119285,0,-5.092469897262035,0.0,0.03206300735473633,3,0.8185993091441309,0.843766987323761,0.0348
fire_moderate,Moderate Fire,A*,58,20360587,1,55,74.46803743153545,0.8545895998037866,0.0,0,410.8308489283498,0.0,1.9286749362945557,4,0.7916452018740541,0.8856553435325623,0.0392
fire_moderate,Moderate Fire,PPO,58,20360587,0,14,19.798989873223334,0.0,43.840620433565945,0,-14.161257685241253,0.0,0.03951883316040039,4,0.7916452018740541,0.8856553435325623,0.0392
fire_moderate,Moderate Fire,A*,59,20360588,1,49,66.81118318204308,0.9525293113487888,0.0,0,412.6021432550936,0.0,2.3421809673309326,3,0.7699802322197234,0.8427775502204895,0.028
fire_moderate,Moderate Fire,PPO,59,20360588,0,21,29.698484809835,0.0,33.94112549695428,1,21.462199140970228,0.5956932306289673,0.11920785903930664,3,0.7699802322197234,0.8427775502204895,0.028
fire_moderate,Moderate Fire,A*,60,20360589,1,51,69.63961030678928,0.9138421370601058,0.0,0,411.574896631247,0.0,1.933077096939087,4,0.7538062405371629,0.8707164525985718,0.0336
fire_moderate,Moderate Fire,PPO,60,20360589,0,19,26.87005768508881,0.0,36.76955262170047,1,22.85724597011955,0.5329643487930298,0.0383000373840332,4,0.7538062405371629,0.8707164525985718,0.0336
fire_moderate,Moderate Fire,A*,61,20360590,1,54,72.22539674441617,0.8811251052312057,0.0,0,412.9990184936055,0.0,1.8228201866149902,4,0.7686552651358803,0.7935494184494019,0.0456
fire_moderate,Moderate Fire,PPO,61,20360590,0,22,31.112698372208097,0.0,32.526911934581186,0,44.56534062193779,0.0,0.04374098777770996,4,0.7686552651358803,0.7935494184494019,0.0456
fire_moderate,Moderate Fire,A*,62,20360591,1,55,72.81118318204307,0.8740362060547354,0.0,0,411.8514690269274,0.0,1.8414018154144287,3,0.8566277228451495,0.8982820510864258,0.0348
fire_moderate,Moderate Fire,PPO,62,20360591,0,17,24.041630560342618,0.0,39.59797974644666,0,-14.425955455270923,0.0,0.09008479118347168,3,0.8566277228451495,0.8982820510864258,0.0348
fire_moderate,Moderate Fire,A*,63,20360592,1,65,86.12489168102785,0.7389223842798542,0.0,0,414.339189917381,0.0,2.0392370223999023,4,0.7754144698447056,0.84491366147995,0.0336
fire_moderate,Moderate Fire,PPO,63,20360592,0,22,31.112698372208097,0.0,32.526911934581186,1,24.84649355833764,0.40770047903060913,0.10994291305541992,4,0.7754144698447056,0.84491366147995,0.0336
fire_moderate,Moderate Fire,A*,64,20360593,1,50,69.05382386916237,0.9215942976216421,0.0,0,411.15809346807066,0.0,1.8087480068206787,4,0.7458628133013374,0.8037737607955933,0.0328
fire_moderate,Moderate Fire,PPO,64,20360593,0,12,16.970562748477143,0.0,46.66904755831214,0,-26.878271038260465,0.0,0.0354008674621582,4,0.7458628133013374,0.8037737607955933,0.0328
fire_moderate,Moderate Fire,A*,65,20360594,1,53,70.81118318204308,0.8987225950339376,0.0,0,412.99072783623694,0.0,1.8475580215454102,3,0.7937406407157024,0.8659828901290894,0.0276
fire_moderate,Moderate Fire,PPO,65,20360594,0,21,29.698484809835,0.0,33.94112549695428,0,28.162814833329634,0.0,0.07291698455810547,3,0.7937406407157024,0.8659828901290894,0.0276
fire_moderate,Moderate Fire,A*,66,20360595,1,51,69.63961030678928,0.9138421370601058,0.0,0,413.54870463789166,0.0,1.7848029136657715,3,0.7340640430026335,0.8813402652740479,0.022
fire_moderate,Moderate Fire,PPO,66,20360595,0,25,35.35533905932738,0.0,28.284271247461902,0,59.921939030432426,0.0,0.07387208938598633,3,0.7340640430026335,0.8813402652740479,0.022
fire_moderate,Moderate Fire,A*,67,20360596,1,61,77.1543289325507,0.8248352514662378,0.0,0,414.0899974907441,0.0,1.907193899154663,4,0.7838500851703342,0.8363142609596252,0.0376
fire_moderate,Moderate Fire,PPO,67,20360596,0,16,22.627416997969522,0.0,41.012193308819754,0,1.6906071235680429,0.0,0.04336905479431152,4,0.7838500851703342,0.8363142609596252,0.0376
fire_moderate,Moderate Fire,A*,68,20360597,1,60,78.22539674441619,0.8135415473150917,0.0,0,411.56281949035764,0.0,1.9785480499267578,4,0.7527320085558479,0.820101797580719,0.0336
fire_moderate,Moderate Fire,PPO,68,20360597,0,14,19.798989873223334,0.0,43.840620433565945,0,-17.937924409829975,0.0,0.0639641284942627,4,0.7527320085558479,0.820101797580719,0.0336
fire_moderate,Moderate Fire,A*,69,20360598,1,57,76.46803743153548,0.8322380493126695,0.0,0,410.6079447721603,0.0,2.184178113937378,4,0.7898883095423963,0.879363477230072,0.0396
fire_moderate,Moderate Fire,PPO,69,20360598,0,7,9.899494936611667,0.0,53.74011537017761,0,-61.04532270874743,0.0,0.02231597900390625,4,0.7898883095423963,0.879363477230072,0.0396
fire_moderate,Moderate Fire,A*,70,20360599,1,51,67.9827560572969,0.9361140088694382,0.0,1,412.79103729301943,0.37606629729270935,1.9205219745635986,4,0.768892689604673,0.8595800995826721,0.0336
fire_moderate,Moderate Fire,PPO,70,20360599,0,8,11.313708498984761,0.0,52.32590180780452,0,-54.07546161439469,0.0,0.021951913833618164,4,0.768892689604673,0.8595800995826721,0.0336
fire_moderate,Moderate Fire,A*,71,20360600,1,53,71.63961030678927,0.8883299341559675,0.0,0,412.375597194352,0.0,2.038774013519287,3,0.747096937656337,0.770537257194519,0.0284
fire_moderate,Moderate Fire,PPO,71,20360600,0,19,26.87005768508881,0.0,36.76955262170047,0,19.32573155423148,0.0,0.0783231258392334,3,0.747096937656337,0.770537257194519,0.0284
fire_moderate,Moderate Fire,A*,72,20360601,1,49,67.63961030678928,0.9408630537364508,0.0,0,413.45516421615565,0.0,2.290673017501831,4,0.826979069343777,0.8741306066513062,0.0464
fire_moderate,Moderate Fire,PPO,72,20360601,0,21,29.698484809835,0.0,33.94112549695428,0,37.05523027121748,0.0,0.05992770195007324,4,0.826979069343777,0.8741306066513062,0.0464
fire_moderate,Moderate Fire,A*,73,20360602,1,59,78.46803743153546,0.8110258952546863,0.0,0,409.05115101157355,0.0,2.0756537914276123,4,0.7489648687713869,0.8074593544006348,0.0336
fire_moderate,Moderate Fire,PPO,73,20360602,0,11,15.556349186104049,0.0,48.08326112068523,0,-33.48398406682317,0.0,0.03723907470703125,4,0.7489648687713869,0.8074593544006348,0.0336
fire_moderate,Moderate Fire,A*,74,20360603,1,70,91.53910524340094,0.6952177447832009,0.0,0,368.4898178259756,0.0,2.134181022644043,3,0.7840890826619796,0.8748443722724915,0.0284
fire_moderate,Moderate Fire,PPO,74,20360603,0,1,1.4142135623730951,0.0,62.22539674441618,0,-102.90683493963326,0.0,0.04488205909729004,3,0.7840890826619796,0.8748443722724915,0.0284
fire_moderate,Moderate Fire,A*,75,20360604,1,54,73.88225099390854,0.8613653408047387,0.0,0,410.4927282419888,0.0,2.483214855194092,3,0.7972754382957058,0.8597759008407593,0.0284
fire_moderate,Moderate Fire,PPO,75,20360604,0,17,24.041630560342618,0.0,39.59797974644666,0,7.5728973246064015,0.0,0.049285888671875,3,0.7972754382957058,0.8597759008407593,0.0284
fire_moderate,Moderate Fire,A*,76,20360605,1,57,76.46803743153546,0.8322380493126696,0.0,0,410.74350586812204,0.0,2.6161649227142334,4,0.8227424444009956,0.8955965042114258,0.046
fire_moderate,Moderate Fire,PPO,76,20360605,0,6,8.485281374238571,0.0,55.154328932550705,0,-67.72915391041698,0.0,0.03793787956237793,4,0.8227424444009956,0.8955965042114258,0.046
fire_moderate,Moderate Fire,A*,77,20360606,1,61,80.46803743153545,0.7908681799395905,0.0,0,412.55796985134486,0.0,2.268662929534912,3,0.74181677872158,0.8853500485420227,0.022
fire_moderate,Moderate Fire,PPO,77,20360606,0,12,16.970562748477143,0.0,46.66904755831214,0,-32.83623072599974,0.0,0.05929207801818848,3,0.74181677872158,0.8853500485420227,0.022
fire_moderate,Moderate Fire,A*,78,20360607,1,60,77.39696961966997,0.8222493802989369,0.0,0,408.8327009792828,0.0,1.9144439697265625,4,0.7985527541074378,0.880964994430542,0.0336
fire_moderate,Moderate Fire,PPO,78,20360607,0,6,8.485281374238571,0.0,55.154328932550705,1,-68.11924477114991,0.3646889626979828,0.01990485191345215,4,0.7985527541074378,0.880964994430542,0.0336
fire_moderate,Moderate Fire,A*,79,20360608,1,54,73.05382386916236,0.8711331855915755,0.0,0,412.706811850001,0.0,1.8672902584075928,3,0.7976279356824295,0.8791137933731079,0.0284
fire_moderate,Moderate Fire,PPO,79,20360608,0,11,15.556349186104049,0.0,48.08326112068523,0,-33.34290237320455,0.0,0.03136086463928223,3,0.7976279356824295,0.8791137933731079,0.0284
fire_moderate,Moderate Fire,A*,80,20360609,0,1,1.4142135623730951,0.0,62.22539674441618,1,-102.57063970914925,0.5822497010231018,0.18767690658569336,4,0.7680780996444663,0.850325345993042,0.0336
fire_moderate,Moderate Fire,PPO,80,20360609,0,1,1.4142135623730951,0.0,62.22539674441618,1,-102.57063970914925,0.5822497010231018,0.0025129318237304688,4,0.7680780996444663,0.850325345993042,0.0336
fire_moderate,Moderate Fire,A*,81,20360610,1,51,68.81118318204308,0.9248440059289175,0.0,0,413.12710212293024,0.0,1.7888188362121582,3,0.8039002425284857,0.8592233061790466,0.0348
fire_moderate,Moderate Fire,PPO,81,20360610,0,20,28.284271247461906,0.0,35.35533905932738,0,24.776604911848693,0.0,0.0604557991027832,3,0.8039002425284857,0.8592233061790466,0.0348
fire_moderate,Moderate Fire,A*,82,20360611,1,60,76.56854249492379,0.831145640665791,0.0,0,413.3575484228535,0.0,2.1340999603271484,4,0.8150787172155796,0.8959543704986572,0.0464
fire_moderate,Moderate Fire,PPO,82,20360611,0,17,24.041630560342618,0.0,39.59797974644666,0,9.082627971268721,0.0,0.034494876861572266,4,0.8150787172155796,0.8959543704986572,0.0464
fire_moderate,Moderate Fire,A*,83,20360612,1,55,73.63961030678927,0.8642035182106602,0.0,0,411.576470397452,0.0,2.313256025314331,4,0.7564574751194258,0.8301969766616821,0.0328
fire_moderate,Moderate Fire,PPO,83,20360612,0,23,32.52691193458119,0.0,31.11269837220809,1,49.1886310977914,0.5707604289054871,0.07034492492675781,4,0.7564574751194258,0.8301969766616821,0.0328
fire_moderate,Moderate Fire,A*,84,20360613,1,57,75.63961030678928,0.8413529637272219,0.0,0,414.2433206334119,0.0,2.11688494682312,4,0.7724382834732675,0.8266716003417969,0.0396
fire_moderate,Moderate Fire,PPO,84,20360613,0,19,26.87005768508881,0.0,36.76955262170047,0,23.010583555581036,0.0,0.04070401191711426,4,0.7724382834732675,0.8266716003417969,0.0396
fire_moderate,Moderate Fire,A*,85,20360614,1,53,71.63961030678927,0.8883299341559675,0.0,0,410.7317057281929,0.0,2.0522830486297607,4,0.821921380740396,0.8687449097633362,0.0464
fire_moderate,Moderate Fire,PPO,85,20360614,0,23,32.52691193458119,0.0,31.11269837220809,0,51.037177179464535,0.0,0.04145383834838867,4,0.821921380740396,0.8687449097633362,0.0464
fire_moderate,Moderate Fire,A*,86,20360615,1,55,72.81118318204307,0.8740362060547354,0.0,0,412.46491548401923,0.0,2.0300490856170654,3,0.8369855717719713,0.8866121172904968,0.0348
fire_moderate,Moderate Fire,PPO,86,20360615,0,21,29.698484809835,0.0,33.94112549695428,1,24.26696618680657,0.37889179587364197,0.11266112327575684,3,0.8369855717719713,0.8866121172904968,0.0348
fire_moderate,Moderate Fire,A*,87,20360616,1,62,81.88225099390854,0.7772088521543407,0.0,0,413.59617510619086,0.0,2.1206119060516357,4,0.7528393680083598,0.8377259969711304,0.0336
fire_moderate,Moderate Fire,PPO,87,20360616,0,14,19.798989873223334,0.0,43.840620433565945,0,-19.329732791015886,0.0,0.06103205680847168,4,0.7528393680083598,0.8377259969711304,0.0336
fire_moderate,Moderate Fire,A*,88,20360617,1,57,73.9827560572969,0.8601951819354062,0.0,0,412.53108645028937,0.0,2.0187249183654785,3,0.8498249448311084,0.8665351867675781,0.0316
fire_moderate,Moderate Fire,PPO,88,20360617,0,18,25.455844122715714,0.0,38.18376618407357,0,16.040877762272586,0.0,0.03976798057556152,3,0.8498249448311084,0.8665351867675781,0.0316
fire_moderate,Moderate Fire,A*,89,20360618,1,56,75.05382386916239,0.847919626556657,0.0,0,412.5359288722695,0.0,1.9122538566589355,3,0.8193380050296454,0.8913822770118713,0.0284
fire_moderate,Moderate Fire,PPO,89,20360618,0,13,18.38477631085024,0.0,45.254833995939045,0,-19.63285628864878,0.0,0.03430795669555664,3,0.8193380050296454,0.8913822770118713,0.0284
fire_moderate,Moderate Fire,A*,90,20360619,1,54,73.05382386916236,0.8711331855915755,0.0,0,411.1445010965355,0.0,1.8296360969543457,3,0.8148255545429915,0.8934615254402161,0.0284
fire_moderate,Moderate Fire,PPO,90,20360619,0,13,18.38477631085024,0.0,45.254833995939045,0,-36.23206874398602,0.0,0.0809481143951416,3,0.8148255545429915,0.8934615254402161,0.0284
fire_moderate,Moderate Fire,A*,91,20360620,1,50,67.39696961966999,0.944250322617115,0.0,0,412.04974502279896,0.0,1.7781541347503662,4,0.7774452950812615,0.8572836518287659,0.04
fire_moderate,Moderate Fire,PPO,91,20360620,0,23,32.52691193458119,0.0,31.11269837220809,0,51.54045940472615,0.0,0.037384986877441406,4,0.7774452950812615,0.8572836518287659,0.04
fire_moderate,Moderate Fire,A*,92,20360621,1,56,75.05382386916239,0.847919626556657,0.0,0,410.9591279893589,0.0,2.0072999000549316,3,0.8587755626569659,0.8968852162361145,0.034
fire_moderate,Moderate Fire,PPO,92,20360621,0,11,15.556349186104049,0.0,48.08326112068523,0,-33.723539960857025,0.0,0.03414011001586914,3,0.8587755626569659,0.8968852162361145,0.034
fire_moderate,Moderate Fire,A*,93,20360622,1,52,70.22539674441617,0.9062193060781739,0.0,0,413.4939251368069,0.0,1.8594558238983154,4,0.8122026660493649,0.8670846223831177,0.0396
fire_moderate,Moderate Fire,PPO,93,20360622,0,22,31.112698372208097,0.0,32.526911934581186,1,37.44181546099864,0.41313230991363525,0.06827116012573242,4,0.8122026660493649,0.8670846223831177,0.0396
fire_moderate,Moderate Fire,A*,94,20360623,1,57,75.63961030678928,0.8413529637272219,0.0,0,413.78230043190655,0.0,1.8898649215698242,4,0.7743782856626303,0.8280559778213501,0.04
fire_moderate,Moderate Fire,PPO,94,20360623,0,20,28.284271247461906,0.0,35.35533905932738,0,21.846124884284194,0.0,0.054548025131225586,4,0.7743782856626303,0.8280559778213501,0.04
fire_moderate,Moderate Fire,A*,95,20360624,1,52,71.88225099390856,0.885331349906978,0.0,0,411.923369563131,0.0,1.8415720462799072,4,0.778332902720416,0.8399314880371094,0.0336
fire_moderate,Moderate Fire,PPO,95,20360624,0,16,22.627416997969522,0.0,41.012193308819754,0,-4.723512743333686,0.0,0.057702064514160156,4,0.778332902720416,0.8399314880371094,0.0336
fire_moderate,Moderate Fire,A*,96,20360625,1,57,73.15432893255071,0.8699363555841769,0.0,0,413.0769993911304,0.0,1.9700148105621338,4,0.7087052540874154,0.7473651766777039,0.0208
fire_moderate,Moderate Fire,PPO,96,20360625,0,9,12.727922061357857,0.0,50.91168824543142,0,-47.40165177544723,0.0,0.035420894622802734,4,0.7087052540874154,0.7473651766777039,0.0208
fire_moderate,Moderate Fire,A*,97,20360626,1,57,73.15432893255071,0.8699363555841769,0.0,0,410.6836406771996,0.0,1.9253888130187988,3,0.7557954312415536,0.7866546511650085,0.0284
fire_moderate,Moderate Fire,PPO,97,20360626,0,6,8.485281374238571,0.0,55.154328932550705,1,-79.39629413385211,0.3429473042488098,0.06691670417785645,3,0.7557954312415536,0.7866546511650085,0.0284
fire_moderate,Moderate Fire,A*,98,20360627,1,51,68.81118318204308,0.9248440059289175,0.0,0,413.775140245812,0.0,1.829038143157959,4,0.8032851433975297,0.8854984045028687,0.036
fire_moderate,Moderate Fire,PPO,98,20360627,0,21,29.698484809835,0.0,33.94112549695428,0,32.185232490934,0.0,0.054093122482299805,4,0.8032851433975297,0.8854984045028687,0.036
fire_moderate,Moderate Fire,A*,99,20360628,1,49,67.63961030678928,0.9408630537364508,0.0,0,411.34870293556236,0.0,1.8172810077667236,3,0.7087294062439303,0.7337437868118286,0.0156
fire_moderate,Moderate Fire,PPO,99,20360628,0,18,25.455844122715714,0.0,38.18376618407357,1,15.220189070816716,0.37395772337913513,0.030984163284301758,3,0.7087294062439303,0.7337437868118286,0.0156
fire_moderate,Moderate Fire,A*,100,20360629,1,80,104.85281374238573,0.6069423226270902,0.0,0,412.87060797979746,0.0,2.3688440322875977,4,0.7221324521752772,0.7954064607620239,0.0336
fire_moderate,Moderate Fire,PPO,100,20360629,0,21,29.698484809835,0.0,33.94112549695428,0,36.88572966523529,0.0,0.03942680358886719,4,0.7221324521752772,0.7954064607620239,0.0336
fire_moderate,Moderate Fire,A*,101,20360630,1,98,129.48023074035527,0.49150059389687695,0.0,0,418.730386623733,0.0,3.0845019817352295,4,0.82360087995864,0.898823082447052,0.04
fire_moderate,Moderate Fire,PPO,101,20360630,0,21,29.698484809835,0.0,33.94112549695428,0,37.582003727353225,0.0,0.039988040924072266,4,0.82360087995864,0.898823082447052,0.04
fire_moderate,Moderate Fire,A*,102,20360631,1,53,72.46803743153545,0.8781748831947206,0.0,0,412.59233619334753,0.0,1.9285712242126465,3,0.7667440069789597,0.8356194496154785,0.0284
fire_moderate,Moderate Fire,PPO,102,20360631,0,22,31.112698372208097,0.0,32.526911934581186,0,44.21809456589355,0.0,0.04123282432556152,3,0.7667440069789597,0.8356194496154785,0.0284
fire_moderate,Moderate Fire,A*,103,20360632,1,51,71.29646455628166,0.8926054146282663,0.0,0,413.16216192947246,0.0,1.888455867767334,3,0.8325274252672914,0.8562014698982239,0.0344
fire_moderate,Moderate Fire,PPO,103,20360632,0,18,25.455844122715714,0.0,38.18376618407357,0,7.126698246833868,0.0,0.05821633338928223,3,0.8325274252672914,0.8562014698982239,0.0344
fire_moderate,Moderate Fire,A*,104,20360633,1,55,71.98275605729688,0.8840952165840021,0.0,0,412.65001675676393,0.0,1.9110240936279297,3,0.7807528041016667,0.8726645112037659,0.028
fire_moderate,Moderate Fire,PPO,104,20360633,0,14,19.798989873223334,0.0,43.840620433565945,0,-18.29514361370002,0.0,0.06101822853088379,3,0.7807528041016667,0.8726645112037659,0.028
fire_moderate,Moderate Fire,A*,105,20360634,1,56,75.05382386916239,0.847919626556657,0.0,0,413.9511539900649,0.0,2.017808198928833,3,0.8192658530243291,0.8886213302612305,0.0348
fire_moderate,Moderate Fire,PPO,105,20360634,0,25,35.35533905932738,0.0,28.284271247461902,0,57.84079135365117,0.0,0.05939292907714844,3,0.8192658530243291,0.8886213302612305,0.0348
fire_moderate,Moderate Fire,A*,106,20360635,1,63,84.12489168102785,0.7564896552626589,0.0,0,414.29635009421753,0.0,2.124152183532715,4,0.7372544314999553,0.7839625477790833,0.0336
fire_moderate,Moderate Fire,PPO,106,20360635,0,20,28.284271247461906,0.0,35.35533905932738,0,29.95176815482145,0.0,0.03591775894165039,4,0.7372544314999553,0.7839625477790833,0.0336
fire_moderate,Moderate Fire,A*,107,20360636,1,54,72.22539674441617,0.8811251052312057,0.0,0,413.0814883249562,0.0,1.879776954650879,3,0.8062889123704685,0.89410001039505,0.0284
fire_moderate,Moderate Fire,PPO,107,20360636,0,15,21.21320343559643,0.0,42.42640687119285,0,-4.74382494745565,0.0,0.03437972068786621,3,0.8062889123704685,0.89410001039505,0.0284
fire_moderate,Moderate Fire,A*,108,20360637,1,59,77.63961030678928,0.8196796719525039,0.0,0,416.82401199441614,0.0,1.9361298084259033,3,0.798739047942249,0.8494472503662109,0.0272
fire_moderate,Moderate Fire,PPO,108,20360637,0,25,35.35533905932738,0.0,28.284271247461902,0,49.05744265637394,0.0,0.10321688652038574,3,0.798739047942249,0.8494472503662109,0.0272
fire_moderate,Moderate Fire,A*,109,20360638,1,50,68.22539674441619,0.9327847596869824,0.0,0,412.6677114003655,0.0,1.809950828552246,4,0.7457558725485074,0.8902903199195862,0.0316
fire_moderate,Moderate Fire,PPO,109,20360638,0,14,19.798989873223334,0.0,43.840620433565945,1,-18.93884967963686,0.36370760202407837,0.044017791748046875,4,0.7457558725485074,0.8902903199195862,0.0316
fire_moderate,Moderate Fire,A*,110,20360639,1,51,68.81118318204308,0.9248440059289175,0.0,0,412.6638302509051,0.0,1.8366050720214844,4,0.7759533118616676,0.8288462162017822,0.0396
fire_moderate,Moderate Fire,PPO,110,20360639,0,17,24.041630560342618,0.0,39.59797974644666,0,8.763491032992533,0.0,0.03608107566833496,4,0.7759533118616676,0.8288462162017822,0.0396
fire_moderate,Moderate Fire,A*,111,20360640,1,56,73.39696961966999,0.8670604608958434,0.0,0,412.80494752837217,0.0,1.908341884613037,3,0.7887735287593575,0.8665100932121277,0.0284
fire_moderate,Moderate Fire,PPO,111,20360640,0,14,19.798989873223334,0.0,43.840620433565945,0,-11.685763223990762,0.0,0.0343167781829834,3,0.7887735287593575,0.8665100932121277,0.0284
fire_moderate,Moderate Fire,A*,112,20360641,1,53,72.46803743153545,0.8781748831947206,0.0,0,410.6664406942818,0.0,1.8844101428985596,3,0.7912387484533941,0.8899948000907898,0.028
fire_moderate,Moderate Fire,PPO,112,20360641,0,19,26.87005768508881,0.0,36.76955262170047,0,22.68895902184687,0.0,0.03713512420654297,3,0.7912387484533941,0.8899948000907898,0.028
fire_moderate,Moderate Fire,A*,113,20360642,1,54,73.05382386916236,0.8711331855915755,0.0,0,410.3854218856611,0.0,1.8760409355163574,3,0.7876751605182625,0.8754909634590149,0.0284
fire_moderate,Moderate Fire,PPO,113,20360642,0,21,29.698484809835,0.0,33.94112549695428,0,29.740991894767234,0.0,0.05956912040710449,3,0.7876751605182625,0.8754909634590149,0.0284
fire_moderate,Moderate Fire,A*,114,20360643,1,61,82.95331880577403,0.7671737698137714,0.0,0,410.40842554993253,0.0,2.0924339294433594,4,0.7481282726982318,0.8203847408294678,0.0336
fire_moderate,Moderate Fire,PPO,114,20360643,0,14,19.798989873223334,0.0,43.840620433565945,0,-12.539488929810432,0.0,0.03672504425048828,4,0.7481282726982318,0.8203847408294678,0.0336
fire_moderate,Moderate Fire,A*,115,20360644,1,52,69.39696961966999,0.9170373094901131,0.0,0,413.49944412158953,0.0,1.862940788269043,3,0.7604337475225571,0.8639475703239441,0.022
fire_moderate,Moderate Fire,PPO,115,20360644,0,20,28.284271247461906,0.0,35.35533905932738,0,22.337073678010796,0.0,0.06888699531555176,3,0.7604337475225571,0.8639475703239441,0.022
fire_moderate,Moderate Fire,A*,116,20360645,1,53,73.29646455628165,0.8682493854519104,0.0,0,413.63878415987483,0.0,1.914397954940796,4,0.7145817039942077,0.7384259104728699,0.0176
fire_moderate,Moderate Fire,PPO,116,20360645,0,20,28.284271247461906,0.0,35.35533905932738,0,26.547969241173263,0.0,0.05834507942199707,4,0.7145817039942077,0.7384259104728699,0.0176
fire_moderate,Moderate Fire,A*,117,20360646,1,61,79.63961030678927,0.7990949486271408,0.0,0,413.0130796543417,0.0,1.9852051734924316,3,0.7739358209461926,0.8433765769004822,0.0284
fire_moderate,Moderate Fire,PPO,117,20360646,0,21,29.698484809835,0.0,33.94112549695428,0,31.61804606698601,0.0,0.06548905372619629,3,0.7739358209461926,0.8433765769004822,0.0284
fire_moderate,Moderate Fire,A*,118,20360647,1,54,71.39696961966997,0.8913488996213149,0.0,0,413.42104244886076,0.0,1.8620879650115967,4,0.7698063605270578,0.8637932538986206,0.04
fire_moderate,Moderate Fire,PPO,118,20360647,0,24,33.941125496954285,0.0,29.698484809834994,0,48.50396833046676,0.0,0.09252786636352539,4,0.7698063605270578,0.8637932538986206,0.04
fire_moderate,Moderate Fire,A*,119,20360648,1,53,74.12489168102785,0.8585457443990807,0.0,0,412.9166612995544,0.0,2.039616107940674,3,0.756002012478243,0.8326292037963867,0.0284
fire_moderate,Moderate Fire,PPO,119,20360648,0,17,24.041630560342618,0.0,39.59797974644666,0,8.856514207651344,0.0,0.03366708755493164,3,0.756002012478243,0.8326292037963867,0.0284
fire_moderate,Moderate Fire,A*,120,20360649,1,55,72.81118318204307,0.8740362060547354,0.0,2,409.17370733317375,0.7134302258491516,1.9540140628814697,3,0.838028584474794,0.8886452913284302,0.0348
fire_moderate,Moderate Fire,PPO,120,20360649,0,17,24.041630560342618,0.0,39.59797974644666,0,7.729008932188663,0.0,0.03705787658691406,3,0.838028584474794,0.8886452913284302,0.0348
fire_moderate,Moderate Fire,A*,121,20360650,1,61,82.12489168102783,0.774912563099198,0.0,0,411.29954137981895,0.0,2.0409719944000244,4,0.8419607860081859,0.8788620233535767,0.0464
fire_moderate,Moderate Fire,PPO,121,20360650,0,12,16.970562748477143,0.0,46.66904755831214,1,-26.722432900614677,0.43271246552467346,0.03226208686828613,4,0.8419607860081859,0.8788620233535767,0.0464
fire_moderate,Moderate Fire,A*,122,20360651,1,54,72.22539674441617,0.8811251052312057,0.0,0,412.76305390095257,0.0,1.9260599613189697,3,0.7479628481251986,0.7821894288063049,0.0284
fire_moderate,Moderate Fire,PPO,122,20360651,0,19,26.87005768508881,0.0,36.76955262170047,0,20.634315230813684,0.0,0.06071209907531738,3,0.7479628481251986,0.7821894288063049,0.0284
fire_moderate,Moderate Fire,A*,123,20360652,1,56,73.39696961966999,0.8670604608958434,0.0,0,413.5075236171157,0.0,1.8594839572906494,4,0.695497845553723,0.8110025525093079,0.0272
fire_moderate,Moderate Fire,PPO,123,20360652,0,18,25.455844122715714,0.0,38.18376618407357,0,16.209421596067543,0.0,0.0286409854888916,4,0.695497845553723,0.8110025525093079,0.0272
fire_moderate,Moderate Fire,A*,124,20360653,1,56,74.22539674441619,0.8573832286262147,0.0,0,411.2366281485243,0.0,1.875065803527832,4,0.7315651047129423,0.8267821073532104,0.0272
fire_moderate,Moderate Fire,PPO,124,20360653,0,20,28.284271247461906,0.0,35.35533905932738,0,30.14293610638296,0.0,0.032379150390625,4,0.7315651047129423,0.8267821073532104,0.0272
fire_moderate,Moderate Fire,A*,125,20360654,1,51,67.9827560572969,0.9361140088694382,0.0,0,412.35687701340163,0.0,1.85015869140625,4,0.7933973621687574,0.8642698526382446,0.0396
fire_moderate,Moderate Fire,PPO,125,20360654,0,24,33.941125496954285,0.0,29.698484809834994,0,56.89421375210901,0.0,0.041693925857543945,4,0.7933973621687574,0.8642698526382446,0.0396
fire_moderate,Moderate Fire,A*,126,20360655,1,69,89.29646455628165,0.7126778268660189,0.0,0,410.14745382639074,0.0,2.233367919921875,4,0.7415956985312118,0.8464152812957764,0.0336
fire_moderate,Moderate Fire,PPO,126,20360655,0,12,16.970562748477143,0.0,46.66904755831214,0,-27.482832796276654,0.0,0.032243967056274414,4,0.7415956985312118,0.8464152812957764,0.0336
fire_moderate,Moderate Fire,A*,127,20360656,1,54,73.88225099390854,0.8613653408047387,0.0,0,412.44581734733674,0.0,2.053541898727417,4,0.7527946256581545,0.832672119140625,0.0272
fire_moderate,Moderate Fire,PPO,127,20360656,0,27,38.18376618407356,0.0,25.45584412271571,2,63.201512040444314,1.2302284240722656,0.10048103332519531,4,0.7527946256581545,0.832672119140625,0.0272
fire_moderate,Moderate Fire,A*,128,20360657,1,66,89.19595949289334,0.7134808647006006,0.0,0,412.74426325321235,0.0,2.1781108379364014,4,0.7920520098151702,0.8417798280715942,0.0336
fire_moderate,Moderate Fire,PPO,128,20360657,0,12,16.970562748477143,0.0,46.66904755831214,0,-26.180270909094162,0.0,0.03563213348388672,4,0.7920520098151702,0.8417798280715942,0.0336
fire_moderate,Moderate Fire,A*,129,20360658,1,55,72.81118318204307,0.8740362060547354,0.0,0,412.15741802423,0.0,1.9176850318908691,4,0.7540817387384936,0.8833362460136414,0.0336
fire_moderate,Moderate Fire,PPO,129,20360658,0,14,19.798989873223334,0.0,43.840620433565945,0,-21.226874125130735,0.0,0.050720930099487305,4,0.7540817387384936,0.8833362460136414,0.0336
fire_moderate,Moderate Fire,A*,130,20360659,1,56,75.05382386916239,0.847919626556657,0.0,0,412.0186062806961,0.0,2.1547610759735107,4,0.8092932627392586,0.893959641456604,0.0396
fire_moderate,Moderate Fire,PPO,130,20360659,0,12,16.970562748477143,0.0,46.66904755831214,0,-26.460193539360063,0.0,0.03233981132507324,4,0.8092932627392586,0.893959641456604,0.0396
fire_moderate,Moderate Fire,A*,131,20360660,0,90,114.85281374238572,0.0,1.4142135623730951,0,207.74757988555012,0.0,2.2453441619873047,3,0.8345066555109844,0.8792769312858582,0.0344
fire_moderate,Moderate Fire,PPO,131,20360660,0,23,32.52691193458119,0.0,31.11269837220809,0,51.58587593352949,0.0,0.04047274589538574,3,0.8345066555109844,0.8792769312858582,0.0344
fire_moderate,Moderate Fire,A*,132,20360661,1,54,73.05382386916236,0.8711331855915755,0.0,0,412.87880952263566,0.0,1.9307310581207275,4,0.7441345192201743,0.8675894141197205,0.032
fire_moderate,Moderate Fire,PPO,132,20360661,0,16,22.627416997969522,0.0,41.012193308819754,0,-6.0229435681285395,0.0,0.05537295341491699,4,0.7441345192201743,0.8675894141197205,0.032
fire_moderate,Moderate Fire,A*,133,20360662,1,60,79.88225099390856,0.7966677142290611,0.0,0,408.1985495764635,0.0,1.9929070472717285,4,0.7348790471740143,0.830633819103241,0.0268
fire_moderate,Moderate Fire,PPO,133,20360662,0,21,29.698484809835,0.0,33.94112549695428,0,35.55765094669218,0.0,0.03927898406982422,4,0.7348790471740143,0.830633819103241,0.0268
fire_moderate,Moderate Fire,A*,134,20360663,1,61,77.9827560572969,0.8160728541067571,0.0,1,412.07481660405057,0.3807414472103119,1.9342641830444336,4,0.7972795347169688,0.8702661395072937,0.04
fire_moderate,Moderate Fire,PPO,134,20360663,0,12,16.970562748477143,0.0,46.66904755831214,1,-48.20666183031542,0.3875053822994232,0.09958481788635254,4,0.7972795347169688,0.8702661395072937,0.04
fire_moderate,Moderate Fire,A*,135,20360664,1,64,83.05382386916239,0.7662453977681148,0.0,0,412.8697068204868,0.0,2.012861967086792,3,0.7527772071770439,0.8249160647392273,0.0284
fire_moderate,Moderate Fire,PPO,135,20360664,0,13,18.38477631085024,0.0,45.254833995939045,0,-21.501276413168398,0.0,0.029933929443359375,3,0.7527772071770439,0.8249160647392273,0.0284
fire_moderate,Moderate Fire,A*,136,20360665,1,50,68.22539674441617,0.9327847596869825,0.0,0,413.27673391319854,0.0,1.8337469100952148,3,0.777085964517762,0.8338319659233093,0.0244
fire_moderate,Moderate Fire,PPO,136,20360665,0,16,22.627416997969522,0.0,41.012193308819754,0,-7.274588557378138,0.0,0.048484086990356445,3,0.777085964517762,0.8338319659233093,0.0244
fire_moderate,Moderate Fire,A*,137,20360666,1,52,70.22539674441617,0.9062193060781739,0.0,0,411.8293339445299,0.0,1.8443799018859863,3,0.7969435151926779,0.8700256943702698,0.0284
fire_moderate,Moderate Fire,PPO,137,20360666,0,17,24.041630560342618,0.0,39.59797974644666,0,8.678779197913173,0.0,0.036138057708740234,3,0.7969435151926779,0.8700256943702698,0.0284
fire_moderate,Moderate Fire,A*,138,20360667,1,57,73.9827560572969,0.8601951819354062,0.0,0,413.6781063520227,0.0,1.8947529792785645,3,0.7916053276440996,0.8588219881057739,0.0284
fire_moderate,Moderate Fire,PPO,138,20360667,0,24,33.941125496954285,0.0,29.698484809834994,0,53.755287968605955,0.0,0.06148695945739746,3,0.7916053276440996,0.8588219881057739,0.0284
fire_moderate,Moderate Fire,A*,139,20360668,1,54,73.05382386916236,0.8711331855915755,0.0,0,411.2343982383775,0.0,1.8790020942687988,3,0.7162083058392253,0.7963051199913025,0.0204
fire_moderate,Moderate Fire,PPO,139,20360668,0,20,28.284271247461906,0.0,35.35533905932738,0,22.7721496355135,0.0,0.0891561508178711,3,0.7162083058392253,0.7963051199913025,0.0204
fire_moderate,Moderate Fire,A*,140,20360669,1,59,77.63961030678927,0.8196796719525041,0.0,0,411.1671368689612,0.0,1.9423291683197021,4,0.7656197382230288,0.860134482383728,0.0336
fire_moderate,Moderate Fire,PPO,140,20360669,0,15,21.21320343559643,0.0,42.42640687119285,0,-5.399985438654184,0.0,0.03493022918701172,4,0.7656197382230288,0.860134482383728,0.0336
fire_moderate,Moderate Fire,A*,141,20360670,1,54,73.88225099390854,0.8613653408047387,0.0,0,413.27262492220314,0.0,1.9054172039031982,3,0.814121394390059,0.8962106704711914,0.0284
fire_moderate,Moderate Fire,PPO,141,20360670,0,21,29.698484809835,0.0,33.94112549695428,0,28.265179977398333,0.0,0.06665802001953125,3,0.814121394390059,0.8962106704711914,0.0284
fire_moderate,Moderate Fire,A*,142,20360671,1,49,66.8111831820431,0.9525293113487886,0.0,0,413.67568052515236,0.0,1.8590457439422607,4,0.7545882347467324,0.8960493206977844,0.0304
fire_moderate,Moderate Fire,PPO,142,20360671,0,27,38.18376618407356,0.0,25.45584412271571,2,65.38728144536516,0.868647962808609,0.06588482856750488,4,0.7545882347467324,0.8960493206977844,0.0304
fire_moderate,Moderate Fire,A*,143,20360672,1,52,69.39696961966999,0.9170373094901131,0.0,0,412.94485163126654,0.0,1.8549258708953857,4,0.8175260525520487,0.8858373761177063,0.0464
fire_moderate,Moderate Fire,PPO,143,20360672,0,14,19.798989873223334,0.0,43.840620433565945,0,-12.540735053887602,0.0,0.03668379783630371,4,0.8175260525520487,0.8858373761177063,0.0464
fire_moderate,Moderate Fire,A*,144,20360673,1,52,70.22539674441617,0.9062193060781739,0.0,0,413.38759532965986,0.0,2.02254581451416,3,0.7303167352804235,0.7489206194877625,0.0156
fire_moderate,Moderate Fire,PPO,144,20360673,0,16,22.627416997969522,0.0,41.012193308819754,0,-5.596810957543767,0.0,0.05570697784423828,3,0.7303167352804235,0.7489206194877625,0.0156
fire_moderate,Moderate Fire,A*,145,20360674,1,52,70.22539674441617,0.9062193060781739,0.0,0,412.58615730558483,0.0,1.9262778759002686,3,0.7519949232744497,0.8403265476226807,0.0216
fire_moderate,Moderate Fire,PPO,145,20360674,0,14,19.798989873223334,0.0,43.840620433565945,0,-21.397429958065004,0.0,0.06200289726257324,3,0.7519949232744497,0.8403265476226807,0.0216
fire_moderate,Moderate Fire,A*,146,20360675,1,55,74.46803743153545,0.8545895998037866,0.0,0,412.5892505895427,0.0,1.947749137878418,3,0.7559305544643006,0.7989184260368347,0.0284
fire_moderate,Moderate Fire,PPO,146,20360675,0,17,24.041630560342618,0.0,39.59797974644666,1,-2.6465169605730807,0.5991888642311096,0.08010005950927734,3,0.7559305544643006,0.7989184260368347,0.0284
fire_moderate,Moderate Fire,A*,147,20360676,1,61,79.63961030678927,0.7990949486271408,0.0,0,411.2850164869898,0.0,2.004235029220581,3,0.8311947073899516,0.8675678372383118,0.03
fire_moderate,Moderate Fire,PPO,147,20360676,0,14,19.798989873223334,0.0,43.840620433565945,0,-12.503025579324003,0.0,0.035160064697265625,3,0.8311947073899516,0.8675678372383118,0.03
fire_moderate,Moderate Fire,A*,148,20360677,1,49,66.81118318204308,0.9525293113487888,0.0,0,413.3019811224579,0.0,2.03631591796875,3,0.7499278353568588,0.8370779156684875,0.022
fire_moderate,Moderate Fire,PPO,148,20360677,0,18,25.455844122715714,0.0,38.18376618407357,1,9.693127310228803,0.41311144828796387,0.04423785209655762,3,0.7499278353568588,0.8370779156684875,0.022
fire_moderate,Moderate Fire,A*,149,20360678,1,53,73.29646455628165,0.8682493854519104,0.0,0,411.00653651455275,0.0,1.9243500232696533,3,0.7813492190325774,0.8637867569923401,0.0284
fire_moderate,Moderate Fire,PPO,149,20360678,0,5,7.0710678118654755,0.0,56.568542494923804,0,-77.20128036619136,0.0,0.016992807388305664,3,0.7813492190325774,0.8637867569923401,0.0284
fire_moderate,Moderate Fire,A*,150,20360679,1,57,77.29646455628166,0.8233185136229814,0.0,0,413.1497063023074,0.0,2.0264029502868652,4,0.7691878214895587,0.8935788869857788,0.0336
fire_moderate,Moderate Fire,PPO,150,20360679,0,20,28.284271247461906,0.0,35.35533905932738,0,25.069001589516432,0.0,0.06589388847351074,4,0.7691878214895587,0.8935788869857788,0.0336
fire_moderate,Moderate Fire,A*,151,20360680,1,68,88.71067811865476,0.7173838782031209,0.0,0,412.753947883449,0.0,2.1447980403900146,4,0.7760170442051745,0.8276717066764832,0.04
fire_moderate,Moderate Fire,PPO,151,20360680,0,19,26.87005768508881,0.0,36.76955262170047,0,18.09231358133053,0.0,0.0432431697845459,4,0.7760170442051745,0.8276717066764832,0.04
fire_moderate,Moderate Fire,A*,152,20360681,1,51,70.46803743153546,0.903098945654894,0.0,0,410.1074004474402,0.0,1.8795561790466309,3,0.7101209670732107,0.729098379611969,0.0156
fire_moderate,Moderate Fire,PPO,152,20360681,0,23,32.52691193458119,0.0,31.11269837220809,1,41.93209726541981,0.4019436836242676,0.05689597129821777,3,0.7101209670732107,0.729098379611969,0.0156
fire_moderate,Moderate Fire,A*,153,20360682,1,54,72.22539674441617,0.8811251052312057,0.0,0,412.29794995775336,0.0,1.919579267501831,3,0.7991872845781849,0.868252694606781,0.0348
fire_moderate,Moderate Fire,PPO,153,20360682,0,20,28.284271247461906,0.0,35.35533905932738,1,30.231754584780987,0.4341263473033905,0.041136980056762695,3,0.7991872845781849,0.868252694606781,0.0348
fire_moderate,Moderate Fire,A*,154,20360683,1,65,83.63961030678928,0.7608788476340314,0.0,0,413.1427525222081,0.0,2.098022222518921,4,0.7266737484532515,0.7933898568153381,0.0272
fire_moderate,Moderate Fire,PPO,154,20360683,0,3,4.242640687119286,0.0,59.39696961966999,0,-88.80532755832922,0.0,0.026168107986450195,4,0.7266737484532515,0.7933898568153381,0.0272
fire_moderate,Moderate Fire,A*,155,20360684,1,54,73.88225099390854,0.8613653408047387,0.0,0,411.3754498865696,0.0,1.8863389492034912,4,0.8004853998106025,0.8703265190124512,0.04
fire_moderate,Moderate Fire,PPO,155,20360684,0,15,21.21320343559643,0.0,42.42640687119285,0,-7.301057475361958,0.0,0.05469512939453125,4,0.8004853998106025,0.8703265190124512,0.04
fire_moderate,Moderate Fire,A*,156,20360685,1,53,71.63961030678927,0.8883299341559675,0.0,0,411.8143465858122,0.0,1.8919990062713623,3,0.8208704806637872,0.8986281752586365,0.0284
fire_moderate,Moderate Fire,PPO,156,20360685,0,12,16.970562748477143,0.0,46.66904755831214,0,-27.1075568139768,0.0,0.040196895599365234,3,0.8208704806637872,0.8986281752586365,0.0284
fire_moderate,Moderate Fire,A*,157,20360686,1,49,67.63961030678928,0.9408630537364508,0.0,0,412.7455564881133,0.0,1.8470690250396729,4,0.8159212844541177,0.8591101765632629,0.036
fire_moderate,Moderate Fire,PPO,157,20360686,0,22,31.112698372208097,0.0,32.526911934581186,1,37.104119648657814,0.6443326473236084,0.05663585662841797,4,0.8159212844541177,0.8591101765632629,0.036
fire_moderate,Moderate Fire,A*,158,20360687,1,57,73.9827560572969,0.8601951819354062,0.0,0,410.51815356326296,0.0,1.9198510646820068,4,0.7796432689911171,0.8681163787841797,0.04
fire_moderate,Moderate Fire,PPO,158,20360687,0,17,24.041630560342618,0.0,39.59797974644666,0,8.711310370350475,0.0,0.029258251190185547,4,0.7796432689911171,0.8681163787841797,0.04
fire_moderate,Moderate Fire,A*,159,20360688,1,54,73.88225099390854,0.8613653408047387,0.0,0,412.9987918308619,0.0,1.9025421142578125,4,0.6900243395775397,0.7266554832458496,0.0208
fire_moderate,Moderate Fire,PPO,159,20360688,0,20,28.284271247461906,0.0,35.35533905932738,1,13.84547097416052,0.5293853878974915,0.09436297416687012,4,0.6900243395775397,0.7266554832458496,0.0208
fire_moderate,Moderate Fire,A*,160,20360689,1,53,70.81118318204308,0.8987225950339376,0.0,0,413.2753436818619,0.0,2.0983800888061523,3,0.8696128995936944,0.8850943446159363,0.0348
fire_moderate,Moderate Fire,PPO,160,20360689,0,22,31.112698372208097,0.0,32.526911934581186,0,44.55844166733979,0.0,0.039617061614990234,3,0.8696128995936944,0.8850943446159363,0.0348
fire_moderate,Moderate Fire,A*,161,20360690,1,56,75.88225099390857,0.8386626579105823,0.0,0,412.0056571481889,0.0,2.0085549354553223,4,0.7512724117235414,0.8211319446563721,0.0272
fire_moderate,Moderate Fire,PPO,161,20360690,0,26,36.76955262170047,0.0,26.870057685088806,0,72.22444246693347,0.0,0.02690911293029785,4,0.7512724117235414,0.8211319446563721,0.0272
fire_moderate,Moderate Fire,A*,162,20360691,1,53,72.46803743153546,0.8781748831947204,0.0,0,410.975122676576,0.0,1.8614568710327148,3,0.7737137652979085,0.8450549840927124,0.0284
fire_moderate,Moderate Fire,PPO,162,20360691,0,3,4.242640687119286,0.0,59.39696961966999,0,-89.16441302052539,0.0,0.0157167911529541,3,0.7737137652979085,0.8450549840927124,0.0284
fire_moderate,Moderate Fire,A*,163,20360692,1,53,71.63961030678927,0.8883299341559675,0.0,0,413.96316105860996,0.0,1.8695402145385742,4,0.7731431929154281,0.874621570110321,0.04
fire_moderate,Moderate Fire,PPO,163,20360692,0,23,32.52691193458119,0.0,31.11269837220809,0,51.291610956546535,0.0,0.040518999099731445,4,0.7731431929154281,0.874621570110321,0.04
fire_moderate,Moderate Fire,A*,164,20360693,1,65,86.95331880577405,0.7318824764922413,0.0,0,411.953835346004,0.0,2.1652588844299316,3,0.8232816273200614,0.8982175588607788,0.0348
fire_moderate,Moderate Fire,PPO,164,20360693,0,4,5.656854249492381,0.0,57.982756057296896,0,-82.49514831253168,0.0,0.02082681655883789,3,0.8232816273200614,0.8982175588607788,0.0348
fire_moderate,Moderate Fire,A*,165,20360694,1,59,77.63961030678927,0.8196796719525041,0.0,0,413.96320948187434,0.0,1.9644830226898193,4,0.7496521451503213,0.8276499509811401,0.0336
fire_moderate,Moderate Fire,PPO,165,20360694,0,16,22.627416997969522,0.0,41.012193308819754,0,-5.883817467950848,0.0,0.06205582618713379,4,0.7496521451503213,0.8276499509811401,0.0336
fire_moderate,Moderate Fire,A*,166,20360695,1,55,72.81118318204307,0.8740362060547354,0.0,0,414.006674258554,0.0,1.9237370491027832,3,0.7685953438764758,0.8482497930526733,0.0284
fire_moderate,Moderate Fire,PPO,166,20360695,0,22,31.112698372208097,0.0,32.526911934581186,0,44.62960103667339,0.0,0.03625011444091797,3,0.7685953438764758,0.8482497930526733,0.0284
fire_moderate,Moderate Fire,A*,167,20360696,1,52,71.05382386916237,0.8956535600951536,0.0,0,412.8345814954932,0.0,1.853909969329834,4,0.8248319661019935,0.8855714797973633,0.0376
fire_moderate,Moderate Fire,PPO,167,20360696,0,17,24.041630560342618,0.0,39.59797974644666,0,-0.033110785263033904,0.0,0.05318808555603027,4,0.8248319661019935,0.8855714797973633,0.0376
fire_moderate,Moderate Fire,A*,168,20360697,1,58,77.88225099390856,0.8171259753620469,0.0,0,410.37384636496,0.0,1.9503788948059082,4,0.745314393647227,0.83806312084198,0.0272
fire_moderate,Moderate Fire,PPO,168,20360697,0,7,9.899494936611667,0.0,53.74011537017761,0,-61.46415346484546,0.0,0.02521991729736328,4,0.745314393647227,0.83806312084198,0.0272
fire_moderate,Moderate Fire,A*,169,20360698,1,52,70.22539674441617,0.9062193060781739,0.0,0,412.54040384114245,0.0,1.9148669242858887,4,0.750424980725593,0.788397490978241,0.0336
fire_moderate,Moderate Fire,PPO,169,20360698,0,25,35.35533905932738,0.0,28.284271247461902,0,57.61870919927331,0.0,0.06968092918395996,4,0.750424980725593,0.788397490978241,0.0336
fire_moderate,Moderate Fire,A*,170,20360699,1,51,70.46803743153546,0.903098945654894,0.0,0,412.5164009814925,0.0,1.8522517681121826,4,0.8301176367366897,0.8959586024284363,0.0396
fire_moderate,Moderate Fire,PPO,170,20360699,0,15,21.21320343559643,0.0,42.42640687119285,1,-10.446888709465256,0.44370192289352417,0.054486751556396484,4,0.8301176367366897,0.8959586024284363,0.0396
fire_moderate,Moderate Fire,A*,171,20360700,1,50,68.22539674441619,0.9327847596869824,0.0,0,412.0906597571158,0.0,1.8253581523895264,3,0.7865751340738371,0.8164724707603455,0.0348
fire_moderate,Moderate Fire,PPO,171,20360700,0,13,18.38477631085024,0.0,45.254833995939045,0,-18.969101768133896,0.0,0.025935888290405273,3,0.7865751340738371,0.8164724707603455,0.0348
fire_moderate,Moderate Fire,A*,172,20360701,1,49,66.81118318204308,0.9525293113487888,0.0,0,413.1152241284463,0.0,1.7839539051055908,3,0.7851381763196003,0.8388863801956177,0.0284
fire_moderate,Moderate Fire,PPO,172,20360701,0,13,18.38477631085024,0.0,45.254833995939045,0,-18.892609640192404,0.0,0.025750160217285156,3,0.7851381763196003,0.8388863801956177,0.0284
fire_moderate,Moderate Fire,A*,173,20360702,1,53,69.1543289325507,0.920254903620854,0.0,0,412.18423466022296,0.0,1.8151731491088867,4,0.8052406611959023,0.8734299540519714,0.04
fire_moderate,Moderate Fire,PPO,173,20360702,0,20,28.284271247461906,0.0,35.35533905932738,0,27.92274824193518,0.0,0.034230947494506836,4,0.8052406611959023,0.8734299540519714,0.04
fire_moderate,Moderate Fire,A*,174,20360703,1,58,76.22539674441619,0.8348872295171246,0.0,0,411.17935245817995,0.0,1.9484009742736816,3,0.6728719579717016,0.7062511444091797,0.0156
fire_moderate,Moderate Fire,PPO,174,20360703,0,23,32.52691193458119,0.0,31.11269837220809,0,42.18329144547015,0.0,0.07111620903015137,3,0.6728719579717016,0.7062511444091797,0.0156
fire_moderate,Moderate Fire,A*,175,20360704,1,55,73.63961030678927,0.8642035182106602,0.0,0,410.4148295985758,0.0,1.8521971702575684,3,0.7625359767162415,0.8500412702560425,0.0284
fire_moderate,Moderate Fire,PPO,175,20360704,0,18,25.455844122715714,0.0,38.18376618407357,0,10.678504927550122,0.0,0.05711817741394043,3,0.7625359767162415,0.8500412702560425,0.0284
fire_moderate,Moderate Fire,A*,176,20360705,1,53,72.46803743153545,0.8781748831947206,0.0,0,413.0939290555412,0.0,1.883810043334961,3,0.769378949139186,0.8638585805892944,0.0284
fire_moderate,Moderate Fire,PPO,176,20360705,0,21,29.698484809835,0.0,33.94112549695428,0,37.54207005933117,0.0,0.04075121879577637,3,0.769378949139186,0.8638585805892944,0.0284
fire_moderate,Moderate Fire,A*,177,20360706,1,59,74.32590180780451,0.8562238568103976,0.0,0,413.26643903304756,0.0,1.9011967182159424,4,0.6967342219739643,0.7074424624443054,0.0208
fire_moderate,Moderate Fire,PPO,177,20360706,0,14,19.798989873223334,0.0,43.840620433565945,0,-20.243473631387587,0.0,0.04588580131530762,4,0.6967342219739643,0.7074424624443054,0.0208
fire_moderate,Moderate Fire,A*,178,20360707,1,54,74.71067811865474,0.8518141169287408,0.0,0,412.0947978209061,0.0,1.939056158065796,3,0.7476986771405439,0.847174882888794,0.022
fire_moderate,Moderate Fire,PPO,178,20360707,0,23,32.52691193458119,0.0,31.11269837220809,0,51.26072950097141,0.0,0.04775810241699219,3,0.7476986771405439,0.847174882888794,0.022
fire_moderate,Moderate Fire,A*,179,20360708,1,73,96.61017305526643,0.6587257665958621,0.0,0,406.7755181352615,0.0,2.2246367931365967,3,0.7392426600617398,0.8278546333312988,0.022
fire_moderate,Moderate Fire,PPO,179,20360708,0,4,5.656854249492381,0.0,57.982756057296896,0,-81.66306659972793,0.0,0.003198862075805664,3,0.7392426600617398,0.8278546333312988,0.022
fire_moderate,Moderate Fire,A*,180,20360709,1,52,68.56854249492379,0.9281167134550161,0.0,0,411.62860406892463,0.0,1.9452917575836182,3,0.8323292539129149,0.8635362982749939,0.0344
fire_moderate,Moderate Fire,PPO,180,20360709,0,20,28.284271247461906,0.0,35.35533905932738,1,22.290180083907302,0.647652268409729,0.04960322380065918,3,0.8323292539129149,0.8635362982749939,0.0344
fire_moderate,Moderate Fire,A*,181,20360710,1,56,73.39696961966999,0.8670604608958434,0.0,0,409.7023333893468,0.0,1.8965818881988525,4,0.7820711524785546,0.8307181596755981,0.04
fire_moderate,Moderate Fire,PPO,181,20360710,0,9,12.727922061357857,0.0,50.91168824543142,0,-47.36852314691814,0.0,0.03220105171203613,4,0.7820711524785546,0.8307181596755981,0.04
fire_moderate,Moderate Fire,A*,182,20360711,1,53,70.81118318204307,0.8987225950339378,0.0,0,413.5959726059626,0.0,1.855668067932129,4,0.7929113038556252,0.8758944869041443,0.04
fire_moderate,Moderate Fire,PPO,182,20360711,0,20,28.284271247461906,0.0,35.35533905932738,0,29.96072992125582,0.0,0.03711581230163574,4,0.7929113038556252,0.8758944869041443,0.04
fire_moderate,Moderate Fire,A*,183,20360712,1,53,69.98275605729688,0.9093613040144591,0.0,0,413.29603837483506,0.0,1.859727144241333,3,0.8127627950059052,0.8516883850097656,0.0284
fire_moderate,Moderate Fire,PPO,183,20360712,0,19,26.87005768508881,0.0,36.76955262170047,0,15.169622088137714,0.0,0.0651099681854248,3,0.8127627950059052,0.8516883850097656,0.0284
fire_moderate,Moderate Fire,A*,184,20360713,1,62,79.39696961966999,0.8015370184987899,0.0,0,415.49054772635066,0.0,1.9248921871185303,4,0.7856449800894696,0.874355673789978,0.04
fire_moderate,Moderate Fire,PPO,184,20360713,0,18,25.455844122715714,0.0,38.18376618407357,0,14.889632164890529,0.0,0.03702402114868164,4,0.7856449800894696,0.874355673789978,0.04
fire_moderate,Moderate Fire,A*,185,20360714,1,54,72.22539674441617,0.8811251052312057,0.0,0,413.1133789650963,0.0,1.8891758918762207,3,0.7628048468217665,0.8751955628395081,0.0176
fire_moderate,Moderate Fire,PPO,185,20360714,0,17,24.041630560342618,0.0,39.59797974644666,2,-14.401379614988855,1.4221928119659424,0.12334012985229492,3,0.7628048468217665,0.8751955628395081,0.0176
fire_moderate,Moderate Fire,A*,186,20360715,1,56,74.22539674441619,0.8573832286262147,0.0,0,410.35872896995875,0.0,1.9399380683898926,3,0.7968742106556891,0.8747074604034424,0.0284
fire_moderate,Moderate Fire,PPO,186,20360715,0,18,25.455844122715714,0.0,38.18376618407357,0,14.399731166472222,0.0,0.04018688201904297,3,0.7968742106556891,0.8747074604034424,0.0284
fire_moderate,Moderate Fire,A*,187,20360716,1,51,69.63961030678927,0.9138421370601059,0.0,0,411.4957706822192,0.0,1.8429198265075684,4,0.7461738019520872,0.8576884269714355,0.0336
fire_moderate,Moderate Fire,PPO,187,20360716,0,21,29.698484809835,0.0,33.94112549695428,0,36.92395617317365,0.0,0.03937673568725586,4,0.7461738019520872,0.8576884269714355,0.0336
fire_moderate,Moderate Fire,A*,188,20360717,1,54,72.22539674441617,0.8811251052312057,0.0,0,413.0724385423106,0.0,1.8698370456695557,4,0.8108716274341996,0.8781957626342773,0.04
fire_moderate,Moderate Fire,PPO,188,20360717,0,16,22.627416997969522,0.0,41.012193308819754,0,-5.053488429012759,0.0,0.06345605850219727,4,0.8108716274341996,0.8781957626342773,0.04
fire_moderate,Moderate Fire,A*,189,20360718,1,64,86.36753236814715,0.7368464579434938,0.0,0,411.2901955735493,0.0,2.071099042892456,3,0.7490209768698263,0.8233765363693237,0.0284
fire_moderate,Moderate Fire,PPO,189,20360718,0,24,33.941125496954285,0.0,29.698484809834994,0,59.06684023256918,0.0,0.03435087203979492,3,0.7490209768698263,0.8233765363693237,0.0284
fire_moderate,Moderate Fire,A*,190,20360719,1,53,71.63961030678927,0.8883299341559675,0.0,0,413.73069403988063,0.0,2.07324481010437,4,0.779955888233059,0.8019732236862183,0.04
fire_moderate,Moderate Fire,PPO,190,20360719,0,23,32.52691193458119,0.0,31.11269837220809,0,45.44557119624942,0.0,0.07111287117004395,4,0.779955888233059,0.8019732236862183,0.04
fire_moderate,Moderate Fire,A*,191,20360720,1,49,67.63961030678928,0.9408630537364508,0.0,0,412.25641264305364,0.0,1.8547461032867432,4,0.7769100625228432,0.8328661918640137,0.0396
fire_moderate,Moderate Fire,PPO,191,20360720,0,22,31.112698372208097,0.0,32.526911934581186,0,43.05016570304244,0.0,0.034069061279296875,4,0.7769100625228432,0.8328661918640137,0.0396
fire_moderate,Moderate Fire,A*,192,20360721,1,59,77.63961030678927,0.8196796719525041,0.0,0,411.4658955788027,0.0,2.041456937789917,3,0.6981338277826256,0.7469047904014587,0.0156
fire_moderate,Moderate Fire,PPO,192,20360721,0,14,19.798989873223334,0.0,43.840620433565945,1,-29.52774606373623,0.37291646003723145,0.07754015922546387,3,0.6981338277826256,0.7469047904014587,0.0156
fire_moderate,Moderate Fire,A*,193,20360722,1,50,67.39696961966999,0.944250322617115,0.0,0,411.4122123076347,0.0,1.927873134613037,3,0.8053063354749375,0.8861934542655945,0.0284
fire_moderate,Moderate Fire,PPO,193,20360722,0,8,11.313708498984761,0.0,52.32590180780452,0,-55.19374997644419,0.0,0.018374919891357422,3,0.8053063354749375,0.8861934542655945,0.0284
fire_moderate,Moderate Fire,A*,194,20360723,1,56,73.39696961966999,0.8670604608958434,0.0,0,411.00397784062994,0.0,1.8879520893096924,3,0.8501823756457059,0.8934974074363708,0.0348
fire_moderate,Moderate Fire,PPO,194,20360723,0,1,1.4142135623730951,0.0,62.22539674441618,1,-102.22344622961128,0.3892735540866852,0.025165081024169922,3,0.8501823756457059,0.8934974074363708,0.0348
fire_moderate,Moderate Fire,A*,195,20360724,1,55,75.29646455628163,0.8451872299956495,0.0,0,413.1193353935379,0.0,1.9437789916992188,3,0.8100376935599239,0.8652377128601074,0.0284
fire_moderate,Moderate Fire,PPO,195,20360724,0,22,31.112698372208097,0.0,32.526911934581186,0,44.14726872717094,0.0,0.039674997329711914,3,0.8100376935599239,0.8652377128601074,0.0284
fire_moderate,Moderate Fire,A*,196,20360725,1,56,75.88225099390857,0.8386626579105823,0.0,0,411.81072776153485,0.0,1.9643869400024414,3,0.6877344278848062,0.7007046341896057,0.0156
fire_moderate,Moderate Fire,PPO,196,20360725,0,16,22.627416997969522,0.0,41.012193308819754,0,1.8494041840644968,0.0,0.03603005409240723,3,0.6877344278848062,0.7007046341896057,0.0156
fire_moderate,Moderate Fire,A*,197,20360726,1,66,84.22539674441617,0.75558694605981,0.0,0,412.4813820647595,0.0,2.1355597972869873,4,0.821330448491818,0.887342095375061,0.04
fire_moderate,Moderate Fire,PPO,197,20360726,0,7,9.899494936611667,0.0,53.74011537017761,0,-68.71220111098054,0.0,0.04642510414123535,4,0.821330448491818,0.887342095375061,0.04
fire_moderate,Moderate Fire,A*,198,20360727,1,58,79.53910524340094,0.800104679478642,0.0,0,411.77964983054324,0.0,2.0125112533569336,4,0.8491797273800273,0.8940003514289856,0.0456
fire_moderate,Moderate Fire,PPO,198,20360727,0,21,29.698484809835,0.0,33.94112549695428,0,28.91325180116914,0.0,0.03965616226196289,4,0.8491797273800273,0.8940003514289856,0.0456
fire_moderate,Moderate Fire,A*,199,20360728,1,51,68.81118318204308,0.9248440059289175,0.0,0,412.95271619745887,0.0,1.8297510147094727,3,0.7904620613783945,0.8484781384468079,0.028
fire_moderate,Moderate Fire,PPO,199,20360728,0,14,19.798989873223334,0.0,43.840620433565945,0,-18.190374176097066,0.0,0.058799028396606445,3,0.7904620613783945,0.8484781384468079,0.028
fire_moderate,Moderate Fire,A*,200,20360729,1,55,75.29646455628163,0.8451872299956495,0.0,0,413.9561652806312,0.0,1.8796401023864746,3,0.7556404297615756,0.8208727836608887,0.022
fire_moderate,Moderate Fire,PPO,200,20360729,0,23,32.52691193458119,0.0,31.11269837220809,0,50.95937489815769,0.0,0.04066610336303711,3,0.7556404297615756,0.8208727836608887,0.022
fire_moderate,Moderate Fire,A*,201,20360730,1,63,81.63961030678927,0.7795187907884578,0.0,0,408.9656275917009,0.0,1.9684474468231201,4,0.8207366951355184,0.880488932132721,0.04
fire_moderate,Moderate Fire,PPO,201,20360730,0,10,14.142135623730953,0.0,49.49747468305833,0,-39.818086634641396,0.0,0.030472993850708008,4,0.8207366951355184,0.880488932132721,0.04
fire_moderate,Moderate Fire,A*,202,20360731,1,74,94.71067811865477,0.6719370146105463,0.0,0,411.82908176912457,0.0,2.3076131343841553,4,0.79413886716867,0.8985267281532288,0.04
fire_moderate,Moderate Fire,PPO,202,20360731,0,4,5.656854249492381,0.0,57.982756057296896,0,-90.92806059754298,0.0,0.0546879768371582,4,0.79413886716867,0.8985267281532288,0.04
fire_moderate,Moderate Fire,A*,203,20360732,1,62,81.05382386916236,0.7851524736145302,0.0,0,411.30148764893625,0.0,1.9517109394073486,4,0.8097848435221695,0.854907751083374,0.0396
fire_moderate,Moderate Fire,PPO,203,20360732,0,2,2.8284271247461903,0.0,60.81118318204309,0,-96.0728033870332,0.0,0.029458045959472656,4,0.8097848435221695,0.854907751083374,0.0396
fire_moderate,Moderate Fire,A*,204,20360733,1,56,74.22539674441619,0.8573832286262147,0.0,0,410.8316962002748,0.0,1.8746871948242188,4,0.7100234809752706,0.7746449112892151,0.0252
fire_moderate,Moderate Fire,PPO,204,20360733,0,8,11.313708498984761,0.0,52.32590180780452,0,-60.75525162916548,0.0,0.04994606971740723,4,0.7100234809752706,0.7746449112892151,0.0252
fire_moderate,Moderate Fire,A*,205,20360734,1,54,73.88225099390854,0.8613653408047387,0.0,0,411.9848320544513,0.0,1.8646247386932373,4,0.8006228318652049,0.8991991281509399,0.0336
fire_moderate,Moderate Fire,PPO,205,20360734,0,18,25.455844122715714,0.0,38.18376618407357,0,10.70612896559821,0.0,0.056610107421875,4,0.8006228318652049,0.8991991281509399,0.0336
fire_moderate,Moderate Fire,A*,206,20360735,1,54,73.05382386916236,0.8711331855915755,0.0,0,412.50209437922535,0.0,1.8434350490570068,4,0.7593937837706424,0.8425864577293396,0.0272
fire_moderate,Moderate Fire,PPO,206,20360735,0,1,1.4142135623730951,0.0,62.22539674441618,0,-103.00559208742226,0.0,0.02093505859375,4,0.7593937837706424,0.8425864577293396,0.0272
fire_moderate,Moderate Fire,A*,207,20360736,1,50,66.56854249492379,0.9560012570748735,0.0,0,413.25233974805633,0.0,1.7777760028839111,4,0.8565755461417639,0.8719326257705688,0.0464
fire_moderate,Moderate Fire,PPO,207,20360736,0,17,24.041630560342618,0.0,39.59797974644666,0,5.901015539244327,0.0,0.04849123954772949,4,0.8565755461417639,0.8719326257705688,0.0464
fire_moderate,Moderate Fire,A*,208,20360737,1,58,78.71067811865476,0.8085257531494501,0.0,0,411.6632716793294,0.0,1.9772491455078125,4,0.8057258687829546,0.8957105875015259,0.036
fire_moderate,Moderate Fire,PPO,208,20360737,0,12,16.970562748477143,0.0,46.66904755831214,0,-34.45736823287896,0.0,0.06016206741333008,4,0.8057258687829546,0.8957105875015259,0.036
fire_moderate,Moderate Fire,A*,209,20360738,1,63,84.12489168102783,0.7564896552626591,0.0,2,407.7902149402771,0.7157151699066162,2.1400299072265625,3,0.8033634372866155,0.885134220123291,0.0348
fire_moderate,Moderate Fire,PPO,209,20360738,0,17,24.041630560342618,0.0,39.59797974644666,2,7.1718010988170136,1.0497155785560608,0.03241086006164551,3,0.8033634372866155,0.885134220123291,0.0348
fire_moderate,Moderate Fire,A*,210,20360739,1,53,69.98275605729688,0.9093613040144591,0.0,0,412.0952279071159,0.0,1.8382768630981445,3,0.7532309377409382,0.8247199654579163,0.0212
fire_moderate,Moderate Fire,PPO,210,20360739,0,21,29.698484809835,0.0,33.94112549695428,0,37.21833337161647,0.0,0.03868412971496582,3,0.7532309377409382,0.8247199654579163,0.0212
fire_moderate,Moderate Fire,A*,211,20360740,1,54,73.05382386916236,0.8711331855915755,0.0,0,413.3408679582867,0.0,1.8800058364868164,3,0.7923886507416057,0.8804928660392761,0.0264
fire_moderate,Moderate Fire,PPO,211,20360740,0,15,21.21320343559643,0.0,42.42640687119285,0,-5.08227389864156,0.0,0.0386810302734375,3,0.7923886507416057,0.8804928660392761,0.0264
fire_moderate,Moderate Fire,A*,212,20360741,1,57,73.98275605729691,0.860195181935406,0.0,0,413.51666325942324,0.0,1.8781499862670898,3,0.7578639039912249,0.8001568913459778,0.0284
fire_moderate,Moderate Fire,PPO,212,20360741,0,21,29.698484809835,0.0,33.94112549695428,0,37.58178284920709,0.0,0.039418935775756836,3,0.7578639039912249,0.8001568913459778,0.0284
fire_moderate,Moderate Fire,A*,213,20360742,1,54,72.22539674441617,0.8811251052312057,0.0,0,413.1782514323478,0.0,1.8653700351715088,3,0.742139796329373,0.8027963638305664,0.022
fire_moderate,Moderate Fire,PPO,213,20360742,0,15,21.21320343559643,0.0,42.42640687119285,0,-7.341871109330313,0.0,0.054053306579589844,3,0.742139796329373,0.8027963638305664,0.022
fire_moderate,Moderate Fire,A*,214,20360743,1,55,73.63961030678925,0.8642035182106604,0.0,0,413.48772138013936,0.0,1.848710298538208,4,0.7534393330904725,0.7808845639228821,0.0332
fire_moderate,Moderate Fire,PPO,214,20360743,0,10,14.142135623730953,0.0,49.49747468305833,0,-49.10650254369816,0.0,0.04041767120361328,4,0.7534393330904725,0.7808845639228821,0.0332
fire_moderate,Moderate Fire,A*,215,20360744,1,69,91.78174593052022,0.6933798181935344,0.0,0,410.64041661452023,0.0,2.2660610675811768,4,0.7163404460633058,0.7765880227088928,0.0264
fire_moderate,Moderate Fire,PPO,215,20360744,0,13,18.38477631085024,0.0,45.254833995939045,0,-27.639153296317545,0.0,0.029819965362548828,4,0.7163404460633058,0.7765880227088928,0.0264
fire_moderate,Moderate Fire,A*,216,20360745,1,52,71.05382386916236,0.8956535600951537,0.0,0,412.77352517333554,0.0,1.869187831878662,3,0.794123082937027,0.8431928753852844,0.0284
fire_moderate,Moderate Fire,PPO,216,20360745,0,15,21.21320343559643,0.0,42.42640687119285,0,-8.392188588569624,0.0,0.057520151138305664,3,0.794123082937027,0.8431928753852844,0.0284
fire_moderate,Moderate Fire,A*,217,20360746,1,61,80.46803743153545,0.7908681799395905,0.0,0,413.6738289307784,0.0,2.03617000579834,4,0.7063407439011279,0.7586069107055664,0.0272
fire_moderate,Moderate Fire,PPO,217,20360746,0,19,26.87005768508881,0.0,36.76955262170047,3,-3.2059989327182734,1.4043818712234497,0.07484889030456543,4,0.7063407439011279,0.7586069107055664,0.0272
fire_moderate,Moderate Fire,A*,218,20360747,1,69,90.95331880577403,0.6996953068055524,0.0,0,412.28530486526665,0.0,2.3042917251586914,4,0.7437179101475778,0.8596944808959961,0.0336
fire_moderate,Moderate Fire,PPO,218,20360747,0,12,16.970562748477143,0.0,46.66904755831214,0,-26.36329563700636,0.0,0.03505206108093262,4,0.7437179101475778,0.8596944808959961,0.0336
fire_moderate,Moderate Fire,A*,219,20360748,1,50,69.05382386916237,0.9215942976216421,0.0,0,412.3825369625539,0.0,1.8664700984954834,4,0.783012777639257,0.8510348200798035,0.0336
fire_moderate,Moderate Fire,PPO,219,20360748,0,18,25.455844122715714,0.0,38.18376618407357,1,16.042228333674004,0.573316752910614,0.06694698333740234,4,0.783012777639257,0.8510348200798035,0.0336
fire_moderate,Moderate Fire,A*,220,20360749,1,51,68.81118318204308,0.9248440059289175,0.0,0,412.68172293440824,0.0,1.8874850273132324,3,0.8777076911941738,0.8977550268173218,0.0348
fire_moderate,Moderate Fire,PPO,220,20360749,0,15,21.21320343559643,0.0,42.42640687119285,0,-5.469868908852604,0.0,0.031594038009643555,3,0.8777076911941738,0.8977550268173218,0.0348
fire_moderate,Moderate Fire,A*,221,20360750,1,56,75.05382386916239,0.847919626556657,0.0,0,413.50466109882353,0.0,1.953752040863037,4,0.7533972714751205,0.8173026442527771,0.0332
fire_moderate,Moderate Fire,PPO,221,20360750,0,16,22.627416997969522,0.0,41.012193308819754,0,-7.466199689969017,0.0,0.056413888931274414,4,0.7533972714751205,0.8173026442527771,0.0332
fire_moderate,Moderate Fire,A*,222,20360751,1,57,77.29646455628166,0.8233185136229814,0.0,0,413.02023310511436,0.0,2.0324490070343018,4,0.8257144081818275,0.89971923828125,0.038
fire_moderate,Moderate Fire,PPO,222,20360751,0,18,25.455844122715714,0.0,38.18376618407357,0,15.785758143735777,0.0,0.03361201286315918,4,0.8257144081818275,0.89971923828125,0.038
fire_moderate,Moderate Fire,A*,223,20360752,1,53,70.81118318204307,0.8987225950339378,0.0,0,409.6657576302175,0.0,1.845689058303833,4,0.7628769001408057,0.8451589941978455,0.0332
fire_moderate,Moderate Fire,PPO,223,20360752,0,13,18.38477631085024,0.0,45.254833995939045,0,-19.064734404143564,0.0,0.02978992462158203,4,0.7628769001408057,0.8451589941978455,0.0332
fire_moderate,Moderate Fire,A*,224,20360753,1,58,75.39696961966999,0.844060585296874,0.0,0,411.8235693398254,0.0,1.925753116607666,4,0.7900355692341166,0.8921517133712769,0.0328
fire_moderate,Moderate Fire,PPO,224,20360753,0,27,38.18376618407356,0.0,25.45584412271571,3,38.87683555231628,1.2672129273414612,0.16244101524353027,4,0.7900355692341166,0.8921517133712769,0.0328
fire_moderate,Moderate Fire,A*,225,20360754,1,57,76.46803743153548,0.8322380493126695,0.0,0,412.63491304374037,0.0,1.9629290103912354,3,0.6752866532888356,0.7117100954055786,0.0156
fire_moderate,Moderate Fire,PPO,225,20360754,0,15,21.21320343559643,0.0,42.42640687119285,0,-5.131038589473846,0.0,0.03481888771057129,3,0.6752866532888356,0.7117100954055786,0.0156
fire_moderate,Moderate Fire,A*,226,20360755,1,53,71.63961030678927,0.8883299341559675,0.0,0,411.05863096544067,0.0,1.8558971881866455,4,0.8493346136482387,0.8833476901054382,0.0464
fire_moderate,Moderate Fire,PPO,226,20360755,0,4,5.656854249492381,0.0,57.982756057296896,0,-85.93348810472366,0.0,0.03312182426452637,4,0.8493346136482387,0.8833476901054382,0.0464
fire_moderate,Moderate Fire,A*,227,20360756,1,60,78.22539674441617,0.8135415473150919,0.0,0,409.19009559333114,0.0,1.9142179489135742,4,0.7527082541631471,0.8911458849906921,0.0328
fire_moderate,Moderate Fire,PPO,227,20360756,0,8,11.313708498984761,0.0,52.32590180780452,0,-54.587260748359505,0.0,0.022179841995239258,4,0.7527082541631471,0.8911458849906921,0.0328
fire_moderate,Moderate Fire,A*,228,20360757,1,55,75.29646455628163,0.8451872299956495,0.0,0,410.3499167399833,0.0,1.8874611854553223,3,0.8052658802725144,0.8843367695808411,0.0284
fire_moderate,Moderate Fire,PPO,228,20360757,0,22,31.112698372208097,0.0,32.526911934581186,0,34.00493004933762,0.0,0.0677649974822998,3,0.8052658802725144,0.8843367695808411,0.0284
fire_moderate,Moderate Fire,A*,229,20360758,1,53,69.1543289325507,0.920254903620854,0.0,0,412.23684341225095,0.0,1.8080201148986816,4,0.7906434188703318,0.8970004320144653,0.0336
fire_moderate,Moderate Fire,PPO,229,20360758,0,24,33.941125496954285,0.0,29.698484809834994,0,52.631074442638976,0.0,0.06815409660339355,4,0.7906434188703318,0.8970004320144653,0.0336
fire_moderate,Moderate Fire,A*,230,20360759,1,55,73.63961030678927,0.8642035182106602,0.0,0,409.721555233376,0.0,1.8990848064422607,4,0.8222765736382387,0.8857763409614563,0.0464
fire_moderate,Moderate Fire,PPO,230,20360759,0,24,33.941125496954285,0.0,29.698484809834994,0,48.212492388849626,0.0,0.07683897018432617,4,0.8222765736382387,0.8857763409614563,0.0464
fire_moderate,Moderate Fire,A*,231,20360760,1,52,69.39696961966997,0.9170373094901132,0.0,0,413.5279734265018,0.0,1.831648826599121,4,0.7704122472204094,0.88877272605896,0.0272
fire_moderate,Moderate Fire,PPO,231,20360760,0,19,26.87005768508881,0.0,36.76955262170047,0,23.02169516021428,0.0,0.04215693473815918,4,0.7704122472204094,0.88877272605896,0.0272
fire_moderate,Moderate Fire,A*,232,20360761,1,58,76.22539674441617,0.8348872295171248,0.0,0,411.8510530833691,0.0,1.8970019817352295,3,0.7961392303177394,0.8984854817390442,0.0284
fire_moderate,Moderate Fire,PPO,232,20360761,0,6,8.485281374238571,0.0,55.154328932550705,0,-68.33053166168503,0.0,0.02112579345703125,3,0.7961392303177394,0.8984854817390442,0.0284
fire_moderate,Moderate Fire,A*,233,20360762,1,56,73.39696961966999,0.8670604608958434,0.0,0,411.1824803364922,0.0,1.8731632232666016,3,0.768092756084453,0.892255425453186,0.0284
fire_moderate,Moderate Fire,PPO,233,20360762,0,21,29.698484809835,0.0,33.94112549695428,0,9.909741163822531,0.0,0.15709710121154785,3,0.768092756084453,0.892255425453186,0.0284
fire_moderate,Moderate Fire,A*,234,20360763,0,4,5.242640687119285,0.0,58.69412236331676,3,-105.32666900386552,1.8498646020889282,0.27950429916381836,4,0.8010024915823827,0.8604121208190918,0.0376
fire_moderate,Moderate Fire,PPO,234,20360763,0,1,1.4142135623730951,0.0,62.22539674441618,1,-102.60854349485481,0.34076452255249023,0.008517265319824219,4,0.8010024915823827,0.8604121208190918,0.0376
fire_moderate,Moderate Fire,A*,235,20360764,1,62,79.39696961966997,0.80153701849879,0.0,0,413.66358192321104,0.0,1.978173017501831,4,0.8602568799407495,0.8917335271835327,0.0464
fire_moderate,Moderate Fire,PPO,235,20360764,0,11,15.556349186104049,0.0,48.08326112068523,0,-32.849812638642916,0.0,0.031848907470703125,4,0.8602568799407495,0.8917335271835327,0.0464
fire_moderate,Moderate Fire,A*,236,20360765,1,51,68.81118318204308,0.9248440059289175,0.0,0,413.4625302897777,0.0,1.822246789932251,4,0.7253188655374019,0.8915484547615051,0.0272
fire_moderate,Moderate Fire,PPO,236,20360765,0,24,33.941125496954285,0.0,29.698484809834994,0,58.307398223953044,0.0,0.04000592231750488,4,0.7253188655374019,0.8915484547615051,0.0272
fire_moderate,Moderate Fire,A*,237,20360766,0,2,2.0,0.0,62.22539674441618,2,-109.95596633672422,1.5054334998130798,0.1904010772705078,3,0.8683218995170416,0.8921087384223938,0.0344
fire_moderate,Moderate Fire,PPO,237,20360766,0,1,1.4142135623730951,0.0,62.22539674441618,1,-102.49386415830696,0.8363519310951233,0.0009560585021972656,3,0.8683218995170416,0.8921087384223938,0.0344
fire_moderate,Moderate Fire,A*,238,20360767,1,54,73.05382386916236,0.8711331855915755,0.0,2,411.34250861946725,0.721718966960907,1.855484962463379,4,0.8242051498599613,0.8703762888908386,0.0464
fire_moderate,Moderate Fire,PPO,238,20360767,0,2,2.8284271247461903,0.0,60.81118318204309,1,-103.89705311095939,0.5844503045082092,0.024119853973388672,4,0.8242051498599613,0.8703762888908386,0.0464
fire_moderate,Moderate Fire,A*,239,20360768,1,59,79.29646455628166,0.8025529342688446,0.0,0,408.96328313146614,0.0,1.9355928897857666,4,0.7633841476959212,0.8762280344963074,0.0336
fire_moderate,Moderate Fire,PPO,239,20360768,0,15,21.21320343559643,0.0,42.42640687119285,0,-6.084733073815968,0.0,0.023874759674072266,4,0.7633841476959212,0.8762280344963074,0.0336
fire_moderate,Moderate Fire,A*,240,20360769,1,59,76.8111831820431,0.8285201147854071,0.0,0,412.71396053742177,0.0,1.898285150527954,3,0.8095890004441116,0.8757961392402649,0.0284
fire_moderate,Moderate Fire,PPO,240,20360769,0,24,33.941125496954285,0.0,29.698484809834994,0,43.90336366399612,0.0,0.09755277633666992,3,0.8095890004441116,0.8757961392402649,0.0284
fire_moderate,Moderate Fire,A*,241,20360770,1,65,84.46803743153548,0.7534164666531004,0.0,0,410.2571306025493,0.0,2.1164400577545166,4,0.7142604876384648,0.8703904747962952,0.0252
fire_moderate,Moderate Fire,PPO,241,20360770,0,4,5.656854249492381,0.0,57.982756057296896,0,-89.15779690843851,0.0,0.05498099327087402,4,0.7142604876384648,0.8703904747962952,0.0252
fire_moderate,Moderate Fire,A*,242,20360771,1,52,68.56854249492379,0.9281167134550161,0.0,0,413.50721194619894,0.0,1.881882905960083,4,0.8386716096762822,0.8749239444732666,0.0464
fire_moderate,Moderate Fire,PPO,242,20360771,0,20,28.284271247461906,0.0,35.35533905932738,0,30.03855831276914,0.0,0.038987159729003906,4,0.8386716096762822,0.8749239444732666,0.0464
fire_moderate,Moderate Fire,A*,243,20360772,1,53,71.63961030678927,0.8883299341559675,0.0,0,411.6027239300725,0.0,1.874433994293213,4,0.7911080301933007,0.831874668598175,0.04
fire_moderate,Moderate Fire,PPO,243,20360772,0,23,32.52691193458119,0.0,31.11269837220809,0,46.480253046828054,0.0,0.06870293617248535,4,0.7911080301933007,0.831874668598175,0.04
fire_moderate,Moderate Fire,A*,244,20360773,1,55,72.81118318204307,0.8740362060547354,0.0,0,412.82258557292585,0.0,1.9093132019042969,4,0.7782292324106411,0.845089316368103,0.04
fire_moderate,Moderate Fire,PPO,244,20360773,0,21,29.698484809835,0.0,33.94112549695428,0,37.07284208820815,0.0,0.0389859676361084,4,0.7782292324106411,0.845089316368103,0.04
fire_moderate,Moderate Fire,A*,245,20360774,1,51,68.81118318204308,0.9248440059289175,0.0,0,411.94612765058696,0.0,1.8231158256530762,4,0.7467318878725003,0.8451658487319946,0.0268
fire_moderate,Moderate Fire,PPO,245,20360774,0,15,21.21320343559643,0.0,42.42640687119285,0,-23.385422435848213,0.0,0.037342071533203125,4,0.7467318878725003,0.8451658487319946,0.0268
fire_moderate,Moderate Fire,A*,246,20360775,1,50,68.22539674441617,0.9327847596869825,0.0,0,412.3529518917958,0.0,1.8562369346618652,3,0.7382087085742031,0.795546293258667,0.022
fire_moderate,Moderate Fire,PPO,246,20360775,0,16,22.627416997969522,0.0,41.012193308819754,0,-5.0045105840567885,0.0,0.05028700828552246,3,0.7382087085742031,0.795546293258667,0.022
fire_moderate,Moderate Fire,A*,247,20360776,1,59,75.15432893255071,0.8467856903346761,0.0,0,412.135144502475,0.0,1.9297890663146973,4,0.7930632872628399,0.8717929124832153,0.0464
fire_moderate,Moderate Fire,PPO,247,20360776,0,16,22.627416997969522,0.0,41.012193308819754,0,-0.8147946893254812,0.0,0.056797027587890625,4,0.7930632872628399,0.8717929124832153,0.0464
fire_moderate,Moderate Fire,A*,248,20360777,1,57,77.29646455628166,0.8233185136229814,0.0,0,409.34060644760206,0.0,1.981943130493164,4,0.8159946445743651,0.87856125831604,0.0396
fire_moderate,Moderate Fire,PPO,248,20360777,0,20,28.284271247461906,0.0,35.35533905932738,0,11.883933329308633,0.0,0.08700013160705566,4,0.8159946445743651,0.87856125831604,0.0396
fire_moderate,Moderate Fire,A*,249,20360778,1,56,73.39696961966999,0.8670604608958434,0.0,0,412.68794093621284,0.0,1.887864112854004,4,0.7689320769847099,0.8687195777893066,0.0336
fire_moderate,Moderate Fire,PPO,249,20360778,0,9,12.727922061357857,0.0,50.91168824543142,0,-47.36845677137635,0.0,0.02140498161315918,4,0.7689320769847099,0.8687195777893066,0.0336
fire_moderate,Moderate Fire,A*,250,20360779,1,51,69.63961030678927,0.9138421370601059,0.0,0,413.580915980743,0.0,1.8547849655151367,3,0.8126852035655876,0.8862684369087219,0.0284
fire_moderate,Moderate Fire,PPO,250,20360779,0,24,33.941125496954285,0.0,29.698484809834994,0,50.70393026307289,0.0,0.061181068420410156,3,0.8126852035655876,0.8862684369087219,0.0284
fire_moderate,Moderate Fire,A*,251,20360780,1,58,76.22539674441619,0.8348872295171246,0.0,0,409.9981472769668,0.0,1.9317901134490967,4,0.8240506921095685,0.8898358941078186,0.046
fire_moderate,Moderate Fire,PPO,251,20360780,0,12,16.970562748477143,0.0,46.66904755831214,0,-30.142741550099657,0.0,0.03130793571472168,4,0.8240506921095685,0.8898358941078186,0.046
fire_moderate,Moderate Fire,A*,252,20360781,1,58,77.05382386916237,0.8259111243440628,0.0,0,410.760342978072,0.0,2.127650022506714,4,0.7505909223040876,0.8607362508773804,0.0308
fire_moderate,Moderate Fire,PPO,252,20360781,0,13,18.38477631085024,0.0,45.254833995939045,0,-19.434761335775875,0.0,0.03271317481994629,4,0.7505909223040876,0.8607362508773804,0.0308
fire_moderate,Moderate Fire,A*,253,20360782,1,56,75.05382386916239,0.847919626556657,0.0,0,412.18025675378664,0.0,1.9280540943145752,4,0.7453512809982611,0.8251235485076904,0.0336
fire_moderate,Moderate Fire,PPO,253,20360782,0,11,15.556349186104049,0.0,48.08326112068523,0,-36.963887811196756,0.0,0.04444098472595215,4,0.7453512809982611,0.8251235485076904,0.0336
fire_moderate,Moderate Fire,A*,254,20360783,1,51,68.81118318204308,0.9248440059289175,0.0,0,413.2153611364414,0.0,1.9742379188537598,4,0.7731321700178515,0.8799505829811096,0.0336
fire_moderate,Moderate Fire,PPO,254,20360783,0,18,25.455844122715714,0.0,38.18376618407357,0,15.63062880318482,0.0,0.03513693809509277,4,0.7731321700178515,0.8799505829811096,0.0336
fire_moderate,Moderate Fire,A*,255,20360784,1,51,68.81118318204308,0.9248440059289175,0.0,0,413.10371372787625,0.0,2.0571582317352295,3,0.7295252085126925,0.8256644010543823,0.022
fire_moderate,Moderate Fire,PPO,255,20360784,0,20,28.284271247461906,0.0,35.35533905932738,0,30.18953504211558,0.0,0.041749000549316406,3,0.7295252085126925,0.8256644010543823,0.022
fire_moderate,Moderate Fire,A*,256,20360785,1,57,74.81118318204308,0.8506697474885638,0.0,0,414.351813371816,0.0,2.4986770153045654,4,0.7491341759559678,0.8523720502853394,0.0332
fire_moderate,Moderate Fire,PPO,256,20360785,0,19,26.87005768508881,0.0,36.76955262170047,0,20.952506833894006,0.0,0.05992603302001953,4,0.7491341759559678,0.8523720502853394,0.0332
fire_moderate,Moderate Fire,A*,257,20360786,1,56,75.05382386916239,0.847919626556657,0.0,0,408.75557906856847,0.0,2.018609046936035,3,0.7951400407120411,0.8447534441947937,0.0324
fire_moderate,Moderate Fire,PPO,257,20360786,0,8,11.313708498984761,0.0,52.32590180780452,0,-54.3861892792249,0.0,0.022276878356933594,3,0.7951400407120411,0.8447534441947937,0.0324
fire_moderate,Moderate Fire,A*,258,20360787,1,53,71.63961030678927,0.8883299341559675,0.0,0,413.6312057189772,0.0,2.0937912464141846,4,0.7416492434053269,0.8035211563110352,0.0332
fire_moderate,Moderate Fire,PPO,258,20360787,0,20,28.284271247461906,0.0,35.35533905932738,0,30.127938741058728,0.0,0.03985095024108887,4,0.7416492434053269,0.8035211563110352,0.0332
fire_moderate,Moderate Fire,A*,259,20360788,1,51,71.29646455628166,0.8926054146282663,0.0,0,412.62961905849465,0.0,1.7996158599853516,4,0.828135755238738,0.880365252494812,0.04
fire_moderate,Moderate Fire,PPO,259,20360788,0,15,21.21320343559643,0.0,42.42640687119285,0,-9.730451212227635,0.0,0.05307507514953613,4,0.828135755238738,0.880365252494812,0.04
fire_moderate,Moderate Fire,A*,260,20360789,1,50,69.05382386916237,0.9215942976216421,0.0,0,413.16653625842844,0.0,1.8913447856903076,3,0.7589638171216243,0.8171091675758362,0.022
fire_moderate,Moderate Fire,PPO,260,20360789,0,19,26.87005768508881,0.0,36.76955262170047,1,14.540430134325163,0.4107370674610138,0.049759864807128906,3,0.7589638171216243,0.8171091675758362,0.022
fire_moderate,Moderate Fire,A*,261,20360790,1,55,74.46803743153545,0.8545895998037866,0.0,0,412.43157651247134,0.0,2.0476248264312744,4,0.7681878015088576,0.8890230059623718,0.0316
fire_moderate,Moderate Fire,PPO,261,20360790,0,10,14.142135623730953,0.0,49.49747468305833,0,-39.754639287337206,0.0,0.029813051223754883,4,0.7681878015088576,0.8890230059623718,0.0316
fire_moderate,Moderate Fire,A*,262,20360791,1,56,75.88225099390857,0.8386626579105823,0.0,0,412.1639716827721,0.0,1.7947947978973389,3,0.6738079440642526,0.6746417880058289,0.0156
fire_moderate,Moderate Fire,PPO,262,20360791,0,13,18.38477631085024,0.0,45.254833995939045,0,-24.9085440393942,0.0,0.05095720291137695,3,0.6738079440642526,0.6746417880058289,0.0156
fire_moderate,Moderate Fire,A*,263,20360792,1,56,75.88225099390857,0.8386626579105823,0.0,0,413.47892823583413,0.0,1.8359732627868652,4,0.8001851941646485,0.8751816749572754,0.04
fire_moderate,Moderate Fire,PPO,263,20360792,0,23,32.52691193458119,0.0,31.11269837220809,0,51.003912535032484,0.0,0.03908801078796387,4,0.8001851941646485,0.8751816749572754,0.04
fire_moderate,Moderate Fire,A*,264,20360793,0,70,89.46803743153546,0.0,3.0,0,180.49892635385103,0.0,1.8999381065368652,4,0.8014559450895197,0.8727237582206726,0.0396
fire_moderate,Moderate Fire,PPO,264,20360793,0,25,35.35533905932738,0.0,28.284271247461902,0,57.89353632198298,0.0,0.05895590782165527,4,0.8014559450895197,0.8727237582206726,0.0396
fire_moderate,Moderate Fire,A*,265,20360794,1,51,67.9827560572969,0.9361140088694382,0.0,0,413.3204980374403,0.0,1.8758349418640137,3,0.77301567223998,0.8463865518569946,0.0284
fire_moderate,Moderate Fire,PPO,265,20360794,0,23,32.52691193458119,0.0,31.11269837220809,1,46.927145420236954,0.5818907618522644,0.06327605247497559,3,0.77301567223998,0.8463865518569946,0.0284
fire_moderate,Moderate Fire,A*,266,20360795,1,54,72.22539674441616,0.8811251052312058,0.0,0,412.8461267045249,0.0,1.785254955291748,4,0.7790556353157174,0.8171125650405884,0.0396
fire_moderate,Moderate Fire,PPO,266,20360795,0,1,1.4142135623730951,0.0,62.22539674441618,0,-102.59004102102364,0.0,0.016586780548095703,4,0.7790556353157174,0.8171125650405884,0.0396
fire_moderate,Moderate Fire,A*,267,20360796,1,53,70.81118318204308,0.8987225950339376,0.0,0,410.40285815785876,0.0,1.7762451171875,3,0.8336992695804716,0.8896393179893494,0.0344
fire_moderate,Moderate Fire,PPO,267,20360796,0,5,7.0710678118654755,0.0,56.568542494923804,0,-75.2475480693669,0.0,0.023133039474487305,3,0.8336992695804716,0.8896393179893494,0.0344
fire_moderate,Moderate Fire,A*,268,20360797,1,55,72.81118318204307,0.8740362060547354,0.0,0,411.7276293204958,0.0,1.8122138977050781,4,0.7710437048026308,0.8727714419364929,0.0336
fire_moderate,Moderate Fire,PPO,268,20360797,0,17,24.041630560342618,0.0,39.59797974644666,0,8.605837708963463,0.0,0.034748077392578125,4,0.7710437048026308,0.8727714419364929,0.0336
fire_moderate,Moderate Fire,A*,269,20360798,1,54,71.39696961966997,0.8913488996213149,0.0,0,410.1379207961764,0.0,1.7626149654388428,4,0.7489038138889093,0.8816853165626526,0.0332
fire_moderate,Moderate Fire,PPO,269,20360798,0,15,21.21320343559643,0.0,42.42640687119285,0,-29.350953958743375,0.0,0.11433291435241699,4,0.7489038138889093,0.8816853165626526,0.0332
fire_moderate,Moderate Fire,A*,270,20360799,1,49,65.9827560572969,0.9644885135068787,0.0,1,411.75186809605276,0.3785385489463806,1.698472023010254,3,0.7408345762032843,0.8652309775352478,0.022
fire_moderate,Moderate Fire,PPO,270,20360799,0,15,21.21320343559643,0.0,42.42640687119285,1,-5.363363789032391,0.5948463082313538,0.026063203811645508,3,0.7408345762032843,0.8652309775352478,0.022
fire_moderate,Moderate Fire,A*,271,20360800,1,60,79.88225099390856,0.7966677142290611,0.0,0,412.35048118150394,0.0,1.8494081497192383,3,0.7978973419316566,0.8334939479827881,0.0344
fire_moderate,Moderate Fire,PPO,271,20360800,0,3,4.242640687119286,0.0,59.39696961966999,0,-96.19587818088297,0.0,0.05170297622680664,3,0.7978973419316566,0.8334939479827881,0.0344
fire_moderate,Moderate Fire,A*,272,20360801,1,57,73.15432893255071,0.8699363555841769,0.0,0,413.6808031937814,0.0,1.7623498439788818,3,0.7647188844298315,0.817533016204834,0.0284
fire_moderate,Moderate Fire,PPO,272,20360801,0,5,7.0710678118654755,0.0,56.568542494923804,0,-75.1796583640452,0.0,0.018132925033569336,3,0.7647188844298315,0.817533016204834,0.0284
fire_moderate,Moderate Fire,A*,273,20360802,1,60,77.39696961966999,0.8222493802989367,0.0,0,413.6318035378165,0.0,1.7931957244873047,3,0.7600320777982329,0.8483042120933533,0.022
fire_moderate,Moderate Fire,PPO,273,20360802,0,14,19.798989873223334,0.0,43.840620433565945,0,-21.06996301115487,0.0,0.051267147064208984,3,0.7600320777982329,0.8483042120933533,0.022
fire_moderate,Moderate Fire,A*,274,20360803,1,54,72.22539674441617,0.8811251052312057,0.0,0,411.9780659495306,0.0,1.7432568073272705,4,0.8257844929479778,0.8946717977523804,0.0464
fire_moderate,Moderate Fire,PPO,274,20360803,0,7,9.899494936611667,0.0,53.74011537017761,0,-60.72299932682527,0.0,0.020222902297973633,4,0.8257844929479778,0.8946717977523804,0.0464
fire_moderate,Moderate Fire,A*,275,20360804,1,55,71.98275605729688,0.8840952165840021,0.0,0,411.3610551173275,0.0,1.7752737998962402,4,0.7702452985676965,0.8820361495018005,0.0336
fire_moderate,Moderate Fire,PPO,275,20360804,0,12,16.970562748477143,0.0,46.66904755831214,0,-34.533885644968706,0.0,0.05473208427429199,4,0.7702452985676965,0.8820361495018005,0.0336
fire_moderate,Moderate Fire,A*,276,20360805,1,56,75.05382386916237,0.8479196265566572,0.0,0,412.6404933775874,0.0,1.8284180164337158,3,0.7636167663975432,0.7875151038169861,0.0284
fire_moderate,Moderate Fire,PPO,276,20360805,0,15,21.21320343559643,0.0,42.42640687119285,0,-11.259236031440977,0.0,0.061701297760009766,3,0.7636167663975432,0.7875151038169861,0.0284
fire_moderate,Moderate Fire,A*,277,20360806,1,53,70.81118318204308,0.8987225950339376,0.0,0,412.35078861518133,0.0,1.7599380016326904,4,0.8157488891341125,0.8916584849357605,0.0396
fire_moderate,Moderate Fire,PPO,277,20360806,0,25,35.35533905932738,0.0,28.284271247461902,0,51.76281516756943,0.0,0.0751039981842041,4,0.8157488891341125,0.8916584849357605,0.0396
fire_moderate,Moderate Fire,A*,278,20360807,1,51,70.46803743153546,0.903098945654894,0.0,0,411.8335598179504,0.0,1.7348201274871826,3,0.7048651852564206,0.775011420249939,0.022
fire_moderate,Moderate Fire,PPO,278,20360807,0,12,16.970562748477143,0.0,46.66904755831214,0,-26.077641550766458,0.0,0.017511844635009766,3,0.7048651852564206,0.775011420249939,0.022
fire_moderate,Moderate Fire,A*,279,20360808,1,51,67.9827560572969,0.9361140088694382,0.0,0,411.9202483046707,0.0,1.7076590061187744,3,0.7197044190894936,0.7841788530349731,0.022
fire_moderate,Moderate Fire,PPO,279,20360808,0,19,26.87005768508881,0.0,36.76955262170047,0,17.014550143105737,0.0,0.04818105697631836,3,0.7197044190894936,0.7841788530349731,0.022
fire_moderate,Moderate Fire,A*,280,20360809,1,52,71.88225099390856,0.885331349906978,0.0,0,411.42831898346185,0.0,1.7660589218139648,3,0.7346739291472696,0.7717917561531067,0.024
fire_moderate,Moderate Fire,PPO,280,20360809,0,20,28.284271247461906,0.0,35.35533905932738,0,25.101559232598078,0.0,0.05613279342651367,3,0.7346739291472696,0.7717917561531067,0.024
fire_moderate,Moderate Fire,A*,281,20360810,1,53,69.9827560572969,0.9093613040144589,0.0,0,413.11927977342197,0.0,1.7266287803649902,4,0.8294298485931981,0.8974578380584717,0.0464
fire_moderate,Moderate Fire,PPO,281,20360810,0,20,28.284271247461906,0.0,35.35533905932738,1,30.296826955495447,0.34984439611434937,0.02581024169921875,4,0.8294298485931981,0.8974578380584717,0.0464
fire_moderate,Moderate Fire,A*,282,20360811,1,52,71.05382386916236,0.8956535600951537,0.0,0,411.7879427954566,0.0,1.7830209732055664,3,0.7708456073923684,0.8216866254806519,0.0284
fire_moderate,Moderate Fire,PPO,282,20360811,0,17,24.041630560342618,0.0,39.59797974644666,0,7.568372205222204,0.0,0.031198978424072266,3,0.7708456073923684,0.8216866254806519,0.0284
fire_moderate,Moderate Fire,A*,283,20360812,1,52,70.22539674441617,0.9062193060781739,0.0,0,411.8551067655819,0.0,1.889432668685913,4,0.8298526082599279,0.8816035389900208,0.0464
fire_moderate,Moderate Fire,PPO,283,20360812,0,13,18.38477631085024,0.0,45.254833995939045,0,-19.5425913180743,0.0,0.03202390670776367,4,0.8298526082599279,0.8816035389900208,0.0464
fire_moderate,Moderate Fire,A*,284,20360813,1,50,68.22539674441617,0.9327847596869825,0.0,0,411.81702866777033,0.0,1.741623878479004,4,0.8199505024362954,0.8768771886825562,0.0396
fire_moderate,Moderate Fire,PPO,284,20360813,0,15,21.21320343559643,0.0,42.42640687119285,0,-8.04542596380439,0.0,0.045480966567993164,4,0.8199505024362954,0.8768771886825562,0.0396
fire_moderate,Moderate Fire,A*,285,20360814,1,53,72.46803743153545,0.8781748831947206,0.0,0,413.0060941373869,0.0,1.8321211338043213,3,0.7655136229120125,0.8376592993736267,0.0284
fire_moderate,Moderate Fire,PPO,285,20360814,0,15,21.21320343559643,0.0,42.42640687119285,0,-11.523951881337197,0.0,0.053199052810668945,3,0.7655136229120125,0.8376592993736267,0.0284
fire_moderate,Moderate Fire,A*,286,20360815,1,53,69.98275605729688,0.9093613040144591,0.0,0,413.4697103724803,0.0,1.7549877166748047,3,0.7657160204502235,0.8489677906036377,0.022
fire_moderate,Moderate Fire,PPO,286,20360815,0,16,22.627416997969522,0.0,41.012193308819754,0,-2.666965734857513,0.0,0.053735971450805664,3,0.7657160204502235,0.8489677906036377,0.022
fire_moderate,Moderate Fire,A*,287,20360816,1,55,74.46803743153546,0.8545895998037865,0.0,0,412.8925816414509,0.0,1.8137409687042236,3,0.8310160842861171,0.8943023085594177,0.0284
fire_moderate,Moderate Fire,PPO,287,20360816,0,14,19.798989873223334,0.0,43.840620433565945,1,-19.95105422998222,0.3978853225708008,0.04133319854736328,3,0.8310160842861171,0.8943023085594177,0.0284
fire_moderate,Moderate Fire,A*,288,20360817,1,59,77.63961030678927,0.8196796719525041,0.0,0,412.6638898374321,0.0,1.871757984161377,4,0.758574730151351,0.8206630945205688,0.0336
fire_moderate,Moderate Fire,PPO,288,20360817,0,13,18.38477631085024,0.0,45.254833995939045,0,-18.713861566183823,0.0,0.02486896514892578,4,0.758574730151351,0.8206630945205688,0.0336
fire_moderate,Moderate Fire,A*,289,20360818,1,55,74.46803743153545,0.8545895998037866,0.0,0,413.0235358829467,0.0,1.8528740406036377,3,0.7940951257277685,0.8969927430152893,0.0232
fire_moderate,Moderate Fire,PPO,289,20360818,0,17,24.041630560342618,0.0,39.59797974644666,0,8.8777595066299,0.0,0.03483700752258301,3,0.7940951257277685,0.8969927430152893,0.0232
fire_moderate,Moderate Fire,A*,290,20360819,1,53,70.81118318204308,0.8987225950339376,0.0,0,412.8883271914074,0.0,1.753216028213501,4,0.7496458125111753,0.8360365629196167,0.0336
fire_moderate,Moderate Fire,PPO,290,20360819,0,5,7.0710678118654755,0.0,56.568542494923804,0,-83.44330496669718,0.0,0.024153947830200195,4,0.7496458125111753,0.8360365629196167,0.0336
fire_moderate,Moderate Fire,A*,291,20360820,1,54,73.88225099390854,0.8613653408047387,0.0,0,412.58504768229614,0.0,1.8328871726989746,3,0.7387834027381938,0.8567354083061218,0.022
fire_moderate,Moderate Fire,PPO,291,20360820,0,18,25.455844122715714,0.0,38.18376618407357,0,15.594700554852054,0.0,0.0355379581451416,3,0.7387834027381938,0.8567354083061218,0.022
fire_moderate,Moderate Fire,A*,292,20360821,1,65,84.46803743153548,0.7534164666531004,0.0,0,410.0728403203351,0.0,1.926790714263916,4,0.7050104487233508,0.7423853874206543,0.0208
fire_moderate,Moderate Fire,PPO,292,20360821,0,13,18.38477631085024,0.0,45.254833995939045,1,-20.342298101802044,0.39124977588653564,0.024714231491088867,4,0.7050104487233508,0.7423853874206543,0.0208
fire_moderate,Moderate Fire,A*,293,20360822,1,54,74.71067811865474,0.8518141169287408,0.0,0,412.32935708301994,0.0,1.8282921314239502,3,0.7549031955262725,0.8228757977485657,0.0284
fire_moderate,Moderate Fire,PPO,293,20360822,0,22,31.112698372208097,0.0,32.526911934581186,0,44.578463133667555,0.0,0.037940025329589844,3,0.7549031955262725,0.8228757977485657,0.0284
fire_moderate,Moderate Fire,A*,294,20360823,1,63,83.29646455628165,0.7640133425325555,0.0,0,413.4369891474147,0.0,1.9812469482421875,4,0.8160264721321018,0.8975613117218018,0.04
fire_moderate,Moderate Fire,PPO,294,20360823,0,13,18.38477631085024,0.0,45.254833995939045,0,-18.961891873463628,0.0,0.0314030647277832,4,0.8160264721321018,0.8975613117218018,0.04
fire_moderate,Moderate Fire,A*,295,20360824,1,49,66.81118318204308,0.9525293113487888,0.0,0,413.29512339093515,0.0,1.7238149642944336,4,0.7665564977797191,0.8978098630905151,0.0332
fire_moderate,Moderate Fire,PPO,295,20360824,0,17,24.041630560342618,0.0,39.59797974644666,0,9.340621907807417,0.0,0.023918867111206055,4,0.7665564977797191,0.8978098630905151,0.0332
fire_moderate,Moderate Fire,A*,296,20360825,1,52,71.05382386916236,0.8956535600951537,0.0,0,413.5875096792548,0.0,1.7670907974243164,4,0.7646363534177525,0.8160953521728516,0.04
fire_moderate,Moderate Fire,PPO,296,20360825,0,23,32.52691193458119,0.0,31.11269837220809,0,51.264181267475394,0.0,0.03574800491333008,4,0.7646363534177525,0.8160953521728516,0.04
fire_moderate,Moderate Fire,A*,297,20360826,1,51,71.29646455628166,0.8926054146282663,0.0,0,413.7255194308675,0.0,1.7522881031036377,3,0.7000481946357383,0.775397002696991,0.022
fire_moderate,Moderate Fire,PPO,297,20360826,0,23,32.52691193458119,0.0,31.11269837220809,0,47.45896352563322,0.0,0.05789637565612793,3,0.7000481946357383,0.775397002696991,0.022
fire_moderate,Moderate Fire,A*,298,20360827,1,58,75.39696961966999,0.844060585296874,0.0,0,409.8978408921491,0.0,1.8108572959899902,3,0.8018963012084512,0.8731657266616821,0.0284
fire_moderate,Moderate Fire,PPO,298,20360827,0,4,5.656854249492381,0.0,57.982756057296896,0,-90.71281215179556,0.0,0.04484391212463379,3,0.8018963012084512,0.8731657266616821,0.0284
fire_moderate,Moderate Fire,A*,299,20360828,1,52,69.39696961966999,0.9170373094901131,0.0,0,410.97816203966306,0.0,1.7271537780761719,4,0.7750456492997614,0.8635957837104797,0.04
fire_moderate,Moderate Fire,PPO,299,20360828,0,14,19.798989873223334,0.0,43.840620433565945,1,-21.051052672169135,0.5305193662643433,0.05850386619567871,4,0.7750456492997614,0.8635957837104797,0.04
fire_moderate,Moderate Fire,A*,300,20360829,1,52,70.22539674441617,0.9062193060781739,0.0,0,412.8290161708832,0.0,1.7321829795837402,4,0.7833545179412228,0.8912482261657715,0.04
fire_moderate,Moderate Fire,PPO,300,20360829,0,23,32.52691193458119,0.0,31.11269837220809,1,32.53557288055917,0.612209677696228,0.09293699264526367,4,0.7833545179412228,0.8912482261657715,0.04
fire_moderate,Moderate Fire,A*,301,20360830,1,60,79.05382386916236,0.8050162179645567,0.0,0,411.64202585987346,0.0,1.8907098770141602,3,0.7680347453435742,0.8544273972511292,0.022
fire_moderate,Moderate Fire,PPO,301,20360830,0,16,22.627416997969522,0.0,41.012193308819754,0,1.6946591210980841,0.0,0.033315181732177734,3,0.7680347453435742,0.8544273972511292,0.022
fire_moderate,Moderate Fire,A*,302,20360831,1,69,92.61017305526642,0.6871773176453461,0.0,1,411.6558183123072,0.4262385964393616,2.1325440406799316,4,0.781331740652965,0.8684980273246765,0.0332
fire_moderate,Moderate Fire,PPO,302,20360831,0,12,16.970562748477143,0.0,46.66904755831214,0,-26.90704339238644,0.0,0.02056598663330078,4,0.781331740652965,0.8684980273246765,0.0332
fire_moderate,Moderate Fire,A*,303,20360832,1,71,93.78174593052022,0.6785927226598848,0.0,0,409.50121211361824,0.0,2.2451677322387695,3,0.8058258801807517,0.8961601257324219,0.0348
fire_moderate,Moderate Fire,PPO,303,20360832,0,6,8.485281374238571,0.0,55.154328932550705,0,-67.94797857299164,0.0,0.023933887481689453,3,0.8058258801807517,0.8961601257324219,0.0348
fire_moderate,Moderate Fire,A*,304,20360833,0,87,118.06601717798213,0.0,1.4142135623730951,2,182.1834187758431,1.113507479429245,2.042008876800537,4,0.8198417647543197,0.8908060193061829,0.04
fire_moderate,Moderate Fire,PPO,304,20360833,0,19,26.87005768508881,0.0,36.76955262170047,0,22.875338464577965,0.0,0.03761601448059082,4,0.8198417647543197,0.8908060193061829,0.04
fire_moderate,Moderate Fire,A*,305,20360834,1,54,70.56854249492379,0.9018127349217545,0.0,0,411.6380103522762,0.0,1.7660388946533203,4,0.7104574472353681,0.7695812582969666,0.0336
fire_moderate,Moderate Fire,PPO,305,20360834,0,6,8.485281374238571,0.0,55.154328932550705,0,-68.10094256892518,0.0,0.017853975296020508,4,0.7104574472353681,0.7695812582969666,0.0336
fire_moderate,Moderate Fire,A*,306,20360835,1,52,70.22539674441617,0.9062193060781739,0.0,0,412.3279388996417,0.0,1.7909760475158691,4,0.7468873633602147,0.8150706887245178,0.0332
fire_moderate,Moderate Fire,PPO,306,20360835,0,18,25.455844122715714,0.0,38.18376618407357,0,15.319889685626705,0.0,0.035958051681518555,4,0.7468873633602147,0.8150706887245178,0.0332
fire_moderate,Moderate Fire,A*,307,20360836,1,53,70.81118318204308,0.8987225950339376,0.0,0,410.8448446176589,0.0,1.7982966899871826,3,0.7051491565536385,0.7136089205741882,0.0156
fire_moderate,Moderate Fire,PPO,307,20360836,0,21,29.698484809835,0.0,33.94112549695428,0,35.831983460228315,0.0,0.03756380081176758,3,0.7051491565536385,0.7136089205741882,0.0156
fire_moderate,Moderate Fire,A*,308,20360837,1,53,72.46803743153545,0.8781748831947206,0.0,1,413.4267849712037,0.34930166602134705,1.83502197265625,3,0.7632175453946847,0.798403799533844,0.028
fire_moderate,Moderate Fire,PPO,308,20360837,0,21,29.698484809835,0.0,33.94112549695428,2,20.803477079287717,0.8982042968273163,0.08280396461486816,3,0.7632175453946847,0.798403799533844,0.028
fire_moderate,Moderate Fire,A*,309,20360838,1,55,73.63961030678927,0.8642035182106602,0.0,0,411.48043785357896,0.0,1.8134310245513916,4,0.7623002207095748,0.8331968784332275,0.0304
fire_moderate,Moderate Fire,PPO,309,20360838,0,13,18.38477631085024,0.0,45.254833995939045,0,-26.56144963423867,0.0,0.056520938873291016,4,0.7623002207095748,0.8331968784332275,0.0304
fire_moderate,Moderate Fire,A*,310,20360839,1,52,70.22539674441617,0.9062193060781739,0.0,0,412.3406583963546,0.0,1.761970043182373,3,0.8195517337908454,0.852722704410553,0.0344
fire_moderate,Moderate Fire,PPO,310,20360839,0,16,22.627416997969522,0.0,41.012193308819754,1,-5.27117766611218,0.398628830909729,0.05297207832336426,3,0.8195517337908454,0.852722704410553,0.0344
fire_moderate,Moderate Fire,A*,311,20360840,1,52,71.05382386916236,0.8956535600951537,0.0,0,413.11496383792104,0.0,1.7590489387512207,3,0.7978339439698207,0.8252308964729309,0.0348
fire_moderate,Moderate Fire,PPO,311,20360840,0,22,31.112698372208097,0.0,32.526911934581186,2,24.005489157558458,1.2574032545089722,0.1106109619140625,3,0.7978339439698207,0.8252308964729309,0.0348
fire_moderate,Moderate Fire,A*,312,20360841,1,59,75.9827560572969,0.8375533293211959,0.0,0,409.9536851959089,0.0,1.814096212387085,4,0.8159991496493801,0.8650401830673218,0.04
fire_moderate,Moderate Fire,PPO,312,20360841,0,13,18.38477631085024,0.0,45.254833995939045,0,-26.265599232335262,0.0,0.05129408836364746,4,0.8159991496493801,0.8650401830673218,0.04
fire_moderate,Moderate Fire,A*,313,20360842,0,99,127.16652224137049,0.0,4.123105625617661,0,183.59788915818967,0.0,2.095518112182617,4,0.8091384447234746,0.8544824719429016,0.0432
fire_moderate,Moderate Fire,PPO,313,20360842,0,21,29.698484809835,0.0,33.94112549695428,0,37.202506706497246,0.0,0.04170799255371094,4,0.8091384447234746,0.8544824719429016,0.0432
fire_moderate,Moderate Fire,A*,314,20360843,1,54,73.88225099390854,0.8613653408047387,0.0,0,409.72261227532886,0.0,1.9063670635223389,3,0.7764942138357162,0.8755336999893188,0.0284
fire_moderate,Moderate Fire,PPO,314,20360843,0,18,25.455844122715714,0.0,38.18376618407357,0,14.223196436851978,0.0,0.03645801544189453,3,0.7764942138357162,0.8755336999893188,0.0284
fire_moderate,Moderate Fire,A*,315,20360844,1,50,69.05382386916237,0.9215942976216421,0.0,0,413.6008045939333,0.0,1.852311134338379,3,0.7462728815493788,0.845387876033783,0.022
fire_moderate,Moderate Fire,PPO,315,20360844,0,25,35.35533905932738,0.0,28.284271247461902,0,65.75680631974363,0.0,0.04001903533935547,3,0.7462728815493788,0.845387876033783,0.022
fire_moderate,Moderate Fire,A*,316,20360845,1,59,75.1543289325507,0.8467856903346763,0.0,0,413.4609108616781,0.0,1.8439030647277832,4,0.7381979347126348,0.773366391658783,0.0272
fire_moderate,Moderate Fire,PPO,316,20360845,0,17,24.041630560342618,0.0,39.59797974644666,0,1.6925354414192952,0.0,0.060376882553100586,4,0.7381979347126348,0.773366391658783,0.0272
fire_moderate,Moderate Fire,A*,317,20360846,1,54,72.22539674441617,0.8811251052312057,0.0,0,410.6829378727694,0.0,1.7978010177612305,3,0.7299497287742099,0.758356511592865,0.02
fire_moderate,Moderate Fire,PPO,317,20360846,0,22,31.112698372208097,0.0,32.526911934581186,0,42.87292689596026,0.0,0.03496694564819336,3,0.7299497287742099,0.758356511592865,0.02
fire_moderate,Moderate Fire,A*,318,20360847,1,53,72.46803743153545,0.8781748831947206,0.0,0,411.8357458607763,0.0,1.8267252445220947,4,0.8618963769108636,0.8913039565086365,0.046
fire_moderate,Moderate Fire,PPO,318,20360847,0,17,24.041630560342618,0.0,39.59797974644666,1,-1.3845615121399533,0.3990257978439331,0.06433916091918945,4,0.8618963769108636,0.8913039565086365,0.046
fire_moderate,Moderate Fire,A*,319,20360848,1,61,78.81118318204308,0.8074946693769394,0.0,0,409.252820670032,0.0,1.8271749019622803,4,0.8143045192518581,0.8679949045181274,0.04
fire_moderate,Moderate Fire,PPO,319,20360848,0,5,7.0710678118654755,0.0,56.568542494923804,0,-83.68675358177134,0.0,0.03804206848144531,4,0.8143045192518581,0.8679949045181274,0.04
fire_moderate,Moderate Fire,A*,320,20360849,1,49,66.81118318204308,0.9525293113487888,0.0,0,413.30998517591553,0.0,1.6905169486999512,4,0.7791598202036562,0.8915959000587463,0.04
fire_moderate,Moderate Fire,PPO,320,20360849,0,17,24.041630560342618,0.0,39.59797974644666,1,3.362630446032199,0.5667688846588135,0.04220294952392578,4,0.7791598202036562,0.8915959000587463,0.04
fire_moderate,Moderate Fire,A*,321,20360850,1,59,77.63961030678927,0.8196796719525041,0.0,0,411.130948281514,0.0,1.8303239345550537,4,0.8134104933191806,0.8997164368629456,0.0464
fire_moderate,Moderate Fire,PPO,321,20360850,0,13,18.38477631085024,0.0,45.254833995939045,0,-19.443240728048295,0.0,0.03253889083862305,4,0.8134104933191806,0.8997164368629456,0.0464
fire_moderate,Moderate Fire,A*,322,20360851,1,54,74.71067811865474,0.8518141169287408,0.0,0,413.63461874099573,0.0,1.8164558410644531,4,0.794801770824237,0.8507220149040222,0.0396
fire_moderate,Moderate Fire,PPO,322,20360851,0,23,32.52691193458119,0.0,31.11269837220809,0,51.36679513977087,0.0,0.03912496566772461,4,0.794801770824237,0.8507220149040222,0.0396
fire_moderate,Moderate Fire,A*,323,20360852,1,53,69.1543289325507,0.920254903620854,0.0,0,415.82641550699697,0.0,1.7278761863708496,4,0.7537064717903036,0.8649987578392029,0.0336
fire_moderate,Moderate Fire,PPO,323,20360852,0,20,28.284271247461906,0.0,35.35533905932738,0,30.511742245250474,0.0,0.033563852310180664,4,0.7537064717903036,0.8649987578392029,0.0336
fire_moderate,Moderate Fire,A*,324,20360853,1,54,71.39696961966997,0.8913488996213149,0.0,0,413.2854771924677,0.0,1.7642879486083984,3,0.775729779486289,0.8464167714118958,0.022
fire_moderate,Moderate Fire,PPO,324,20360853,0,16,22.627416997969522,0.0,41.012193308819754,1,-6.701894992696452,0.5794534683227539,0.05629992485046387,3,0.775729779486289,0.8464167714118958,0.022
fire_moderate,Moderate Fire,A*,325,20360854,1,66,87.53910524340094,0.7269849301045569,0.0,0,411.89145617508046,0.0,1.9806199073791504,4,0.8024608744898475,0.8884580135345459,0.04
fire_moderate,Moderate Fire,PPO,325,20360854,0,12,16.970562748477143,0.0,46.66904755831214,0,-26.198683696531845,0.0,0.020309925079345703,4,0.8024608744898475,0.8884580135345459,0.04
fire_moderate,Moderate Fire,A*,326,20360855,1,60,79.88225099390857,0.796667714229061,0.0,0,411.9076772252947,0.0,1.841465950012207,4,0.7746358343487152,0.8422868251800537,0.0256
fire_moderate,Moderate Fire,PPO,326,20360855,0,16,22.627416997969522,0.0,41.012193308819754,0,-5.489575285485898,0.0,0.031385183334350586,4,0.7746358343487152,0.8422868251800537,0.0256
fire_moderate,Moderate Fire,A*,327,20360856,1,72,93.53910524340095,0.6803529939824708,0.0,0,410.757424014292,0.0,2.0511322021484375,4,0.7951530685605994,0.896822988986969,0.04
fire_moderate,Moderate Fire,PPO,327,20360856,0,13,18.38477631085024,0.0,45.254833995939045,0,-24.60094976863229,0.0,0.032781124114990234,4,0.7951530685605994,0.896822988986969,0.04
fire_moderate,Moderate Fire,A*,328,20360857,1,68,89.53910524340094,0.7107465518422694,0.0,1,395.56238471393357,0.5980688333511353,2.030228853225708,4,0.7868059900485634,0.8908587694168091,0.04
fire_moderate,Moderate Fire,PPO,328,20360857,0,1,1.4142135623730951,0.0,62.22539674441618,1,-102.93193803182686,0.7475860118865967,0.020441055297851562,4,0.7868059900485634,0.8908587694168091,0.04
fire_moderate,Moderate Fire,A*,329,20360858,1,58,76.22539674441617,0.8348872295171248,0.0,0,409.6215364270395,0.0,1.836777925491333,3,0.6939914778200224,0.7453374266624451,0.0156
fire_moderate,Moderate Fire,PPO,329,20360858,0,5,7.0710678118654755,0.0,56.568542494923804,0,-75.87658159018466,0.0,0.02284979820251465,3,0.6939914778200224,0.7453374266624451,0.0156
fire_moderate,Moderate Fire,A*,330,20360859,1,58,77.05382386916237,0.8259111243440628,0.0,0,414.08893412061497,0.0,1.8358502388000488,4,0.7671051166048399,0.8896011114120483,0.0336
fire_moderate,Moderate Fire,PPO,330,20360859,0,16,22.627416997969522,0.0,41.012193308819754,0,2.0108563742214756,0.0,0.035276174545288086,4,0.7671051166048399,0.8896011114120483,0.0336
fire_moderate,Moderate Fire,A*,331,20360860,1,52,69.39696961966999,0.9170373094901131,0.0,0,413.8541976417498,0.0,1.7676517963409424,3,0.7402135233450847,0.7808253169059753,0.0284
fire_moderate,Moderate Fire,PPO,331,20360860,0,23,32.52691193458119,0.0,31.11269837220809,0,51.99181220174596,0.0,0.04378700256347656,3,0.7402135233450847,0.7808253169059753,0.0284
fire_moderate,Moderate Fire,A*,332,20360861,1,53,72.46803743153545,0.8781748831947206,0.0,0,410.78088946537156,0.0,1.8181519508361816,3,0.7760565158515536,0.8974646329879761,0.02
fire_moderate,Moderate Fire,PPO,332,20360861,0,15,21.21320343559643,0.0,42.42640687119285,0,-10.535633218691018,0.0,0.05949807167053223,3,0.7760565158515536,0.8974646329879761,0.02
fire_moderate,Moderate Fire,A*,333,20360862,1,57,74.8111831820431,0.8506697474885636,0.0,0,409.4539569901056,0.0,1.827207088470459,4,0.7899516917323248,0.8713214993476868,0.04
fire_moderate,Moderate Fire,PPO,333,20360862,0,7,9.899494936611667,0.0,53.74011537017761,0,-69.8592609092212,0.0,0.03288888931274414,4,0.7899516917323248,0.8713214993476868,0.04
fire_moderate,Moderate Fire,A*,334,20360863,1,63,80.81118318204307,0.7875099435610112,0.0,0,414.92432277864174,0.0,1.969938039779663,4,0.8345671846563296,0.8964848518371582,0.046
fire_moderate,Moderate Fire,PPO,334,20360863,0,18,25.455844122715714,0.0,38.18376618407357,0,16.51640895906182,0.0,0.03323006629943848,4,0.8345671846563296,0.8964848518371582,0.046
fire_moderate,Moderate Fire,A*,335,20360864,1,53,69.98275605729688,0.9093613040144591,0.0,0,412.44252645584913,0.0,1.7520110607147217,3,0.7656352934969747,0.8096047639846802,0.022
fire_moderate,Moderate Fire,PPO,335,20360864,0,15,21.21320343559643,0.0,42.42640687119285,1,-12.04523648063865,0.41467881202697754,0.04195713996887207,3,0.7656352934969747,0.8096047639846802,0.022
fire_moderate,Moderate Fire,A*,336,20360865,1,50,67.39696961966999,0.944250322617115,0.0,0,412.71623498613275,0.0,1.7396409511566162,4,0.7689198160804,0.8647862076759338,0.0336
fire_moderate,Moderate Fire,PPO,336,20360865,0,24,33.941125496954285,0.0,29.698484809834994,1,50.22549171860834,0.6485896706581116,0.043129920959472656,4,0.7689198160804,0.8647862076759338,0.0336
fire_moderate,Moderate Fire,A*,337,20360866,1,61,81.29646455628165,0.7828090760666658,0.0,0,410.159894589439,0.0,1.9016361236572266,3,0.7085623118750646,0.7916194796562195,0.022
fire_moderate,Moderate Fire,PPO,337,20360866,0,11,15.556349186104049,0.0,48.08326112068523,0,-32.766045289757486,0.0,0.027419090270996094,3,0.7085623118750646,0.7916194796562195,0.022
fire_moderate,Moderate Fire,A*,338,20360867,1,77,98.12489168102785,0.6485572540926821,0.0,0,411.0592887550968,0.0,2.257591724395752,4,0.8193129033116826,0.8379032015800476,0.0464
fire_moderate,Moderate Fire,PPO,338,20360867,0,3,4.242640687119286,0.0,59.39696961966999,0,-88.68832312549733,0.0,0.025059223175048828,4,0.8193129033116826,0.8379032015800476,0.0464
fire_moderate,Moderate Fire,A*,339,20360868,1,61,81.29646455628165,0.7828090760666658,0.0,0,408.708935370948,0.0,1.929286241531372,4,0.6707733688219213,0.6847825646400452,0.0208
fire_moderate,Moderate Fire,PPO,339,20360868,0,6,8.485281374238571,0.0,55.154328932550705,0,-82.68240914786139,0.0,0.08378815650939941,4,0.6707733688219213,0.6847825646400452,0.0208
fire_moderate,Moderate Fire,A*,340,20360869,1,61,79.63961030678927,0.7990949486271408,0.0,0,413.89122009184916,0.0,1.9669809341430664,4,0.7186498726492789,0.7530486583709717,0.0272
fire_moderate,Moderate Fire,PPO,340,20360869,0,20,28.284271247461906,0.0,35.35533905932738,2,17.82552063969169,1.2237041592597961,0.08196282386779785,4,0.7186498726492789,0.7530486583709717,0.0272
fire_moderate,Moderate Fire,A*,341,20360870,1,53,72.46803743153545,0.8781748831947206,0.0,0,412.3350153455887,0.0,1.7722859382629395,3,0.7756890605427834,0.8072559833526611,0.0284
fire_moderate,Moderate Fire,PPO,341,20360870,0,14,19.798989873223334,0.0,43.840620433565945,0,-27.634830639128722,0.0,0.0787971019744873,3,0.7756890605427834,0.8072559833526611,0.0284
fire_moderate,Moderate Fire,A*,342,20360871,1,49,66.81118318204308,0.9525293113487888,0.0,1,413.21062935276535,0.35087671875953674,1.687183141708374,4,0.8035003474981451,0.8830342888832092,0.04
fire_moderate,Moderate Fire,PPO,342,20360871,0,16,22.627416997969522,0.0,41.012193308819754,1,-5.12537629594226,0.5513777136802673,0.04285788536071777,4,0.8035003474981451,0.8830342888832092,0.04
fire_moderate,Moderate Fire,A*,343,20360872,1,53,71.63961030678927,0.8883299341559675,0.0,0,409.4278090455507,0.0,1.7653591632843018,4,0.7255359953594389,0.8202170729637146,0.0268
fire_moderate,Moderate Fire,PPO,343,20360872,0,21,29.698484809835,0.0,33.94112549695428,0,28.556955391221294,0.0,0.05686807632446289,4,0.7255359953594389,0.8202170729637146,0.0268
fire_moderate,Moderate Fire,A*,344,20360873,1,54,73.88225099390854,0.8613653408047387,0.0,0,410.3133321088417,0.0,1.7878341674804688,4,0.7861217382190218,0.8766767382621765,0.026
fire_moderate,Moderate Fire,PPO,344,20360873,0,23,32.52691193458119,0.0,31.11269837220809,1,51.11027271159246,0.4318155348300934,0.03982210159301758,4,0.7861217382190218,0.8766767382621765,0.026
fire_moderate,Moderate Fire,A*,345,20360874,1,50,66.5685424949238,0.9560012570748733,0.0,0,413.19260438415654,0.0,1.8064329624176025,4,0.7636298149393729,0.8498421311378479,0.0336
fire_moderate,Moderate Fire,PPO,345,20360874,0,17,24.041630560342618,0.0,39.59797974644666,1,-4.721793632453682,0.3800084590911865,0.07757186889648438,4,0.7636298149393729,0.8498421311378479,0.0336
fire_moderate,Moderate Fire,A*,346,20360875,1,57,74.81118318204308,0.8506697474885638,0.0,0,413.7615191139366,0.0,1.8337867259979248,4,0.7999376159086804,0.8921290040016174,0.0336
fire_moderate,Moderate Fire,PPO,346,20360875,0,22,31.112698372208097,0.0,32.526911934581186,0,35.488647939720266,0.0,0.0684211254119873,4,0.7999376159086804,0.8921290040016174,0.0336
fire_moderate,Moderate Fire,A*,347,20360876,1,57,73.9827560572969,0.8601951819354062,0.0,0,413.66021517192587,0.0,1.821732759475708,4,0.7500813288442444,0.8722920417785645,0.0328
fire_moderate,Moderate Fire,PPO,347,20360876,0,14,19.798989873223334,0.0,43.840620433565945,0,-17.755570394044753,0.0,0.046813011169433594,4,0.7500813288442444,0.8722920417785645,0.0328
fire_moderate,Moderate Fire,A*,348,20360877,1,54,72.22539674441617,0.8811251052312057,0.0,1,408.93823701627804,0.3386799991130829,1.800504207611084,4,0.7520003301152502,0.8143945336341858,0.04
fire_moderate,Moderate Fire,PPO,348,20360877,0,16,22.627416997969522,0.0,41.012193308819754,0,-5.363846937746985,0.0,0.05381011962890625,4,0.7520003301152502,0.8143945336341858,0.04
fire_moderate,Moderate Fire,A*,349,20360878,1,55,72.81118318204307,0.8740362060547354,0.0,0,409.785243120405,0.0,1.7887916564941406,4,0.7616740227621719,0.860644519329071,0.04
fire_moderate,Moderate Fire,PPO,349,20360878,0,7,9.899494936611667,0.0,53.74011537017761,0,-67.86660849299196,0.0,0.03397703170776367,4,0.7616740227621719,0.860644519329071,0.04
fire_moderate,Moderate Fire,A*,350,20360879,1,53,72.46803743153545,0.8781748831947206,0.0,0,413.10812279447504,0.0,1.7824490070343018,3,0.7119167249791708,0.7403740882873535,0.0156
fire_moderate,Moderate Fire,PPO,350,20360879,0,23,32.52691193458119,0.0,31.11269837220809,0,44.401215185933594,0.0,0.05806899070739746,3,0.7119167249791708,0.7403740882873535,0.0156
fire_moderate,Moderate Fire,A*,351,20360880,1,48,65.39696961966999,0.9731278173422866,0.0,1,413.5348023882151,0.3880845308303833,1.6970341205596924,4,0.8756925771180195,0.8912144303321838,0.0464
fire_moderate,Moderate Fire,PPO,351,20360880,0,25,35.35533905932738,0.0,28.284271247461902,3,48.443273400587245,2.1067445278167725,0.05631685256958008,4,0.8756925771180195,0.8912144303321838,0.0464
fire_moderate,Moderate Fire,A*,352,20360881,1,54,73.88225099390856,0.8613653408047386,0.0,0,412.45776269199087,0.0,1.7843589782714844,3,0.7583607380308702,0.8110492825508118,0.0284
fire_moderate,Moderate Fire,PPO,352,20360881,0,14,19.798989873223334,0.0,43.840620433565945,0,-12.46654638042628,0.0,0.028859853744506836,3,0.7583607380308702,0.8110492825508118,0.0284
fire_moderate,Moderate Fire,A*,353,20360882,1,55,74.46803743153545,0.8545895998037866,0.0,2,409.42770646651877,1.0227679312229156,1.8011481761932373,3,0.8254210841330174,0.861278235912323,0.0348
fire_moderate,Moderate Fire,PPO,353,20360882,0,18,25.455844122715714,0.0,38.18376618407357,1,16.45685515307575,0.4306391179561615,0.02890610694885254,3,0.8254210841330174,0.861278235912323,0.0348
fire_moderate,Moderate Fire,A*,354,20360883,1,51,70.46803743153546,0.903098945654894,0.0,0,411.90591623081,0.0,1.817310094833374,4,0.7579779495460496,0.7885663509368896,0.0336
fire_moderate,Moderate Fire,PPO,354,20360883,0,25,35.35533905932738,0.0,28.284271247461902,0,64.30868953856246,0.0,0.03726816177368164,4,0.7579779495460496,0.7885663509368896,0.0336
fire_moderate,Moderate Fire,A*,355,20360884,1,149,190.0071426749364,0.33493272626947357,0.0,0,415.42421133482435,0.0,3.6060099601745605,4,0.7558287082683861,0.8327045440673828,0.04
fire_moderate,Moderate Fire,PPO,355,20360884,0,18,25.455844122715714,0.0,38.18376618407357,0,10.18566204328151,0.0,0.04390573501586914,4,0.7558287082683861,0.8327045440673828,0.04
fire_moderate,Moderate Fire,A*,356,20360885,1,57,74.81118318204308,0.8506697474885638,0.0,0,405.99391482535003,0.0,1.844517707824707,3,0.7991148947678021,0.8941471576690674,0.0284
fire_moderate,Moderate Fire,PPO,356,20360885,0,4,5.656854249492381,0.0,57.982756057296896,0,-81.96266100204116,0.0,0.011961936950683594,3,0.7991148947678021,0.8941471576690674,0.0284
fire_moderate,Moderate Fire,A*,357,20360886,1,53,73.29646455628165,0.8682493854519104,0.0,0,412.4697395445748,0.0,1.8454689979553223,3,0.7941739013841643,0.8525338172912598,0.0328
fire_moderate,Moderate Fire,PPO,357,20360886,0,24,33.941125496954285,0.0,29.698484809834994,0,58.45150775637609,0.0,0.04001617431640625,3,0.7941739013841643,0.8525338172912598,0.0328
fire_moderate,Moderate Fire,A*,358,20360887,1,53,69.98275605729688,0.9093613040144591,0.0,0,413.4644673105253,0.0,1.7860159873962402,4,0.7082623166816361,0.7618879675865173,0.0228
fire_moderate,Moderate Fire,PPO,358,20360887,0,19,26.87005768508881,0.0,36.76955262170047,0,14.691514914843594,0.0,0.06144905090332031,4,0.7082623166816361,0.7618879675865173,0.0228
fire_moderate,Moderate Fire,A*,359,20360888,1,56,72.5685424949238,0.8769586396370148,0.0,0,411.6590372236897,0.0,1.797645092010498,4,0.834881944602734,0.8721626400947571,0.0436
fire_moderate,Moderate Fire,PPO,359,20360888,0,1,1.4142135623730951,0.0,62.22539674441618,1,-102.7697859799012,0.36834442615509033,0.017845869064331055,4,0.834881944602734,0.8721626400947571,0.0436
fire_moderate,Moderate Fire,A*,360,20360889,1,47,65.63961030678927,0.9695305930267974,0.0,2,413.0644616677029,0.7184029519557953,1.7683217525482178,3,0.7672485423726974,0.8155787587165833,0.0284
fire_moderate,Moderate Fire,PPO,360,20360889,0,15,21.21320343559643,0.0,42.42640687119285,2,-13.267750153758115,1.2452317476272583,0.03362417221069336,3,0.7672485423726974,0.8155787587165833,0.0284
fire_moderate,Moderate Fire,A*,361,20360890,1,57,73.15432893255071,0.8699363555841769,0.0,0,409.9732495474189,0.0,1.7746927738189697,4,0.7861157276780615,0.8843116760253906,0.04
fire_moderate,Moderate Fire,PPO,361,20360890,0,9,12.727922061357857,0.0,50.91168824543142,1,-54.53224054911343,0.3392621576786041,0.03795623779296875,4,0.7861157276780615,0.8843116760253906,0.04
fire_moderate,Moderate Fire,A*,362,20360891,0,1,1.4142135623730951,0.0,63.655321851358195,1,-109.5029034068961,0.34180113673210144,0.1722240447998047,3,0.7691486476073668,0.7936645150184631,0.0276
fire_moderate,Moderate Fire,PPO,362,20360891,0,1,1.4142135623730951,0.0,62.22539674441618,1,-102.75780544630135,0.7324310541152954,0.02297186851501465,3,0.7691486476073668,0.7936645150184631,0.0276
fire_moderate,Moderate Fire,A*,363,20360892,1,78,102.8528137423857,0.6187444756366773,0.0,0,412.90661903098913,0.0,2.283933401107788,4,0.7752887662490737,0.8738013505935669,0.0336
fire_moderate,Moderate Fire,PPO,363,20360892,0,23,32.52691193458119,0.0,31.11269837220809,0,47.72716969389721,0.0,0.05914497375488281,4,0.7752887662490737,0.8738013505935669,0.0336
fire_moderate,Moderate Fire,A*,364,20360893,1,51,69.63961030678928,0.9138421370601058,0.0,0,412.0205007463125,0.0,1.8708207607269287,3,0.8353720717847691,0.8772657513618469,0.0348
fire_moderate,Moderate Fire,PPO,364,20360893,0,22,31.112698372208097,0.0,32.526911934581186,2,26.930015317342367,1.3165168166160583,0.07259488105773926,3,0.8353720717847691,0.8772657513618469,0.0348
fire_moderate,Moderate Fire,A*,365,20360894,1,51,70.46803743153546,0.903098945654894,0.0,0,411.8153633408236,0.0,1.7476999759674072,3,0.7814719127657522,0.8574054837226868,0.028
fire_moderate,Moderate Fire,PPO,365,20360894,0,19,26.87005768508881,0.0,36.76955262170047,0,22.85777519009804,0.0,0.045140981674194336,3,0.7814719127657522,0.8574054837226868,0.028
fire_moderate,Moderate Fire,A*,366,20360895,1,65,82.8111831820431,0.7684905330586919,0.0,0,413.934752283834,0.0,1.974679946899414,4,0.7980721771887664,0.8712794184684753,0.04
fire_moderate,Moderate Fire,PPO,366,20360895,0,18,25.455844122715714,0.0,38.18376618407357,0,16.084268634217253,0.0,0.03504824638366699,4,0.7980721771887664,0.8712794184684753,0.04
fire_moderate,Moderate Fire,A*,367,20360896,1,55,73.63961030678928,0.8642035182106601,0.0,0,412.6453284849302,0.0,1.7819750308990479,3,0.7553259003186387,0.7718929052352905,0.022
fire_moderate,Moderate Fire,PPO,367,20360896,0,21,29.698484809835,0.0,33.94112549695428,0,29.15407303263541,0.0,0.05679678916931152,3,0.7553259003186387,0.7718929052352905,0.022
fire_moderate,Moderate Fire,A*,368,20360897,0,2,2.414213562373095,0.0,62.96824596572466,1,-112.44343787701992,0.5367066860198975,0.20389699935913086,3,0.7722836780985124,0.7949060201644897,0.028
fire_moderate,Moderate Fire,PPO,368,20360897,0,1,1.4142135623730951,0.0,62.22539674441618,1,-102.41012022844399,0.6830812692642212,0.02004098892211914,3,0.7722836780985124,0.7949060201644897,0.028
fire_moderate,Moderate Fire,A*,369,20360898,1,53,71.63961030678927,0.8883299341559675,0.0,0,411.45967492113846,0.0,1.8458452224731445,3,0.7514456154273831,0.7841110229492188,0.0284
fire_moderate,Moderate Fire,PPO,369,20360898,0,16,22.627416997969522,0.0,41.012193308819754,0,-9.964986697651511,0.0,0.08120012283325195,3,0.7514456154273831,0.7841110229492188,0.0284
fire_moderate,Moderate Fire,A*,370,20360899,1,53,71.63961030678927,0.8883299341559675,0.0,0,409.5809043805031,0.0,1.7393782138824463,4,0.7989735784513585,0.8916064500808716,0.04
fire_moderate,Moderate Fire,PPO,370,20360899,0,9,12.727922061357857,0.0,50.91168824543142,0,-47.18209252806273,0.0,0.025847911834716797,4,0.7989735784513585,0.8916064500808716,0.04
fire_moderate,Moderate Fire,A*,371,20360900,1,49,67.63961030678928,0.9408630537364508,0.0,0,413.4295998056864,0.0,1.7329039573669434,3,0.7299898902906912,0.7690479159355164,0.0284
fire_moderate,Moderate Fire,PPO,371,20360900,0,23,32.52691193458119,0.0,31.11269837220809,1,51.57616314478746,0.5238773226737976,0.03176593780517578,3,0.7299898902906912,0.7690479159355164,0.0284
fire_moderate,Moderate Fire,A*,372,20360901,1,52,71.05382386916237,0.8956535600951536,0.0,0,413.3747835501095,0.0,1.7772622108459473,3,0.7713903452824863,0.8871713876724243,0.022
fire_moderate,Moderate Fire,PPO,372,20360901,0,24,33.941125496954285,0.0,29.698484809834994,1,58.42355308750217,0.44358569383621216,0.03690814971923828,3,0.7713903452824863,0.8871713876724243,0.022
fire_moderate,Moderate Fire,A*,373,20360902,1,58,76.22539674441617,0.8348872295171248,0.0,0,407.7423484729095,0.0,1.8374049663543701,3,0.7617099360626146,0.8833028674125671,0.022
fire_moderate,Moderate Fire,PPO,373,20360902,0,8,11.313708498984761,0.0,52.32590180780452,0,-54.11484903945321,0.0,0.0285797119140625,3,0.7617099360626146,0.8833028674125671,0.022
fire_moderate,Moderate Fire,A*,374,20360903,1,56,75.05382386916239,0.847919626556657,0.0,1,407.183649902938,0.3528158664703369,1.8141181468963623,4,0.7973112880006573,0.8738183975219727,0.04
fire_moderate,Moderate Fire,PPO,374,20360903,0,1,1.4142135623730951,0.0,62.22539674441618,0,-103.00468073240364,0.0,0.0233919620513916,4,0.7973112880006573,0.8738183975219727,0.04
fire_moderate,Moderate Fire,A*,375,20360904,1,53,73.29646455628165,0.8682493854519104,0.0,0,412.57635418759145,0.0,1.78416109085083,4,0.7865245700590539,0.8330429792404175,0.04
fire_moderate,Moderate Fire,PPO,375,20360904,0,21,29.698484809835,0.0,33.94112549695428,0,35.9732781933902,0.0,0.03994417190551758,4,0.7865245700590539,0.8330429792404175,0.04
fire_moderate,Moderate Fire,A*,376,20360905,1,57,76.46803743153548,0.8322380493126695,0.0,0,411.54171692802976,0.0,1.8186869621276855,4,0.8160971187329211,0.8711988925933838,0.04
fire_moderate,Moderate Fire,PPO,376,20360905,0,14,19.798989873223334,0.0,43.840620433565945,0,-12.873515297847007,0.0,0.03283095359802246,4,0.8160971187329211,0.8711988925933838,0.04
fire_moderate,Moderate Fire,A*,377,20360906,1,53,69.98275605729688,0.9093613040144591,0.0,0,413.31482242971094,0.0,1.7247052192687988,3,0.7078228108721697,0.7423113584518433,0.0156
fire_moderate,Moderate Fire,PPO,377,20360906,0,8,11.313708498984761,0.0,52.32590180780452,0,-61.11637764899725,0.0,0.032263755798339844,3,0.7078228108721697,0.7423113584518433,0.0156
fire_moderate,Moderate Fire,A*,378,20360907,1,57,75.63961030678928,0.8413529637272219,0.0,0,412.04095653029793,0.0,1.9263050556182861,4,0.7453390767712437,0.7939148545265198,0.0328
fire_moderate,Moderate Fire,PPO,378,20360907,0,16,22.627416997969522,0.0,41.012193308819754,0,1.654070940600377,0.0,0.03543496131896973,4,0.7453390767712437,0.7939148545265198,0.0328
fire_moderate,Moderate Fire,A*,379,20360908,1,55,75.29646455628163,0.8451872299956495,0.0,0,413.2260157136806,0.0,1.885673999786377,3,0.6994016361181767,0.721836507320404,0.0156
fire_moderate,Moderate Fire,PPO,379,20360908,0,15,21.21320343559643,0.0,42.42640687119285,0,-5.005447661434445,0.0,0.03326678276062012,3,0.6994016361181767,0.721836507320404,0.0156
fire_moderate,Moderate Fire,A*,380,20360909,1,52,71.05382386916236,0.8956535600951537,0.0,0,412.04865739091275,0.0,1.7768027782440186,3,0.6936159505602609,0.7352948188781738,0.0156
fire_moderate,Moderate Fire,PPO,380,20360909,0,15,21.21320343559643,0.0,42.42640687119285,0,-5.428846750159082,0.0,0.029417037963867188,3,0.6936159505602609,0.7352948188781738,0.0156
fire_moderate,Moderate Fire,A*,381,20360910,1,70,91.53910524340094,0.6952177447832009,0.0,0,410.6530780304319,0.0,2.035386085510254,4,0.8089327120461023,0.8922021985054016,0.0348
fire_moderate,Moderate Fire,PPO,381,20360910,0,20,28.284271247461906,0.0,35.35533905932738,0,20.498514282960144,0.0,0.04896092414855957,4,0.8089327120461023,0.8922021985054016,0.0348
fire_moderate,Moderate Fire,A*,382,20360911,1,54,70.56854249492379,0.9018127349217545,0.0,0,410.04206983037284,0.0,1.8072028160095215,3,0.8835792470653843,0.8986712098121643,0.032
fire_moderate,Moderate Fire,PPO,382,20360911,0,3,4.242640687119286,0.0,59.39696961966999,0,-88.89867451436152,0.0,0.013617277145385742,3,0.8835792470653843,0.8986712098121643,0.032
fire_moderate,Moderate Fire,A*,383,20360912,1,52,68.56854249492379,0.9281167134550161,0.0,0,413.44809499317114,0.0,1.749772071838379,4,0.8087976389260179,0.8625576496124268,0.0376
fire_moderate,Moderate Fire,PPO,383,20360912,0,23,32.52691193458119,0.0,31.11269837220809,0,47.89777618896794,0.0,0.058589935302734375,4,0.8087976389260179,0.8625576496124268,0.0376
fire_moderate,Moderate Fire,A*,384,20360913,1,54,71.39696961966999,0.8913488996213147,0.0,0,413.80974501698927,0.0,1.7729160785675049,4,0.7220930583991655,0.8397266864776611,0.0272
fire_moderate,Moderate Fire,PPO,384,20360913,0,26,36.76955262170047,0.0,26.870057685088806,2,63.980701571149055,0.8770983815193176,0.04547715187072754,4,0.7220930583991655,0.8397266864776611,0.0272
fire_moderate,Moderate Fire,A*,385,20360914,1,54,71.39696961966997,0.8913488996213149,0.0,0,412.12548234887345,0.0,1.8229749202728271,4,0.8185869364544622,0.898252010345459,0.0384
fire_moderate,Moderate Fire,PPO,385,20360914,0,18,25.455844122715714,0.0,38.18376618407357,1,9.44332774123238,0.4491260051727295,0.06141805648803711,4,0.8185869364544622,0.898252010345459,0.0384
fire_moderate,Moderate Fire,A*,386,20360915,1,53,72.46803743153546,0.8781748831947204,0.0,0,411.41525217671585,0.0,1.8705568313598633,4,0.7588591671713132,0.8250951766967773,0.0332
fire_moderate,Moderate Fire,PPO,386,20360915,0,15,21.21320343559643,0.0,42.42640687119285,0,-5.311039826702981,0.0,0.03437399864196777,4,0.7588591671713132,0.8250951766967773,0.0332
fire_moderate,Moderate Fire,A*,387,20360916,1,54,72.22539674441617,0.8811251052312057,0.0,0,412.57932646560073,0.0,1.847297191619873,4,0.729056023457756,0.8561790585517883,0.0264
fire_moderate,Moderate Fire,PPO,387,20360916,0,16,22.627416997969522,0.0,41.012193308819754,0,2.0119874161232474,0.0,0.0338129997253418,4,0.729056023457756,0.8561790585517883,0.0264
fire_moderate,Moderate Fire,A*,388,20360917,1,54,73.05382386916236,0.8711331855915755,0.0,0,413.81534568242154,0.0,1.8185880184173584,3,0.7745694772660117,0.8901491165161133,0.0284
fire_moderate,Moderate Fire,PPO,388,20360917,0,19,26.87005768508881,0.0,36.76955262170047,0,22.937100410763435,0.0,0.033590078353881836,3,0.7745694772660117,0.8901491165161133,0.0284
fire_moderate,Moderate Fire,A*,389,20360918,1,62,80.22539674441617,0.7932601506419936,0.0,0,414.3319305445487,0.0,1.9581527709960938,4,0.7389984783091517,0.8111633658409119,0.0336
fire_moderate,Moderate Fire,PPO,389,20360918,0,19,26.87005768508881,0.0,36.76955262170047,0,18.548872429206597,0.0,0.05519580841064453,4,0.7389984783091517,0.8111633658409119,0.0336
fire_moderate,Moderate Fire,A*,390,20360919,1,54,73.88225099390854,0.8613653408047387,0.0,0,411.3096741653486,0.0,2.35939621925354,4,0.7417977563068184,0.7937358021736145,0.0336
fire_moderate,Moderate Fire,PPO,390,20360919,0,22,31.112698372208097,0.0,32.526911934581186,0,40.05303733175535,0.0,0.07595491409301758,4,0.7417977563068184,0.7937358021736145,0.0336
fire_moderate,Moderate Fire,A*,391,20360920,1,58,74.5685424949238,0.8534377658128627,0.0,0,413.31567264886564,0.0,2.0116450786590576,3,0.8158579819569914,0.8472527265548706,0.0348
fire_moderate,Moderate Fire,PPO,391,20360920,0,18,25.455844122715714,0.0,38.18376618407357,0,15.752726220082124,0.0,0.03997802734375,3,0.8158579819569914,0.8472527265548706,0.0348
fire_moderate,Moderate Fire,A*,392,20360921,0,1,1.4142135623730951,0.0,62.22539674441618,1,-102.90148244253243,0.5348554849624634,0.21015405654907227,4,0.7471982429787465,0.7779715657234192,0.0332
fire_moderate,Moderate Fire,PPO,392,20360921,0,1,1.4142135623730951,0.0,62.22539674441618,1,-102.90148244253243,0.5348554849624634,0.001027822494506836,4,0.7471982429787465,0.7779715657234192,0.0332
fire_moderate,Moderate Fire,A*,393,20360922,1,57,73.15432893255071,0.8699363555841769,0.0,0,413.2993091842941,0.0,2.1062729358673096,3,0.785710246136159,0.8890157341957092,0.0284
fire_moderate,Moderate Fire,PPO,393,20360922,0,12,16.970562748477143,0.0,46.66904755831214,0,-26.52250704963288,0.0,0.0358579158782959,3,0.785710246136159,0.8890157341957092,0.0284
fire_moderate,Moderate Fire,A*,394,20360923,1,52,68.56854249492379,0.9281167134550161,0.0,0,412.52106618274337,0.0,1.9202320575714111,3,0.7348858382520381,0.7926295399665833,0.0284
fire_moderate,Moderate Fire,PPO,394,20360923,0,21,29.698484809835,0.0,33.94112549695428,0,34.836236537135704,0.0,0.05461573600769043,3,0.7348858382520381,0.7926295399665833,0.0284
fire_moderate,Moderate Fire,A*,395,20360924,1,53,72.46803743153545,0.8781748831947206,0.0,0,409.2003023028168,0.0,1.8297531604766846,4,0.7701807472226887,0.8621379733085632,0.0336
fire_moderate,Moderate Fire,PPO,395,20360924,0,15,21.21320343559643,0.0,42.42640687119285,0,-14.236785215563359,0.0,0.05230879783630371,4,0.7701807472226887,0.8621379733085632,0.0336
fire_moderate,Moderate Fire,A*,396,20360925,1,53,72.46803743153545,0.8781748831947206,0.0,0,412.6756556608946,0.0,1.8308098316192627,4,0.7429258028650045,0.8501623272895813,0.0272
fire_moderate,Moderate Fire,PPO,396,20360925,0,18,25.455844122715714,0.0,38.18376618407357,0,9.785047265235946,0.0,0.05406904220581055,4,0.7429258028650045,0.8501623272895813,0.0272
fire_moderate,Moderate Fire,A*,397,20360926,1,57,73.9827560572969,0.8601951819354062,0.0,0,411.1326901378702,0.0,1.8082711696624756,3,0.8662053423941508,0.8974931240081787,0.0348
fire_moderate,Moderate Fire,PPO,397,20360926,0,5,7.0710678118654755,0.0,56.568542494923804,0,-82.33233697296092,0.0,0.030726194381713867,3,0.8662053423941508,0.8974931240081787,0.0348
fire_moderate,Moderate Fire,A*,398,20360927,0,78,101.19595949289332,0.0,2.0,1,182.03375676667804,0.6417972445487976,1.9308192729949951,4,0.7883422313763883,0.8557296991348267,0.0388
fire_moderate,Moderate Fire,PPO,398,20360927,0,25,35.35533905932738,0.0,28.284271247461902,0,57.53948714528802,0.0,0.05426216125488281,4,0.7883422313763883,0.8557296991348267,0.0388
fire_moderate,Moderate Fire,A*,399,20360928,1,57,75.63961030678928,0.8413529637272219,0.0,0,413.6187708254549,0.0,1.8344581127166748,4,0.8279311111587401,0.8966013193130493,0.0464
fire_moderate,Moderate Fire,PPO,399,20360928,0,16,22.627416997969522,0.0,41.012193308819754,0,1.7247589373109804,0.0,0.04041409492492676,4,0.8279311111587401,0.8966013193130493,0.0464
fire_moderate,Moderate Fire,A*,400,20360929,1,50,69.05382386916237,0.9215942976216421,0.0,0,411.7330661179634,0.0,1.8089559078216553,3,0.7972230644724938,0.873778760433197,0.0284
fire_moderate,Moderate Fire,PPO,400,20360929,0,16,22.627416997969522,0.0,41.012193308819754,0,-2.980200296743533,0.0,0.05539417266845703,3,0.7972230644724938,0.873778760433197,0.0284
fire_moderate,Moderate Fire,A*,401,20360930,1,60,78.22539674441617,0.8135415473150919,0.0,0,414.24841805085003,0.0,1.9521441459655762,3,0.7701022439217188,0.892128050327301,0.022
fire_moderate,Moderate Fire,PPO,401,20360930,0,23,32.52691193458119,0.0,31.11269837220809,0,51.67088011658579,0.0,0.035691022872924805,3,0.7701022439217188,0.892128050327301,0.022
fire_moderate,Moderate Fire,A*,402,20360931,1,56,76.71067811865476,0.8296056281545657,0.0,0,411.4866075171917,0.0,1.7894079685211182,3,0.7676328748910878,0.8099221587181091,0.0284
fire_moderate,Moderate Fire,PPO,402,20360931,0,19,26.87005768508881,0.0,36.76955262170047,1,20.130800351546497,0.40496107935905457,0.055117130279541016,3,0.7676328748910878,0.8099221587181091,0.0284
fire_moderate,Moderate Fire,A*,403,20360932,1,54,73.05382386916236,0.8711331855915755,0.0,0,413.6131190732817,0.0,1.7612228393554688,4,0.8260912230492701,0.891298234462738,0.04
fire_moderate,Moderate Fire,PPO,403,20360932,0,19,26.87005768508881,0.0,36.76955262170047,0,22.959119037475432,0.0,0.03377580642700195,4,0.8260912230492701,0.891298234462738,0.04
fire_moderate,Moderate Fire,A*,404,20360933,1,59,79.29646455628165,0.8025529342688447,0.0,0,410.7270156287059,0.0,1.8119680881500244,3,0.7156416018698284,0.8037158846855164,0.022
fire_moderate,Moderate Fire,PPO,404,20360933,0,1,1.4142135623730951,0.0,62.22539674441618,0,-102.59775088182533,0.0,0.020122051239013672,3,0.7156416018698284,0.8037158846855164,0.022
fire_moderate,Moderate Fire,A*,405,20360934,1,65,86.12489168102786,0.7389223842798541,0.0,0,412.7785592005884,0.0,1.9924039840698242,4,0.6953010266777393,0.8210985660552979,0.0272
fire_moderate,Moderate Fire,PPO,405,20360934,0,18,25.455844122715714,0.0,38.18376618407357,0,10.537184729241446,0.0,0.05453181266784668,4,0.6953010266777393,0.8210985660552979,0.0272
fire_moderate,Moderate Fire,A*,406,20360935,1,53,70.81118318204307,0.8987225950339378,0.0,0,413.39534872335895,0.0,1.7218761444091797,3,0.703686609234741,0.7516840696334839,0.022
fire_moderate,Moderate Fire,PPO,406,20360935,0,16,22.627416997969522,0.0,41.012193308819754,0,1.579197969116649,0.0,0.02678394317626953,3,0.703686609234741,0.7516840696334839,0.022
fire_moderate,Moderate Fire,A*,407,20360936,1,55,72.81118318204307,0.8740362060547354,0.0,0,411.9075267579946,0.0,1.7593779563903809,3,0.6962717435550227,0.7394424676895142,0.0156
fire_moderate,Moderate Fire,PPO,407,20360936,0,14,19.798989873223334,0.0,43.840620433565945,0,-12.42616265645438,0.0,0.03279519081115723,3,0.6962717435550227,0.7394424676895142,0.0156
fire_moderate,Moderate Fire,A*,408,20360937,1,57,76.46803743153548,0.8322380493126695,0.0,1,412.6421837007022,0.3522636294364929,1.773190975189209,3,0.8137850759830579,0.8689937591552734,0.0324
fire_moderate,Moderate Fire,PPO,408,20360937,0,13,18.38477631085024,0.0,45.254833995939045,0,-27.63355286950582,0.0,0.05120682716369629,3,0.8137850759830579,0.8689937591552734,0.0324
fire_moderate,Moderate Fire,A*,409,20360938,1,60,81.53910524340094,0.7804796252892376,0.0,0,412.1656015351458,0.0,1.8749549388885498,3,0.8539057783334946,0.8993173837661743,0.0348
fire_moderate,Moderate Fire,PPO,409,20360938,0,13,18.38477631085024,0.0,45.254833995939045,0,-20.31577446307392,0.0,0.031893014907836914,3,0.8539057783334946,0.8993173837661743,0.0348
fire_moderate,Moderate Fire,A*,410,20360939,1,51,68.81118318204308,0.9248440059289175,0.0,0,412.47055228896767,0.0,1.8425483703613281,3,0.8126341289971449,0.8816847205162048,0.0284
fire_moderate,Moderate Fire,PPO,410,20360939,0,13,18.38477631085024,0.0,45.254833995939045,0,-18.986181824636333,0.0,0.03218388557434082,3,0.8126341289971449,0.8816847205162048,0.0284
fire_moderate,Moderate Fire,A*,411,20360940,1,51,70.46803743153546,0.903098945654894,0.0,0,412.13649941529155,0.0,1.7493109703063965,3,0.8277268267757988,0.8914547562599182,0.0348
fire_moderate,Moderate Fire,PPO,411,20360940,0,16,22.627416997969522,0.0,41.012193308819754,0,-0.4909152690911469,0.0,0.046838998794555664,3,0.8277268267757988,0.8914547562599182,0.0348
fire_moderate,Moderate Fire,A*,412,20360941,1,58,77.05382386916237,0.8259111243440628,0.0,0,412.28288479806133,0.0,1.9494972229003906,3,0.7661068847271193,0.8301824927330017,0.0264
fire_moderate,Moderate Fire,PPO,412,20360941,0,13,18.38477631085024,0.0,45.254833995939045,0,-26.543610664507014,0.0,0.05858922004699707,3,0.7661068847271193,0.8301824927330017,0.0264
fire_moderate,Moderate Fire,A*,413,20360942,1,53,71.63961030678927,0.8883299341559675,0.0,0,409.9298763478104,0.0,1.7876002788543701,3,0.7686940197637583,0.8034282326698303,0.0284
fire_moderate,Moderate Fire,PPO,413,20360942,0,15,21.21320343559643,0.0,42.42640687119285,0,-5.383446212412181,0.0,0.03345775604248047,3,0.7686940197637583,0.8034282326698303,0.0284
fire_moderate,Moderate Fire,A*,414,20360943,1,54,69.74011537017759,0.9125251653082722,0.0,0,413.1112066230039,0.0,1.7394099235534668,4,0.7509105048504733,0.7850563526153564,0.0372
fire_moderate,Moderate Fire,PPO,414,20360943,0,14,19.798989873223334,0.0,43.840620433565945,0,-22.946271759558385,0.0,0.06688690185546875,4,0.7509105048504733,0.7850563526153564,0.0372
fire_moderate,Moderate Fire,A*,415,20360944,1,51,68.81118318204308,0.9248440059289175,0.0,0,413.41801093018995,0.0,1.7500197887420654,3,0.7409137200484214,0.8143734335899353,0.022
fire_moderate,Moderate Fire,PPO,415,20360944,0,19,26.87005768508881,0.0,36.76955262170047,1,12.906999820074873,0.37250882387161255,0.07909989356994629,3,0.7409137200484214,0.8143734335899353,0.022
fire_moderate,Moderate Fire,A*,416,20360945,1,55,74.46803743153545,0.8545895998037866,0.0,0,409.09744461660017,0.0,1.827409267425537,4,0.7198888280171599,0.7810537219047546,0.0272
fire_moderate,Moderate Fire,PPO,416,20360945,0,11,15.556349186104049,0.0,48.08326112068523,0,-33.55660070505418,0.0,0.021745920181274414,4,0.7198888280171599,0.7810537219047546,0.0272
fire_moderate,Moderate Fire,A*,417,20360946,1,57,75.63961030678928,0.8413529637272219,0.0,0,412.85165982023716,0.0,1.8534290790557861,3,0.7800393788789203,0.8859560489654541,0.0284
fire_moderate,Moderate Fire,PPO,417,20360946,0,13,18.38477631085024,0.0,45.254833995939045,0,-26.938528794984904,0.0,0.04045581817626953,3,0.7800393788789203,0.8859560489654541,0.0284
fire_moderate,Moderate Fire,A*,418,20360947,1,53,71.63961030678927,0.8883299341559675,0.0,0,413.016785208351,0.0,1.80873703956604,3,0.7962065674504366,0.8466416597366333,0.0284
fire_moderate,Moderate Fire,PPO,418,20360947,0,14,19.798989873223334,0.0,43.840620433565945,0,-12.347939442165625,0.0,0.03394722938537598,3,0.7962065674504366,0.8466416597366333,0.0284
fire_moderate,Moderate Fire,A*,419,20360948,1,54,68.9116882454314,0.9234951562953234,0.0,0,411.47626216977187,0.0,1.7562320232391357,4,0.7430451083703806,0.8402615785598755,0.0336
fire_moderate,Moderate Fire,PPO,419,20360948,0,7,9.899494936611667,0.0,53.74011537017761,0,-69.50292824949983,0.0,0.026126861572265625,4,0.7430451083703806,0.8402615785598755,0.0336
fire_moderate,Moderate Fire,A*,420,20360949,1,51,67.9827560572969,0.9361140088694382,0.0,0,412.9102895002022,0.0,1.742509126663208,4,0.753301987857902,0.7871953248977661,0.04
fire_moderate,Moderate Fire,PPO,420,20360949,0,10,14.142135623730953,0.0,49.49747468305833,0,-45.98168650760304,0.0,0.025743961334228516,4,0.753301987857902,0.7871953248977661,0.04
fire_moderate,Moderate Fire,A*,421,20360950,1,59,76.81118318204308,0.8285201147854073,0.0,0,412.92200478563143,0.0,1.8392491340637207,4,0.7435601339240596,0.7909592390060425,0.0336
fire_moderate,Moderate Fire,PPO,421,20360950,0,11,15.556349186104049,0.0,48.08326112068523,0,-33.522863544788734,0.0,0.027578115463256836,4,0.7435601339240596,0.7909592390060425,0.0336
fire_moderate,Moderate Fire,A*,422,20360951,1,54,73.05382386916236,0.8711331855915755,0.0,0,413.4302843114159,0.0,1.7743752002716064,3,0.7697683982828579,0.8451610803604126,0.0284
fire_moderate,Moderate Fire,PPO,422,20360951,0,19,26.87005768508881,0.0,36.76955262170047,1,8.970170116062434,0.5387967824935913,0.08484578132629395,3,0.7697683982828579,0.8451610803604126,0.0284
fire_moderate,Moderate Fire,A*,423,20360952,1,55,75.29646455628165,0.8451872299956494,0.0,0,411.37735759557205,0.0,1.8166258335113525,4,0.7864094859392783,0.8588083386421204,0.04
fire_moderate,Moderate Fire,PPO,423,20360952,0,18,25.455844122715714,0.0,38.18376618407357,0,15.74421900737859,0.0,0.0347750186920166,4,0.7864094859392783,0.8588083386421204,0.04
fire_moderate,Moderate Fire,A*,424,20360953,1,51,67.9827560572969,0.9361140088694382,0.0,1,413.65023126623976,0.3363408148288727,1.703650951385498,4,0.7866833060541119,0.8857585787773132,0.04
fire_moderate,Moderate Fire,PPO,424,20360953,0,23,32.52691193458119,0.0,31.11269837220809,2,47.69872802127638,1.0570711493492126,0.054731130599975586,4,0.7866833060541119,0.8857585787773132,0.04
fire_moderate,Moderate Fire,A*,425,20360954,1,53,72.46803743153545,0.8781748831947206,0.0,0,413.0952091402796,0.0,1.7567522525787354,3,0.800829114794607,0.8427068591117859,0.0344
fire_moderate,Moderate Fire,PPO,425,20360954,0,19,26.87005768508881,0.0,36.76955262170047,0,14.692865699576089,0.0,0.055702924728393555,3,0.800829114794607,0.8427068591117859,0.0344
fire_moderate,Moderate Fire,A*,426,20360955,1,57,75.63961030678928,0.8413529637272219,0.0,0,410.67921765683167,0.0,1.7828450202941895,4,0.8149076421023549,0.8942134380340576,0.04
fire_moderate,Moderate Fire,PPO,426,20360955,0,23,32.52691193458119,0.0,31.11269837220809,0,44.349950282683764,0.0,0.05782008171081543,4,0.8149076421023549,0.8942134380340576,0.04
fire_moderate,Moderate Fire,A*,427,20360956,1,51,67.9827560572969,0.9361140088694382,0.0,0,413.60063248435887,0.0,1.710766077041626,4,0.7735635568899073,0.8650867938995361,0.04
fire_moderate,Moderate Fire,PPO,427,20360956,0,22,31.112698372208097,0.0,32.526911934581186,0,44.250256936519435,0.0,0.03818798065185547,4,0.7735635568899073,0.8650867938995361,0.04
fire_moderate,Moderate Fire,A*,428,20360957,1,51,70.46803743153546,0.903098945654894,0.0,0,411.78538351982405,0.0,1.7267329692840576,4,0.7352729634584967,0.7767435908317566,0.0264
fire_moderate,Moderate Fire,PPO,428,20360957,0,24,33.941125496954285,0.0,29.698484809834994,0,58.80306111693886,0.0,0.03648686408996582,4,0.7352729634584967,0.7767435908317566,0.0264
fire_moderate,Moderate Fire,A*,429,20360958,1,54,72.22539674441617,0.8811251052312057,0.0,0,413.60446335424075,0.0,1.7861108779907227,3,0.7720268202740233,0.8694645762443542,0.022
fire_moderate,Moderate Fire,PPO,429,20360958,0,18,25.455844122715714,0.0,38.18376618407357,0,16.411959736135188,0.0,0.03531479835510254,3,0.7720268202740233,0.8694645762443542,0.022
fire_moderate,Moderate Fire,A*,430,20360959,1,51,67.9827560572969,0.9361140088694382,0.0,0,413.74669458337223,0.0,1.716019868850708,4,0.7227389352674156,0.7521085739135742,0.0272
fire_moderate,Moderate Fire,PPO,430,20360959,0,24,33.941125496954285,0.0,29.698484809834994,0,52.42543526060177,0.0,0.06214499473571777,4,0.7227389352674156,0.7521085739135742,0.0272
fire_moderate,Moderate Fire,A*,431,20360960,1,59,78.46803743153546,0.8110258952546863,0.0,0,413.90713578089935,0.0,1.8685338497161865,3,0.8059043864860959,0.8706979751586914,0.0264
fire_moderate,Moderate Fire,PPO,431,20360960,0,16,22.627416997969522,0.0,41.012193308819754,0,2.041302251938305,0.0,0.030336856842041016,3,0.8059043864860959,0.8706979751586914,0.0264
fire_moderate,Moderate Fire,A*,432,20360961,1,53,70.81118318204308,0.8987225950339376,0.0,0,411.98635711268014,0.0,1.7325639724731445,4,0.7391584536647422,0.7661452293395996,0.0328
fire_moderate,Moderate Fire,PPO,432,20360961,0,22,31.112698372208097,0.0,32.526911934581186,0,43.49433133907152,0.0,0.03835487365722656,4,0.7391584536647422,0.7661452293395996,0.0328
fire_moderate,Moderate Fire,A*,433,20360962,1,56,75.05382386916239,0.847919626556657,0.0,0,413.0689741619925,0.0,1.8190150260925293,4,0.8098064223189134,0.8731936812400818,0.0456
fire_moderate,Moderate Fire,PPO,433,20360962,0,22,31.112698372208097,0.0,32.526911934581186,0,44.21031069921011,0.0,0.03455996513366699,4,0.8098064223189134,0.8731936812400818,0.0456
fire_moderate,Moderate Fire,A*,434,20360963,1,55,71.98275605729688,0.8840952165840021,0.0,0,412.8003882261406,0.0,1.7424681186676025,3,0.7467424735030997,0.7783388495445251,0.0284
fire_moderate,Moderate Fire,PPO,434,20360963,0,1,1.4142135623730951,0.0,62.22539674441618,0,-102.66131863943184,0.0,0.012924909591674805,3,0.7467424735030997,0.7783388495445251,0.0284
fire_moderate,Moderate Fire,A*,435,20360964,0,105,134.4091629284898,0.0,1.4142135623730951,0,213.48675582313655,0.0,2.091625928878784,4,0.7317930254584004,0.8062199354171753,0.0316
fire_moderate,Moderate Fire,PPO,435,20360964,0,23,32.52691193458119,0.0,31.11269837220809,0,51.325848277209204,0.0,0.04017996788024902,4,0.7317930254584004,0.8062199354171753,0.0316
fire_moderate,Moderate Fire,A*,436,20360965,1,57,72.32590180780451,0.8799006817212209,0.0,0,411.12765016353063,0.0,1.7446351051330566,4,0.771280450119678,0.8807320594787598,0.0336
fire_moderate,Moderate Fire,PPO,436,20360965,0,4,5.656854249492381,0.0,57.982756057296896,0,-84.21692857541916,0.0,0.04456210136413574,4,0.771280450119678,0.8807320594787598,0.0336
fire_moderate,Moderate Fire,A*,437,20360966,1,56,75.05382386916239,0.847919626556657,0.0,0,413.4357046400012,0.0,1.8194372653961182,3,0.7798917606958059,0.8165588974952698,0.024
fire_moderate,Moderate Fire,PPO,437,20360966,0,17,24.041630560342618,0.0,39.59797974644666,0,9.404188029328452,0.0,0.035260915756225586,3,0.7798917606958059,0.8165588974952698,0.024
fire_moderate,Moderate Fire,A*,438,20360967,1,58,75.39696961966999,0.844060585296874,0.0,0,410.33832171717444,0.0,1.8035399913787842,3,0.8299891988639848,0.8822595477104187,0.0348
fire_moderate,Moderate Fire,PPO,438,20360967,0,1,1.4142135623730951,0.0,62.22539674441618,0,-102.36001000753487,0.0,0.019591093063354492,3,0.8299891988639848,0.8822595477104187,0.0348
fire_moderate,Moderate Fire,A*,439,20360968,1,72,92.71067811865477,0.6864323678588653,0.0,0,410.45323242829403,0.0,2.0883588790893555,3,0.7969188875592197,0.8689777255058289,0.0284
fire_moderate,Moderate Fire,PPO,439,20360968,0,3,4.242640687119286,0.0,59.39696961966999,0,-90.59047091234282,0.0,0.051850080490112305,3,0.7969188875592197,0.8689777255058289,0.0284
fire_moderate,Moderate Fire,A*,440,20360969,1,54,70.56854249492379,0.9018127349217545,0.0,0,412.03365884206715,0.0,1.8004341125488281,3,0.8083227140041408,0.8502125144004822,0.0348
fire_moderate,Moderate Fire,PPO,440,20360969,0,24,33.941125496954285,0.0,29.698484809834994,0,58.27615556235929,0.0,0.03584408760070801,3,0.8083227140041408,0.8502125144004822,0.0348
fire_moderate,Moderate Fire,A*,441,20360970,1,48,66.22539674441619,0.9609547610925422,0.0,0,411.4382978377441,0.0,1.7105250358581543,3,0.7779942563818585,0.878933310508728,0.0284
fire_moderate,Moderate Fire,PPO,441,20360970,0,18,25.455844122715714,0.0,38.18376618407357,1,5.112069979049622,0.6592000126838684,0.03706502914428711,3,0.7779942563818585,0.878933310508728,0.0284
fire_moderate,Moderate Fire,A*,442,20360971,1,56,75.05382386916239,0.847919626556657,0.0,0,412.02673728642935,0.0,1.9402098655700684,4,0.8452672589880887,0.8814082741737366,0.0464
fire_moderate,Moderate Fire,PPO,442,20360971,0,18,25.455844122715714,0.0,38.18376618407357,0,15.656090606491645,0.0,0.0338282585144043,4,0.8452672589880887,0.8814082741737366,0.0464
fire_moderate,Moderate Fire,A*,443,20360972,1,56,75.88225099390857,0.8386626579105823,0.0,0,407.90130507283754,0.0,1.8725390434265137,4,0.8019910903711855,0.8937578797340393,0.04
fire_moderate,Moderate Fire,PPO,443,20360972,0,14,19.798989873223334,0.0,43.840620433565945,0,-14.944260810798369,0.0,0.03479504585266113,4,0.8019910903711855,0.8937578797340393,0.04
fire_moderate,Moderate Fire,A*,444,20360973,1,59,79.29646455628166,0.8025529342688446,0.0,0,412.593113391865,0.0,1.9765911102294922,3,0.7835798839509168,0.8668464422225952,0.0284
fire_moderate,Moderate Fire,PPO,444,20360973,0,13,18.38477631085024,0.0,45.254833995939045,0,-19.065194985066228,0.0,0.03168630599975586,3,0.7835798839509168,0.8668464422225952,0.0284
fire_moderate,Moderate Fire,A*,445,20360974,1,67,88.95331880577403,0.7154270482672355,0.0,0,412.5932006073443,0.0,2.0529887676239014,3,0.8245300693270434,0.8801957964897156,0.0284
fire_moderate,Moderate Fire,PPO,445,20360974,0,13,18.38477631085024,0.0,45.254833995939045,0,-19.224695199570306,0.0,0.02841782569885254,3,0.8245300693270434,0.8801957964897156,0.0284
fire_moderate,Moderate Fire,A*,446,20360975,1,51,67.98275605729688,0.9361140088694384,0.0,0,413.6376729573096,0.0,1.7225329875946045,4,0.817429193822379,0.8956401944160461,0.0396
fire_moderate,Moderate Fire,PPO,446,20360975,0,21,29.698484809835,0.0,33.94112549695428,0,36.93209021648349,0.0,0.037519216537475586,4,0.817429193822379,0.8956401944160461,0.0396
fire_moderate,Moderate Fire,A*,447,20360976,1,57,73.1543289325507,0.8699363555841771,0.0,0,412.4226210584768,0.0,1.7551159858703613,3,0.7907646728818709,0.8583903908729553,0.0284
fire_moderate,Moderate Fire,PPO,447,20360976,0,3,4.242640687119286,0.0,59.39696961966999,0,-96.79224801139247,0.0,0.046355247497558594,3,0.7907646728818709,0.8583903908729553,0.0284
fire_moderate,Moderate Fire,A*,448,20360977,1,60,77.39696961966999,0.8222493802989367,0.0,0,412.8480804893863,0.0,1.8954381942749023,4,0.8283942848533861,0.8893883228302002,0.0396
fire_moderate,Moderate Fire,PPO,448,20360977,0,16,22.627416997969522,0.0,41.012193308819754,0,1.8692072641024424,0.0,0.03403806686401367,4,0.8283942848533861,0.8893883228302002,0.0396
fire_moderate,Moderate Fire,A*,449,20360978,1,53,70.81118318204308,0.8987225950339376,0.0,0,413.35768597739735,0.0,1.75907301902771,4,0.7704028369861,0.8598139882087708,0.0336
fire_moderate,Moderate Fire,PPO,449,20360978,0,20,28.284271247461906,0.0,35.35533905932738,0,15.226213451996585,0.0,0.07870173454284668,4,0.7704028369861,0.8598139882087708,0.0336
fire_moderate,Moderate Fire,A*,450,20360979,1,54,70.56854249492379,0.9018127349217545,0.0,0,412.1821356088509,0.0,1.7392771244049072,4,0.8350641847973534,0.8886148929595947,0.0464
fire_moderate,Moderate Fire,PPO,450,20360979,0,11,15.556349186104049,0.0,48.08326112068523,0,-42.397444978642746,0.0,0.05612802505493164,4,0.8350641847973534,0.8886148929595947,0.0464
fire_moderate,Moderate Fire,A*,451,20360980,1,63,85.78174593052022,0.7418782354737198,0.0,0,414.6202223720233,0.0,1.912377119064331,4,0.8095502775162553,0.8976912498474121,0.04
fire_moderate,Moderate Fire,PPO,451,20360980,0,16,22.627416997969522,0.0,41.012193308819754,3,-23.66375428426045,2.154126465320587,0.09189772605895996,4,0.8095502775162553,0.8976912498474121,0.04
fire_moderate,Moderate Fire,A*,452,20360981,1,51,70.46803743153546,0.903098945654894,0.0,0,412.49473831860763,0.0,1.7591431140899658,3,0.7401149263077792,0.7879695296287537,0.022
fire_moderate,Moderate Fire,PPO,452,20360981,0,24,33.941125496954285,0.0,29.698484809834994,1,55.14866747828779,0.39398476481437683,0.05800223350524902,3,0.7401149263077792,0.7879695296287537,0.022
fire_moderate,Moderate Fire,A*,453,20360982,1,52,70.22539674441617,0.9062193060781739,0.0,0,411.78502663683304,0.0,1.7426648139953613,4,0.7768186293028886,0.8576323390007019,0.0336
fire_moderate,Moderate Fire,PPO,453,20360982,0,15,21.21320343559643,0.0,42.42640687119285,0,-6.684117457717875,0.0,0.033110857009887695,4,0.7768186293028886,0.8576323390007019,0.0336
fire_moderate,Moderate Fire,A*,454,20360983,1,56,74.22539674441619,0.8573832286262147,0.0,0,413.4611035654685,0.0,1.8127071857452393,3,0.7693558109153571,0.840115487575531,0.0284
fire_moderate,Moderate Fire,PPO,454,20360983,0,22,31.112698372208097,0.0,32.526911934581186,0,43.47054034982531,0.0,0.041975975036621094,3,0.7693558109153571,0.840115487575531,0.0284
fire_moderate,Moderate Fire,A*,455,20360984,1,55,72.81118318204307,0.8740362060547354,0.0,0,412.66655855838036,0.0,1.760533094406128,4,0.7416049020222054,0.8258135318756104,0.0272
fire_moderate,Moderate Fire,PPO,455,20360984,0,9,12.727922061357857,0.0,50.91168824543142,0,-46.85507522154976,0.0,0.0295259952545166,4,0.7416049020222054,0.8258135318756104,0.0272
fire_moderate,Moderate Fire,A*,456,20360985,1,51,68.81118318204308,0.9248440059289175,0.0,0,411.50543442437817,0.0,1.7587802410125732,4,0.8290492949739232,0.8904707431793213,0.046
fire_moderate,Moderate Fire,PPO,456,20360985,0,13,18.38477631085024,0.0,45.254833995939045,0,-24.572487872262172,0.0,0.051093101501464844,4,0.8290492949739232,0.8904707431793213,0.046
fire_moderate,Moderate Fire,A*,457,20360986,1,53,74.12489168102785,0.8585457443990807,0.0,0,413.0893793480305,0.0,1.8006749153137207,3,0.7865609445901716,0.8498077988624573,0.0284
fire_moderate,Moderate Fire,PPO,457,20360986,0,22,31.112698372208097,0.0,32.526911934581186,0,39.123283577583805,0.0,0.057253122329711914,3,0.7865609445901716,0.8498077988624573,0.0284
fire_moderate,Moderate Fire,A*,458,20360987,1,53,71.63961030678927,0.8883299341559675,0.0,0,411.20970779013044,0.0,1.7755398750305176,4,0.8082616521138433,0.8980267643928528,0.04
fire_moderate,Moderate Fire,PPO,458,20360987,0,17,24.041630560342618,0.0,39.59797974644666,0,4.2498108814820625,0.0,0.06067371368408203,4,0.8082616521138433,0.8980267643928528,0.04
fire_moderate,Moderate Fire,A*,459,20360988,1,56,74.22539674441619,0.8573832286262147,0.0,0,411.9913487186392,0.0,1.8196852207183838,3,0.8371821710271075,0.8984001278877258,0.0348
fire_moderate,Moderate Fire,PPO,459,20360988,0,16,22.627416997969522,0.0,41.012193308819754,1,1.7962365106759535,0.39050841331481934,0.030495166778564453,3,0.8371821710271075,0.8984001278877258,0.0348
fire_moderate,Moderate Fire,A*,460,20360989,1,61,78.81118318204308,0.8074946693769394,0.0,0,415.09473463596765,0.0,1.8452651500701904,4,0.8003198825448129,0.872216522693634,0.04
fire_moderate,Moderate Fire,PPO,460,20360989,0,23,32.52691193458119,0.0,31.11269837220809,0,43.27152449411942,0.0,0.06702995300292969,4,0.8003198825448129,0.872216522693634,0.04
fire_moderate,Moderate Fire,A*,461,20360990,1,55,74.46803743153545,0.8545895998037866,0.0,0,411.6693164702899,0.0,1.8354580402374268,3,0.7450977284840219,0.7902523875236511,0.0284
fire_moderate,Moderate Fire,PPO,461,20360990,0,18,25.455844122715714,0.0,38.18376618407357,0,15.036215766799316,0.0,0.036280155181884766,3,0.7450977284840219,0.7902523875236511,0.0284
fire_moderate,Moderate Fire,A*,462,20360991,1,56,76.71067811865476,0.8296056281545657,0.0,0,410.5029166695875,0.0,1.8671352863311768,4,0.806742877644692,0.8689079284667969,0.0396
fire_moderate,Moderate Fire,PPO,462,20360991,0,21,29.698484809835,0.0,33.94112549695428,0,37.21108055709996,0.0,0.022365808486938477,4,0.806742877644692,0.8689079284667969,0.0396
fire_moderate,Moderate Fire,A*,463,20360992,1,51,70.46803743153546,0.903098945654894,0.0,0,412.73670627580316,0.0,1.7474370002746582,4,0.7798111381973569,0.8594279289245605,0.0336
fire_moderate,Moderate Fire,PPO,463,20360992,0,24,33.941125496954285,0.0,29.698484809834994,1,41.631026640177026,0.5723561644554138,0.07448291778564453,4,0.7798111381973569,0.8594279289245605,0.0336
fire_moderate,Moderate Fire,A*,464,20360993,1,53,72.46803743153545,0.8781748831947206,0.0,0,413.8215905790874,0.0,1.7635860443115234,4,0.7875931769302664,0.8993293046951294,0.0396
fire_moderate,Moderate Fire,PPO,464,20360993,0,23,32.52691193458119,0.0,31.11269837220809,0,51.849831251898465,0.0,0.035475969314575195,4,0.7875931769302664,0.8993293046951294,0.0396
fire_moderate,Moderate Fire,A*,465,20360994,1,52,70.22539674441617,0.9062193060781739,0.0,0,413.67353652545745,0.0,1.7608227729797363,3,0.7914150335838461,0.8458972573280334,0.0284
fire_moderate,Moderate Fire,PPO,465,20360994,0,21,29.698484809835,0.0,33.94112549695428,0,37.47989626664625,0.0,0.03748822212219238,3,0.7914150335838461,0.8458972573280334,0.0284
fire_moderate,Moderate Fire,A*,466,20360995,1,56,72.5685424949238,0.8769586396370148,0.0,0,412.98342898509947,0.0,1.7966957092285156,4,0.7239384283030105,0.7980909943580627,0.0272
fire_moderate,Moderate Fire,PPO,466,20360995,0,7,9.899494936611667,0.0,53.74011537017761,0,-61.34349977219117,0.0,0.018809080123901367,4,0.7239384283030105,0.7980909943580627,0.0272
fire_moderate,Moderate Fire,A*,467,20360996,1,59,76.81118318204308,0.8285201147854073,0.0,0,412.58024179022084,0.0,1.8612079620361328,4,0.7984895142273363,0.8742513060569763,0.0396
fire_moderate,Moderate Fire,PPO,467,20360996,0,15,21.21320343559643,0.0,42.42640687119285,0,-5.870004673726143,0.0,0.03311514854431152,4,0.7984895142273363,0.8742513060569763,0.0396
fire_moderate,Moderate Fire,A*,468,20360997,1,54,73.05382386916236,0.8711331855915755,0.0,0,412.2607408629827,0.0,1.80177903175354,4,0.8219261750449467,0.8693627119064331,0.0464
fire_moderate,Moderate Fire,PPO,468,20360997,0,24,33.941125496954285,0.0,29.698484809834994,0,48.715671205138335,0.0,0.06663298606872559,4,0.8219261750449467,0.8693627119064331,0.0464
fire_moderate,Moderate Fire,A*,469,20360998,1,54,72.22539674441617,0.8811251052312057,0.0,0,412.85098337009043,0.0,1.7592971324920654,3,0.7808795322029837,0.8778901696205139,0.0284
fire_moderate,Moderate Fire,PPO,469,20360998,0,23,32.52691193458119,0.0,31.11269837220809,0,47.66489631962558,0.0,0.05841803550720215,3,0.7808795322029837,0.8778901696205139,0.0284
fire_moderate,Moderate Fire,A*,470,20360999,1,55,74.46803743153545,0.8545895998037866,0.0,0,413.22706677166906,0.0,1.8086209297180176,3,0.8578815971477715,0.8830645084381104,0.0348
fire_moderate,Moderate Fire,PPO,470,20360999,0,17,24.041630560342618,0.0,39.59797974644666,0,5.528340091642349,0.0,0.060745954513549805,3,0.8578815971477715,0.8830645084381104,0.0348
fire_moderate,Moderate Fire,A*,471,20361000,1,62,81.05382386916236,0.7851524736145302,0.0,0,412.25772145407785,0.0,1.8543798923492432,3,0.7906302426886785,0.8575018048286438,0.0284
fire_moderate,Moderate Fire,PPO,471,20361000,0,19,26.87005768508881,0.0,36.76955262170047,1,23.044861048975974,0.37515702843666077,0.028997182846069336,3,0.7906302426886785,0.8575018048286438,0.0284
fire_moderate,Moderate Fire,A*,472,20361001,1,57,77.29646455628166,0.8233185136229814,0.0,0,412.59320235553304,0.0,1.8623380661010742,3,0.7761496429081212,0.8444987535476685,0.0276
fire_moderate,Moderate Fire,PPO,472,20361001,0,23,32.52691193458119,0.0,31.11269837220809,0,49.59043328234729,0.0,0.042532920837402344,3,0.7761496429081212,0.8444987535476685,0.0276
fire_moderate,Moderate Fire,A*,473,20361002,1,62,81.88225099390854,0.7772088521543407,0.0,0,410.67107331841055,0.0,1.9176483154296875,3,0.740658918122401,0.7748153209686279,0.022
fire_moderate,Moderate Fire,PPO,473,20361002,0,1,1.4142135623730951,0.0,62.22539674441618,0,-102.68403277746285,0.0,0.023869991302490234,3,0.740658918122401,0.7748153209686279,0.022
fire_moderate,Moderate Fire,A*,474,20361003,1,56,74.22539674441619,0.8573832286262147,0.0,0,410.87108903821695,0.0,1.928814172744751,3,0.783017209401763,0.8226521015167236,0.0284
fire_moderate,Moderate Fire,PPO,474,20361003,0,18,25.455844122715714,0.0,38.18376618407357,0,7.975095114227017,0.0,0.03884291648864746,3,0.783017209401763,0.8226521015167236,0.0284
fire_moderate,Moderate Fire,A*,475,20361004,1,49,68.46803743153548,0.9294791072465838,0.0,0,413.2148623844812,0.0,1.7481951713562012,3,0.760117974135571,0.8529148101806641,0.022
fire_moderate,Moderate Fire,PPO,475,20361004,0,26,36.76955262170047,0.0,26.870057685088806,1,72.38844410686586,0.639686107635498,0.03524494171142578,3,0.760117974135571,0.8529148101806641,0.022
fire_moderate,Moderate Fire,A*,476,20361005,1,51,70.46803743153546,0.903098945654894,0.0,0,413.21212317840497,0.0,1.7812199592590332,3,0.7961984303735735,0.891837477684021,0.0276
fire_moderate,Moderate Fire,PPO,476,20361005,0,14,19.798989873223334,0.0,43.840620433565945,0,-19.795434101642968,0.0,0.0519411563873291,3,0.7961984303735735,0.891837477684021,0.0276
fire_moderate,Moderate Fire,A*,477,20361006,1,49,65.9827560572969,0.9644885135068787,0.0,0,410.83165381182783,0.0,1.710089921951294,4,0.7654117307104534,0.8631070256233215,0.0336
fire_moderate,Moderate Fire,PPO,477,20361006,0,21,29.698484809835,0.0,33.94112549695428,0,30.58428578321886,0.0,0.045964956283569336,4,0.7654117307104534,0.8631070256233215,0.0336
fire_moderate,Moderate Fire,A*,478,20361007,1,53,72.46803743153545,0.8781748831947206,0.0,0,413.3467949567385,0.0,1.7585670948028564,3,0.766469855062637,0.8425596356391907,0.0284
fire_moderate,Moderate Fire,PPO,478,20361007,0,23,32.52691193458119,0.0,31.11269837220809,0,51.19835830294123,0.0,0.0353090763092041,3,0.766469855062637,0.8425596356391907,0.0284
fire_moderate,Moderate Fire,A*,479,20361008,1,82,105.19595949289334,0.6049624967876123,0.0,0,410.560021523176,0.0,2.2096760272979736,4,0.8184728907822628,0.8975335359573364,0.038
fire_moderate,Moderate Fire,PPO,479,20361008,0,14,19.798989873223334,0.0,43.840620433565945,0,-20.989022799246868,0.0,0.0345308780670166,4,0.8184728907822628,0.8975335359573364,0.038
fire_moderate,Moderate Fire,A*,480,20361009,1,58,77.05382386916237,0.8259111243440628,0.0,0,413.86730174974707,0.0,1.8540167808532715,4,0.7419661677397473,0.8904529809951782,0.0272
fire_moderate,Moderate Fire,PPO,480,20361009,0,21,29.698484809835,0.0,33.94112549695428,0,37.25801869099618,0.0,0.03390312194824219,4,0.7419661677397473,0.8904529809951782,0.0272
fire_moderate,Moderate Fire,A*,481,20361010,1,58,75.39696961966999,0.844060585296874,0.0,0,413.3929852543262,0.0,1.8139078617095947,3,0.769293236060086,0.8854020237922668,0.022
fire_moderate,Moderate Fire,PPO,481,20361010,0,13,18.38477631085024,0.0,45.254833995939045,0,-19.171154185584783,0.0,0.03204202651977539,3,0.769293236060086,0.8854020237922668,0.022
fire_moderate,Moderate Fire,A*,482,20361011,1,52,70.22539674441617,0.9062193060781739,0.0,0,413.99914673169536,0.0,1.7246589660644531,3,0.8381706335350562,0.8765077590942383,0.0348
fire_moderate,Moderate Fire,PPO,482,20361011,0,26,36.76955262170047,0.0,26.870057685088806,1,64.51410455925516,0.6077835559844971,0.04907393455505371,3,0.8381706335350562,0.8765077590942383,0.0348
fire_moderate,Moderate Fire,A*,483,20361012,1,56,73.39696961967,0.8670604608958433,0.0,0,414.5751313272496,0.0,1.786607027053833,4,0.7530298013233091,0.8767852783203125,0.0272
fire_moderate,Moderate Fire,PPO,483,20361012,0,19,26.87005768508881,0.0,36.76955262170047,0,16.48408111008854,0.0,0.0516507625579834,4,0.7530298013233091,0.8767852783203125,0.0272
fire_moderate,Moderate Fire,A*,484,20361013,1,67,89.78174593052023,0.7088257155974481,0.0,0,409.7217819609701,0.0,2.0353662967681885,4,0.7813720463383876,0.8649733066558838,0.04
fire_moderate,Moderate Fire,PPO,484,20361013,0,11,15.556349186104049,0.0,48.08326112068523,0,-33.1832396944841,0.0,0.019778013229370117,4,0.7813720463383876,0.8649733066558838,0.04
fire_moderate,Moderate Fire,A*,485,20361014,1,59,80.12489168102785,0.7942551805266029,0.0,0,411.4994761412002,0.0,1.84014892578125,3,0.7274576640654703,0.8244557976722717,0.022
fire_moderate,Moderate Fire,PPO,485,20361014,0,16,22.627416997969522,0.0,41.012193308819754,0,1.5645614779023163,0.0,0.03020334243774414,3,0.7274576640654703,0.8244557976722717,0.022
fire_moderate,Moderate Fire,A*,486,20361015,1,52,70.22539674441617,0.9062193060781739,0.0,0,413.00527364911284,0.0,1.7333121299743652,4,0.7930315373315137,0.8577470779418945,0.0456
fire_moderate,Moderate Fire,PPO,486,20361015,0,16,22.627416997969522,0.0,41.012193308819754,0,2.3989747796772463,0.0,0.030565738677978516,4,0.7930315373315137,0.8577470779418945,0.0456
fire_moderate,Moderate Fire,A*,487,20361016,1,53,69.98275605729688,0.9093613040144591,0.0,0,413.5438752063182,0.0,1.7346081733703613,4,0.7718370107274584,0.8917593359947205,0.0328
fire_moderate,Moderate Fire,PPO,487,20361016,0,19,26.87005768508881,0.0,36.76955262170047,0,23.39333158100095,0.0,0.03281998634338379,4,0.7718370107274584,0.8917593359947205,0.0328
fire_moderate,Moderate Fire,A*,488,20361017,1,51,68.81118318204308,0.9248440059289175,0.0,0,412.927836431454,0.0,1.6927659511566162,3,0.7414877152503112,0.8199302554130554,0.022
fire_moderate,Moderate Fire,PPO,488,20361017,0,20,28.284271247461906,0.0,35.35533905932738,1,13.818808731170606,0.6149476766586304,0.061550140380859375,3,0.7414877152503112,0.8199302554130554,0.022
fire_moderate,Moderate Fire,A*,489,20361018,1,58,77.05382386916237,0.8259111243440628,0.0,0,409.7102286178674,0.0,1.773460865020752,4,0.7404903352490317,0.8045760989189148,0.0272
fire_moderate,Moderate Fire,PPO,489,20361018,0,1,1.4142135623730951,0.0,62.22539674441618,0,-102.83415363184059,0.0,0.023398160934448242,4,0.7404903352490317,0.8045760989189148,0.0272
fire_moderate,Moderate Fire,A*,490,20361019,1,53,69.98275605729688,0.9093613040144591,0.0,0,412.75166493529497,0.0,1.754235029220581,3,0.7566765180266474,0.8839603066444397,0.022
fire_moderate,Moderate Fire,PPO,490,20361019,0,12,16.970562748477143,0.0,46.66904755831214,0,-26.21487948516213,0.0,0.031100988388061523,3,0.7566765180266474,0.8839603066444397,0.022
fire_moderate,Moderate Fire,A*,491,20361020,1,58,77.05382386916237,0.8259111243440628,0.0,0,410.836995065725,0.0,1.8181970119476318,3,0.7884576741157404,0.8973367214202881,0.0284
fire_moderate,Moderate Fire,PPO,491,20361020,0,19,26.87005768508881,0.0,36.76955262170047,0,16.09310102236128,0.0,0.04778790473937988,3,0.7884576741157404,0.8973367214202881,0.0284
fire_moderate,Moderate Fire,A*,492,20361021,1,52,69.39696961966999,0.9170373094901131,0.0,0,412.5579452173799,0.0,1.7351279258728027,4,0.8081593307847333,0.8567163348197937,0.04
fire_moderate,Moderate Fire,PPO,492,20361021,0,25,35.35533905932738,0.0,28.284271247461902,0,55.70773698088031,0.0,0.06635499000549316,4,0.8081593307847333,0.8567163348197937,0.04
fire_moderate,Moderate Fire,A*,493,20361022,1,59,77.63961030678927,0.8196796719525041,0.0,0,406.77185714203904,0.0,1.8539330959320068,3,0.7618769522713063,0.8121970295906067,0.0284
fire_moderate,Moderate Fire,PPO,493,20361022,0,11,15.556349186104049,0.0,48.08326112068523,0,-34.924115153781614,0.0,0.0307619571685791,3,0.7618769522713063,0.8121970295906067,0.0284
fire_moderate,Moderate Fire,A*,494,20361023,1,51,69.63961030678927,0.9138421370601059,0.0,0,410.96596340599285,0.0,1.7875292301177979,3,0.8431312073296183,0.8984485864639282,0.0344
fire_moderate,Moderate Fire,PPO,494,20361023,0,18,25.455844122715714,0.0,38.18376618407357,1,8.305407165084645,0.5677367448806763,0.048306941986083984,3,0.8431312073296183,0.8984485864639282,0.0344
fire_moderate,Moderate Fire,A*,495,20361024,1,53,73.29646455628165,0.8682493854519104,0.0,0,411.0249730627784,0.0,1.7596447467803955,3,0.7947125990871534,0.8154474496841431,0.0348
fire_moderate,Moderate Fire,PPO,495,20361024,0,15,21.21320343559643,0.0,42.42640687119285,1,-12.322948847305597,0.560620129108429,0.05357789993286133,3,0.7947125990871534,0.8154474496841431,0.0348
fire_moderate,Moderate Fire,A*,496,20361025,1,61,78.81118318204308,0.8074946693769394,0.0,0,412.68123840192317,0.0,1.8721261024475098,4,0.8427167116601688,0.8722019195556641,0.0464
fire_moderate,Moderate Fire,PPO,496,20361025,0,12,16.970562748477143,0.0,46.66904755831214,0,-33.650804619000866,0.0,0.050553083419799805,4,0.8427167116601688,0.8722019195556641,0.0464
fire_moderate,Moderate Fire,A*,497,20361026,1,56,74.22539674441619,0.8573832286262147,0.0,0,410.99285703046104,0.0,1.798309087753296,3,0.7978110196060747,0.8963116407394409,0.028
fire_moderate,Moderate Fire,PPO,497,20361026,0,2,2.8284271247461903,0.0,60.81118318204309,0,-104.21414088046775,0.0,0.019961833953857422,3,0.7978110196060747,0.8963116407394409,0.028
fire_moderate,Moderate Fire,A*,498,20361027,1,52,70.22539674441617,0.9062193060781739,0.0,0,411.67184038631314,0.0,1.7413301467895508,4,0.7652850844296696,0.837530255317688,0.0336
fire_moderate,Moderate Fire,PPO,498,20361027,0,22,31.112698372208097,0.0,32.526911934581186,0,34.89287824004688,0.0,0.04996132850646973,4,0.7652850844296696,0.837530255317688,0.0336
fire_moderate,Moderate Fire,A*,499,20361028,1,52,71.05382386916236,0.8956535600951537,0.0,1,409.6870699329005,0.3764254152774811,1.7558619976043701,3,0.7827875945766397,0.8604009747505188,0.0272
fire_moderate,Moderate Fire,PPO,499,20361028,0,15,21.21320343559643,0.0,42.42640687119285,0,-5.516207934573558,0.0,0.03240489959716797,3,0.7827875945766397,0.8604009747505188,0.0272
fire_moderate,Moderate Fire,A*,500,20361029,1,53,69.98275605729688,0.9093613040144591,0.0,0,411.6378013471843,0.0,1.7264750003814697,4,0.7526245782913071,0.8512396812438965,0.0336
fire_moderate,Moderate Fire,PPO,500,20361029,0,11,15.556349186104049,0.0,48.08326112068523,0,-33.42948944264516,0.0,0.030238866806030273,4,0.7526245782913071,0.8512396812438965,0.0336
fire_dense,Dense/Heavy Fire,A*,1,20460530,1,65,86.12489168102785,0.7389223842798542,0.0,0,412.81613448883763,0.0,2.0257680416107178,6,0.8583186919208884,0.9718934297561646,0.0688
fire_dense,Dense/Heavy Fire,PPO,1,20460530,0,21,29.698484809835,0.0,33.94112549695428,0,37.68974279188191,0.0,0.03812098503112793,6,0.8583186919208884,0.9718934297561646,0.0688
fire_dense,Dense/Heavy Fire,A*,2,20460531,1,60,77.39696961966999,0.8222493802989367,0.0,0,408.46000722079134,0.0,1.8247549533843994,8,0.8528534068844094,0.9149291515350342,0.0884
fire_dense,Dense/Heavy Fire,PPO,2,20460531,0,11,15.556349186104049,0.0,48.08326112068523,0,-33.945183538165466,0.0,0.030011892318725586,8,0.8528534068844094,0.9149291515350342,0.0884
fire_dense,Dense/Heavy Fire,A*,3,20460532,0,121,149.9949493661167,0.0,8.06225774829855,0,152.40027708163373,0.0,2.2501630783081055,8,0.8736989833494675,0.9926836490631104,0.092
fire_dense,Dense/Heavy Fire,PPO,3,20460532,0,13,18.38477631085024,0.0,45.254833995939045,0,-20.58276447298067,0.0,0.03192591667175293,8,0.8736989833494675,0.9926836490631104,0.092
fire_dense,Dense/Heavy Fire,A*,4,20460533,1,96,125.82337649086287,0.5057852688559086,0.0,0,412.0468667788347,0.0,2.9356367588043213,6,0.8775359133747234,0.9904902577400208,0.0696
fire_dense,Dense/Heavy Fire,PPO,4,20460533,0,12,16.970562748477143,0.0,46.66904755831214,0,-25.77373839408645,0.0,0.034374237060546875,6,0.8775359133747234,0.9904902577400208,0.0696
fire_dense,Dense/Heavy Fire,A*,5,20460534,0,1,1.4142135623730951,0.0,63.655321851358195,1,-109.97014123705814,0.8979310393333435,0.18880200386047363,7,0.866946911945399,0.957793116569519,0.0784
fire_dense,Dense/Heavy Fire,PPO,5,20460534,0,1,1.4142135623730951,0.0,62.22539674441618,1,-102.8907142674073,0.8979310393333435,0.023482084274291992,7,0.866946911945399,0.957793116569519,0.0784
fire_dense,Dense/Heavy Fire,A*,6,20460535,1,49,66.81118318204308,0.9525293113487888,0.0,0,412.44154593916704,0.0,1.896385669708252,6,0.9093923554141551,0.9633821845054626,0.0692
fire_dense,Dense/Heavy Fire,PPO,6,20460535,0,7,9.899494936611667,0.0,53.74011537017761,0,-64.42943929877046,0.0,0.030673980712890625,6,0.9093923554141551,0.9633821845054626,0.0692
fire_dense,Dense/Heavy Fire,A*,7,20460536,0,3,3.8284271247461903,0.0,61.554853586049575,1,-113.73899524946727,0.40801337361335754,0.2684512138366699,6,0.9020939093529292,0.964209794998169,0.0692
fire_dense,Dense/Heavy Fire,PPO,7,20460536,0,2,2.8284271247461903,0.0,60.81118318204309,2,-102.72098015582786,1.0491772592067719,0.0242459774017334,6,0.9020939093529292,0.964209794998169,0.0692
fire_dense,Dense/Heavy Fire,A*,8,20460537,1,66,83.39696961966999,0.7630925991317945,0.0,0,408.8994021928062,0.0,1.976660966873169,6,0.8982671986192384,0.988359808921814,0.0696
fire_dense,Dense/Heavy Fire,PPO,8,20460537,0,5,7.0710678118654755,0.0,56.568542494923804,0,-79.10976565957972,0.0,0.03667402267456055,6,0.8982671986192384,0.988359808921814,0.0696
fire_dense,Dense/Heavy Fire,A*,9,20460538,1,52,68.5685424949238,0.9281167134550159,0.0,0,414.8549176587756,0.0,1.8420500755310059,8,0.8924113521081996,0.9623585939407349,0.0916
fire_dense,Dense/Heavy Fire,PPO,9,20460538,0,36,50.911688245431414,0.0,12.727922061357855,0,145.41026340288494,0.0,0.04812431335449219,8,0.8924113521081996,0.9623585939407349,0.0916
fire_dense,Dense/Heavy Fire,A*,10,20460539,1,59,75.9827560572969,0.8375533293211959,0.0,0,414.55316887478864,0.0,1.8104348182678223,7,0.8971026152341192,0.9889101982116699,0.0812
fire_dense,Dense/Heavy Fire,PPO,10,20460539,0,19,26.87005768508881,0.0,36.76955262170047,0,5.987025433382826,0.0,0.04164290428161621,7,0.8971026152341192,0.9889101982116699,0.0812
fire_dense,Dense/Heavy Fire,A*,11,20460540,1,61,80.46803743153546,0.7908681799395904,0.0,0,412.04994242168505,0.0,1.888598918914795,6,0.9078455923178957,0.9498177766799927,0.0672
fire_dense,Dense/Heavy Fire,PPO,11,20460540,0,13,18.38477631085024,0.0,45.254833995939045,1,-26.757256167752075,0.4724065661430359,0.05124807357788086,6,0.9078455923178957,0.9498177766799927,0.0672
fire_dense,Dense/Heavy Fire,A*,12,20460541,1,77,98.95331880577403,0.6431275986983455,0.0,0,410.35755301191386,0.0,2.247837781906128,6,0.8565097928097201,0.965575098991394,0.0692
fire_dense,Dense/Heavy Fire,PPO,12,20460541,0,8,11.313708498984761,0.0,52.32590180780452,0,-58.59166056535215,0.0,0.04709196090698242,6,0.8565097928097201,0.965575098991394,0.0692
fire_dense,Dense/Heavy Fire,A*,13,20460542,1,63,84.95331880577403,0.7491127033222377,0.0,0,408.0234571036084,0.0,2.009474754333496,8,0.8903334160173384,0.9594175219535828,0.092
fire_dense,Dense/Heavy Fire,PPO,13,20460542,0,5,7.0710678118654755,0.0,56.568542494923804,0,-83.7669677109715,0.0,0.05245471000671387,8,0.8903334160173384,0.9594175219535828,0.092
fire_dense,Dense/Heavy Fire,A*,14,20460543,1,59,75.15432893255071,0.8467856903346761,0.0,0,413.43179026533977,0.0,1.8126442432403564,7,0.8832168603761047,0.9655517339706421,0.0772
fire_dense,Dense/Heavy Fire,PPO,14,20460543,0,14,19.798989873223334,0.0,43.840620433565945,0,-12.367317556061153,0.0,0.027100801467895508,7,0.8832168603761047,0.9655517339706421,0.0772
fire_dense,Dense/Heavy Fire,A*,15,20460544,1,56,74.22539674441619,0.8573832286262147,0.0,0,409.1222545419158,0.0,1.7898049354553223,8,0.9090006254286525,0.9660129547119141,0.0888
fire_dense,Dense/Heavy Fire,PPO,15,20460544,0,4,5.656854249492381,0.0,57.982756057296896,0,-82.94585743942139,0.0,0.012417078018188477,8,0.9090006254286525,0.9660129547119141,0.0888
fire_dense,Dense/Heavy Fire,A*,16,20460545,0,162,213.77669529663692,0.0,13.0,0,135.32225739403899,0.0,2.981257915496826,8,0.9090188894653968,0.9885458946228027,0.0916
fire_dense,Dense/Heavy Fire,PPO,16,20460545,0,33,46.66904755831214,0.0,16.97056274847714,0,118.90406281599901,0.0,0.0532379150390625,8,0.9090188894653968,0.9885458946228027,0.0916
fire_dense,Dense/Heavy Fire,A*,17,20460546,1,74,98.02438661763952,0.6492222242106569,0.0,0,411.50644022660447,0.0,2.2238378524780273,8,0.8339135123463379,0.9854155778884888,0.0924
fire_dense,Dense/Heavy Fire,PPO,17,20460546,0,5,7.0710678118654755,0.0,56.568542494923804,0,-84.18331814143122,0.0,0.03812599182128906,8,0.8339135123463379,0.9854155778884888,0.0924
fire_dense,Dense/Heavy Fire,A*,18,20460547,1,138,177.76450198781714,0.3579995420635259,0.0,0,406.9808416223274,0.0,3.345536947250366,7,0.8745409939820915,0.9763571619987488,0.0812
fire_dense,Dense/Heavy Fire,PPO,18,20460547,0,7,9.899494936611667,0.0,53.74011537017761,0,-63.6300526484466,0.0,0.02429509162902832,7,0.8745409939820915,0.9763571619987488,0.0812
fire_dense,Dense/Heavy Fire,A*,19,20460548,1,54,72.22539674441617,0.8811251052312057,0.0,0,414.56561083175205,0.0,1.935899257659912,6,0.9127400109477065,0.9642756581306458,0.0696
fire_dense,Dense/Heavy Fire,PPO,19,20460548,0,34,48.08326112068523,0.0,15.556349186104045,0,122.31453943623077,0.0,0.0746150016784668,6,0.9127400109477065,0.9642756581306458,0.0696
fire_dense,Dense/Heavy Fire,A*,20,20460549,1,77,97.29646455628165,0.6540793706843954,0.0,0,406.73214024746966,0.0,2.161928176879883,8,0.9008477642039953,0.9818898439407349,0.0916
fire_dense,Dense/Heavy Fire,PPO,20,20460549,0,4,5.656854249492381,0.0,57.982756057296896,0,-82.31854054149085,0.0,0.0258939266204834,8,0.9008477642039953,0.9818898439407349,0.0916
fire_dense,Dense/Heavy Fire,A*,21,20460550,0,187,249.13203435596432,0.0,30.479501308256342,0,12.597751828553385,0.0,3.3115410804748535,6,0.885569584086359,0.989031970500946,0.0628
fire_dense,Dense/Heavy Fire,PPO,21,20460550,0,2,2.8284271247461903,0.0,60.81118318204309,0,-97.03748981988655,0.0,0.033609867095947266,6,0.885569584086359,0.989031970500946,0.0628
fire_dense,Dense/Heavy Fire,A*,22,20460551,0,200,249.70562748477144,0.0,39.698866482558415,0,110.50214731413342,0.0,3.9217708110809326,8,0.8725765545207133,0.9556316137313843,0.0868
fire_dense,Dense/Heavy Fire,PPO,22,20460551,0,14,19.798989873223334,0.0,43.840620433565945,0,-12.53280256412836,0.0,0.019459009170532227,8,0.8725765545207133,0.9556316137313843,0.0868
fire_dense,Dense/Heavy Fire,A*,23,20460552,1,66,82.5685424949238,0.7707488637177016,0.0,0,412.63963949281856,0.0,1.9538428783416748,6,0.9023520391077849,0.9744939804077148,0.0696
fire_dense,Dense/Heavy Fire,PPO,23,20460552,0,2,2.8284271247461903,0.0,60.81118318204309,0,-96.10591383705513,0.0,0.028445959091186523,6,0.9023520391077849,0.9744939804077148,0.0696
fire_dense,Dense/Heavy Fire,A*,24,20460553,1,54,70.56854249492379,0.9018127349217545,0.0,0,414.32247608572334,0.0,1.726228952407837,7,0.863950345495896,0.9308326840400696,0.0732
fire_dense,Dense/Heavy Fire,PPO,24,20460553,0,25,35.35533905932738,0.0,28.284271247461902,0,58.18497215598198,0.0,0.034255027770996094,7,0.863950345495896,0.9308326840400696,0.0732
fire_dense,Dense/Heavy Fire,A*,25,20460554,1,45,63.639610306789265,1.0000000000000002,0.0,0,413.32535925536547,0.0,1.6813907623291016,8,0.909638222809251,0.9967055320739746,0.0916
fire_dense,Dense/Heavy Fire,PPO,25,20460554,1,45,63.639610306789265,1.0000000000000002,0.0,0,413.32535925536547,0.0,0.03519582748413086,8,0.909638222809251,0.9967055320739746,0.0916
fire_dense,Dense/Heavy Fire,A*,26,20460555,1,56,73.39696961967,0.8670604608958433,0.0,0,415.2978044231151,0.0,1.7558820247650146,6,0.8305577405429564,0.9950763583183289,0.0692
fire_dense,Dense/Heavy Fire,PPO,26,20460555,0,25,35.35533905932738,0.0,28.284271247461902,0,65.43191386673924,0.0,0.03440690040588379,6,0.8305577405429564,0.9950763583183289,0.0692
fire_dense,Dense/Heavy Fire,A*,27,20460556,1,59,75.98275605729691,0.8375533293211957,0.0,0,413.56283658573005,0.0,1.7649781703948975,8,0.8777810393043606,0.986789345741272,0.084
fire_dense,Dense/Heavy Fire,PPO,27,20460556,0,14,19.798989873223334,0.0,43.840620433565945,0,-12.207182389720401,0.0,0.02517986297607422,8,0.8777810393043606,0.986789345741272,0.084
fire_dense,Dense/Heavy Fire,A*,28,20460557,1,60,77.39696961966999,0.8222493802989367,0.0,0,408.14841802128035,0.0,1.8258271217346191,8,0.8812477004592592,0.9680019617080688,0.0904
fire_dense,Dense/Heavy Fire,PPO,28,20460557,0,5,7.0710678118654755,0.0,56.568542494923804,0,-77.4055143797971,0.0,0.04615497589111328,8,0.8812477004592592,0.9680019617080688,0.0904
fire_dense,Dense/Heavy Fire,A*,29,20460558,1,46,64.22539674441617,0.9908792087348558,0.0,0,412.59456141476875,0.0,1.6928138732910156,8,0.8411494859825535,0.9527762532234192,0.0712
fire_dense,Dense/Heavy Fire,PPO,29,20460558,1,45,63.639610306789265,1.0000000000000002,0.0,0,407.4134180022287,0.0,0.05508875846862793,8,0.8411494859825535,0.9527762532234192,0.0712
fire_dense,Dense/Heavy Fire,A*,30,20460559,1,45,63.639610306789265,1.0000000000000002,0.0,0,413.31952950886205,0.0,1.6721882820129395,7,0.9100971736391653,0.9922769665718079,0.0804
fire_dense,Dense/Heavy Fire,PPO,30,20460559,1,45,63.639610306789265,1.0000000000000002,0.0,0,413.31952950886205,0.0,0.03438425064086914,7,0.9100971736391653,0.9922769665718079,0.0804
fire_dense,Dense/Heavy Fire,A*,31,20460560,1,126,159.96551211459382,0.397833317104002,0.0,0,404.16283955829806,0.0,3.0937228202819824,8,0.8841643282994813,0.9767811894416809,0.0888
fire_dense,Dense/Heavy Fire,PPO,31,20460560,0,7,9.899494936611667,0.0,53.74011537017761,0,-68.10028188673968,0.0,0.028728961944580078,8,0.8841643282994813,0.9767811894416809,0.0888
fire_dense,Dense/Heavy Fire,A*,32,20460561,1,51,67.1543289325507,0.947662069123026,0.0,0,411.53293562419714,0.0,1.8129141330718994,6,0.8407813111387119,0.8832716345787048,0.0672
fire_dense,Dense/Heavy Fire,PPO,32,20460561,0,13,18.38477631085024,0.0,45.254833995939045,0,-24.28785930218237,0.0,0.04732108116149902,6,0.8407813111387119,0.8832716345787048,0.0672
fire_dense,Dense/Heavy Fire,A*,33,20460562,1,73,94.95331880577405,0.6702199681610223,0.0,0,409.8123794963201,0.0,2.3598411083221436,7,0.8868599349052227,0.9861162900924683,0.0768
fire_dense,Dense/Heavy Fire,PPO,33,20460562,0,12,16.970562748477143,0.0,46.66904755831214,0,-50.93805399765622,0.0,0.1003119945526123,7,0.8868599349052227,0.9861162900924683,0.0768
fire_dense,Dense/Heavy Fire,A*,34,20460563,1,58,76.22539674441619,0.8348872295171246,0.0,0,415.106116796071,0.0,1.859149694442749,8,0.8835249653453008,0.9836034178733826,0.0928
fire_dense,Dense/Heavy Fire,PPO,34,20460563,0,27,38.18376618407356,0.0,25.45584412271571,0,80.05161858526516,0.0,0.04306817054748535,8,0.8835249653453008,0.9836034178733826,0.0928
fire_dense,Dense/Heavy Fire,A*,35,20460564,1,47,65.63961030678927,0.9695305930267974,0.0,0,412.7587623841587,0.0,1.7219738960266113,8,0.8908985058450329,0.9875933527946472,0.0776
fire_dense,Dense/Heavy Fire,PPO,35,20460564,0,27,38.18376618407356,0.0,25.45584412271571,0,79.52746812272007,0.0,0.033238887786865234,8,0.8908985058450329,0.9875933527946472,0.0776
fire_dense,Dense/Heavy Fire,A*,36,20460565,1,45,63.639610306789265,1.0000000000000002,0.0,0,413.3077739899926,0.0,1.6844651699066162,7,0.8807988498303763,0.9779025912284851,0.0784
fire_dense,Dense/Heavy Fire,PPO,36,20460565,1,45,63.639610306789265,1.0000000000000002,0.0,0,413.3077739899926,0.0,0.03425002098083496,7,0.8807988498303763,0.9779025912284851,0.0784
fire_dense,Dense/Heavy Fire,A*,37,20460566,0,135,171.03657992645927,0.0,5.0990195135927845,0,167.29953520047377,0.0,2.250025987625122,8,0.8586526418773375,0.9806200861930847,0.0912
fire_dense,Dense/Heavy Fire,PPO,37,20460566,0,37,52.325901807804506,0.0,11.313708498984761,0,151.87570068420294,0.0,0.0358889102935791,8,0.8586526418773375,0.9806200861930847,0.0912
fire_dense,Dense/Heavy Fire,A*,38,20460567,1,158,207.7056274847714,0.3063932887974122,0.0,0,388.8257924897687,0.0,3.240551233291626,8,0.8903919179066725,0.9941841959953308,0.088
fire_dense,Dense/Heavy Fire,PPO,38,20460567,0,10,14.142135623730953,0.0,49.49747468305833,0,-43.27432591813963,0.0,0.03374195098876953,8,0.8903919179066725,0.9941841959953308,0.088
fire_dense,Dense/Heavy Fire,A*,39,20460568,0,1,1.0,0.0,62.93647591023825,1,-106.39522444138203,0.8341078758239746,0.17991399765014648,7,0.9311841488753255,0.9727184176445007,0.0764
fire_dense,Dense/Heavy Fire,PPO,39,20460568,0,1,1.4142135623730951,0.0,62.22539674441618,1,-102.36956820837105,0.8897150754928589,0.020003080368041992,7,0.9311841488753255,0.9727184176445007,0.0764
fire_dense,Dense/Heavy Fire,A*,40,20460569,1,62,86.02438661763951,0.7397856911163354,0.0,0,415.14533151894454,0.0,1.9649572372436523,7,0.8569921642397497,0.9883503317832947,0.0812
fire_dense,Dense/Heavy Fire,PPO,40,20460569,0,30,42.42640687119284,0.0,21.213203435596427,0,98.92724037096495,0.0,0.07428503036499023,7,0.8569921642397497,0.9883503317832947,0.0812
fire_dense,Dense/Heavy Fire,A*,41,20460570,1,59,75.9827560572969,0.8375533293211959,0.0,0,412.9207750158104,0.0,1.7893800735473633,8,0.8833317802591045,0.9885716438293457,0.0772
fire_dense,Dense/Heavy Fire,PPO,41,20460570,0,9,12.727922061357857,0.0,50.91168824543142,0,-55.50975349689279,0.0,0.04883384704589844,8,0.8833317802591045,0.9885716438293457,0.0772
fire_dense,Dense/Heavy Fire,A*,42,20460571,1,70,94.02438661763951,0.6768415365003841,0.0,0,410.7010472228285,0.0,2.305116891860962,8,0.8648633312827831,0.9747870564460754,0.0896
fire_dense,Dense/Heavy Fire,PPO,42,20460571,0,18,25.455844122715714,0.0,38.18376618407357,0,14.664716324325283,0.0,0.020832061767578125,8,0.8648633312827831,0.9747870564460754,0.0896
fire_dense,Dense/Heavy Fire,A*,43,20460572,0,61,81.71067811865476,0.0,3.0,2,174.7157024339274,1.0559954643249512,1.8941278457641602,8,0.8612599976867334,0.9912254810333252,0.0904
fire_dense,Dense/Heavy Fire,PPO,43,20460572,0,42,59.39696961966999,0.0,4.242640687119285,0,180.89503429008022,0.0,0.032121896743774414,8,0.8612599976867334,0.9912254810333252,0.0904
fire_dense,Dense/Heavy Fire,A*,44,20460573,1,60,79.05382386916237,0.8050162179645566,0.0,0,407.81111937891774,0.0,1.8744921684265137,6,0.8613359952947821,0.9446152448654175,0.0668
fire_dense,Dense/Heavy Fire,PPO,44,20460573,0,22,31.112698372208097,0.0,32.526911934581186,0,36.36628608344037,0.0,0.05757308006286621,6,0.8613359952947821,0.9446152448654175,0.0668
fire_dense,Dense/Heavy Fire,A*,45,20460574,0,191,242.36248173426384,0.0,11.704699910719626,0,152.1170096029489,0.0,3.49035382270813,7,0.8217633235266147,0.9291906356811523,0.0788
fire_dense,Dense/Heavy Fire,PPO,45,20460574,0,10,14.142135623730953,0.0,49.49747468305833,0,-43.4487144803737,0.0,0.041007041931152344,7,0.8217633235266147,0.9291906356811523,0.0788
fire_dense,Dense/Heavy Fire,A*,46,20460575,0,1,1.4142135623730951,0.0,63.655321851358195,0,-109.3816008022208,0.0,0.18991708755493164,8,0.8719059668732905,0.9693006873130798,0.0924
fire_dense,Dense/Heavy Fire,PPO,46,20460575,0,1,1.4142135623730951,0.0,62.22539674441618,1,-102.74229810587013,0.6176705360412598,0.024755001068115234,8,0.8719059668732905,0.9693006873130798,0.0924
fire_dense,Dense/Heavy Fire,A*,47,20460576,1,63,82.46803743153546,0.7716881871915838,0.0,0,411.5378151307794,0.0,1.8707537651062012,8,0.8845307918458565,0.9915943741798401,0.0924
fire_dense,Dense/Heavy Fire,PPO,47,20460576,0,9,12.727922061357857,0.0,50.91168824543142,0,-47.60639999950681,0.0,0.0262448787689209,8,0.8845307918458565,0.9915943741798401,0.0924
fire_dense,Dense/Heavy Fire,A*,48,20460577,1,57,74.81118318204308,0.8506697474885638,0.0,0,409.1186835621788,0.0,1.758042812347412,6,0.8565169333932231,0.9966372847557068,0.0692
fire_dense,Dense/Heavy Fire,PPO,48,20460577,0,9,12.727922061357857,0.0,50.91168824543142,0,-50.46373930717264,0.0,0.04100489616394043,6,0.8565169333932231,0.9966372847557068,0.0692
fire_dense,Dense/Heavy Fire,A*,49,20460578,0,1,1.4142135623730951,0.0,62.22539674441618,0,-102.62400136343086,0.0,0.18596124649047852,6,0.9016456999065786,0.997460126876831,0.0672
fire_dense,Dense/Heavy Fire,PPO,49,20460578,0,1,1.4142135623730951,0.0,62.22539674441618,0,-102.62400136343086,0.0,0.0011060237884521484,6,0.9016456999065786,0.997460126876831,0.0672
fire_dense,Dense/Heavy Fire,A*,50,20460579,1,126,163.27922061357864,0.3897593953942286,0.0,0,412.78377931150385,0.0,3.2694480419158936,7,0.8546979697688676,0.9913961291313171,0.0812
fire_dense,Dense/Heavy Fire,PPO,50,20460579,0,10,14.142135623730953,0.0,49.49747468305833,0,-40.420931499152495,0.0,0.0311281681060791,7,0.8546979697688676,0.9913961291313171,0.0812
fire_dense,Dense/Heavy Fire,A*,51,20460580,1,92,117.68124086713189,0.5407795655268595,0.0,0,411.4461402858063,0.0,2.706670045852661,7,0.8318342077914753,0.9181172251701355,0.074
fire_dense,Dense/Heavy Fire,PPO,51,20460580,0,4,5.656854249492381,0.0,57.982756057296896,0,-81.71866603028252,0.0,0.026109933853149414,7,0.8318342077914753,0.9181172251701355,0.074
fire_dense,Dense/Heavy Fire,A*,52,20460581,1,62,82.71067811865474,0.7694243567377531,0.0,0,411.11342793705705,0.0,1.9613068103790283,8,0.8513721823224829,0.976810872554779,0.0896
fire_dense,Dense/Heavy Fire,PPO,52,20460581,0,12,16.970562748477143,0.0,46.66904755831214,0,-30.49831540378571,0.0,0.03617119789123535,8,0.8513721823224829,0.976810872554779,0.0896
fire_dense,Dense/Heavy Fire,A*,53,20460582,1,71,92.12489168102783,0.6907971249196616,0.0,0,410.46381894389293,0.0,2.1814420223236084,8,0.8569954850928798,0.9599984288215637,0.0904
fire_dense,Dense/Heavy Fire,PPO,53,20460582,0,6,8.485281374238571,0.0,55.154328932550705,0,-76.55414791357776,0.0,0.0463259220123291,8,0.8569954850928798,0.9599984288215637,0.0904
fire_dense,Dense/Heavy Fire,A*,54,20460583,1,53,70.81118318204308,0.8987225950339376,0.0,0,413.05585571661584,0.0,1.7428011894226074,8,0.8668787780426883,0.9933804273605347,0.0916
fire_dense,Dense/Heavy Fire,PPO,54,20460583,0,35,49.49747468305832,0.0,14.142135623730951,0,137.33713419149495,0.0,0.04273104667663574,8,0.8668787780426883,0.9933804273605347,0.0916
fire_dense,Dense/Heavy Fire,A*,55,20460584,1,52,69.39696961966999,0.9170373094901131,0.0,0,408.9025464128071,0.0,1.7589638233184814,7,0.8881540818657044,0.9952688813209534,0.0784
fire_dense,Dense/Heavy Fire,PPO,55,20460584,0,2,2.8284271247461903,0.0,60.81118318204309,0,-98.14998831188903,0.0,0.04385781288146973,7,0.8881540818657044,0.9952688813209534,0.0784
fire_dense,Dense/Heavy Fire,A*,56,20460585,0,39,53.91168824543141,0.0,53.03772242470448,0,-65.30927296910008,0.0,0.6245450973510742,6,0.9091249167025522,0.9584653973579407,0.0696
fire_dense,Dense/Heavy Fire,PPO,56,20460585,0,8,11.313708498984761,0.0,52.32590180780452,0,-61.00257999182687,0.0,0.03237199783325195,6,0.9091249167025522,0.9584653973579407,0.0696
fire_dense,Dense/Heavy Fire,A*,57,20460586,1,100,128.99494936611669,0.4933496281793619,0.0,0,415.15304110711946,0.0,2.5446531772613525,8,0.9267081193943811,0.9897913932800293,0.0924
fire_dense,Dense/Heavy Fire,PPO,57,20460586,0,5,7.0710678118654755,0.0,56.568542494923804,0,-75.25277311407072,0.0,0.027281999588012695,8,0.9267081193943811,0.9897913932800293,0.0924
fire_dense,Dense/Heavy Fire,A*,58,20460587,1,162,204.24978336205572,0.31157736992053947,0.0,0,400.5122039139647,0.0,3.9178500175476074,8,0.8614181546931705,0.9791261553764343,0.0868
fire_dense,Dense/Heavy Fire,PPO,58,20460587,0,9,12.727922061357857,0.0,50.91168824543142,0,-46.76958251537199,0.0,0.02178502082824707,8,0.8614181546931705,0.9791261553764343,0.0868
fire_dense,Dense/Heavy Fire,A*,59,20460588,1,101,131.23759005323598,0.4849190714411484,0.0,0,409.09919654509935,0.0,2.5217559337615967,8,0.9132357024149973,0.9953621029853821,0.0856
fire_dense,Dense/Heavy Fire,PPO,59,20460588,0,4,5.656854249492381,0.0,57.982756057296896,0,-82.28478802391169,0.0,0.02476215362548828,8,0.9132357024149973,0.9953621029853821,0.0856
fire_dense,Dense/Heavy Fire,A*,60,20460589,1,87,115.58073580374356,0.5506074162293751,0.0,0,407.13655167693645,0.0,2.3602380752563477,7,0.8707601067763137,0.9853038787841797,0.0716
fire_dense,Dense/Heavy Fire,PPO,60,20460589,0,5,7.0710678118654755,0.0,56.568542494923804,0,-74.70658449673456,0.0,0.011410236358642578,7,0.8707601067763137,0.9853038787841797,0.0716
fire_dense,Dense/Heavy Fire,A*,61,20460590,1,69,88.46803743153546,0.7193514421074316,0.0,0,414.51610672250035,0.0,1.949521780014038,8,0.8705906053508143,0.9129598140716553,0.0788
fire_dense,Dense/Heavy Fire,PPO,61,20460590,0,10,14.142135623730953,0.0,49.49747468305833,0,-40.2765125194313,0.0,0.027178049087524414,8,0.8705906053508143,0.9129598140716553,0.0788
fire_dense,Dense/Heavy Fire,A*,62,20460591,1,67,85.63961030678928,0.7431095269912047,0.0,0,412.8348395480349,0.0,2.082029104232788,8,0.9086888668214692,0.9948700070381165,0.08
fire_dense,Dense/Heavy Fire,PPO,62,20460591,0,6,8.485281374238571,0.0,55.154328932550705,0,-67.64344711795167,0.0,0.017840862274169922,8,0.9086888668214692,0.9948700070381165,0.08
fire_dense,Dense/Heavy Fire,A*,63,20460592,1,57,72.32590180780451,0.8799006817212209,0.0,0,410.86751278226046,0.0,1.8486790657043457,8,0.8711858914198577,0.9682716727256775,0.0848
fire_dense,Dense/Heavy Fire,PPO,63,20460592,0,4,5.656854249492381,0.0,57.982756057296896,0,-87.22373643913147,0.0,0.0450439453125,8,0.8711858914198577,0.9682716727256775,0.0848
fire_dense,Dense/Heavy Fire,A*,64,20460593,1,59,78.46803743153546,0.8110258952546863,0.0,0,413.95863659109983,0.0,1.8611819744110107,7,0.8626297194113778,0.9950822591781616,0.08
fire_dense,Dense/Heavy Fire,PPO,64,20460593,0,20,28.284271247461906,0.0,35.35533905932738,0,23.088852792961546,0.0,0.05593609809875488,7,0.8626297194113778,0.9950822591781616,0.08
fire_dense,Dense/Heavy Fire,A*,65,20460594,1,57,75.63961030678928,0.8413529637272219,0.0,0,408.26256777502397,0.0,1.856579065322876,6,0.8605095246621243,0.944316565990448,0.0664
fire_dense,Dense/Heavy Fire,PPO,65,20460594,0,6,8.485281374238571,0.0,55.154328932550705,0,-68.28721895429572,0.0,0.027292966842651367,6,0.8605095246621243,0.944316565990448,0.0664
fire_dense,Dense/Heavy Fire,A*,66,20460595,0,161,204.07821048680188,0.0,19.4164878389476,0,74.52718079957607,0.0,2.738342761993408,6,0.8987248205951021,0.9842222332954407,0.0684
fire_dense,Dense/Heavy Fire,PPO,66,20460595,0,17,24.041630560342618,0.0,39.59797974644666,0,-4.99335149998069,0.0,0.06039786338806152,6,0.8987248205951021,0.9842222332954407,0.0684
fire_dense,Dense/Heavy Fire,A*,67,20460596,1,74,98.02438661763952,0.6492222242106569,0.0,0,412.8176850665647,0.0,2.208591938018799,7,0.8517774047199322,0.9402622580528259,0.0804
fire_dense,Dense/Heavy Fire,PPO,67,20460596,0,15,21.21320343559643,0.0,42.42640687119285,0,-5.283912744356584,0.0,0.025770902633666992,7,0.8517774047199322,0.9402622580528259,0.0804
fire_dense,Dense/Heavy Fire,A*,68,20460597,0,91,119.99494936611667,0.0,7.0,0,169.65962074865456,0.0,1.9627869129180908,8,0.841043581002083,0.9914904236793518,0.0916
fire_dense,Dense/Heavy Fire,PPO,68,20460597,0,25,35.35533905932738,0.0,28.284271247461902,0,57.9276515087531,0.0,0.03521895408630371,8,0.841043581002083,0.9914904236793518,0.0916
fire_dense,Dense/Heavy Fire,A*,69,20460598,0,200,248.87720036002526,0.0,6.324555320336759,0,251.59980613018172,0.0,2.874722957611084,6,0.8710801283080286,0.9524420499801636,0.0696
fire_dense,Dense/Heavy Fire,PPO,69,20460598,0,3,4.242640687119286,0.0,59.39696961966999,0,-88.55349683907156,0.0,0.015119075775146484,6,0.8710801283080286,0.9524420499801636,0.0696
fire_dense,Dense/Heavy Fire,A*,70,20460599,1,103,136.55129855222077,0.46604910375459985,0.0,0,409.232461577653,0.0,3.0776522159576416,8,0.8936060895994951,0.9920811653137207,0.0896
fire_dense,Dense/Heavy Fire,PPO,70,20460599,0,20,28.284271247461906,0.0,35.35533905932738,0,30.247409533205513,0.0,0.02747797966003418,8,0.8936060895994951,0.9920811653137207,0.0896
fire_dense,Dense/Heavy Fire,A*,71,20460600,0,2,2.8284271247461903,0.0,60.81118318204309,1,-103.94505869186149,0.4227449893951416,0.24964308738708496,8,0.8832493329552442,0.9732354283332825,0.0852
fire_dense,Dense/Heavy Fire,PPO,71,20460600,0,2,2.8284271247461903,0.0,60.81118318204309,1,-103.94505869186149,0.4227449893951416,0.0019168853759765625,8,0.8832493329552442,0.9732354283332825,0.0852
fire_dense,Dense/Heavy Fire,A*,72,20460601,0,134,177.0782104868019,0.0,3.1622776601683795,0,183.29916921789987,0.0,2.3261361122131348,6,0.9180724417224367,0.9921074509620667,0.0696
fire_dense,Dense/Heavy Fire,PPO,72,20460601,0,13,18.38477631085024,0.0,45.254833995939045,1,-26.496237836967794,0.6370409727096558,0.04247117042541504,6,0.9180724417224367,0.9921074509620667,0.0696
fire_dense,Dense/Heavy Fire,A*,73,20460602,0,200,259.64675298172574,0.0,29.120439557122072,0,152.07742020326535,0.0,2.8391730785369873,7,0.8932415407085773,0.9747549295425415,0.0804
fire_dense,Dense/Heavy Fire,PPO,73,20460602,0,16,22.627416997969522,0.0,41.012193308819754,0,-3.762684353235727,0.0,0.04502296447753906,7,0.8932415407085773,0.9747549295425415,0.0804
fire_dense,Dense/Heavy Fire,A*,74,20460603,1,56,75.05382386916239,0.847919626556657,0.0,0,413.9513962604325,0.0,1.8639569282531738,6,0.8594589677634499,0.9840771555900574,0.0692
fire_dense,Dense/Heavy Fire,PPO,74,20460603,0,38,53.7401153701776,0.0,9.899494936611665,0,140.92648205443155,0.0,0.09368491172790527,6,0.8594589677634499,0.9840771555900574,0.0692
fire_dense,Dense/Heavy Fire,A*,75,20460604,1,155,191.86500705120545,0.33168951068708935,0.0,0,406.9319010210195,0.0,3.729377031326294,8,0.8378246489936572,0.9696068167686462,0.0816
fire_dense,Dense/Heavy Fire,PPO,75,20460604,0,2,2.8284271247461903,0.0,60.81118318204309,0,-96.1357200197749,0.0,0.04353618621826172,8,0.8378246489936572,0.9696068167686462,0.0816
fire_dense,Dense/Heavy Fire,A*,76,20460605,1,57,77.29646455628166,0.8233185136229814,0.0,0,410.4165762464216,0.0,1.8339629173278809,8,0.866226925074684,0.9671115875244141,0.0928
fire_dense,Dense/Heavy Fire,PPO,76,20460605,0,14,19.798989873223334,0.0,43.840620433565945,0,-12.560524042272618,0.0,0.025307893753051758,8,0.866226925074684,0.9671115875244141,0.0928
fire_dense,Dense/Heavy Fire,A*,77,20460606,1,53,70.81118318204307,0.8987225950339378,0.0,0,413.1751773631097,0.0,1.836270809173584,6,0.8586353905667314,0.927540123462677,0.0692
fire_dense,Dense/Heavy Fire,PPO,77,20460606,0,36,50.911688245431414,0.0,12.727922061357855,0,110.12034219812718,0.0,0.1005868911743164,6,0.8586353905667314,0.927540123462677,0.0692
fire_dense,Dense/Heavy Fire,A*,78,20460607,1,52,71.05382386916236,0.8956535600951537,0.0,0,411.74548478862,0.0,1.7466797828674316,8,0.8763110287947455,0.9643893241882324,0.0864
fire_dense,Dense/Heavy Fire,PPO,78,20460607,0,18,25.455844122715714,0.0,38.18376618407357,0,15.84357468483374,0.0,0.032163143157958984,8,0.8763110287947455,0.9643893241882324,0.0864
fire_dense,Dense/Heavy Fire,A*,79,20460608,0,105,133.1665222413705,0.0,6.082762530298219,0,156.19115434451248,0.0,2.1035659313201904,6,0.878461346964615,0.9339560270309448,0.0692
fire_dense,Dense/Heavy Fire,PPO,79,20460608,0,18,25.455844122715714,0.0,38.18376618407357,0,9.493588697930292,0.0,0.03512096405029297,6,0.878461346964615,0.9339560270309448,0.0692
fire_dense,Dense/Heavy Fire,A*,80,20460609,1,56,73.39696961966999,0.8670604608958434,0.0,0,409.52873119167293,0.0,1.7622599601745605,6,0.8728647960647349,0.995239794254303,0.0688
fire_dense,Dense/Heavy Fire,PPO,80,20460609,0,1,1.4142135623730951,0.0,62.22539674441618,0,-102.86616549841011,0.0,0.0200960636138916,6,0.8728647960647349,0.995239794254303,0.0688
fire_dense,Dense/Heavy Fire,A*,81,20460610,1,73,98.26702730475881,0.6476191663905904,0.0,0,414.09542798663455,0.0,2.125800132751465,7,0.8872589283013701,0.9839588403701782,0.0772
fire_dense,Dense/Heavy Fire,PPO,81,20460610,0,11,15.556349186104049,0.0,48.08326112068523,0,-33.667859759446756,0.0,0.02335500717163086,7,0.8872589283013701,0.9839588403701782,0.0772
fire_dense,Dense/Heavy Fire,A*,82,20460611,1,138,179.4213562373095,0.35469361976406594,0.0,0,413.2566822524244,0.0,3.624669075012207,6,0.8405544253363888,0.8788176774978638,0.0616
fire_dense,Dense/Heavy Fire,PPO,82,20460611,0,22,31.112698372208097,0.0,32.526911934581186,0,34.834912558518425,0.0,0.039849042892456055,6,0.8405544253363888,0.8788176774978638,0.0616
fire_dense,Dense/Heavy Fire,A*,83,20460612,1,54,72.22539674441617,0.8811251052312057,0.0,0,413.4956803536198,0.0,1.7651350498199463,8,0.8661243082728912,0.9698829054832458,0.086
fire_dense,Dense/Heavy Fire,PPO,83,20460612,0,5,7.0710678118654755,0.0,56.568542494923804,0,-83.39619737948615,0.0,0.03721499443054199,8,0.8661243082728912,0.9698829054832458,0.086
fire_dense,Dense/Heavy Fire,A*,84,20460613,1,71,91.29646455628165,0.6970654407713377,0.0,0,410.8681274367727,0.0,2.1130211353302,8,0.8510829748558855,0.9389821290969849,0.0924
fire_dense,Dense/Heavy Fire,PPO,84,20460613,0,8,11.313708498984761,0.0,52.32590180780452,0,-60.18455499141211,0.0,0.03473186492919922,8,0.8510829748558855,0.9389821290969849,0.0924
fire_dense,Dense/Heavy Fire,A*,85,20460614,1,85,110.2670273047588,0.5771408902762973,0.0,0,412.18226301079454,0.0,2.3848040103912354,7,0.912740907487141,0.9800406694412231,0.0796
fire_dense,Dense/Heavy Fire,PPO,85,20460614,0,4,5.656854249492381,0.0,57.982756057296896,0,-82.21419976115999,0.0,0.025664091110229492,7,0.912740907487141,0.9800406694412231,0.0796
fire_dense,Dense/Heavy Fire,A*,86,20460615,1,56,75.05382386916239,0.847919626556657,0.0,0,411.70017784778616,0.0,1.803915023803711,6,0.8708415618165178,0.958095371723175,0.0648
fire_dense,Dense/Heavy Fire,PPO,86,20460615,0,11,15.556349186104049,0.0,48.08326112068523,0,-36.15715553860208,0.0,0.0530848503112793,6,0.8708415618165178,0.958095371723175,0.0648
fire_dense,Dense/Heavy Fire,A*,87,20460616,1,76,100.02438661763952,0.6362409454212669,0.0,0,410.92104114571373,0.0,2.264003276824951,6,0.8349072816293154,0.9504496455192566,0.0692
fire_dense,Dense/Heavy Fire,PPO,87,20460616,0,20,28.284271247461906,0.0,35.35533905932738,0,21.635359880126174,0.0,0.05298495292663574,6,0.8349072816293154,0.9504496455192566,0.0692
fire_dense,Dense/Heavy Fire,A*,88,20460617,1,99,132.55129855222077,0.48011306567258866,0.0,0,410.8609382158571,0.0,2.660837173461914,7,0.8439066962165945,0.8950162529945374,0.0776
fire_dense,Dense/Heavy Fire,PPO,88,20460617,0,14,19.798989873223334,0.0,43.840620433565945,0,-13.362942022329207,0.0,0.11395406723022461,7,0.8439066962165945,0.8950162529945374,0.0776
fire_dense,Dense/Heavy Fire,A*,89,20460618,1,75,98.61017305526642,0.6453655676186902,0.0,0,411.70535059114724,0.0,2.847659111022949,6,0.8985030293008928,0.9771564602851868,0.0696
fire_dense,Dense/Heavy Fire,PPO,89,20460618,0,1,1.4142135623730951,0.0,62.22539674441618,0,-102.97670052400673,0.0,0.024019956588745117,6,0.8985030293008928,0.9771564602851868,0.0696
fire_dense,Dense/Heavy Fire,A*,90,20460619,0,1,1.0,0.0,62.93647591023825,0,-106.42352830300007,0.0,0.19473910331726074,7,0.8573289492918209,0.9506354331970215,0.0776
fire_dense,Dense/Heavy Fire,PPO,90,20460619,0,1,1.4142135623730951,0.0,62.22539674441618,0,-103.01497087827767,0.0,0.019983768463134766,7,0.8573289492918209,0.9506354331970215,0.0776
fire_dense,Dense/Heavy Fire,A*,91,20460620,1,93,119.09545442950498,0.5343580123325266,0.0,0,410.9132119340681,0.0,2.505047082901001,8,0.8849566617819584,0.9649592041969299,0.092
fire_dense,Dense/Heavy Fire,PPO,91,20460620,0,4,5.656854249492381,0.0,57.982756057296896,0,-98.47099757737328,0.0,0.06120705604553223,8,0.8849566617819584,0.9649592041969299,0.092
fire_dense,Dense/Heavy Fire,A*,92,20460621,1,45,63.639610306789265,1.0000000000000002,0.0,0,413.3250189118593,0.0,1.7805631160736084,7,0.910954311139859,0.9865924119949341,0.08
fire_dense,Dense/Heavy Fire,PPO,92,20460621,1,45,63.639610306789265,1.0000000000000002,0.0,0,413.3250189118593,0.0,0.034739017486572266,7,0.910954311139859,0.9865924119949341,0.08
fire_dense,Dense/Heavy Fire,A*,93,20460622,1,66,85.88225099390857,0.7410100407277761,0.0,0,411.7561738687621,0.0,2.0999820232391357,6,0.890421863485499,0.9861186742782593,0.0696
fire_dense,Dense/Heavy Fire,PPO,93,20460622,0,6,8.485281374238571,0.0,55.154328932550705,0,-67.78872271075562,0.0,0.023651838302612305,6,0.890421863485499,0.9861186742782593,0.0696
fire_dense,Dense/Heavy Fire,A*,94,20460623,1,74,96.36753236814714,0.6603843508586551,0.0,0,411.55466174405893,0.0,2.094316005706787,6,0.85717319196449,0.9570597410202026,0.0696
fire_dense,Dense/Heavy Fire,PPO,94,20460623,0,7,9.899494936611667,0.0,53.74011537017761,0,-65.6960004493213,0.0,0.047943830490112305,6,0.85717319196449,0.9570597410202026,0.0696
fire_dense,Dense/Heavy Fire,A*,95,20460624,1,121,155.37972567696693,0.40957473717707205,0.0,0,415.54765453815855,0.0,3.0533852577209473,7,0.9002244768338755,0.9848529100418091,0.0688
fire_dense,Dense/Heavy Fire,PPO,95,20460624,0,5,7.0710678118654755,0.0,56.568542494923804,0,-75.39445961874881,0.0,0.05993509292602539,7,0.9002244768338755,0.9848529100418091,0.0688
fire_dense,Dense/Heavy Fire,A*,96,20460625,1,77,98.12489168102785,0.6485572540926821,0.0,0,410.9139122931163,0.0,2.590534210205078,7,0.846569308796276,0.9796004891395569,0.0808
fire_dense,Dense/Heavy Fire,PPO,96,20460625,0,7,9.899494936611667,0.0,53.74011537017761,0,-69.66057095563869,0.0,0.04696798324584961,7,0.846569308796276,0.9796004891395569,0.0808
fire_dense,Dense/Heavy Fire,A*,97,20460626,1,73,92.46803743153548,0.6882336002200637,0.0,0,414.61175761061946,0.0,2.1476190090179443,7,0.8505824203039324,0.9553061723709106,0.0808
fire_dense,Dense/Heavy Fire,PPO,97,20460626,0,1,1.4142135623730951,0.0,62.22539674441618,0,-102.25368366590584,0.0,0.022677183151245117,7,0.8505824203039324,0.9553061723709106,0.0808
fire_dense,Dense/Heavy Fire,A*,98,20460627,1,59,77.63961030678927,0.8196796719525041,0.0,0,409.98406940623727,0.0,1.8623738288879395,6,0.8482545853254208,0.9387090802192688,0.0664
fire_dense,Dense/Heavy Fire,PPO,98,20460627,0,7,9.899494936611667,0.0,53.74011537017761,0,-68.37108277458682,0.0,0.04800987243652344,6,0.8482545853254208,0.9387090802192688,0.0664
fire_dense,Dense/Heavy Fire,A*,99,20460628,0,200,257.57568516986026,0.0,32.01562118716424,0,132.95414901572263,0.0,3.1498701572418213,7,0.8582210093916539,0.9138078689575195,0.0812
fire_dense,Dense/Heavy Fire,PPO,99,20460628,0,22,31.112698372208097,0.0,32.526911934581186,0,38.93593684349864,0.0,0.09511709213256836,7,0.8582210093916539,0.9138078689575195,0.0812
fire_dense,Dense/Heavy Fire,A*,100,20460629,1,111,147.86500705120554,0.43038993184338015,0.0,0,418.2740515525427,0.0,2.8047778606414795,7,0.7957228682100946,0.9078040719032288,0.0764
fire_dense,Dense/Heavy Fire,PPO,100,20460629,0,30,42.42640687119284,0.0,21.213203435596427,0,75.65570621808529,0.0,0.12894701957702637,7,0.7957228682100946,0.9078040719032288,0.0764
fire_dense,Dense/Heavy Fire,A*,101,20460630,1,53,69.1543289325507,0.920254903620854,0.0,0,411.34308786552526,0.0,1.734626054763794,7,0.8278143600256005,0.9660266637802124,0.0756
fire_dense,Dense/Heavy Fire,PPO,101,20460630,0,2,2.8284271247461903,0.0,60.81118318204309,0,-95.37679897579027,0.0,0.021180152893066406,7,0.8278143600256005,0.9660266637802124,0.0756
fire_dense,Dense/Heavy Fire,A*,102,20460631,1,58,79.53910524340094,0.800104679478642,0.0,0,413.61002483109013,0.0,1.857240915298462,6,0.874303866851078,0.9632195830345154,0.0688
fire_dense,Dense/Heavy Fire,PPO,102,20460631,0,24,33.941125496954285,0.0,29.698484809834994,0,58.378039981676324,0.0,0.027822017669677734,6,0.874303866851078,0.9632195830345154,0.0688
fire_dense,Dense/Heavy Fire,A*,103,20460632,1,66,89.19595949289334,0.7134808647006006,0.0,0,410.81153225717804,0.0,2.0826220512390137,8,0.8841330944180199,0.9752814769744873,0.092
fire_dense,Dense/Heavy Fire,PPO,103,20460632,0,10,14.142135623730953,0.0,49.49747468305833,0,-48.25774361505669,0.0,0.04938387870788574,8,0.8841330944180199,0.9752814769744873,0.092
fire_dense,Dense/Heavy Fire,A*,104,20460633,1,45,63.639610306789265,1.0000000000000002,0.0,0,412.58624037977313,0.0,1.6719369888305664,6,0.8534748594592538,0.9603694081306458,0.0696
fire_dense,Dense/Heavy Fire,PPO,104,20460633,1,45,63.639610306789265,1.0000000000000002,0.0,0,412.58624037977313,0.0,0.03417515754699707,6,0.8534748594592538,0.9603694081306458,0.0696
fire_dense,Dense/Heavy Fire,A*,105,20460634,1,62,78.5685424949238,0.8099884290318984,0.0,0,414.11521570944507,0.0,1.8168258666992188,7,0.8844876967021877,0.9736165404319763,0.0804
fire_dense,Dense/Heavy Fire,PPO,105,20460634,0,6,8.485281374238571,0.0,55.154328932550705,0,-70.83641084639913,0.0,0.022828102111816406,7,0.8844876967021877,0.9736165404319763,0.0804
fire_dense,Dense/Heavy Fire,A*,106,20460635,1,71,92.95331880577403,0.6846405391911208,0.0,0,410.90546621602743,0.0,2.2019639015197754,7,0.8707025017870252,0.9502612352371216,0.0812
fire_dense,Dense/Heavy Fire,PPO,106,20460635,0,14,19.798989873223334,0.0,43.840620433565945,0,-27.20525587128577,0.0,0.061862945556640625,7,0.8707025017870252,0.9502612352371216,0.0812
fire_dense,Dense/Heavy Fire,A*,107,20460636,1,90,117.33809511662429,0.5423610315433944,0.0,0,403.82171500526573,0.0,2.2957632541656494,6,0.8572960007495004,0.9649782180786133,0.0696
fire_dense,Dense/Heavy Fire,PPO,107,20460636,0,4,5.656854249492381,0.0,57.982756057296896,0,-82.19116301259805,0.0,0.015169858932495117,6,0.8572960007495004,0.9649782180786133,0.0696
fire_dense,Dense/Heavy Fire,A*,108,20460637,1,70,89.05382386916236,0.7146196259948189,0.0,0,399.13573742347836,0.0,1.9459540843963623,7,0.8832514901704523,0.9838628172874451,0.076
fire_dense,Dense/Heavy Fire,PPO,108,20460637,0,1,1.4142135623730951,0.0,62.22539674441618,0,-102.52699361196602,0.0,0.023727893829345703,7,0.8832514901704523,0.9838628172874451,0.076
fire_dense,Dense/Heavy Fire,A*,109,20460638,1,53,70.81118318204308,0.8987225950339376,0.0,0,412.5715719781624,0.0,1.769273042678833,8,0.9076106108594119,0.9960340261459351,0.0904
fire_dense,Dense/Heavy Fire,PPO,109,20460638,0,31,43.84062043356593,0.0,19.79898987322333,0,89.23874928405692,0.0,0.07432293891906738,8,0.9076106108594119,0.9960340261459351,0.0904
fire_dense,Dense/Heavy Fire,A*,110,20460639,1,133,169.86500705120545,0.37464814802971896,0.0,0,394.6297730475944,0.0,2.518393039703369,8,0.8450766816229739,0.9967094659805298,0.0896
fire_dense,Dense/Heavy Fire,PPO,110,20460639,0,5,7.0710678118654755,0.0,56.568542494923804,0,-77.54600754743925,0.0,0.04286003112792969,8,0.8450766816229739,0.9967094659805298,0.0896
fire_dense,Dense/Heavy Fire,A*,111,20460640,1,110,136.5096679918782,0.4661912320420821,0.0,0,405.48142446231077,0.0,2.7815818786621094,6,0.9143648234737864,0.986818253993988,0.0688
fire_dense,Dense/Heavy Fire,PPO,111,20460640,0,1,1.4142135623730951,0.0,62.22539674441618,0,-102.78130755773628,0.0,0.016340255737304688,6,0.9143648234737864,0.986818253993988,0.0688
fire_dense,Dense/Heavy Fire,A*,112,20460641,1,67,85.63961030678928,0.7431095269912047,0.0,0,412.31439299899387,0.0,1.96396803855896,8,0.8926274941610066,0.965796172618866,0.0832
fire_dense,Dense/Heavy Fire,PPO,112,20460641,0,5,7.0710678118654755,0.0,56.568542494923804,0,-74.87535936711984,0.0,0.022841930389404297,8,0.8926274941610066,0.965796172618866,0.0832
fire_dense,Dense/Heavy Fire,A*,113,20460642,1,83,104.95331880577405,0.6063611044502589,0.0,0,412.7262136158356,0.0,2.333439826965332,6,0.9194889106532206,0.991884708404541,0.0644
fire_dense,Dense/Heavy Fire,PPO,113,20460642,0,7,9.899494936611667,0.0,53.74011537017761,0,-70.5260998560162,0.0,0.054388999938964844,6,0.9194889106532206,0.991884708404541,0.0644
fire_dense,Dense/Heavy Fire,A*,114,20460643,1,54,70.56854249492379,0.9018127349217545,0.0,0,411.9568396620887,0.0,1.7426350116729736,6,0.9177533420500276,0.9852380156517029,0.062
fire_dense,Dense/Heavy Fire,PPO,114,20460643,0,16,22.627416997969522,0.0,41.012193308819754,0,-3.8458249091090693,0.0,0.05424785614013672,6,0.9177533420500276,0.9852380156517029,0.062
fire_dense,Dense/Heavy Fire,A*,115,20460644,0,25,29.556349186104043,0.0,59.54829972383762,0,-107.10563036933938,0.0,0.30757617950439453,8,0.8294260591177818,0.9621384143829346,0.084
fire_dense,Dense/Heavy Fire,PPO,115,20460644,0,1,1.4142135623730951,0.0,62.22539674441618,0,-102.93169126859749,0.0,0.016649961471557617,8,0.8294260591177818,0.9621384143829346,0.084
fire_dense,Dense/Heavy Fire,A*,116,20460645,1,62,81.88225099390856,0.7772088521543405,0.0,0,410.4834872677291,0.0,1.967993974685669,8,0.9098140639894168,0.9743011593818665,0.0888
fire_dense,Dense/Heavy Fire,PPO,116,20460645,0,8,11.313708498984761,0.0,52.32590180780452,1,-67.13447527508535,0.4871505796909332,0.1339869499206543,8,0.9098140639894168,0.9743011593818665,0.0888
fire_dense,Dense/Heavy Fire,A*,117,20460646,1,47,64.81118318204307,0.9819232913560142,0.0,0,412.33797427633095,0.0,1.6992199420928955,8,0.8617536866264933,0.9425662755966187,0.0876
fire_dense,Dense/Heavy Fire,PPO,117,20460646,0,35,49.49747468305832,0.0,14.142135623730951,0,133.85280429369374,0.0,0.04284501075744629,8,0.8617536866264933,0.9425662755966187,0.0876
fire_dense,Dense/Heavy Fire,A*,118,20460647,1,53,70.81118318204308,0.8987225950339376,0.0,0,413.3049533535985,0.0,1.8123791217803955,6,0.8232004743538591,0.9061106443405151,0.0696
fire_dense,Dense/Heavy Fire,PPO,118,20460647,0,25,35.35533905932738,0.0,28.284271247461902,0,58.52123738599117,0.0,0.060606956481933594,6,0.8232004743538591,0.9061106443405151,0.0696
fire_dense,Dense/Heavy Fire,A*,119,20460648,1,64,85.53910524340095,0.7439826512763161,0.0,0,412.4727111561963,0.0,1.983525276184082,7,0.8459264287452426,0.9781968593597412,0.0744
fire_dense,Dense/Heavy Fire,PPO,119,20460648,0,26,36.76955262170047,0.0,26.870057685088806,1,64.63082454147032,0.4082840383052826,0.06995391845703125,7,0.8459264287452426,0.9781968593597412,0.0744
fire_dense,Dense/Heavy Fire,A*,120,20460649,1,121,153.72287142747456,0.4139892113374556,0.0,0,402.43778274724366,0.0,3.0742709636688232,8,0.867112806510428,0.9659501314163208,0.0856
fire_dense,Dense/Heavy Fire,PPO,120,20460649,0,8,11.313708498984761,0.0,52.32590180780452,0,-60.54781430690283,0.0,0.08066797256469727,8,0.867112806510428,0.9659501314163208,0.0856
fire_dense,Dense/Heavy Fire,A*,121,20460650,1,57,76.46803743153548,0.8322380493126695,0.0,0,416.15084467399026,0.0,1.875093936920166,6,0.8840502793114887,0.9474403262138367,0.0672
fire_dense,Dense/Heavy Fire,PPO,121,20460650,0,34,48.08326112068523,0.0,15.556349186104045,0,130.46037607538378,0.0,0.05956602096557617,6,0.8840502793114887,0.9474403262138367,0.0672
fire_dense,Dense/Heavy Fire,A*,122,20460651,1,58,73.74011537017762,0.8630256406206649,0.0,0,415.83277776083736,0.0,1.8761060237884521,7,0.871739351080464,0.9997231364250183,0.0812
fire_dense,Dense/Heavy Fire,PPO,122,20460651,0,14,19.798989873223334,0.0,43.840620433565945,0,-11.794746663188107,0.0,0.029246807098388672,7,0.871739351080464,0.9997231364250183,0.0812
fire_dense,Dense/Heavy Fire,A*,123,20460652,0,32,43.18376618407357,0.0,57.28001396647874,0,-91.851826393638,0.0,0.6094152927398682,7,0.8862522365523123,0.9455761909484863,0.0708
fire_dense,Dense/Heavy Fire,PPO,123,20460652,0,5,7.0710678118654755,0.0,56.568542494923804,0,-75.27985417515302,0.0,0.012085199356079102,7,0.8862522365523123,0.9455761909484863,0.0708
fire_dense,Dense/Heavy Fire,A*,124,20460653,0,7,8.242640687119286,0.0,57.982756057296896,0,-113.32164497243232,0.0,0.3232541084289551,8,0.8763261764961172,0.996001124382019,0.0924
fire_dense,Dense/Heavy Fire,PPO,124,20460653,0,1,1.4142135623730951,0.0,62.22539674441618,0,-102.47557447305763,0.0,0.023669004440307617,8,0.8763261764961172,0.996001124382019,0.0924
fire_dense,Dense/Heavy Fire,A*,125,20460654,1,58,77.05382386916237,0.8259111243440628,0.0,0,412.0551619731527,0.0,2.0904529094696045,7,0.934838139180169,0.9978829026222229,0.0804
fire_dense,Dense/Heavy Fire,PPO,125,20460654,0,18,25.455844122715714,0.0,38.18376618407357,0,15.78251127258936,0.0,0.029883861541748047,7,0.934838139180169,0.9978829026222229,0.0804
fire_dense,Dense/Heavy Fire,A*,126,20460655,0,200,256.333044482741,0.0,44.0,0,89.25276567689099,0.0,4.147837162017822,8,0.9002467272298663,0.9775169491767883,0.0904
fire_dense,Dense/Heavy Fire,PPO,126,20460655,0,20,28.284271247461906,0.0,35.35533905932738,0,23.079965950934906,0.0,0.04500412940979004,8,0.9002467272298663,0.9775169491767883,0.0904
fire_dense,Dense/Heavy Fire,A*,127,20460656,1,50,67.39696961966999,0.944250322617115,0.0,0,413.8616891573541,0.0,1.7364158630371094,6,0.9114165361723373,0.9734877943992615,0.0532
fire_dense,Dense/Heavy Fire,PPO,127,20460656,0,31,43.84062043356593,0.0,19.79898987322333,0,100.30578650201304,0.0,0.060987234115600586,6,0.9114165361723373,0.9734877943992615,0.0532
fire_dense,Dense/Heavy Fire,A*,128,20460657,1,60,78.22539674441619,0.8135415473150917,0.0,0,411.4224608986328,0.0,1.8271229267120361,8,0.8458215359274696,0.9878013134002686,0.0884
fire_dense,Dense/Heavy Fire,PPO,128,20460657,0,5,7.0710678118654755,0.0,56.568542494923804,0,-83.70915943144601,0.0,0.05329108238220215,8,0.8458215359274696,0.9878013134002686,0.0884
fire_dense,Dense/Heavy Fire,A*,129,20460658,1,50,69.05382386916237,0.9215942976216421,0.0,0,412.2481468045909,0.0,1.703705072402954,6,0.8815779729986891,0.9789765477180481,0.0696
fire_dense,Dense/Heavy Fire,PPO,129,20460658,0,14,19.798989873223334,0.0,43.840620433565945,0,-12.268331075144943,0.0,0.025513887405395508,6,0.8815779729986891,0.9789765477180481,0.0696
fire_dense,Dense/Heavy Fire,A*,130,20460659,1,78,102.02438661763951,0.6237686147067343,0.0,0,396.17417420225274,0.0,1.980409860610962,8,0.8378631921011888,0.9928070902824402,0.0904
fire_dense,Dense/Heavy Fire,PPO,130,20460659,0,2,2.8284271247461903,0.0,60.81118318204309,0,-103.80129944122062,0.0,0.040593862533569336,8,0.8378631921011888,0.9928070902824402,0.0904
fire_dense,Dense/Heavy Fire,A*,131,20460660,1,78,98.71067811865476,0.6447084704482685,0.0,0,413.9704586115036,0.0,2.263523817062378,8,0.8769353816782013,0.985856831073761,0.0896
fire_dense,Dense/Heavy Fire,PPO,131,20460660,0,1,1.4142135623730951,0.0,62.22539674441618,0,-102.68772349706734,0.0,0.0242159366607666,8,0.8769353816782013,0.985856831073761,0.0896
fire_dense,Dense/Heavy Fire,A*,132,20460661,1,52,69.39696961966997,0.9170373094901132,0.0,0,413.27930048417585,0.0,1.7445859909057617,8,0.9047583882121144,0.9735479354858398,0.092
fire_dense,Dense/Heavy Fire,PPO,132,20460661,0,11,15.556349186104049,0.0,48.08326112068523,0,-44.95729590235977,0.0,0.03540802001953125,8,0.9047583882121144,0.9735479354858398,0.092
fire_dense,Dense/Heavy Fire,A*,133,20460662,0,2,2.414213562373095,0.0,61.5223536610881,2,-106.23438167057743,1.4572355151176453,0.1964280605316162,7,0.8591114448091312,0.9042190313339233,0.0776
fire_dense,Dense/Heavy Fire,PPO,133,20460662,0,2,2.8284271247461903,0.0,60.81118318204309,2,-103.04028641021476,1.3064870238304138,0.022296905517578125,7,0.8591114448091312,0.9042190313339233,0.0776
fire_dense,Dense/Heavy Fire,A*,134,20460663,0,106,135.82337649086287,0.0,3.1622776601683795,0,184.94700283765025,0.0,2.6685800552368164,8,0.8274021064909265,0.943398654460907,0.0916
fire_dense,Dense/Heavy Fire,PPO,134,20460663,0,13,18.38477631085024,0.0,45.254833995939045,0,-18.826741438505906,0.0,0.01869487762451172,8,0.8274021064909265,0.943398654460907,0.0916
fire_dense,Dense/Heavy Fire,A*,135,20460664,1,117,155.52186130069794,0.4092004157778408,0.0,0,404.9728565882069,0.0,3.168776035308838,7,0.8584203417679817,0.9164447784423828,0.0768
fire_dense,Dense/Heavy Fire,PPO,135,20460664,0,16,22.627416997969522,0.0,41.012193308819754,0,1.7298306022385077,0.0,0.023442983627319336,7,0.8584203417679817,0.9164447784423828,0.0768
fire_dense,Dense/Heavy Fire,A*,136,20460665,1,49,65.9827560572969,0.9644885135068787,0.0,0,412.42208968176294,0.0,1.7117879390716553,7,0.9140459641846926,0.9897339344024658,0.0656
fire_dense,Dense/Heavy Fire,PPO,136,20460665,0,33,46.66904755831214,0.0,16.97056274847714,0,91.89908401033684,0.0,0.08412814140319824,7,0.9140459641846926,0.9897339344024658,0.0656
fire_dense,Dense/Heavy Fire,A*,137,20460666,1,60,80.71067811865476,0.7884905912106341,0.0,0,409.54971697284265,0.0,1.8577091693878174,8,0.898317573030454,0.9941118955612183,0.0872
fire_dense,Dense/Heavy Fire,PPO,137,20460666,0,12,16.970562748477143,0.0,46.66904755831214,0,-26.29631913692245,0.0,0.0184781551361084,8,0.898317573030454,0.9941118955612183,0.0872
fire_dense,Dense/Heavy Fire,A*,138,20460667,1,45,63.639610306789265,1.0000000000000002,0.0,0,413.32524253678173,0.0,1.6823925971984863,7,0.8509190002614647,0.9729601740837097,0.0804
fire_dense,Dense/Heavy Fire,PPO,138,20460667,1,45,63.639610306789265,1.0000000000000002,0.0,0,413.32524253678173,0.0,0.03402400016784668,7,0.8509190002614647,0.9729601740837097,0.0804
fire_dense,Dense/Heavy Fire,A*,139,20460668,1,59,74.3259018078045,0.8562238568103977,0.0,0,411.44038810735884,0.0,1.7850089073181152,7,0.8980221559004375,0.9914113283157349,0.0812
fire_dense,Dense/Heavy Fire,PPO,139,20460668,0,1,1.4142135623730951,0.0,62.22539674441618,0,-102.17725203386391,0.0,0.02327895164489746,7,0.8980221559004375,0.9914113283157349,0.0812
fire_dense,Dense/Heavy Fire,A*,140,20460669,0,37,45.284271247461895,0.0,60.14149981501958,0,-143.29676130248941,0.0,0.3962442874908447,8,0.8510164682112286,0.9438484311103821,0.092
fire_dense,Dense/Heavy Fire,PPO,140,20460669,0,1,1.4142135623730951,0.0,62.22539674441618,0,-102.49942586771095,0.0,0.0011780261993408203,8,0.8510164682112286,0.9438484311103821,0.092
fire_dense,Dense/Heavy Fire,A*,141,20460670,1,56,74.22539674441619,0.8573832286262147,0.0,0,412.68918859443255,0.0,1.840682029724121,6,0.8678601448193661,0.9862727522850037,0.0664
fire_dense,Dense/Heavy Fire,PPO,141,20460670,0,30,42.42640687119284,0.0,21.213203435596427,0,101.27188576620465,0.0,0.044341087341308594,6,0.8678601448193661,0.9862727522850037,0.0664
fire_dense,Dense/Heavy Fire,A*,142,20460671,1,85,111.92388155425118,0.5685972414738155,0.0,0,411.37963996403363,0.0,2.4437570571899414,6,0.9048072854637655,0.956615686416626,0.0696
fire_dense,Dense/Heavy Fire,PPO,142,20460671,0,17,24.041630560342618,0.0,39.59797974644666,0,9.304495276008765,0.0,0.024190902709960938,6,0.9048072854637655,0.956615686416626,0.0696
fire_dense,Dense/Heavy Fire,A*,143,20460672,0,1,1.0,0.0,62.93647591023825,0,-105.8287842167345,0.0,0.19478821754455566,7,0.8580629599193836,0.9622251987457275,0.0804
fire_dense,Dense/Heavy Fire,PPO,143,20460672,0,1,1.4142135623730951,0.0,62.22539674441618,1,-102.79911384931648,0.4038948118686676,0.01880192756652832,7,0.8580629599193836,0.9622251987457275,0.0804
fire_dense,Dense/Heavy Fire,A*,144,20460673,1,60,81.53910524340094,0.7804796252892376,0.0,0,413.2028341592194,0.0,1.8561749458312988,7,0.8560462674658919,0.9789080619812012,0.0804
fire_dense,Dense/Heavy Fire,PPO,144,20460673,0,7,9.899494936611667,0.0,53.74011537017761,0,-69.66768493227718,0.0,0.04786205291748047,7,0.8560462674658919,0.9789080619812012,0.0804
fire_dense,Dense/Heavy Fire,A*,145,20460674,0,169,206.69343417595167,0.0,11.313708498984761,0,131.19363051529615,0.0,2.6900558471679688,7,0.9114045625484338,0.9684973359107971,0.0812
fire_dense,Dense/Heavy Fire,PPO,145,20460674,0,2,2.8284271247461903,0.0,60.81118318204309,0,-104.86275683677421,0.0,0.05595874786376953,7,0.9114045625484338,0.9684973359107971,0.0812
fire_dense,Dense/Heavy Fire,A*,146,20460675,1,61,79.63961030678927,0.7990949486271408,0.0,0,410.3182853729708,0.0,1.8951828479766846,8,0.8746660253510237,0.9646533131599426,0.0844
fire_dense,Dense/Heavy Fire,PPO,146,20460675,0,3,4.242640687119286,0.0,59.39696961966999,0,-88.88805711924255,0.0,0.02540731430053711,8,0.8746660253510237,0.9646533131599426,0.0844
fire_dense,Dense/Heavy Fire,A*,147,20460676,1,61,78.81118318204308,0.8074946693769394,0.0,0,411.038569656255,0.0,1.862023115158081,8,0.9000357931197402,0.9841652512550354,0.0888
fire_dense,Dense/Heavy Fire,PPO,147,20460676,0,17,24.041630560342618,0.0,39.59797974644666,0,-7.6933809954194885,0.0,0.048011064529418945,8,0.9000357931197402,0.9841652512550354,0.0888
fire_dense,Dense/Heavy Fire,A*,148,20460677,1,45,63.639610306789265,1.0000000000000002,0.0,0,413.150598027982,0.0,1.8234260082244873,6,0.8736803218912282,0.9809172749519348,0.0696
fire_dense,Dense/Heavy Fire,PPO,148,20460677,1,45,63.639610306789265,1.0000000000000002,0.0,0,413.150598027982,0.0,0.03466010093688965,6,0.8736803218912282,0.9809172749519348,0.0696
fire_dense,Dense/Heavy Fire,A*,149,20460678,1,53,69.98275605729688,0.9093613040144591,0.0,0,412.5811985024658,0.0,1.7741880416870117,6,0.9417483074534542,0.9696031808853149,0.0688
fire_dense,Dense/Heavy Fire,PPO,149,20460678,0,9,12.727922061357857,0.0,50.91168824543142,0,-47.40416801409365,0.0,0.01593184471130371,6,0.9417483074534542,0.9696031808853149,0.0688
fire_dense,Dense/Heavy Fire,A*,150,20460679,1,52,70.22539674441617,0.9062193060781739,0.0,0,411.1937361016472,0.0,1.8025989532470703,6,0.9021245625687069,0.9902848601341248,0.0696
fire_dense,Dense/Heavy Fire,PPO,150,20460679,0,5,7.0710678118654755,0.0,56.568542494923804,0,-75.39156747012603,0.0,0.023253917694091797,6,0.9021245625687069,0.9902848601341248,0.0696
fire_dense,Dense/Heavy Fire,A*,151,20460680,0,177,221.7350647362943,0.0,14.866068747318506,0,115.56110968677059,0.0,2.6544718742370605,8,0.921006592328269,0.978934109210968,0.0844
fire_dense,Dense/Heavy Fire,PPO,151,20460680,0,22,31.112698372208097,0.0,32.526911934581186,0,36.15791219387458,0.0,0.08533930778503418,8,0.921006592328269,0.978934109210968,0.0844
fire_dense,Dense/Heavy Fire,A*,152,20460681,0,1,1.0,0.0,62.93647591023825,0,-106.31042789349232,0.0,0.19231700897216797,8,0.8942417194510458,0.9470935463905334,0.0876
fire_dense,Dense/Heavy Fire,PPO,152,20460681,0,1,1.4142135623730951,0.0,62.22539674441618,0,-102.98202619901741,0.0,0.021359920501708984,8,0.8942417194510458,0.9470935463905334,0.0876
fire_dense,Dense/Heavy Fire,A*,153,20460682,1,58,74.56854249492379,0.8534377658128628,0.0,0,413.73518983718185,0.0,1.7997829914093018,8,0.8464887531806757,0.9060398936271667,0.0856
fire_dense,Dense/Heavy Fire,PPO,153,20460682,0,26,36.76955262170047,0.0,26.870057685088806,0,59.87867051344854,0.0,0.06833791732788086,8,0.8464887531806757,0.9060398936271667,0.0856
fire_dense,Dense/Heavy Fire,A*,154,20460683,0,1,1.4142135623730951,0.0,63.655321851358195,0,-109.97618872431705,0.0,0.17485308647155762,7,0.875675384042285,0.998928427696228,0.0724
fire_dense,Dense/Heavy Fire,PPO,154,20460683,0,2,2.8284271247461903,0.0,60.81118318204309,1,-104.07792221343742,0.37627914547920227,0.058712005615234375,7,0.875675384042285,0.998928427696228,0.0724
fire_dense,Dense/Heavy Fire,A*,155,20460684,1,45,63.639610306789265,1.0000000000000002,0.0,0,413.17532053005095,0.0,1.6913559436798096,6,0.9222646821090311,0.9890849590301514,0.0656
fire_dense,Dense/Heavy Fire,PPO,155,20460684,1,45,63.639610306789265,1.0000000000000002,0.0,0,413.17532053005095,0.0,0.03400897979736328,6,0.9222646821090311,0.9890849590301514,0.0656
fire_dense,Dense/Heavy Fire,A*,156,20460685,0,2,2.414213562373095,0.0,61.5223536610881,2,-107.17242586098423,1.1285624504089355,0.22455883026123047,7,0.9113080906416029,0.9759887456893921,0.0812
fire_dense,Dense/Heavy Fire,PPO,156,20460685,0,2,2.8284271247461903,0.0,60.81118318204309,2,-104.01163946426139,1.3067565560340881,0.021062850952148438,7,0.9113080906416029,0.9759887456893921,0.0812
fire_dense,Dense/Heavy Fire,A*,157,20460686,0,85,110.68124086713189,0.0,6.082762530298219,0,144.50561846201666,0.0,2.0295207500457764,6,0.8899351983134172,0.9765260219573975,0.064
fire_dense,Dense/Heavy Fire,PPO,157,20460686,0,3,4.242640687119286,0.0,59.39696961966999,0,-88.96289737920546,0.0,0.025108814239501953,6,0.8899351983134172,0.9765260219573975,0.064
fire_dense,Dense/Heavy Fire,A*,158,20460687,1,54,73.88225099390856,0.8613653408047386,0.0,0,413.65978994879526,0.0,1.7694599628448486,7,0.8816503466784683,0.9842851758003235,0.08
fire_dense,Dense/Heavy Fire,PPO,158,20460687,0,29,41.01219330881975,0.0,22.627416997969522,0,94.1754313306055,0.0,0.037225961685180664,7,0.8816503466784683,0.9842851758003235,0.08
fire_dense,Dense/Heavy Fire,A*,159,20460688,1,61,76.32590180780451,0.8337878596841154,0.0,0,413.0440206961,0.0,1.8716011047363281,8,0.8971064989637247,0.9748562574386597,0.088
fire_dense,Dense/Heavy Fire,PPO,159,20460688,0,11,15.556349186104049,0.0,48.08326112068523,0,-33.08022744232939,0.0,0.027141809463500977,8,0.8971064989637247,0.9748562574386597,0.088
fire_dense,Dense/Heavy Fire,A*,160,20460689,1,62,81.05382386916237,0.7851524736145301,0.0,0,411.8640277765893,0.0,1.8019399642944336,6,0.8416426772164404,0.942794919013977,0.0696
fire_dense,Dense/Heavy Fire,PPO,160,20460689,0,6,8.485281374238571,0.0,55.154328932550705,0,-67.8481149648781,0.0,0.024790048599243164,6,0.8416426772164404,0.942794919013977,0.0696
fire_dense,Dense/Heavy Fire,A*,161,20460690,0,82,95.25483399593904,0.0,51.22499389946279,0,-91.74934076483888,0.0,0.7226951122283936,6,0.8789130704003637,0.9312646389007568,0.0692
fire_dense,Dense/Heavy Fire,PPO,161,20460690,0,3,4.242640687119286,0.0,59.39696961966999,0,-94.98137218330561,0.0,0.02172684669494629,6,0.8789130704003637,0.9312646389007568,0.0692
fire_dense,Dense/Heavy Fire,A*,162,20460691,1,115,148.55129855222077,0.42840157526066874,0.0,0,414.90494291680653,0.0,3.3462259769439697,6,0.8131675107942349,0.9216699004173279,0.0692
fire_dense,Dense/Heavy Fire,PPO,162,20460691,0,3,4.242640687119286,0.0,59.39696961966999,0,-105.7646264101499,0.0,0.08163309097290039,6,0.8131675107942349,0.9216699004173279,0.0692
fire_dense,Dense/Heavy Fire,A*,163,20460692,0,68,92.43860018001263,0.0,3.605551275463989,1,173.42577407118063,0.4772615432739258,2.062628746032715,7,0.8773010884719499,0.9709299206733704,0.0804
fire_dense,Dense/Heavy Fire,PPO,163,20460692,0,42,59.39696961966999,0.0,4.242640687119285,0,188.78095031022116,0.0,0.03924822807312012,7,0.8773010884719499,0.9709299206733704,0.0804
fire_dense,Dense/Heavy Fire,A*,164,20460693,0,131,170.35028842544403,0.0,10.198039027185569,0,152.62178971659364,0.0,2.310708999633789,8,0.8993356430634343,0.9668152332305908,0.0912
fire_dense,Dense/Heavy Fire,PPO,164,20460693,0,38,53.7401153701776,0.0,9.899494936611665,0,159.56150920981668,0.0,0.05948615074157715,8,0.8993356430634343,0.9668152332305908,0.0912
fire_dense,Dense/Heavy Fire,A*,165,20460694,0,135,169.37972567696687,0.0,7.615773105863909,0,171.67093574587796,0.0,2.9327919483184814,7,0.8300387763796921,0.9314885139465332,0.0796
fire_dense,Dense/Heavy Fire,PPO,165,20460694,0,7,9.899494936611667,0.0,53.74011537017761,0,-60.660654060483104,0.0,0.025207042694091797,7,0.8300387763796921,0.9314885139465332,0.0796
fire_dense,Dense/Heavy Fire,A*,166,20460695,0,200,255.91883092036787,0.0,34.713109915419565,0,125.428364155835,0.0,2.8478758335113525,8,0.8296440005066744,0.9272400140762329,0.0892
fire_dense,Dense/Heavy Fire,PPO,166,20460695,0,9,12.727922061357857,0.0,50.91168824543142,0,-47.0455478342893,0.0,0.017672300338745117,8,0.8296440005066744,0.9272400140762329,0.0892
fire_dense,Dense/Heavy Fire,A*,167,20460696,1,48,67.05382386916239,0.9490824927593238,0.0,0,412.9356200281681,0.0,1.8780431747436523,7,0.8886129613714528,0.9960612654685974,0.0776
fire_dense,Dense/Heavy Fire,PPO,167,20460696,0,12,16.970562748477143,0.0,46.66904755831214,0,-33.700986089302006,0.0,0.05491900444030762,7,0.8886129613714528,0.9960612654685974,0.0776
fire_dense,Dense/Heavy Fire,A*,168,20460697,1,60,77.39696961966999,0.8222493802989367,0.0,0,410.3611886114466,0.0,2.000498056411743,6,0.9296146327044901,0.9794519543647766,0.0656
fire_dense,Dense/Heavy Fire,PPO,168,20460697,0,25,35.35533905932738,0.0,28.284271247461902,0,65.4755579160519,0.0,0.03862404823303223,6,0.9296146327044901,0.9794519543647766,0.0656
fire_dense,Dense/Heavy Fire,A*,169,20460698,1,109,142.55129855222077,0.4464330451783026,0.0,0,405.03083535014605,0.0,2.566981077194214,7,0.8645062791854369,0.9507176280021667,0.0756
fire_dense,Dense/Heavy Fire,PPO,169,20460698,0,9,12.727922061357857,0.0,50.91168824543142,0,-47.20211360311923,0.0,0.03979182243347168,7,0.8645062791854369,0.9507176280021667,0.0756
fire_dense,Dense/Heavy Fire,A*,170,20460699,1,50,69.05382386916237,0.9215942976216421,0.0,0,414.0757037884205,0.0,1.7155072689056396,6,0.8578805445270636,0.9883573055267334,0.0624
fire_dense,Dense/Heavy Fire,PPO,170,20460699,0,35,49.49747468305832,0.0,14.142135623730951,1,130.2737499546211,0.36144787073135376,0.06432890892028809,6,0.8578805445270636,0.9883573055267334,0.0624
fire_dense,Dense/Heavy Fire,A*,171,20460700,1,95,126.89444430272833,0.5015161274907051,0.0,0,415.43408090340756,0.0,2.6131319999694824,7,0.8236370370247791,0.9548071622848511,0.0808
fire_dense,Dense/Heavy Fire,PPO,171,20460700,0,31,43.84062043356593,0.0,19.79898987322333,0,108.48319593281329,0.0,0.055889129638671875,7,0.8236370370247791,0.9548071622848511,0.0808
fire_dense,Dense/Heavy Fire,A*,172,20460701,1,53,70.81118318204308,0.8987225950339376,0.0,0,413.32013370400466,0.0,1.7474191188812256,7,0.8708906775756822,0.972501814365387,0.0804
fire_dense,Dense/Heavy Fire,PPO,172,20460701,0,11,15.556349186104049,0.0,48.08326112068523,0,-33.21543223435209,0.0,0.017361164093017578,7,0.8708906775756822,0.972501814365387,0.0804
fire_dense,Dense/Heavy Fire,A*,173,20460702,1,86,115.82337649086284,0.549453937839653,0.0,0,410.3176811534523,0.0,2.4623982906341553,7,0.8860805610214962,0.9915712475776672,0.0744
fire_dense,Dense/Heavy Fire,PPO,173,20460702,0,13,18.38477631085024,0.0,45.254833995939045,0,-19.512030669772685,0.0,0.028654098510742188,7,0.8860805610214962,0.9915712475776672,0.0744
fire_dense,Dense/Heavy Fire,A*,174,20460703,0,5,6.242640687119286,0.0,62.289646009589745,0,-115.48613802102277,0.0,0.1937999725341797,8,0.861662545808983,0.991897463798523,0.0924
fire_dense,Dense/Heavy Fire,PPO,174,20460703,0,1,1.4142135623730951,0.0,62.22539674441618,0,-102.88987145773018,0.0,0.023656845092773438,8,0.861662545808983,0.991897463798523,0.0924
fire_dense,Dense/Heavy Fire,A*,175,20460704,0,5,6.242640687119285,0.0,59.413803110051795,3,-124.1359871394099,2.532321274280548,0.3344449996948242,8,0.8514086911436662,0.9646937847137451,0.0864
fire_dense,Dense/Heavy Fire,PPO,175,20460704,0,2,2.8284271247461903,0.0,60.81118318204309,1,-105.08611034190879,0.6632269620895386,0.00244903564453125,8,0.8514086911436662,0.9646937847137451,0.0864
fire_dense,Dense/Heavy Fire,A*,176,20460705,0,3,3.82842712474619,0.0,61.5223536610881,0,-116.19750787899395,0.0,0.20569109916687012,6,0.9040487513772901,0.9909853339195251,0.0676
fire_dense,Dense/Heavy Fire,PPO,176,20460705,0,1,1.4142135623730951,0.0,62.22539674441618,0,-102.92986855856026,0.0,0.001149892807006836,6,0.9040487513772901,0.9909853339195251,0.0676
fire_dense,Dense/Heavy Fire,A*,177,20460706,1,58,75.39696961966999,0.844060585296874,0.0,0,403.1747320605741,0.0,1.7872540950775146,7,0.9114090290815745,0.9721544981002808,0.068
fire_dense,Dense/Heavy Fire,PPO,177,20460706,0,11,15.556349186104049,0.0,48.08326112068523,0,-42.07036227759398,0.0,0.031855106353759766,7,0.9114090290815745,0.9721544981002808,0.068
fire_dense,Dense/Heavy Fire,A*,178,20460707,0,1,1.4142135623730951,0.0,62.22539674441618,1,-102.28578672758186,0.8032256364822388,0.17731189727783203,8,0.8557962143490816,0.9179721474647522,0.0924
fire_dense,Dense/Heavy Fire,PPO,178,20460707,0,1,1.4142135623730951,0.0,62.22539674441618,1,-102.28578672758186,0.8032256364822388,0.0012161731719970703,8,0.8557962143490816,0.9179721474647522,0.0924
fire_dense,Dense/Heavy Fire,A*,179,20460708,1,54,73.88225099390854,0.8613653408047387,0.0,0,413.4501696677349,0.0,1.778789758682251,6,0.8826665778299709,0.9569189548492432,0.0692
fire_dense,Dense/Heavy Fire,PPO,179,20460708,0,30,42.42640687119284,0.0,21.213203435596427,0,100.29974935345744,0.0,0.04453682899475098,6,0.8826665778299709,0.9569189548492432,0.0692
fire_dense,Dense/Heavy Fire,A*,180,20460709,1,66,85.88225099390856,0.7410100407277762,0.0,0,410.3727074016292,0.0,1.9109058380126953,8,0.9051601067675625,0.9657799601554871,0.0928
fire_dense,Dense/Heavy Fire,PPO,180,20460709,0,3,4.242640687119286,0.0,59.39696961966999,0,-94.90198395308147,0.0,0.04755902290344238,8,0.9051601067675625,0.9657799601554871,0.0928
fire_dense,Dense/Heavy Fire,A*,181,20460710,1,74,100.5096679918781,0.633169043120626,0.0,0,408.72894798927956,0.0,2.2296671867370605,7,0.8479573769038015,0.9362936615943909,0.074
fire_dense,Dense/Heavy Fire,PPO,181,20460710,0,28,39.597979746446654,0.0,24.041630560342615,0,87.67919491152165,0.0,0.03330802917480469,7,0.8479573769038015,0.9362936615943909,0.074
fire_dense,Dense/Heavy Fire,A*,182,20460711,1,62,81.88225099390856,0.7772088521543405,0.0,0,408.9824084158582,0.0,2.1553428173065186,6,0.8985430995740766,0.9874664545059204,0.0624
fire_dense,Dense/Heavy Fire,PPO,182,20460711,0,12,16.970562748477143,0.0,46.66904755831214,0,-31.92507755161367,0.0,0.05272507667541504,6,0.8985430995740766,0.9874664545059204,0.0624
fire_dense,Dense/Heavy Fire,A*,183,20460712,1,64,84.71067811865476,0.7512584212541528,0.0,0,411.91902421422384,0.0,1.9877898693084717,8,0.8883694938041455,0.9876995086669922,0.0904
fire_dense,Dense/Heavy Fire,PPO,183,20460712,0,18,25.455844122715714,0.0,38.18376618407357,0,16.435611686246986,0.0,0.02631664276123047,8,0.8883694938041455,0.9876995086669922,0.0904
fire_dense,Dense/Heavy Fire,A*,184,20460713,1,76,100.02438661763952,0.6362409454212669,0.0,0,412.8216852742104,0.0,2.123293876647949,8,0.8950981502714759,0.9817947745323181,0.0924
fire_dense,Dense/Heavy Fire,PPO,184,20460713,0,6,8.485281374238571,0.0,55.154328932550705,0,-68.55816817276838,0.0,0.027516841888427734,8,0.8950981502714759,0.9817947745323181,0.0924
fire_dense,Dense/Heavy Fire,A*,185,20460714,1,98,133.62236636408625,0.47626465567439413,0.0,0,400.32148911636665,0.0,2.8413949012756348,7,0.8330661943803422,0.9372089505195618,0.0744
fire_dense,Dense/Heavy Fire,PPO,185,20460714,0,10,14.142135623730953,0.0,49.49747468305833,0,-40.16981799136179,0.0,0.022671222686767578,7,0.8330661943803422,0.9372089505195618,0.0744
fire_dense,Dense/Heavy Fire,A*,186,20460715,0,1,1.4142135623730951,0.0,62.22539674441618,1,-102.80617282739723,0.6736538410186768,0.21007513999938965,7,0.8886205862285079,0.971705973148346,0.0808
fire_dense,Dense/Heavy Fire,PPO,186,20460715,0,1,1.4142135623730951,0.0,62.22539674441618,1,-102.80617282739723,0.6736538410186768,0.0021610260009765625,7,0.8886205862285079,0.971705973148346,0.0808
fire_dense,Dense/Heavy Fire,A*,187,20460716,1,66,88.36753236814714,0.7201695985088834,0.0,0,407.86849483216304,0.0,2.0251379013061523,6,0.8449959169103122,0.9288779497146606,0.0692
fire_dense,Dense/Heavy Fire,PPO,187,20460716,0,14,19.798989873223334,0.0,43.840620433565945,0,-11.990066489363471,0.0,0.021962881088256836,6,0.8449959169103122,0.9288779497146606,0.0692
fire_dense,Dense/Heavy Fire,A*,188,20460717,1,63,82.46803743153546,0.7716881871915838,0.0,0,413.23555392166503,0.0,1.8701069355010986,8,0.8775102389597313,0.9954632520675659,0.092
fire_dense,Dense/Heavy Fire,PPO,188,20460717,0,6,8.485281374238571,0.0,55.154328932550705,0,-69.57934288876123,0.0,0.01642012596130371,8,0.8775102389597313,0.9954632520675659,0.092
fire_dense,Dense/Heavy Fire,A*,189,20460718,1,67,88.12489168102785,0.7221524939529663,0.0,0,412.57957593802126,0.0,2.042801856994629,7,0.888526659812344,0.994499146938324,0.0804
fire_dense,Dense/Heavy Fire,PPO,189,20460718,0,23,32.52691193458119,0.0,31.11269837220809,0,51.45551712037404,0.0,0.028504133224487305,7,0.888526659812344,0.994499146938324,0.0804
fire_dense,Dense/Heavy Fire,A*,190,20460719,0,200,249.29141392239836,0.0,18.027756377319946,0,237.77698283158244,0.0,3.8491880893707275,8,0.9048666499840727,0.9853384494781494,0.0924
fire_dense,Dense/Heavy Fire,PPO,190,20460719,0,14,19.798989873223334,0.0,43.840620433565945,0,-12.338160409030934,0.0,0.02234506607055664,8,0.9048666499840727,0.9853384494781494,0.0924
fire_dense,Dense/Heavy Fire,A*,191,20460720,0,2,2.0,0.0,62.24146527838174,2,-111.60910916969462,1.3215577602386475,0.21293902397155762,6,0.8510211376645547,0.9712966084480286,0.0696
fire_dense,Dense/Heavy Fire,PPO,191,20460720,0,1,1.4142135623730951,0.0,62.22539674441618,1,-102.91213975301827,0.8618854880332947,0.0194549560546875,6,0.8510211376645547,0.9712966084480286,0.0696
fire_dense,Dense/Heavy Fire,A*,192,20460721,1,47,64.81118318204307,0.9819232913560142,0.0,0,412.9794874358661,0.0,1.783560037612915,8,0.8934236851151114,0.9746967554092407,0.092
fire_dense,Dense/Heavy Fire,PPO,192,20460721,0,3,4.242640687119286,0.0,59.39696961966999,0,-96.3763714692181,0.0,0.031152009963989258,8,0.8934236851151114,0.9746967554092407,0.092
fire_dense,Dense/Heavy Fire,A*,193,20460722,0,8,10.485281374238571,0.0,62.22539674441618,0,-121.67118475397902,0.0,0.25043511390686035,8,0.908262831023027,0.9808579683303833,0.0856
fire_dense,Dense/Heavy Fire,PPO,193,20460722,0,1,1.4142135623730951,0.0,62.22539674441618,0,-102.66080127111519,0.0,0.00121307373046875,8,0.908262831023027,0.9808579683303833,0.0856
fire_dense,Dense/Heavy Fire,A*,194,20460723,1,58,78.71067811865477,0.80852575314945,0.0,0,415.2187583268158,0.0,1.8209240436553955,7,0.8797168823875053,0.9721712470054626,0.0804
fire_dense,Dense/Heavy Fire,PPO,194,20460723,0,29,41.01219330881975,0.0,22.627416997969522,0,74.36948585384104,0.0,0.11927199363708496,7,0.8797168823875053,0.9721712470054626,0.0804
fire_dense,Dense/Heavy Fire,A*,195,20460724,1,90,117.33809511662429,0.5423610315433944,0.0,0,408.43098852258044,0.0,2.484422206878662,6,0.8377083882074453,0.9497446417808533,0.0696
fire_dense,Dense/Heavy Fire,PPO,195,20460724,0,3,4.242640687119286,0.0,59.39696961966999,0,-88.66590525504256,0.0,0.02506089210510254,6,0.8377083882074453,0.9497446417808533,0.0696
fire_dense,Dense/Heavy Fire,A*,196,20460725,0,165,218.43354954612929,0.0,10.0,0,169.782164408226,0.0,3.297860860824585,7,0.8972557195622196,0.9830891489982605,0.0724
fire_dense,Dense/Heavy Fire,PPO,196,20460725,0,38,53.7401153701776,0.0,9.899494936611665,0,157.79938929787772,0.0,0.05014991760253906,7,0.8972557195622196,0.9830891489982605,0.0724
fire_dense,Dense/Heavy Fire,A*,197,20460726,1,134,172.10764773832474,0.36976631278784294,0.0,0,406.9035313124376,0.0,3.3216099739074707,6,0.883962575147179,0.9712547063827515,0.0696
fire_dense,Dense/Heavy Fire,PPO,197,20460726,0,17,24.041630560342618,0.0,39.59797974644666,0,0.1740495830367763,0.0,0.04342079162597656,6,0.883962575147179,0.9712547063827515,0.0696
fire_dense,Dense/Heavy Fire,A*,198,20460727,1,54,69.7401153701776,0.912525165308272,0.0,0,413.3047272888659,0.0,1.8291728496551514,7,0.8579781216918532,0.9084160327911377,0.074
fire_dense,Dense/Heavy Fire,PPO,198,20460727,0,17,24.041630560342618,0.0,39.59797974644666,0,5.504123720605548,0.0,0.05422616004943848,7,0.8579781216918532,0.9084160327911377,0.074
fire_dense,Dense/Heavy Fire,A*,199,20460728,1,78,99.53910524340094,0.6393428005121469,0.0,0,407.01272443440934,0.0,2.2506330013275146,6,0.9065757250228373,0.9638329148292542,0.0692
fire_dense,Dense/Heavy Fire,PPO,199,20460728,0,9,12.727922061357857,0.0,50.91168824543142,0,-55.95419196071871,0.0,0.04378700256347656,6,0.9065757250228373,0.9638329148292542,0.0692
fire_dense,Dense/Heavy Fire,A*,200,20460729,0,1,1.4142135623730951,0.0,62.22539674441618,1,-102.78804645887459,0.805696427822113,0.20893502235412598,7,0.8943107274061463,0.9725364446640015,0.078
fire_dense,Dense/Heavy Fire,PPO,200,20460729,0,1,1.4142135623730951,0.0,62.22539674441618,1,-102.78804645887459,0.805696427822113,0.001255035400390625,7,0.8943107274061463,0.9725364446640015,0.078
fire_dense,Dense/Heavy Fire,A*,201,20460730,1,79,101.78174593052022,0.6252556362142963,0.0,0,406.7358526757852,0.0,2.216815233230591,8,0.8714123965801879,0.9641751050949097,0.0924
fire_dense,Dense/Heavy Fire,PPO,201,20460730,0,13,18.38477631085024,0.0,45.254833995939045,0,-19.35715630390132,0.0,0.03152799606323242,8,0.8714123965801879,0.9641751050949097,0.0924
fire_dense,Dense/Heavy Fire,A*,202,20460731,0,2,2.8284271247461903,0.0,62.24146527838174,1,-109.87155030578728,0.3571103811264038,0.2301630973815918,6,0.8482484319104335,0.9435304999351501,0.064
fire_dense,Dense/Heavy Fire,PPO,202,20460731,0,2,2.8284271247461903,0.0,60.81118318204309,0,-102.81891833579765,0.0,0.02404308319091797,6,0.8482484319104335,0.9435304999351501,0.064
fire_dense,Dense/Heavy Fire,A*,203,20460732,0,131,164.55129855222071,0.0,6.0,0,154.73081471162948,0.0,2.290681838989258,8,0.8785267797992011,0.9907214641571045,0.082
fire_dense,Dense/Heavy Fire,PPO,203,20460732,0,9,12.727922061357857,0.0,50.91168824543142,0,-54.68582166906399,0.0,0.05653667449951172,8,0.8785267797992011,0.9907214641571045,0.082
fire_dense,Dense/Heavy Fire,A*,204,20460733,0,200,260.47518010647195,0.0,17.204650534085253,0,218.60785126939342,0.0,3.0716609954833984,8,0.9174971199969391,0.9977284669876099,0.0928
fire_dense,Dense/Heavy Fire,PPO,204,20460733,0,7,9.899494936611667,0.0,53.74011537017761,0,-77.11211704461093,0.0,0.06803584098815918,8,0.9174971199969391,0.9977284669876099,0.0928
fire_dense,Dense/Heavy Fire,A*,205,20460734,1,47,66.46803743153545,0.9574468085106386,0.0,0,413.5644401858077,0.0,1.7104158401489258,7,0.8752767458476771,0.9497553706169128,0.0808
fire_dense,Dense/Heavy Fire,PPO,205,20460734,0,38,53.7401153701776,0.0,9.899494936611665,0,151.1185921422164,0.0,0.04669308662414551,7,0.8752767458476771,0.9497553706169128,0.0808
fire_dense,Dense/Heavy Fire,A*,206,20460735,0,2,2.414213562373095,0.0,61.5223536610881,2,-107.82025148190299,1.84084153175354,0.2027120590209961,7,0.8714216534724873,0.9817821383476257,0.076
fire_dense,Dense/Heavy Fire,PPO,206,20460735,0,1,1.4142135623730951,0.0,62.22539674441618,1,-102.5312708412751,0.92042076587677,0.010632038116455078,7,0.8714216534724873,0.9817821383476257,0.076
fire_dense,Dense/Heavy Fire,A*,207,20460736,1,48,66.22539674441619,0.9609547610925422,0.0,0,413.4933183449385,0.0,1.7123808860778809,6,0.8957856139530959,0.9846940636634827,0.0676
fire_dense,Dense/Heavy Fire,PPO,207,20460736,0,26,36.76955262170047,0.0,26.870057685088806,0,67.34924900515769,0.0,0.040228843688964844,6,0.8957856139530959,0.9846940636634827,0.0676
fire_dense,Dense/Heavy Fire,A*,208,20460737,1,55,74.46803743153545,0.8545895998037866,0.0,0,410.78531454006975,0.0,1.790457010269165,6,0.8672460998087113,0.9148426055908203,0.0624
fire_dense,Dense/Heavy Fire,PPO,208,20460737,0,4,5.656854249492381,0.0,57.982756057296896,0,-82.15754494618909,0.0,0.012578964233398438,6,0.8672460998087113,0.9148426055908203,0.0624
fire_dense,Dense/Heavy Fire,A*,209,20460738,1,49,67.63961030678928,0.9408630537364508,0.0,0,410.6462680201012,0.0,1.7027199268341064,7,0.9082516935556502,0.9938362836837769,0.08
fire_dense,Dense/Heavy Fire,PPO,209,20460738,0,1,1.4142135623730951,0.0,62.22539674441618,0,-102.7628748213395,0.0,0.013149023056030273,7,0.9082516935556502,0.9938362836837769,0.08
fire_dense,Dense/Heavy Fire,A*,210,20460739,1,53,71.63961030678927,0.8883299341559675,0.0,0,411.59358545656244,0.0,1.7467913627624512,8,0.8455300896900133,0.9581476449966431,0.0908
fire_dense,Dense/Heavy Fire,PPO,210,20460739,0,12,16.970562748477143,0.0,46.66904755831214,0,-33.392055640544896,0.0,0.026571989059448242,8,0.8455300896900133,0.9581476449966431,0.0908
fire_dense,Dense/Heavy Fire,A*,211,20460740,1,94,119.68124086713189,0.5317425675544333,0.0,0,409.9505361184424,0.0,2.4615912437438965,7,0.8569358690357678,0.9639877080917358,0.0808
fire_dense,Dense/Heavy Fire,PPO,211,20460740,0,10,14.142135623730953,0.0,49.49747468305833,0,-39.97791067254443,0.0,0.019182682037353516,7,0.8569358690357678,0.9639877080917358,0.0808
fire_dense,Dense/Heavy Fire,A*,212,20460741,1,196,246.5340546095176,0.25813719896663895,0.0,0,409.7433571768408,0.0,4.437483072280884,8,0.9041335626028162,0.9640652537345886,0.0924
fire_dense,Dense/Heavy Fire,PPO,212,20460741,0,1,1.4142135623730951,0.0,62.22539674441618,0,-102.77185604921425,0.0,0.03611183166503906,8,0.9041335626028162,0.9640652537345886,0.0924
fire_dense,Dense/Heavy Fire,A*,213,20460742,1,71,87.1543289325507,0.7301944847288123,0.0,0,412.4868788274984,0.0,2.0708088874816895,6,0.8688387062182953,0.9737675786018372,0.0696
fire_dense,Dense/Heavy Fire,PPO,213,20460742,0,2,2.8284271247461903,0.0,60.81118318204309,0,-98.74423484838233,0.0,0.044152021408081055,6,0.8688387062182953,0.9737675786018372,0.0696
fire_dense,Dense/Heavy Fire,A*,214,20460743,1,62,83.53910524340093,0.7617942533783173,0.0,0,413.13256080502106,0.0,2.0093448162078857,7,0.8615393649981238,0.9546979069709778,0.076
fire_dense,Dense/Heavy Fire,PPO,214,20460743,0,25,35.35533905932738,0.0,28.284271247461902,0,61.996931270664376,0.0,0.051863908767700195,7,0.8615393649981238,0.9546979069709778,0.076
fire_dense,Dense/Heavy Fire,A*,215,20460744,1,175,226.7766952966369,0.28062676468384473,0.0,0,402.1802460622518,0.0,4.1374571323394775,7,0.9272570340063702,0.9762622117996216,0.0772
fire_dense,Dense/Heavy Fire,PPO,215,20460744,0,5,7.0710678118654755,0.0,56.568542494923804,0,-75.17136698154891,0.0,0.013309240341186523,7,0.9272570340063702,0.9762622117996216,0.0772
fire_dense,Dense/Heavy Fire,A*,216,20460745,1,68,90.36753236814712,0.7042309183294803,0.0,0,399.3568218272876,0.0,1.977358102798462,7,0.8720715601094765,0.986426591873169,0.0744
fire_dense,Dense/Heavy Fire,PPO,216,20460745,0,1,1.4142135623730951,0.0,62.22539674441618,0,-102.94495091787422,0.0,0.020931005477905273,7,0.8720715601094765,0.986426591873169,0.0744
fire_dense,Dense/Heavy Fire,A*,217,20460746,1,84,113.82337649086286,0.5591084386070548,0.0,0,412.61891952366096,0.0,2.5233378410339355,6,0.846762056088581,0.9699311256408691,0.0692
fire_dense,Dense/Heavy Fire,PPO,217,20460746,0,11,15.556349186104049,0.0,48.08326112068523,0,-33.050621200348715,0.0,0.017589807510375977,6,0.846762056088581,0.9699311256408691,0.0692
fire_dense,Dense/Heavy Fire,A*,218,20460747,0,1,1.0,0.0,62.93647591023825,0,-106.27402316460285,0.0,0.18962502479553223,7,0.8618037875773535,0.991388738155365,0.0812
fire_dense,Dense/Heavy Fire,PPO,218,20460747,0,1,1.4142135623730951,0.0,62.22539674441618,0,-103.03811416975105,0.0,0.020134925842285156,7,0.8618037875773535,0.991388738155365,0.0812
fire_dense,Dense/Heavy Fire,A*,219,20460748,0,164,212.46298679765215,0.0,13.0,0,127.59379301915047,0.0,2.9990341663360596,7,0.8664319127295308,0.9952043890953064,0.0744
fire_dense,Dense/Heavy Fire,PPO,219,20460748,0,9,12.727922061357857,0.0,50.91168824543142,0,-47.830281471408945,0.0,0.026606082916259766,7,0.8664319127295308,0.9952043890953064,0.0744
fire_dense,Dense/Heavy Fire,A*,220,20460749,1,115,145.237590053236,0.43817589016357644,0.0,0,406.8736777277487,0.0,2.5484139919281006,6,0.8837096170053793,0.9629436135292053,0.0696
fire_dense,Dense/Heavy Fire,PPO,220,20460749,0,1,1.4142135623730951,0.0,62.22539674441618,0,-102.87299976698006,0.0,0.0238039493560791,6,0.8837096170053793,0.9629436135292053,0.0696
fire_dense,Dense/Heavy Fire,A*,221,20460750,0,200,256.333044482741,0.0,15.033296378372908,0,231.68690859868656,0.0,3.431931734085083,8,0.8740144897825026,0.96268630027771,0.0928
fire_dense,Dense/Heavy Fire,PPO,221,20460750,0,6,8.485281374238571,0.0,55.154328932550705,0,-68.21127195849732,0.0,0.01425790786743164,8,0.8740144897825026,0.96268630027771,0.0928
fire_dense,Dense/Heavy Fire,A*,222,20460751,1,48,66.22539674441619,0.9609547610925422,0.0,0,412.6722144811156,0.0,1.8439607620239258,8,0.8702141803446578,0.9986287355422974,0.0848
fire_dense,Dense/Heavy Fire,PPO,222,20460751,0,1,1.4142135623730951,0.0,62.22539674441618,0,-102.66389594427193,0.0,0.01291203498840332,8,0.8702141803446578,0.9986287355422974,0.0848
fire_dense,Dense/Heavy Fire,A*,223,20460752,0,69,90.53910524340094,0.0,2.23606797749979,2,185.60677096681644,0.8500433266162872,1.840574026107788,8,0.8470020348127796,0.9276571273803711,0.0876
fire_dense,Dense/Heavy Fire,PPO,223,20460752,0,42,59.39696961966999,0.0,4.242640687119285,0,168.98104176099554,0.0,0.06401801109313965,8,0.8470020348127796,0.9276571273803711,0.0876
fire_dense,Dense/Heavy Fire,A*,224,20460753,0,23,29.21320343559643,0.0,62.24146527838174,0,-141.76822538643364,0.0,0.38155317306518555,6,0.9082862738211183,0.9784916639328003,0.0692
fire_dense,Dense/Heavy Fire,PPO,224,20460753,0,1,1.4142135623730951,0.0,62.22539674441618,0,-102.8256736790284,0.0,0.008861064910888672,6,0.9082862738211183,0.9784916639328003,0.0692
fire_dense,Dense/Heavy Fire,A*,225,20460754,1,69,87.63961030678927,0.7261512241327167,0.0,0,412.28724746775066,0.0,1.9508988857269287,7,0.8874879554039075,0.9846709370613098,0.0784
fire_dense,Dense/Heavy Fire,PPO,225,20460754,0,5,7.0710678118654755,0.0,56.568542494923804,0,-75.30319345910348,0.0,0.02697277069091797,7,0.8874879554039075,0.9846709370613098,0.0784
fire_dense,Dense/Heavy Fire,A*,226,20460755,1,45,63.639610306789265,1.0000000000000002,0.0,0,413.26137515632524,0.0,1.6665630340576172,7,0.8392167763983371,0.9539836049079895,0.0804
fire_dense,Dense/Heavy Fire,PPO,226,20460755,1,45,63.639610306789265,1.0000000000000002,0.0,0,413.26137515632524,0.0,0.03486275672912598,7,0.8392167763983371,0.9539836049079895,0.0804
fire_dense,Dense/Heavy Fire,A*,227,20460756,1,45,63.639610306789265,1.0000000000000002,0.0,0,412.0276727064942,0.0,1.6696336269378662,6,0.8471097282808713,0.9521479606628418,0.064
fire_dense,Dense/Heavy Fire,PPO,227,20460756,1,45,63.639610306789265,1.0000000000000002,0.0,0,412.0276727064942,0.0,0.034619808197021484,6,0.8471097282808713,0.9521479606628418,0.064
fire_dense,Dense/Heavy Fire,A*,228,20460757,1,60,79.88225099390856,0.7966677142290611,0.0,0,409.813028331125,0.0,1.8343331813812256,7,0.8919073542166361,0.9883114099502563,0.0772
fire_dense,Dense/Heavy Fire,PPO,228,20460757,0,7,9.899494936611667,0.0,53.74011537017761,0,-72.28949081409255,0.0,0.03346610069274902,7,0.8919073542166361,0.9883114099502563,0.0772
fire_dense,Dense/Heavy Fire,A*,229,20460758,1,49,66.81118318204308,0.9525293113487888,0.0,0,409.1104905622669,0.0,1.668179988861084,6,0.8693035000087127,0.9761430025100708,0.0692
fire_dense,Dense/Heavy Fire,PPO,229,20460758,0,2,2.8284271247461903,0.0,60.81118318204309,0,-95.60200070058316,0.0,0.013620376586914062,6,0.8693035000087127,0.9761430025100708,0.0692
fire_dense,Dense/Heavy Fire,A*,230,20460759,1,54,71.39696961966997,0.8913488996213149,0.0,0,410.08503508206644,0.0,1.7653448581695557,7,0.9043630859294636,0.9912402033805847,0.0804
fire_dense,Dense/Heavy Fire,PPO,230,20460759,0,3,4.242640687119286,0.0,59.39696961966999,0,-89.099257853099,0.0,0.018014907836914062,7,0.9043630859294636,0.9912402033805847,0.0804
fire_dense,Dense/Heavy Fire,A*,231,20460760,0,112,140.99494936611669,0.0,1.4142135623730951,0,213.28638489991357,0.0,2.1586859226226807,8,0.8597671367835285,0.9788287281990051,0.0864
fire_dense,Dense/Heavy Fire,PPO,231,20460760,0,15,21.21320343559643,0.0,42.42640687119285,0,-7.002125931188729,0.0,0.02393198013305664,8,0.8597671367835285,0.9788287281990051,0.0864
fire_dense,Dense/Heavy Fire,A*,232,20460761,1,58,76.22539674441617,0.8348872295171248,0.0,0,411.315518728016,0.0,1.8541500568389893,7,0.8245398192199888,0.9361593127250671,0.0772
fire_dense,Dense/Heavy Fire,PPO,232,20460761,0,11,15.556349186104049,0.0,48.08326112068523,0,-33.08541789956816,0.0,0.030328989028930664,7,0.8245398192199888,0.9361593127250671,0.0772
fire_dense,Dense/Heavy Fire,A*,233,20460762,1,48,65.39696961967,0.9731278173422864,0.0,0,413.28038340240886,0.0,1.7104909420013428,7,0.8400800398120561,0.9512620568275452,0.0812
fire_dense,Dense/Heavy Fire,PPO,233,20460762,0,19,26.87005768508881,0.0,36.76955262170047,0,23.18747400844137,0.0,0.02578592300415039,7,0.8400800398120561,0.9512620568275452,0.0812
fire_dense,Dense/Heavy Fire,A*,234,20460763,1,56,73.39696961966999,0.8670604608958434,0.0,0,411.594942285147,0.0,1.8034989833831787,7,0.901420696284657,0.996122419834137,0.078
fire_dense,Dense/Heavy Fire,PPO,234,20460763,0,5,7.0710678118654755,0.0,56.568542494923804,0,-75.79586661935755,0.0,0.026558876037597656,7,0.901420696284657,0.996122419834137,0.078
fire_dense,Dense/Heavy Fire,A*,235,20460764,1,99,127.58073580374356,0.49881833574534,0.0,0,408.07671363921634,0.0,2.596123218536377,7,0.8763196855598744,0.9942381978034973,0.0752
fire_dense,Dense/Heavy Fire,PPO,235,20460764,0,8,11.313708498984761,0.0,52.32590180780452,0,-54.541414426229686,0.0,0.0179750919342041,7,0.8763196855598744,0.9942381978034973,0.0752
fire_dense,Dense/Heavy Fire,A*,236,20460765,1,81,107.09545442950501,0.5942325997475429,0.0,0,412.9740833836248,0.0,2.320610761642456,8,0.8545259383419223,0.9753426313400269,0.092
fire_dense,Dense/Heavy Fire,PPO,236,20460765,0,22,31.112698372208097,0.0,32.526911934581186,0,44.0329012226363,0.0,0.04229879379272461,8,0.8545259383419223,0.9753426313400269,0.092
fire_dense,Dense/Heavy Fire,A*,237,20460766,1,74,92.22539674441617,0.6900443104967436,0.0,0,412.4267679426515,0.0,2.2213900089263916,8,0.9025452858627716,0.973354697227478,0.092
fire_dense,Dense/Heavy Fire,PPO,237,20460766,0,2,2.8284271247461903,0.0,60.81118318204309,0,-96.13335634636358,0.0,0.04451298713684082,8,0.9025452858627716,0.973354697227478,0.092
fire_dense,Dense/Heavy Fire,A*,238,20460767,0,103,125.36753236814715,0.0,61.61980201201558,0,-155.04351095211322,0.0,0.9486420154571533,7,0.9081343568521584,0.9828236699104309,0.0776
fire_dense,Dense/Heavy Fire,PPO,238,20460767,0,2,2.8284271247461903,0.0,60.81118318204309,0,-95.99159406455827,0.0,0.0018260478973388672,7,0.9081343568521584,0.9828236699104309,0.0776
fire_dense,Dense/Heavy Fire,A*,239,20460768,1,52,71.88225099390856,0.885331349906978,0.0,0,409.7761439811732,0.0,1.7675082683563232,6,0.891148085322517,0.9597456455230713,0.0696
fire_dense,Dense/Heavy Fire,PPO,239,20460768,0,1,1.4142135623730951,0.0,62.22539674441618,0,-103.01939831129158,0.0,0.019983768463134766,6,0.891148085322517,0.9597456455230713,0.0696
fire_dense,Dense/Heavy Fire,A*,240,20460769,0,182,232.11984104714452,0.0,11.180339887498949,0,91.65892954847213,0.0,3.3675668239593506,8,0.8431891760371037,0.9565600752830505,0.0924
fire_dense,Dense/Heavy Fire,PPO,240,20460769,0,12,16.970562748477143,0.0,46.66904755831214,0,-26.71048783751965,0.0,0.03603196144104004,8,0.8431891760371037,0.9565600752830505,0.0924
fire_dense,Dense/Heavy Fire,A*,241,20460770,0,200,254.6761902332486,0.0,18.384776310850235,0,222.2815329972489,0.0,4.160764932632446,8,0.8734493949134532,0.9967132210731506,0.0848
fire_dense,Dense/Heavy Fire,PPO,241,20460770,0,12,16.970562748477143,0.0,46.66904755831214,0,-26.5520875720197,0.0,0.022064924240112305,8,0.8734493949134532,0.9967132210731506,0.0848
fire_dense,Dense/Heavy Fire,A*,242,20460771,1,152,189.27922061357856,0.33622079645346914,0.0,0,400.3495225209042,0.0,3.7236809730529785,6,0.8890433729828313,0.9546446800231934,0.0688
fire_dense,Dense/Heavy Fire,PPO,242,20460771,0,1,1.4142135623730951,0.0,62.22539674441618,0,-102.68348501077736,0.0,0.031276702880859375,6,0.8890433729828313,0.9546446800231934,0.0688
fire_dense,Dense/Heavy Fire,A*,243,20460772,1,66,85.05382386916239,0.7482275036180099,0.0,0,413.9333192836423,0.0,2.124669075012207,6,0.881488182992963,0.9821763038635254,0.0696
fire_dense,Dense/Heavy Fire,PPO,243,20460772,0,23,32.52691193458119,0.0,31.11269837220809,0,51.806748610832344,0.0,0.03245973587036133,6,0.881488182992963,0.9821763038635254,0.0696
fire_dense,Dense/Heavy Fire,A*,244,20460773,1,80,108.99494936611669,0.5838766904053717,0.0,0,413.76012861384123,0.0,2.5665688514709473,8,0.8829987510127917,0.9781002998352051,0.0924
fire_dense,Dense/Heavy Fire,PPO,244,20460773,0,24,33.941125496954285,0.0,29.698484809834994,0,51.02889789584839,0.0,0.05024409294128418,8,0.8829987510127917,0.9781002998352051,0.0924
fire_dense,Dense/Heavy Fire,A*,245,20460774,0,4,4.82842712474619,0.0,60.81118318204309,1,-122.86832516351659,0.37964940071105957,0.28116464614868164,7,0.83099892549915,0.9408932328224182,0.0812
fire_dense,Dense/Heavy Fire,PPO,245,20460774,0,1,1.4142135623730951,0.0,62.22539674441618,0,-102.82530591837013,0.0,0.0011320114135742188,7,0.83099892549915,0.9408932328224182,0.0812
fire_dense,Dense/Heavy Fire,A*,246,20460775,1,54,72.22539674441617,0.8811251052312057,0.0,0,413.4786245134954,0.0,1.9239389896392822,6,0.8719601955196463,0.9979748725891113,0.0696
fire_dense,Dense/Heavy Fire,PPO,246,20460775,0,25,35.35533905932738,0.0,28.284271247461902,0,65.86172696789843,0.0,0.04173994064331055,6,0.8719601955196463,0.9979748725891113,0.0696
fire_dense,Dense/Heavy Fire,A*,247,20460776,0,5,6.242640687119286,0.0,59.464274989274024,0,-119.61897300808361,0.0,0.28891801834106445,8,0.8858977763863702,0.9860839247703552,0.0832
fire_dense,Dense/Heavy Fire,PPO,247,20460776,0,1,1.4142135623730951,0.0,62.22539674441618,1,-102.8991530930146,0.3308843672275543,0.016696929931640625,8,0.8858977763863702,0.9860839247703552,0.0832
fire_dense,Dense/Heavy Fire,A*,248,20460777,1,93,118.2670273047588,0.538101039293042,0.0,0,406.8801217996395,0.0,2.3848931789398193,8,0.9096551665818324,0.9988080859184265,0.0912
fire_dense,Dense/Heavy Fire,PPO,248,20460777,0,7,9.899494936611667,0.0,53.74011537017761,0,-69.91586469275816,0.0,0.031610965728759766,8,0.9096551665818324,0.9988080859184265,0.0912
fire_dense,Dense/Heavy Fire,A*,249,20460778,1,52,71.05382386916236,0.8956535600951537,0.0,0,411.69029120227407,0.0,1.7365350723266602,6,0.9300382269615465,0.995939314365387,0.0696
fire_dense,Dense/Heavy Fire,PPO,249,20460778,0,1,1.4142135623730951,0.0,62.22539674441618,0,-102.86697373739327,0.0,0.0202329158782959,6,0.9300382269615465,0.995939314365387,0.0696
fire_dense,Dense/Heavy Fire,A*,250,20460779,1,45,63.639610306789265,1.0000000000000002,0.0,0,413.32605007589734,0.0,1.6876020431518555,6,0.881737202967707,0.9678351879119873,0.0604
fire_dense,Dense/Heavy Fire,PPO,250,20460779,1,45,63.639610306789265,1.0000000000000002,0.0,0,413.32605007589734,0.0,0.0345919132232666,6,0.881737202967707,0.9678351879119873,0.0604
fire_dense,Dense/Heavy Fire,A*,251,20460780,0,121,158.27922061357862,0.0,5.385164807134504,0,156.21064847319266,0.0,2.584307909011841,7,0.9382371827227285,0.9691746830940247,0.0808
fire_dense,Dense/Heavy Fire,PPO,251,20460780,0,11,15.556349186104049,0.0,48.08326112068523,0,-33.56485135132597,0.0,0.039015769958496094,7,0.9382371827227285,0.9691746830940247,0.0808
fire_dense,Dense/Heavy Fire,A*,252,20460781,0,191,235.32085117392117,0.0,15.033296378372908,0,107.07233975463356,0.0,2.7021450996398926,8,0.8517288625158266,0.9664047956466675,0.092
fire_dense,Dense/Heavy Fire,PPO,252,20460781,0,2,2.8284271247461903,0.0,60.81118318204309,0,-95.8339099079244,0.0,0.037126779556274414,8,0.8517288625158266,0.9664047956466675,0.092
fire_dense,Dense/Heavy Fire,A*,253,20460782,1,54,73.05382386916236,0.8711331855915755,0.0,0,413.40766421929743,0.0,1.7876238822937012,6,0.8879908731434248,0.9961735010147095,0.0652
fire_dense,Dense/Heavy Fire,PPO,253,20460782,0,23,32.52691193458119,0.0,31.11269837220809,0,51.13872931614496,0.0,0.02861189842224121,6,0.8879908731434248,0.9961735010147095,0.0652
fire_dense,Dense/Heavy Fire,A*,254,20460783,1,168,211.0782104868019,0.30149777260295885,0.0,0,406.9933109585463,0.0,3.8211379051208496,8,0.8324577963079764,0.9564449191093445,0.0904
fire_dense,Dense/Heavy Fire,PPO,254,20460783,0,8,11.313708498984761,0.0,52.32590180780452,0,-54.11651326184184,0.0,0.021429061889648438,8,0.8324577963079764,0.9564449191093445,0.0904
fire_dense,Dense/Heavy Fire,A*,255,20460784,1,65,79.49747468305833,0.8005236714814978,0.0,0,414.17893587193913,0.0,1.8675358295440674,6,0.9104086368059576,0.9645982980728149,0.064
fire_dense,Dense/Heavy Fire,PPO,255,20460784,0,5,7.0710678118654755,0.0,56.568542494923804,0,-82.19146973968455,0.0,0.034964799880981445,6,0.9104086368059576,0.9645982980728149,0.064
fire_dense,Dense/Heavy Fire,A*,256,20460785,1,63,80.81118318204308,0.7875099435610111,0.0,0,416.0379098505061,0.0,1.7795510292053223,8,0.8507773234918111,0.998261034488678,0.0924
fire_dense,Dense/Heavy Fire,PPO,256,20460785,0,20,28.284271247461906,0.0,35.35533905932738,0,21.227050778067763,0.0,0.04943490028381348,8,0.8507773234918111,0.998261034488678,0.0924
fire_dense,Dense/Heavy Fire,A*,257,20460786,0,81,105.85281374238572,0.0,5.0,0,176.54740475709912,0.0,2.0303149223327637,8,0.8476787741287157,0.988307535648346,0.0844
fire_dense,Dense/Heavy Fire,PPO,257,20460786,0,31,43.84062043356593,0.0,19.79898987322333,0,99.55831612204773,0.0,0.05272698402404785,8,0.8476787741287157,0.988307535648346,0.0844
fire_dense,Dense/Heavy Fire,A*,258,20460787,1,52,69.39696961966997,0.9170373094901132,0.0,0,412.2372559918278,0.0,1.7426118850708008,6,0.8617660072487067,0.9641507863998413,0.0696
fire_dense,Dense/Heavy Fire,PPO,258,20460787,0,6,8.485281374238571,0.0,55.154328932550705,0,-84.24282404421439,0.0,0.04772019386291504,6,0.8617660072487067,0.9641507863998413,0.0696
fire_dense,Dense/Heavy Fire,A*,259,20460788,1,97,120.61017305526643,0.5276471187685645,0.0,0,412.0225585778797,0.0,2.0021629333496094,7,0.8156559534776024,0.8873192071914673,0.0648
fire_dense,Dense/Heavy Fire,PPO,259,20460788,0,30,42.42640687119284,0.0,21.213203435596427,0,101.02509703724063,0.0,0.041422128677368164,7,0.8156559534776024,0.8873192071914673,0.0648
fire_dense,Dense/Heavy Fire,A*,260,20460789,1,154,196.24978336205572,0.324278627046341,0.0,0,412.9162011886375,0.0,3.4838309288024902,7,0.810751652769102,0.9817608594894409,0.0808
fire_dense,Dense/Heavy Fire,PPO,260,20460789,0,17,24.041630560342618,0.0,39.59797974644666,0,6.80350511200777,0.0,0.0608220100402832,7,0.810751652769102,0.9817608594894409,0.0808
fire_dense,Dense/Heavy Fire,A*,261,20460790,1,62,82.71067811865474,0.7694243567377531,0.0,0,412.4360890267262,0.0,1.9581198692321777,6,0.9021585903183394,0.9322781562805176,0.0696
fire_dense,Dense/Heavy Fire,PPO,261,20460790,0,21,29.698484809835,0.0,33.94112549695428,0,31.353146177476305,0.0,0.043467044830322266,6,0.9021585903183394,0.9322781562805176,0.0696
fire_dense,Dense/Heavy Fire,A*,262,20460791,0,2,2.414213562373095,0.0,61.5223536610881,2,-107.45376278675833,1.3495233058929443,0.21188879013061523,6,0.9107413673215515,0.9814714789390564,0.066
fire_dense,Dense/Heavy Fire,PPO,262,20460791,0,1,1.4142135623730951,0.0,62.22539674441618,1,-102.59132788530434,0.8587875366210938,0.008822202682495117,6,0.9107413673215515,0.9814714789390564,0.066
fire_dense,Dense/Heavy Fire,A*,263,20460792,1,68,85.39696961966999,0.7452209439072507,0.0,0,407.2249864376073,0.0,1.8976788520812988,8,0.8906555413889319,0.9870355129241943,0.0824
fire_dense,Dense/Heavy Fire,PPO,263,20460792,0,5,7.0710678118654755,0.0,56.568542494923804,0,-80.2383030164332,0.0,0.04530024528503418,8,0.8906555413889319,0.9870355129241943,0.0824
fire_dense,Dense/Heavy Fire,A*,264,20460793,0,97,128.48023074035524,0.0,6.082762530298219,0,169.4276569528138,0.0,2.0990028381347656,6,0.7933350559558958,0.8478384017944336,0.0688
fire_dense,Dense/Heavy Fire,PPO,264,20460793,0,11,15.556349186104049,0.0,48.08326112068523,0,-35.82167962152279,0.0,0.05598306655883789,6,0.7933350559558958,0.8478384017944336,0.0688
fire_dense,Dense/Heavy Fire,A*,265,20460794,1,72,95.19595949289334,0.6685116747159859,0.0,0,406.78340156416533,0.0,2.338886022567749,8,0.888565775597624,0.9668291211128235,0.0912
fire_dense,Dense/Heavy Fire,PPO,265,20460794,0,2,2.8284271247461903,0.0,60.81118318204309,0,-95.43458085940118,0.0,0.04793190956115723,8,0.888565775597624,0.9668291211128235,0.0912
fire_dense,Dense/Heavy Fire,A*,266,20460795,1,80,99.05382386916239,0.6424750486245658,0.0,0,407.49143572845503,0.0,2.2087900638580322,7,0.8712871331246758,0.9856926798820496,0.0804
fire_dense,Dense/Heavy Fire,PPO,266,20460795,0,1,1.4142135623730951,0.0,62.22539674441618,0,-103.05042133680428,0.0,0.020205020904541016,7,0.8712871331246758,0.9856926798820496,0.0804
fire_dense,Dense/Heavy Fire,A*,267,20460796,1,50,67.39696961966999,0.944250322617115,0.0,0,413.7355208523362,0.0,1.7282001972198486,7,0.8938769491252986,0.9658459424972534,0.0788
fire_dense,Dense/Heavy Fire,PPO,267,20460796,0,25,35.35533905932738,0.0,28.284271247461902,0,57.84165822730982,0.0,0.05487465858459473,7,0.8938769491252986,0.9658459424972534,0.0788
fire_dense,Dense/Heavy Fire,A*,268,20460797,1,190,241.36248173426384,0.26366819668707026,0.0,0,393.58766219922643,0.0,4.247278690338135,8,0.8835339115423395,0.9549405574798584,0.082
fire_dense,Dense/Heavy Fire,PPO,268,20460797,0,16,22.627416997969522,0.0,41.012193308819754,0,-7.0192593554779705,0.0,0.05350923538208008,8,0.8835339115423395,0.9549405574798584,0.082
fire_dense,Dense/Heavy Fire,A*,269,20460798,0,200,255.91883092036787,0.0,29.0,0,150.96271215982864,0.0,3.6046037673950195,7,0.8633650450486534,0.957039475440979,0.0808
fire_dense,Dense/Heavy Fire,PPO,269,20460798,0,27,38.18376618407356,0.0,25.45584412271571,0,80.34295689026375,0.0,0.03059983253479004,7,0.8633650450486534,0.957039475440979,0.0808
fire_dense,Dense/Heavy Fire,A*,270,20460799,0,168,212.7350647362943,0.0,1.4142135623730951,0,209.0474511761944,0.0,3.4107398986816406,7,0.8542967805594841,0.9396840333938599,0.0808
fire_dense,Dense/Heavy Fire,PPO,270,20460799,0,4,5.656854249492381,0.0,57.982756057296896,0,-82.11973923048777,0.0,0.026587724685668945,7,0.8542967805594841,0.9396840333938599,0.0808
fire_dense,Dense/Heavy Fire,A*,271,20460800,1,68,87.05382386916237,0.7310375062034781,0.0,0,406.8368724153321,0.0,2.14449405670166,6,0.8151290159793841,0.953926146030426,0.0692
fire_dense,Dense/Heavy Fire,PPO,271,20460800,0,2,2.8284271247461903,0.0,60.81118318204309,0,-96.2719729687892,0.0,0.04370307922363281,6,0.8151290159793841,0.953926146030426,0.0692
fire_dense,Dense/Heavy Fire,A*,272,20460801,1,61,81.29646455628165,0.7828090760666658,0.0,0,412.3805402806537,0.0,1.9186639785766602,7,0.9157537178754731,0.9719232320785522,0.0804
fire_dense,Dense/Heavy Fire,PPO,272,20460801,0,6,8.485281374238571,0.0,55.154328932550705,0,-70.56996651191531,0.0,0.04640603065490723,7,0.9157537178754731,0.9719232320785522,0.0804
fire_dense,Dense/Heavy Fire,A*,273,20460802,1,87,113.09545442950498,0.5627070568645827,0.0,0,415.1347046959854,0.0,2.3725039958953857,8,0.897906468874291,0.9911841750144958,0.086
fire_dense,Dense/Heavy Fire,PPO,273,20460802,0,7,9.899494936611667,0.0,53.74011537017761,0,-60.658701343423765,0.0,0.02437615394592285,8,0.897906468874291,0.9911841750144958,0.086
fire_dense,Dense/Heavy Fire,A*,274,20460803,1,48,66.22539674441619,0.9609547610925422,0.0,0,413.49297968241723,0.0,1.6925742626190186,6,0.8618019788307189,0.9788591861724854,0.0688
fire_dense,Dense/Heavy Fire,PPO,274,20460803,0,26,36.76955262170047,0.0,26.870057685088806,1,69.80105090125296,0.3534409999847412,0.04018211364746094,6,0.8618019788307189,0.9788591861724854,0.0688
fire_dense,Dense/Heavy Fire,A*,275,20460804,1,55,73.63961030678927,0.8642035182106602,0.0,0,411.7876823989836,0.0,1.7670080661773682,8,0.916290846910084,0.9861093163490295,0.0836
fire_dense,Dense/Heavy Fire,PPO,275,20460804,0,6,8.485281374238571,0.0,55.154328932550705,0,-68.45066198715932,0.0,0.023825883865356445,8,0.916290846910084,0.9861093163490295,0.0836
fire_dense,Dense/Heavy Fire,A*,276,20460805,1,62,83.53910524340094,0.7617942533783172,0.0,0,413.4906235810276,0.0,2.018350839614868,6,0.885872178155123,0.9555844664573669,0.0684
fire_dense,Dense/Heavy Fire,PPO,276,20460805,0,10,14.142135623730953,0.0,49.49747468305833,0,-40.493464597402955,0.0,0.027057886123657227,6,0.885872178155123,0.9555844664573669,0.0684
fire_dense,Dense/Heavy Fire,A*,277,20460806,1,50,67.39696961966999,0.944250322617115,0.0,0,412.4911528279002,0.0,1.7281098365783691,6,0.8559842245621248,0.9099169373512268,0.0684
fire_dense,Dense/Heavy Fire,PPO,277,20460806,0,28,39.597979746446654,0.0,24.041630560342615,0,87.73725275815318,0.0,0.03906106948852539,6,0.8559842245621248,0.9099169373512268,0.0684
fire_dense,Dense/Heavy Fire,A*,278,20460807,1,65,83.63961030678928,0.7608788476340314,0.0,0,407.93602707553225,0.0,1.9751880168914795,7,0.8862740949036032,0.9784985780715942,0.0768
fire_dense,Dense/Heavy Fire,PPO,278,20460807,0,7,9.899494936611667,0.0,53.74011537017761,0,-61.436344698964696,0.0,0.02801513671875,7,0.8862740949036032,0.9784985780715942,0.0768
fire_dense,Dense/Heavy Fire,A*,279,20460808,1,123,153.23759005323598,0.41530025553573613,0.0,0,407.60913836436424,0.0,2.924039840698242,7,0.858929572449213,0.9401805996894836,0.076
fire_dense,Dense/Heavy Fire,PPO,279,20460808,0,10,14.142135623730953,0.0,49.49747468305833,0,-40.543030835786205,0.0,0.019070148468017578,7,0.858929572449213,0.9401805996894836,0.076
fire_dense,Dense/Heavy Fire,A*,280,20460809,1,45,63.639610306789265,1.0000000000000002,0.0,0,411.5684547045993,0.0,1.6685621738433838,6,0.8483560509284143,0.9659185409545898,0.0656
fire_dense,Dense/Heavy Fire,PPO,280,20460809,1,45,63.639610306789265,1.0000000000000002,0.0,0,411.5684547045993,0.0,0.0337679386138916,6,0.8483560509284143,0.9659185409545898,0.0656
fire_dense,Dense/Heavy Fire,A*,281,20460810,0,143,187.3208511739212,0.0,8.246211251235321,0,165.53430727694246,0.0,3.1506917476654053,6,0.878663424990893,0.9589303731918335,0.0628
fire_dense,Dense/Heavy Fire,PPO,281,20460810,0,38,53.7401153701776,0.0,9.899494936611665,0,158.72844698775975,0.0,0.04480290412902832,6,0.878663424990893,0.9589303731918335,0.0628
fire_dense,Dense/Heavy Fire,A*,282,20460811,1,168,211.07821048680194,0.3014977726029588,0.0,0,403.42054489117993,0.0,4.04485297203064,7,0.883489411860695,0.9993705153465271,0.0804
fire_dense,Dense/Heavy Fire,PPO,282,20460811,0,12,16.970562748477143,0.0,46.66904755831214,0,-26.42257475356908,0.0,0.02411198616027832,7,0.883489411860695,0.9993705153465271,0.0804
fire_dense,Dense/Heavy Fire,A*,283,20460812,1,49,66.81118318204308,0.9525293113487888,0.0,0,412.9973187076936,0.0,1.7783100605010986,7,0.8759656195259031,0.9912075400352478,0.0728
fire_dense,Dense/Heavy Fire,PPO,283,20460812,0,24,33.941125496954285,0.0,29.698484809834994,0,49.760105632098714,0.0,0.04908108711242676,7,0.8759656195259031,0.9912075400352478,0.0728
fire_dense,Dense/Heavy Fire,A*,284,20460813,1,62,80.22539674441617,0.7932601506419936,0.0,0,408.5747863916487,0.0,1.7890589237213135,8,0.8816085103138938,0.9618489742279053,0.0912
fire_dense,Dense/Heavy Fire,PPO,284,20460813,0,1,1.4142135623730951,0.0,62.22539674441618,0,-102.4727057015046,0.0,0.023350000381469727,8,0.8816085103138938,0.9618489742279053,0.0912
fire_dense,Dense/Heavy Fire,A*,285,20460814,1,53,70.81118318204308,0.8987225950339376,0.0,0,408.7400619837892,0.0,1.7223820686340332,8,0.876533372794965,0.9481646418571472,0.0924
fire_dense,Dense/Heavy Fire,PPO,285,20460814,0,3,4.242640687119286,0.0,59.39696961966999,0,-95.6885277296164,0.0,0.033761024475097656,8,0.876533372794965,0.9481646418571472,0.0924
fire_dense,Dense/Heavy Fire,A*,286,20460815,1,80,103.19595949289334,0.6166870352242024,0.0,0,406.50906274299166,0.0,2.202610969543457,8,0.8569048686791293,0.9763008952140808,0.0916
fire_dense,Dense/Heavy Fire,PPO,286,20460815,0,6,8.485281374238571,0.0,55.154328932550705,0,-69.82556815348408,0.0,0.020239830017089844,8,0.8569048686791293,0.9763008952140808,0.0916
fire_dense,Dense/Heavy Fire,A*,287,20460816,1,57,73.9827560572969,0.8601951819354062,0.0,0,411.9391545306838,0.0,1.7747809886932373,6,0.8549276284543056,0.9278315305709839,0.0696
fire_dense,Dense/Heavy Fire,PPO,287,20460816,0,20,28.284271247461906,0.0,35.35533905932738,0,19.356372508973067,0.0,0.04870414733886719,6,0.8549276284543056,0.9278315305709839,0.0696
fire_dense,Dense/Heavy Fire,A*,288,20460817,0,191,240.70562748477144,0.0,12.041594578792296,0,89.1023897005526,0.0,3.2369160652160645,7,0.8609415747621583,0.9687352776527405,0.0748
fire_dense,Dense/Heavy Fire,PPO,288,20460817,0,1,1.4142135623730951,0.0,62.22539674441618,0,-102.66980038038338,0.0,0.03130769729614258,7,0.8609415747621583,0.9687352776527405,0.0748
fire_dense,Dense/Heavy Fire,A*,289,20460818,0,1,1.4142135623730951,0.0,63.655321851358195,0,-109.96207792071293,0.0,0.17786312103271484,8,0.8584986607903194,0.9733666181564331,0.0824
fire_dense,Dense/Heavy Fire,PPO,289,20460818,0,1,1.4142135623730951,0.0,62.22539674441618,0,-103.06725547662819,0.0,0.0236358642578125,8,0.8584986607903194,0.9733666181564331,0.0824
fire_dense,Dense/Heavy Fire,A*,290,20460819,1,70,89.88225099390856,0.7080331166951106,0.0,0,412.2700390583743,0.0,2.0977542400360107,6,0.8922339816982717,0.9881370067596436,0.0636
fire_dense,Dense/Heavy Fire,PPO,290,20460819,0,21,29.698484809835,0.0,33.94112549695428,0,36.90749733306424,0.0,0.03776693344116211,6,0.8922339816982717,0.9881370067596436,0.0636
fire_dense,Dense/Heavy Fire,A*,291,20460820,1,54,73.05382386916236,0.8711331855915755,0.0,0,411.9685504169446,0.0,1.778775930404663,7,0.8609550976421724,0.9482854604721069,0.0812
fire_dense,Dense/Heavy Fire,PPO,291,20460820,0,24,33.941125496954285,0.0,29.698484809834994,0,50.41188061482177,0.0,0.0594182014465332,7,0.8609550976421724,0.9482854604721069,0.0812
fire_dense,Dense/Heavy Fire,A*,292,20460821,1,59,79.29646455628166,0.8025529342688446,0.0,0,412.81910832582247,0.0,1.8896839618682861,6,0.911546300187608,0.9777445793151855,0.0692
fire_dense,Dense/Heavy Fire,PPO,292,20460821,0,21,29.698484809835,0.0,33.94112549695428,0,37.740612796981935,0.0,0.037568092346191406,6,0.911546300187608,0.9777445793151855,0.0692
fire_dense,Dense/Heavy Fire,A*,293,20460822,0,149,182.1370849898476,0.0,6.082762530298219,0,172.66781693969017,0.0,2.1835649013519287,7,0.8841143620437276,0.9794402718544006,0.0688
fire_dense,Dense/Heavy Fire,PPO,293,20460822,0,2,2.8284271247461903,0.0,60.81118318204309,1,-103.78734301364646,0.3984871506690979,0.028882980346679688,7,0.8841143620437276,0.9794402718544006,0.0688
fire_dense,Dense/Heavy Fire,A*,294,20460823,0,23,26.72792206135786,0.0,59.665735560705194,0,-135.33622267353576,0.0,0.35071516036987305,6,0.8755475310610598,0.9571990370750427,0.06
fire_dense,Dense/Heavy Fire,PPO,294,20460823,0,1,1.4142135623730951,0.0,62.22539674441618,0,-103.05737660280312,0.0,0.014284133911132812,6,0.8755475310610598,0.9571990370750427,0.06
fire_dense,Dense/Heavy Fire,A*,295,20460824,1,73,97.43860018001261,0.6531252520994605,0.0,0,410.547399580209,0.0,2.6981468200683594,7,0.876134162156455,0.9847335815429688,0.0772
fire_dense,Dense/Heavy Fire,PPO,295,20460824,0,15,21.21320343559643,0.0,42.42640687119285,0,-5.348090372227816,0.0,0.04048514366149902,7,0.876134162156455,0.9847335815429688,0.0772
fire_dense,Dense/Heavy Fire,A*,296,20460825,1,56,75.88225099390857,0.8386626579105823,0.0,0,411.31554010615093,0.0,2.007826089859009,7,0.8400673095536436,0.906367301940918,0.08
fire_dense,Dense/Heavy Fire,PPO,296,20460825,0,4,5.656854249492381,0.0,57.982756057296896,0,-82.0765875475256,0.0,0.025679826736450195,7,0.8400673095536436,0.906367301940918,0.08
fire_dense,Dense/Heavy Fire,A*,297,20460826,1,91,118.75230867899738,0.5359020891022444,0.0,0,400.7005856178009,0.0,2.543134927749634,7,0.9016196041009348,0.9959497451782227,0.0792
fire_dense,Dense/Heavy Fire,PPO,297,20460826,0,13,18.38477631085024,0.0,45.254833995939045,0,-19.38835297294372,0.0,0.028161048889160156,7,0.9016196041009348,0.9959497451782227,0.0792
fire_dense,Dense/Heavy Fire,A*,298,20460827,1,126,165.76450198781723,0.3839157934517635,0.0,0,413.0451916646104,0.0,3.31553316116333,6,0.8264279134636295,0.9411904215812683,0.0696
fire_dense,Dense/Heavy Fire,PPO,298,20460827,0,22,31.112698372208097,0.0,32.526911934581186,0,31.455894792101134,0.0,0.06584000587463379,6,0.8264279134636295,0.9411904215812683,0.0696
fire_dense,Dense/Heavy Fire,A*,299,20460828,1,47,66.46803743153545,0.9574468085106386,0.0,0,413.0675312562624,0.0,1.7217447757720947,6,0.8399286139979124,0.9040747284889221,0.062
fire_dense,Dense/Heavy Fire,PPO,299,20460828,0,23,32.52691193458119,0.0,31.11269837220809,0,42.487144413388066,0.0,0.034316062927246094,6,0.8399286139979124,0.9040747284889221,0.062
fire_dense,Dense/Heavy Fire,A*,300,20460829,0,3,3.82842712474619,0.0,63.0317380372777,1,-122.24741733941923,0.353571355342865,0.20381593704223633,7,0.8259039992618149,0.9851940274238586,0.0812
fire_dense,Dense/Heavy Fire,PPO,300,20460829,0,1,1.4142135623730951,0.0,62.22539674441618,1,-102.72838459364021,0.7576529383659363,0.023248910903930664,7,0.8259039992618149,0.9851940274238586,0.0812
fire_dense,Dense/Heavy Fire,A*,301,20460830,1,54,73.88225099390856,0.8613653408047386,0.0,0,413.64434573422506,0.0,1.7832660675048828,7,0.9058942497908025,0.9667142033576965,0.0812
fire_dense,Dense/Heavy Fire,PPO,301,20460830,0,24,33.941125496954285,0.0,29.698484809834994,0,58.87371804275705,0.0,0.03660988807678223,7,0.9058942497908025,0.9667142033576965,0.0812
fire_dense,Dense/Heavy Fire,A*,302,20460831,1,58,77.88225099390856,0.8171259753620469,0.0,0,407.73216839654583,0.0,1.8041539192199707,6,0.8779122418376678,0.9660916924476624,0.0696
fire_dense,Dense/Heavy Fire,PPO,302,20460831,0,1,1.4142135623730951,0.0,62.22539674441618,0,-102.62512312284554,0.0,0.016357898712158203,6,0.8779122418376678,0.9660916924476624,0.0696
fire_dense,Dense/Heavy Fire,A*,303,20460832,1,89,115.9238815542512,0.5489775657400378,0.0,0,415.02900616611663,0.0,2.5735249519348145,7,0.8832741524981571,0.9997361302375793,0.0756
fire_dense,Dense/Heavy Fire,PPO,303,20460832,0,24,33.941125496954285,0.0,29.698484809834994,0,50.00112794388957,0.0,0.045017242431640625,7,0.8832741524981571,0.9997361302375793,0.0756
fire_dense,Dense/Heavy Fire,A*,304,20460833,0,186,239.4335495461293,0.0,16.278820596099706,0,131.4556329251195,0.0,2.951225996017456,7,0.8348516049238339,0.9637835621833801,0.0804
fire_dense,Dense/Heavy Fire,PPO,304,20460833,0,29,41.01219330881975,0.0,22.627416997969522,0,94.32983408146217,0.0,0.032073974609375,7,0.8348516049238339,0.9637835621833801,0.0804
fire_dense,Dense/Heavy Fire,A*,305,20460834,1,53,71.63961030678927,0.8883299341559675,0.0,0,412.17204745805384,0.0,1.7845959663391113,7,0.9438632360924538,0.9954896569252014,0.08
fire_dense,Dense/Heavy Fire,PPO,305,20460834,0,25,35.35533905932738,0.0,28.284271247461902,0,63.801701484369445,0.0,0.03850698471069336,7,0.9438632360924538,0.9954896569252014,0.08
fire_dense,Dense/Heavy Fire,A*,306,20460835,0,3,3.414213562373095,0.0,62.24146527838174,0,-118.29536813818407,0.0,0.3351292610168457,7,0.9034313744043458,0.9951328039169312,0.0812
fire_dense,Dense/Heavy Fire,PPO,306,20460835,0,1,1.4142135623730951,0.0,62.22539674441618,0,-102.57743463865364,0.0,0.021680116653442383,7,0.9034313744043458,0.9951328039169312,0.0812
fire_dense,Dense/Heavy Fire,A*,307,20460836,0,3,3.82842712474619,0.0,62.93647591023825,1,-122.66695575888198,0.41366034746170044,0.24682116508483887,8,0.8494831375227281,0.9592111110687256,0.0924
fire_dense,Dense/Heavy Fire,PPO,307,20460836,0,1,1.4142135623730951,0.0,62.22539674441618,1,-102.3762153183564,0.3619528114795685,0.021930932998657227,8,0.8494831375227281,0.9592111110687256,0.0924
fire_dense,Dense/Heavy Fire,A*,308,20460837,1,52,71.05382386916237,0.8956535600951536,0.0,0,410.90187970854345,0.0,2.1989498138427734,8,0.8842054239378214,0.9492775797843933,0.086
fire_dense,Dense/Heavy Fire,PPO,308,20460837,0,2,2.8284271247461903,0.0,60.81118318204309,0,-95.46406613620591,0.0,0.019382715225219727,8,0.8842054239378214,0.9492775797843933,0.086
fire_dense,Dense/Heavy Fire,A*,309,20460838,0,1,1.4142135623730951,0.0,63.655321851358195,1,-109.9027212312598,0.7158816456794739,0.19318604469299316,6,0.8951713935984672,0.9976442456245422,0.0636
fire_dense,Dense/Heavy Fire,PPO,309,20460838,0,2,2.8284271247461903,0.0,60.81118318204309,2,-104.0587265375875,1.2408615350723267,0.06143784523010254,6,0.8951713935984672,0.9976442456245422,0.0636
fire_dense,Dense/Heavy Fire,A*,310,20460839,1,160,204.73506473629428,0.31083884135216044,0.0,0,394.0560524290848,0.0,4.052524089813232,6,0.8819799605094003,0.9540293216705322,0.0664
fire_dense,Dense/Heavy Fire,PPO,310,20460839,0,8,11.313708498984761,0.0,52.32590180780452,0,-54.257114299672786,0.0,0.02234506607055664,6,0.8819799605094003,0.9540293216705322,0.0664
fire_dense,Dense/Heavy Fire,A*,311,20460840,0,115,146.48023074035524,0.0,16.0312195418814,0,105.46206637512144,0.0,2.972890853881836,8,0.8703298808963762,0.9955632090568542,0.0896
fire_dense,Dense/Heavy Fire,PPO,311,20460840,0,16,22.627416997969522,0.0,41.012193308819754,0,-0.014627736705733696,0.0,0.02944326400756836,8,0.8703298808963762,0.9955632090568542,0.0896
fire_dense,Dense/Heavy Fire,A*,312,20460841,0,3,3.414213562373095,0.0,62.289646009589745,1,-120.30593971215072,0.3711031377315521,0.2247459888458252,8,0.8656244315753474,0.9459162950515747,0.0848
fire_dense,Dense/Heavy Fire,PPO,312,20460841,0,1,1.4142135623730951,0.0,62.22539674441618,1,-102.93534086099709,0.7952210307121277,0.026766300201416016,8,0.8656244315753474,0.9459162950515747,0.0848
fire_dense,Dense/Heavy Fire,A*,313,20460842,1,56,72.5685424949238,0.8769586396370148,0.0,0,412.8976448267425,0.0,1.9355971813201904,6,0.8706338293555415,0.9969810843467712,0.0696
fire_dense,Dense/Heavy Fire,PPO,313,20460842,0,8,11.313708498984761,0.0,52.32590180780452,0,-54.661764402973596,0.0,0.022328853607177734,6,0.8706338293555415,0.9969810843467712,0.0696
fire_dense,Dense/Heavy Fire,A*,314,20460843,1,58,76.22539674441617,0.8348872295171248,0.0,0,406.30747350940214,0.0,1.8311090469360352,6,0.8839394550610363,0.9648751020431519,0.0692
fire_dense,Dense/Heavy Fire,PPO,314,20460843,0,3,4.242640687119286,0.0,59.39696961966999,2,-102.50454887404379,1.3575307726860046,0.08015894889831543,6,0.8839394550610363,0.9648751020431519,0.0692
fire_dense,Dense/Heavy Fire,A*,315,20460844,0,200,258.8183258569795,0.0,14.212670403551895,0,232.15263715036903,0.0,3.6122450828552246,6,0.8668137294223927,0.9793553352355957,0.0696
fire_dense,Dense/Heavy Fire,PPO,315,20460844,0,21,29.698484809835,0.0,33.94112549695428,0,37.05492684125224,0.0,0.030181884765625,6,0.8668137294223927,0.9793553352355957,0.0696
fire_dense,Dense/Heavy Fire,A*,316,20460845,1,52,70.22539674441619,0.9062193060781738,0.0,0,412.67999478889385,0.0,1.913619041442871,8,0.8796594749245693,0.9605647325515747,0.0896
fire_dense,Dense/Heavy Fire,PPO,316,20460845,0,35,49.49747468305832,0.0,14.142135623730951,0,122.50895622279613,0.0,0.09837794303894043,8,0.8796594749245693,0.9605647325515747,0.0896
fire_dense,Dense/Heavy Fire,A*,317,20460846,1,50,69.05382386916237,0.9215942976216421,0.0,0,409.2505508922974,0.0,1.7865521907806396,7,0.8783934701087455,0.9867612719535828,0.0808
fire_dense,Dense/Heavy Fire,PPO,317,20460846,0,10,14.142135623730953,0.0,49.49747468305833,1,-54.47975937024953,0.4519522786140442,0.04539895057678223,7,0.8783934701087455,0.9867612719535828,0.0808
fire_dense,Dense/Heavy Fire,A*,318,20460847,1,57,74.81118318204308,0.8506697474885638,0.0,0,412.17213408229605,0.0,1.989671230316162,8,0.8790898526942692,0.991404116153717,0.0848
fire_dense,Dense/Heavy Fire,PPO,318,20460847,0,5,7.0710678118654755,0.0,56.568542494923804,0,-82.24818818095619,0.0,0.05481910705566406,8,0.8790898526942692,0.991404116153717,0.0848
fire_dense,Dense/Heavy Fire,A*,319,20460848,1,67,86.46803743153546,0.7359899934953247,0.0,0,408.9057249098094,0.0,2.070639133453369,6,0.8411818749956438,0.9464302659034729,0.0696
fire_dense,Dense/Heavy Fire,PPO,319,20460848,0,4,5.656854249492381,0.0,57.982756057296896,1,-89.14401206307889,0.4045277535915375,0.0468900203704834,6,0.8411818749956438,0.9464302659034729,0.0696
fire_dense,Dense/Heavy Fire,A*,320,20460849,1,57,75.63961030678928,0.8413529637272219,0.0,0,414.0444456447865,0.0,2.091517925262451,7,0.9252887385573064,0.9855422377586365,0.08
fire_dense,Dense/Heavy Fire,PPO,320,20460849,0,16,22.627416997969522,0.0,41.012193308819754,0,1.8234421807474064,0.0,0.03244519233703613,7,0.9252887385573064,0.9855422377586365,0.08
fire_dense,Dense/Heavy Fire,A*,321,20460850,1,89,113.43860018001261,0.5610048978548865,0.0,0,409.25817981326765,0.0,2.872138023376465,8,0.8701961271035774,0.9822896122932434,0.0928
fire_dense,Dense/Heavy Fire,PPO,321,20460850,0,10,14.142135623730953,0.0,49.49747468305833,0,-44.16636432383516,0.0,0.05165290832519531,8,0.8701961271035774,0.9822896122932434,0.0928
fire_dense,Dense/Heavy Fire,A*,322,20460851,1,158,207.7056274847714,0.3063932887974122,0.0,0,404.9478535215851,0.0,4.657065153121948,6,0.8369990666164981,0.9520334005355835,0.0656
fire_dense,Dense/Heavy Fire,PPO,322,20460851,0,21,29.698484809835,0.0,33.94112549695428,0,12.170836794774317,0.0,0.07506704330444336,6,0.8369990666164981,0.9520334005355835,0.0656
fire_dense,Dense/Heavy Fire,A*,323,20460852,1,57,73.9827560572969,0.8601951819354062,0.0,0,412.3066590944348,0.0,2.082058906555176,6,0.8322498246889264,0.9261725544929504,0.0692
fire_dense,Dense/Heavy Fire,PPO,323,20460852,0,10,14.142135623730953,0.0,49.49747468305833,0,-40.15700355660815,0.0,0.029024124145507812,6,0.8322498246889264,0.9261725544929504,0.0692
fire_dense,Dense/Heavy Fire,A*,324,20460853,1,48,67.05382386916239,0.9490824927593238,0.0,0,411.6413241868318,0.0,1.9347631931304932,7,0.9296249431019692,0.9965888857841492,0.0812
fire_dense,Dense/Heavy Fire,PPO,324,20460853,0,9,12.727922061357857,0.0,50.91168824543142,0,-55.89760713797714,0.0,0.0462646484375,7,0.9296249431019692,0.9965888857841492,0.0812
fire_dense,Dense/Heavy Fire,A*,325,20460854,1,61,81.29646455628165,0.7828090760666658,0.0,0,413.06314183549665,0.0,2.1042990684509277,8,0.8991355028712746,0.9975665807723999,0.0852
fire_dense,Dense/Heavy Fire,PPO,325,20460854,0,29,41.01219330881975,0.0,22.627416997969522,0,94.82448915066331,0.0,0.04569077491760254,8,0.8991355028712746,0.9975665807723999,0.0852
fire_dense,Dense/Heavy Fire,A*,326,20460855,1,75,98.61017305526642,0.6453655676186902,0.0,0,408.69516227436185,0.0,2.493464231491089,8,0.8506406537806307,0.9895381927490234,0.0848
fire_dense,Dense/Heavy Fire,PPO,326,20460855,0,15,21.21320343559643,0.0,42.42640687119285,0,-5.970520292625096,0.0,0.031061172485351562,8,0.8506406537806307,0.9895381927490234,0.0848
fire_dense,Dense/Heavy Fire,A*,327,20460856,1,93,124.06601717798213,0.512949571158502,0.0,0,412.34847302175194,0.0,3.0987510681152344,6,0.8708549182956604,0.9665104746818542,0.0692
fire_dense,Dense/Heavy Fire,PPO,327,20460856,0,23,32.52691193458119,0.0,31.11269837220809,0,51.54244005111268,0.0,0.05641436576843262,6,0.8708549182956604,0.9665104746818542,0.0692
fire_dense,Dense/Heavy Fire,A*,328,20460857,0,1,1.4142135623730951,0.0,62.22539674441618,0,-102.97507808557594,0.0,0.23697495460510254,8,0.8786616386513029,0.9915518760681152,0.0884
fire_dense,Dense/Heavy Fire,PPO,328,20460857,0,1,1.4142135623730951,0.0,62.22539674441618,0,-102.97507808557594,0.0,0.0014119148254394531,8,0.8786616386513029,0.9915518760681152,0.0884
fire_dense,Dense/Heavy Fire,A*,329,20460858,1,62,81.88225099390854,0.7772088521543407,0.0,0,411.0384726898587,0.0,1.9155468940734863,6,0.895873099939117,0.9533419013023376,0.0696
fire_dense,Dense/Heavy Fire,PPO,329,20460858,0,2,2.8284271247461903,0.0,60.81118318204309,0,-102.43366788661704,0.0,0.059777021408081055,6,0.895873099939117,0.9533419013023376,0.0696
fire_dense,Dense/Heavy Fire,A*,330,20460859,1,69,91.78174593052022,0.6933798181935344,0.0,0,410.6622577930771,0.0,2.3642399311065674,8,0.8918197520350922,0.9731640815734863,0.0928
fire_dense,Dense/Heavy Fire,PPO,330,20460859,0,7,9.899494936611667,0.0,53.74011537017761,0,-61.14399536751407,0.0,0.026772022247314453,8,0.8918197520350922,0.9731640815734863,0.0928
fire_dense,Dense/Heavy Fire,A*,331,20460860,1,47,65.63961030678927,0.9695305930267974,0.0,0,413.3042904997749,0.0,1.7784578800201416,6,0.8840432958686715,0.9853793978691101,0.0688
fire_dense,Dense/Heavy Fire,PPO,331,20460860,0,37,52.325901807804506,0.0,11.313708498984761,0,152.05774629512328,0.0,0.04307699203491211,6,0.8840432958686715,0.9853793978691101,0.0688
fire_dense,Dense/Heavy Fire,A*,332,20460861,1,62,80.22539674441617,0.7932601506419936,0.0,0,406.49083983721516,0.0,1.992845058441162,7,0.8426328251638463,0.9177981019020081,0.0704
fire_dense,Dense/Heavy Fire,PPO,332,20460861,0,1,1.4142135623730951,0.0,62.22539674441618,0,-102.66489611021126,0.0,0.017113208770751953,7,0.8426328251638463,0.9177981019020081,0.0704
fire_dense,Dense/Heavy Fire,A*,333,20460862,1,76,100.8528137423857,0.6310147227954164,0.0,0,400.66452045395295,0.0,2.2374460697174072,7,0.9386361287626368,0.9992498159408569,0.0812
fire_dense,Dense/Heavy Fire,PPO,333,20460862,0,1,1.4142135623730951,0.0,62.22539674441618,1,-102.73951456895912,0.4188995063304901,0.02734375,7,0.9386361287626368,0.9992498159408569,0.0812
fire_dense,Dense/Heavy Fire,A*,334,20460863,1,49,67.63961030678928,0.9408630537364508,0.0,0,410.04243435264726,0.0,1.9448459148406982,7,0.9427697217508403,0.9972201585769653,0.0812
fire_dense,Dense/Heavy Fire,PPO,334,20460863,0,3,4.242640687119286,0.0,59.39696961966999,0,-89.1514959598266,0.0,0.011871099472045898,7,0.9427697217508403,0.9972201585769653,0.0812
fire_dense,Dense/Heavy Fire,A*,335,20460864,1,76,98.36753236814714,0.6469574744298122,0.0,0,411.97233288928595,0.0,2.4860262870788574,8,0.9110358695500844,0.9891147613525391,0.088
fire_dense,Dense/Heavy Fire,PPO,335,20460864,0,8,11.313708498984761,0.0,52.32590180780452,0,-53.971362761029546,0.0,0.030173301696777344,8,0.9110358695500844,0.9891147613525391,0.088
fire_dense,Dense/Heavy Fire,A*,336,20460865,0,101,134.13708498984766,0.0,18.027756377319946,0,112.58597062094141,0.0,2.6742849349975586,8,0.9030177455400317,0.995355486869812,0.092
fire_dense,Dense/Heavy Fire,PPO,336,20460865,0,16,22.627416997969522,0.0,41.012193308819754,0,0.7798489341203094,0.0,0.03243708610534668,8,0.9030177455400317,0.995355486869812,0.092
fire_dense,Dense/Heavy Fire,A*,337,20460866,1,74,98.8528137423857,0.6437814756860294,0.0,0,410.4360494338688,0.0,2.6022799015045166,8,0.9098552661535579,0.995550274848938,0.0844
fire_dense,Dense/Heavy Fire,PPO,337,20460866,0,11,15.556349186104049,0.0,48.08326112068523,0,-33.2057347644908,0.0,0.028210163116455078,8,0.9098552661535579,0.995550274848938,0.0844
fire_dense,Dense/Heavy Fire,A*,338,20460867,0,1,1.4142135623730951,0.0,63.655321851358195,0,-109.73056990412663,0.0,0.2207338809967041,6,0.8624639066231534,0.9715675711631775,0.0688
fire_dense,Dense/Heavy Fire,PPO,338,20460867,0,1,1.4142135623730951,0.0,62.22539674441618,0,-102.88751826635445,0.0,0.04295086860656738,6,0.8624639066231534,0.9715675711631775,0.0688
fire_dense,Dense/Heavy Fire,A*,339,20460868,1,97,123.095454429505,0.5169939913844241,0.0,0,403.8163614269782,0.0,2.6928341388702393,8,0.8601045057679769,0.9745761752128601,0.092
fire_dense,Dense/Heavy Fire,PPO,339,20460868,0,6,8.485281374238571,0.0,55.154328932550705,0,-71.48283972041673,0.0,0.03451395034790039,8,0.8601045057679769,0.9745761752128601,0.092
fire_dense,Dense/Heavy Fire,A*,340,20460869,1,57,74.8111831820431,0.8506697474885636,0.0,0,411.99976716186666,0.0,2.3499720096588135,6,0.8879373642763295,0.9922196865081787,0.0692
fire_dense,Dense/Heavy Fire,PPO,340,20460869,0,24,33.941125496954285,0.0,29.698484809834994,0,56.595418814767584,0.0,0.046061038970947266,6,0.8879373642763295,0.9922196865081787,0.0692
fire_dense,Dense/Heavy Fire,A*,341,20460870,0,163,201.93607486307093,0.0,9.219544457292887,0,148.0416511460906,0.0,3.159329891204834,7,0.8950343514095102,0.9651756286621094,0.0764
fire_dense,Dense/Heavy Fire,PPO,341,20460870,0,10,14.142135623730953,0.0,49.49747468305833,0,-40.09369123242127,0.0,0.03214216232299805,7,0.8950343514095102,0.9651756286621094,0.0764
fire_dense,Dense/Heavy Fire,A*,342,20460871,1,90,115.68124086713192,0.5501290427882242,0.0,0,410.31119619413437,0.0,2.646798849105835,7,0.8797864435556437,0.9880014657974243,0.0768
fire_dense,Dense/Heavy Fire,PPO,342,20460871,0,1,1.4142135623730951,0.0,62.22539674441618,0,-102.45284602991188,0.0,0.021168947219848633,7,0.8797864435556437,0.9880014657974243,0.0768
fire_dense,Dense/Heavy Fire,A*,343,20460872,1,52,69.39696961966999,0.9170373094901131,0.0,0,411.8593651151307,0.0,2.075624942779541,7,0.904953304369719,0.9861557483673096,0.0804
fire_dense,Dense/Heavy Fire,PPO,343,20460872,0,1,1.4142135623730951,0.0,62.22539674441618,0,-102.99284324995125,0.0,0.02094292640686035,7,0.904953304369719,0.9861557483673096,0.0804
fire_dense,Dense/Heavy Fire,A*,344,20460873,1,50,69.05382386916237,0.9215942976216421,0.0,0,411.401879160997,0.0,1.9765727519989014,8,0.85367548897383,0.9994810223579407,0.0924
fire_dense,Dense/Heavy Fire,PPO,344,20460873,0,33,46.66904755831214,0.0,16.97056274847714,1,114.77962146976672,0.3780171573162079,0.0634162425994873,8,0.85367548897383,0.9994810223579407,0.0924
fire_dense,Dense/Heavy Fire,A*,345,20460874,0,10,11.65685424949238,0.0,63.655321851358195,0,-115.1119094938542,0.0,0.21952486038208008,8,0.8871013086709083,0.9892477989196777,0.0836
fire_dense,Dense/Heavy Fire,PPO,345,20460874,0,1,1.4142135623730951,0.0,62.22539674441618,0,-102.99406156889046,0.0,0.017435312271118164,8,0.8871013086709083,0.9892477989196777,0.0836
fire_dense,Dense/Heavy Fire,A*,346,20460875,0,174,220.39191898578667,0.0,19.235384061671343,0,97.92667079337089,0.0,3.3647992610931396,7,0.8832554194632082,0.9754312038421631,0.0812
fire_dense,Dense/Heavy Fire,PPO,346,20460875,0,13,18.38477631085024,0.0,45.254833995939045,0,-24.13167546333807,0.0,0.0283660888671875,7,0.8832554194632082,0.9754312038421631,0.0812
fire_dense,Dense/Heavy Fire,A*,347,20460876,1,62,81.05382386916236,0.7851524736145302,0.0,0,409.940904020716,0.0,2.289891004562378,6,0.8952747934994583,0.9558972120285034,0.0688
fire_dense,Dense/Heavy Fire,PPO,347,20460876,0,7,9.899494936611667,0.0,53.74011537017761,0,-70.11539594897258,0.0,0.05579495429992676,6,0.8952747934994583,0.9558972120285034,0.0688
fire_dense,Dense/Heavy Fire,A*,348,20460877,0,136,170.79393923934,0.0,9.055385138137417,0,107.67512201806669,0.0,2.7763702869415283,8,0.832165606910892,0.9423449039459229,0.0852
fire_dense,Dense/Heavy Fire,PPO,348,20460877,0,9,12.727922061357857,0.0,50.91168824543142,0,-47.74336760602578,0.0,0.035891056060791016,8,0.832165606910892,0.9423449039459229,0.0852
fire_dense,Dense/Heavy Fire,A*,349,20460878,1,61,77.98275605729688,0.8160728541067572,0.0,0,407.56724331964506,0.0,2.0956969261169434,6,0.8711615693076095,0.9159780740737915,0.0696
fire_dense,Dense/Heavy Fire,PPO,349,20460878,0,1,1.4142135623730951,0.0,62.22539674441618,0,-103.0213706289872,0.0,0.021944761276245117,6,0.8711615693076095,0.9159780740737915,0.0696
fire_dense,Dense/Heavy Fire,A*,350,20460879,1,47,65.63961030678927,0.9695305930267974,0.0,0,412.18758806797086,0.0,2.452793836593628,7,0.9118301747260424,0.999289870262146,0.0744
fire_dense,Dense/Heavy Fire,PPO,350,20460879,0,38,53.7401153701776,0.0,9.899494936611665,0,156.44552607582068,0.0,0.06923413276672363,7,0.9118301747260424,0.999289870262146,0.0744
fire_dense,Dense/Heavy Fire,A*,351,20460880,1,69,87.63961030678927,0.7261512241327167,0.0,0,410.36724644288705,0.0,2.241368055343628,7,0.8779275344861752,0.9965724945068359,0.0812
fire_dense,Dense/Heavy Fire,PPO,351,20460880,0,3,4.242640687119286,0.0,59.39696961966999,0,-89.57950852836751,0.0,0.027187347412109375,7,0.8779275344861752,0.9965724945068359,0.0812
fire_dense,Dense/Heavy Fire,A*,352,20460881,1,95,124.40916292848975,0.5115347520131557,0.0,0,411.78747690251674,0.0,3.073179006576538,6,0.9279409366195398,0.9917705655097961,0.0696
fire_dense,Dense/Heavy Fire,PPO,352,20460881,0,23,32.52691193458119,0.0,31.11269837220809,0,44.25503886770984,0.0,0.06633973121643066,6,0.9279409366195398,0.9917705655097961,0.0696
fire_dense,Dense/Heavy Fire,A*,353,20460882,0,1,1.4142135623730951,0.0,63.655321851358195,0,-109.53066844252537,0.0,0.19205403327941895,8,0.8525089682368614,0.9905345439910889,0.086
fire_dense,Dense/Heavy Fire,PPO,353,20460882,0,1,1.4142135623730951,0.0,62.22539674441618,0,-102.8368710075959,0.0,0.02562403678894043,8,0.8525089682368614,0.9905345439910889,0.086
fire_dense,Dense/Heavy Fire,A*,354,20460883,1,59,78.46803743153546,0.8110258952546863,0.0,0,411.3686145259665,0.0,1.96108078956604,7,0.8315903725043007,0.9241357445716858,0.0808
fire_dense,Dense/Heavy Fire,PPO,354,20460883,0,5,7.0710678118654755,0.0,56.568542494923804,0,-83.92254875186146,0.0,0.058238983154296875,7,0.8315903725043007,0.9241357445716858,0.0808
fire_dense,Dense/Heavy Fire,A*,355,20460884,1,52,68.56854249492379,0.9281167134550161,0.0,0,413.3800531615811,0.0,1.7982778549194336,6,0.912986719301328,0.9973302483558655,0.0696
fire_dense,Dense/Heavy Fire,PPO,355,20460884,0,15,21.21320343559643,0.0,42.42640687119285,0,-5.043227182623681,0.0,0.031625986099243164,6,0.912986719301328,0.9973302483558655,0.0696
fire_dense,Dense/Heavy Fire,A*,356,20460885,1,57,76.46803743153548,0.8322380493126695,0.0,0,411.4022539460937,0.0,1.8932490348815918,6,0.8577931196356402,0.9949998259544373,0.0604
fire_dense,Dense/Heavy Fire,PPO,356,20460885,0,1,1.4142135623730951,0.0,62.22539674441618,0,-102.7158103977784,0.0,0.03198885917663574,6,0.8577931196356402,0.9949998259544373,0.0604
fire_dense,Dense/Heavy Fire,A*,357,20460886,1,135,171.86500705120545,0.37028835246158337,0.0,0,409.83846166881597,0.0,3.680928945541382,8,0.891226280793634,0.9779527187347412,0.0924
fire_dense,Dense/Heavy Fire,PPO,357,20460886,0,9,12.727922061357857,0.0,50.91168824543142,0,-47.52776327870888,0.0,0.018044233322143555,8,0.891226280793634,0.9779527187347412,0.0924
fire_dense,Dense/Heavy Fire,A*,358,20460887,1,52,71.88225099390856,0.885331349906978,0.0,0,412.2028790521314,0.0,1.924034833908081,6,0.8800049513607453,0.9764917492866516,0.0596
fire_dense,Dense/Heavy Fire,PPO,358,20460887,0,23,32.52691193458119,0.0,31.11269837220809,0,51.670490130614596,0.0,0.04108071327209473,6,0.8800049513607453,0.9764917492866516,0.0596
fire_dense,Dense/Heavy Fire,A*,359,20460888,1,63,80.81118318204308,0.7875099435610111,0.0,0,407.9322081271506,0.0,2.0559921264648438,7,0.8781842112840651,0.9803925156593323,0.0792
fire_dense,Dense/Heavy Fire,PPO,359,20460888,0,1,1.4142135623730951,0.0,62.22539674441618,0,-102.77596876970375,0.0,0.05192875862121582,7,0.8781842112840651,0.9803925156593323,0.0792
fire_dense,Dense/Heavy Fire,A*,360,20460889,1,57,71.49747468305831,0.8900959172180245,0.0,0,413.8355094951178,0.0,2.234710931777954,7,0.9353062788209687,0.976882815361023,0.0752
fire_dense,Dense/Heavy Fire,PPO,360,20460889,0,14,19.798989873223334,0.0,43.840620433565945,1,-19.697205916359053,0.4813363552093506,0.06173586845397949,7,0.9353062788209687,0.976882815361023,0.0752
fire_dense,Dense/Heavy Fire,A*,361,20460890,0,177,220.9066376115481,0.0,24.186773244895647,0,70.18014170086131,0.0,3.370352029800415,7,0.9126591335476272,0.9895097017288208,0.0812
fire_dense,Dense/Heavy Fire,PPO,361,20460890,0,1,1.4142135623730951,0.0,62.22539674441618,1,-102.81231448999489,0.40226462483406067,0.017452001571655273,7,0.9126591335476272,0.9895097017288208,0.0812
fire_dense,Dense/Heavy Fire,A*,362,20460891,0,27,33.21320343559643,0.0,62.24146527838174,0,-130.72011781587938,0.0,0.3902270793914795,8,0.9361685281491865,0.9994749426841736,0.0924
fire_dense,Dense/Heavy Fire,PPO,362,20460891,0,1,1.4142135623730951,0.0,62.22539674441618,0,-102.7214346920594,0.0,0.0012066364288330078,8,0.9361685281491865,0.9994749426841736,0.0924
fire_dense,Dense/Heavy Fire,A*,363,20460892,1,192,232.59292911256335,0.2736093936715973,0.0,0,404.2559746818902,0.0,4.363291025161743,7,0.8886070025826205,0.9982790350914001,0.0808
fire_dense,Dense/Heavy Fire,PPO,363,20460892,0,7,9.899494936611667,0.0,53.74011537017761,0,-76.06862621304558,0.0,0.05816292762756348,7,0.8886070025826205,0.9982790350914001,0.0808
fire_dense,Dense/Heavy Fire,A*,364,20460893,1,73,91.63961030678928,0.6944552698744336,0.0,0,409.12569746123165,0.0,2.058629035949707,7,0.8669138779196056,0.9782165288925171,0.0804
fire_dense,Dense/Heavy Fire,PPO,364,20460893,0,1,1.4142135623730951,0.0,62.22539674441618,0,-103.05908189169014,0.0,0.023302078247070312,7,0.8669138779196056,0.9782165288925171,0.0804
fire_dense,Dense/Heavy Fire,A*,365,20460894,1,88,111.19595949289334,0.5723194493488458,0.0,0,410.2008474076889,0.0,2.3289859294891357,8,0.8317016812673721,0.9814789295196533,0.092
fire_dense,Dense/Heavy Fire,PPO,365,20460894,0,10,14.142135623730953,0.0,49.49747468305833,0,-40.376009381684845,0.0,0.015714168548583984,8,0.8317016812673721,0.9814789295196533,0.092
fire_dense,Dense/Heavy Fire,A*,366,20460895,1,47,64.81118318204307,0.9819232913560142,0.0,0,412.0828460261012,0.0,1.7941241264343262,6,0.8444221270788898,0.8904375433921814,0.0692
fire_dense,Dense/Heavy Fire,PPO,366,20460895,0,27,38.18376618407356,0.0,25.45584412271571,0,79.09388208209147,0.0,0.030228853225708008,6,0.8444221270788898,0.8904375433921814,0.0692
fire_dense,Dense/Heavy Fire,A*,367,20460896,1,63,80.81118318204307,0.7875099435610112,0.0,0,410.4053264597232,0.0,2.022221088409424,7,0.9098180619639475,0.996883749961853,0.0812
fire_dense,Dense/Heavy Fire,PPO,367,20460896,0,5,7.0710678118654755,0.0,56.568542494923804,0,-83.69449841330598,0.0,0.04784107208251953,7,0.9098180619639475,0.996883749961853,0.0812
fire_dense,Dense/Heavy Fire,A*,368,20460897,1,81,105.43860018001263,0.6035703262196103,0.0,0,407.41042235784795,0.0,2.494434118270874,8,0.8485752286739696,0.9582149982452393,0.0924
fire_dense,Dense/Heavy Fire,PPO,368,20460897,0,8,11.313708498984761,0.0,52.32590180780452,0,-53.649485857012415,0.0,0.01703786849975586,8,0.8485752286739696,0.9582149982452393,0.0924
fire_dense,Dense/Heavy Fire,A*,369,20460898,1,60,79.88225099390856,0.7966677142290611,0.0,0,413.70067811002696,0.0,1.9709930419921875,7,0.8937281379383865,0.9771159291267395,0.0688
fire_dense,Dense/Heavy Fire,PPO,369,20460898,0,27,38.18376618407356,0.0,25.45584412271571,0,80.24229107937084,0.0,0.030182838439941406,7,0.8937281379383865,0.9771159291267395,0.0688
fire_dense,Dense/Heavy Fire,A*,370,20460899,1,64,87.19595949289334,0.7298458630067147,0.0,0,411.4194910106693,0.0,2.4764602184295654,7,0.8839147202906812,0.9828425049781799,0.078
fire_dense,Dense/Heavy Fire,PPO,370,20460899,0,7,9.899494936611667,0.0,53.74011537017761,0,-69.47031199183229,0.0,0.03615093231201172,7,0.8839147202906812,0.9828425049781799,0.078
fire_dense,Dense/Heavy Fire,A*,371,20460900,1,45,63.639610306789265,1.0000000000000002,0.0,0,413.31849120481536,0.0,1.713757038116455,6,0.8857896839733358,0.9940708875656128,0.066
fire_dense,Dense/Heavy Fire,PPO,371,20460900,1,45,63.639610306789265,1.0000000000000002,0.0,0,413.31849120481536,0.0,0.03727412223815918,6,0.8857896839733358,0.9940708875656128,0.066
fire_dense,Dense/Heavy Fire,A*,372,20460901,0,108,140.30865786510145,0.0,7.615773105863909,0,148.0130163395686,0.0,2.316915988922119,7,0.8691528867625155,0.9979469776153564,0.0808
fire_dense,Dense/Heavy Fire,PPO,372,20460901,0,38,53.7401153701776,0.0,9.899494936611665,0,151.5712207407303,0.0,0.03806805610656738,7,0.8691528867625155,0.9979469776153564,0.0808
fire_dense,Dense/Heavy Fire,A*,373,20460902,1,58,77.05382386916237,0.8259111243440628,0.0,0,412.6093168573091,0.0,2.036888837814331,7,0.899186268019497,0.9870781898498535,0.0784
fire_dense,Dense/Heavy Fire,PPO,373,20460902,0,18,25.455844122715714,0.0,38.18376618407357,0,11.913392743583401,0.0,0.049890995025634766,7,0.899186268019497,0.9870781898498535,0.0784
fire_dense,Dense/Heavy Fire,A*,374,20460903,1,59,78.46803743153546,0.8110258952546863,0.0,0,402.39401512377907,0.0,2.214406967163086,7,0.8612504965402759,0.9436392188072205,0.0784
fire_dense,Dense/Heavy Fire,PPO,374,20460903,0,1,1.4142135623730951,0.0,62.22539674441618,1,-102.18108938089455,0.5602642893791199,0.024678707122802734,7,0.8612504965402759,0.9436392188072205,0.0784
fire_dense,Dense/Heavy Fire,A*,375,20460904,1,58,73.7401153701776,0.8630256406206651,0.0,0,413.40721797122865,0.0,2.0152792930603027,7,0.8773551426863169,0.9882023334503174,0.0756
fire_dense,Dense/Heavy Fire,PPO,375,20460904,0,2,2.8284271247461903,0.0,60.81118318204309,0,-95.54210888179612,0.0,0.01677703857421875,7,0.8773551426863169,0.9882023334503174,0.0756
fire_dense,Dense/Heavy Fire,A*,376,20460905,1,78,101.19595949289332,0.628875012655604,0.0,0,412.0297947562398,0.0,3.0878872871398926,7,0.858321173230442,0.9844900369644165,0.08
fire_dense,Dense/Heavy Fire,PPO,376,20460905,0,10,14.142135623730953,0.0,49.49747468305833,0,-49.23879820645002,0.0,0.08477330207824707,7,0.858321173230442,0.9844900369644165,0.08
fire_dense,Dense/Heavy Fire,A*,377,20460906,1,56,74.22539674441619,0.8573832286262147,0.0,0,410.7325679555862,0.0,2.0540401935577393,8,0.8558650178598881,0.9459542036056519,0.0804
fire_dense,Dense/Heavy Fire,PPO,377,20460906,0,16,22.627416997969522,0.0,41.012193308819754,0,1.3831499008929313,0.0,0.03624868392944336,8,0.8558650178598881,0.9459542036056519,0.0804
fire_dense,Dense/Heavy Fire,A*,378,20460907,1,52,71.88225099390856,0.885331349906978,0.0,0,411.91849733027004,0.0,1.8290328979492188,8,0.8815633488929965,0.9677739143371582,0.0884
fire_dense,Dense/Heavy Fire,PPO,378,20460907,0,12,16.970562748477143,0.0,46.66904755831214,0,-30.40818863232724,0.0,0.051721811294555664,8,0.8815633488929965,0.9677739143371582,0.0884
fire_dense,Dense/Heavy Fire,A*,379,20460908,1,62,82.71067811865474,0.7694243567377531,0.0,0,412.5590676437688,0.0,2.1775805950164795,6,0.8269324269112742,0.9713163375854492,0.0692
fire_dense,Dense/Heavy Fire,PPO,379,20460908,0,13,18.38477631085024,0.0,45.254833995939045,0,-19.529894546933065,0.0,0.03264784812927246,6,0.8269324269112742,0.9713163375854492,0.0692
fire_dense,Dense/Heavy Fire,A*,380,20460909,1,51,69.63961030678928,0.9138421370601058,0.0,0,410.04697405219736,0.0,1.9087250232696533,7,0.82250306188125,0.8782434463500977,0.0724
fire_dense,Dense/Heavy Fire,PPO,380,20460909,0,22,31.112698372208097,0.0,32.526911934581186,0,34.69131744416811,0.0,0.0427699089050293,7,0.82250306188125,0.8782434463500977,0.0724
fire_dense,Dense/Heavy Fire,A*,381,20460910,1,72,96.85281374238572,0.6570754926755283,0.0,0,409.93865371374784,0.0,2.396422863006592,6,0.870010470121469,0.9384686350822449,0.0696
fire_dense,Dense/Heavy Fire,PPO,381,20460910,0,6,8.485281374238571,0.0,55.154328932550705,0,-80.30926188281347,0.0,0.06696701049804688,6,0.870010470121469,0.9384686350822449,0.0696
fire_dense,Dense/Heavy Fire,A*,382,20460911,1,76,95.05382386916236,0.6695113117636021,0.0,0,410.623528676421,0.0,2.5393929481506348,8,0.9190291946038133,0.993897557258606,0.0904
fire_dense,Dense/Heavy Fire,PPO,382,20460911,0,1,1.4142135623730951,0.0,62.22539674441618,0,-102.72941873422707,0.0,0.029699087142944336,8,0.9190291946038133,0.993897557258606,0.0904
fire_dense,Dense/Heavy Fire,A*,383,20460912,1,62,80.22539674441617,0.7932601506419936,0.0,0,415.24710960756875,0.0,2.0708627700805664,7,0.8575180299584596,0.9073338508605957,0.0792
fire_dense,Dense/Heavy Fire,PPO,383,20460912,0,3,4.242640687119286,0.0,59.39696961966999,0,-88.6401182433105,0.0,0.0228884220123291,7,0.8575180299584596,0.9073338508605957,0.0792
fire_dense,Dense/Heavy Fire,A*,384,20460913,0,2,2.414213562373095,0.0,61.5223536610881,1,-106.97538661442509,0.3403695523738861,0.24361610412597656,6,0.809517666569373,0.8950508832931519,0.0632
fire_dense,Dense/Heavy Fire,PPO,384,20460913,0,2,2.8284271247461903,0.0,60.81118318204309,1,-103.8416947010778,0.5834906697273254,0.02192521095275879,6,0.809517666569373,0.8950508832931519,0.0632
fire_dense,Dense/Heavy Fire,A*,385,20460914,0,1,1.4142135623730951,0.0,62.22539674441618,1,-102.94671938768471,0.371553510427475,0.18826603889465332,7,0.873272662415913,0.9572757482528687,0.0776
fire_dense,Dense/Heavy Fire,PPO,385,20460914,0,1,1.4142135623730951,0.0,62.22539674441618,1,-102.94671938768471,0.371553510427475,0.0013070106506347656,7,0.873272662415913,0.9572757482528687,0.0776
fire_dense,Dense/Heavy Fire,A*,386,20460915,0,1,1.0,0.0,62.93647591023825,1,-106.16119276413593,0.43128031492233276,0.16371917724609375,7,0.8425655202602256,0.9068229794502258,0.0764
fire_dense,Dense/Heavy Fire,PPO,386,20460915,0,1,1.4142135623730951,0.0,62.22539674441618,1,-102.79371724477852,0.593010425567627,0.021069049835205078,7,0.8425655202602256,0.9068229794502258,0.0764
fire_dense,Dense/Heavy Fire,A*,387,20460916,1,78,101.19595949289331,0.6288750126556041,0.0,0,409.4268224336612,0.0,2.3095240592956543,7,0.9130573264554748,0.9861781597137451,0.0812
fire_dense,Dense/Heavy Fire,PPO,387,20460916,0,13,18.38477631085024,0.0,45.254833995939045,1,-39.75428207974528,0.3996012806892395,0.06568598747253418,7,0.9130573264554748,0.9861781597137451,0.0812
fire_dense,Dense/Heavy Fire,A*,388,20460917,1,82,108.5096679918781,0.5864879276153778,0.0,0,410.49429304039654,0.0,2.60866117477417,8,0.8804764560445,0.9830259680747986,0.0904
fire_dense,Dense/Heavy Fire,PPO,388,20460917,0,8,11.313708498984761,0.0,52.32590180780452,0,-54.19765792872723,0.0,0.020959854125976562,8,0.8804764560445,0.9830259680747986,0.0904
fire_dense,Dense/Heavy Fire,A*,389,20460918,1,112,145.96551211459382,0.43599073085721396,0.0,0,405.0010294892657,0.0,3.3453750610351562,8,0.8736303388743649,0.9709915518760681,0.0876
fire_dense,Dense/Heavy Fire,PPO,389,20460918,0,6,8.485281374238571,0.0,55.154328932550705,0,-69.61758884294915,0.0,0.0377810001373291,8,0.8736303388743649,0.9709915518760681,0.0876
fire_dense,Dense/Heavy Fire,A*,390,20460919,1,51,69.63961030678927,0.9138421370601059,0.0,0,407.72281795785295,0.0,1.8935980796813965,8,0.8554424782665624,0.9630545973777771,0.0892
fire_dense,Dense/Heavy Fire,PPO,390,20460919,0,12,16.970562748477143,0.0,46.66904755831214,0,-32.170267114963536,0.0,0.03881192207336426,8,0.8554424782665624,0.9630545973777771,0.0892
fire_dense,Dense/Heavy Fire,A*,391,20460920,1,61,82.95331880577403,0.7671737698137714,0.0,0,414.303760888926,0.0,2.033745050430298,6,0.8413000873430492,0.9417642951011658,0.0696
fire_dense,Dense/Heavy Fire,PPO,391,20460920,0,30,42.42640687119284,0.0,21.213203435596427,0,92.68634504408037,0.0,0.07086777687072754,6,0.8413000873430492,0.9417642951011658,0.0696
fire_dense,Dense/Heavy Fire,A*,392,20460921,1,66,85.88225099390857,0.7410100407277761,0.0,0,406.6043203595397,0.0,2.211186170578003,8,0.8469230026394527,0.9072169661521912,0.0872
fire_dense,Dense/Heavy Fire,PPO,392,20460921,0,3,4.242640687119286,0.0,59.39696961966999,0,-98.24482872738776,0.0,0.0720818042755127,8,0.8469230026394527,0.9072169661521912,0.0872
fire_dense,Dense/Heavy Fire,A*,393,20460922,1,50,67.39696961966999,0.944250322617115,0.0,0,412.47498609886566,0.0,2.061400890350342,8,0.8734897343585212,0.9989055395126343,0.0912
fire_dense,Dense/Heavy Fire,PPO,393,20460922,0,29,41.01219330881975,0.0,22.627416997969522,0,94.29927731635505,0.0,0.036097049713134766,8,0.8734897343585212,0.9989055395126343,0.0912
fire_dense,Dense/Heavy Fire,A*,394,20460923,1,75,101.095454429505,0.6295002150780765,0.0,0,409.8896454847075,0.0,2.490861177444458,7,0.8911306723919115,0.9894736409187317,0.0808
fire_dense,Dense/Heavy Fire,PPO,394,20460923,0,16,22.627416997969522,0.0,41.012193308819754,0,1.2378710660655088,0.0,0.04681706428527832,7,0.8911306723919115,0.9894736409187317,0.0808
fire_dense,Dense/Heavy Fire,A*,395,20460924,0,1,1.0,0.0,62.93647591023825,0,-106.13537262806568,0.0,0.22892212867736816,8,0.8702895843612046,0.9998172521591187,0.0924
fire_dense,Dense/Heavy Fire,PPO,395,20460924,0,1,1.4142135623730951,0.0,62.22539674441618,1,-103.03322241655434,0.6134825348854065,0.036917686462402344,8,0.8702895843612046,0.9998172521591187,0.0924
fire_dense,Dense/Heavy Fire,A*,396,20460925,1,59,78.46803743153546,0.8110258952546863,0.0,0,409.98521200098133,0.0,2.0241498947143555,8,0.9080929300459045,0.9853565096855164,0.0924
fire_dense,Dense/Heavy Fire,PPO,396,20460925,0,12,16.970562748477143,0.0,46.66904755831214,0,-31.168892989482885,0.0,0.03810310363769531,8,0.9080929300459045,0.9853565096855164,0.0924
fire_dense,Dense/Heavy Fire,A*,397,20460926,1,52,71.05382386916236,0.8956535600951537,0.0,0,412.3356156380177,0.0,1.7847239971160889,8,0.8998156583032801,0.9552364945411682,0.0872
fire_dense,Dense/Heavy Fire,PPO,397,20460926,0,26,36.76955262170047,0.0,26.870057685088806,0,71.90506660824629,0.0,0.03958582878112793,8,0.8998156583032801,0.9552364945411682,0.0872
fire_dense,Dense/Heavy Fire,A*,398,20460927,1,53,70.81118318204308,0.8987225950339376,0.0,0,411.2775088331047,0.0,1.8960139751434326,6,0.8835444648842045,0.93206787109375,0.0688
fire_dense,Dense/Heavy Fire,PPO,398,20460927,0,6,8.485281374238571,0.0,55.154328932550705,0,-68.21563053629353,0.0,0.024936199188232422,6,0.8835444648842045,0.93206787109375,0.0688
fire_dense,Dense/Heavy Fire,A*,399,20460928,1,101,132.06601717798216,0.48187725856094926,0.0,0,414.65968905852554,0.0,3.244626998901367,6,0.8758607786799475,0.9938178062438965,0.0696
fire_dense,Dense/Heavy Fire,PPO,399,20460928,0,26,36.76955262170047,0.0,26.870057685088806,0,67.14662480338309,0.0,0.04822516441345215,6,0.8758607786799475,0.9938178062438965,0.0696
fire_dense,Dense/Heavy Fire,A*,400,20460929,0,1,1.4142135623730951,0.0,62.22539674441618,0,-102.9563014303788,0.0,0.22815895080566406,6,0.8893342870508546,0.9613834023475647,0.0696
fire_dense,Dense/Heavy Fire,PPO,400,20460929,0,1,1.4142135623730951,0.0,62.22539674441618,0,-102.9563014303788,0.0,0.0011818408966064453,6,0.8893342870508546,0.9613834023475647,0.0696
fire_dense,Dense/Heavy Fire,A*,401,20460930,0,3,4.242640687119286,0.0,62.289646009589745,0,-120.22982788241319,0.0,0.20195794105529785,6,0.9044421205778997,0.9715951085090637,0.0684
fire_dense,Dense/Heavy Fire,PPO,401,20460930,0,1,1.4142135623730951,0.0,62.22539674441618,0,-102.97961697927559,0.0,0.024615049362182617,6,0.9044421205778997,0.9715951085090637,0.0684
fire_dense,Dense/Heavy Fire,A*,402,20460931,1,61,79.63961030678927,0.7990949486271408,0.0,0,408.5728775883792,0.0,1.8564701080322266,6,0.8714799727031778,0.9904125928878784,0.0604
fire_dense,Dense/Heavy Fire,PPO,402,20460931,0,2,2.8284271247461903,0.0,60.81118318204309,1,-104.67947016990409,0.61386638879776,0.0524601936340332,6,0.8714799727031778,0.9904125928878784,0.0604
fire_dense,Dense/Heavy Fire,A*,403,20460932,1,54,71.39696961966997,0.8913488996213149,0.0,0,411.8428211470206,0.0,1.9086880683898926,7,0.8750131926975427,0.9854167103767395,0.0812
fire_dense,Dense/Heavy Fire,PPO,403,20460932,0,17,24.041630560342618,0.0,39.59797974644666,0,9.282833416558333,0.0,0.02526116371154785,7,0.8750131926975427,0.9854167103767395,0.0812
fire_dense,Dense/Heavy Fire,A*,404,20460933,1,122,159.27922061357862,0.3995474743135702,0.0,0,413.0428694238022,0.0,3.5110108852386475,8,0.8779001032069338,0.9971771836280823,0.0884
fire_dense,Dense/Heavy Fire,PPO,404,20460933,0,23,32.52691193458119,0.0,31.11269837220809,0,51.537763679333054,0.0,0.035694122314453125,8,0.8779001032069338,0.9971771836280823,0.0884
fire_dense,Dense/Heavy Fire,A*,405,20460934,1,56,74.22539674441619,0.8573832286262147,0.0,0,413.7224206961756,0.0,1.980128288269043,8,0.9003614897641437,0.9346014261245728,0.0908
fire_dense,Dense/Heavy Fire,PPO,405,20460934,0,8,11.313708498984761,0.0,52.32590180780452,0,-54.161168258962526,0.0,0.026643991470336914,8,0.9003614897641437,0.9346014261245728,0.0908
fire_dense,Dense/Heavy Fire,A*,406,20460935,1,55,73.63961030678927,0.8642035182106602,0.0,0,412.02052439807585,0.0,2.077946186065674,7,0.8583380978193945,0.915347695350647,0.08
fire_dense,Dense/Heavy Fire,PPO,406,20460935,0,22,31.112698372208097,0.0,32.526911934581186,0,35.16860876886196,0.0,0.07374286651611328,7,0.8583380978193945,0.915347695350647,0.08
fire_dense,Dense/Heavy Fire,A*,407,20460936,1,60,78.22539674441617,0.8135415473150919,0.0,0,405.9809756778209,0.0,2.3537538051605225,6,0.9015626882397921,0.9713984131813049,0.0656
fire_dense,Dense/Heavy Fire,PPO,407,20460936,0,1,1.4142135623730951,0.0,62.22539674441618,0,-102.66881392351235,0.0,0.025994300842285156,6,0.9015626882397921,0.9713984131813049,0.0656
fire_dense,Dense/Heavy Fire,A*,408,20460937,1,52,69.39696961966999,0.9170373094901131,0.0,0,413.20154820790805,0.0,1.9723899364471436,8,0.8876145533584449,0.9935275316238403,0.0852
fire_dense,Dense/Heavy Fire,PPO,408,20460937,0,29,41.01219330881975,0.0,22.627416997969522,0,87.32584578356668,0.0,0.06522178649902344,8,0.8876145533584449,0.9935275316238403,0.0852
fire_dense,Dense/Heavy Fire,A*,409,20460938,0,109,150.4213562373096,0.0,4.123105625617661,0,194.6018927901696,0.0,2.413268804550171,6,0.8736723888531069,0.9313099384307861,0.062
fire_dense,Dense/Heavy Fire,PPO,409,20460938,0,41,57.982756057296896,0.0,5.656854249492381,0,181.87097894097863,0.0,0.04487299919128418,6,0.8736723888531069,0.9313099384307861,0.062
fire_dense,Dense/Heavy Fire,A*,410,20460939,1,61,78.81118318204307,0.8074946693769395,0.0,0,410.5501743642231,0.0,2.0043301582336426,6,0.8710794292283471,0.9448463916778564,0.0692
fire_dense,Dense/Heavy Fire,PPO,410,20460939,0,5,7.0710678118654755,0.0,56.568542494923804,0,-79.39158937026767,0.0,0.026477813720703125,6,0.8710794292283471,0.9448463916778564,0.0692
fire_dense,Dense/Heavy Fire,A*,411,20460940,0,141,176.20815280171308,0.0,30.23243291566195,0,23.326728473609037,0.0,2.181486129760742,7,0.85052066356953,0.9301124215126038,0.0808
fire_dense,Dense/Heavy Fire,PPO,411,20460940,0,4,5.656854249492381,0.0,57.982756057296896,0,-90.33176729478714,0.0,0.029625654220581055,7,0.85052066356953,0.9301124215126038,0.0808
fire_dense,Dense/Heavy Fire,A*,412,20460941,1,50,68.22539674441619,0.9327847596869824,0.0,0,410.2739674596996,0.0,1.8724069595336914,7,0.8658517326357347,0.9581361413002014,0.074
fire_dense,Dense/Heavy Fire,PPO,412,20460941,0,16,22.627416997969522,0.0,41.012193308819754,0,-20.20558096942841,0.0,0.054498910903930664,7,0.8658517326357347,0.9581361413002014,0.074
fire_dense,Dense/Heavy Fire,A*,413,20460942,1,98,126.99494936611667,0.5011192226497226,0.0,0,378.5503877481862,0.0,2.2510130405426025,8,0.878175880020669,0.990558922290802,0.0896
fire_dense,Dense/Heavy Fire,PPO,413,20460942,0,2,2.8284271247461903,0.0,60.81118318204309,0,-96.09434710773301,0.0,0.011438131332397461,8,0.878175880020669,0.990558922290802,0.0896
fire_dense,Dense/Heavy Fire,A*,414,20460943,1,63,80.81118318204308,0.7875099435610111,0.0,0,411.14295526599506,0.0,2.140866994857788,8,0.8624575774204278,0.9767196178436279,0.0792
fire_dense,Dense/Heavy Fire,PPO,414,20460943,0,8,11.313708498984761,0.0,52.32590180780452,0,-61.708975866201136,0.0,0.05680704116821289,8,0.8624575774204278,0.9767196178436279,0.0792
fire_dense,Dense/Heavy Fire,A*,415,20460944,0,2,2.8284271247461903,0.0,62.24146527838174,0,-110.72224231041494,0.0,0.20465779304504395,7,0.908080237438872,0.9947773814201355,0.0812
fire_dense,Dense/Heavy Fire,PPO,415,20460944,0,1,1.4142135623730951,0.0,62.22539674441618,0,-102.2657679115876,0.0,0.020823955535888672,7,0.908080237438872,0.9947773814201355,0.0812
fire_dense,Dense/Heavy Fire,A*,416,20460945,1,58,74.5685424949238,0.8534377658128627,0.0,0,415.54067276143127,0.0,1.8904049396514893,8,0.8781476755316224,0.9699311256408691,0.0884
fire_dense,Dense/Heavy Fire,PPO,416,20460945,0,31,43.84062043356593,0.0,19.79898987322333,0,109.0216777271169,0.0,0.05061674118041992,8,0.8781476755316224,0.9699311256408691,0.0884
fire_dense,Dense/Heavy Fire,A*,417,20460946,1,60,79.05382386916236,0.8050162179645567,0.0,0,411.2340661526638,0.0,2.016272783279419,8,0.8359231000963383,0.9261850714683533,0.0884
fire_dense,Dense/Heavy Fire,PPO,417,20460946,0,6,8.485281374238571,0.0,55.154328932550705,0,-76.70314539352836,0.0,0.03304290771484375,8,0.8359231000963383,0.9261850714683533,0.0884
fire_dense,Dense/Heavy Fire,A*,418,20460947,1,60,77.39696961966999,0.8222493802989367,0.0,0,413.6168147023418,0.0,1.9778759479522705,6,0.9314364330038155,0.9883256554603577,0.0568
fire_dense,Dense/Heavy Fire,PPO,418,20460947,0,9,12.727922061357857,0.0,50.91168824543142,0,-51.400092215783936,0.0,0.051003217697143555,6,0.9314364330038155,0.9883256554603577,0.0568
fire_dense,Dense/Heavy Fire,A*,419,20460948,1,109,136.75230867899745,0.4653640653056347,0.0,0,415.3196082476561,0.0,2.7220211029052734,6,0.8528540368188234,0.9014703035354614,0.0692
fire_dense,Dense/Heavy Fire,PPO,419,20460948,0,5,7.0710678118654755,0.0,56.568542494923804,0,-75.37215925351339,0.0,0.04979205131530762,6,0.8528540368188234,0.9014703035354614,0.0692
fire_dense,Dense/Heavy Fire,A*,420,20460949,1,51,69.63961030678927,0.9138421370601059,0.0,0,412.03654054192043,0.0,1.9858191013336182,8,0.8963109175078448,0.97797691822052,0.0896
fire_dense,Dense/Heavy Fire,PPO,420,20460949,0,6,8.485281374238571,0.0,55.154328932550705,0,-68.26739845899857,0.0,0.025002002716064453,8,0.8963109175078448,0.97797691822052,0.0896
fire_dense,Dense/Heavy Fire,A*,421,20460950,1,59,76.81118318204308,0.8285201147854073,0.0,0,409.70949801436706,0.0,2.105262041091919,6,0.9064702645896952,0.9911850690841675,0.058
fire_dense,Dense/Heavy Fire,PPO,421,20460950,0,8,11.313708498984761,0.0,52.32590180780452,0,-57.70382265479312,0.0,0.026731014251708984,6,0.9064702645896952,0.9911850690841675,0.058
fire_dense,Dense/Heavy Fire,A*,422,20460951,1,55,73.63961030678927,0.8642035182106602,0.0,0,412.5785582812474,0.0,2.142972946166992,7,0.81463704662942,0.85545414686203,0.076
fire_dense,Dense/Heavy Fire,PPO,422,20460951,0,10,14.142135623730953,0.0,49.49747468305833,2,-63.692661789739624,1.3769097328186035,0.11071181297302246,7,0.81463704662942,0.85545414686203,0.076
fire_dense,Dense/Heavy Fire,A*,423,20460952,1,52,71.05382386916236,0.8956535600951537,0.0,0,413.850512474326,0.0,1.8355998992919922,6,0.8432675451800943,0.9526008367538452,0.062
fire_dense,Dense/Heavy Fire,PPO,423,20460952,0,32,45.254833995939045,0.0,18.384776310850235,0,109.74533199762388,0.0,0.06616902351379395,6,0.8432675451800943,0.9526008367538452,0.062
fire_dense,Dense/Heavy Fire,A*,424,20460953,1,51,68.81118318204308,0.9248440059289175,0.0,0,413.71320223261785,0.0,1.9857606887817383,6,0.9298551712600402,0.9993310570716858,0.0688
fire_dense,Dense/Heavy Fire,PPO,424,20460953,0,29,41.01219330881975,0.0,22.627416997969522,0,80.28139734239576,0.0,0.08350086212158203,6,0.9298551712600402,0.9993310570716858,0.0688
fire_dense,Dense/Heavy Fire,A*,425,20460954,1,55,75.29646455628163,0.8451872299956495,0.0,0,406.68292059271425,0.0,2.3288121223449707,8,0.9155733936063115,0.9789680242538452,0.08
fire_dense,Dense/Heavy Fire,PPO,425,20460954,0,7,9.899494936611667,0.0,53.74011537017761,0,-70.97843163458819,0.0,0.031054019927978516,8,0.9155733936063115,0.9789680242538452,0.08
fire_dense,Dense/Heavy Fire,A*,426,20460955,1,57,72.32590180780451,0.8799006817212209,0.0,0,412.18756832940363,0.0,1.9877338409423828,7,0.9061693046317559,0.9872061610221863,0.0808
fire_dense,Dense/Heavy Fire,PPO,426,20460955,0,21,29.698484809835,0.0,33.94112549695428,0,29.145658945713734,0.0,0.06544089317321777,7,0.9061693046317559,0.9872061610221863,0.0808
fire_dense,Dense/Heavy Fire,A*,427,20460956,1,62,81.05382386916236,0.7851524736145302,0.0,0,412.57848247567506,0.0,2.1752567291259766,7,0.8974738294465059,0.9974876642227173,0.0804
fire_dense,Dense/Heavy Fire,PPO,427,20460956,0,3,4.242640687119286,0.0,59.39696961966999,0,-89.2276139407108,0.0,0.025886058807373047,7,0.8974738294465059,0.9974876642227173,0.0804
fire_dense,Dense/Heavy Fire,A*,428,20460957,1,64,79.74011537017762,0.7980877631209217,0.0,0,411.4123693716765,0.0,1.9137380123138428,7,0.8895227073054536,0.9950942993164062,0.0808
fire_dense,Dense/Heavy Fire,PPO,428,20460957,0,2,2.8284271247461903,0.0,60.81118318204309,0,-96.05518268379045,0.0,0.026124954223632812,7,0.8895227073054536,0.9950942993164062,0.0808
fire_dense,Dense/Heavy Fire,A*,429,20460958,1,61,82.95331880577403,0.7671737698137714,0.0,0,415.13658305310173,0.0,2.1092939376831055,6,0.8524762821076496,0.9595880508422852,0.0696
fire_dense,Dense/Heavy Fire,PPO,429,20460958,0,23,32.52691193458119,0.0,31.11269837220809,0,51.29978517341969,0.0,0.03739285469055176,6,0.8524762821076496,0.9595880508422852,0.0696
fire_dense,Dense/Heavy Fire,A*,430,20460959,1,65,83.6396103067893,0.7608788476340312,0.0,0,407.31367405990585,0.0,2.2262349128723145,6,0.8892417824756994,0.9908060431480408,0.0564
fire_dense,Dense/Heavy Fire,PPO,430,20460959,0,5,7.0710678118654755,0.0,56.568542494923804,0,-75.37063874812694,0.0,0.029827117919921875,6,0.8892417824756994,0.9908060431480408,0.0564
fire_dense,Dense/Heavy Fire,A*,431,20460960,1,53,69.98275605729688,0.9093613040144591,0.0,0,411.4718577186953,0.0,1.8673269748687744,6,0.8585908196524579,0.967676043510437,0.0632
fire_dense,Dense/Heavy Fire,PPO,431,20460960,0,3,4.242640687119286,0.0,59.39696961966999,0,-89.2532482999008,0.0,0.022365808486938477,6,0.8585908196524579,0.967676043510437,0.0632
fire_dense,Dense/Heavy Fire,A*,432,20460961,1,103,129.9238815542512,0.4898222678192987,0.0,0,415.00010749495164,0.0,2.655290126800537,6,0.8597213424771807,0.954439640045166,0.0672
fire_dense,Dense/Heavy Fire,PPO,432,20460961,0,9,12.727922061357857,0.0,50.91168824543142,0,-48.77942530084338,0.0,0.03880000114440918,6,0.8597213424771807,0.954439640045166,0.0672
fire_dense,Dense/Heavy Fire,A*,433,20460962,1,78,102.02438661763951,0.6237686147067343,0.0,0,403.3143892796535,0.0,1.9374511241912842,8,0.8458842797900117,0.920657217502594,0.09
fire_dense,Dense/Heavy Fire,PPO,433,20460962,0,4,5.656854249492381,0.0,57.982756057296896,0,-83.90820065536377,0.0,0.02912592887878418,8,0.8458842797900117,0.920657217502594,0.09
fire_dense,Dense/Heavy Fire,A*,434,20460963,1,65,84.46803743153548,0.7534164666531004,0.0,0,409.5037953923085,0.0,2.072869062423706,7,0.8416206708167335,0.9491825103759766,0.0808
fire_dense,Dense/Heavy Fire,PPO,434,20460963,0,1,1.4142135623730951,0.0,62.22539674441618,0,-102.97071919790352,0.0,0.018967866897583008,7,0.8416206708167335,0.9491825103759766,0.0808
fire_dense,Dense/Heavy Fire,A*,435,20460964,1,59,76.81118318204308,0.8285201147854073,0.0,0,413.3033596620483,0.0,1.9711520671844482,7,0.862611734260558,0.9827461242675781,0.0764
fire_dense,Dense/Heavy Fire,PPO,435,20460964,0,21,29.698484809835,0.0,33.94112549695428,0,37.2290525740967,0.0,0.03306078910827637,7,0.862611734260558,0.9827461242675781,0.0764
fire_dense,Dense/Heavy Fire,A*,436,20460965,1,84,105.53910524340095,0.6029955452059177,0.0,0,410.86771632947557,0.0,3.0448362827301025,6,0.8673700013774902,0.9904990792274475,0.0616
fire_dense,Dense/Heavy Fire,PPO,436,20460965,0,4,5.656854249492381,0.0,57.982756057296896,0,-89.74783310689804,0.0,0.05448293685913086,6,0.8673700013774902,0.9904990792274475,0.0616
fire_dense,Dense/Heavy Fire,A*,437,20460966,1,62,80.22539674441616,0.7932601506419937,0.0,0,408.60664218773996,0.0,1.982184886932373,8,0.8647572881971972,0.9762579798698425,0.0836
fire_dense,Dense/Heavy Fire,PPO,437,20460966,0,7,9.899494936611667,0.0,53.74011537017761,0,-61.09376513010475,0.0,0.026772022247314453,8,0.8647572881971972,0.9762579798698425,0.0836
fire_dense,Dense/Heavy Fire,A*,438,20460967,0,120,157.6934341759517,0.0,9.219544457292887,0,157.12957265508368,0.0,2.429095983505249,6,0.8562192858102783,0.969579815864563,0.0672
fire_dense,Dense/Heavy Fire,PPO,438,20460967,0,18,25.455844122715714,0.0,38.18376618407357,0,10.53434956453627,0.0,0.05227398872375488,6,0.8562192858102783,0.969579815864563,0.0672
fire_dense,Dense/Heavy Fire,A*,439,20460968,1,79,101.78174593052023,0.6252556362142963,0.0,0,412.685911914304,0.0,2.2116379737854004,8,0.8781337720088263,0.9663698673248291,0.0924
fire_dense,Dense/Heavy Fire,PPO,439,20460968,0,12,16.970562748477143,0.0,46.66904755831214,0,-40.857959511592775,0.0,0.05110812187194824,8,0.8781337720088263,0.9663698673248291,0.0924
fire_dense,Dense/Heavy Fire,A*,440,20460969,1,57,71.49747468305833,0.8900959172180244,0.0,0,411.9645702628069,0.0,1.8647260665893555,6,0.9288985751223948,0.9950051307678223,0.0692
fire_dense,Dense/Heavy Fire,PPO,440,20460969,0,2,2.8284271247461903,0.0,60.81118318204309,0,-100.34701983964668,0.0,0.04526495933532715,6,0.9288985751223948,0.9950051307678223,0.0692
fire_dense,Dense/Heavy Fire,A*,441,20460970,1,80,102.36753236814715,0.6216776827043209,0.0,0,417.14942426981963,0.0,2.3914077281951904,6,0.8504139708487041,0.9868937134742737,0.0692
fire_dense,Dense/Heavy Fire,PPO,441,20460970,0,28,39.597979746446654,0.0,24.041630560342615,0,74.88412275563186,0.0,0.0956118106842041,6,0.8504139708487041,0.9868937134742737,0.0692
fire_dense,Dense/Heavy Fire,A*,442,20460971,1,174,220.39191898578665,0.2887565506015376,0.0,0,397.0869388945735,0.0,4.1539788246154785,8,0.8590167920562036,0.9307022094726562,0.0928
fire_dense,Dense/Heavy Fire,PPO,442,20460971,0,10,14.142135623730953,0.0,49.49747468305833,0,-49.22581771506916,0.0,0.04548311233520508,8,0.8590167920562036,0.9307022094726562,0.0928
fire_dense,Dense/Heavy Fire,A*,443,20460972,1,76,96.71067811865474,0.6580411961201386,0.0,0,413.0784215603828,0.0,2.321934700012207,7,0.8291485872209625,0.9856063723564148,0.0716
fire_dense,Dense/Heavy Fire,PPO,443,20460972,0,10,14.142135623730953,0.0,49.49747468305833,0,-40.23284271848102,0.0,0.01717209815979004,7,0.8291485872209625,0.9856063723564148,0.0716
fire_dense,Dense/Heavy Fire,A*,444,20460973,0,12,14.899494936611667,0.0,56.61271941887264,0,-98.8359477360756,0.0,0.38927197456359863,8,0.914181127555383,0.9931171536445618,0.0908
fire_dense,Dense/Heavy Fire,PPO,444,20460973,0,1,1.4142135623730951,0.0,62.22539674441618,1,-102.75374875417793,0.395634263753891,0.024906158447265625,8,0.914181127555383,0.9931171536445618,0.0908
fire_dense,Dense/Heavy Fire,A*,445,20460974,0,2,2.414213562373095,0.0,62.93647591023825,0,-114.23773001926676,0.0,0.20047330856323242,8,0.8404719526655146,0.910807192325592,0.0928
fire_dense,Dense/Heavy Fire,PPO,445,20460974,0,1,1.4142135623730951,0.0,62.22539674441618,0,-102.78856621137703,0.0,0.01330876350402832,8,0.8404719526655146,0.910807192325592,0.0928
fire_dense,Dense/Heavy Fire,A*,446,20460975,1,62,80.22539674441617,0.7932601506419936,0.0,0,413.4398333788999,0.0,2.2022619247436523,8,0.8590508101251927,0.9380034804344177,0.086
fire_dense,Dense/Heavy Fire,PPO,446,20460975,0,19,26.87005768508881,0.0,36.76955262170047,0,23.627557361935544,0.0,0.02368474006652832,8,0.8590508101251927,0.9380034804344177,0.086
fire_dense,Dense/Heavy Fire,A*,447,20460976,1,61,78.81118318204308,0.8074946693769394,0.0,0,411.1999385016839,0.0,2.028669834136963,7,0.8944412065586652,0.9956429600715637,0.0784
fire_dense,Dense/Heavy Fire,PPO,447,20460976,0,1,1.4142135623730951,0.0,62.22539674441618,0,-102.93260202756966,0.0,0.021579742431640625,7,0.8944412065586652,0.9956429600715637,0.0784
fire_dense,Dense/Heavy Fire,A*,448,20460977,1,60,78.22539674441617,0.8135415473150919,0.0,0,410.04427834324224,0.0,2.102592945098877,6,0.8953726434201447,0.9949121475219727,0.0688
fire_dense,Dense/Heavy Fire,PPO,448,20460977,0,2,2.8284271247461903,0.0,60.81118318204309,0,-102.89400051868186,0.0,0.03751516342163086,6,0.8953726434201447,0.9949121475219727,0.0688
fire_dense,Dense/Heavy Fire,A*,449,20460978,0,12,13.656854249492381,0.0,59.413803110051795,0,-131.19715576760515,0.0,0.32810068130493164,7,0.8775234364479304,0.9916843771934509,0.0764
fire_dense,Dense/Heavy Fire,PPO,449,20460978,0,1,1.4142135623730951,0.0,62.22539674441618,0,-102.8909926210984,0.0,0.013659238815307617,7,0.8775234364479304,0.9916843771934509,0.0764
fire_dense,Dense/Heavy Fire,A*,450,20460979,1,51,69.63961030678927,0.9138421370601059,0.0,0,409.7335672999515,0.0,1.9087791442871094,7,0.8940484881984136,0.9789127111434937,0.0756
fire_dense,Dense/Heavy Fire,PPO,450,20460979,0,6,8.485281374238571,0.0,55.154328932550705,0,-67.61929591193513,0.0,0.02124500274658203,7,0.8940484881984136,0.9789127111434937,0.0756
fire_dense,Dense/Heavy Fire,A*,451,20460980,1,72,94.36753236814714,0.6743803584745448,0.0,0,409.1395220405058,0.0,2.3446338176727295,8,0.8845963732638324,0.9898385405540466,0.0868
fire_dense,Dense/Heavy Fire,PPO,451,20460980,0,7,9.899494936611667,0.0,53.74011537017761,0,-60.74013175588889,0.0,0.018162965774536133,8,0.8845963732638324,0.9898385405540466,0.0868
fire_dense,Dense/Heavy Fire,A*,452,20460981,1,66,84.22539674441617,0.75558694605981,0.0,0,412.3389410571169,0.0,2.1145379543304443,6,0.8413888696659572,0.9258265495300293,0.0652
fire_dense,Dense/Heavy Fire,PPO,452,20460981,0,1,1.4142135623730951,0.0,62.22539674441618,0,-102.56703660837258,0.0,0.031058788299560547,6,0.8413888696659572,0.9258265495300293,0.0652
fire_dense,Dense/Heavy Fire,A*,453,20460982,1,69,92.61017305526642,0.6871773176453461,0.0,0,411.1883339454085,0.0,2.566528081893921,6,0.8850475120381311,0.972845196723938,0.0632
fire_dense,Dense/Heavy Fire,PPO,453,20460982,0,8,11.313708498984761,0.0,52.32590180780452,0,-54.36138003793004,0.0,0.015583992004394531,6,0.8850475120381311,0.972845196723938,0.0632
fire_dense,Dense/Heavy Fire,A*,454,20460983,0,173,215.24978336205572,0.0,19.1049731745428,0,107.55552155814958,0.0,3.1040709018707275,7,0.890091841082832,0.9563438892364502,0.0812
fire_dense,Dense/Heavy Fire,PPO,454,20460983,0,6,8.485281374238571,0.0,55.154328932550705,0,-73.45340056912966,0.0,0.025265216827392578,7,0.890091841082832,0.9563438892364502,0.0812
fire_dense,Dense/Heavy Fire,A*,455,20460984,1,74,98.85281374238572,0.6437814756860294,0.0,0,408.94968766116716,0.0,2.1680471897125244,8,0.8498497499673627,0.9817054867744446,0.0848
fire_dense,Dense/Heavy Fire,PPO,455,20460984,0,5,7.0710678118654755,0.0,56.568542494923804,0,-86.06104777981719,0.0,0.0605158805847168,8,0.8498497499673627,0.9817054867744446,0.0848
fire_dense,Dense/Heavy Fire,A*,456,20460985,1,45,63.639610306789265,1.0000000000000002,0.0,0,413.2278192154257,0.0,1.9102680683135986,7,0.8102774683984857,0.8558340668678284,0.0756
fire_dense,Dense/Heavy Fire,PPO,456,20460985,1,45,63.639610306789265,1.0000000000000002,0.0,0,413.2278192154257,0.0,0.03836989402770996,7,0.8102774683984857,0.8558340668678284,0.0756
fire_dense,Dense/Heavy Fire,A*,457,20460986,1,65,86.12489168102786,0.7389223842798541,0.0,0,407.32523474879036,0.0,2.1399269104003906,6,0.8635528282810337,0.9587100744247437,0.0688
fire_dense,Dense/Heavy Fire,PPO,457,20460986,0,7,9.899494936611667,0.0,53.74011537017761,0,-66.42698178578357,0.0,0.05831718444824219,6,0.8635528282810337,0.9587100744247437,0.0688
fire_dense,Dense/Heavy Fire,A*,458,20460987,1,76,101.68124086713189,0.6258736593306127,0.0,0,412.1783863547268,0.0,2.5717477798461914,6,0.8869564800900012,0.9251714944839478,0.0692
fire_dense,Dense/Heavy Fire,PPO,458,20460987,0,12,16.970562748477143,0.0,46.66904755831214,0,-34.038508544292455,0.0,0.027990102767944336,6,0.8869564800900012,0.9251714944839478,0.0692
fire_dense,Dense/Heavy Fire,A*,459,20460988,1,56,73.39696961966999,0.8670604608958434,0.0,0,407.00402949462256,0.0,1.972099781036377,8,0.885964389284964,0.9882907271385193,0.09
fire_dense,Dense/Heavy Fire,PPO,459,20460988,0,4,5.656854249492381,0.0,57.982756057296896,0,-83.68645826377747,0.0,0.02652907371520996,8,0.885964389284964,0.9882907271385193,0.09
fire_dense,Dense/Heavy Fire,A*,460,20460989,1,45,63.639610306789265,1.0000000000000002,0.0,0,413.1998122353406,0.0,1.758735179901123,6,0.8641742245218994,0.9133899211883545,0.0616
fire_dense,Dense/Heavy Fire,PPO,460,20460989,1,45,63.639610306789265,1.0000000000000002,0.0,0,413.1998122353406,0.0,0.03641819953918457,6,0.8641742245218994,0.9133899211883545,0.0616
fire_dense,Dense/Heavy Fire,A*,461,20460990,1,58,75.39696961966999,0.844060585296874,0.0,0,409.37407094750245,0.0,2.011625051498413,8,0.8497042436494167,0.9901014566421509,0.0892
fire_dense,Dense/Heavy Fire,PPO,461,20460990,0,3,4.242640687119286,0.0,59.39696961966999,0,-88.89434883260441,0.0,0.027544021606445312,8,0.8497042436494167,0.9901014566421509,0.0892
fire_dense,Dense/Heavy Fire,A*,462,20460991,1,64,81.39696961966999,0.7818425010678831,0.0,0,409.88947990038287,0.0,2.1470251083374023,8,0.8677131957822979,0.9735473990440369,0.0848
fire_dense,Dense/Heavy Fire,PPO,462,20460991,0,9,12.727922061357857,0.0,50.91168824543142,0,-47.19171204794575,0.0,0.035204172134399414,8,0.8677131957822979,0.9735473990440369,0.0848
fire_dense,Dense/Heavy Fire,A*,463,20460992,0,2,2.414213562373095,0.0,62.96824596572466,0,-113.4206816581097,0.0,0.20785307884216309,7,0.8366275816263791,0.8947750329971313,0.0804
fire_dense,Dense/Heavy Fire,PPO,463,20460992,0,1,1.4142135623730951,0.0,62.22539674441618,0,-102.62963817468727,0.0,0.020927906036376953,7,0.8366275816263791,0.8947750329971313,0.0804
fire_dense,Dense/Heavy Fire,A*,464,20460993,1,69,93.43860018001261,0.6810847999026679,0.0,0,412.357451312066,0.0,2.8745341300964355,6,0.8952815742911611,0.9875082969665527,0.064
fire_dense,Dense/Heavy Fire,PPO,464,20460993,0,21,29.698484809835,0.0,33.94112549695428,0,37.17876632355532,0.0,0.06136608123779297,6,0.8952815742911611,0.9875082969665527,0.064
fire_dense,Dense/Heavy Fire,A*,465,20460994,1,74,97.19595949289334,0.6547557186411891,0.0,0,412.91498516172425,0.0,2.602871894836426,8,0.8567567757904933,0.9952278137207031,0.084
fire_dense,Dense/Heavy Fire,PPO,465,20460994,0,7,9.899494936611667,0.0,53.74011537017761,0,-65.27406423535112,0.0,0.03409695625305176,8,0.8567567757904933,0.9952278137207031,0.084
fire_dense,Dense/Heavy Fire,A*,466,20460995,1,67,90.61017305526643,0.7023450917368095,0.0,0,411.0829288370027,0.0,2.2815418243408203,7,0.8799672565934874,0.9596596956253052,0.0792
fire_dense,Dense/Heavy Fire,PPO,466,20460995,0,12,16.970562748477143,0.0,46.66904755831214,0,-40.123454580652634,0.0,0.04489922523498535,7,0.8799672565934874,0.9596596956253052,0.0792
fire_dense,Dense/Heavy Fire,A*,467,20460996,0,178,228.53405460951763,0.0,22.090722034374522,0,64.32300493256736,0.0,3.9754281044006348,8,0.8889296967564975,0.9862118363380432,0.0924
fire_dense,Dense/Heavy Fire,PPO,467,20460996,0,10,14.142135623730953,0.0,49.49747468305833,0,-41.76968949033867,0.0,0.039350032806396484,8,0.8889296967564975,0.9862118363380432,0.0924
fire_dense,Dense/Heavy Fire,A*,468,20460997,1,59,79.29646455628166,0.8025529342688446,0.0,0,409.00279045733515,0.0,1.8990228176116943,7,0.8765614398613863,0.9947032332420349,0.0768
fire_dense,Dense/Heavy Fire,PPO,468,20460997,0,1,1.4142135623730951,0.0,62.22539674441618,0,-102.91342602125252,0.0,0.02514791488647461,7,0.8765614398613863,0.9947032332420349,0.0768
fire_dense,Dense/Heavy Fire,A*,469,20460998,1,53,69.98275605729688,0.9093613040144591,0.0,0,410.61329630527916,0.0,1.8705110549926758,8,0.8631684702631338,0.9794416427612305,0.0864
fire_dense,Dense/Heavy Fire,PPO,469,20460998,0,5,7.0710678118654755,0.0,56.568542494923804,0,-76.75622872591921,0.0,0.028052091598510742,8,0.8631684702631338,0.9794416427612305,0.0864
fire_dense,Dense/Heavy Fire,A*,470,20460999,1,49,68.46803743153548,0.9294791072465838,0.0,0,408.66809341999306,0.0,1.8618528842926025,7,0.9074681467404793,0.9757602214813232,0.0804
fire_dense,Dense/Heavy Fire,PPO,470,20460999,0,6,8.485281374238571,0.0,55.154328932550705,0,-68.38111479610808,0.0,0.02083420753479004,7,0.9074681467404793,0.9757602214813232,0.0804
fire_dense,Dense/Heavy Fire,A*,471,20461000,1,56,75.05382386916239,0.847919626556657,0.0,0,411.9876465647418,0.0,1.9127249717712402,7,0.8723251681051781,0.994024932384491,0.0808
fire_dense,Dense/Heavy Fire,PPO,471,20461000,0,14,19.798989873223334,0.0,43.840620433565945,0,-11.971769066647084,0.0,0.02869391441345215,7,0.8723251681051781,0.994024932384491,0.0808
fire_dense,Dense/Heavy Fire,A*,472,20461001,1,69,88.46803743153546,0.7193514421074316,0.0,0,412.9322894484144,0.0,2.132183790206909,6,0.9266884995815178,0.9988409280776978,0.0688
fire_dense,Dense/Heavy Fire,PPO,472,20461001,0,8,11.313708498984761,0.0,52.32590180780452,0,-75.09160142871835,0.0,0.03942990303039551,6,0.9266884995815178,0.9988409280776978,0.0688
fire_dense,Dense/Heavy Fire,A*,473,20461002,0,183,234.3624817342638,0.0,24.020824298928627,0,54.01291652859098,0.0,3.6032891273498535,8,0.8942297466590637,0.9753971695899963,0.0916
fire_dense,Dense/Heavy Fire,PPO,473,20461002,0,26,36.76955262170047,0.0,26.870057685088806,0,63.63879860665254,0.0,0.1056969165802002,8,0.8942297466590637,0.9753971695899963,0.0916
fire_dense,Dense/Heavy Fire,A*,474,20461003,1,81,102.95331880577405,0.6181404450579023,0.0,0,409.80345084867594,0.0,2.480929136276245,7,0.8930199575693809,0.9683797955513,0.0812
fire_dense,Dense/Heavy Fire,PPO,474,20461003,0,8,11.313708498984761,0.0,52.32590180780452,0,-63.04287439887886,0.0,0.06067919731140137,7,0.8930199575693809,0.9683797955513,0.0812
fire_dense,Dense/Heavy Fire,A*,475,20461004,0,120,156.4507934888324,0.0,10.0,0,127.49053970949468,0.0,2.5786921977996826,7,0.9075638508373304,0.9994627237319946,0.0788
fire_dense,Dense/Heavy Fire,PPO,475,20461004,0,7,9.899494936611667,0.0,53.74011537017761,0,-61.377611161229744,0.0,0.03060007095336914,7,0.9075638508373304,0.9994627237319946,0.0788
fire_dense,Dense/Heavy Fire,A*,476,20461005,1,74,96.36753236814714,0.6603843508586551,0.0,0,412.15177182085506,0.0,2.362537145614624,7,0.8287084781938853,0.9598286151885986,0.0756
fire_dense,Dense/Heavy Fire,PPO,476,20461005,0,4,5.656854249492381,0.0,57.982756057296896,0,-82.30099195494336,0.0,0.01767110824584961,7,0.8287084781938853,0.9598286151885986,0.0756
fire_dense,Dense/Heavy Fire,A*,477,20461006,1,46,64.22539674441617,0.9908792087348558,0.0,0,412.9107705789186,0.0,1.8041191101074219,8,0.8329548752962306,0.8972131609916687,0.0864
fire_dense,Dense/Heavy Fire,PPO,477,20461006,1,45,63.639610306789265,1.0000000000000002,0.0,0,399.536982363274,0.0,0.06286883354187012,8,0.8329548752962306,0.8972131609916687,0.0864
fire_dense,Dense/Heavy Fire,A*,478,20461007,1,50,68.22539674441619,0.9327847596869824,0.0,0,410.90391274287254,0.0,1.992225170135498,7,0.9034171878126597,0.9886193871498108,0.0804
fire_dense,Dense/Heavy Fire,PPO,478,20461007,0,4,5.656854249492381,0.0,57.982756057296896,0,-90.7735860989236,0.0,0.023830890655517578,7,0.9034171878126597,0.9886193871498108,0.0804
fire_dense,Dense/Heavy Fire,A*,479,20461008,1,53,69.98275605729688,0.9093613040144591,0.0,0,411.50060675145005,0.0,1.911015272140503,6,0.8961796176967601,0.9896908402442932,0.0696
fire_dense,Dense/Heavy Fire,PPO,479,20461008,0,29,41.01219330881975,0.0,22.627416997969522,0,89.66926950096055,0.0,0.07236576080322266,6,0.8961796176967601,0.9896908402442932,0.0696
fire_dense,Dense/Heavy Fire,A*,480,20461009,1,77,103.9238815542512,0.612367526645621,0.0,0,412.0901603230155,0.0,3.0611929893493652,6,0.8959773676463828,0.9955130219459534,0.0664
fire_dense,Dense/Heavy Fire,PPO,480,20461009,0,17,24.041630560342618,0.0,39.59797974644666,0,9.390497961254368,0.0,0.052870988845825195,6,0.8959773676463828,0.9955130219459534,0.0664
fire_dense,Dense/Heavy Fire,A*,481,20461010,1,52,71.05382386916236,0.8956535600951537,0.0,0,410.42140347466466,0.0,1.8978111743927002,7,0.8625779450111135,0.9909422397613525,0.0808
fire_dense,Dense/Heavy Fire,PPO,481,20461010,0,13,18.38477631085024,0.0,45.254833995939045,0,-18.971171496807074,0.0,0.029740095138549805,7,0.8625779450111135,0.9909422397613525,0.0808
fire_dense,Dense/Heavy Fire,A*,482,20461011,0,200,262.96046148071053,0.0,43.9089968002003,0,74.749516261529,0.0,3.7849881649017334,8,0.8799814498907884,0.9571362733840942,0.0928
fire_dense,Dense/Heavy Fire,PPO,482,20461011,0,18,25.455844122715714,0.0,38.18376618407357,0,15.603320760187373,0.0,0.08886504173278809,8,0.8799814498907884,0.9571362733840942,0.0928
fire_dense,Dense/Heavy Fire,A*,483,20461012,1,76,96.71067811865474,0.6580411961201386,0.0,0,410.47843085261917,0.0,2.2538599967956543,7,0.880037203897178,0.9502507448196411,0.0808
fire_dense,Dense/Heavy Fire,PPO,483,20461012,0,2,2.8284271247461903,0.0,60.81118318204309,0,-102.95573066508994,0.0,0.03108668327331543,7,0.880037203897178,0.9502507448196411,0.0808
fire_dense,Dense/Heavy Fire,A*,484,20461013,0,1,1.4142135623730951,0.0,62.22539674441618,1,-102.6888339315995,0.7398978471755981,0.22931385040283203,6,0.8542402502219626,0.9950356483459473,0.0696
fire_dense,Dense/Heavy Fire,PPO,484,20461013,0,1,1.4142135623730951,0.0,62.22539674441618,1,-102.6888339315995,0.7398978471755981,0.001178741455078125,6,0.8542402502219626,0.9950356483459473,0.0696
fire_dense,Dense/Heavy Fire,A*,485,20461014,1,62,81.05382386916236,0.7851524736145302,0.0,0,406.80294796007945,0.0,1.9806098937988281,6,0.8611775680774393,0.9977267980575562,0.0692
fire_dense,Dense/Heavy Fire,PPO,485,20461014,0,11,15.556349186104049,0.0,48.08326112068523,0,-37.928915490936916,0.0,0.059005022048950195,6,0.8611775680774393,0.9977267980575562,0.0692
fire_dense,Dense/Heavy Fire,A*,486,20461015,1,59,73.49747468305831,0.8658747879600094,0.0,0,412.43690312165194,0.0,2.0672450065612793,6,0.9106346485617118,0.9766895771026611,0.0696
fire_dense,Dense/Heavy Fire,PPO,486,20461015,0,13,18.38477631085024,0.0,45.254833995939045,0,-20.14953578652876,0.0,0.02981877326965332,6,0.9106346485617118,0.9766895771026611,0.0696
fire_dense,Dense/Heavy Fire,A*,487,20461016,1,48,65.39696961966999,0.9731278173422866,0.0,0,413.863634635055,0.0,1.8746967315673828,6,0.8809500167977159,0.9900971055030823,0.0664
fire_dense,Dense/Heavy Fire,PPO,487,20461016,0,33,46.66904755831214,0.0,16.97056274847714,0,123.45730309804487,0.0,0.04059290885925293,6,0.8809500167977159,0.9900971055030823,0.0664
fire_dense,Dense/Heavy Fire,A*,488,20461017,1,69,89.29646455628165,0.7126778268660189,0.0,0,414.0448124443661,0.0,2.1433990001678467,6,0.913223141941915,0.980762243270874,0.0696
fire_dense,Dense/Heavy Fire,PPO,488,20461017,0,23,32.52691193458119,0.0,31.11269837220809,0,51.39697606533291,0.0,0.031065940856933594,6,0.913223141941915,0.980762243270874,0.0696
fire_dense,Dense/Heavy Fire,A*,489,20461018,1,57,73.9827560572969,0.8601951819354062,0.0,0,413.3024813443554,0.0,1.974959135055542,7,0.8932959070171881,0.9701554179191589,0.0784
fire_dense,Dense/Heavy Fire,PPO,489,20461018,0,13,18.38477631085024,0.0,45.254833995939045,0,-19.033535336909154,0.0,0.03312993049621582,7,0.8932959070171881,0.9701554179191589,0.0784
fire_dense,Dense/Heavy Fire,A*,490,20461019,1,57,77.29646455628166,0.8233185136229814,0.0,0,412.37610087537786,0.0,2.31280779838562,6,0.9177842886739374,0.9793626070022583,0.0684
fire_dense,Dense/Heavy Fire,PPO,490,20461019,0,6,8.485281374238571,0.0,55.154328932550705,0,-68.88567070113487,0.0,0.025882959365844727,6,0.9177842886739374,0.9793626070022583,0.0684
fire_dense,Dense/Heavy Fire,A*,491,20461020,1,60,79.05382386916236,0.8050162179645567,0.0,0,408.7459232760529,0.0,2.153377056121826,8,0.8633395525998393,0.9644889831542969,0.0832
fire_dense,Dense/Heavy Fire,PPO,491,20461020,0,9,12.727922061357857,0.0,50.91168824543142,0,-47.45526377069209,0.0,0.0309140682220459,8,0.8633395525998393,0.9644889831542969,0.0832
fire_dense,Dense/Heavy Fire,A*,492,20461021,1,51,69.63961030678927,0.9138421370601059,0.0,0,411.6684249211219,0.0,1.9166100025177002,6,0.831047597801066,0.9391348361968994,0.0648
fire_dense,Dense/Heavy Fire,PPO,492,20461021,0,17,24.041630560342618,0.0,39.59797974644666,0,9.451939219770566,0.0,0.02841806411743164,6,0.831047597801066,0.9391348361968994,0.0648
fire_dense,Dense/Heavy Fire,A*,493,20461022,1,58,77.05382386916237,0.8259111243440628,0.0,0,412.02656074222165,0.0,1.8761827945709229,8,0.910851645814494,0.9880713224411011,0.0832
fire_dense,Dense/Heavy Fire,PPO,493,20461022,0,2,2.8284271247461903,0.0,60.81118318204309,0,-104.69931315219627,0.0,0.04222273826599121,8,0.910851645814494,0.9880713224411011,0.0832
fire_dense,Dense/Heavy Fire,A*,494,20461023,1,97,125.58073580374358,0.5067625213332455,0.0,0,406.42862564451616,0.0,2.8927760124206543,6,0.8676180640796541,0.9610236883163452,0.0648
fire_dense,Dense/Heavy Fire,PPO,494,20461023,0,8,11.313708498984761,0.0,52.32590180780452,0,-53.65769192466288,0.0,0.03253507614135742,6,0.8676180640796541,0.9610236883163452,0.0648
fire_dense,Dense/Heavy Fire,A*,495,20461024,1,60,78.22539674441617,0.8135415473150919,0.0,0,413.62772301652274,0.0,2.032665252685547,6,0.9192078657912859,0.9987630248069763,0.0688
fire_dense,Dense/Heavy Fire,PPO,495,20461024,0,3,4.242640687119286,0.0,59.39696961966999,0,-88.59298285023675,0.0,0.024169921875,6,0.9192078657912859,0.9987630248069763,0.0688
fire_dense,Dense/Heavy Fire,A*,496,20461025,1,70,91.53910524340094,0.6952177447832009,0.0,0,409.8607988634411,0.0,2.5317070484161377,7,0.8705055142480481,0.9722360968589783,0.0764
fire_dense,Dense/Heavy Fire,PPO,496,20461025,0,5,7.0710678118654755,0.0,56.568542494923804,0,-84.1810602708164,0.0,0.05440807342529297,7,0.8705055142480481,0.9722360968589783,0.0764
fire_dense,Dense/Heavy Fire,A*,497,20461026,1,56,74.22539674441619,0.8573832286262147,0.0,0,413.49719348007284,0.0,2.2235121726989746,6,0.9318393098681633,0.9884263277053833,0.0692
fire_dense,Dense/Heavy Fire,PPO,497,20461026,0,30,42.42640687119284,0.0,21.213203435596427,0,101.60155942353622,0.0,0.048227787017822266,6,0.9318393098681633,0.9884263277053833,0.0692
fire_dense,Dense/Heavy Fire,A*,498,20461027,1,179,227.46298679765215,0.2797800697280133,0.0,0,401.5998355753269,0.0,4.036826133728027,7,0.906429797074248,0.998542070388794,0.0804
fire_dense,Dense/Heavy Fire,PPO,498,20461027,0,4,5.656854249492381,0.0,57.982756057296896,0,-82.89801945932982,0.0,0.01782703399658203,7,0.906429797074248,0.998542070388794,0.0804
fire_dense,Dense/Heavy Fire,A*,499,20461028,1,50,67.39696961966999,0.944250322617115,0.0,0,413.9581130004242,0.0,1.979736089706421,6,0.8194639044822836,0.878515899181366,0.0696
fire_dense,Dense/Heavy Fire,PPO,499,20461028,0,30,42.42640687119284,0.0,21.213203435596427,0,97.19059638492563,0.0,0.06669211387634277,6,0.8194639044822836,0.878515899181366,0.0696
fire_dense,Dense/Heavy Fire,A*,500,20461029,1,101,131.23759005323598,0.4849190714411484,0.0,0,394.7796364500866,0.0,3.1543760299682617,7,0.9012443091899317,0.9751499891281128,0.0812
fire_dense,Dense/Heavy Fire,PPO,500,20461029,0,5,7.0710678118654755,0.0,56.568542494923804,0,-75.19510376432882,0.0,0.029577255249023438,7,0.9012443091899317,0.9751499891281128,0.0812
