episode,episode_variant,scenario_id,scenario_name,mode,step,action,action_confidence,row,col,cell_risk,distance_to_goal,progress,done,done_reason
1,0,baseline_open,Baseline Open,stereo,1,3,0.9900021553039551,3,3,0.0,55.44366510251645,1.4070165116911326,0,
1,0,baseline_open,Baseline Open,stereo,2,3,0.9889649152755737,4,4,0.0,54.037024344425184,1.4066407580912639,0,
1,0,baseline_open,Baseline Open,stereo,3,3,0.9878734946250916,5,5,0.0,52.630789467763066,1.4062348766621184,0,
1,0,baseline_open,Baseline Open,stereo,4,3,0.9868060350418091,6,6,0.0,51.22499389946279,1.4057955683002774,0,
1,0,baseline_open,Baseline Open,stereo,5,3,0.985713005065918,7,7,0.0,49.8196748283246,1.4053190711381873,0,
1,0,baseline_open,Baseline Open,stereo,6,3,0.9845792055130005,8,8,0.0,48.41487374764082,1.4048010806837823,0,
1,0,baseline_open,Baseline Open,stereo,7,3,0.9833922386169434,9,9,0.0,47.01063709417264,1.4042366534681818,0,
1,0,baseline_open,Baseline Open,stereo,8,3,0.9821690917015076,10,10,0.0,45.60701700396552,1.40362009020712,0,
1,0,baseline_open,Baseline Open,stereo,9,3,0.9809306263923645,11,11,0.0,44.204072210600685,1.4029447933648314,0,
1,0,baseline_open,Baseline Open,stereo,10,3,0.9796422719955444,12,12,0.2405477911233902,42.80186911806539,1.402203092535295,0,
1,0,baseline_open,Baseline Open,stereo,11,3,0.9783299565315247,13,13,0.11689814180135727,41.400483088968905,1.4013860290964857,0,
1,0,baseline_open,Baseline Open,stereo,12,3,0.9770210385322571,14,14,0.0,40.0,1.4004830889689046,0,
1,0,baseline_open,Baseline Open,stereo,13,3,0.975771963596344,15,15,0.0364583320915699,38.600518131237564,1.399481868762436,0,
1,0,baseline_open,Baseline Open,stereo,14,3,0.9745678305625916,16,16,0.8070987462997437,37.20215047547655,1.3983676557610139,0,
1,0,baseline_open,Baseline Open,stereo,15,3,0.9733389616012573,17,17,0.6795909404754639,35.805027579936315,1.3971228955402353,0,
1,0,baseline_open,Baseline Open,stereo,16,3,0.9721260666847229,18,18,0.4596836566925049,34.40930106817051,1.3957265117658082,0,
1,0,baseline_open,Baseline Open,stereo,17,3,0.9709441661834717,19,19,0.014467592351138592,33.015148038438355,1.394153029732152,0,
1,0,baseline_open,Baseline Open,stereo,18,3,0.9698077440261841,20,20,0.2391975224018097,31.622776601683793,1.392371436754562,0,
1,0,baseline_open,Baseline Open,stereo,19,3,0.9687578678131104,21,21,0.631172776222229,30.23243291566195,1.3903436860218434,0,
1,0,baseline_open,Baseline Open,stereo,20,3,0.9677793383598328,22,22,0.10821758955717087,28.844410203711913,1.3880227119500361,0,
1,0,baseline_open,Baseline Open,stereo,21,3,0.9668407440185547,23,23,0.5385802388191223,27.459060435491963,1.3853497682199496,0,
1,0,baseline_open,Baseline Open,stereo,22,3,0.9659693241119385,24,24,0.6749613285064697,26.076809620810597,1.3822508146813668,0,
1,0,baseline_open,Baseline Open,stereo,23,3,0.9650939106941223,25,25,0.5989583134651184,24.698178070456937,1.37863155035366,0,
1,0,baseline_open,Baseline Open,stereo,24,3,0.9642153382301331,26,26,0.03221450373530388,23.323807579381203,1.3743704910757337,0,
1,0,baseline_open,Baseline Open,stereo,25,3,0.9633358120918274,27,27,0.025077160447835922,21.95449840010015,1.3693091792810534,0,
1,0,baseline_open,Baseline Open,stereo,26,3,0.962421715259552,28,28,0.10898919403553009,20.591260281974,1.363238118126148,0,
1,0,baseline_open,Baseline Open,stereo,27,3,0.9614124298095703,29,29,0.0,19.235384061671343,1.3558762203026582,0,
1,0,baseline_open,Baseline Open,stereo,28,3,0.9603718519210815,30,30,0.0868055522441864,17.88854381999832,1.346840241673025,0,
1,0,baseline_open,Baseline Open,stereo,29,3,0.959408700466156,31,31,0.0,16.55294535724685,1.33559846275147,0,
1,0,baseline_open,Baseline Open,stereo,30,3,0.9584367871284485,32,32,0.0,15.231546211727817,1.321399145519031,0,
1,0,baseline_open,Baseline Open,stereo,31,3,0.9573479294776917,33,33,0.0,13.92838827718412,1.303157934543698,0,
1,0,baseline_open,Baseline Open,stereo,32,3,0.9561822414398193,34,34,0.1784336417913437,12.649110640673518,1.2792776365106011,0,
1,0,baseline_open,Baseline Open,stereo,33,3,0.9551510214805603,35,35,0.47164350748062134,11.40175425099138,1.247356389682139,0,
1,0,baseline_open,Baseline Open,stereo,34,3,0.9542881846427917,36,36,0.6990739703178406,10.198039027185569,1.2037152238058102,0,
1,0,baseline_open,Baseline Open,stereo,35,3,0.953543484210968,37,37,0.5875771045684814,9.055385138137417,1.1426538890481517,0,
1,0,baseline_open,Baseline Open,stereo,36,3,0.9528219103813171,38,38,0.17650462687015533,8.0,1.0553851381374173,0,
1,0,baseline_open,Baseline Open,stereo,37,3,0.9521485567092896,39,39,0.7378471493721008,7.0710678118654755,0.9289321881345245,0,
1,0,baseline_open,Baseline Open,stereo,38,3,0.9513372182846069,40,40,0.8294751644134521,6.324555320336759,0.7465124915287165,0,
1,0,baseline_open,Baseline Open,stereo,39,3,0.9504711031913757,41,41,0.3742283284664154,5.830951894845301,0.4936034254914583,0,
1,0,baseline_open,Baseline Open,stereo,40,3,0.9497835636138916,42,42,0.0,5.656854249492381,0.17409764535292016,0,
1,0,baseline_open,Baseline Open,stereo,41,3,0.9494045376777649,43,43,0.0,5.830951894845301,-0.17409764535292016,0,
1,0,baseline_open,Baseline Open,stereo,42,3,0.9493480920791626,44,44,0.0,6.324555320336759,-0.4936034254914583,0,
1,0,baseline_open,Baseline Open,stereo,43,3,0.9494885802268982,45,45,0.48032405972480774,7.0710678118654755,-0.7465124915287165,0,
1,0,baseline_open,Baseline Open,stereo,44,3,0.9498988389968872,46,46,0.01774691417813301,8.0,-0.9289321881345245,0,
1,0,baseline_open,Baseline Open,stereo,45,3,0.9504685997962952,47,47,0.10435956716537476,9.055385138137417,-1.0553851381374173,0,
1,0,baseline_open,Baseline Open,stereo,46,3,0.9510824680328369,48,48,0.9353779554367065,10.198039027185569,-1.1426538890481517,0,
1,0,baseline_open,Baseline Open,stereo,47,3,0.9516194462776184,49,49,0.06925153732299805,11.40175425099138,-1.2037152238058102,0,
1,0,baseline_open,Baseline Open,stereo,48,3,0.9521353840827942,49,49,0.06925153732299805,11.40175425099138,0.0,0,
1,0,baseline_open,Baseline Open,stereo,49,3,0.9521353840827942,49,49,0.06925153732299805,11.40175425099138,0.0,0,
1,0,baseline_open,Baseline Open,stereo,50,3,0.9521353840827942,49,49,0.06925153732299805,11.40175425099138,0.0,0,
1,0,baseline_open,Baseline Open,stereo,51,3,0.9521353840827942,49,49,0.06925153732299805,11.40175425099138,0.0,0,
1,0,baseline_open,Baseline Open,stereo,52,3,0.9521353840827942,49,49,0.06925153732299805,11.40175425099138,0.0,0,
1,0,baseline_open,Baseline Open,stereo,53,3,0.9521353840827942,49,49,0.06925153732299805,11.40175425099138,0.0,0,
1,0,baseline_open,Baseline Open,stereo,54,3,0.9521353840827942,49,49,0.06925153732299805,11.40175425099138,0.0,0,
1,0,baseline_open,Baseline Open,stereo,55,3,0.9521353840827942,49,49,0.06925153732299805,11.40175425099138,0.0,0,
1,0,baseline_open,Baseline Open,stereo,56,3,0.9521353840827942,49,49,0.06925153732299805,11.40175425099138,0.0,0,
1,0,baseline_open,Baseline Open,stereo,57,3,0.9521353840827942,49,49,0.06925153732299805,11.40175425099138,0.0,0,
1,0,baseline_open,Baseline Open,stereo,58,3,0.9521353840827942,49,49,0.06925153732299805,11.40175425099138,0.0,0,
1,0,baseline_open,Baseline Open,stereo,59,3,0.9521353840827942,49,49,0.06925153732299805,11.40175425099138,0.0,0,
1,0,baseline_open,Baseline Open,stereo,60,3,0.9521353840827942,49,49,0.06925153732299805,11.40175425099138,0.0,0,
1,0,baseline_open,Baseline Open,stereo,61,3,0.9521353840827942,49,49,0.06925153732299805,11.40175425099138,0.0,0,
1,0,baseline_open,Baseline Open,stereo,62,3,0.9521353840827942,49,49,0.06925153732299805,11.40175425099138,0.0,0,
1,0,baseline_open,Baseline Open,stereo,63,3,0.9521353840827942,49,49,0.06925153732299805,11.40175425099138,0.0,0,
1,0,baseline_open,Baseline Open,stereo,64,3,0.9521353840827942,49,49,0.06925153732299805,11.40175425099138,0.0,0,
1,0,baseline_open,Baseline Open,stereo,65,3,0.9521353840827942,49,49,0.06925153732299805,11.40175425099138,0.0,0,
1,0,baseline_open,Baseline Open,stereo,66,3,0.9521353840827942,49,49,0.06925153732299805,11.40175425099138,0.0,0,
1,0,baseline_open,Baseline Open,stereo,67,3,0.9521353840827942,49,49,0.06925153732299805,11.40175425099138,0.0,0,
1,0,baseline_open,Baseline Open,stereo,68,3,0.9521353840827942,49,49,0.06925153732299805,11.40175425099138,0.0,0,
1,0,baseline_open,Baseline Open,stereo,69,3,0.9521353840827942,49,49,0.06925153732299805,11.40175425099138,0.0,0,
1,0,baseline_open,Baseline Open,stereo,70,3,0.9521353840827942,49,49,0.06925153732299805,11.40175425099138,0.0,0,
1,0,baseline_open,Baseline Open,stereo,71,3,0.9521353840827942,49,49,0.06925153732299805,11.40175425099138,0.0,0,
1,0,baseline_open,Baseline Open,stereo,72,3,0.9521353840827942,49,49,0.06925153732299805,11.40175425099138,0.0,0,
1,0,baseline_open,Baseline Open,stereo,73,3,0.9521353840827942,49,49,0.06925153732299805,11.40175425099138,0.0,0,
1,0,baseline_open,Baseline Open,stereo,74,3,0.9521353840827942,49,49,0.06925153732299805,11.40175425099138,0.0,0,
1,0,baseline_open,Baseline Open,stereo,75,3,0.9521353840827942,49,49,0.06925153732299805,11.40175425099138,0.0,0,
1,0,baseline_open,Baseline Open,stereo,76,3,0.9521353840827942,49,49,0.06925153732299805,11.40175425099138,0.0,0,
1,0,baseline_open,Baseline Open,stereo,77,3,0.9521353840827942,49,49,0.06925153732299805,11.40175425099138,0.0,0,
1,0,baseline_open,Baseline Open,stereo,78,3,0.9521353840827942,49,49,0.06925153732299805,11.40175425099138,0.0,0,
1,0,baseline_open,Baseline Open,stereo,79,3,0.9521353840827942,49,49,0.06925153732299805,11.40175425099138,0.0,0,
1,0,baseline_open,Baseline Open,stereo,80,3,0.9521353840827942,49,49,0.06925153732299805,11.40175425099138,0.0,0,
1,0,baseline_open,Baseline Open,stereo,81,3,0.9521353840827942,49,49,0.06925153732299805,11.40175425099138,0.0,0,
1,0,baseline_open,Baseline Open,stereo,82,3,0.9521353840827942,49,49,0.06925153732299805,11.40175425099138,0.0,0,
1,0,baseline_open,Baseline Open,stereo,83,3,0.9521353840827942,49,49,0.06925153732299805,11.40175425099138,0.0,0,
1,0,baseline_open,Baseline Open,stereo,84,3,0.9521353840827942,49,49,0.06925153732299805,11.40175425099138,0.0,0,
1,0,baseline_open,Baseline Open,stereo,85,3,0.9521353840827942,49,49,0.06925153732299805,11.40175425099138,0.0,0,
1,0,baseline_open,Baseline Open,stereo,86,3,0.9521353840827942,49,49,0.06925153732299805,11.40175425099138,0.0,0,
1,0,baseline_open,Baseline Open,stereo,87,3,0.9521353840827942,49,49,0.06925153732299805,11.40175425099138,0.0,0,
1,0,baseline_open,Baseline Open,stereo,88,3,0.9521353840827942,49,49,0.06925153732299805,11.40175425099138,0.0,0,
1,0,baseline_open,Baseline Open,stereo,89,3,0.9521353840827942,49,49,0.06925153732299805,11.40175425099138,0.0,0,
1,0,baseline_open,Baseline Open,stereo,90,3,0.9521353840827942,49,49,0.06925153732299805,11.40175425099138,0.0,0,
1,0,baseline_open,Baseline Open,stereo,91,3,0.9521353840827942,49,49,0.06925153732299805,11.40175425099138,0.0,0,
1,0,baseline_open,Baseline Open,stereo,92,3,0.9521353840827942,49,49,0.06925153732299805,11.40175425099138,0.0,0,
1,0,baseline_open,Baseline Open,stereo,93,3,0.9521353840827942,49,49,0.06925153732299805,11.40175425099138,0.0,0,
1,0,baseline_open,Baseline Open,stereo,94,3,0.9521353840827942,49,49,0.06925153732299805,11.40175425099138,0.0,0,
1,0,baseline_open,Baseline Open,stereo,95,3,0.9521353840827942,49,49,0.06925153732299805,11.40175425099138,0.0,0,
1,0,baseline_open,Baseline Open,stereo,96,3,0.9521353840827942,49,49,0.06925153732299805,11.40175425099138,0.0,0,
1,0,baseline_open,Baseline Open,stereo,97,3,0.9521353840827942,49,49,0.06925153732299805,11.40175425099138,0.0,0,
1,0,baseline_open,Baseline Open,stereo,98,3,0.9521353840827942,49,49,0.06925153732299805,11.40175425099138,0.0,0,
1,0,baseline_open,Baseline Open,stereo,99,3,0.9521353840827942,49,49,0.06925153732299805,11.40175425099138,0.0,0,
1,0,baseline_open,Baseline Open,stereo,100,3,0.9521353840827942,49,49,0.06925153732299805,11.40175425099138,0.0,0,
1,0,baseline_open,Baseline Open,stereo,101,3,0.9521353840827942,49,49,0.06925153732299805,11.40175425099138,0.0,0,
1,0,baseline_open,Baseline Open,stereo,102,3,0.9521353840827942,49,49,0.06925153732299805,11.40175425099138,0.0,0,
1,0,baseline_open,Baseline Open,stereo,103,3,0.9521353840827942,49,49,0.06925153732299805,11.40175425099138,0.0,0,
1,0,baseline_open,Baseline Open,stereo,104,3,0.9521353840827942,49,49,0.06925153732299805,11.40175425099138,0.0,0,
1,0,baseline_open,Baseline Open,stereo,105,3,0.9521353840827942,49,49,0.06925153732299805,11.40175425099138,0.0,0,
1,0,baseline_open,Baseline Open,stereo,106,3,0.9521353840827942,49,49,0.06925153732299805,11.40175425099138,0.0,0,
1,0,baseline_open,Baseline Open,stereo,107,3,0.9521353840827942,49,49,0.06925153732299805,11.40175425099138,0.0,0,
1,0,baseline_open,Baseline Open,stereo,108,3,0.9521353840827942,49,49,0.06925153732299805,11.40175425099138,0.0,0,
1,0,baseline_open,Baseline Open,stereo,109,3,0.9521353840827942,49,49,0.06925153732299805,11.40175425099138,0.0,0,
1,0,baseline_open,Baseline Open,stereo,110,3,0.9521353840827942,49,49,0.06925153732299805,11.40175425099138,0.0,0,
1,0,baseline_open,Baseline Open,stereo,111,3,0.9521353840827942,49,49,0.06925153732299805,11.40175425099138,0.0,0,
1,0,baseline_open,Baseline Open,stereo,112,3,0.9521353840827942,49,49,0.06925153732299805,11.40175425099138,0.0,0,
1,0,baseline_open,Baseline Open,stereo,113,3,0.9521353840827942,49,49,0.06925153732299805,11.40175425099138,0.0,0,
1,0,baseline_open,Baseline Open,stereo,114,3,0.9521353840827942,49,49,0.06925153732299805,11.40175425099138,0.0,0,
1,0,baseline_open,Baseline Open,stereo,115,3,0.9521353840827942,49,49,0.06925153732299805,11.40175425099138,0.0,0,
1,0,baseline_open,Baseline Open,stereo,116,3,0.9521353840827942,49,49,0.06925153732299805,11.40175425099138,0.0,0,
1,0,baseline_open,Baseline Open,stereo,117,3,0.9521353840827942,49,49,0.06925153732299805,11.40175425099138,0.0,0,
1,0,baseline_open,Baseline Open,stereo,118,3,0.9521353840827942,49,49,0.06925153732299805,11.40175425099138,0.0,0,
1,0,baseline_open,Baseline Open,stereo,119,3,0.9521353840827942,49,49,0.06925153732299805,11.40175425099138,0.0,0,
1,0,baseline_open,Baseline Open,stereo,120,3,0.9521353840827942,49,49,0.06925153732299805,11.40175425099138,0.0,0,
1,0,baseline_open,Baseline Open,stereo,121,3,0.9521353840827942,49,49,0.06925153732299805,11.40175425099138,0.0,0,
1,0,baseline_open,Baseline Open,stereo,122,3,0.9521353840827942,49,49,0.06925153732299805,11.40175425099138,0.0,0,
1,0,baseline_open,Baseline Open,stereo,123,3,0.9521353840827942,49,49,0.06925153732299805,11.40175425099138,0.0,0,
1,0,baseline_open,Baseline Open,stereo,124,3,0.9521353840827942,49,49,0.06925153732299805,11.40175425099138,0.0,0,
1,0,baseline_open,Baseline Open,stereo,125,3,0.9521353840827942,49,49,0.06925153732299805,11.40175425099138,0.0,0,
1,0,baseline_open,Baseline Open,stereo,126,3,0.9521353840827942,49,49,0.06925153732299805,11.40175425099138,0.0,0,
1,0,baseline_open,Baseline Open,stereo,127,3,0.9521353840827942,49,49,0.06925153732299805,11.40175425099138,0.0,0,
1,0,baseline_open,Baseline Open,stereo,128,3,0.9521353840827942,49,49,0.06925153732299805,11.40175425099138,0.0,0,
1,0,baseline_open,Baseline Open,stereo,129,3,0.9521353840827942,49,49,0.06925153732299805,11.40175425099138,0.0,0,
1,0,baseline_open,Baseline Open,stereo,130,3,0.9521353840827942,49,49,0.06925153732299805,11.40175425099138,0.0,0,
1,0,baseline_open,Baseline Open,stereo,131,3,0.9521353840827942,49,49,0.06925153732299805,11.40175425099138,0.0,0,
1,0,baseline_open,Baseline Open,stereo,132,3,0.9521353840827942,49,49,0.06925153732299805,11.40175425099138,0.0,0,
1,0,baseline_open,Baseline Open,stereo,133,3,0.9521353840827942,49,49,0.06925153732299805,11.40175425099138,0.0,0,
1,0,baseline_open,Baseline Open,stereo,134,3,0.9521353840827942,49,49,0.06925153732299805,11.40175425099138,0.0,0,
1,0,baseline_open,Baseline Open,stereo,135,3,0.9521353840827942,49,49,0.06925153732299805,11.40175425099138,0.0,0,
1,0,baseline_open,Baseline Open,stereo,136,3,0.9521353840827942,49,49,0.06925153732299805,11.40175425099138,0.0,0,
1,0,baseline_open,Baseline Open,stereo,137,3,0.9521353840827942,49,49,0.06925153732299805,11.40175425099138,0.0,0,
1,0,baseline_open,Baseline Open,stereo,138,3,0.9521353840827942,49,49,0.06925153732299805,11.40175425099138,0.0,0,
1,0,baseline_open,Baseline Open,stereo,139,3,0.9521353840827942,49,49,0.06925153732299805,11.40175425099138,0.0,0,
1,0,baseline_open,Baseline Open,stereo,140,3,0.9521353840827942,49,49,0.06925153732299805,11.40175425099138,0.0,0,
1,0,baseline_open,Baseline Open,stereo,141,3,0.9521353840827942,49,49,0.06925153732299805,11.40175425099138,0.0,0,
1,0,baseline_open,Baseline Open,stereo,142,3,0.9521353840827942,49,49,0.06925153732299805,11.40175425099138,0.0,0,
1,0,baseline_open,Baseline Open,stereo,143,3,0.9521353840827942,49,49,0.06925153732299805,11.40175425099138,0.0,0,
1,0,baseline_open,Baseline Open,stereo,144,3,0.9521353840827942,49,49,0.06925153732299805,11.40175425099138,0.0,0,
1,0,baseline_open,Baseline Open,stereo,145,3,0.9521353840827942,49,49,0.06925153732299805,11.40175425099138,0.0,0,
1,0,baseline_open,Baseline Open,stereo,146,3,0.9521353840827942,49,49,0.06925153732299805,11.40175425099138,0.0,0,
1,0,baseline_open,Baseline Open,stereo,147,3,0.9521353840827942,49,49,0.06925153732299805,11.40175425099138,0.0,0,
1,0,baseline_open,Baseline Open,stereo,148,3,0.9521353840827942,49,49,0.06925153732299805,11.40175425099138,0.0,0,
1,0,baseline_open,Baseline Open,stereo,149,3,0.9521353840827942,49,49,0.06925153732299805,11.40175425099138,0.0,0,
1,0,baseline_open,Baseline Open,stereo,150,3,0.9521353840827942,49,49,0.06925153732299805,11.40175425099138,0.0,0,
1,0,baseline_open,Baseline Open,stereo,151,3,0.9521353840827942,49,49,0.06925153732299805,11.40175425099138,0.0,0,
1,0,baseline_open,Baseline Open,stereo,152,3,0.9521353840827942,49,49,0.06925153732299805,11.40175425099138,0.0,0,
1,0,baseline_open,Baseline Open,stereo,153,3,0.9521353840827942,49,49,0.06925153732299805,11.40175425099138,0.0,0,
1,0,baseline_open,Baseline Open,stereo,154,3,0.9521353840827942,49,49,0.06925153732299805,11.40175425099138,0.0,0,
1,0,baseline_open,Baseline Open,stereo,155,3,0.9521353840827942,49,49,0.06925153732299805,11.40175425099138,0.0,0,
1,0,baseline_open,Baseline Open,stereo,156,3,0.9521353840827942,49,49,0.06925153732299805,11.40175425099138,0.0,0,
1,0,baseline_open,Baseline Open,stereo,157,3,0.9521353840827942,49,49,0.06925153732299805,11.40175425099138,0.0,0,
1,0,baseline_open,Baseline Open,stereo,158,3,0.9521353840827942,49,49,0.06925153732299805,11.40175425099138,0.0,0,
1,0,baseline_open,Baseline Open,stereo,159,3,0.9521353840827942,49,49,0.06925153732299805,11.40175425099138,0.0,0,
1,0,baseline_open,Baseline Open,stereo,160,3,0.9521353840827942,49,49,0.06925153732299805,11.40175425099138,0.0,0,
1,0,baseline_open,Baseline Open,stereo,161,3,0.9521353840827942,49,49,0.06925153732299805,11.40175425099138,0.0,0,
1,0,baseline_open,Baseline Open,stereo,162,3,0.9521353840827942,49,49,0.06925153732299805,11.40175425099138,0.0,0,
1,0,baseline_open,Baseline Open,stereo,163,3,0.9521353840827942,49,49,0.06925153732299805,11.40175425099138,0.0,0,
1,0,baseline_open,Baseline Open,stereo,164,3,0.9521353840827942,49,49,0.06925153732299805,11.40175425099138,0.0,0,
1,0,baseline_open,Baseline Open,stereo,165,3,0.9521353840827942,49,49,0.06925153732299805,11.40175425099138,0.0,0,
1,0,baseline_open,Baseline Open,stereo,166,3,0.9521353840827942,49,49,0.06925153732299805,11.40175425099138,0.0,0,
1,0,baseline_open,Baseline Open,stereo,167,3,0.9521353840827942,49,49,0.06925153732299805,11.40175425099138,0.0,0,
1,0,baseline_open,Baseline Open,stereo,168,3,0.9521353840827942,49,49,0.06925153732299805,11.40175425099138,0.0,0,
1,0,baseline_open,Baseline Open,stereo,169,3,0.9521353840827942,49,49,0.06925153732299805,11.40175425099138,0.0,0,
1,0,baseline_open,Baseline Open,stereo,170,3,0.9521353840827942,49,49,0.06925153732299805,11.40175425099138,0.0,0,
1,0,baseline_open,Baseline Open,stereo,171,3,0.9521353840827942,49,49,0.06925153732299805,11.40175425099138,0.0,0,
1,0,baseline_open,Baseline Open,stereo,172,3,0.9521353840827942,49,49,0.06925153732299805,11.40175425099138,0.0,0,
1,0,baseline_open,Baseline Open,stereo,173,3,0.9521353840827942,49,49,0.06925153732299805,11.40175425099138,0.0,0,
1,0,baseline_open,Baseline Open,stereo,174,3,0.9521353840827942,49,49,0.06925153732299805,11.40175425099138,0.0,0,
1,0,baseline_open,Baseline Open,stereo,175,3,0.9521353840827942,49,49,0.06925153732299805,11.40175425099138,0.0,0,
1,0,baseline_open,Baseline Open,stereo,176,3,0.9521353840827942,49,49,0.06925153732299805,11.40175425099138,0.0,0,
1,0,baseline_open,Baseline Open,stereo,177,3,0.9521353840827942,49,49,0.06925153732299805,11.40175425099138,0.0,0,
1,0,baseline_open,Baseline Open,stereo,178,3,0.9521353840827942,49,49,0.06925153732299805,11.40175425099138,0.0,0,
1,0,baseline_open,Baseline Open,stereo,179,3,0.9521353840827942,49,49,0.06925153732299805,11.40175425099138,0.0,0,
1,0,baseline_open,Baseline Open,stereo,180,3,0.9521353840827942,49,49,0.06925153732299805,11.40175425099138,0.0,0,
1,0,baseline_open,Baseline Open,stereo,181,3,0.9521353840827942,49,49,0.06925153732299805,11.40175425099138,0.0,0,
1,0,baseline_open,Baseline Open,stereo,182,3,0.9521353840827942,49,49,0.06925153732299805,11.40175425099138,0.0,0,
1,0,baseline_open,Baseline Open,stereo,183,3,0.9521353840827942,49,49,0.06925153732299805,11.40175425099138,0.0,0,
1,0,baseline_open,Baseline Open,stereo,184,3,0.9521353840827942,49,49,0.06925153732299805,11.40175425099138,0.0,0,
1,0,baseline_open,Baseline Open,stereo,185,3,0.9521353840827942,49,49,0.06925153732299805,11.40175425099138,0.0,0,
1,0,baseline_open,Baseline Open,stereo,186,3,0.9521353840827942,49,49,0.06925153732299805,11.40175425099138,0.0,0,
1,0,baseline_open,Baseline Open,stereo,187,3,0.9521353840827942,49,49,0.06925153732299805,11.40175425099138,0.0,0,
1,0,baseline_open,Baseline Open,stereo,188,3,0.9521353840827942,49,49,0.06925153732299805,11.40175425099138,0.0,0,
1,0,baseline_open,Baseline Open,stereo,189,3,0.9521353840827942,49,49,0.06925153732299805,11.40175425099138,0.0,0,
1,0,baseline_open,Baseline Open,stereo,190,3,0.9521353840827942,49,49,0.06925153732299805,11.40175425099138,0.0,0,
1,0,baseline_open,Baseline Open,stereo,191,3,0.9521353840827942,49,49,0.06925153732299805,11.40175425099138,0.0,0,
1,0,baseline_open,Baseline Open,stereo,192,3,0.9521353840827942,49,49,0.06925153732299805,11.40175425099138,0.0,0,
1,0,baseline_open,Baseline Open,stereo,193,3,0.9521353840827942,49,49,0.06925153732299805,11.40175425099138,0.0,0,
1,0,baseline_open,Baseline Open,stereo,194,3,0.9521353840827942,49,49,0.06925153732299805,11.40175425099138,0.0,0,
1,0,baseline_open,Baseline Open,stereo,195,3,0.9521353840827942,49,49,0.06925153732299805,11.40175425099138,0.0,0,
1,0,baseline_open,Baseline Open,stereo,196,3,0.9521353840827942,49,49,0.06925153732299805,11.40175425099138,0.0,0,
1,0,baseline_open,Baseline Open,stereo,197,3,0.9521353840827942,49,49,0.06925153732299805,11.40175425099138,0.0,0,
1,0,baseline_open,Baseline Open,stereo,198,3,0.9521353840827942,49,49,0.06925153732299805,11.40175425099138,0.0,0,
1,0,baseline_open,Baseline Open,stereo,199,3,0.9521353840827942,49,49,0.06925153732299805,11.40175425099138,0.0,0,
1,0,baseline_open,Baseline Open,stereo,200,3,0.9521353840827942,49,49,0.06925153732299805,11.40175425099138,0.0,0,
2,0,baseline_open,Baseline Open,mono,1,3,0.9999997615814209,3,3,0.0,55.44366510251645,1.4070165116911326,0,
2,0,baseline_open,Baseline Open,mono,2,3,0.9999996423721313,4,4,0.0,54.037024344425184,1.4066407580912639,0,
2,0,baseline_open,Baseline Open,mono,3,3,0.9999996423721313,5,5,0.0,52.630789467763066,1.4062348766621184,0,
2,0,baseline_open,Baseline Open,mono,4,3,0.9999995231628418,6,6,0.0,51.22499389946279,1.4057955683002774,0,
2,0,baseline_open,Baseline Open,mono,5,3,0.9999995231628418,7,7,0.0,49.8196748283246,1.4053190711381873,0,
2,0,baseline_open,Baseline Open,mono,6,3,0.9999994039535522,8,8,0.0,48.41487374764082,1.4048010806837823,0,
2,0,baseline_open,Baseline Open,mono,7,3,0.9999994039535522,9,9,0.0,47.01063709417264,1.4042366534681818,0,
2,0,baseline_open,Baseline Open,mono,8,3,0.9999992847442627,10,10,0.0,45.60701700396552,1.40362009020712,0,
2,0,baseline_open,Baseline Open,mono,9,3,0.9999992847442627,11,11,0.0,44.204072210600685,1.4029447933648314,0,
2,0,baseline_open,Baseline Open,mono,10,3,0.9999991655349731,12,12,0.0,42.80186911806539,1.402203092535295,0,
2,0,baseline_open,Baseline Open,mono,11,3,0.9999991655349731,13,13,0.0,41.400483088968905,1.4013860290964857,0,
2,0,baseline_open,Baseline Open,mono,12,3,0.9999990463256836,14,14,0.0,40.0,1.4004830889689046,0,
2,0,baseline_open,Baseline Open,mono,13,3,0.9999990463256836,15,15,0.0,38.600518131237564,1.399481868762436,0,
2,0,baseline_open,Baseline Open,mono,14,3,0.999998927116394,16,16,0.0,37.20215047547655,1.3983676557610139,0,
2,0,baseline_open,Baseline Open,mono,15,3,0.999998927116394,17,17,0.0,35.805027579936315,1.3971228955402353,0,
2,0,baseline_open,Baseline Open,mono,16,3,0.9999988079071045,18,18,0.0,34.40930106817051,1.3957265117658082,0,
2,0,baseline_open,Baseline Open,mono,17,3,0.9999988079071045,19,19,0.0,33.015148038438355,1.394153029732152,0,
2,0,baseline_open,Baseline Open,mono,18,3,0.9999988079071045,20,20,0.0,31.622776601683793,1.392371436754562,0,
2,0,baseline_open,Baseline Open,mono,19,3,0.9999988079071045,21,21,0.0,30.23243291566195,1.3903436860218434,0,
2,0,baseline_open,Baseline Open,mono,20,3,0.9999988079071045,22,22,0.0,28.844410203711913,1.3880227119500361,0,
2,0,baseline_open,Baseline Open,mono,21,3,0.9999988079071045,23,23,0.0,27.459060435491963,1.3853497682199496,0,
2,0,baseline_open,Baseline Open,mono,22,3,0.9999988079071045,24,24,0.0,26.076809620810597,1.3822508146813668,0,
2,0,baseline_open,Baseline Open,mono,23,3,0.9999988079071045,25,25,0.0,24.698178070456937,1.37863155035366,0,
2,0,baseline_open,Baseline Open,mono,24,3,0.999998927116394,26,26,0.0,23.323807579381203,1.3743704910757337,0,
2,0,baseline_open,Baseline Open,mono,25,3,0.999998927116394,27,27,0.0,21.95449840010015,1.3693091792810534,0,
2,0,baseline_open,Baseline Open,mono,26,3,0.999998927116394,28,28,0.0,20.591260281974,1.363238118126148,0,
2,0,baseline_open,Baseline Open,mono,27,3,0.9999990463256836,29,29,0.0,19.235384061671343,1.3558762203026582,0,
2,0,baseline_open,Baseline Open,mono,28,3,0.9999990463256836,30,30,0.0,17.88854381999832,1.346840241673025,0,
2,0,baseline_open,Baseline Open,mono,29,3,0.9999990463256836,31,31,0.0,16.55294535724685,1.33559846275147,0,
2,0,baseline_open,Baseline Open,mono,30,3,0.9999991655349731,32,32,0.0,15.231546211727817,1.321399145519031,0,
2,0,baseline_open,Baseline Open,mono,31,3,0.9999991655349731,33,33,0.0,13.92838827718412,1.303157934543698,0,
2,0,baseline_open,Baseline Open,mono,32,3,0.9999991655349731,34,34,0.0,12.649110640673518,1.2792776365106011,0,
2,0,baseline_open,Baseline Open,mono,33,3,0.9999992847442627,35,35,0.0,11.40175425099138,1.247356389682139,0,
2,0,baseline_open,Baseline Open,mono,34,3,0.9999992847442627,36,36,0.0,10.198039027185569,1.2037152238058102,0,
2,0,baseline_open,Baseline Open,mono,35,3,0.9999992847442627,37,37,0.0,9.055385138137417,1.1426538890481517,0,
2,0,baseline_open,Baseline Open,mono,36,3,0.9999994039535522,38,38,0.008487654849886894,8.0,1.0553851381374173,0,
2,0,baseline_open,Baseline Open,mono,37,3,0.9999994039535522,39,39,0.9999998807907104,7.0710678118654755,0.9289321881345245,1,collision_risk
3,0,dense_corridor,Dense Corridor,stereo,1,3,1.0,10,10,0.9276620745658875,37.8549864614954,0.7843717112279123,0,
3,0,dense_corridor,Dense Corridor,stereo,2,3,1.0,11,11,0.8481866121292114,37.107950630558946,0.7470358309364542,0,
3,0,dense_corridor,Dense Corridor,stereo,3,3,1.0,12,12,0.9999998807907104,36.40054944640259,0.7074011841563532,1,collision_risk
4,0,dense_corridor,Dense Corridor,mono,1,3,0.648009717464447,10,10,0.0,37.8549864614954,0.7843717112279123,0,
4,0,dense_corridor,Dense Corridor,mono,2,3,0.6514397859573364,11,11,0.0,37.107950630558946,0.7470358309364542,0,
4,0,dense_corridor,Dense Corridor,mono,3,3,0.6545085906982422,12,12,0.0,36.40054944640259,0.7074011841563532,0,
4,0,dense_corridor,Dense Corridor,mono,4,3,0.6578851938247681,13,13,0.0,35.73513677041127,0.6654126759913197,0,
4,0,dense_corridor,Dense Corridor,mono,5,3,0.6617900729179382,14,14,0.0,35.11409973215888,0.6210370382523962,0,
4,0,dense_corridor,Dense Corridor,mono,6,3,0.665949285030365,15,15,0.0,34.539832078341085,0.5742676538177918,0,
4,0,dense_corridor,Dense Corridor,mono,7,3,0.6700878143310547,16,16,0.0,34.0147027033899,0.5251293749511845,0,
4,0,dense_corridor,Dense Corridor,mono,8,3,0.6742632389068604,17,17,0.0,33.54101966249684,0.47368304089305724,0,
4,0,dense_corridor,Dense Corridor,mono,9,3,0.6789309978485107,18,18,0.0,33.12099032335839,0.420029339138452,0,
4,0,dense_corridor,Dense Corridor,mono,10,3,0.6837943196296692,19,19,0.0,32.7566787083184,0.36431161503999476,0,
4,0,dense_corridor,Dense Corridor,mono,11,3,0.6887792944908142,20,20,0.0,32.449961479175904,0.30671722914249244,0,
4,0,dense_corridor,Dense Corridor,mono,12,3,0.6938308477401733,21,21,0.0,32.202484376209235,0.2474771029666698,0,
4,0,dense_corridor,Dense Corridor,mono,13,3,0.6989035606384277,22,22,0.0,32.01562118716424,0.18686318904499188,0,
4,0,dense_corridor,Dense Corridor,mono,14,3,0.7040349245071411,23,23,0.0,31.89043743820395,0.12518374896029272,0,
4,0,dense_corridor,Dense Corridor,mono,15,3,0.7088387608528137,24,24,0.0,31.827660925679098,0.06277651252485228,0,
4,0,dense_corridor,Dense Corridor,mono,16,3,0.7132734656333923,25,25,0.0,31.827660925679098,0.0,0,
4,0,dense_corridor,Dense Corridor,mono,17,3,0.7174551486968994,26,26,0.0,31.89043743820395,-0.06277651252485228,0,
4,0,dense_corridor,Dense Corridor,mono,18,3,0.7214897274971008,27,27,0.0,32.01562118716424,-0.12518374896029272,0,
4,0,dense_corridor,Dense Corridor,mono,19,3,0.7254126071929932,28,28,0.0,32.202484376209235,-0.18686318904499188,0,
4,0,dense_corridor,Dense Corridor,mono,20,3,0.7291093468666077,29,29,0.0,32.449961479175904,-0.2474771029666698,0,
4,0,dense_corridor,Dense Corridor,mono,21,3,0.7325723171234131,30,30,0.0,32.7566787083184,-0.30671722914249244,0,
4,0,dense_corridor,Dense Corridor,mono,22,3,0.7358472347259521,31,31,0.0,33.12099032335839,-0.36431161503999476,0,
4,0,dense_corridor,Dense Corridor,mono,23,3,0.738517701625824,32,32,0.0,33.54101966249684,-0.420029339138452,0,
4,0,dense_corridor,Dense Corridor,mono,24,3,0.7411527633666992,33,33,0.0,34.0147027033899,-0.47368304089305724,0,
4,0,dense_corridor,Dense Corridor,mono,25,3,0.7432287335395813,34,34,0.0,34.539832078341085,-0.5251293749511845,0,
4,0,dense_corridor,Dense Corridor,mono,26,3,0.7446656823158264,35,35,0.0,35.11409973215888,-0.5742676538177918,0,
4,0,dense_corridor,Dense Corridor,mono,27,3,0.7460042238235474,36,36,0.0,35.73513677041127,-0.6210370382523962,0,
4,0,dense_corridor,Dense Corridor,mono,28,3,0.747032642364502,37,37,0.0,36.40054944640259,-0.6654126759913197,0,
4,0,dense_corridor,Dense Corridor,mono,29,3,0.7482808828353882,38,38,0.0,37.107950630558946,-0.7074011841563532,0,
4,0,dense_corridor,Dense Corridor,mono,30,3,0.7494841814041138,39,39,0.0,37.8549864614954,-0.7470358309364542,0,
4,0,dense_corridor,Dense Corridor,mono,31,3,0.7505581378936768,40,40,0.0,38.63935817272331,-0.7843717112279123,0,
4,0,dense_corridor,Dense Corridor,mono,32,3,0.7512056827545166,41,41,0.0,39.45883931389772,-0.819481141174407,0,
4,0,dense_corridor,Dense Corridor,mono,33,3,0.7516975402832031,42,42,0.0,40.311288741492746,-0.8524494275950261,0,
4,0,dense_corridor,Dense Corridor,mono,34,3,0.7518289089202881,43,43,0.0,41.19465984809196,-0.8833711065992134,0,
4,0,dense_corridor,Dense Corridor,mono,35,3,0.7520239949226379,44,44,0.0,42.1070065428546,-0.9123466947626397,0,
4,0,dense_corridor,Dense Corridor,mono,36,3,0.7520549893379211,45,45,0.0,43.04648650006177,-0.939479957207169,0,
4,0,dense_corridor,Dense Corridor,mono,37,3,0.7522059679031372,46,46,0.0,44.01136216933077,-0.9648756692690057,0,
4,0,dense_corridor,Dense Corridor,mono,38,3,0.7524792551994324,47,47,0.0,45.0,-0.9886378306692265,0,
4,0,dense_corridor,Dense Corridor,mono,39,3,0.7532135248184204,48,48,0.0,46.010868281309364,-1.0108682813093637,0,
4,0,dense_corridor,Dense Corridor,mono,40,3,0.7539150714874268,49,49,0.0,47.042533945356304,-1.0316656640469404,0,
4,0,dense_corridor,Dense Corridor,mono,41,3,0.7535314559936523,49,49,0.0,47.042533945356304,0.0,0,
4,0,dense_corridor,Dense Corridor,mono,42,3,0.7535314559936523,49,49,0.0,47.042533945356304,0.0,0,
4,0,dense_corridor,Dense Corridor,mono,43,3,0.7535314559936523,49,49,0.0,47.042533945356304,0.0,0,
4,0,dense_corridor,Dense Corridor,mono,44,3,0.7535314559936523,49,49,0.0,47.042533945356304,0.0,0,
4,0,dense_corridor,Dense Corridor,mono,45,3,0.7535314559936523,49,49,0.0,47.042533945356304,0.0,0,
4,0,dense_corridor,Dense Corridor,mono,46,3,0.7535314559936523,49,49,0.0,47.042533945356304,0.0,0,
4,0,dense_corridor,Dense Corridor,mono,47,3,0.7535314559936523,49,49,0.0,47.042533945356304,0.0,0,
4,0,dense_corridor,Dense Corridor,mono,48,3,0.7535314559936523,49,49,0.0,47.042533945356304,0.0,0,
4,0,dense_corridor,Dense Corridor,mono,49,3,0.7535314559936523,49,49,0.0,47.042533945356304,0.0,0,
4,0,dense_corridor,Dense Corridor,mono,50,3,0.7535314559936523,49,49,0.0,47.042533945356304,0.0,0,
4,0,dense_corridor,Dense Corridor,mono,51,3,0.7535314559936523,49,49,0.0,47.042533945356304,0.0,0,
4,0,dense_corridor,Dense Corridor,mono,52,3,0.7535314559936523,49,49,0.0,47.042533945356304,0.0,0,
4,0,dense_corridor,Dense Corridor,mono,53,3,0.7535314559936523,49,49,0.0,47.042533945356304,0.0,0,
4,0,dense_corridor,Dense Corridor,mono,54,3,0.7535314559936523,49,49,0.0,47.042533945356304,0.0,0,
4,0,dense_corridor,Dense Corridor,mono,55,3,0.7535314559936523,49,49,0.0,47.042533945356304,0.0,0,
4,0,dense_corridor,Dense Corridor,mono,56,3,0.7535314559936523,49,49,0.0,47.042533945356304,0.0,0,
4,0,dense_corridor,Dense Corridor,mono,57,3,0.7535314559936523,49,49,0.0,47.042533945356304,0.0,0,
4,0,dense_corridor,Dense Corridor,mono,58,3,0.7535314559936523,49,49,0.0,47.042533945356304,0.0,0,
4,0,dense_corridor,Dense Corridor,mono,59,3,0.7535314559936523,49,49,0.0,47.042533945356304,0.0,0,
4,0,dense_corridor,Dense Corridor,mono,60,3,0.7535314559936523,49,49,0.0,47.042533945356304,0.0,0,
4,0,dense_corridor,Dense Corridor,mono,61,3,0.7535314559936523,49,49,0.0,47.042533945356304,0.0,0,
4,0,dense_corridor,Dense Corridor,mono,62,3,0.7535314559936523,49,49,0.0,47.042533945356304,0.0,0,
4,0,dense_corridor,Dense Corridor,mono,63,3,0.7535314559936523,49,49,0.0,47.042533945356304,0.0,0,
4,0,dense_corridor,Dense Corridor,mono,64,3,0.7535314559936523,49,49,0.0,47.042533945356304,0.0,0,
4,0,dense_corridor,Dense Corridor,mono,65,3,0.7535314559936523,49,49,0.0,47.042533945356304,0.0,0,
4,0,dense_corridor,Dense Corridor,mono,66,3,0.7535314559936523,49,49,0.0,47.042533945356304,0.0,0,
4,0,dense_corridor,Dense Corridor,mono,67,3,0.7535314559936523,49,49,0.0,47.042533945356304,0.0,0,
4,0,dense_corridor,Dense Corridor,mono,68,3,0.7535314559936523,49,49,0.0,47.042533945356304,0.0,0,
4,0,dense_corridor,Dense Corridor,mono,69,3,0.7535314559936523,49,49,0.0,47.042533945356304,0.0,0,
4,0,dense_corridor,Dense Corridor,mono,70,3,0.7535314559936523,49,49,0.0,47.042533945356304,0.0,0,
4,0,dense_corridor,Dense Corridor,mono,71,3,0.7535314559936523,49,49,0.0,47.042533945356304,0.0,0,
4,0,dense_corridor,Dense Corridor,mono,72,3,0.7535314559936523,49,49,0.0,47.042533945356304,0.0,0,
4,0,dense_corridor,Dense Corridor,mono,73,3,0.7535314559936523,49,49,0.0,47.042533945356304,0.0,0,
4,0,dense_corridor,Dense Corridor,mono,74,3,0.7535314559936523,49,49,0.0,47.042533945356304,0.0,0,
4,0,dense_corridor,Dense Corridor,mono,75,3,0.7535314559936523,49,49,0.0,47.042533945356304,0.0,0,
4,0,dense_corridor,Dense Corridor,mono,76,3,0.7535314559936523,49,49,0.0,47.042533945356304,0.0,0,
4,0,dense_corridor,Dense Corridor,mono,77,3,0.7535314559936523,49,49,0.0,47.042533945356304,0.0,0,
4,0,dense_corridor,Dense Corridor,mono,78,3,0.7535314559936523,49,49,0.0,47.042533945356304,0.0,0,
4,0,dense_corridor,Dense Corridor,mono,79,3,0.7535314559936523,49,49,0.0,47.042533945356304,0.0,0,
4,0,dense_corridor,Dense Corridor,mono,80,3,0.7535314559936523,49,49,0.0,47.042533945356304,0.0,0,
4,0,dense_corridor,Dense Corridor,mono,81,3,0.7535314559936523,49,49,0.0,47.042533945356304,0.0,0,
4,0,dense_corridor,Dense Corridor,mono,82,3,0.7535314559936523,49,49,0.0,47.042533945356304,0.0,0,
4,0,dense_corridor,Dense Corridor,mono,83,3,0.7535314559936523,49,49,0.0,47.042533945356304,0.0,0,
4,0,dense_corridor,Dense Corridor,mono,84,3,0.7535314559936523,49,49,0.0,47.042533945356304,0.0,0,
4,0,dense_corridor,Dense Corridor,mono,85,3,0.7535314559936523,49,49,0.0,47.042533945356304,0.0,0,
4,0,dense_corridor,Dense Corridor,mono,86,3,0.7535314559936523,49,49,0.0,47.042533945356304,0.0,0,
4,0,dense_corridor,Dense Corridor,mono,87,3,0.7535314559936523,49,49,0.0,47.042533945356304,0.0,0,
4,0,dense_corridor,Dense Corridor,mono,88,3,0.7535314559936523,49,49,0.0,47.042533945356304,0.0,0,
4,0,dense_corridor,Dense Corridor,mono,89,3,0.7535314559936523,49,49,0.0,47.042533945356304,0.0,0,
4,0,dense_corridor,Dense Corridor,mono,90,3,0.7535314559936523,49,49,0.0,47.042533945356304,0.0,0,
4,0,dense_corridor,Dense Corridor,mono,91,3,0.7535314559936523,49,49,0.0,47.042533945356304,0.0,0,
4,0,dense_corridor,Dense Corridor,mono,92,3,0.7535314559936523,49,49,0.0,47.042533945356304,0.0,0,
4,0,dense_corridor,Dense Corridor,mono,93,3,0.7535314559936523,49,49,0.0,47.042533945356304,0.0,0,
4,0,dense_corridor,Dense Corridor,mono,94,3,0.7535314559936523,49,49,0.0,47.042533945356304,0.0,0,
4,0,dense_corridor,Dense Corridor,mono,95,3,0.7535314559936523,49,49,0.0,47.042533945356304,0.0,0,
4,0,dense_corridor,Dense Corridor,mono,96,3,0.7535314559936523,49,49,0.0,47.042533945356304,0.0,0,
4,0,dense_corridor,Dense Corridor,mono,97,3,0.7535314559936523,49,49,0.0,47.042533945356304,0.0,0,
4,0,dense_corridor,Dense Corridor,mono,98,3,0.7535314559936523,49,49,0.0,47.042533945356304,0.0,0,
4,0,dense_corridor,Dense Corridor,mono,99,3,0.7535314559936523,49,49,0.0,47.042533945356304,0.0,0,
4,0,dense_corridor,Dense Corridor,mono,100,3,0.7535314559936523,49,49,0.0,47.042533945356304,0.0,0,
4,0,dense_corridor,Dense Corridor,mono,101,3,0.7535314559936523,49,49,0.0,47.042533945356304,0.0,0,
4,0,dense_corridor,Dense Corridor,mono,102,3,0.7535314559936523,49,49,0.0,47.042533945356304,0.0,0,
4,0,dense_corridor,Dense Corridor,mono,103,3,0.7535314559936523,49,49,0.0,47.042533945356304,0.0,0,
4,0,dense_corridor,Dense Corridor,mono,104,3,0.7535314559936523,49,49,0.0,47.042533945356304,0.0,0,
4,0,dense_corridor,Dense Corridor,mono,105,3,0.7535314559936523,49,49,0.0,47.042533945356304,0.0,0,
4,0,dense_corridor,Dense Corridor,mono,106,3,0.7535314559936523,49,49,0.0,47.042533945356304,0.0,0,
4,0,dense_corridor,Dense Corridor,mono,107,3,0.7535314559936523,49,49,0.0,47.042533945356304,0.0,0,
4,0,dense_corridor,Dense Corridor,mono,108,3,0.7535314559936523,49,49,0.0,47.042533945356304,0.0,0,
4,0,dense_corridor,Dense Corridor,mono,109,3,0.7535314559936523,49,49,0.0,47.042533945356304,0.0,0,
4,0,dense_corridor,Dense Corridor,mono,110,3,0.7535314559936523,49,49,0.0,47.042533945356304,0.0,0,
4,0,dense_corridor,Dense Corridor,mono,111,3,0.7535314559936523,49,49,0.0,47.042533945356304,0.0,0,
4,0,dense_corridor,Dense Corridor,mono,112,3,0.7535314559936523,49,49,0.0,47.042533945356304,0.0,0,
4,0,dense_corridor,Dense Corridor,mono,113,3,0.7535314559936523,49,49,0.0,47.042533945356304,0.0,0,
4,0,dense_corridor,Dense Corridor,mono,114,3,0.7535314559936523,49,49,0.0,47.042533945356304,0.0,0,
4,0,dense_corridor,Dense Corridor,mono,115,3,0.7535314559936523,49,49,0.0,47.042533945356304,0.0,0,
4,0,dense_corridor,Dense Corridor,mono,116,3,0.7535314559936523,49,49,0.0,47.042533945356304,0.0,0,
4,0,dense_corridor,Dense Corridor,mono,117,3,0.7535314559936523,49,49,0.0,47.042533945356304,0.0,0,
4,0,dense_corridor,Dense Corridor,mono,118,3,0.7535314559936523,49,49,0.0,47.042533945356304,0.0,0,
4,0,dense_corridor,Dense Corridor,mono,119,3,0.7535314559936523,49,49,0.0,47.042533945356304,0.0,0,
4,0,dense_corridor,Dense Corridor,mono,120,3,0.7535314559936523,49,49,0.0,47.042533945356304,0.0,0,
4,0,dense_corridor,Dense Corridor,mono,121,3,0.7535314559936523,49,49,0.0,47.042533945356304,0.0,0,
4,0,dense_corridor,Dense Corridor,mono,122,3,0.7535314559936523,49,49,0.0,47.042533945356304,0.0,0,
4,0,dense_corridor,Dense Corridor,mono,123,3,0.7535314559936523,49,49,0.0,47.042533945356304,0.0,0,
4,0,dense_corridor,Dense Corridor,mono,124,3,0.7535314559936523,49,49,0.0,47.042533945356304,0.0,0,
4,0,dense_corridor,Dense Corridor,mono,125,3,0.7535314559936523,49,49,0.0,47.042533945356304,0.0,0,
4,0,dense_corridor,Dense Corridor,mono,126,3,0.7535314559936523,49,49,0.0,47.042533945356304,0.0,0,
4,0,dense_corridor,Dense Corridor,mono,127,3,0.7535314559936523,49,49,0.0,47.042533945356304,0.0,0,
4,0,dense_corridor,Dense Corridor,mono,128,3,0.7535314559936523,49,49,0.0,47.042533945356304,0.0,0,
4,0,dense_corridor,Dense Corridor,mono,129,3,0.7535314559936523,49,49,0.0,47.042533945356304,0.0,0,
4,0,dense_corridor,Dense Corridor,mono,130,3,0.7535314559936523,49,49,0.0,47.042533945356304,0.0,0,
4,0,dense_corridor,Dense Corridor,mono,131,3,0.7535314559936523,49,49,0.0,47.042533945356304,0.0,0,
4,0,dense_corridor,Dense Corridor,mono,132,3,0.7535314559936523,49,49,0.0,47.042533945356304,0.0,0,
4,0,dense_corridor,Dense Corridor,mono,133,3,0.7535314559936523,49,49,0.0,47.042533945356304,0.0,0,
4,0,dense_corridor,Dense Corridor,mono,134,3,0.7535314559936523,49,49,0.0,47.042533945356304,0.0,0,
4,0,dense_corridor,Dense Corridor,mono,135,3,0.7535314559936523,49,49,0.0,47.042533945356304,0.0,0,
4,0,dense_corridor,Dense Corridor,mono,136,3,0.7535314559936523,49,49,0.0,47.042533945356304,0.0,0,
4,0,dense_corridor,Dense Corridor,mono,137,3,0.7535314559936523,49,49,0.0,47.042533945356304,0.0,0,
4,0,dense_corridor,Dense Corridor,mono,138,3,0.7535314559936523,49,49,0.0,47.042533945356304,0.0,0,
4,0,dense_corridor,Dense Corridor,mono,139,3,0.7535314559936523,49,49,0.0,47.042533945356304,0.0,0,
4,0,dense_corridor,Dense Corridor,mono,140,3,0.7535314559936523,49,49,0.0,47.042533945356304,0.0,0,
4,0,dense_corridor,Dense Corridor,mono,141,3,0.7535314559936523,49,49,0.0,47.042533945356304,0.0,0,
4,0,dense_corridor,Dense Corridor,mono,142,3,0.7535314559936523,49,49,0.0,47.042533945356304,0.0,0,
4,0,dense_corridor,Dense Corridor,mono,143,3,0.7535314559936523,49,49,0.0,47.042533945356304,0.0,0,
4,0,dense_corridor,Dense Corridor,mono,144,3,0.7535314559936523,49,49,0.0,47.042533945356304,0.0,0,
4,0,dense_corridor,Dense Corridor,mono,145,3,0.7535314559936523,49,49,0.0,47.042533945356304,0.0,0,
4,0,dense_corridor,Dense Corridor,mono,146,3,0.7535314559936523,49,49,0.0,47.042533945356304,0.0,0,
4,0,dense_corridor,Dense Corridor,mono,147,3,0.7535314559936523,49,49,0.0,47.042533945356304,0.0,0,
4,0,dense_corridor,Dense Corridor,mono,148,3,0.7535314559936523,49,49,0.0,47.042533945356304,0.0,0,
4,0,dense_corridor,Dense Corridor,mono,149,3,0.7535314559936523,49,49,0.0,47.042533945356304,0.0,0,
4,0,dense_corridor,Dense Corridor,mono,150,3,0.7535314559936523,49,49,0.0,47.042533945356304,0.0,0,
4,0,dense_corridor,Dense Corridor,mono,151,3,0.7535314559936523,49,49,0.0,47.042533945356304,0.0,0,
4,0,dense_corridor,Dense Corridor,mono,152,3,0.7535314559936523,49,49,0.0,47.042533945356304,0.0,0,
4,0,dense_corridor,Dense Corridor,mono,153,3,0.7535314559936523,49,49,0.0,47.042533945356304,0.0,0,
4,0,dense_corridor,Dense Corridor,mono,154,3,0.7535314559936523,49,49,0.0,47.042533945356304,0.0,0,
4,0,dense_corridor,Dense Corridor,mono,155,3,0.7535314559936523,49,49,0.0,47.042533945356304,0.0,0,
4,0,dense_corridor,Dense Corridor,mono,156,3,0.7535314559936523,49,49,0.0,47.042533945356304,0.0,0,
4,0,dense_corridor,Dense Corridor,mono,157,3,0.7535314559936523,49,49,0.0,47.042533945356304,0.0,0,
4,0,dense_corridor,Dense Corridor,mono,158,3,0.7535314559936523,49,49,0.0,47.042533945356304,0.0,0,
4,0,dense_corridor,Dense Corridor,mono,159,3,0.7535314559936523,49,49,0.0,47.042533945356304,0.0,0,
4,0,dense_corridor,Dense Corridor,mono,160,3,0.7535314559936523,49,49,0.0,47.042533945356304,0.0,0,
4,0,dense_corridor,Dense Corridor,mono,161,3,0.7535314559936523,49,49,0.0,47.042533945356304,0.0,0,
4,0,dense_corridor,Dense Corridor,mono,162,3,0.7535314559936523,49,49,0.0,47.042533945356304,0.0,0,
4,0,dense_corridor,Dense Corridor,mono,163,3,0.7535314559936523,49,49,0.0,47.042533945356304,0.0,0,
4,0,dense_corridor,Dense Corridor,mono,164,3,0.7535314559936523,49,49,0.0,47.042533945356304,0.0,0,
4,0,dense_corridor,Dense Corridor,mono,165,3,0.7535314559936523,49,49,0.0,47.042533945356304,0.0,0,
4,0,dense_corridor,Dense Corridor,mono,166,3,0.7535314559936523,49,49,0.0,47.042533945356304,0.0,0,
4,0,dense_corridor,Dense Corridor,mono,167,3,0.7535314559936523,49,49,0.0,47.042533945356304,0.0,0,
4,0,dense_corridor,Dense Corridor,mono,168,3,0.7535314559936523,49,49,0.0,47.042533945356304,0.0,0,
4,0,dense_corridor,Dense Corridor,mono,169,3,0.7535314559936523,49,49,0.0,47.042533945356304,0.0,0,
4,0,dense_corridor,Dense Corridor,mono,170,3,0.7535314559936523,49,49,0.0,47.042533945356304,0.0,0,
4,0,dense_corridor,Dense Corridor,mono,171,3,0.7535314559936523,49,49,0.0,47.042533945356304,0.0,0,
4,0,dense_corridor,Dense Corridor,mono,172,3,0.7535314559936523,49,49,0.0,47.042533945356304,0.0,0,
4,0,dense_corridor,Dense Corridor,mono,173,3,0.7535314559936523,49,49,0.0,47.042533945356304,0.0,0,
4,0,dense_corridor,Dense Corridor,mono,174,3,0.7535314559936523,49,49,0.0,47.042533945356304,0.0,0,
4,0,dense_corridor,Dense Corridor,mono,175,3,0.7535314559936523,49,49,0.0,47.042533945356304,0.0,0,
4,0,dense_corridor,Dense Corridor,mono,176,3,0.7535314559936523,49,49,0.0,47.042533945356304,0.0,0,
4,0,dense_corridor,Dense Corridor,mono,177,3,0.7535314559936523,49,49,0.0,47.042533945356304,0.0,0,
4,0,dense_corridor,Dense Corridor,mono,178,3,0.7535314559936523,49,49,0.0,47.042533945356304,0.0,0,
4,0,dense_corridor,Dense Corridor,mono,179,3,0.7535314559936523,49,49,0.0,47.042533945356304,0.0,0,
4,0,dense_corridor,Dense Corridor,mono,180,3,0.7535314559936523,49,49,0.0,47.042533945356304,0.0,0,
4,0,dense_corridor,Dense Corridor,mono,181,3,0.7535314559936523,49,49,0.0,47.042533945356304,0.0,0,
4,0,dense_corridor,Dense Corridor,mono,182,3,0.7535314559936523,49,49,0.0,47.042533945356304,0.0,0,
4,0,dense_corridor,Dense Corridor,mono,183,3,0.7535314559936523,49,49,0.0,47.042533945356304,0.0,0,
4,0,dense_corridor,Dense Corridor,mono,184,3,0.7535314559936523,49,49,0.0,47.042533945356304,0.0,0,
4,0,dense_corridor,Dense Corridor,mono,185,3,0.7535314559936523,49,49,0.0,47.042533945356304,0.0,0,
4,0,dense_corridor,Dense Corridor,mono,186,3,0.7535314559936523,49,49,0.0,47.042533945356304,0.0,0,
4,0,dense_corridor,Dense Corridor,mono,187,3,0.7535314559936523,49,49,0.0,47.042533945356304,0.0,0,
4,0,dense_corridor,Dense Corridor,mono,188,3,0.7535314559936523,49,49,0.0,47.042533945356304,0.0,0,
4,0,dense_corridor,Dense Corridor,mono,189,3,0.7535314559936523,49,49,0.0,47.042533945356304,0.0,0,
4,0,dense_corridor,Dense Corridor,mono,190,3,0.7535314559936523,49,49,0.0,47.042533945356304,0.0,0,
4,0,dense_corridor,Dense Corridor,mono,191,3,0.7535314559936523,49,49,0.0,47.042533945356304,0.0,0,
4,0,dense_corridor,Dense Corridor,mono,192,3,0.7535314559936523,49,49,0.0,47.042533945356304,0.0,0,
4,0,dense_corridor,Dense Corridor,mono,193,3,0.7535314559936523,49,49,0.0,47.042533945356304,0.0,0,
4,0,dense_corridor,Dense Corridor,mono,194,3,0.7535314559936523,49,49,0.0,47.042533945356304,0.0,0,
4,0,dense_corridor,Dense Corridor,mono,195,3,0.7535314559936523,49,49,0.0,47.042533945356304,0.0,0,
4,0,dense_corridor,Dense Corridor,mono,196,3,0.7535314559936523,49,49,0.0,47.042533945356304,0.0,0,
4,0,dense_corridor,Dense Corridor,mono,197,3,0.7535314559936523,49,49,0.0,47.042533945356304,0.0,0,
4,0,dense_corridor,Dense Corridor,mono,198,3,0.7535314559936523,49,49,0.0,47.042533945356304,0.0,0,
4,0,dense_corridor,Dense Corridor,mono,199,3,0.7535314559936523,49,49,0.0,47.042533945356304,0.0,0,
4,0,dense_corridor,Dense Corridor,mono,200,3,0.7535314559936523,49,49,0.0,47.042533945356304,0.0,0,
5,0,obstacle_cluster,Obstacle Cluster,stereo,1,3,1.0,10,10,0.9276620745658875,37.8549864614954,0.7843717112279123,0,
5,0,obstacle_cluster,Obstacle Cluster,stereo,2,3,1.0,11,11,0.8481866121292114,37.107950630558946,0.7470358309364542,0,
5,0,obstacle_cluster,Obstacle Cluster,stereo,3,3,1.0,12,12,0.9999998807907104,36.40054944640259,0.7074011841563532,1,collision_risk
6,0,obstacle_cluster,Obstacle Cluster,mono,1,3,0.648009717464447,10,10,0.0,37.8549864614954,0.7843717112279123,0,
6,0,obstacle_cluster,Obstacle Cluster,mono,2,3,0.6514397859573364,11,11,0.0,37.107950630558946,0.7470358309364542,0,
6,0,obstacle_cluster,Obstacle Cluster,mono,3,3,0.6545085906982422,12,12,0.0,36.40054944640259,0.7074011841563532,0,
6,0,obstacle_cluster,Obstacle Cluster,mono,4,3,0.6578851938247681,13,13,0.0,35.73513677041127,0.6654126759913197,0,
6,0,obstacle_cluster,Obstacle Cluster,mono,5,3,0.6617900729179382,14,14,0.0,35.11409973215888,0.6210370382523962,0,
6,0,obstacle_cluster,Obstacle Cluster,mono,6,3,0.665949285030365,15,15,0.0,34.539832078341085,0.5742676538177918,0,
6,0,obstacle_cluster,Obstacle Cluster,mono,7,3,0.6700878143310547,16,16,0.0,34.0147027033899,0.5251293749511845,0,
6,0,obstacle_cluster,Obstacle Cluster,mono,8,3,0.6742632389068604,17,17,0.0,33.54101966249684,0.47368304089305724,0,
6,0,obstacle_cluster,Obstacle Cluster,mono,9,3,0.6789309978485107,18,18,0.0,33.12099032335839,0.420029339138452,0,
6,0,obstacle_cluster,Obstacle Cluster,mono,10,3,0.6837943196296692,19,19,0.0,32.7566787083184,0.36431161503999476,0,
6,0,obstacle_cluster,Obstacle Cluster,mono,11,3,0.6887792944908142,20,20,0.0,32.449961479175904,0.30671722914249244,0,
6,0,obstacle_cluster,Obstacle Cluster,mono,12,3,0.6938308477401733,21,21,0.0,32.202484376209235,0.2474771029666698,0,
6,0,obstacle_cluster,Obstacle Cluster,mono,13,3,0.6989035606384277,22,22,0.0,32.01562118716424,0.18686318904499188,0,
6,0,obstacle_cluster,Obstacle Cluster,mono,14,3,0.7040349245071411,23,23,0.0,31.89043743820395,0.12518374896029272,0,
6,0,obstacle_cluster,Obstacle Cluster,mono,15,3,0.7088387608528137,24,24,0.0,31.827660925679098,0.06277651252485228,0,
6,0,obstacle_cluster,Obstacle Cluster,mono,16,3,0.7132734656333923,25,25,0.0,31.827660925679098,0.0,0,
6,0,obstacle_cluster,Obstacle Cluster,mono,17,3,0.7174551486968994,26,26,0.0,31.89043743820395,-0.06277651252485228,0,
6,0,obstacle_cluster,Obstacle Cluster,mono,18,3,0.7214897274971008,27,27,0.0,32.01562118716424,-0.12518374896029272,0,
6,0,obstacle_cluster,Obstacle Cluster,mono,19,3,0.7254126071929932,28,28,0.0,32.202484376209235,-0.18686318904499188,0,
6,0,obstacle_cluster,Obstacle Cluster,mono,20,3,0.7291093468666077,29,29,0.0,32.449961479175904,-0.2474771029666698,0,
6,0,obstacle_cluster,Obstacle Cluster,mono,21,3,0.7325723171234131,30,30,0.0,32.7566787083184,-0.30671722914249244,0,
6,0,obstacle_cluster,Obstacle Cluster,mono,22,3,0.7358472347259521,31,31,0.0,33.12099032335839,-0.36431161503999476,0,
6,0,obstacle_cluster,Obstacle Cluster,mono,23,3,0.738517701625824,32,32,0.0,33.54101966249684,-0.420029339138452,0,
6,0,obstacle_cluster,Obstacle Cluster,mono,24,3,0.7411527633666992,33,33,0.0,34.0147027033899,-0.47368304089305724,0,
6,0,obstacle_cluster,Obstacle Cluster,mono,25,3,0.7432287335395813,34,34,0.0,34.539832078341085,-0.5251293749511845,0,
6,0,obstacle_cluster,Obstacle Cluster,mono,26,3,0.7446656823158264,35,35,0.0,35.11409973215888,-0.5742676538177918,0,
6,0,obstacle_cluster,Obstacle Cluster,mono,27,3,0.7460042238235474,36,36,0.0,35.73513677041127,-0.6210370382523962,0,
6,0,obstacle_cluster,Obstacle Cluster,mono,28,3,0.747032642364502,37,37,0.0,36.40054944640259,-0.6654126759913197,0,
6,0,obstacle_cluster,Obstacle Cluster,mono,29,3,0.7482808828353882,38,38,0.0,37.107950630558946,-0.7074011841563532,0,
6,0,obstacle_cluster,Obstacle Cluster,mono,30,3,0.7494841814041138,39,39,0.0,37.8549864614954,-0.7470358309364542,0,
6,0,obstacle_cluster,Obstacle Cluster,mono,31,3,0.7505581378936768,40,40,0.0,38.63935817272331,-0.7843717112279123,0,
6,0,obstacle_cluster,Obstacle Cluster,mono,32,3,0.7512056827545166,41,41,0.0,39.45883931389772,-0.819481141174407,0,
6,0,obstacle_cluster,Obstacle Cluster,mono,33,3,0.7516975402832031,42,42,0.0,40.311288741492746,-0.8524494275950261,0,
6,0,obstacle_cluster,Obstacle Cluster,mono,34,3,0.7518289089202881,43,43,0.0,41.19465984809196,-0.8833711065992134,0,
6,0,obstacle_cluster,Obstacle Cluster,mono,35,3,0.7520239949226379,44,44,0.0,42.1070065428546,-0.9123466947626397,0,
6,0,obstacle_cluster,Obstacle Cluster,mono,36,3,0.7520549893379211,45,45,0.0,43.04648650006177,-0.939479957207169,0,
6,0,obstacle_cluster,Obstacle Cluster,mono,37,3,0.7522059679031372,46,46,0.0,44.01136216933077,-0.9648756692690057,0,
6,0,obstacle_cluster,Obstacle Cluster,mono,38,3,0.7524792551994324,47,47,0.0,45.0,-0.9886378306692265,0,
6,0,obstacle_cluster,Obstacle Cluster,mono,39,3,0.7532135248184204,48,48,0.0,46.010868281309364,-1.0108682813093637,0,
6,0,obstacle_cluster,Obstacle Cluster,mono,40,3,0.7539150714874268,49,49,0.0,47.042533945356304,-1.0316656640469404,0,
6,0,obstacle_cluster,Obstacle Cluster,mono,41,3,0.7535314559936523,49,49,0.0,47.042533945356304,0.0,0,
6,0,obstacle_cluster,Obstacle Cluster,mono,42,3,0.7535314559936523,49,49,0.0,47.042533945356304,0.0,0,
6,0,obstacle_cluster,Obstacle Cluster,mono,43,3,0.7535314559936523,49,49,0.0,47.042533945356304,0.0,0,
6,0,obstacle_cluster,Obstacle Cluster,mono,44,3,0.7535314559936523,49,49,0.0,47.042533945356304,0.0,0,
6,0,obstacle_cluster,Obstacle Cluster,mono,45,3,0.7535314559936523,49,49,0.0,47.042533945356304,0.0,0,
6,0,obstacle_cluster,Obstacle Cluster,mono,46,3,0.7535314559936523,49,49,0.0,47.042533945356304,0.0,0,
6,0,obstacle_cluster,Obstacle Cluster,mono,47,3,0.7535314559936523,49,49,0.0,47.042533945356304,0.0,0,
6,0,obstacle_cluster,Obstacle Cluster,mono,48,3,0.7535314559936523,49,49,0.0,47.042533945356304,0.0,0,
6,0,obstacle_cluster,Obstacle Cluster,mono,49,3,0.7535314559936523,49,49,0.0,47.042533945356304,0.0,0,
6,0,obstacle_cluster,Obstacle Cluster,mono,50,3,0.7535314559936523,49,49,0.0,47.042533945356304,0.0,0,
6,0,obstacle_cluster,Obstacle Cluster,mono,51,3,0.7535314559936523,49,49,0.0,47.042533945356304,0.0,0,
6,0,obstacle_cluster,Obstacle Cluster,mono,52,3,0.7535314559936523,49,49,0.0,47.042533945356304,0.0,0,
6,0,obstacle_cluster,Obstacle Cluster,mono,53,3,0.7535314559936523,49,49,0.0,47.042533945356304,0.0,0,
6,0,obstacle_cluster,Obstacle Cluster,mono,54,3,0.7535314559936523,49,49,0.0,47.042533945356304,0.0,0,
6,0,obstacle_cluster,Obstacle Cluster,mono,55,3,0.7535314559936523,49,49,0.0,47.042533945356304,0.0,0,
6,0,obstacle_cluster,Obstacle Cluster,mono,56,3,0.7535314559936523,49,49,0.0,47.042533945356304,0.0,0,
6,0,obstacle_cluster,Obstacle Cluster,mono,57,3,0.7535314559936523,49,49,0.0,47.042533945356304,0.0,0,
6,0,obstacle_cluster,Obstacle Cluster,mono,58,3,0.7535314559936523,49,49,0.0,47.042533945356304,0.0,0,
6,0,obstacle_cluster,Obstacle Cluster,mono,59,3,0.7535314559936523,49,49,0.0,47.042533945356304,0.0,0,
6,0,obstacle_cluster,Obstacle Cluster,mono,60,3,0.7535314559936523,49,49,0.0,47.042533945356304,0.0,0,
6,0,obstacle_cluster,Obstacle Cluster,mono,61,3,0.7535314559936523,49,49,0.0,47.042533945356304,0.0,0,
6,0,obstacle_cluster,Obstacle Cluster,mono,62,3,0.7535314559936523,49,49,0.0,47.042533945356304,0.0,0,
6,0,obstacle_cluster,Obstacle Cluster,mono,63,3,0.7535314559936523,49,49,0.0,47.042533945356304,0.0,0,
6,0,obstacle_cluster,Obstacle Cluster,mono,64,3,0.7535314559936523,49,49,0.0,47.042533945356304,0.0,0,
6,0,obstacle_cluster,Obstacle Cluster,mono,65,3,0.7535314559936523,49,49,0.0,47.042533945356304,0.0,0,
6,0,obstacle_cluster,Obstacle Cluster,mono,66,3,0.7535314559936523,49,49,0.0,47.042533945356304,0.0,0,
6,0,obstacle_cluster,Obstacle Cluster,mono,67,3,0.7535314559936523,49,49,0.0,47.042533945356304,0.0,0,
6,0,obstacle_cluster,Obstacle Cluster,mono,68,3,0.7535314559936523,49,49,0.0,47.042533945356304,0.0,0,
6,0,obstacle_cluster,Obstacle Cluster,mono,69,3,0.7535314559936523,49,49,0.0,47.042533945356304,0.0,0,
6,0,obstacle_cluster,Obstacle Cluster,mono,70,3,0.7535314559936523,49,49,0.0,47.042533945356304,0.0,0,
6,0,obstacle_cluster,Obstacle Cluster,mono,71,3,0.7535314559936523,49,49,0.0,47.042533945356304,0.0,0,
6,0,obstacle_cluster,Obstacle Cluster,mono,72,3,0.7535314559936523,49,49,0.0,47.042533945356304,0.0,0,
6,0,obstacle_cluster,Obstacle Cluster,mono,73,3,0.7535314559936523,49,49,0.0,47.042533945356304,0.0,0,
6,0,obstacle_cluster,Obstacle Cluster,mono,74,3,0.7535314559936523,49,49,0.0,47.042533945356304,0.0,0,
6,0,obstacle_cluster,Obstacle Cluster,mono,75,3,0.7535314559936523,49,49,0.0,47.042533945356304,0.0,0,
6,0,obstacle_cluster,Obstacle Cluster,mono,76,3,0.7535314559936523,49,49,0.0,47.042533945356304,0.0,0,
6,0,obstacle_cluster,Obstacle Cluster,mono,77,3,0.7535314559936523,49,49,0.0,47.042533945356304,0.0,0,
6,0,obstacle_cluster,Obstacle Cluster,mono,78,3,0.7535314559936523,49,49,0.0,47.042533945356304,0.0,0,
6,0,obstacle_cluster,Obstacle Cluster,mono,79,3,0.7535314559936523,49,49,0.0,47.042533945356304,0.0,0,
6,0,obstacle_cluster,Obstacle Cluster,mono,80,3,0.7535314559936523,49,49,0.0,47.042533945356304,0.0,0,
6,0,obstacle_cluster,Obstacle Cluster,mono,81,3,0.7535314559936523,49,49,0.0,47.042533945356304,0.0,0,
6,0,obstacle_cluster,Obstacle Cluster,mono,82,3,0.7535314559936523,49,49,0.0,47.042533945356304,0.0,0,
6,0,obstacle_cluster,Obstacle Cluster,mono,83,3,0.7535314559936523,49,49,0.0,47.042533945356304,0.0,0,
6,0,obstacle_cluster,Obstacle Cluster,mono,84,3,0.7535314559936523,49,49,0.0,47.042533945356304,0.0,0,
6,0,obstacle_cluster,Obstacle Cluster,mono,85,3,0.7535314559936523,49,49,0.0,47.042533945356304,0.0,0,
6,0,obstacle_cluster,Obstacle Cluster,mono,86,3,0.7535314559936523,49,49,0.0,47.042533945356304,0.0,0,
6,0,obstacle_cluster,Obstacle Cluster,mono,87,3,0.7535314559936523,49,49,0.0,47.042533945356304,0.0,0,
6,0,obstacle_cluster,Obstacle Cluster,mono,88,3,0.7535314559936523,49,49,0.0,47.042533945356304,0.0,0,
6,0,obstacle_cluster,Obstacle Cluster,mono,89,3,0.7535314559936523,49,49,0.0,47.042533945356304,0.0,0,
6,0,obstacle_cluster,Obstacle Cluster,mono,90,3,0.7535314559936523,49,49,0.0,47.042533945356304,0.0,0,
6,0,obstacle_cluster,Obstacle Cluster,mono,91,3,0.7535314559936523,49,49,0.0,47.042533945356304,0.0,0,
6,0,obstacle_cluster,Obstacle Cluster,mono,92,3,0.7535314559936523,49,49,0.0,47.042533945356304,0.0,0,
6,0,obstacle_cluster,Obstacle Cluster,mono,93,3,0.7535314559936523,49,49,0.0,47.042533945356304,0.0,0,
6,0,obstacle_cluster,Obstacle Cluster,mono,94,3,0.7535314559936523,49,49,0.0,47.042533945356304,0.0,0,
6,0,obstacle_cluster,Obstacle Cluster,mono,95,3,0.7535314559936523,49,49,0.0,47.042533945356304,0.0,0,
6,0,obstacle_cluster,Obstacle Cluster,mono,96,3,0.7535314559936523,49,49,0.0,47.042533945356304,0.0,0,
6,0,obstacle_cluster,Obstacle Cluster,mono,97,3,0.7535314559936523,49,49,0.0,47.042533945356304,0.0,0,
6,0,obstacle_cluster,Obstacle Cluster,mono,98,3,0.7535314559936523,49,49,0.0,47.042533945356304,0.0,0,
6,0,obstacle_cluster,Obstacle Cluster,mono,99,3,0.7535314559936523,49,49,0.0,47.042533945356304,0.0,0,
6,0,obstacle_cluster,Obstacle Cluster,mono,100,3,0.7535314559936523,49,49,0.0,47.042533945356304,0.0,0,
6,0,obstacle_cluster,Obstacle Cluster,mono,101,3,0.7535314559936523,49,49,0.0,47.042533945356304,0.0,0,
6,0,obstacle_cluster,Obstacle Cluster,mono,102,3,0.7535314559936523,49,49,0.0,47.042533945356304,0.0,0,
6,0,obstacle_cluster,Obstacle Cluster,mono,103,3,0.7535314559936523,49,49,0.0,47.042533945356304,0.0,0,
6,0,obstacle_cluster,Obstacle Cluster,mono,104,3,0.7535314559936523,49,49,0.0,47.042533945356304,0.0,0,
6,0,obstacle_cluster,Obstacle Cluster,mono,105,3,0.7535314559936523,49,49,0.0,47.042533945356304,0.0,0,
6,0,obstacle_cluster,Obstacle Cluster,mono,106,3,0.7535314559936523,49,49,0.0,47.042533945356304,0.0,0,
6,0,obstacle_cluster,Obstacle Cluster,mono,107,3,0.7535314559936523,49,49,0.0,47.042533945356304,0.0,0,
6,0,obstacle_cluster,Obstacle Cluster,mono,108,3,0.7535314559936523,49,49,0.0,47.042533945356304,0.0,0,
6,0,obstacle_cluster,Obstacle Cluster,mono,109,3,0.7535314559936523,49,49,0.0,47.042533945356304,0.0,0,
6,0,obstacle_cluster,Obstacle Cluster,mono,110,3,0.7535314559936523,49,49,0.0,47.042533945356304,0.0,0,
6,0,obstacle_cluster,Obstacle Cluster,mono,111,3,0.7535314559936523,49,49,0.0,47.042533945356304,0.0,0,
6,0,obstacle_cluster,Obstacle Cluster,mono,112,3,0.7535314559936523,49,49,0.0,47.042533945356304,0.0,0,
6,0,obstacle_cluster,Obstacle Cluster,mono,113,3,0.7535314559936523,49,49,0.0,47.042533945356304,0.0,0,
6,0,obstacle_cluster,Obstacle Cluster,mono,114,3,0.7535314559936523,49,49,0.0,47.042533945356304,0.0,0,
6,0,obstacle_cluster,Obstacle Cluster,mono,115,3,0.7535314559936523,49,49,0.0,47.042533945356304,0.0,0,
6,0,obstacle_cluster,Obstacle Cluster,mono,116,3,0.7535314559936523,49,49,0.0,47.042533945356304,0.0,0,
6,0,obstacle_cluster,Obstacle Cluster,mono,117,3,0.7535314559936523,49,49,0.0,47.042533945356304,0.0,0,
6,0,obstacle_cluster,Obstacle Cluster,mono,118,3,0.7535314559936523,49,49,0.0,47.042533945356304,0.0,0,
6,0,obstacle_cluster,Obstacle Cluster,mono,119,3,0.7535314559936523,49,49,0.0,47.042533945356304,0.0,0,
6,0,obstacle_cluster,Obstacle Cluster,mono,120,3,0.7535314559936523,49,49,0.0,47.042533945356304,0.0,0,
6,0,obstacle_cluster,Obstacle Cluster,mono,121,3,0.7535314559936523,49,49,0.0,47.042533945356304,0.0,0,
6,0,obstacle_cluster,Obstacle Cluster,mono,122,3,0.7535314559936523,49,49,0.0,47.042533945356304,0.0,0,
6,0,obstacle_cluster,Obstacle Cluster,mono,123,3,0.7535314559936523,49,49,0.0,47.042533945356304,0.0,0,
6,0,obstacle_cluster,Obstacle Cluster,mono,124,3,0.7535314559936523,49,49,0.0,47.042533945356304,0.0,0,
6,0,obstacle_cluster,Obstacle Cluster,mono,125,3,0.7535314559936523,49,49,0.0,47.042533945356304,0.0,0,
6,0,obstacle_cluster,Obstacle Cluster,mono,126,3,0.7535314559936523,49,49,0.0,47.042533945356304,0.0,0,
6,0,obstacle_cluster,Obstacle Cluster,mono,127,3,0.7535314559936523,49,49,0.0,47.042533945356304,0.0,0,
6,0,obstacle_cluster,Obstacle Cluster,mono,128,3,0.7535314559936523,49,49,0.0,47.042533945356304,0.0,0,
6,0,obstacle_cluster,Obstacle Cluster,mono,129,3,0.7535314559936523,49,49,0.0,47.042533945356304,0.0,0,
6,0,obstacle_cluster,Obstacle Cluster,mono,130,3,0.7535314559936523,49,49,0.0,47.042533945356304,0.0,0,
6,0,obstacle_cluster,Obstacle Cluster,mono,131,3,0.7535314559936523,49,49,0.0,47.042533945356304,0.0,0,
6,0,obstacle_cluster,Obstacle Cluster,mono,132,3,0.7535314559936523,49,49,0.0,47.042533945356304,0.0,0,
6,0,obstacle_cluster,Obstacle Cluster,mono,133,3,0.7535314559936523,49,49,0.0,47.042533945356304,0.0,0,
6,0,obstacle_cluster,Obstacle Cluster,mono,134,3,0.7535314559936523,49,49,0.0,47.042533945356304,0.0,0,
6,0,obstacle_cluster,Obstacle Cluster,mono,135,3,0.7535314559936523,49,49,0.0,47.042533945356304,0.0,0,
6,0,obstacle_cluster,Obstacle Cluster,mono,136,3,0.7535314559936523,49,49,0.0,47.042533945356304,0.0,0,
6,0,obstacle_cluster,Obstacle Cluster,mono,137,3,0.7535314559936523,49,49,0.0,47.042533945356304,0.0,0,
6,0,obstacle_cluster,Obstacle Cluster,mono,138,3,0.7535314559936523,49,49,0.0,47.042533945356304,0.0,0,
6,0,obstacle_cluster,Obstacle Cluster,mono,139,3,0.7535314559936523,49,49,0.0,47.042533945356304,0.0,0,
6,0,obstacle_cluster,Obstacle Cluster,mono,140,3,0.7535314559936523,49,49,0.0,47.042533945356304,0.0,0,
6,0,obstacle_cluster,Obstacle Cluster,mono,141,3,0.7535314559936523,49,49,0.0,47.042533945356304,0.0,0,
6,0,obstacle_cluster,Obstacle Cluster,mono,142,3,0.7535314559936523,49,49,0.0,47.042533945356304,0.0,0,
6,0,obstacle_cluster,Obstacle Cluster,mono,143,3,0.7535314559936523,49,49,0.0,47.042533945356304,0.0,0,
6,0,obstacle_cluster,Obstacle Cluster,mono,144,3,0.7535314559936523,49,49,0.0,47.042533945356304,0.0,0,
6,0,obstacle_cluster,Obstacle Cluster,mono,145,3,0.7535314559936523,49,49,0.0,47.042533945356304,0.0,0,
6,0,obstacle_cluster,Obstacle Cluster,mono,146,3,0.7535314559936523,49,49,0.0,47.042533945356304,0.0,0,
6,0,obstacle_cluster,Obstacle Cluster,mono,147,3,0.7535314559936523,49,49,0.0,47.042533945356304,0.0,0,
6,0,obstacle_cluster,Obstacle Cluster,mono,148,3,0.7535314559936523,49,49,0.0,47.042533945356304,0.0,0,
6,0,obstacle_cluster,Obstacle Cluster,mono,149,3,0.7535314559936523,49,49,0.0,47.042533945356304,0.0,0,
6,0,obstacle_cluster,Obstacle Cluster,mono,150,3,0.7535314559936523,49,49,0.0,47.042533945356304,0.0,0,
6,0,obstacle_cluster,Obstacle Cluster,mono,151,3,0.7535314559936523,49,49,0.0,47.042533945356304,0.0,0,
6,0,obstacle_cluster,Obstacle Cluster,mono,152,3,0.7535314559936523,49,49,0.0,47.042533945356304,0.0,0,
6,0,obstacle_cluster,Obstacle Cluster,mono,153,3,0.7535314559936523,49,49,0.0,47.042533945356304,0.0,0,
6,0,obstacle_cluster,Obstacle Cluster,mono,154,3,0.7535314559936523,49,49,0.0,47.042533945356304,0.0,0,
6,0,obstacle_cluster,Obstacle Cluster,mono,155,3,0.7535314559936523,49,49,0.0,47.042533945356304,0.0,0,
6,0,obstacle_cluster,Obstacle Cluster,mono,156,3,0.7535314559936523,49,49,0.0,47.042533945356304,0.0,0,
6,0,obstacle_cluster,Obstacle Cluster,mono,157,3,0.7535314559936523,49,49,0.0,47.042533945356304,0.0,0,
6,0,obstacle_cluster,Obstacle Cluster,mono,158,3,0.7535314559936523,49,49,0.0,47.042533945356304,0.0,0,
6,0,obstacle_cluster,Obstacle Cluster,mono,159,3,0.7535314559936523,49,49,0.0,47.042533945356304,0.0,0,
6,0,obstacle_cluster,Obstacle Cluster,mono,160,3,0.7535314559936523,49,49,0.0,47.042533945356304,0.0,0,
6,0,obstacle_cluster,Obstacle Cluster,mono,161,3,0.7535314559936523,49,49,0.0,47.042533945356304,0.0,0,
6,0,obstacle_cluster,Obstacle Cluster,mono,162,3,0.7535314559936523,49,49,0.0,47.042533945356304,0.0,0,
6,0,obstacle_cluster,Obstacle Cluster,mono,163,3,0.7535314559936523,49,49,0.0,47.042533945356304,0.0,0,
6,0,obstacle_cluster,Obstacle Cluster,mono,164,3,0.7535314559936523,49,49,0.0,47.042533945356304,0.0,0,
6,0,obstacle_cluster,Obstacle Cluster,mono,165,3,0.7535314559936523,49,49,0.0,47.042533945356304,0.0,0,
6,0,obstacle_cluster,Obstacle Cluster,mono,166,3,0.7535314559936523,49,49,0.0,47.042533945356304,0.0,0,
6,0,obstacle_cluster,Obstacle Cluster,mono,167,3,0.7535314559936523,49,49,0.0,47.042533945356304,0.0,0,
6,0,obstacle_cluster,Obstacle Cluster,mono,168,3,0.7535314559936523,49,49,0.0,47.042533945356304,0.0,0,
6,0,obstacle_cluster,Obstacle Cluster,mono,169,3,0.7535314559936523,49,49,0.0,47.042533945356304,0.0,0,
6,0,obstacle_cluster,Obstacle Cluster,mono,170,3,0.7535314559936523,49,49,0.0,47.042533945356304,0.0,0,
6,0,obstacle_cluster,Obstacle Cluster,mono,171,3,0.7535314559936523,49,49,0.0,47.042533945356304,0.0,0,
6,0,obstacle_cluster,Obstacle Cluster,mono,172,3,0.7535314559936523,49,49,0.0,47.042533945356304,0.0,0,
6,0,obstacle_cluster,Obstacle Cluster,mono,173,3,0.7535314559936523,49,49,0.0,47.042533945356304,0.0,0,
6,0,obstacle_cluster,Obstacle Cluster,mono,174,3,0.7535314559936523,49,49,0.0,47.042533945356304,0.0,0,
6,0,obstacle_cluster,Obstacle Cluster,mono,175,3,0.7535314559936523,49,49,0.0,47.042533945356304,0.0,0,
6,0,obstacle_cluster,Obstacle Cluster,mono,176,3,0.7535314559936523,49,49,0.0,47.042533945356304,0.0,0,
6,0,obstacle_cluster,Obstacle Cluster,mono,177,3,0.7535314559936523,49,49,0.0,47.042533945356304,0.0,0,
6,0,obstacle_cluster,Obstacle Cluster,mono,178,3,0.7535314559936523,49,49,0.0,47.042533945356304,0.0,0,
6,0,obstacle_cluster,Obstacle Cluster,mono,179,3,0.7535314559936523,49,49,0.0,47.042533945356304,0.0,0,
6,0,obstacle_cluster,Obstacle Cluster,mono,180,3,0.7535314559936523,49,49,0.0,47.042533945356304,0.0,0,
6,0,obstacle_cluster,Obstacle Cluster,mono,181,3,0.7535314559936523,49,49,0.0,47.042533945356304,0.0,0,
6,0,obstacle_cluster,Obstacle Cluster,mono,182,3,0.7535314559936523,49,49,0.0,47.042533945356304,0.0,0,
6,0,obstacle_cluster,Obstacle Cluster,mono,183,3,0.7535314559936523,49,49,0.0,47.042533945356304,0.0,0,
6,0,obstacle_cluster,Obstacle Cluster,mono,184,3,0.7535314559936523,49,49,0.0,47.042533945356304,0.0,0,
6,0,obstacle_cluster,Obstacle Cluster,mono,185,3,0.7535314559936523,49,49,0.0,47.042533945356304,0.0,0,
6,0,obstacle_cluster,Obstacle Cluster,mono,186,3,0.7535314559936523,49,49,0.0,47.042533945356304,0.0,0,
6,0,obstacle_cluster,Obstacle Cluster,mono,187,3,0.7535314559936523,49,49,0.0,47.042533945356304,0.0,0,
6,0,obstacle_cluster,Obstacle Cluster,mono,188,3,0.7535314559936523,49,49,0.0,47.042533945356304,0.0,0,
6,0,obstacle_cluster,Obstacle Cluster,mono,189,3,0.7535314559936523,49,49,0.0,47.042533945356304,0.0,0,
6,0,obstacle_cluster,Obstacle Cluster,mono,190,3,0.7535314559936523,49,49,0.0,47.042533945356304,0.0,0,
6,0,obstacle_cluster,Obstacle Cluster,mono,191,3,0.7535314559936523,49,49,0.0,47.042533945356304,0.0,0,
6,0,obstacle_cluster,Obstacle Cluster,mono,192,3,0.7535314559936523,49,49,0.0,47.042533945356304,0.0,0,
6,0,obstacle_cluster,Obstacle Cluster,mono,193,3,0.7535314559936523,49,49,0.0,47.042533945356304,0.0,0,
6,0,obstacle_cluster,Obstacle Cluster,mono,194,3,0.7535314559936523,49,49,0.0,47.042533945356304,0.0,0,
6,0,obstacle_cluster,Obstacle Cluster,mono,195,3,0.7535314559936523,49,49,0.0,47.042533945356304,0.0,0,
6,0,obstacle_cluster,Obstacle Cluster,mono,196,3,0.7535314559936523,49,49,0.0,47.042533945356304,0.0,0,
6,0,obstacle_cluster,Obstacle Cluster,mono,197,3,0.7535314559936523,49,49,0.0,47.042533945356304,0.0,0,
6,0,obstacle_cluster,Obstacle Cluster,mono,198,3,0.7535314559936523,49,49,0.0,47.042533945356304,0.0,0,
6,0,obstacle_cluster,Obstacle Cluster,mono,199,3,0.7535314559936523,49,49,0.0,47.042533945356304,0.0,0,
6,0,obstacle_cluster,Obstacle Cluster,mono,200,3,0.7535314559936523,49,49,0.0,47.042533945356304,0.0,0,
7,0,lateral_maneuver,Lateral Maneuver,stereo,1,3,0.9875169396400452,3,3,0.0,54.817880294662984,1.4048908928194024,0,
7,0,lateral_maneuver,Lateral Maneuver,stereo,2,3,0.9862713813781738,4,4,0.0,53.41348144429457,1.4043988503684162,0,
7,0,lateral_maneuver,Lateral Maneuver,stereo,3,3,0.9850164651870728,5,5,0.0,52.009614495783374,1.4038669485111939,0,
7,0,lateral_maneuver,Lateral Maneuver,stereo,4,3,0.9837452173233032,6,6,0.0,50.60632371551998,1.4032907802633972,0,
7,0,lateral_maneuver,Lateral Maneuver,stereo,5,3,0.9824588298797607,7,7,0.0,49.20365840057018,1.4026653149498003,0,
7,0,lateral_maneuver,Lateral Maneuver,stereo,6,3,0.9811313152313232,8,8,0.0,47.80167361086848,1.4019847897017002,0,
7,0,lateral_maneuver,Lateral Maneuver,stereo,7,3,0.9798021912574768,9,9,0.0,46.400431032480725,1.4012425783877518,0,
7,0,lateral_maneuver,Lateral Maneuver,stereo,8,3,0.9785270690917969,10,10,0.39911261200904846,45.0,1.400431032480725,0,
7,0,lateral_maneuver,Lateral Maneuver,stereo,9,3,0.9772455096244812,11,11,0.26157405972480774,43.60045871318328,1.3995412868167207,0,
7,0,lateral_maneuver,Lateral Maneuver,stereo,10,3,0.9759835600852966,12,12,0.1641589254140854,42.20189569201838,1.3985630211648967,0,
7,0,lateral_maneuver,Lateral Maneuver,stereo,11,3,0.9747945070266724,13,13,0.0,40.80441152620633,1.3974841658120525,0,
7,0,lateral_maneuver,Lateral Maneuver,stereo,12,3,0.9736852645874023,14,14,0.0,39.408120990476064,1.396290535730266,0,
7,0,lateral_maneuver,Lateral Maneuver,stereo,13,3,0.9726364612579346,15,15,0.0,38.01315561749642,1.394965372979641,0,
7,0,lateral_maneuver,Lateral Maneuver,stereo,14,3,0.9716450572013855,16,16,0.0,36.61966684720111,1.3934887702953134,0,
7,0,lateral_maneuver,Lateral Maneuver,stereo,15,3,0.9707023501396179,17,17,0.0,35.22782990761707,1.3918369395840386,0,
7,0,lateral_maneuver,Lateral Maneuver,stereo,16,3,0.9699872732162476,18,18,0.34182098507881165,33.83784863137726,1.3899812762398085,0,
7,0,lateral_maneuver,Lateral Maneuver,stereo,17,3,0.9693881273269653,19,19,0.040509261190891266,32.449961479175904,1.3878871522013583,0,
7,0,lateral_maneuver,Lateral Maneuver,stereo,18,3,0.9688543081283569,20,20,0.5138888359069824,31.064449134018133,1.385512345157771,0,
7,0,lateral_maneuver,Lateral Maneuver,stereo,19,3,0.9683980941772461,21,21,0.14872685074806213,29.68164415931166,1.382804974706474,0,
7,0,lateral_maneuver,Lateral Maneuver,stereo,20,3,0.9679843783378601,22,22,0.2989968955516815,28.30194339616981,1.379700763141848,0,
7,0,lateral_maneuver,Lateral Maneuver,stereo,21,3,0.9676982164382935,23,23,0.0,26.92582403567252,1.3761193604972917,0,
7,0,lateral_maneuver,Lateral Maneuver,stereo,22,3,0.9674757719039917,24,24,0.03375771641731262,25.553864678361276,1.371959357311244,0,
7,0,lateral_maneuver,Lateral Maneuver,stereo,23,3,0.9673361778259277,25,25,0.0,24.186773244895647,1.3670914334656281,0,
7,0,lateral_maneuver,Lateral Maneuver,stereo,24,3,0.9672303795814514,26,26,0.0,22.825424421026653,1.361348823868994,0,
7,0,lateral_maneuver,Lateral Maneuver,stereo,25,3,0.9671000242233276,27,27,0.0,21.470910553583888,1.3545138674427655,0,
7,0,lateral_maneuver,Lateral Maneuver,stereo,26,3,0.9668940901756287,28,28,0.0,20.12461179749811,1.3462987560857798,0,
7,0,lateral_maneuver,Lateral Maneuver,stereo,27,3,0.9667615294456482,29,29,0.277777761220932,18.788294228055936,1.3363175694421727,0,
7,0,lateral_maneuver,Lateral Maneuver,stereo,28,3,0.9666896462440491,30,30,0.6655092239379883,17.46424919657298,1.3240450314829566,0,
7,0,lateral_maneuver,Lateral Maneuver,stereo,29,3,0.966619610786438,31,31,0.5501542687416077,16.15549442140351,1.3087547751694686,0,
7,0,lateral_maneuver,Lateral Maneuver,stereo,30,3,0.9665648937225342,32,32,0.0,14.866068747318506,1.2894256740850043,0,
7,0,lateral_maneuver,Lateral Maneuver,stereo,31,3,0.9664269089698792,33,33,0.0,13.601470508735444,1.264598238583062,0,
7,0,lateral_maneuver,Lateral Maneuver,stereo,32,3,0.9663183689117432,34,34,0.0,12.36931687685298,1.232153631882463,0,
7,0,lateral_maneuver,Lateral Maneuver,stereo,33,3,0.9661593437194824,35,35,0.5189042687416077,11.180339887498949,1.1889769893540318,0,
7,0,lateral_maneuver,Lateral Maneuver,stereo,34,3,0.9658511877059937,36,36,0.16242282092571259,10.04987562112089,1.130464266378059,0,
7,0,lateral_maneuver,Lateral Maneuver,stereo,35,3,0.9653357267379761,37,37,0.0,9.0,1.04987562112089,0,
7,0,lateral_maneuver,Lateral Maneuver,stereo,36,3,0.9648521542549133,38,38,0.0,8.06225774829855,0.9377422517014509,0,
7,0,lateral_maneuver,Lateral Maneuver,stereo,37,3,0.9643340706825256,39,39,0.11766974627971649,7.280109889280518,0.7821478590180311,0,
7,0,lateral_maneuver,Lateral Maneuver,stereo,38,3,0.9638397693634033,40,40,0.0,6.708203932499369,0.5719059567811486,0,
7,0,lateral_maneuver,Lateral Maneuver,stereo,39,3,0.9636202454566956,41,41,0.7606095671653748,6.4031242374328485,0.3050796950665209,0,
7,0,lateral_maneuver,Lateral Maneuver,stereo,40,3,0.9633697867393494,42,42,0.5405091643333435,6.4031242374328485,0.0,0,
7,0,lateral_maneuver,Lateral Maneuver,stereo,41,3,0.9631654024124146,43,43,0.02256944216787815,6.708203932499369,-0.3050796950665209,0,
7,0,lateral_maneuver,Lateral Maneuver,stereo,42,3,0.9630045294761658,44,44,0.28452926874160767,7.280109889280518,-0.5719059567811486,0,
7,0,lateral_maneuver,Lateral Maneuver,stereo,43,3,0.9629296660423279,45,45,0.0,8.06225774829855,-0.7821478590180311,0,
7,0,lateral_maneuver,Lateral Maneuver,stereo,44,3,0.9628380537033081,46,46,0.0,9.0,-0.9377422517014509,0,
7,0,lateral_maneuver,Lateral Maneuver,stereo,45,3,0.9626591801643372,47,47,0.0,10.04987562112089,-1.04987562112089,0,
7,0,lateral_maneuver,Lateral Maneuver,stereo,46,3,0.9624509811401367,48,48,0.39351847767829895,11.180339887498949,-1.130464266378059,0,
7,0,lateral_maneuver,Lateral Maneuver,stereo,47,3,0.9622142910957336,49,49,0.011574074625968933,12.36931687685298,-1.1889769893540318,0,
7,0,lateral_maneuver,Lateral Maneuver,stereo,48,3,0.9619912505149841,49,49,0.011574074625968933,12.36931687685298,0.0,0,
7,0,lateral_maneuver,Lateral Maneuver,stereo,49,3,0.9619912505149841,49,49,0.011574074625968933,12.36931687685298,0.0,0,
7,0,lateral_maneuver,Lateral Maneuver,stereo,50,3,0.9619912505149841,49,49,0.011574074625968933,12.36931687685298,0.0,0,
7,0,lateral_maneuver,Lateral Maneuver,stereo,51,3,0.9619912505149841,49,49,0.011574074625968933,12.36931687685298,0.0,0,
7,0,lateral_maneuver,Lateral Maneuver,stereo,52,3,0.9619912505149841,49,49,0.011574074625968933,12.36931687685298,0.0,0,
7,0,lateral_maneuver,Lateral Maneuver,stereo,53,3,0.9619912505149841,49,49,0.011574074625968933,12.36931687685298,0.0,0,
7,0,lateral_maneuver,Lateral Maneuver,stereo,54,3,0.9619912505149841,49,49,0.011574074625968933,12.36931687685298,0.0,0,
7,0,lateral_maneuver,Lateral Maneuver,stereo,55,3,0.9619912505149841,49,49,0.011574074625968933,12.36931687685298,0.0,0,
7,0,lateral_maneuver,Lateral Maneuver,stereo,56,3,0.9619912505149841,49,49,0.011574074625968933,12.36931687685298,0.0,0,
7,0,lateral_maneuver,Lateral Maneuver,stereo,57,3,0.9619912505149841,49,49,0.011574074625968933,12.36931687685298,0.0,0,
7,0,lateral_maneuver,Lateral Maneuver,stereo,58,3,0.9619912505149841,49,49,0.011574074625968933,12.36931687685298,0.0,0,
7,0,lateral_maneuver,Lateral Maneuver,stereo,59,3,0.9619912505149841,49,49,0.011574074625968933,12.36931687685298,0.0,0,
7,0,lateral_maneuver,Lateral Maneuver,stereo,60,3,0.9619912505149841,49,49,0.011574074625968933,12.36931687685298,0.0,0,
7,0,lateral_maneuver,Lateral Maneuver,stereo,61,3,0.9619912505149841,49,49,0.011574074625968933,12.36931687685298,0.0,0,
7,0,lateral_maneuver,Lateral Maneuver,stereo,62,3,0.9619912505149841,49,49,0.011574074625968933,12.36931687685298,0.0,0,
7,0,lateral_maneuver,Lateral Maneuver,stereo,63,3,0.9619912505149841,49,49,0.011574074625968933,12.36931687685298,0.0,0,
7,0,lateral_maneuver,Lateral Maneuver,stereo,64,3,0.9619912505149841,49,49,0.011574074625968933,12.36931687685298,0.0,0,
7,0,lateral_maneuver,Lateral Maneuver,stereo,65,3,0.9619912505149841,49,49,0.011574074625968933,12.36931687685298,0.0,0,
7,0,lateral_maneuver,Lateral Maneuver,stereo,66,3,0.9619912505149841,49,49,0.011574074625968933,12.36931687685298,0.0,0,
7,0,lateral_maneuver,Lateral Maneuver,stereo,67,3,0.9619912505149841,49,49,0.011574074625968933,12.36931687685298,0.0,0,
7,0,lateral_maneuver,Lateral Maneuver,stereo,68,3,0.9619912505149841,49,49,0.011574074625968933,12.36931687685298,0.0,0,
7,0,lateral_maneuver,Lateral Maneuver,stereo,69,3,0.9619912505149841,49,49,0.011574074625968933,12.36931687685298,0.0,0,
7,0,lateral_maneuver,Lateral Maneuver,stereo,70,3,0.9619912505149841,49,49,0.011574074625968933,12.36931687685298,0.0,0,
7,0,lateral_maneuver,Lateral Maneuver,stereo,71,3,0.9619912505149841,49,49,0.011574074625968933,12.36931687685298,0.0,0,
7,0,lateral_maneuver,Lateral Maneuver,stereo,72,3,0.9619912505149841,49,49,0.011574074625968933,12.36931687685298,0.0,0,
7,0,lateral_maneuver,Lateral Maneuver,stereo,73,3,0.9619912505149841,49,49,0.011574074625968933,12.36931687685298,0.0,0,
7,0,lateral_maneuver,Lateral Maneuver,stereo,74,3,0.9619912505149841,49,49,0.011574074625968933,12.36931687685298,0.0,0,
7,0,lateral_maneuver,Lateral Maneuver,stereo,75,3,0.9619912505149841,49,49,0.011574074625968933,12.36931687685298,0.0,0,
7,0,lateral_maneuver,Lateral Maneuver,stereo,76,3,0.9619912505149841,49,49,0.011574074625968933,12.36931687685298,0.0,0,
7,0,lateral_maneuver,Lateral Maneuver,stereo,77,3,0.9619912505149841,49,49,0.011574074625968933,12.36931687685298,0.0,0,
7,0,lateral_maneuver,Lateral Maneuver,stereo,78,3,0.9619912505149841,49,49,0.011574074625968933,12.36931687685298,0.0,0,
7,0,lateral_maneuver,Lateral Maneuver,stereo,79,3,0.9619912505149841,49,49,0.011574074625968933,12.36931687685298,0.0,0,
7,0,lateral_maneuver,Lateral Maneuver,stereo,80,3,0.9619912505149841,49,49,0.011574074625968933,12.36931687685298,0.0,0,
7,0,lateral_maneuver,Lateral Maneuver,stereo,81,3,0.9619912505149841,49,49,0.011574074625968933,12.36931687685298,0.0,0,
7,0,lateral_maneuver,Lateral Maneuver,stereo,82,3,0.9619912505149841,49,49,0.011574074625968933,12.36931687685298,0.0,0,
7,0,lateral_maneuver,Lateral Maneuver,stereo,83,3,0.9619912505149841,49,49,0.011574074625968933,12.36931687685298,0.0,0,
7,0,lateral_maneuver,Lateral Maneuver,stereo,84,3,0.9619912505149841,49,49,0.011574074625968933,12.36931687685298,0.0,0,
7,0,lateral_maneuver,Lateral Maneuver,stereo,85,3,0.9619912505149841,49,49,0.011574074625968933,12.36931687685298,0.0,0,
7,0,lateral_maneuver,Lateral Maneuver,stereo,86,3,0.9619912505149841,49,49,0.011574074625968933,12.36931687685298,0.0,0,
7,0,lateral_maneuver,Lateral Maneuver,stereo,87,3,0.9619912505149841,49,49,0.011574074625968933,12.36931687685298,0.0,0,
7,0,lateral_maneuver,Lateral Maneuver,stereo,88,3,0.9619912505149841,49,49,0.011574074625968933,12.36931687685298,0.0,0,
7,0,lateral_maneuver,Lateral Maneuver,stereo,89,3,0.9619912505149841,49,49,0.011574074625968933,12.36931687685298,0.0,0,
7,0,lateral_maneuver,Lateral Maneuver,stereo,90,3,0.9619912505149841,49,49,0.011574074625968933,12.36931687685298,0.0,0,
7,0,lateral_maneuver,Lateral Maneuver,stereo,91,3,0.9619912505149841,49,49,0.011574074625968933,12.36931687685298,0.0,0,
7,0,lateral_maneuver,Lateral Maneuver,stereo,92,3,0.9619912505149841,49,49,0.011574074625968933,12.36931687685298,0.0,0,
7,0,lateral_maneuver,Lateral Maneuver,stereo,93,3,0.9619912505149841,49,49,0.011574074625968933,12.36931687685298,0.0,0,
7,0,lateral_maneuver,Lateral Maneuver,stereo,94,3,0.9619912505149841,49,49,0.011574074625968933,12.36931687685298,0.0,0,
7,0,lateral_maneuver,Lateral Maneuver,stereo,95,3,0.9619912505149841,49,49,0.011574074625968933,12.36931687685298,0.0,0,
7,0,lateral_maneuver,Lateral Maneuver,stereo,96,3,0.9619912505149841,49,49,0.011574074625968933,12.36931687685298,0.0,0,
7,0,lateral_maneuver,Lateral Maneuver,stereo,97,3,0.9619912505149841,49,49,0.011574074625968933,12.36931687685298,0.0,0,
7,0,lateral_maneuver,Lateral Maneuver,stereo,98,3,0.9619912505149841,49,49,0.011574074625968933,12.36931687685298,0.0,0,
7,0,lateral_maneuver,Lateral Maneuver,stereo,99,3,0.9619912505149841,49,49,0.011574074625968933,12.36931687685298,0.0,0,
7,0,lateral_maneuver,Lateral Maneuver,stereo,100,3,0.9619912505149841,49,49,0.011574074625968933,12.36931687685298,0.0,0,
7,0,lateral_maneuver,Lateral Maneuver,stereo,101,3,0.9619912505149841,49,49,0.011574074625968933,12.36931687685298,0.0,0,
7,0,lateral_maneuver,Lateral Maneuver,stereo,102,3,0.9619912505149841,49,49,0.011574074625968933,12.36931687685298,0.0,0,
7,0,lateral_maneuver,Lateral Maneuver,stereo,103,3,0.9619912505149841,49,49,0.011574074625968933,12.36931687685298,0.0,0,
7,0,lateral_maneuver,Lateral Maneuver,stereo,104,3,0.9619912505149841,49,49,0.011574074625968933,12.36931687685298,0.0,0,
7,0,lateral_maneuver,Lateral Maneuver,stereo,105,3,0.9619912505149841,49,49,0.011574074625968933,12.36931687685298,0.0,0,
7,0,lateral_maneuver,Lateral Maneuver,stereo,106,3,0.9619912505149841,49,49,0.011574074625968933,12.36931687685298,0.0,0,
7,0,lateral_maneuver,Lateral Maneuver,stereo,107,3,0.9619912505149841,49,49,0.011574074625968933,12.36931687685298,0.0,0,
7,0,lateral_maneuver,Lateral Maneuver,stereo,108,3,0.9619912505149841,49,49,0.011574074625968933,12.36931687685298,0.0,0,
7,0,lateral_maneuver,Lateral Maneuver,stereo,109,3,0.9619912505149841,49,49,0.011574074625968933,12.36931687685298,0.0,0,
7,0,lateral_maneuver,Lateral Maneuver,stereo,110,3,0.9619912505149841,49,49,0.011574074625968933,12.36931687685298,0.0,0,
7,0,lateral_maneuver,Lateral Maneuver,stereo,111,3,0.9619912505149841,49,49,0.011574074625968933,12.36931687685298,0.0,0,
7,0,lateral_maneuver,Lateral Maneuver,stereo,112,3,0.9619912505149841,49,49,0.011574074625968933,12.36931687685298,0.0,0,
7,0,lateral_maneuver,Lateral Maneuver,stereo,113,3,0.9619912505149841,49,49,0.011574074625968933,12.36931687685298,0.0,0,
7,0,lateral_maneuver,Lateral Maneuver,stereo,114,3,0.9619912505149841,49,49,0.011574074625968933,12.36931687685298,0.0,0,
7,0,lateral_maneuver,Lateral Maneuver,stereo,115,3,0.9619912505149841,49,49,0.011574074625968933,12.36931687685298,0.0,0,
7,0,lateral_maneuver,Lateral Maneuver,stereo,116,3,0.9619912505149841,49,49,0.011574074625968933,12.36931687685298,0.0,0,
7,0,lateral_maneuver,Lateral Maneuver,stereo,117,3,0.9619912505149841,49,49,0.011574074625968933,12.36931687685298,0.0,0,
7,0,lateral_maneuver,Lateral Maneuver,stereo,118,3,0.9619912505149841,49,49,0.011574074625968933,12.36931687685298,0.0,0,
7,0,lateral_maneuver,Lateral Maneuver,stereo,119,3,0.9619912505149841,49,49,0.011574074625968933,12.36931687685298,0.0,0,
7,0,lateral_maneuver,Lateral Maneuver,stereo,120,3,0.9619912505149841,49,49,0.011574074625968933,12.36931687685298,0.0,0,
7,0,lateral_maneuver,Lateral Maneuver,stereo,121,3,0.9619912505149841,49,49,0.011574074625968933,12.36931687685298,0.0,0,
7,0,lateral_maneuver,Lateral Maneuver,stereo,122,3,0.9619912505149841,49,49,0.011574074625968933,12.36931687685298,0.0,0,
7,0,lateral_maneuver,Lateral Maneuver,stereo,123,3,0.9619912505149841,49,49,0.011574074625968933,12.36931687685298,0.0,0,
7,0,lateral_maneuver,Lateral Maneuver,stereo,124,3,0.9619912505149841,49,49,0.011574074625968933,12.36931687685298,0.0,0,
7,0,lateral_maneuver,Lateral Maneuver,stereo,125,3,0.9619912505149841,49,49,0.011574074625968933,12.36931687685298,0.0,0,
7,0,lateral_maneuver,Lateral Maneuver,stereo,126,3,0.9619912505149841,49,49,0.011574074625968933,12.36931687685298,0.0,0,
7,0,lateral_maneuver,Lateral Maneuver,stereo,127,3,0.9619912505149841,49,49,0.011574074625968933,12.36931687685298,0.0,0,
7,0,lateral_maneuver,Lateral Maneuver,stereo,128,3,0.9619912505149841,49,49,0.011574074625968933,12.36931687685298,0.0,0,
7,0,lateral_maneuver,Lateral Maneuver,stereo,129,3,0.9619912505149841,49,49,0.011574074625968933,12.36931687685298,0.0,0,
7,0,lateral_maneuver,Lateral Maneuver,stereo,130,3,0.9619912505149841,49,49,0.011574074625968933,12.36931687685298,0.0,0,
7,0,lateral_maneuver,Lateral Maneuver,stereo,131,3,0.9619912505149841,49,49,0.011574074625968933,12.36931687685298,0.0,0,
7,0,lateral_maneuver,Lateral Maneuver,stereo,132,3,0.9619912505149841,49,49,0.011574074625968933,12.36931687685298,0.0,0,
7,0,lateral_maneuver,Lateral Maneuver,stereo,133,3,0.9619912505149841,49,49,0.011574074625968933,12.36931687685298,0.0,0,
7,0,lateral_maneuver,Lateral Maneuver,stereo,134,3,0.9619912505149841,49,49,0.011574074625968933,12.36931687685298,0.0,0,
7,0,lateral_maneuver,Lateral Maneuver,stereo,135,3,0.9619912505149841,49,49,0.011574074625968933,12.36931687685298,0.0,0,
7,0,lateral_maneuver,Lateral Maneuver,stereo,136,3,0.9619912505149841,49,49,0.011574074625968933,12.36931687685298,0.0,0,
7,0,lateral_maneuver,Lateral Maneuver,stereo,137,3,0.9619912505149841,49,49,0.011574074625968933,12.36931687685298,0.0,0,
7,0,lateral_maneuver,Lateral Maneuver,stereo,138,3,0.9619912505149841,49,49,0.011574074625968933,12.36931687685298,0.0,0,
7,0,lateral_maneuver,Lateral Maneuver,stereo,139,3,0.9619912505149841,49,49,0.011574074625968933,12.36931687685298,0.0,0,
7,0,lateral_maneuver,Lateral Maneuver,stereo,140,3,0.9619912505149841,49,49,0.011574074625968933,12.36931687685298,0.0,0,
7,0,lateral_maneuver,Lateral Maneuver,stereo,141,3,0.9619912505149841,49,49,0.011574074625968933,12.36931687685298,0.0,0,
7,0,lateral_maneuver,Lateral Maneuver,stereo,142,3,0.9619912505149841,49,49,0.011574074625968933,12.36931687685298,0.0,0,
7,0,lateral_maneuver,Lateral Maneuver,stereo,143,3,0.9619912505149841,49,49,0.011574074625968933,12.36931687685298,0.0,0,
7,0,lateral_maneuver,Lateral Maneuver,stereo,144,3,0.9619912505149841,49,49,0.011574074625968933,12.36931687685298,0.0,0,
7,0,lateral_maneuver,Lateral Maneuver,stereo,145,3,0.9619912505149841,49,49,0.011574074625968933,12.36931687685298,0.0,0,
7,0,lateral_maneuver,Lateral Maneuver,stereo,146,3,0.9619912505149841,49,49,0.011574074625968933,12.36931687685298,0.0,0,
7,0,lateral_maneuver,Lateral Maneuver,stereo,147,3,0.9619912505149841,49,49,0.011574074625968933,12.36931687685298,0.0,0,
7,0,lateral_maneuver,Lateral Maneuver,stereo,148,3,0.9619912505149841,49,49,0.011574074625968933,12.36931687685298,0.0,0,
7,0,lateral_maneuver,Lateral Maneuver,stereo,149,3,0.9619912505149841,49,49,0.011574074625968933,12.36931687685298,0.0,0,
7,0,lateral_maneuver,Lateral Maneuver,stereo,150,3,0.9619912505149841,49,49,0.011574074625968933,12.36931687685298,0.0,0,
7,0,lateral_maneuver,Lateral Maneuver,stereo,151,3,0.9619912505149841,49,49,0.011574074625968933,12.36931687685298,0.0,0,
7,0,lateral_maneuver,Lateral Maneuver,stereo,152,3,0.9619912505149841,49,49,0.011574074625968933,12.36931687685298,0.0,0,
7,0,lateral_maneuver,Lateral Maneuver,stereo,153,3,0.9619912505149841,49,49,0.011574074625968933,12.36931687685298,0.0,0,
7,0,lateral_maneuver,Lateral Maneuver,stereo,154,3,0.9619912505149841,49,49,0.011574074625968933,12.36931687685298,0.0,0,
7,0,lateral_maneuver,Lateral Maneuver,stereo,155,3,0.9619912505149841,49,49,0.011574074625968933,12.36931687685298,0.0,0,
7,0,lateral_maneuver,Lateral Maneuver,stereo,156,3,0.9619912505149841,49,49,0.011574074625968933,12.36931687685298,0.0,0,
7,0,lateral_maneuver,Lateral Maneuver,stereo,157,3,0.9619912505149841,49,49,0.011574074625968933,12.36931687685298,0.0,0,
7,0,lateral_maneuver,Lateral Maneuver,stereo,158,3,0.9619912505149841,49,49,0.011574074625968933,12.36931687685298,0.0,0,
7,0,lateral_maneuver,Lateral Maneuver,stereo,159,3,0.9619912505149841,49,49,0.011574074625968933,12.36931687685298,0.0,0,
7,0,lateral_maneuver,Lateral Maneuver,stereo,160,3,0.9619912505149841,49,49,0.011574074625968933,12.36931687685298,0.0,0,
7,0,lateral_maneuver,Lateral Maneuver,stereo,161,3,0.9619912505149841,49,49,0.011574074625968933,12.36931687685298,0.0,0,
7,0,lateral_maneuver,Lateral Maneuver,stereo,162,3,0.9619912505149841,49,49,0.011574074625968933,12.36931687685298,0.0,0,
7,0,lateral_maneuver,Lateral Maneuver,stereo,163,3,0.9619912505149841,49,49,0.011574074625968933,12.36931687685298,0.0,0,
7,0,lateral_maneuver,Lateral Maneuver,stereo,164,3,0.9619912505149841,49,49,0.011574074625968933,12.36931687685298,0.0,0,
7,0,lateral_maneuver,Lateral Maneuver,stereo,165,3,0.9619912505149841,49,49,0.011574074625968933,12.36931687685298,0.0,0,
7,0,lateral_maneuver,Lateral Maneuver,stereo,166,3,0.9619912505149841,49,49,0.011574074625968933,12.36931687685298,0.0,0,
7,0,lateral_maneuver,Lateral Maneuver,stereo,167,3,0.9619912505149841,49,49,0.011574074625968933,12.36931687685298,0.0,0,
7,0,lateral_maneuver,Lateral Maneuver,stereo,168,3,0.9619912505149841,49,49,0.011574074625968933,12.36931687685298,0.0,0,
7,0,lateral_maneuver,Lateral Maneuver,stereo,169,3,0.9619912505149841,49,49,0.011574074625968933,12.36931687685298,0.0,0,
7,0,lateral_maneuver,Lateral Maneuver,stereo,170,3,0.9619912505149841,49,49,0.011574074625968933,12.36931687685298,0.0,0,
7,0,lateral_maneuver,Lateral Maneuver,stereo,171,3,0.9619912505149841,49,49,0.011574074625968933,12.36931687685298,0.0,0,
7,0,lateral_maneuver,Lateral Maneuver,stereo,172,3,0.9619912505149841,49,49,0.011574074625968933,12.36931687685298,0.0,0,
7,0,lateral_maneuver,Lateral Maneuver,stereo,173,3,0.9619912505149841,49,49,0.011574074625968933,12.36931687685298,0.0,0,
7,0,lateral_maneuver,Lateral Maneuver,stereo,174,3,0.9619912505149841,49,49,0.011574074625968933,12.36931687685298,0.0,0,
7,0,lateral_maneuver,Lateral Maneuver,stereo,175,3,0.9619912505149841,49,49,0.011574074625968933,12.36931687685298,0.0,0,
7,0,lateral_maneuver,Lateral Maneuver,stereo,176,3,0.9619912505149841,49,49,0.011574074625968933,12.36931687685298,0.0,0,
7,0,lateral_maneuver,Lateral Maneuver,stereo,177,3,0.9619912505149841,49,49,0.011574074625968933,12.36931687685298,0.0,0,
7,0,lateral_maneuver,Lateral Maneuver,stereo,178,3,0.9619912505149841,49,49,0.011574074625968933,12.36931687685298,0.0,0,
7,0,lateral_maneuver,Lateral Maneuver,stereo,179,3,0.9619912505149841,49,49,0.011574074625968933,12.36931687685298,0.0,0,
7,0,lateral_maneuver,Lateral Maneuver,stereo,180,3,0.9619912505149841,49,49,0.011574074625968933,12.36931687685298,0.0,0,
7,0,lateral_maneuver,Lateral Maneuver,stereo,181,3,0.9619912505149841,49,49,0.011574074625968933,12.36931687685298,0.0,0,
7,0,lateral_maneuver,Lateral Maneuver,stereo,182,3,0.9619912505149841,49,49,0.011574074625968933,12.36931687685298,0.0,0,
7,0,lateral_maneuver,Lateral Maneuver,stereo,183,3,0.9619912505149841,49,49,0.011574074625968933,12.36931687685298,0.0,0,
7,0,lateral_maneuver,Lateral Maneuver,stereo,184,3,0.9619912505149841,49,49,0.011574074625968933,12.36931687685298,0.0,0,
7,0,lateral_maneuver,Lateral Maneuver,stereo,185,3,0.9619912505149841,49,49,0.011574074625968933,12.36931687685298,0.0,0,
7,0,lateral_maneuver,Lateral Maneuver,stereo,186,3,0.9619912505149841,49,49,0.011574074625968933,12.36931687685298,0.0,0,
7,0,lateral_maneuver,Lateral Maneuver,stereo,187,3,0.9619912505149841,49,49,0.011574074625968933,12.36931687685298,0.0,0,
7,0,lateral_maneuver,Lateral Maneuver,stereo,188,3,0.9619912505149841,49,49,0.011574074625968933,12.36931687685298,0.0,0,
7,0,lateral_maneuver,Lateral Maneuver,stereo,189,3,0.9619912505149841,49,49,0.011574074625968933,12.36931687685298,0.0,0,
7,0,lateral_maneuver,Lateral Maneuver,stereo,190,3,0.9619912505149841,49,49,0.011574074625968933,12.36931687685298,0.0,0,
7,0,lateral_maneuver,Lateral Maneuver,stereo,191,3,0.9619912505149841,49,49,0.011574074625968933,12.36931687685298,0.0,0,
7,0,lateral_maneuver,Lateral Maneuver,stereo,192,3,0.9619912505149841,49,49,0.011574074625968933,12.36931687685298,0.0,0,
7,0,lateral_maneuver,Lateral Maneuver,stereo,193,3,0.9619912505149841,49,49,0.011574074625968933,12.36931687685298,0.0,0,
7,0,lateral_maneuver,Lateral Maneuver,stereo,194,3,0.9619912505149841,49,49,0.011574074625968933,12.36931687685298,0.0,0,
7,0,lateral_maneuver,Lateral Maneuver,stereo,195,3,0.9619912505149841,49,49,0.011574074625968933,12.36931687685298,0.0,0,
7,0,lateral_maneuver,Lateral Maneuver,stereo,196,3,0.9619912505149841,49,49,0.011574074625968933,12.36931687685298,0.0,0,
7,0,lateral_maneuver,Lateral Maneuver,stereo,197,3,0.9619912505149841,49,49,0.011574074625968933,12.36931687685298,0.0,0,
7,0,lateral_maneuver,Lateral Maneuver,stereo,198,3,0.9619912505149841,49,49,0.011574074625968933,12.36931687685298,0.0,0,
7,0,lateral_maneuver,Lateral Maneuver,stereo,199,3,0.9619912505149841,49,49,0.011574074625968933,12.36931687685298,0.0,0,
7,0,lateral_maneuver,Lateral Maneuver,stereo,200,3,0.9619912505149841,49,49,0.011574074625968933,12.36931687685298,0.0,0,
8,0,lateral_maneuver,Lateral Maneuver,mono,1,3,1.0,3,3,0.0,54.817880294662984,1.4048908928194024,0,
8,0,lateral_maneuver,Lateral Maneuver,mono,2,3,0.9999998807907104,4,4,0.0,53.41348144429457,1.4043988503684162,0,
8,0,lateral_maneuver,Lateral Maneuver,mono,3,3,0.9999998807907104,5,5,0.0,52.009614495783374,1.4038669485111939,0,
8,0,lateral_maneuver,Lateral Maneuver,mono,4,3,0.9999998807907104,6,6,0.0,50.60632371551998,1.4032907802633972,0,
8,0,lateral_maneuver,Lateral Maneuver,mono,5,3,0.9999998807907104,7,7,0.0,49.20365840057018,1.4026653149498003,0,
8,0,lateral_maneuver,Lateral Maneuver,mono,6,3,0.9999998807907104,8,8,0.0,47.80167361086848,1.4019847897017002,0,
8,0,lateral_maneuver,Lateral Maneuver,mono,7,3,0.9999998807907104,9,9,0.0,46.400431032480725,1.4012425783877518,0,
8,0,lateral_maneuver,Lateral Maneuver,mono,8,3,0.9999998807907104,10,10,0.0,45.0,1.400431032480725,0,
8,0,lateral_maneuver,Lateral Maneuver,mono,9,3,0.9999997615814209,11,11,0.0,43.60045871318328,1.3995412868167207,0,
8,0,lateral_maneuver,Lateral Maneuver,mono,10,3,0.9999997615814209,12,12,0.0,42.20189569201838,1.3985630211648967,0,
8,0,lateral_maneuver,Lateral Maneuver,mono,11,3,0.9999997615814209,13,13,0.0,40.80441152620633,1.3974841658120525,0,
8,0,lateral_maneuver,Lateral Maneuver,mono,12,3,0.9999997615814209,14,14,0.0,39.408120990476064,1.396290535730266,0,
8,0,lateral_maneuver,Lateral Maneuver,mono,13,3,0.9999997615814209,15,15,0.0,38.01315561749642,1.394965372979641,0,
8,0,lateral_maneuver,Lateral Maneuver,mono,14,3,0.9999996423721313,16,16,0.0,36.61966684720111,1.3934887702953134,0,
8,0,lateral_maneuver,Lateral Maneuver,mono,15,3,0.9999996423721313,17,17,0.0,35.22782990761707,1.3918369395840386,0,
8,0,lateral_maneuver,Lateral Maneuver,mono,16,3,0.9999996423721313,18,18,0.0,33.83784863137726,1.3899812762398085,0,
8,0,lateral_maneuver,Lateral Maneuver,mono,17,3,0.9999996423721313,19,19,0.0,32.449961479175904,1.3878871522013583,0,
8,0,lateral_maneuver,Lateral Maneuver,mono,18,3,0.9999996423721313,20,20,0.0,31.064449134018133,1.385512345157771,0,
8,0,lateral_maneuver,Lateral Maneuver,mono,19,3,0.9999996423721313,21,21,0.0,29.68164415931166,1.382804974706474,0,
8,0,lateral_maneuver,Lateral Maneuver,mono,20,3,0.9999996423721313,22,22,0.0,28.30194339616981,1.379700763141848,0,
8,0,lateral_maneuver,Lateral Maneuver,mono,21,3,0.9999995231628418,23,23,0.0,26.92582403567252,1.3761193604972917,0,
8,0,lateral_maneuver,Lateral Maneuver,mono,22,3,0.9999995231628418,24,24,0.0,25.553864678361276,1.371959357311244,0,
8,0,lateral_maneuver,Lateral Maneuver,mono,23,3,0.9999995231628418,25,25,0.0,24.186773244895647,1.3670914334656281,0,
8,0,lateral_maneuver,Lateral Maneuver,mono,24,3,0.9999995231628418,26,26,0.0,22.825424421026653,1.361348823868994,0,
8,0,lateral_maneuver,Lateral Maneuver,mono,25,3,0.9999995231628418,27,27,0.0,21.470910553583888,1.3545138674427655,0,
8,0,lateral_maneuver,Lateral Maneuver,mono,26,3,0.9999996423721313,28,28,0.0,20.12461179749811,1.3462987560857798,0,
8,0,lateral_maneuver,Lateral Maneuver,mono,27,3,0.9999996423721313,29,29,0.0,18.788294228055936,1.3363175694421727,0,
8,0,lateral_maneuver,Lateral Maneuver,mono,28,3,0.9999996423721313,30,30,0.0,17.46424919657298,1.3240450314829566,0,
8,0,lateral_maneuver,Lateral Maneuver,mono,29,3,0.9999996423721313,31,31,0.0,16.15549442140351,1.3087547751694686,0,
8,0,lateral_maneuver,Lateral Maneuver,mono,30,3,0.9999996423721313,32,32,0.0,14.866068747318506,1.2894256740850043,0,
8,0,lateral_maneuver,Lateral Maneuver,mono,31,3,0.9999996423721313,33,33,0.0,13.601470508735444,1.264598238583062,0,
8,0,lateral_maneuver,Lateral Maneuver,mono,32,3,0.9999996423721313,34,34,0.0,12.36931687685298,1.232153631882463,0,
8,0,lateral_maneuver,Lateral Maneuver,mono,33,3,0.9999996423721313,35,35,0.0,11.180339887498949,1.1889769893540318,0,
8,0,lateral_maneuver,Lateral Maneuver,mono,34,3,0.9999997615814209,36,36,0.0,10.04987562112089,1.130464266378059,0,
8,0,lateral_maneuver,Lateral Maneuver,mono,35,3,0.9999997615814209,37,37,0.0,9.0,1.04987562112089,0,
8,0,lateral_maneuver,Lateral Maneuver,mono,36,3,0.9999997615814209,38,38,0.0,8.06225774829855,0.9377422517014509,0,
8,0,lateral_maneuver,Lateral Maneuver,mono,37,3,0.9999997615814209,39,39,0.0,7.280109889280518,0.7821478590180311,0,
8,0,lateral_maneuver,Lateral Maneuver,mono,38,3,0.9999997615814209,40,40,0.9758872985839844,6.708203932499369,0.5719059567811486,1,collision_risk
9,0,stress_density,Stress Density,stereo,1,3,1.0,3,3,0.0,26.68332812825267,1.2093232337100375,0,
9,0,stress_density,Stress Density,stereo,2,3,1.0,4,4,0.0,25.495097567963924,1.1882305602887442,0,
9,0,stress_density,Stress Density,stereo,3,3,1.0,5,5,0.0,24.331050121192877,1.1640474467710469,0,
9,0,stress_density,Stress Density,stereo,4,3,1.0,6,6,0.0,23.194827009486403,1.1362231117064745,0,
9,0,stress_density,Stress Density,stereo,5,3,1.0,7,7,0.0,22.090722034374522,1.1041049751118805,0,
9,0,stress_density,Stress Density,stereo,6,3,1.0,8,8,0.0,21.02379604162864,1.0669259927458832,0,
9,0,stress_density,Stress Density,stereo,7,3,1.0,9,9,0.0,20.0,1.0237960416286391,0,
9,0,stress_density,Stress Density,stereo,8,3,1.0,10,10,1.0,19.026297590440446,0.9737024095595537,1,collision_risk
10,0,stress_density,Stress Density,mono,1,3,1.0,3,3,0.0,26.68332812825267,1.2093232337100375,0,
10,0,stress_density,Stress Density,mono,2,3,1.0,4,4,0.0,25.495097567963924,1.1882305602887442,0,
10,0,stress_density,Stress Density,mono,3,3,1.0,5,5,0.0,24.331050121192877,1.1640474467710469,0,
10,0,stress_density,Stress Density,mono,4,3,1.0,6,6,0.0,23.194827009486403,1.1362231117064745,0,
10,0,stress_density,Stress Density,mono,5,3,1.0,7,7,0.0,22.090722034374522,1.1041049751118805,0,
10,0,stress_density,Stress Density,mono,6,3,1.0,8,8,0.0,21.02379604162864,1.0669259927458832,0,
10,0,stress_density,Stress Density,mono,7,3,1.0,9,9,0.0,20.0,1.0237960416286391,0,
10,0,stress_density,Stress Density,mono,8,3,1.0,10,10,0.0,19.026297590440446,0.9737024095595537,0,
10,0,stress_density,Stress Density,mono,9,3,1.0,11,11,0.0,18.110770276274835,0.9155273141656117,0,
10,0,stress_density,Stress Density,mono,10,3,1.0,12,12,0.0,17.26267650163207,0.8480937746427664,0,
10,0,stress_density,Stress Density,mono,11,3,1.0,13,13,0.0,16.492422502470642,0.7702539991614259,0,
10,0,stress_density,Stress Density,mono,12,3,1.0,14,14,0.0,15.811388300841896,0.6810342016287461,0,
10,0,stress_density,Stress Density,mono,13,3,1.0,15,15,0.0,15.231546211727817,0.579842089114079,0,
10,0,stress_density,Stress Density,mono,14,3,1.0,16,16,0.0,14.7648230602334,0.466723151494417,0,
10,0,stress_density,Stress Density,mono,15,3,1.0,17,17,0.0,14.422205101855956,0.3426179583774438,0,
10,0,stress_density,Stress Density,mono,16,3,1.0,18,18,0.0,14.212670403551895,0.20953469830406135,0,
10,0,stress_density,Stress Density,mono,17,3,1.0,19,19,0.0,14.142135623730951,0.07053477982094414,0,
10,0,stress_density,Stress Density,mono,18,3,1.0,20,20,0.0,14.212670403551895,-0.07053477982094414,0,
10,0,stress_density,Stress Density,mono,19,3,1.0,21,21,0.0,14.422205101855956,-0.20953469830406135,0,
10,0,stress_density,Stress Density,mono,20,3,1.0,22,22,0.0,14.7648230602334,-0.3426179583774438,0,
10,0,stress_density,Stress Density,mono,21,3,1.0,23,23,0.0,15.231546211727817,-0.466723151494417,0,
10,0,stress_density,Stress Density,mono,22,3,1.0,24,24,0.0,15.811388300841896,-0.579842089114079,0,
10,0,stress_density,Stress Density,mono,23,3,1.0,25,25,0.0,16.492422502470642,-0.6810342016287461,0,
10,0,stress_density,Stress Density,mono,24,3,1.0,26,26,0.0,17.26267650163207,-0.7702539991614259,0,
10,0,stress_density,Stress Density,mono,25,3,1.0,27,27,0.0,18.110770276274835,-0.8480937746427664,0,
10,0,stress_density,Stress Density,mono,26,3,1.0,28,28,0.0,19.026297590440446,-0.9155273141656117,0,
10,0,stress_density,Stress Density,mono,27,3,1.0,29,29,0.5449458956718445,20.0,-0.9737024095595537,0,
10,0,stress_density,Stress Density,mono,28,3,1.0,30,30,1.0,21.02379604162864,-1.0237960416286391,1,collision_risk
11,1,baseline_open,Baseline Open,stereo,1,3,0.9894763231277466,3,5,0.0,51.73973328110612,1.4109957825671273,0,
11,1,baseline_open,Baseline Open,stereo,2,3,0.988442599773407,4,6,0.0,50.32891812864648,1.4108151524596408,0,
11,1,baseline_open,Baseline Open,stereo,3,3,0.9874365329742432,5,7,0.0,48.91829923454004,1.4106188941064417,0,
11,1,baseline_open,Baseline Open,stereo,4,3,0.986400842666626,6,8,0.0,47.50789408087881,1.4104051536612232,0,
11,1,baseline_open,Baseline Open,stereo,5,3,0.9853309392929077,7,9,0.0,46.09772228646444,1.4101717944143743,0,
11,1,baseline_open,Baseline Open,stereo,6,3,0.9842064380645752,8,10,0.0,44.68780594300866,1.4099163434557767,0,
11,1,baseline_open,Baseline Open,stereo,7,3,0.9830705523490906,9,11,0.0,43.278170016764804,1.4096359262438583,0,
11,1,baseline_open,Baseline Open,stereo,8,3,0.9819076657295227,10,12,0.0,41.86884283091664,1.4093271858481629,0,
11,1,baseline_open,Baseline Open,stereo,9,3,0.9807106852531433,11,13,0.30574843287467957,40.45985664828782,1.4089861826288228,0,
11,1,baseline_open,Baseline Open,stereo,10,3,0.9794959425926208,12,14,0.11477622389793396,39.05124837953327,1.4086082687545485,0,
11,1,baseline_open,Baseline Open,stereo,11,3,0.9783030152320862,13,15,0.3190586566925049,37.64306044943742,1.408187930095849,0,
11,1,baseline_open,Baseline Open,stereo,12,3,0.9771479368209839,14,16,0.8823301792144775,36.235341863986875,1.4077185854505458,0,
11,1,baseline_open,Baseline Open,stereo,13,3,0.9759839177131653,15,17,0.7054398059844971,34.828149534535996,1.4071923294508792,0,
11,1,baseline_open,Baseline Open,stereo,14,3,0.9748374819755554,16,18,0.820408821105957,33.421549934136806,1.4065996003991899,0,
11,1,baseline_open,Baseline Open,stereo,15,3,0.973722517490387,17,19,0.2527005672454834,32.01562118716424,1.4059287469725632,0,
11,1,baseline_open,Baseline Open,stereo,16,3,0.9726383686065674,18,20,0.0,30.610455730027933,1.4051654571363095,0,
11,1,baseline_open,Baseline Open,stereo,17,3,0.9716030359268188,19,21,0.42534714937210083,29.206163733020468,1.4042919970074657,0,
11,1,baseline_open,Baseline Open,stereo,18,3,0.970608115196228,20,22,0.08584105223417282,27.80287754891569,1.403286184104779,0,
11,1,baseline_open,Baseline Open,stereo,19,3,0.9696884751319885,21,23,0.0,26.40075756488817,1.402119984027518,0,
11,1,baseline_open,Baseline Open,stereo,20,3,0.9687933325767517,22,24,0.0,25.0,1.4007575648881705,0,
11,1,baseline_open,Baseline Open,stereo,21,3,0.9679223895072937,23,25,0.0,23.600847442411894,1.3991525575881063,0,
11,1,baseline_open,Baseline Open,stereo,22,3,0.9670371413230896,24,26,0.09066358208656311,22.20360331117452,1.3972441312373753,0,
11,1,baseline_open,Baseline Open,stereo,23,3,0.9661974310874939,25,27,0.11091820895671844,20.808652046684813,1.3949512644897055,0,
11,1,baseline_open,Baseline Open,stereo,24,3,0.9652925133705139,26,28,0.45640426874160767,19.4164878389476,1.3921642077372134,0,
11,1,baseline_open,Baseline Open,stereo,25,3,0.9644314050674438,27,29,0.1093749925494194,18.027756377319946,1.3887314616276534,0,
11,1,baseline_open,Baseline Open,stereo,26,3,0.9634464979171753,28,30,0.0,16.64331697709324,1.3844394002267073,0,
11,1,baseline_open,Baseline Open,stereo,27,3,0.9624170660972595,29,31,0.3906249701976776,15.264337522473747,1.3789794546194916,0,
11,1,baseline_open,Baseline Open,stereo,28,3,0.9614230990409851,30,32,0.028935182839632034,13.892443989449804,1.3718935330239432,0,
11,1,baseline_open,Baseline Open,stereo,29,3,0.9604692459106445,31,33,0.0,12.529964086141668,1.3624799033081363,0,
11,1,baseline_open,Baseline Open,stereo,30,3,0.9592599272727966,32,34,0.02218364179134369,11.180339887498949,1.3496241986427187,0,
11,1,baseline_open,Baseline Open,stereo,31,3,0.9580110311508179,33,35,0.0,9.848857801796104,1.331482085702845,0,
11,1,baseline_open,Baseline Open,stereo,32,3,0.956964373588562,34,36,0.0,8.54400374531753,1.3048540564785736,0,
11,1,baseline_open,Baseline Open,stereo,33,3,0.9560970067977905,35,37,0.2058255821466446,7.280109889280518,1.2638938560370123,0,
11,1,baseline_open,Baseline Open,stereo,34,3,0.9552938342094421,36,38,0.005979938432574272,6.082762530298219,1.1973473589822987,0,
11,1,baseline_open,Baseline Open,stereo,35,3,0.9544830322265625,37,39,0.49768519401550293,5.0,1.0827625302982193,0,
11,1,baseline_open,Baseline Open,stereo,36,3,0.9537333250045776,38,40,0.5127314925193787,4.123105625617661,0.8768943743823394,0,
11,1,baseline_open,Baseline Open,stereo,37,3,0.9529137015342712,39,41,0.6963734030723572,3.605551275463989,0.5175543501536715,0,
11,1,baseline_open,Baseline Open,stereo,38,3,0.9520599842071533,40,42,0.6809412837028503,3.605551275463989,0.0,0,
11,1,baseline_open,Baseline Open,stereo,39,3,0.9513773322105408,41,43,0.0,4.123105625617661,-0.5175543501536715,0,
11,1,baseline_open,Baseline Open,stereo,40,3,0.9510608911514282,42,44,0.0,5.0,-0.8768943743823394,0,
11,1,baseline_open,Baseline Open,stereo,41,3,0.9509416222572327,43,45,0.0,6.082762530298219,-1.0827625302982193,0,
11,1,baseline_open,Baseline Open,stereo,42,3,0.9509981274604797,44,46,0.35108017921447754,7.280109889280518,-1.1973473589822987,0,
11,1,baseline_open,Baseline Open,stereo,43,3,0.9514161944389343,45,47,0.6533563733100891,8.54400374531753,-1.2638938560370123,0,
11,1,baseline_open,Baseline Open,stereo,44,3,0.9519222378730774,46,48,0.4438658058643341,9.848857801796104,-1.3048540564785736,0,
11,1,baseline_open,Baseline Open,stereo,45,3,0.9525265693664551,47,49,0.46952155232429504,11.180339887498949,-1.331482085702845,0,
11,1,baseline_open,Baseline Open,stereo,46,3,0.9529771208763123,48,49,0.4743441045284271,12.083045973594572,-0.9027060860956233,0,
11,1,baseline_open,Baseline Open,stereo,47,3,0.9526719450950623,49,49,0.06925153732299805,13.0,-0.9169540264054277,0,
11,1,baseline_open,Baseline Open,stereo,48,3,0.952385663986206,49,49,0.06925153732299805,13.0,0.0,0,
11,1,baseline_open,Baseline Open,stereo,49,3,0.952385663986206,49,49,0.06925153732299805,13.0,0.0,0,
11,1,baseline_open,Baseline Open,stereo,50,3,0.952385663986206,49,49,0.06925153732299805,13.0,0.0,0,
11,1,baseline_open,Baseline Open,stereo,51,3,0.952385663986206,49,49,0.06925153732299805,13.0,0.0,0,
11,1,baseline_open,Baseline Open,stereo,52,3,0.952385663986206,49,49,0.06925153732299805,13.0,0.0,0,
11,1,baseline_open,Baseline Open,stereo,53,3,0.952385663986206,49,49,0.06925153732299805,13.0,0.0,0,
11,1,baseline_open,Baseline Open,stereo,54,3,0.952385663986206,49,49,0.06925153732299805,13.0,0.0,0,
11,1,baseline_open,Baseline Open,stereo,55,3,0.952385663986206,49,49,0.06925153732299805,13.0,0.0,0,
11,1,baseline_open,Baseline Open,stereo,56,3,0.952385663986206,49,49,0.06925153732299805,13.0,0.0,0,
11,1,baseline_open,Baseline Open,stereo,57,3,0.952385663986206,49,49,0.06925153732299805,13.0,0.0,0,
11,1,baseline_open,Baseline Open,stereo,58,3,0.952385663986206,49,49,0.06925153732299805,13.0,0.0,0,
11,1,baseline_open,Baseline Open,stereo,59,3,0.952385663986206,49,49,0.06925153732299805,13.0,0.0,0,
11,1,baseline_open,Baseline Open,stereo,60,3,0.952385663986206,49,49,0.06925153732299805,13.0,0.0,0,
11,1,baseline_open,Baseline Open,stereo,61,3,0.952385663986206,49,49,0.06925153732299805,13.0,0.0,0,
11,1,baseline_open,Baseline Open,stereo,62,3,0.952385663986206,49,49,0.06925153732299805,13.0,0.0,0,
11,1,baseline_open,Baseline Open,stereo,63,3,0.952385663986206,49,49,0.06925153732299805,13.0,0.0,0,
11,1,baseline_open,Baseline Open,stereo,64,3,0.952385663986206,49,49,0.06925153732299805,13.0,0.0,0,
11,1,baseline_open,Baseline Open,stereo,65,3,0.952385663986206,49,49,0.06925153732299805,13.0,0.0,0,
11,1,baseline_open,Baseline Open,stereo,66,3,0.952385663986206,49,49,0.06925153732299805,13.0,0.0,0,
11,1,baseline_open,Baseline Open,stereo,67,3,0.952385663986206,49,49,0.06925153732299805,13.0,0.0,0,
11,1,baseline_open,Baseline Open,stereo,68,3,0.952385663986206,49,49,0.06925153732299805,13.0,0.0,0,
11,1,baseline_open,Baseline Open,stereo,69,3,0.952385663986206,49,49,0.06925153732299805,13.0,0.0,0,
11,1,baseline_open,Baseline Open,stereo,70,3,0.952385663986206,49,49,0.06925153732299805,13.0,0.0,0,
11,1,baseline_open,Baseline Open,stereo,71,3,0.952385663986206,49,49,0.06925153732299805,13.0,0.0,0,
11,1,baseline_open,Baseline Open,stereo,72,3,0.952385663986206,49,49,0.06925153732299805,13.0,0.0,0,
11,1,baseline_open,Baseline Open,stereo,73,3,0.952385663986206,49,49,0.06925153732299805,13.0,0.0,0,
11,1,baseline_open,Baseline Open,stereo,74,3,0.952385663986206,49,49,0.06925153732299805,13.0,0.0,0,
11,1,baseline_open,Baseline Open,stereo,75,3,0.952385663986206,49,49,0.06925153732299805,13.0,0.0,0,
11,1,baseline_open,Baseline Open,stereo,76,3,0.952385663986206,49,49,0.06925153732299805,13.0,0.0,0,
11,1,baseline_open,Baseline Open,stereo,77,3,0.952385663986206,49,49,0.06925153732299805,13.0,0.0,0,
11,1,baseline_open,Baseline Open,stereo,78,3,0.952385663986206,49,49,0.06925153732299805,13.0,0.0,0,
11,1,baseline_open,Baseline Open,stereo,79,3,0.952385663986206,49,49,0.06925153732299805,13.0,0.0,0,
11,1,baseline_open,Baseline Open,stereo,80,3,0.952385663986206,49,49,0.06925153732299805,13.0,0.0,0,
11,1,baseline_open,Baseline Open,stereo,81,3,0.952385663986206,49,49,0.06925153732299805,13.0,0.0,0,
11,1,baseline_open,Baseline Open,stereo,82,3,0.952385663986206,49,49,0.06925153732299805,13.0,0.0,0,
11,1,baseline_open,Baseline Open,stereo,83,3,0.952385663986206,49,49,0.06925153732299805,13.0,0.0,0,
11,1,baseline_open,Baseline Open,stereo,84,3,0.952385663986206,49,49,0.06925153732299805,13.0,0.0,0,
11,1,baseline_open,Baseline Open,stereo,85,3,0.952385663986206,49,49,0.06925153732299805,13.0,0.0,0,
11,1,baseline_open,Baseline Open,stereo,86,3,0.952385663986206,49,49,0.06925153732299805,13.0,0.0,0,
11,1,baseline_open,Baseline Open,stereo,87,3,0.952385663986206,49,49,0.06925153732299805,13.0,0.0,0,
11,1,baseline_open,Baseline Open,stereo,88,3,0.952385663986206,49,49,0.06925153732299805,13.0,0.0,0,
11,1,baseline_open,Baseline Open,stereo,89,3,0.952385663986206,49,49,0.06925153732299805,13.0,0.0,0,
11,1,baseline_open,Baseline Open,stereo,90,3,0.952385663986206,49,49,0.06925153732299805,13.0,0.0,0,
11,1,baseline_open,Baseline Open,stereo,91,3,0.952385663986206,49,49,0.06925153732299805,13.0,0.0,0,
11,1,baseline_open,Baseline Open,stereo,92,3,0.952385663986206,49,49,0.06925153732299805,13.0,0.0,0,
11,1,baseline_open,Baseline Open,stereo,93,3,0.952385663986206,49,49,0.06925153732299805,13.0,0.0,0,
11,1,baseline_open,Baseline Open,stereo,94,3,0.952385663986206,49,49,0.06925153732299805,13.0,0.0,0,
11,1,baseline_open,Baseline Open,stereo,95,3,0.952385663986206,49,49,0.06925153732299805,13.0,0.0,0,
11,1,baseline_open,Baseline Open,stereo,96,3,0.952385663986206,49,49,0.06925153732299805,13.0,0.0,0,
11,1,baseline_open,Baseline Open,stereo,97,3,0.952385663986206,49,49,0.06925153732299805,13.0,0.0,0,
11,1,baseline_open,Baseline Open,stereo,98,3,0.952385663986206,49,49,0.06925153732299805,13.0,0.0,0,
11,1,baseline_open,Baseline Open,stereo,99,3,0.952385663986206,49,49,0.06925153732299805,13.0,0.0,0,
11,1,baseline_open,Baseline Open,stereo,100,3,0.952385663986206,49,49,0.06925153732299805,13.0,0.0,0,
11,1,baseline_open,Baseline Open,stereo,101,3,0.952385663986206,49,49,0.06925153732299805,13.0,0.0,0,
11,1,baseline_open,Baseline Open,stereo,102,3,0.952385663986206,49,49,0.06925153732299805,13.0,0.0,0,
11,1,baseline_open,Baseline Open,stereo,103,3,0.952385663986206,49,49,0.06925153732299805,13.0,0.0,0,
11,1,baseline_open,Baseline Open,stereo,104,3,0.952385663986206,49,49,0.06925153732299805,13.0,0.0,0,
11,1,baseline_open,Baseline Open,stereo,105,3,0.952385663986206,49,49,0.06925153732299805,13.0,0.0,0,
11,1,baseline_open,Baseline Open,stereo,106,3,0.952385663986206,49,49,0.06925153732299805,13.0,0.0,0,
11,1,baseline_open,Baseline Open,stereo,107,3,0.952385663986206,49,49,0.06925153732299805,13.0,0.0,0,
11,1,baseline_open,Baseline Open,stereo,108,3,0.952385663986206,49,49,0.06925153732299805,13.0,0.0,0,
11,1,baseline_open,Baseline Open,stereo,109,3,0.952385663986206,49,49,0.06925153732299805,13.0,0.0,0,
11,1,baseline_open,Baseline Open,stereo,110,3,0.952385663986206,49,49,0.06925153732299805,13.0,0.0,0,
11,1,baseline_open,Baseline Open,stereo,111,3,0.952385663986206,49,49,0.06925153732299805,13.0,0.0,0,
11,1,baseline_open,Baseline Open,stereo,112,3,0.952385663986206,49,49,0.06925153732299805,13.0,0.0,0,
11,1,baseline_open,Baseline Open,stereo,113,3,0.952385663986206,49,49,0.06925153732299805,13.0,0.0,0,
11,1,baseline_open,Baseline Open,stereo,114,3,0.952385663986206,49,49,0.06925153732299805,13.0,0.0,0,
11,1,baseline_open,Baseline Open,stereo,115,3,0.952385663986206,49,49,0.06925153732299805,13.0,0.0,0,
11,1,baseline_open,Baseline Open,stereo,116,3,0.952385663986206,49,49,0.06925153732299805,13.0,0.0,0,
11,1,baseline_open,Baseline Open,stereo,117,3,0.952385663986206,49,49,0.06925153732299805,13.0,0.0,0,
11,1,baseline_open,Baseline Open,stereo,118,3,0.952385663986206,49,49,0.06925153732299805,13.0,0.0,0,
11,1,baseline_open,Baseline Open,stereo,119,3,0.952385663986206,49,49,0.06925153732299805,13.0,0.0,0,
11,1,baseline_open,Baseline Open,stereo,120,3,0.952385663986206,49,49,0.06925153732299805,13.0,0.0,0,
11,1,baseline_open,Baseline Open,stereo,121,3,0.952385663986206,49,49,0.06925153732299805,13.0,0.0,0,
11,1,baseline_open,Baseline Open,stereo,122,3,0.952385663986206,49,49,0.06925153732299805,13.0,0.0,0,
11,1,baseline_open,Baseline Open,stereo,123,3,0.952385663986206,49,49,0.06925153732299805,13.0,0.0,0,
11,1,baseline_open,Baseline Open,stereo,124,3,0.952385663986206,49,49,0.06925153732299805,13.0,0.0,0,
11,1,baseline_open,Baseline Open,stereo,125,3,0.952385663986206,49,49,0.06925153732299805,13.0,0.0,0,
11,1,baseline_open,Baseline Open,stereo,126,3,0.952385663986206,49,49,0.06925153732299805,13.0,0.0,0,
11,1,baseline_open,Baseline Open,stereo,127,3,0.952385663986206,49,49,0.06925153732299805,13.0,0.0,0,
11,1,baseline_open,Baseline Open,stereo,128,3,0.952385663986206,49,49,0.06925153732299805,13.0,0.0,0,
11,1,baseline_open,Baseline Open,stereo,129,3,0.952385663986206,49,49,0.06925153732299805,13.0,0.0,0,
11,1,baseline_open,Baseline Open,stereo,130,3,0.952385663986206,49,49,0.06925153732299805,13.0,0.0,0,
11,1,baseline_open,Baseline Open,stereo,131,3,0.952385663986206,49,49,0.06925153732299805,13.0,0.0,0,
11,1,baseline_open,Baseline Open,stereo,132,3,0.952385663986206,49,49,0.06925153732299805,13.0,0.0,0,
11,1,baseline_open,Baseline Open,stereo,133,3,0.952385663986206,49,49,0.06925153732299805,13.0,0.0,0,
11,1,baseline_open,Baseline Open,stereo,134,3,0.952385663986206,49,49,0.06925153732299805,13.0,0.0,0,
11,1,baseline_open,Baseline Open,stereo,135,3,0.952385663986206,49,49,0.06925153732299805,13.0,0.0,0,
11,1,baseline_open,Baseline Open,stereo,136,3,0.952385663986206,49,49,0.06925153732299805,13.0,0.0,0,
11,1,baseline_open,Baseline Open,stereo,137,3,0.952385663986206,49,49,0.06925153732299805,13.0,0.0,0,
11,1,baseline_open,Baseline Open,stereo,138,3,0.952385663986206,49,49,0.06925153732299805,13.0,0.0,0,
11,1,baseline_open,Baseline Open,stereo,139,3,0.952385663986206,49,49,0.06925153732299805,13.0,0.0,0,
11,1,baseline_open,Baseline Open,stereo,140,3,0.952385663986206,49,49,0.06925153732299805,13.0,0.0,0,
11,1,baseline_open,Baseline Open,stereo,141,3,0.952385663986206,49,49,0.06925153732299805,13.0,0.0,0,
11,1,baseline_open,Baseline Open,stereo,142,3,0.952385663986206,49,49,0.06925153732299805,13.0,0.0,0,
11,1,baseline_open,Baseline Open,stereo,143,3,0.952385663986206,49,49,0.06925153732299805,13.0,0.0,0,
11,1,baseline_open,Baseline Open,stereo,144,3,0.952385663986206,49,49,0.06925153732299805,13.0,0.0,0,
11,1,baseline_open,Baseline Open,stereo,145,3,0.952385663986206,49,49,0.06925153732299805,13.0,0.0,0,
11,1,baseline_open,Baseline Open,stereo,146,3,0.952385663986206,49,49,0.06925153732299805,13.0,0.0,0,
11,1,baseline_open,Baseline Open,stereo,147,3,0.952385663986206,49,49,0.06925153732299805,13.0,0.0,0,
11,1,baseline_open,Baseline Open,stereo,148,3,0.952385663986206,49,49,0.06925153732299805,13.0,0.0,0,
11,1,baseline_open,Baseline Open,stereo,149,3,0.952385663986206,49,49,0.06925153732299805,13.0,0.0,0,
11,1,baseline_open,Baseline Open,stereo,150,3,0.952385663986206,49,49,0.06925153732299805,13.0,0.0,0,
11,1,baseline_open,Baseline Open,stereo,151,3,0.952385663986206,49,49,0.06925153732299805,13.0,0.0,0,
11,1,baseline_open,Baseline Open,stereo,152,3,0.952385663986206,49,49,0.06925153732299805,13.0,0.0,0,
11,1,baseline_open,Baseline Open,stereo,153,3,0.952385663986206,49,49,0.06925153732299805,13.0,0.0,0,
11,1,baseline_open,Baseline Open,stereo,154,3,0.952385663986206,49,49,0.06925153732299805,13.0,0.0,0,
11,1,baseline_open,Baseline Open,stereo,155,3,0.952385663986206,49,49,0.06925153732299805,13.0,0.0,0,
11,1,baseline_open,Baseline Open,stereo,156,3,0.952385663986206,49,49,0.06925153732299805,13.0,0.0,0,
11,1,baseline_open,Baseline Open,stereo,157,3,0.952385663986206,49,49,0.06925153732299805,13.0,0.0,0,
11,1,baseline_open,Baseline Open,stereo,158,3,0.952385663986206,49,49,0.06925153732299805,13.0,0.0,0,
11,1,baseline_open,Baseline Open,stereo,159,3,0.952385663986206,49,49,0.06925153732299805,13.0,0.0,0,
11,1,baseline_open,Baseline Open,stereo,160,3,0.952385663986206,49,49,0.06925153732299805,13.0,0.0,0,
11,1,baseline_open,Baseline Open,stereo,161,3,0.952385663986206,49,49,0.06925153732299805,13.0,0.0,0,
11,1,baseline_open,Baseline Open,stereo,162,3,0.952385663986206,49,49,0.06925153732299805,13.0,0.0,0,
11,1,baseline_open,Baseline Open,stereo,163,3,0.952385663986206,49,49,0.06925153732299805,13.0,0.0,0,
11,1,baseline_open,Baseline Open,stereo,164,3,0.952385663986206,49,49,0.06925153732299805,13.0,0.0,0,
11,1,baseline_open,Baseline Open,stereo,165,3,0.952385663986206,49,49,0.06925153732299805,13.0,0.0,0,
11,1,baseline_open,Baseline Open,stereo,166,3,0.952385663986206,49,49,0.06925153732299805,13.0,0.0,0,
11,1,baseline_open,Baseline Open,stereo,167,3,0.952385663986206,49,49,0.06925153732299805,13.0,0.0,0,
11,1,baseline_open,Baseline Open,stereo,168,3,0.952385663986206,49,49,0.06925153732299805,13.0,0.0,0,
11,1,baseline_open,Baseline Open,stereo,169,3,0.952385663986206,49,49,0.06925153732299805,13.0,0.0,0,
11,1,baseline_open,Baseline Open,stereo,170,3,0.952385663986206,49,49,0.06925153732299805,13.0,0.0,0,
11,1,baseline_open,Baseline Open,stereo,171,3,0.952385663986206,49,49,0.06925153732299805,13.0,0.0,0,
11,1,baseline_open,Baseline Open,stereo,172,3,0.952385663986206,49,49,0.06925153732299805,13.0,0.0,0,
11,1,baseline_open,Baseline Open,stereo,173,3,0.952385663986206,49,49,0.06925153732299805,13.0,0.0,0,
11,1,baseline_open,Baseline Open,stereo,174,3,0.952385663986206,49,49,0.06925153732299805,13.0,0.0,0,
11,1,baseline_open,Baseline Open,stereo,175,3,0.952385663986206,49,49,0.06925153732299805,13.0,0.0,0,
11,1,baseline_open,Baseline Open,stereo,176,3,0.952385663986206,49,49,0.06925153732299805,13.0,0.0,0,
11,1,baseline_open,Baseline Open,stereo,177,3,0.952385663986206,49,49,0.06925153732299805,13.0,0.0,0,
11,1,baseline_open,Baseline Open,stereo,178,3,0.952385663986206,49,49,0.06925153732299805,13.0,0.0,0,
11,1,baseline_open,Baseline Open,stereo,179,3,0.952385663986206,49,49,0.06925153732299805,13.0,0.0,0,
11,1,baseline_open,Baseline Open,stereo,180,3,0.952385663986206,49,49,0.06925153732299805,13.0,0.0,0,
11,1,baseline_open,Baseline Open,stereo,181,3,0.952385663986206,49,49,0.06925153732299805,13.0,0.0,0,
11,1,baseline_open,Baseline Open,stereo,182,3,0.952385663986206,49,49,0.06925153732299805,13.0,0.0,0,
11,1,baseline_open,Baseline Open,stereo,183,3,0.952385663986206,49,49,0.06925153732299805,13.0,0.0,0,
11,1,baseline_open,Baseline Open,stereo,184,3,0.952385663986206,49,49,0.06925153732299805,13.0,0.0,0,
11,1,baseline_open,Baseline Open,stereo,185,3,0.952385663986206,49,49,0.06925153732299805,13.0,0.0,0,
11,1,baseline_open,Baseline Open,stereo,186,3,0.952385663986206,49,49,0.06925153732299805,13.0,0.0,0,
11,1,baseline_open,Baseline Open,stereo,187,3,0.952385663986206,49,49,0.06925153732299805,13.0,0.0,0,
11,1,baseline_open,Baseline Open,stereo,188,3,0.952385663986206,49,49,0.06925153732299805,13.0,0.0,0,
11,1,baseline_open,Baseline Open,stereo,189,3,0.952385663986206,49,49,0.06925153732299805,13.0,0.0,0,
11,1,baseline_open,Baseline Open,stereo,190,3,0.952385663986206,49,49,0.06925153732299805,13.0,0.0,0,
11,1,baseline_open,Baseline Open,stereo,191,3,0.952385663986206,49,49,0.06925153732299805,13.0,0.0,0,
11,1,baseline_open,Baseline Open,stereo,192,3,0.952385663986206,49,49,0.06925153732299805,13.0,0.0,0,
11,1,baseline_open,Baseline Open,stereo,193,3,0.952385663986206,49,49,0.06925153732299805,13.0,0.0,0,
11,1,baseline_open,Baseline Open,stereo,194,3,0.952385663986206,49,49,0.06925153732299805,13.0,0.0,0,
11,1,baseline_open,Baseline Open,stereo,195,3,0.952385663986206,49,49,0.06925153732299805,13.0,0.0,0,
11,1,baseline_open,Baseline Open,stereo,196,3,0.952385663986206,49,49,0.06925153732299805,13.0,0.0,0,
11,1,baseline_open,Baseline Open,stereo,197,3,0.952385663986206,49,49,0.06925153732299805,13.0,0.0,0,
11,1,baseline_open,Baseline Open,stereo,198,3,0.952385663986206,49,49,0.06925153732299805,13.0,0.0,0,
11,1,baseline_open,Baseline Open,stereo,199,3,0.952385663986206,49,49,0.06925153732299805,13.0,0.0,0,
11,1,baseline_open,Baseline Open,stereo,200,3,0.952385663986206,49,49,0.06925153732299805,13.0,0.0,0,
12,1,baseline_open,Baseline Open,mono,1,3,0.9999996423721313,3,5,0.0,51.73973328110612,1.4109957825671273,0,
12,1,baseline_open,Baseline Open,mono,2,3,0.9999996423721313,4,6,0.0,50.32891812864648,1.4108151524596408,0,
12,1,baseline_open,Baseline Open,mono,3,3,0.9999996423721313,5,7,0.0,48.91829923454004,1.4106188941064417,0,
12,1,baseline_open,Baseline Open,mono,4,3,0.9999995231628418,6,8,0.0,47.50789408087881,1.4104051536612232,0,
12,1,baseline_open,Baseline Open,mono,5,3,0.9999995231628418,7,9,0.0,46.09772228646444,1.4101717944143743,0,
12,1,baseline_open,Baseline Open,mono,6,3,0.9999994039535522,8,10,0.0,44.68780594300866,1.4099163434557767,0,
12,1,baseline_open,Baseline Open,mono,7,3,0.9999994039535522,9,11,0.0,43.278170016764804,1.4096359262438583,0,
12,1,baseline_open,Baseline Open,mono,8,3,0.9999992847442627,10,12,0.0,41.86884283091664,1.4093271858481629,0,
12,1,baseline_open,Baseline Open,mono,9,3,0.9999992847442627,11,13,0.0,40.45985664828782,1.4089861826288228,0,
12,1,baseline_open,Baseline Open,mono,10,3,0.9999991655349731,12,14,0.0,39.05124837953327,1.4086082687545485,0,
12,1,baseline_open,Baseline Open,mono,11,3,0.9999991655349731,13,15,0.0,37.64306044943742,1.408187930095849,0,
12,1,baseline_open,Baseline Open,mono,12,3,0.9999990463256836,14,16,0.0,36.235341863986875,1.4077185854505458,0,
12,1,baseline_open,Baseline Open,mono,13,3,0.9999990463256836,15,17,0.0,34.828149534535996,1.4071923294508792,0,
12,1,baseline_open,Baseline Open,mono,14,3,0.9999990463256836,16,18,0.0,33.421549934136806,1.4065996003991899,0,
12,1,baseline_open,Baseline Open,mono,15,3,0.999998927116394,17,19,0.0,32.01562118716424,1.4059287469725632,0,
12,1,baseline_open,Baseline Open,mono,16,3,0.999998927116394,18,20,0.0,30.610455730027933,1.4051654571363095,0,
12,1,baseline_open,Baseline Open,mono,17,3,0.999998927116394,19,21,0.0,29.206163733020468,1.4042919970074657,0,
12,1,baseline_open,Baseline Open,mono,18,3,0.999998927116394,20,22,0.0,27.80287754891569,1.403286184104779,0,
12,1,baseline_open,Baseline Open,mono,19,3,0.999998927116394,21,23,0.0,26.40075756488817,1.402119984027518,0,
12,1,baseline_open,Baseline Open,mono,20,3,0.999998927116394,22,24,0.0,25.0,1.4007575648881705,0,
12,1,baseline_open,Baseline Open,mono,21,3,0.999998927116394,23,25,0.0,23.600847442411894,1.3991525575881063,0,
12,1,baseline_open,Baseline Open,mono,22,3,0.999998927116394,24,26,0.0,22.20360331117452,1.3972441312373753,0,
12,1,baseline_open,Baseline Open,mono,23,3,0.999998927116394,25,27,0.0,20.808652046684813,1.3949512644897055,0,
12,1,baseline_open,Baseline Open,mono,24,3,0.9999990463256836,26,28,0.0,19.4164878389476,1.3921642077372134,0,
12,1,baseline_open,Baseline Open,mono,25,3,0.9999990463256836,27,29,0.0,18.027756377319946,1.3887314616276534,0,
12,1,baseline_open,Baseline Open,mono,26,3,0.9999990463256836,28,30,0.0,16.64331697709324,1.3844394002267073,0,
12,1,baseline_open,Baseline Open,mono,27,3,0.9999990463256836,29,31,0.0,15.264337522473747,1.3789794546194916,0,
12,1,baseline_open,Baseline Open,mono,28,3,0.9999991655349731,30,32,0.0,13.892443989449804,1.3718935330239432,0,
12,1,baseline_open,Baseline Open,mono,29,3,0.9999991655349731,31,33,0.0,12.529964086141668,1.3624799033081363,0,
12,1,baseline_open,Baseline Open,mono,30,3,0.9999991655349731,32,34,0.0,11.180339887498949,1.3496241986427187,0,
12,1,baseline_open,Baseline Open,mono,31,3,0.9999992847442627,33,35,0.0,9.848857801796104,1.331482085702845,0,
12,1,baseline_open,Baseline Open,mono,32,3,0.9999992847442627,34,36,0.0,8.54400374531753,1.3048540564785736,0,
12,1,baseline_open,Baseline Open,mono,33,3,0.9999992847442627,35,37,0.0,7.280109889280518,1.2638938560370123,0,
12,1,baseline_open,Baseline Open,mono,34,3,0.9999994039535522,36,38,0.0,6.082762530298219,1.1973473589822987,0,
12,1,baseline_open,Baseline Open,mono,35,3,0.9999994039535522,37,39,0.0,5.0,1.0827625302982193,0,
12,1,baseline_open,Baseline Open,mono,36,3,0.9999994039535522,38,40,0.3888888359069824,4.123105625617661,0.8768943743823394,0,
12,1,baseline_open,Baseline Open,mono,37,3,0.9999994039535522,39,41,0.9999998807907104,3.605551275463989,0.5175543501536715,1,collision_risk
13,1,dense_corridor,Dense Corridor,stereo,1,3,1.0,10,13,1.0,38.897300677553446,0.6627802121515174,1,collision_risk
14,1,dense_corridor,Dense Corridor,mono,1,3,0.6564267873764038,10,13,0.0,38.897300677553446,0.6627802121515174,0,
14,1,dense_corridor,Dense Corridor,mono,2,3,0.6596419811248779,11,14,0.0,38.27531841800928,0.6219822595441684,0,
14,1,dense_corridor,Dense Corridor,mono,3,3,0.6631582379341125,12,15,0.0,37.69615364994153,0.5791647680677485,0,
14,1,dense_corridor,Dense Corridor,mono,4,3,0.6669954061508179,13,16,0.0,37.16180835212409,0.5343452978174383,0,
14,1,dense_corridor,Dense Corridor,mono,5,3,0.670952320098877,14,17,0.0,36.6742416417845,0.48756671033959265,0,
14,1,dense_corridor,Dense Corridor,mono,6,3,0.6750333905220032,15,18,0.0,36.235341863986875,0.4388997777976229,0,
14,1,dense_corridor,Dense Corridor,mono,7,3,0.679385781288147,16,19,0.0,35.84689665786984,0.3884452061170336,0,
14,1,dense_corridor,Dense Corridor,mono,8,3,0.6840560436248779,17,20,0.0,35.510561809129406,0.3363348487404352,0,
14,1,dense_corridor,Dense Corridor,mono,9,3,0.6889048218727112,18,21,0.0,35.22782990761707,0.28273190151233507,0,
14,1,dense_corridor,Dense Corridor,mono,10,3,0.6938607096672058,19,22,0.0,35.0,0.22782990761707111,0,
14,1,dense_corridor,Dense Corridor,mono,11,3,0.6988580226898193,20,23,0.0,34.828149534535996,0.1718504654640043,0,
14,1,dense_corridor,Dense Corridor,mono,12,3,0.7037558555603027,21,24,0.0,34.713109915419565,0.11503961911643046,0,
14,1,dense_corridor,Dense Corridor,mono,13,3,0.7086967825889587,22,25,0.0,34.655446902326915,0.05766301309265032,0,
14,1,dense_corridor,Dense Corridor,mono,14,3,0.7133612632751465,23,26,0.0,34.655446902326915,0.0,0,
14,1,dense_corridor,Dense Corridor,mono,15,3,0.717559814453125,24,27,0.0,34.713109915419565,-0.05766301309265032,0,
14,1,dense_corridor,Dense Corridor,mono,16,3,0.721574068069458,25,28,0.0,34.828149534535996,-0.11503961911643046,0,
14,1,dense_corridor,Dense Corridor,mono,17,3,0.7254431247711182,26,29,0.0,35.0,-0.1718504654640043,0,
14,1,dense_corridor,Dense Corridor,mono,18,3,0.7290804982185364,27,30,0.0,35.22782990761707,-0.22782990761707111,0,
14,1,dense_corridor,Dense Corridor,mono,19,3,0.7325775027275085,28,31,0.0,35.510561809129406,-0.28273190151233507,0,
14,1,dense_corridor,Dense Corridor,mono,20,3,0.735816240310669,29,32,0.0,35.84689665786984,-0.3363348487404352,0,
14,1,dense_corridor,Dense Corridor,mono,21,3,0.7388550639152527,30,33,0.0,36.235341863986875,-0.3884452061170336,0,
14,1,dense_corridor,Dense Corridor,mono,22,3,0.7415863275527954,31,34,0.0,36.6742416417845,-0.4388997777976229,0,
14,1,dense_corridor,Dense Corridor,mono,23,3,0.7439313530921936,32,35,0.0,37.16180835212409,-0.48756671033959265,0,
14,1,dense_corridor,Dense Corridor,mono,24,3,0.7458676695823669,33,36,0.0,37.69615364994153,-0.5343452978174383,0,
14,1,dense_corridor,Dense Corridor,mono,25,3,0.7472154498100281,34,37,0.0,38.27531841800928,-0.5791647680677485,0,
14,1,dense_corridor,Dense Corridor,mono,26,3,0.7484330534934998,35,38,0.0,38.897300677553446,-0.6219822595441684,0,
14,1,dense_corridor,Dense Corridor,mono,27,3,0.7494369149208069,36,39,0.0,39.56008088970496,-0.6627802121515174,0,
14,1,dense_corridor,Dense Corridor,mono,28,3,0.7502554059028625,37,40,0.0,40.26164427839479,-0.7015633886898271,0,
14,1,dense_corridor,Dense Corridor,mono,29,3,0.7512120008468628,38,41,0.0,41.0,-0.7383557216052097,0,
14,1,dense_corridor,Dense Corridor,mono,30,3,0.7521884441375732,39,42,0.0,41.773197148410844,-0.7731971484108442,0,
14,1,dense_corridor,Dense Corridor,mono,31,3,0.7527582049369812,40,43,0.0,42.579337712087536,-0.8061405636766921,0,
14,1,dense_corridor,Dense Corridor,mono,32,3,0.753010094165802,41,44,0.0,43.41658669218482,-0.8372489800972858,0,
14,1,dense_corridor,Dense Corridor,mono,33,3,0.752877950668335,42,45,0.0,44.28317965096906,-0.8665929587842385,0,
14,1,dense_corridor,Dense Corridor,mono,34,3,0.7526121735572815,43,46,0.0,45.17742799230607,-0.8942483413370113,0,
14,1,dense_corridor,Dense Corridor,mono,35,3,0.752297580242157,44,47,0.0,46.09772228646444,-0.9202942941583672,0,
14,1,dense_corridor,Dense Corridor,mono,36,3,0.7522651553153992,45,48,0.0,47.042533945356304,-0.9448116588918651,0,
14,1,dense_corridor,Dense Corridor,mono,37,3,0.7528025507926941,46,49,0.0,48.010415536631214,-0.9678815912749101,0,
14,1,dense_corridor,Dense Corridor,mono,38,3,0.753458559513092,47,49,0.0,48.0,0.010415536631214195,0,
14,1,dense_corridor,Dense Corridor,mono,39,3,0.7541995048522949,48,49,0.0,48.010415536631214,-0.010415536631214195,0,
14,1,dense_corridor,Dense Corridor,mono,40,3,0.754808247089386,49,49,0.0,48.041648597857254,-0.031233061226039638,0,
14,1,dense_corridor,Dense Corridor,mono,41,3,0.7547832131385803,49,49,0.0,48.041648597857254,0.0,0,
14,1,dense_corridor,Dense Corridor,mono,42,3,0.7547832131385803,49,49,0.0,48.041648597857254,0.0,0,
14,1,dense_corridor,Dense Corridor,mono,43,3,0.7547832131385803,49,49,0.0,48.041648597857254,0.0,0,
14,1,dense_corridor,Dense Corridor,mono,44,3,0.7547832131385803,49,49,0.0,48.041648597857254,0.0,0,
14,1,dense_corridor,Dense Corridor,mono,45,3,0.7547832131385803,49,49,0.0,48.041648597857254,0.0,0,
14,1,dense_corridor,Dense Corridor,mono,46,3,0.7547832131385803,49,49,0.0,48.041648597857254,0.0,0,
14,1,dense_corridor,Dense Corridor,mono,47,3,0.7547832131385803,49,49,0.0,48.041648597857254,0.0,0,
14,1,dense_corridor,Dense Corridor,mono,48,3,0.7547832131385803,49,49,0.0,48.041648597857254,0.0,0,
14,1,dense_corridor,Dense Corridor,mono,49,3,0.7547832131385803,49,49,0.0,48.041648597857254,0.0,0,
14,1,dense_corridor,Dense Corridor,mono,50,3,0.7547832131385803,49,49,0.0,48.041648597857254,0.0,0,
14,1,dense_corridor,Dense Corridor,mono,51,3,0.7547832131385803,49,49,0.0,48.041648597857254,0.0,0,
14,1,dense_corridor,Dense Corridor,mono,52,3,0.7547832131385803,49,49,0.0,48.041648597857254,0.0,0,
14,1,dense_corridor,Dense Corridor,mono,53,3,0.7547832131385803,49,49,0.0,48.041648597857254,0.0,0,
14,1,dense_corridor,Dense Corridor,mono,54,3,0.7547832131385803,49,49,0.0,48.041648597857254,0.0,0,
14,1,dense_corridor,Dense Corridor,mono,55,3,0.7547832131385803,49,49,0.0,48.041648597857254,0.0,0,
14,1,dense_corridor,Dense Corridor,mono,56,3,0.7547832131385803,49,49,0.0,48.041648597857254,0.0,0,
14,1,dense_corridor,Dense Corridor,mono,57,3,0.7547832131385803,49,49,0.0,48.041648597857254,0.0,0,
14,1,dense_corridor,Dense Corridor,mono,58,3,0.7547832131385803,49,49,0.0,48.041648597857254,0.0,0,
14,1,dense_corridor,Dense Corridor,mono,59,3,0.7547832131385803,49,49,0.0,48.041648597857254,0.0,0,
14,1,dense_corridor,Dense Corridor,mono,60,3,0.7547832131385803,49,49,0.0,48.041648597857254,0.0,0,
14,1,dense_corridor,Dense Corridor,mono,61,3,0.7547832131385803,49,49,0.0,48.041648597857254,0.0,0,
14,1,dense_corridor,Dense Corridor,mono,62,3,0.7547832131385803,49,49,0.0,48.041648597857254,0.0,0,
14,1,dense_corridor,Dense Corridor,mono,63,3,0.7547832131385803,49,49,0.0,48.041648597857254,0.0,0,
14,1,dense_corridor,Dense Corridor,mono,64,3,0.7547832131385803,49,49,0.0,48.041648597857254,0.0,0,
14,1,dense_corridor,Dense Corridor,mono,65,3,0.7547832131385803,49,49,0.0,48.041648597857254,0.0,0,
14,1,dense_corridor,Dense Corridor,mono,66,3,0.7547832131385803,49,49,0.0,48.041648597857254,0.0,0,
14,1,dense_corridor,Dense Corridor,mono,67,3,0.7547832131385803,49,49,0.0,48.041648597857254,0.0,0,
14,1,dense_corridor,Dense Corridor,mono,68,3,0.7547832131385803,49,49,0.0,48.041648597857254,0.0,0,
14,1,dense_corridor,Dense Corridor,mono,69,3,0.7547832131385803,49,49,0.0,48.041648597857254,0.0,0,
14,1,dense_corridor,Dense Corridor,mono,70,3,0.7547832131385803,49,49,0.0,48.041648597857254,0.0,0,
14,1,dense_corridor,Dense Corridor,mono,71,3,0.7547832131385803,49,49,0.0,48.041648597857254,0.0,0,
14,1,dense_corridor,Dense Corridor,mono,72,3,0.7547832131385803,49,49,0.0,48.041648597857254,0.0,0,
14,1,dense_corridor,Dense Corridor,mono,73,3,0.7547832131385803,49,49,0.0,48.041648597857254,0.0,0,
14,1,dense_corridor,Dense Corridor,mono,74,3,0.7547832131385803,49,49,0.0,48.041648597857254,0.0,0,
14,1,dense_corridor,Dense Corridor,mono,75,3,0.7547832131385803,49,49,0.0,48.041648597857254,0.0,0,
14,1,dense_corridor,Dense Corridor,mono,76,3,0.7547832131385803,49,49,0.0,48.041648597857254,0.0,0,
14,1,dense_corridor,Dense Corridor,mono,77,3,0.7547832131385803,49,49,0.0,48.041648597857254,0.0,0,
14,1,dense_corridor,Dense Corridor,mono,78,3,0.7547832131385803,49,49,0.0,48.041648597857254,0.0,0,
14,1,dense_corridor,Dense Corridor,mono,79,3,0.7547832131385803,49,49,0.0,48.041648597857254,0.0,0,
14,1,dense_corridor,Dense Corridor,mono,80,3,0.7547832131385803,49,49,0.0,48.041648597857254,0.0,0,
14,1,dense_corridor,Dense Corridor,mono,81,3,0.7547832131385803,49,49,0.0,48.041648597857254,0.0,0,
14,1,dense_corridor,Dense Corridor,mono,82,3,0.7547832131385803,49,49,0.0,48.041648597857254,0.0,0,
14,1,dense_corridor,Dense Corridor,mono,83,3,0.7547832131385803,49,49,0.0,48.041648597857254,0.0,0,
14,1,dense_corridor,Dense Corridor,mono,84,3,0.7547832131385803,49,49,0.0,48.041648597857254,0.0,0,
14,1,dense_corridor,Dense Corridor,mono,85,3,0.7547832131385803,49,49,0.0,48.041648597857254,0.0,0,
14,1,dense_corridor,Dense Corridor,mono,86,3,0.7547832131385803,49,49,0.0,48.041648597857254,0.0,0,
14,1,dense_corridor,Dense Corridor,mono,87,3,0.7547832131385803,49,49,0.0,48.041648597857254,0.0,0,
14,1,dense_corridor,Dense Corridor,mono,88,3,0.7547832131385803,49,49,0.0,48.041648597857254,0.0,0,
14,1,dense_corridor,Dense Corridor,mono,89,3,0.7547832131385803,49,49,0.0,48.041648597857254,0.0,0,
14,1,dense_corridor,Dense Corridor,mono,90,3,0.7547832131385803,49,49,0.0,48.041648597857254,0.0,0,
14,1,dense_corridor,Dense Corridor,mono,91,3,0.7547832131385803,49,49,0.0,48.041648597857254,0.0,0,
14,1,dense_corridor,Dense Corridor,mono,92,3,0.7547832131385803,49,49,0.0,48.041648597857254,0.0,0,
14,1,dense_corridor,Dense Corridor,mono,93,3,0.7547832131385803,49,49,0.0,48.041648597857254,0.0,0,
14,1,dense_corridor,Dense Corridor,mono,94,3,0.7547832131385803,49,49,0.0,48.041648597857254,0.0,0,
14,1,dense_corridor,Dense Corridor,mono,95,3,0.7547832131385803,49,49,0.0,48.041648597857254,0.0,0,
14,1,dense_corridor,Dense Corridor,mono,96,3,0.7547832131385803,49,49,0.0,48.041648597857254,0.0,0,
14,1,dense_corridor,Dense Corridor,mono,97,3,0.7547832131385803,49,49,0.0,48.041648597857254,0.0,0,
14,1,dense_corridor,Dense Corridor,mono,98,3,0.7547832131385803,49,49,0.0,48.041648597857254,0.0,0,
14,1,dense_corridor,Dense Corridor,mono,99,3,0.7547832131385803,49,49,0.0,48.041648597857254,0.0,0,
14,1,dense_corridor,Dense Corridor,mono,100,3,0.7547832131385803,49,49,0.0,48.041648597857254,0.0,0,
14,1,dense_corridor,Dense Corridor,mono,101,3,0.7547832131385803,49,49,0.0,48.041648597857254,0.0,0,
14,1,dense_corridor,Dense Corridor,mono,102,3,0.7547832131385803,49,49,0.0,48.041648597857254,0.0,0,
14,1,dense_corridor,Dense Corridor,mono,103,3,0.7547832131385803,49,49,0.0,48.041648597857254,0.0,0,
14,1,dense_corridor,Dense Corridor,mono,104,3,0.7547832131385803,49,49,0.0,48.041648597857254,0.0,0,
14,1,dense_corridor,Dense Corridor,mono,105,3,0.7547832131385803,49,49,0.0,48.041648597857254,0.0,0,
14,1,dense_corridor,Dense Corridor,mono,106,3,0.7547832131385803,49,49,0.0,48.041648597857254,0.0,0,
14,1,dense_corridor,Dense Corridor,mono,107,3,0.7547832131385803,49,49,0.0,48.041648597857254,0.0,0,
14,1,dense_corridor,Dense Corridor,mono,108,3,0.7547832131385803,49,49,0.0,48.041648597857254,0.0,0,
14,1,dense_corridor,Dense Corridor,mono,109,3,0.7547832131385803,49,49,0.0,48.041648597857254,0.0,0,
14,1,dense_corridor,Dense Corridor,mono,110,3,0.7547832131385803,49,49,0.0,48.041648597857254,0.0,0,
14,1,dense_corridor,Dense Corridor,mono,111,3,0.7547832131385803,49,49,0.0,48.041648597857254,0.0,0,
14,1,dense_corridor,Dense Corridor,mono,112,3,0.7547832131385803,49,49,0.0,48.041648597857254,0.0,0,
14,1,dense_corridor,Dense Corridor,mono,113,3,0.7547832131385803,49,49,0.0,48.041648597857254,0.0,0,
14,1,dense_corridor,Dense Corridor,mono,114,3,0.7547832131385803,49,49,0.0,48.041648597857254,0.0,0,
14,1,dense_corridor,Dense Corridor,mono,115,3,0.7547832131385803,49,49,0.0,48.041648597857254,0.0,0,
14,1,dense_corridor,Dense Corridor,mono,116,3,0.7547832131385803,49,49,0.0,48.041648597857254,0.0,0,
14,1,dense_corridor,Dense Corridor,mono,117,3,0.7547832131385803,49,49,0.0,48.041648597857254,0.0,0,
14,1,dense_corridor,Dense Corridor,mono,118,3,0.7547832131385803,49,49,0.0,48.041648597857254,0.0,0,
14,1,dense_corridor,Dense Corridor,mono,119,3,0.7547832131385803,49,49,0.0,48.041648597857254,0.0,0,
14,1,dense_corridor,Dense Corridor,mono,120,3,0.7547832131385803,49,49,0.0,48.041648597857254,0.0,0,
14,1,dense_corridor,Dense Corridor,mono,121,3,0.7547832131385803,49,49,0.0,48.041648597857254,0.0,0,
14,1,dense_corridor,Dense Corridor,mono,122,3,0.7547832131385803,49,49,0.0,48.041648597857254,0.0,0,
14,1,dense_corridor,Dense Corridor,mono,123,3,0.7547832131385803,49,49,0.0,48.041648597857254,0.0,0,
14,1,dense_corridor,Dense Corridor,mono,124,3,0.7547832131385803,49,49,0.0,48.041648597857254,0.0,0,
14,1,dense_corridor,Dense Corridor,mono,125,3,0.7547832131385803,49,49,0.0,48.041648597857254,0.0,0,
14,1,dense_corridor,Dense Corridor,mono,126,3,0.7547832131385803,49,49,0.0,48.041648597857254,0.0,0,
14,1,dense_corridor,Dense Corridor,mono,127,3,0.7547832131385803,49,49,0.0,48.041648597857254,0.0,0,
14,1,dense_corridor,Dense Corridor,mono,128,3,0.7547832131385803,49,49,0.0,48.041648597857254,0.0,0,
14,1,dense_corridor,Dense Corridor,mono,129,3,0.7547832131385803,49,49,0.0,48.041648597857254,0.0,0,
14,1,dense_corridor,Dense Corridor,mono,130,3,0.7547832131385803,49,49,0.0,48.041648597857254,0.0,0,
14,1,dense_corridor,Dense Corridor,mono,131,3,0.7547832131385803,49,49,0.0,48.041648597857254,0.0,0,
14,1,dense_corridor,Dense Corridor,mono,132,3,0.7547832131385803,49,49,0.0,48.041648597857254,0.0,0,
14,1,dense_corridor,Dense Corridor,mono,133,3,0.7547832131385803,49,49,0.0,48.041648597857254,0.0,0,
14,1,dense_corridor,Dense Corridor,mono,134,3,0.7547832131385803,49,49,0.0,48.041648597857254,0.0,0,
14,1,dense_corridor,Dense Corridor,mono,135,3,0.7547832131385803,49,49,0.0,48.041648597857254,0.0,0,
14,1,dense_corridor,Dense Corridor,mono,136,3,0.7547832131385803,49,49,0.0,48.041648597857254,0.0,0,
14,1,dense_corridor,Dense Corridor,mono,137,3,0.7547832131385803,49,49,0.0,48.041648597857254,0.0,0,
14,1,dense_corridor,Dense Corridor,mono,138,3,0.7547832131385803,49,49,0.0,48.041648597857254,0.0,0,
14,1,dense_corridor,Dense Corridor,mono,139,3,0.7547832131385803,49,49,0.0,48.041648597857254,0.0,0,
14,1,dense_corridor,Dense Corridor,mono,140,3,0.7547832131385803,49,49,0.0,48.041648597857254,0.0,0,
14,1,dense_corridor,Dense Corridor,mono,141,3,0.7547832131385803,49,49,0.0,48.041648597857254,0.0,0,
14,1,dense_corridor,Dense Corridor,mono,142,3,0.7547832131385803,49,49,0.0,48.041648597857254,0.0,0,
14,1,dense_corridor,Dense Corridor,mono,143,3,0.7547832131385803,49,49,0.0,48.041648597857254,0.0,0,
14,1,dense_corridor,Dense Corridor,mono,144,3,0.7547832131385803,49,49,0.0,48.041648597857254,0.0,0,
14,1,dense_corridor,Dense Corridor,mono,145,3,0.7547832131385803,49,49,0.0,48.041648597857254,0.0,0,
14,1,dense_corridor,Dense Corridor,mono,146,3,0.7547832131385803,49,49,0.0,48.041648597857254,0.0,0,
14,1,dense_corridor,Dense Corridor,mono,147,3,0.7547832131385803,49,49,0.0,48.041648597857254,0.0,0,
14,1,dense_corridor,Dense Corridor,mono,148,3,0.7547832131385803,49,49,0.0,48.041648597857254,0.0,0,
14,1,dense_corridor,Dense Corridor,mono,149,3,0.7547832131385803,49,49,0.0,48.041648597857254,0.0,0,
14,1,dense_corridor,Dense Corridor,mono,150,3,0.7547832131385803,49,49,0.0,48.041648597857254,0.0,0,
14,1,dense_corridor,Dense Corridor,mono,151,3,0.7547832131385803,49,49,0.0,48.041648597857254,0.0,0,
14,1,dense_corridor,Dense Corridor,mono,152,3,0.7547832131385803,49,49,0.0,48.041648597857254,0.0,0,
14,1,dense_corridor,Dense Corridor,mono,153,3,0.7547832131385803,49,49,0.0,48.041648597857254,0.0,0,
14,1,dense_corridor,Dense Corridor,mono,154,3,0.7547832131385803,49,49,0.0,48.041648597857254,0.0,0,
14,1,dense_corridor,Dense Corridor,mono,155,3,0.7547832131385803,49,49,0.0,48.041648597857254,0.0,0,
14,1,dense_corridor,Dense Corridor,mono,156,3,0.7547832131385803,49,49,0.0,48.041648597857254,0.0,0,
14,1,dense_corridor,Dense Corridor,mono,157,3,0.7547832131385803,49,49,0.0,48.041648597857254,0.0,0,
14,1,dense_corridor,Dense Corridor,mono,158,3,0.7547832131385803,49,49,0.0,48.041648597857254,0.0,0,
14,1,dense_corridor,Dense Corridor,mono,159,3,0.7547832131385803,49,49,0.0,48.041648597857254,0.0,0,
14,1,dense_corridor,Dense Corridor,mono,160,3,0.7547832131385803,49,49,0.0,48.041648597857254,0.0,0,
14,1,dense_corridor,Dense Corridor,mono,161,3,0.7547832131385803,49,49,0.0,48.041648597857254,0.0,0,
14,1,dense_corridor,Dense Corridor,mono,162,3,0.7547832131385803,49,49,0.0,48.041648597857254,0.0,0,
14,1,dense_corridor,Dense Corridor,mono,163,3,0.7547832131385803,49,49,0.0,48.041648597857254,0.0,0,
14,1,dense_corridor,Dense Corridor,mono,164,3,0.7547832131385803,49,49,0.0,48.041648597857254,0.0,0,
14,1,dense_corridor,Dense Corridor,mono,165,3,0.7547832131385803,49,49,0.0,48.041648597857254,0.0,0,
14,1,dense_corridor,Dense Corridor,mono,166,3,0.7547832131385803,49,49,0.0,48.041648597857254,0.0,0,
14,1,dense_corridor,Dense Corridor,mono,167,3,0.7547832131385803,49,49,0.0,48.041648597857254,0.0,0,
14,1,dense_corridor,Dense Corridor,mono,168,3,0.7547832131385803,49,49,0.0,48.041648597857254,0.0,0,
14,1,dense_corridor,Dense Corridor,mono,169,3,0.7547832131385803,49,49,0.0,48.041648597857254,0.0,0,
14,1,dense_corridor,Dense Corridor,mono,170,3,0.7547832131385803,49,49,0.0,48.041648597857254,0.0,0,
14,1,dense_corridor,Dense Corridor,mono,171,3,0.7547832131385803,49,49,0.0,48.041648597857254,0.0,0,
14,1,dense_corridor,Dense Corridor,mono,172,3,0.7547832131385803,49,49,0.0,48.041648597857254,0.0,0,
14,1,dense_corridor,Dense Corridor,mono,173,3,0.7547832131385803,49,49,0.0,48.041648597857254,0.0,0,
14,1,dense_corridor,Dense Corridor,mono,174,3,0.7547832131385803,49,49,0.0,48.041648597857254,0.0,0,
14,1,dense_corridor,Dense Corridor,mono,175,3,0.7547832131385803,49,49,0.0,48.041648597857254,0.0,0,
14,1,dense_corridor,Dense Corridor,mono,176,3,0.7547832131385803,49,49,0.0,48.041648597857254,0.0,0,
14,1,dense_corridor,Dense Corridor,mono,177,3,0.7547832131385803,49,49,0.0,48.041648597857254,0.0,0,
14,1,dense_corridor,Dense Corridor,mono,178,3,0.7547832131385803,49,49,0.0,48.041648597857254,0.0,0,
14,1,dense_corridor,Dense Corridor,mono,179,3,0.7547832131385803,49,49,0.0,48.041648597857254,0.0,0,
14,1,dense_corridor,Dense Corridor,mono,180,3,0.7547832131385803,49,49,0.0,48.041648597857254,0.0,0,
14,1,dense_corridor,Dense Corridor,mono,181,3,0.7547832131385803,49,49,0.0,48.041648597857254,0.0,0,
14,1,dense_corridor,Dense Corridor,mono,182,3,0.7547832131385803,49,49,0.0,48.041648597857254,0.0,0,
14,1,dense_corridor,Dense Corridor,mono,183,3,0.7547832131385803,49,49,0.0,48.041648597857254,0.0,0,
14,1,dense_corridor,Dense Corridor,mono,184,3,0.7547832131385803,49,49,0.0,48.041648597857254,0.0,0,
14,1,dense_corridor,Dense Corridor,mono,185,3,0.7547832131385803,49,49,0.0,48.041648597857254,0.0,0,
14,1,dense_corridor,Dense Corridor,mono,186,3,0.7547832131385803,49,49,0.0,48.041648597857254,0.0,0,
14,1,dense_corridor,Dense Corridor,mono,187,3,0.7547832131385803,49,49,0.0,48.041648597857254,0.0,0,
14,1,dense_corridor,Dense Corridor,mono,188,3,0.7547832131385803,49,49,0.0,48.041648597857254,0.0,0,
14,1,dense_corridor,Dense Corridor,mono,189,3,0.7547832131385803,49,49,0.0,48.041648597857254,0.0,0,
14,1,dense_corridor,Dense Corridor,mono,190,3,0.7547832131385803,49,49,0.0,48.041648597857254,0.0,0,
14,1,dense_corridor,Dense Corridor,mono,191,3,0.7547832131385803,49,49,0.0,48.041648597857254,0.0,0,
14,1,dense_corridor,Dense Corridor,mono,192,3,0.7547832131385803,49,49,0.0,48.041648597857254,0.0,0,
14,1,dense_corridor,Dense Corridor,mono,193,3,0.7547832131385803,49,49,0.0,48.041648597857254,0.0,0,
14,1,dense_corridor,Dense Corridor,mono,194,3,0.7547832131385803,49,49,0.0,48.041648597857254,0.0,0,
14,1,dense_corridor,Dense Corridor,mono,195,3,0.7547832131385803,49,49,0.0,48.041648597857254,0.0,0,
14,1,dense_corridor,Dense Corridor,mono,196,3,0.7547832131385803,49,49,0.0,48.041648597857254,0.0,0,
14,1,dense_corridor,Dense Corridor,mono,197,3,0.7547832131385803,49,49,0.0,48.041648597857254,0.0,0,
14,1,dense_corridor,Dense Corridor,mono,198,3,0.7547832131385803,49,49,0.0,48.041648597857254,0.0,0,
14,1,dense_corridor,Dense Corridor,mono,199,3,0.7547832131385803,49,49,0.0,48.041648597857254,0.0,0,
14,1,dense_corridor,Dense Corridor,mono,200,3,0.7547832131385803,49,49,0.0,48.041648597857254,0.0,0,
15,1,obstacle_cluster,Obstacle Cluster,stereo,1,3,1.0,10,13,1.0,38.897300677553446,0.6627802121515174,1,collision_risk
16,1,obstacle_cluster,Obstacle Cluster,mono,1,3,0.6564267873764038,10,13,0.0,38.897300677553446,0.6627802121515174,0,
16,1,obstacle_cluster,Obstacle Cluster,mono,2,3,0.6596419811248779,11,14,0.0,38.27531841800928,0.6219822595441684,0,
16,1,obstacle_cluster,Obstacle Cluster,mono,3,3,0.6631582379341125,12,15,0.0,37.69615364994153,0.5791647680677485,0,
16,1,obstacle_cluster,Obstacle Cluster,mono,4,3,0.6669954061508179,13,16,0.0,37.16180835212409,0.5343452978174383,0,
16,1,obstacle_cluster,Obstacle Cluster,mono,5,3,0.670952320098877,14,17,0.0,36.6742416417845,0.48756671033959265,0,
16,1,obstacle_cluster,Obstacle Cluster,mono,6,3,0.6750333905220032,15,18,0.0,36.235341863986875,0.4388997777976229,0,
16,1,obstacle_cluster,Obstacle Cluster,mono,7,3,0.679385781288147,16,19,0.0,35.84689665786984,0.3884452061170336,0,
16,1,obstacle_cluster,Obstacle Cluster,mono,8,3,0.6840560436248779,17,20,0.0,35.510561809129406,0.3363348487404352,0,
16,1,obstacle_cluster,Obstacle Cluster,mono,9,3,0.6889048218727112,18,21,0.0,35.22782990761707,0.28273190151233507,0,
16,1,obstacle_cluster,Obstacle Cluster,mono,10,3,0.6938607096672058,19,22,0.0,35.0,0.22782990761707111,0,
16,1,obstacle_cluster,Obstacle Cluster,mono,11,3,0.6988580226898193,20,23,0.0,34.828149534535996,0.1718504654640043,0,
16,1,obstacle_cluster,Obstacle Cluster,mono,12,3,0.7037558555603027,21,24,0.0,34.713109915419565,0.11503961911643046,0,
16,1,obstacle_cluster,Obstacle Cluster,mono,13,3,0.7086967825889587,22,25,0.0,34.655446902326915,0.05766301309265032,0,
16,1,obstacle_cluster,Obstacle Cluster,mono,14,3,0.7133612632751465,23,26,0.0,34.655446902326915,0.0,0,
16,1,obstacle_cluster,Obstacle Cluster,mono,15,3,0.717559814453125,24,27,0.0,34.713109915419565,-0.05766301309265032,0,
16,1,obstacle_cluster,Obstacle Cluster,mono,16,3,0.721574068069458,25,28,0.0,34.828149534535996,-0.11503961911643046,0,
16,1,obstacle_cluster,Obstacle Cluster,mono,17,3,0.7254431247711182,26,29,0.0,35.0,-0.1718504654640043,0,
16,1,obstacle_cluster,Obstacle Cluster,mono,18,3,0.7290804982185364,27,30,0.0,35.22782990761707,-0.22782990761707111,0,
16,1,obstacle_cluster,Obstacle Cluster,mono,19,3,0.7325775027275085,28,31,0.0,35.510561809129406,-0.28273190151233507,0,
16,1,obstacle_cluster,Obstacle Cluster,mono,20,3,0.735816240310669,29,32,0.0,35.84689665786984,-0.3363348487404352,0,
16,1,obstacle_cluster,Obstacle Cluster,mono,21,3,0.7388550639152527,30,33,0.0,36.235341863986875,-0.3884452061170336,0,
16,1,obstacle_cluster,Obstacle Cluster,mono,22,3,0.7415863275527954,31,34,0.0,36.6742416417845,-0.4388997777976229,0,
16,1,obstacle_cluster,Obstacle Cluster,mono,23,3,0.7439313530921936,32,35,0.0,37.16180835212409,-0.48756671033959265,0,
16,1,obstacle_cluster,Obstacle Cluster,mono,24,3,0.7458676695823669,33,36,0.0,37.69615364994153,-0.5343452978174383,0,
16,1,obstacle_cluster,Obstacle Cluster,mono,25,3,0.7472154498100281,34,37,0.0,38.27531841800928,-0.5791647680677485,0,
16,1,obstacle_cluster,Obstacle Cluster,mono,26,3,0.7484330534934998,35,38,0.0,38.897300677553446,-0.6219822595441684,0,
16,1,obstacle_cluster,Obstacle Cluster,mono,27,3,0.7494369149208069,36,39,0.0,39.56008088970496,-0.6627802121515174,0,
16,1,obstacle_cluster,Obstacle Cluster,mono,28,3,0.7502554059028625,37,40,0.0,40.26164427839479,-0.7015633886898271,0,
16,1,obstacle_cluster,Obstacle Cluster,mono,29,3,0.7512120008468628,38,41,0.0,41.0,-0.7383557216052097,0,
16,1,obstacle_cluster,Obstacle Cluster,mono,30,3,0.7521884441375732,39,42,0.0,41.773197148410844,-0.7731971484108442,0,
16,1,obstacle_cluster,Obstacle Cluster,mono,31,3,0.7527582049369812,40,43,0.0,42.579337712087536,-0.8061405636766921,0,
16,1,obstacle_cluster,Obstacle Cluster,mono,32,3,0.753010094165802,41,44,0.0,43.41658669218482,-0.8372489800972858,0,
16,1,obstacle_cluster,Obstacle Cluster,mono,33,3,0.752877950668335,42,45,0.0,44.28317965096906,-0.8665929587842385,0,
16,1,obstacle_cluster,Obstacle Cluster,mono,34,3,0.7526121735572815,43,46,0.0,45.17742799230607,-0.8942483413370113,0,
16,1,obstacle_cluster,Obstacle Cluster,mono,35,3,0.752297580242157,44,47,0.0,46.09772228646444,-0.9202942941583672,0,
16,1,obstacle_cluster,Obstacle Cluster,mono,36,3,0.7522651553153992,45,48,0.0,47.042533945356304,-0.9448116588918651,0,
16,1,obstacle_cluster,Obstacle Cluster,mono,37,3,0.7528025507926941,46,49,0.0,48.010415536631214,-0.9678815912749101,0,
16,1,obstacle_cluster,Obstacle Cluster,mono,38,3,0.753458559513092,47,49,0.0,48.0,0.010415536631214195,0,
16,1,obstacle_cluster,Obstacle Cluster,mono,39,3,0.7541995048522949,48,49,0.0,48.010415536631214,-0.010415536631214195,0,
16,1,obstacle_cluster,Obstacle Cluster,mono,40,3,0.754808247089386,49,49,0.0,48.041648597857254,-0.031233061226039638,0,
16,1,obstacle_cluster,Obstacle Cluster,mono,41,3,0.7547832131385803,49,49,0.0,48.041648597857254,0.0,0,
16,1,obstacle_cluster,Obstacle Cluster,mono,42,3,0.7547832131385803,49,49,0.0,48.041648597857254,0.0,0,
16,1,obstacle_cluster,Obstacle Cluster,mono,43,3,0.7547832131385803,49,49,0.0,48.041648597857254,0.0,0,
16,1,obstacle_cluster,Obstacle Cluster,mono,44,3,0.7547832131385803,49,49,0.0,48.041648597857254,0.0,0,
16,1,obstacle_cluster,Obstacle Cluster,mono,45,3,0.7547832131385803,49,49,0.0,48.041648597857254,0.0,0,
16,1,obstacle_cluster,Obstacle Cluster,mono,46,3,0.7547832131385803,49,49,0.0,48.041648597857254,0.0,0,
16,1,obstacle_cluster,Obstacle Cluster,mono,47,3,0.7547832131385803,49,49,0.0,48.041648597857254,0.0,0,
16,1,obstacle_cluster,Obstacle Cluster,mono,48,3,0.7547832131385803,49,49,0.0,48.041648597857254,0.0,0,
16,1,obstacle_cluster,Obstacle Cluster,mono,49,3,0.7547832131385803,49,49,0.0,48.041648597857254,0.0,0,
16,1,obstacle_cluster,Obstacle Cluster,mono,50,3,0.7547832131385803,49,49,0.0,48.041648597857254,0.0,0,
16,1,obstacle_cluster,Obstacle Cluster,mono,51,3,0.7547832131385803,49,49,0.0,48.041648597857254,0.0,0,
16,1,obstacle_cluster,Obstacle Cluster,mono,52,3,0.7547832131385803,49,49,0.0,48.041648597857254,0.0,0,
16,1,obstacle_cluster,Obstacle Cluster,mono,53,3,0.7547832131385803,49,49,0.0,48.041648597857254,0.0,0,
16,1,obstacle_cluster,Obstacle Cluster,mono,54,3,0.7547832131385803,49,49,0.0,48.041648597857254,0.0,0,
16,1,obstacle_cluster,Obstacle Cluster,mono,55,3,0.7547832131385803,49,49,0.0,48.041648597857254,0.0,0,
16,1,obstacle_cluster,Obstacle Cluster,mono,56,3,0.7547832131385803,49,49,0.0,48.041648597857254,0.0,0,
16,1,obstacle_cluster,Obstacle Cluster,mono,57,3,0.7547832131385803,49,49,0.0,48.041648597857254,0.0,0,
16,1,obstacle_cluster,Obstacle Cluster,mono,58,3,0.7547832131385803,49,49,0.0,48.041648597857254,0.0,0,
16,1,obstacle_cluster,Obstacle Cluster,mono,59,3,0.7547832131385803,49,49,0.0,48.041648597857254,0.0,0,
16,1,obstacle_cluster,Obstacle Cluster,mono,60,3,0.7547832131385803,49,49,0.0,48.041648597857254,0.0,0,
16,1,obstacle_cluster,Obstacle Cluster,mono,61,3,0.7547832131385803,49,49,0.0,48.041648597857254,0.0,0,
16,1,obstacle_cluster,Obstacle Cluster,mono,62,3,0.7547832131385803,49,49,0.0,48.041648597857254,0.0,0,
16,1,obstacle_cluster,Obstacle Cluster,mono,63,3,0.7547832131385803,49,49,0.0,48.041648597857254,0.0,0,
16,1,obstacle_cluster,Obstacle Cluster,mono,64,3,0.7547832131385803,49,49,0.0,48.041648597857254,0.0,0,
16,1,obstacle_cluster,Obstacle Cluster,mono,65,3,0.7547832131385803,49,49,0.0,48.041648597857254,0.0,0,
16,1,obstacle_cluster,Obstacle Cluster,mono,66,3,0.7547832131385803,49,49,0.0,48.041648597857254,0.0,0,
16,1,obstacle_cluster,Obstacle Cluster,mono,67,3,0.7547832131385803,49,49,0.0,48.041648597857254,0.0,0,
16,1,obstacle_cluster,Obstacle Cluster,mono,68,3,0.7547832131385803,49,49,0.0,48.041648597857254,0.0,0,
16,1,obstacle_cluster,Obstacle Cluster,mono,69,3,0.7547832131385803,49,49,0.0,48.041648597857254,0.0,0,
16,1,obstacle_cluster,Obstacle Cluster,mono,70,3,0.7547832131385803,49,49,0.0,48.041648597857254,0.0,0,
16,1,obstacle_cluster,Obstacle Cluster,mono,71,3,0.7547832131385803,49,49,0.0,48.041648597857254,0.0,0,
16,1,obstacle_cluster,Obstacle Cluster,mono,72,3,0.7547832131385803,49,49,0.0,48.041648597857254,0.0,0,
16,1,obstacle_cluster,Obstacle Cluster,mono,73,3,0.7547832131385803,49,49,0.0,48.041648597857254,0.0,0,
16,1,obstacle_cluster,Obstacle Cluster,mono,74,3,0.7547832131385803,49,49,0.0,48.041648597857254,0.0,0,
16,1,obstacle_cluster,Obstacle Cluster,mono,75,3,0.7547832131385803,49,49,0.0,48.041648597857254,0.0,0,
16,1,obstacle_cluster,Obstacle Cluster,mono,76,3,0.7547832131385803,49,49,0.0,48.041648597857254,0.0,0,
16,1,obstacle_cluster,Obstacle Cluster,mono,77,3,0.7547832131385803,49,49,0.0,48.041648597857254,0.0,0,
16,1,obstacle_cluster,Obstacle Cluster,mono,78,3,0.7547832131385803,49,49,0.0,48.041648597857254,0.0,0,
16,1,obstacle_cluster,Obstacle Cluster,mono,79,3,0.7547832131385803,49,49,0.0,48.041648597857254,0.0,0,
16,1,obstacle_cluster,Obstacle Cluster,mono,80,3,0.7547832131385803,49,49,0.0,48.041648597857254,0.0,0,
16,1,obstacle_cluster,Obstacle Cluster,mono,81,3,0.7547832131385803,49,49,0.0,48.041648597857254,0.0,0,
16,1,obstacle_cluster,Obstacle Cluster,mono,82,3,0.7547832131385803,49,49,0.0,48.041648597857254,0.0,0,
16,1,obstacle_cluster,Obstacle Cluster,mono,83,3,0.7547832131385803,49,49,0.0,48.041648597857254,0.0,0,
16,1,obstacle_cluster,Obstacle Cluster,mono,84,3,0.7547832131385803,49,49,0.0,48.041648597857254,0.0,0,
16,1,obstacle_cluster,Obstacle Cluster,mono,85,3,0.7547832131385803,49,49,0.0,48.041648597857254,0.0,0,
16,1,obstacle_cluster,Obstacle Cluster,mono,86,3,0.7547832131385803,49,49,0.0,48.041648597857254,0.0,0,
16,1,obstacle_cluster,Obstacle Cluster,mono,87,3,0.7547832131385803,49,49,0.0,48.041648597857254,0.0,0,
16,1,obstacle_cluster,Obstacle Cluster,mono,88,3,0.7547832131385803,49,49,0.0,48.041648597857254,0.0,0,
16,1,obstacle_cluster,Obstacle Cluster,mono,89,3,0.7547832131385803,49,49,0.0,48.041648597857254,0.0,0,
16,1,obstacle_cluster,Obstacle Cluster,mono,90,3,0.7547832131385803,49,49,0.0,48.041648597857254,0.0,0,
16,1,obstacle_cluster,Obstacle Cluster,mono,91,3,0.7547832131385803,49,49,0.0,48.041648597857254,0.0,0,
16,1,obstacle_cluster,Obstacle Cluster,mono,92,3,0.7547832131385803,49,49,0.0,48.041648597857254,0.0,0,
16,1,obstacle_cluster,Obstacle Cluster,mono,93,3,0.7547832131385803,49,49,0.0,48.041648597857254,0.0,0,
16,1,obstacle_cluster,Obstacle Cluster,mono,94,3,0.7547832131385803,49,49,0.0,48.041648597857254,0.0,0,
16,1,obstacle_cluster,Obstacle Cluster,mono,95,3,0.7547832131385803,49,49,0.0,48.041648597857254,0.0,0,
16,1,obstacle_cluster,Obstacle Cluster,mono,96,3,0.7547832131385803,49,49,0.0,48.041648597857254,0.0,0,
16,1,obstacle_cluster,Obstacle Cluster,mono,97,3,0.7547832131385803,49,49,0.0,48.041648597857254,0.0,0,
16,1,obstacle_cluster,Obstacle Cluster,mono,98,3,0.7547832131385803,49,49,0.0,48.041648597857254,0.0,0,
16,1,obstacle_cluster,Obstacle Cluster,mono,99,3,0.7547832131385803,49,49,0.0,48.041648597857254,0.0,0,
16,1,obstacle_cluster,Obstacle Cluster,mono,100,3,0.7547832131385803,49,49,0.0,48.041648597857254,0.0,0,
16,1,obstacle_cluster,Obstacle Cluster,mono,101,3,0.7547832131385803,49,49,0.0,48.041648597857254,0.0,0,
16,1,obstacle_cluster,Obstacle Cluster,mono,102,3,0.7547832131385803,49,49,0.0,48.041648597857254,0.0,0,
16,1,obstacle_cluster,Obstacle Cluster,mono,103,3,0.7547832131385803,49,49,0.0,48.041648597857254,0.0,0,
16,1,obstacle_cluster,Obstacle Cluster,mono,104,3,0.7547832131385803,49,49,0.0,48.041648597857254,0.0,0,
16,1,obstacle_cluster,Obstacle Cluster,mono,105,3,0.7547832131385803,49,49,0.0,48.041648597857254,0.0,0,
16,1,obstacle_cluster,Obstacle Cluster,mono,106,3,0.7547832131385803,49,49,0.0,48.041648597857254,0.0,0,
16,1,obstacle_cluster,Obstacle Cluster,mono,107,3,0.7547832131385803,49,49,0.0,48.041648597857254,0.0,0,
16,1,obstacle_cluster,Obstacle Cluster,mono,108,3,0.7547832131385803,49,49,0.0,48.041648597857254,0.0,0,
16,1,obstacle_cluster,Obstacle Cluster,mono,109,3,0.7547832131385803,49,49,0.0,48.041648597857254,0.0,0,
16,1,obstacle_cluster,Obstacle Cluster,mono,110,3,0.7547832131385803,49,49,0.0,48.041648597857254,0.0,0,
16,1,obstacle_cluster,Obstacle Cluster,mono,111,3,0.7547832131385803,49,49,0.0,48.041648597857254,0.0,0,
16,1,obstacle_cluster,Obstacle Cluster,mono,112,3,0.7547832131385803,49,49,0.0,48.041648597857254,0.0,0,
16,1,obstacle_cluster,Obstacle Cluster,mono,113,3,0.7547832131385803,49,49,0.0,48.041648597857254,0.0,0,
16,1,obstacle_cluster,Obstacle Cluster,mono,114,3,0.7547832131385803,49,49,0.0,48.041648597857254,0.0,0,
16,1,obstacle_cluster,Obstacle Cluster,mono,115,3,0.7547832131385803,49,49,0.0,48.041648597857254,0.0,0,
16,1,obstacle_cluster,Obstacle Cluster,mono,116,3,0.7547832131385803,49,49,0.0,48.041648597857254,0.0,0,
16,1,obstacle_cluster,Obstacle Cluster,mono,117,3,0.7547832131385803,49,49,0.0,48.041648597857254,0.0,0,
16,1,obstacle_cluster,Obstacle Cluster,mono,118,3,0.7547832131385803,49,49,0.0,48.041648597857254,0.0,0,
16,1,obstacle_cluster,Obstacle Cluster,mono,119,3,0.7547832131385803,49,49,0.0,48.041648597857254,0.0,0,
16,1,obstacle_cluster,Obstacle Cluster,mono,120,3,0.7547832131385803,49,49,0.0,48.041648597857254,0.0,0,
16,1,obstacle_cluster,Obstacle Cluster,mono,121,3,0.7547832131385803,49,49,0.0,48.041648597857254,0.0,0,
16,1,obstacle_cluster,Obstacle Cluster,mono,122,3,0.7547832131385803,49,49,0.0,48.041648597857254,0.0,0,
16,1,obstacle_cluster,Obstacle Cluster,mono,123,3,0.7547832131385803,49,49,0.0,48.041648597857254,0.0,0,
16,1,obstacle_cluster,Obstacle Cluster,mono,124,3,0.7547832131385803,49,49,0.0,48.041648597857254,0.0,0,
16,1,obstacle_cluster,Obstacle Cluster,mono,125,3,0.7547832131385803,49,49,0.0,48.041648597857254,0.0,0,
16,1,obstacle_cluster,Obstacle Cluster,mono,126,3,0.7547832131385803,49,49,0.0,48.041648597857254,0.0,0,
16,1,obstacle_cluster,Obstacle Cluster,mono,127,3,0.7547832131385803,49,49,0.0,48.041648597857254,0.0,0,
16,1,obstacle_cluster,Obstacle Cluster,mono,128,3,0.7547832131385803,49,49,0.0,48.041648597857254,0.0,0,
16,1,obstacle_cluster,Obstacle Cluster,mono,129,3,0.7547832131385803,49,49,0.0,48.041648597857254,0.0,0,
16,1,obstacle_cluster,Obstacle Cluster,mono,130,3,0.7547832131385803,49,49,0.0,48.041648597857254,0.0,0,
16,1,obstacle_cluster,Obstacle Cluster,mono,131,3,0.7547832131385803,49,49,0.0,48.041648597857254,0.0,0,
16,1,obstacle_cluster,Obstacle Cluster,mono,132,3,0.7547832131385803,49,49,0.0,48.041648597857254,0.0,0,
16,1,obstacle_cluster,Obstacle Cluster,mono,133,3,0.7547832131385803,49,49,0.0,48.041648597857254,0.0,0,
16,1,obstacle_cluster,Obstacle Cluster,mono,134,3,0.7547832131385803,49,49,0.0,48.041648597857254,0.0,0,
16,1,obstacle_cluster,Obstacle Cluster,mono,135,3,0.7547832131385803,49,49,0.0,48.041648597857254,0.0,0,
16,1,obstacle_cluster,Obstacle Cluster,mono,136,3,0.7547832131385803,49,49,0.0,48.041648597857254,0.0,0,
16,1,obstacle_cluster,Obstacle Cluster,mono,137,3,0.7547832131385803,49,49,0.0,48.041648597857254,0.0,0,
16,1,obstacle_cluster,Obstacle Cluster,mono,138,3,0.7547832131385803,49,49,0.0,48.041648597857254,0.0,0,
16,1,obstacle_cluster,Obstacle Cluster,mono,139,3,0.7547832131385803,49,49,0.0,48.041648597857254,0.0,0,
16,1,obstacle_cluster,Obstacle Cluster,mono,140,3,0.7547832131385803,49,49,0.0,48.041648597857254,0.0,0,
16,1,obstacle_cluster,Obstacle Cluster,mono,141,3,0.7547832131385803,49,49,0.0,48.041648597857254,0.0,0,
16,1,obstacle_cluster,Obstacle Cluster,mono,142,3,0.7547832131385803,49,49,0.0,48.041648597857254,0.0,0,
16,1,obstacle_cluster,Obstacle Cluster,mono,143,3,0.7547832131385803,49,49,0.0,48.041648597857254,0.0,0,
16,1,obstacle_cluster,Obstacle Cluster,mono,144,3,0.7547832131385803,49,49,0.0,48.041648597857254,0.0,0,
16,1,obstacle_cluster,Obstacle Cluster,mono,145,3,0.7547832131385803,49,49,0.0,48.041648597857254,0.0,0,
16,1,obstacle_cluster,Obstacle Cluster,mono,146,3,0.7547832131385803,49,49,0.0,48.041648597857254,0.0,0,
16,1,obstacle_cluster,Obstacle Cluster,mono,147,3,0.7547832131385803,49,49,0.0,48.041648597857254,0.0,0,
16,1,obstacle_cluster,Obstacle Cluster,mono,148,3,0.7547832131385803,49,49,0.0,48.041648597857254,0.0,0,
16,1,obstacle_cluster,Obstacle Cluster,mono,149,3,0.7547832131385803,49,49,0.0,48.041648597857254,0.0,0,
16,1,obstacle_cluster,Obstacle Cluster,mono,150,3,0.7547832131385803,49,49,0.0,48.041648597857254,0.0,0,
16,1,obstacle_cluster,Obstacle Cluster,mono,151,3,0.7547832131385803,49,49,0.0,48.041648597857254,0.0,0,
16,1,obstacle_cluster,Obstacle Cluster,mono,152,3,0.7547832131385803,49,49,0.0,48.041648597857254,0.0,0,
16,1,obstacle_cluster,Obstacle Cluster,mono,153,3,0.7547832131385803,49,49,0.0,48.041648597857254,0.0,0,
16,1,obstacle_cluster,Obstacle Cluster,mono,154,3,0.7547832131385803,49,49,0.0,48.041648597857254,0.0,0,
16,1,obstacle_cluster,Obstacle Cluster,mono,155,3,0.7547832131385803,49,49,0.0,48.041648597857254,0.0,0,
16,1,obstacle_cluster,Obstacle Cluster,mono,156,3,0.7547832131385803,49,49,0.0,48.041648597857254,0.0,0,
16,1,obstacle_cluster,Obstacle Cluster,mono,157,3,0.7547832131385803,49,49,0.0,48.041648597857254,0.0,0,
16,1,obstacle_cluster,Obstacle Cluster,mono,158,3,0.7547832131385803,49,49,0.0,48.041648597857254,0.0,0,
16,1,obstacle_cluster,Obstacle Cluster,mono,159,3,0.7547832131385803,49,49,0.0,48.041648597857254,0.0,0,
16,1,obstacle_cluster,Obstacle Cluster,mono,160,3,0.7547832131385803,49,49,0.0,48.041648597857254,0.0,0,
16,1,obstacle_cluster,Obstacle Cluster,mono,161,3,0.7547832131385803,49,49,0.0,48.041648597857254,0.0,0,
16,1,obstacle_cluster,Obstacle Cluster,mono,162,3,0.7547832131385803,49,49,0.0,48.041648597857254,0.0,0,
16,1,obstacle_cluster,Obstacle Cluster,mono,163,3,0.7547832131385803,49,49,0.0,48.041648597857254,0.0,0,
16,1,obstacle_cluster,Obstacle Cluster,mono,164,3,0.7547832131385803,49,49,0.0,48.041648597857254,0.0,0,
16,1,obstacle_cluster,Obstacle Cluster,mono,165,3,0.7547832131385803,49,49,0.0,48.041648597857254,0.0,0,
16,1,obstacle_cluster,Obstacle Cluster,mono,166,3,0.7547832131385803,49,49,0.0,48.041648597857254,0.0,0,
16,1,obstacle_cluster,Obstacle Cluster,mono,167,3,0.7547832131385803,49,49,0.0,48.041648597857254,0.0,0,
16,1,obstacle_cluster,Obstacle Cluster,mono,168,3,0.7547832131385803,49,49,0.0,48.041648597857254,0.0,0,
16,1,obstacle_cluster,Obstacle Cluster,mono,169,3,0.7547832131385803,49,49,0.0,48.041648597857254,0.0,0,
16,1,obstacle_cluster,Obstacle Cluster,mono,170,3,0.7547832131385803,49,49,0.0,48.041648597857254,0.0,0,
16,1,obstacle_cluster,Obstacle Cluster,mono,171,3,0.7547832131385803,49,49,0.0,48.041648597857254,0.0,0,
16,1,obstacle_cluster,Obstacle Cluster,mono,172,3,0.7547832131385803,49,49,0.0,48.041648597857254,0.0,0,
16,1,obstacle_cluster,Obstacle Cluster,mono,173,3,0.7547832131385803,49,49,0.0,48.041648597857254,0.0,0,
16,1,obstacle_cluster,Obstacle Cluster,mono,174,3,0.7547832131385803,49,49,0.0,48.041648597857254,0.0,0,
16,1,obstacle_cluster,Obstacle Cluster,mono,175,3,0.7547832131385803,49,49,0.0,48.041648597857254,0.0,0,
16,1,obstacle_cluster,Obstacle Cluster,mono,176,3,0.7547832131385803,49,49,0.0,48.041648597857254,0.0,0,
16,1,obstacle_cluster,Obstacle Cluster,mono,177,3,0.7547832131385803,49,49,0.0,48.041648597857254,0.0,0,
16,1,obstacle_cluster,Obstacle Cluster,mono,178,3,0.7547832131385803,49,49,0.0,48.041648597857254,0.0,0,
16,1,obstacle_cluster,Obstacle Cluster,mono,179,3,0.7547832131385803,49,49,0.0,48.041648597857254,0.0,0,
16,1,obstacle_cluster,Obstacle Cluster,mono,180,3,0.7547832131385803,49,49,0.0,48.041648597857254,0.0,0,
16,1,obstacle_cluster,Obstacle Cluster,mono,181,3,0.7547832131385803,49,49,0.0,48.041648597857254,0.0,0,
16,1,obstacle_cluster,Obstacle Cluster,mono,182,3,0.7547832131385803,49,49,0.0,48.041648597857254,0.0,0,
16,1,obstacle_cluster,Obstacle Cluster,mono,183,3,0.7547832131385803,49,49,0.0,48.041648597857254,0.0,0,
16,1,obstacle_cluster,Obstacle Cluster,mono,184,3,0.7547832131385803,49,49,0.0,48.041648597857254,0.0,0,
16,1,obstacle_cluster,Obstacle Cluster,mono,185,3,0.7547832131385803,49,49,0.0,48.041648597857254,0.0,0,
16,1,obstacle_cluster,Obstacle Cluster,mono,186,3,0.7547832131385803,49,49,0.0,48.041648597857254,0.0,0,
16,1,obstacle_cluster,Obstacle Cluster,mono,187,3,0.7547832131385803,49,49,0.0,48.041648597857254,0.0,0,
16,1,obstacle_cluster,Obstacle Cluster,mono,188,3,0.7547832131385803,49,49,0.0,48.041648597857254,0.0,0,
16,1,obstacle_cluster,Obstacle Cluster,mono,189,3,0.7547832131385803,49,49,0.0,48.041648597857254,0.0,0,
16,1,obstacle_cluster,Obstacle Cluster,mono,190,3,0.7547832131385803,49,49,0.0,48.041648597857254,0.0,0,
16,1,obstacle_cluster,Obstacle Cluster,mono,191,3,0.7547832131385803,49,49,0.0,48.041648597857254,0.0,0,
16,1,obstacle_cluster,Obstacle Cluster,mono,192,3,0.7547832131385803,49,49,0.0,48.041648597857254,0.0,0,
16,1,obstacle_cluster,Obstacle Cluster,mono,193,3,0.7547832131385803,49,49,0.0,48.041648597857254,0.0,0,
16,1,obstacle_cluster,Obstacle Cluster,mono,194,3,0.7547832131385803,49,49,0.0,48.041648597857254,0.0,0,
16,1,obstacle_cluster,Obstacle Cluster,mono,195,3,0.7547832131385803,49,49,0.0,48.041648597857254,0.0,0,
16,1,obstacle_cluster,Obstacle Cluster,mono,196,3,0.7547832131385803,49,49,0.0,48.041648597857254,0.0,0,
16,1,obstacle_cluster,Obstacle Cluster,mono,197,3,0.7547832131385803,49,49,0.0,48.041648597857254,0.0,0,
16,1,obstacle_cluster,Obstacle Cluster,mono,198,3,0.7547832131385803,49,49,0.0,48.041648597857254,0.0,0,
16,1,obstacle_cluster,Obstacle Cluster,mono,199,3,0.7547832131385803,49,49,0.0,48.041648597857254,0.0,0,
16,1,obstacle_cluster,Obstacle Cluster,mono,200,3,0.7547832131385803,49,49,0.0,48.041648597857254,0.0,0,
17,1,lateral_maneuver,Lateral Maneuver,stereo,1,3,0.9869893193244934,3,5,0.0,51.61395160225576,1.3954815205385245,0,
17,1,lateral_maneuver,Lateral Maneuver,stereo,2,3,0.9858047366142273,4,6,0.0,50.21951811795888,1.3944334842968829,0,
17,1,lateral_maneuver,Lateral Maneuver,stereo,3,3,0.9846088886260986,5,7,0.0,48.82622246293481,1.393295655024069,0,
17,1,lateral_maneuver,Lateral Maneuver,stereo,4,3,0.9834102988243103,6,8,0.0,47.43416490252569,1.3920575604091212,0,
17,1,lateral_maneuver,Lateral Maneuver,stereo,5,3,0.9821733236312866,7,9,0.0,46.04345773288535,1.3907071696403364,0,
17,1,lateral_maneuver,Lateral Maneuver,stereo,6,3,0.9809361696243286,8,10,0.033757712692022324,44.654227123532216,1.3892306093531346,0,
17,1,lateral_maneuver,Lateral Maneuver,stereo,7,3,0.97971111536026,9,11,0.025077160447835922,43.266615305567875,1.3876118179643413,0,
17,1,lateral_maneuver,Lateral Maneuver,stereo,8,3,0.9784694910049438,10,12,0.471450537443161,41.88078318274385,1.3858321228240271,0,
17,1,lateral_maneuver,Lateral Maneuver,stereo,9,3,0.9772989153862,11,13,0.15567129850387573,40.496913462633174,1.383869720110674,0,
17,1,lateral_maneuver,Lateral Maneuver,stereo,10,3,0.9762551188468933,12,14,0.009645061567425728,39.11521443121589,1.3816990314172841,0,
17,1,lateral_maneuver,Lateral Maneuver,stereo,11,3,0.9752500057220459,13,15,0.054976850748062134,37.73592452822641,1.379289902989477,0,
17,1,lateral_maneuver,Lateral Maneuver,stereo,12,3,0.974277675151825,14,16,0.0,36.359317925395686,1.3766066028307264,0,
17,1,lateral_maneuver,Lateral Maneuver,stereo,13,3,0.9733384251594543,15,17,0.0,34.9857113690718,1.3736065563238853,0,
17,1,lateral_maneuver,Lateral Maneuver,stereo,14,3,0.972491443157196,16,18,0.0,33.61547262794322,1.3702387411285812,0,
17,1,lateral_maneuver,Lateral Maneuver,stereo,15,3,0.971756100654602,17,19,0.0,32.2490309931942,1.3664416347490231,0,
17,1,lateral_maneuver,Lateral Maneuver,stereo,16,3,0.9711095094680786,18,20,0.29803240299224854,30.886890422961002,1.3621405702331941,0,
17,1,lateral_maneuver,Lateral Maneuver,stereo,17,3,0.9705914258956909,19,21,0.0,29.5296461204668,1.3572443024942018,0,
17,1,lateral_maneuver,Lateral Maneuver,stereo,18,3,0.9701703786849976,20,22,0.0,28.178005607210743,1.3516405132560578,0,
17,1,lateral_maneuver,Lateral Maneuver,stereo,19,3,0.9698482155799866,21,23,0.0,26.832815729997478,1.345189877213265,0,
17,1,lateral_maneuver,Lateral Maneuver,stereo,20,3,0.9695828557014465,22,24,0.17071759700775146,25.495097567963924,1.3377181620335534,0,
17,1,lateral_maneuver,Lateral Maneuver,stereo,21,3,0.9693841934204102,23,25,0.3134644627571106,24.166091947189145,1.3290056207747796,0,
17,1,lateral_maneuver,Lateral Maneuver,stereo,22,3,0.9691978693008423,24,26,0.0,22.847319317591726,1.3187726295974187,0,
17,1,lateral_maneuver,Lateral Maneuver,stereo,23,3,0.9690335988998413,25,27,0.29610341787338257,21.540659228538015,1.306660089053711,0,
17,1,lateral_maneuver,Lateral Maneuver,stereo,24,3,0.9688400030136108,26,28,0.3128858208656311,20.248456731316587,1.292202497221428,0,
17,1,lateral_maneuver,Lateral Maneuver,stereo,25,3,0.9686300158500671,27,29,0.03896604850888252,18.973665961010276,1.2747907703063106,0,
17,1,lateral_maneuver,Lateral Maneuver,stereo,26,3,0.9684818387031555,28,30,0.0,17.72004514666935,1.2536208143409269,0,
17,1,lateral_maneuver,Lateral Maneuver,stereo,27,3,0.9683228731155396,29,31,0.27064043283462524,16.492422502470642,1.227622644198707,0,
17,1,lateral_maneuver,Lateral Maneuver,stereo,28,3,0.9681820273399353,30,32,0.007716049440205097,15.297058540778355,1.195363961692287,0,
17,1,lateral_maneuver,Lateral Maneuver,stereo,29,3,0.9680033922195435,31,33,0.0,14.142135623730951,1.1549229170474042,0,
17,1,lateral_maneuver,Lateral Maneuver,stereo,30,3,0.9678092002868652,32,34,0.037615738809108734,13.038404810405298,1.1037308133256527,0,
17,1,lateral_maneuver,Lateral Maneuver,stereo,31,3,0.967525064945221,33,35,0.6469906568527222,12.0,1.0384048104052983,0,
17,1,lateral_maneuver,Lateral Maneuver,stereo,32,3,0.9672260284423828,34,36,0.5538193583488464,11.045361017187261,0.9546389828127388,0,
17,1,lateral_maneuver,Lateral Maneuver,stereo,33,3,0.9668523073196411,35,37,0.2604166567325592,10.198039027185569,0.8473219900016922,0,
17,1,lateral_maneuver,Lateral Maneuver,stereo,34,3,0.9662459492683411,36,38,0.0,9.486832980505138,0.7112060466804309,0,
17,1,lateral_maneuver,Lateral Maneuver,stereo,35,3,0.9656906723976135,37,39,0.0,8.94427190999916,0.5425610705059789,0,
17,1,lateral_maneuver,Lateral Maneuver,stereo,36,3,0.9650759696960449,38,40,0.062307097017765045,8.602325267042627,0.34194664295653254,0,
17,1,lateral_maneuver,Lateral Maneuver,stereo,37,3,0.9645047187805176,39,41,0.0,8.48528137423857,0.11704389280405714,0,
17,1,lateral_maneuver,Lateral Maneuver,stereo,38,3,0.9642074704170227,40,42,0.16338732838630676,8.602325267042627,-0.11704389280405714,0,
17,1,lateral_maneuver,Lateral Maneuver,stereo,39,3,0.9638569355010986,41,43,0.14486882090568542,8.94427190999916,-0.34194664295653254,0,
17,1,lateral_maneuver,Lateral Maneuver,stereo,40,3,0.9635892510414124,42,44,0.32889655232429504,9.486832980505138,-0.5425610705059789,0,
17,1,lateral_maneuver,Lateral Maneuver,stereo,41,3,0.9633995294570923,43,45,0.0,10.198039027185569,-0.7112060466804309,0,
17,1,lateral_maneuver,Lateral Maneuver,stereo,42,3,0.9633165597915649,44,46,0.0,11.045361017187261,-0.8473219900016922,0,
17,1,lateral_maneuver,Lateral Maneuver,stereo,43,3,0.9632645845413208,45,47,0.0,12.0,-0.9546389828127388,0,
17,1,lateral_maneuver,Lateral Maneuver,stereo,44,3,0.9631035923957825,46,48,0.0,13.038404810405298,-1.0384048104052983,0,
17,1,lateral_maneuver,Lateral Maneuver,stereo,45,3,0.9630111455917358,47,49,0.014467592351138592,14.142135623730951,-1.1037308133256527,0,
17,1,lateral_maneuver,Lateral Maneuver,stereo,46,3,0.96274733543396,48,49,0.5082947015762329,14.317821063276353,-0.1756854395454024,0,
17,1,lateral_maneuver,Lateral Maneuver,stereo,47,3,0.9622240662574768,49,49,0.011574074625968933,14.560219778561036,-0.2423987152846827,0,
17,1,lateral_maneuver,Lateral Maneuver,stereo,48,3,0.9617446660995483,49,49,0.011574074625968933,14.560219778561036,0.0,0,
17,1,lateral_maneuver,Lateral Maneuver,stereo,49,3,0.9617446660995483,49,49,0.011574074625968933,14.560219778561036,0.0,0,
17,1,lateral_maneuver,Lateral Maneuver,stereo,50,3,0.9617446660995483,49,49,0.011574074625968933,14.560219778561036,0.0,0,
17,1,lateral_maneuver,Lateral Maneuver,stereo,51,3,0.9617446660995483,49,49,0.011574074625968933,14.560219778561036,0.0,0,
17,1,lateral_maneuver,Lateral Maneuver,stereo,52,3,0.9617446660995483,49,49,0.011574074625968933,14.560219778561036,0.0,0,
17,1,lateral_maneuver,Lateral Maneuver,stereo,53,3,0.9617446660995483,49,49,0.011574074625968933,14.560219778561036,0.0,0,
17,1,lateral_maneuver,Lateral Maneuver,stereo,54,3,0.9617446660995483,49,49,0.011574074625968933,14.560219778561036,0.0,0,
17,1,lateral_maneuver,Lateral Maneuver,stereo,55,3,0.9617446660995483,49,49,0.011574074625968933,14.560219778561036,0.0,0,
17,1,lateral_maneuver,Lateral Maneuver,stereo,56,3,0.9617446660995483,49,49,0.011574074625968933,14.560219778561036,0.0,0,
17,1,lateral_maneuver,Lateral Maneuver,stereo,57,3,0.9617446660995483,49,49,0.011574074625968933,14.560219778561036,0.0,0,
17,1,lateral_maneuver,Lateral Maneuver,stereo,58,3,0.9617446660995483,49,49,0.011574074625968933,14.560219778561036,0.0,0,
17,1,lateral_maneuver,Lateral Maneuver,stereo,59,3,0.9617446660995483,49,49,0.011574074625968933,14.560219778561036,0.0,0,
17,1,lateral_maneuver,Lateral Maneuver,stereo,60,3,0.9617446660995483,49,49,0.011574074625968933,14.560219778561036,0.0,0,
17,1,lateral_maneuver,Lateral Maneuver,stereo,61,3,0.9617446660995483,49,49,0.011574074625968933,14.560219778561036,0.0,0,
17,1,lateral_maneuver,Lateral Maneuver,stereo,62,3,0.9617446660995483,49,49,0.011574074625968933,14.560219778561036,0.0,0,
17,1,lateral_maneuver,Lateral Maneuver,stereo,63,3,0.9617446660995483,49,49,0.011574074625968933,14.560219778561036,0.0,0,
17,1,lateral_maneuver,Lateral Maneuver,stereo,64,3,0.9617446660995483,49,49,0.011574074625968933,14.560219778561036,0.0,0,
17,1,lateral_maneuver,Lateral Maneuver,stereo,65,3,0.9617446660995483,49,49,0.011574074625968933,14.560219778561036,0.0,0,
17,1,lateral_maneuver,Lateral Maneuver,stereo,66,3,0.9617446660995483,49,49,0.011574074625968933,14.560219778561036,0.0,0,
17,1,lateral_maneuver,Lateral Maneuver,stereo,67,3,0.9617446660995483,49,49,0.011574074625968933,14.560219778561036,0.0,0,
17,1,lateral_maneuver,Lateral Maneuver,stereo,68,3,0.9617446660995483,49,49,0.011574074625968933,14.560219778561036,0.0,0,
17,1,lateral_maneuver,Lateral Maneuver,stereo,69,3,0.9617446660995483,49,49,0.011574074625968933,14.560219778561036,0.0,0,
17,1,lateral_maneuver,Lateral Maneuver,stereo,70,3,0.9617446660995483,49,49,0.011574074625968933,14.560219778561036,0.0,0,
17,1,lateral_maneuver,Lateral Maneuver,stereo,71,3,0.9617446660995483,49,49,0.011574074625968933,14.560219778561036,0.0,0,
17,1,lateral_maneuver,Lateral Maneuver,stereo,72,3,0.9617446660995483,49,49,0.011574074625968933,14.560219778561036,0.0,0,
17,1,lateral_maneuver,Lateral Maneuver,stereo,73,3,0.9617446660995483,49,49,0.011574074625968933,14.560219778561036,0.0,0,
17,1,lateral_maneuver,Lateral Maneuver,stereo,74,3,0.9617446660995483,49,49,0.011574074625968933,14.560219778561036,0.0,0,
17,1,lateral_maneuver,Lateral Maneuver,stereo,75,3,0.9617446660995483,49,49,0.011574074625968933,14.560219778561036,0.0,0,
17,1,lateral_maneuver,Lateral Maneuver,stereo,76,3,0.9617446660995483,49,49,0.011574074625968933,14.560219778561036,0.0,0,
17,1,lateral_maneuver,Lateral Maneuver,stereo,77,3,0.9617446660995483,49,49,0.011574074625968933,14.560219778561036,0.0,0,
17,1,lateral_maneuver,Lateral Maneuver,stereo,78,3,0.9617446660995483,49,49,0.011574074625968933,14.560219778561036,0.0,0,
17,1,lateral_maneuver,Lateral Maneuver,stereo,79,3,0.9617446660995483,49,49,0.011574074625968933,14.560219778561036,0.0,0,
17,1,lateral_maneuver,Lateral Maneuver,stereo,80,3,0.9617446660995483,49,49,0.011574074625968933,14.560219778561036,0.0,0,
17,1,lateral_maneuver,Lateral Maneuver,stereo,81,3,0.9617446660995483,49,49,0.011574074625968933,14.560219778561036,0.0,0,
17,1,lateral_maneuver,Lateral Maneuver,stereo,82,3,0.9617446660995483,49,49,0.011574074625968933,14.560219778561036,0.0,0,
17,1,lateral_maneuver,Lateral Maneuver,stereo,83,3,0.9617446660995483,49,49,0.011574074625968933,14.560219778561036,0.0,0,
17,1,lateral_maneuver,Lateral Maneuver,stereo,84,3,0.9617446660995483,49,49,0.011574074625968933,14.560219778561036,0.0,0,
17,1,lateral_maneuver,Lateral Maneuver,stereo,85,3,0.9617446660995483,49,49,0.011574074625968933,14.560219778561036,0.0,0,
17,1,lateral_maneuver,Lateral Maneuver,stereo,86,3,0.9617446660995483,49,49,0.011574074625968933,14.560219778561036,0.0,0,
17,1,lateral_maneuver,Lateral Maneuver,stereo,87,3,0.9617446660995483,49,49,0.011574074625968933,14.560219778561036,0.0,0,
17,1,lateral_maneuver,Lateral Maneuver,stereo,88,3,0.9617446660995483,49,49,0.011574074625968933,14.560219778561036,0.0,0,
17,1,lateral_maneuver,Lateral Maneuver,stereo,89,3,0.9617446660995483,49,49,0.011574074625968933,14.560219778561036,0.0,0,
17,1,lateral_maneuver,Lateral Maneuver,stereo,90,3,0.9617446660995483,49,49,0.011574074625968933,14.560219778561036,0.0,0,
17,1,lateral_maneuver,Lateral Maneuver,stereo,91,3,0.9617446660995483,49,49,0.011574074625968933,14.560219778561036,0.0,0,
17,1,lateral_maneuver,Lateral Maneuver,stereo,92,3,0.9617446660995483,49,49,0.011574074625968933,14.560219778561036,0.0,0,
17,1,lateral_maneuver,Lateral Maneuver,stereo,93,3,0.9617446660995483,49,49,0.011574074625968933,14.560219778561036,0.0,0,
17,1,lateral_maneuver,Lateral Maneuver,stereo,94,3,0.9617446660995483,49,49,0.011574074625968933,14.560219778561036,0.0,0,
17,1,lateral_maneuver,Lateral Maneuver,stereo,95,3,0.9617446660995483,49,49,0.011574074625968933,14.560219778561036,0.0,0,
17,1,lateral_maneuver,Lateral Maneuver,stereo,96,3,0.9617446660995483,49,49,0.011574074625968933,14.560219778561036,0.0,0,
17,1,lateral_maneuver,Lateral Maneuver,stereo,97,3,0.9617446660995483,49,49,0.011574074625968933,14.560219778561036,0.0,0,
17,1,lateral_maneuver,Lateral Maneuver,stereo,98,3,0.9617446660995483,49,49,0.011574074625968933,14.560219778561036,0.0,0,
17,1,lateral_maneuver,Lateral Maneuver,stereo,99,3,0.9617446660995483,49,49,0.011574074625968933,14.560219778561036,0.0,0,
17,1,lateral_maneuver,Lateral Maneuver,stereo,100,3,0.9617446660995483,49,49,0.011574074625968933,14.560219778561036,0.0,0,
17,1,lateral_maneuver,Lateral Maneuver,stereo,101,3,0.9617446660995483,49,49,0.011574074625968933,14.560219778561036,0.0,0,
17,1,lateral_maneuver,Lateral Maneuver,stereo,102,3,0.9617446660995483,49,49,0.011574074625968933,14.560219778561036,0.0,0,
17,1,lateral_maneuver,Lateral Maneuver,stereo,103,3,0.9617446660995483,49,49,0.011574074625968933,14.560219778561036,0.0,0,
17,1,lateral_maneuver,Lateral Maneuver,stereo,104,3,0.9617446660995483,49,49,0.011574074625968933,14.560219778561036,0.0,0,
17,1,lateral_maneuver,Lateral Maneuver,stereo,105,3,0.9617446660995483,49,49,0.011574074625968933,14.560219778561036,0.0,0,
17,1,lateral_maneuver,Lateral Maneuver,stereo,106,3,0.9617446660995483,49,49,0.011574074625968933,14.560219778561036,0.0,0,
17,1,lateral_maneuver,Lateral Maneuver,stereo,107,3,0.9617446660995483,49,49,0.011574074625968933,14.560219778561036,0.0,0,
17,1,lateral_maneuver,Lateral Maneuver,stereo,108,3,0.9617446660995483,49,49,0.011574074625968933,14.560219778561036,0.0,0,
17,1,lateral_maneuver,Lateral Maneuver,stereo,109,3,0.9617446660995483,49,49,0.011574074625968933,14.560219778561036,0.0,0,
17,1,lateral_maneuver,Lateral Maneuver,stereo,110,3,0.9617446660995483,49,49,0.011574074625968933,14.560219778561036,0.0,0,
17,1,lateral_maneuver,Lateral Maneuver,stereo,111,3,0.9617446660995483,49,49,0.011574074625968933,14.560219778561036,0.0,0,
17,1,lateral_maneuver,Lateral Maneuver,stereo,112,3,0.9617446660995483,49,49,0.011574074625968933,14.560219778561036,0.0,0,
17,1,lateral_maneuver,Lateral Maneuver,stereo,113,3,0.9617446660995483,49,49,0.011574074625968933,14.560219778561036,0.0,0,
17,1,lateral_maneuver,Lateral Maneuver,stereo,114,3,0.9617446660995483,49,49,0.011574074625968933,14.560219778561036,0.0,0,
17,1,lateral_maneuver,Lateral Maneuver,stereo,115,3,0.9617446660995483,49,49,0.011574074625968933,14.560219778561036,0.0,0,
17,1,lateral_maneuver,Lateral Maneuver,stereo,116,3,0.9617446660995483,49,49,0.011574074625968933,14.560219778561036,0.0,0,
17,1,lateral_maneuver,Lateral Maneuver,stereo,117,3,0.9617446660995483,49,49,0.011574074625968933,14.560219778561036,0.0,0,
17,1,lateral_maneuver,Lateral Maneuver,stereo,118,3,0.9617446660995483,49,49,0.011574074625968933,14.560219778561036,0.0,0,
17,1,lateral_maneuver,Lateral Maneuver,stereo,119,3,0.9617446660995483,49,49,0.011574074625968933,14.560219778561036,0.0,0,
17,1,lateral_maneuver,Lateral Maneuver,stereo,120,3,0.9617446660995483,49,49,0.011574074625968933,14.560219778561036,0.0,0,
17,1,lateral_maneuver,Lateral Maneuver,stereo,121,3,0.9617446660995483,49,49,0.011574074625968933,14.560219778561036,0.0,0,
17,1,lateral_maneuver,Lateral Maneuver,stereo,122,3,0.9617446660995483,49,49,0.011574074625968933,14.560219778561036,0.0,0,
17,1,lateral_maneuver,Lateral Maneuver,stereo,123,3,0.9617446660995483,49,49,0.011574074625968933,14.560219778561036,0.0,0,
17,1,lateral_maneuver,Lateral Maneuver,stereo,124,3,0.9617446660995483,49,49,0.011574074625968933,14.560219778561036,0.0,0,
17,1,lateral_maneuver,Lateral Maneuver,stereo,125,3,0.9617446660995483,49,49,0.011574074625968933,14.560219778561036,0.0,0,
17,1,lateral_maneuver,Lateral Maneuver,stereo,126,3,0.9617446660995483,49,49,0.011574074625968933,14.560219778561036,0.0,0,
17,1,lateral_maneuver,Lateral Maneuver,stereo,127,3,0.9617446660995483,49,49,0.011574074625968933,14.560219778561036,0.0,0,
17,1,lateral_maneuver,Lateral Maneuver,stereo,128,3,0.9617446660995483,49,49,0.011574074625968933,14.560219778561036,0.0,0,
17,1,lateral_maneuver,Lateral Maneuver,stereo,129,3,0.9617446660995483,49,49,0.011574074625968933,14.560219778561036,0.0,0,
17,1,lateral_maneuver,Lateral Maneuver,stereo,130,3,0.9617446660995483,49,49,0.011574074625968933,14.560219778561036,0.0,0,
17,1,lateral_maneuver,Lateral Maneuver,stereo,131,3,0.9617446660995483,49,49,0.011574074625968933,14.560219778561036,0.0,0,
17,1,lateral_maneuver,Lateral Maneuver,stereo,132,3,0.9617446660995483,49,49,0.011574074625968933,14.560219778561036,0.0,0,
17,1,lateral_maneuver,Lateral Maneuver,stereo,133,3,0.9617446660995483,49,49,0.011574074625968933,14.560219778561036,0.0,0,
17,1,lateral_maneuver,Lateral Maneuver,stereo,134,3,0.9617446660995483,49,49,0.011574074625968933,14.560219778561036,0.0,0,
17,1,lateral_maneuver,Lateral Maneuver,stereo,135,3,0.9617446660995483,49,49,0.011574074625968933,14.560219778561036,0.0,0,
17,1,lateral_maneuver,Lateral Maneuver,stereo,136,3,0.9617446660995483,49,49,0.011574074625968933,14.560219778561036,0.0,0,
17,1,lateral_maneuver,Lateral Maneuver,stereo,137,3,0.9617446660995483,49,49,0.011574074625968933,14.560219778561036,0.0,0,
17,1,lateral_maneuver,Lateral Maneuver,stereo,138,3,0.9617446660995483,49,49,0.011574074625968933,14.560219778561036,0.0,0,
17,1,lateral_maneuver,Lateral Maneuver,stereo,139,3,0.9617446660995483,49,49,0.011574074625968933,14.560219778561036,0.0,0,
17,1,lateral_maneuver,Lateral Maneuver,stereo,140,3,0.9617446660995483,49,49,0.011574074625968933,14.560219778561036,0.0,0,
17,1,lateral_maneuver,Lateral Maneuver,stereo,141,3,0.9617446660995483,49,49,0.011574074625968933,14.560219778561036,0.0,0,
17,1,lateral_maneuver,Lateral Maneuver,stereo,142,3,0.9617446660995483,49,49,0.011574074625968933,14.560219778561036,0.0,0,
17,1,lateral_maneuver,Lateral Maneuver,stereo,143,3,0.9617446660995483,49,49,0.011574074625968933,14.560219778561036,0.0,0,
17,1,lateral_maneuver,Lateral Maneuver,stereo,144,3,0.9617446660995483,49,49,0.011574074625968933,14.560219778561036,0.0,0,
17,1,lateral_maneuver,Lateral Maneuver,stereo,145,3,0.9617446660995483,49,49,0.011574074625968933,14.560219778561036,0.0,0,
17,1,lateral_maneuver,Lateral Maneuver,stereo,146,3,0.9617446660995483,49,49,0.011574074625968933,14.560219778561036,0.0,0,
17,1,lateral_maneuver,Lateral Maneuver,stereo,147,3,0.9617446660995483,49,49,0.011574074625968933,14.560219778561036,0.0,0,
17,1,lateral_maneuver,Lateral Maneuver,stereo,148,3,0.9617446660995483,49,49,0.011574074625968933,14.560219778561036,0.0,0,
17,1,lateral_maneuver,Lateral Maneuver,stereo,149,3,0.9617446660995483,49,49,0.011574074625968933,14.560219778561036,0.0,0,
17,1,lateral_maneuver,Lateral Maneuver,stereo,150,3,0.9617446660995483,49,49,0.011574074625968933,14.560219778561036,0.0,0,
17,1,lateral_maneuver,Lateral Maneuver,stereo,151,3,0.9617446660995483,49,49,0.011574074625968933,14.560219778561036,0.0,0,
17,1,lateral_maneuver,Lateral Maneuver,stereo,152,3,0.9617446660995483,49,49,0.011574074625968933,14.560219778561036,0.0,0,
17,1,lateral_maneuver,Lateral Maneuver,stereo,153,3,0.9617446660995483,49,49,0.011574074625968933,14.560219778561036,0.0,0,
17,1,lateral_maneuver,Lateral Maneuver,stereo,154,3,0.9617446660995483,49,49,0.011574074625968933,14.560219778561036,0.0,0,
17,1,lateral_maneuver,Lateral Maneuver,stereo,155,3,0.9617446660995483,49,49,0.011574074625968933,14.560219778561036,0.0,0,
17,1,lateral_maneuver,Lateral Maneuver,stereo,156,3,0.9617446660995483,49,49,0.011574074625968933,14.560219778561036,0.0,0,
17,1,lateral_maneuver,Lateral Maneuver,stereo,157,3,0.9617446660995483,49,49,0.011574074625968933,14.560219778561036,0.0,0,
17,1,lateral_maneuver,Lateral Maneuver,stereo,158,3,0.9617446660995483,49,49,0.011574074625968933,14.560219778561036,0.0,0,
17,1,lateral_maneuver,Lateral Maneuver,stereo,159,3,0.9617446660995483,49,49,0.011574074625968933,14.560219778561036,0.0,0,
17,1,lateral_maneuver,Lateral Maneuver,stereo,160,3,0.9617446660995483,49,49,0.011574074625968933,14.560219778561036,0.0,0,
17,1,lateral_maneuver,Lateral Maneuver,stereo,161,3,0.9617446660995483,49,49,0.011574074625968933,14.560219778561036,0.0,0,
17,1,lateral_maneuver,Lateral Maneuver,stereo,162,3,0.9617446660995483,49,49,0.011574074625968933,14.560219778561036,0.0,0,
17,1,lateral_maneuver,Lateral Maneuver,stereo,163,3,0.9617446660995483,49,49,0.011574074625968933,14.560219778561036,0.0,0,
17,1,lateral_maneuver,Lateral Maneuver,stereo,164,3,0.9617446660995483,49,49,0.011574074625968933,14.560219778561036,0.0,0,
17,1,lateral_maneuver,Lateral Maneuver,stereo,165,3,0.9617446660995483,49,49,0.011574074625968933,14.560219778561036,0.0,0,
17,1,lateral_maneuver,Lateral Maneuver,stereo,166,3,0.9617446660995483,49,49,0.011574074625968933,14.560219778561036,0.0,0,
17,1,lateral_maneuver,Lateral Maneuver,stereo,167,3,0.9617446660995483,49,49,0.011574074625968933,14.560219778561036,0.0,0,
17,1,lateral_maneuver,Lateral Maneuver,stereo,168,3,0.9617446660995483,49,49,0.011574074625968933,14.560219778561036,0.0,0,
17,1,lateral_maneuver,Lateral Maneuver,stereo,169,3,0.9617446660995483,49,49,0.011574074625968933,14.560219778561036,0.0,0,
17,1,lateral_maneuver,Lateral Maneuver,stereo,170,3,0.9617446660995483,49,49,0.011574074625968933,14.560219778561036,0.0,0,
17,1,lateral_maneuver,Lateral Maneuver,stereo,171,3,0.9617446660995483,49,49,0.011574074625968933,14.560219778561036,0.0,0,
17,1,lateral_maneuver,Lateral Maneuver,stereo,172,3,0.9617446660995483,49,49,0.011574074625968933,14.560219778561036,0.0,0,
17,1,lateral_maneuver,Lateral Maneuver,stereo,173,3,0.9617446660995483,49,49,0.011574074625968933,14.560219778561036,0.0,0,
17,1,lateral_maneuver,Lateral Maneuver,stereo,174,3,0.9617446660995483,49,49,0.011574074625968933,14.560219778561036,0.0,0,
17,1,lateral_maneuver,Lateral Maneuver,stereo,175,3,0.9617446660995483,49,49,0.011574074625968933,14.560219778561036,0.0,0,
17,1,lateral_maneuver,Lateral Maneuver,stereo,176,3,0.9617446660995483,49,49,0.011574074625968933,14.560219778561036,0.0,0,
17,1,lateral_maneuver,Lateral Maneuver,stereo,177,3,0.9617446660995483,49,49,0.011574074625968933,14.560219778561036,0.0,0,
17,1,lateral_maneuver,Lateral Maneuver,stereo,178,3,0.9617446660995483,49,49,0.011574074625968933,14.560219778561036,0.0,0,
17,1,lateral_maneuver,Lateral Maneuver,stereo,179,3,0.9617446660995483,49,49,0.011574074625968933,14.560219778561036,0.0,0,
17,1,lateral_maneuver,Lateral Maneuver,stereo,180,3,0.9617446660995483,49,49,0.011574074625968933,14.560219778561036,0.0,0,
17,1,lateral_maneuver,Lateral Maneuver,stereo,181,3,0.9617446660995483,49,49,0.011574074625968933,14.560219778561036,0.0,0,
17,1,lateral_maneuver,Lateral Maneuver,stereo,182,3,0.9617446660995483,49,49,0.011574074625968933,14.560219778561036,0.0,0,
17,1,lateral_maneuver,Lateral Maneuver,stereo,183,3,0.9617446660995483,49,49,0.011574074625968933,14.560219778561036,0.0,0,
17,1,lateral_maneuver,Lateral Maneuver,stereo,184,3,0.9617446660995483,49,49,0.011574074625968933,14.560219778561036,0.0,0,
17,1,lateral_maneuver,Lateral Maneuver,stereo,185,3,0.9617446660995483,49,49,0.011574074625968933,14.560219778561036,0.0,0,
17,1,lateral_maneuver,Lateral Maneuver,stereo,186,3,0.9617446660995483,49,49,0.011574074625968933,14.560219778561036,0.0,0,
17,1,lateral_maneuver,Lateral Maneuver,stereo,187,3,0.9617446660995483,49,49,0.011574074625968933,14.560219778561036,0.0,0,
17,1,lateral_maneuver,Lateral Maneuver,stereo,188,3,0.9617446660995483,49,49,0.011574074625968933,14.560219778561036,0.0,0,
17,1,lateral_maneuver,Lateral Maneuver,stereo,189,3,0.9617446660995483,49,49,0.011574074625968933,14.560219778561036,0.0,0,
17,1,lateral_maneuver,Lateral Maneuver,stereo,190,3,0.9617446660995483,49,49,0.011574074625968933,14.560219778561036,0.0,0,
17,1,lateral_maneuver,Lateral Maneuver,stereo,191,3,0.9617446660995483,49,49,0.011574074625968933,14.560219778561036,0.0,0,
17,1,lateral_maneuver,Lateral Maneuver,stereo,192,3,0.9617446660995483,49,49,0.011574074625968933,14.560219778561036,0.0,0,
17,1,lateral_maneuver,Lateral Maneuver,stereo,193,3,0.9617446660995483,49,49,0.011574074625968933,14.560219778561036,0.0,0,
17,1,lateral_maneuver,Lateral Maneuver,stereo,194,3,0.9617446660995483,49,49,0.011574074625968933,14.560219778561036,0.0,0,
17,1,lateral_maneuver,Lateral Maneuver,stereo,195,3,0.9617446660995483,49,49,0.011574074625968933,14.560219778561036,0.0,0,
17,1,lateral_maneuver,Lateral Maneuver,stereo,196,3,0.9617446660995483,49,49,0.011574074625968933,14.560219778561036,0.0,0,
17,1,lateral_maneuver,Lateral Maneuver,stereo,197,3,0.9617446660995483,49,49,0.011574074625968933,14.560219778561036,0.0,0,
17,1,lateral_maneuver,Lateral Maneuver,stereo,198,3,0.9617446660995483,49,49,0.011574074625968933,14.560219778561036,0.0,0,
17,1,lateral_maneuver,Lateral Maneuver,stereo,199,3,0.9617446660995483,49,49,0.011574074625968933,14.560219778561036,0.0,0,
17,1,lateral_maneuver,Lateral Maneuver,stereo,200,3,0.9617446660995483,49,49,0.011574074625968933,14.560219778561036,0.0,0,
18,1,lateral_maneuver,Lateral Maneuver,mono,1,3,0.9999998807907104,3,5,0.0,51.61395160225576,1.3954815205385245,0,
18,1,lateral_maneuver,Lateral Maneuver,mono,2,3,0.9999998807907104,4,6,0.0,50.21951811795888,1.3944334842968829,0,
18,1,lateral_maneuver,Lateral Maneuver,mono,3,3,0.9999998807907104,5,7,0.0,48.82622246293481,1.393295655024069,0,
18,1,lateral_maneuver,Lateral Maneuver,mono,4,3,0.9999998807907104,6,8,0.0,47.43416490252569,1.3920575604091212,0,
18,1,lateral_maneuver,Lateral Maneuver,mono,5,3,0.9999998807907104,7,9,0.0,46.04345773288535,1.3907071696403364,0,
18,1,lateral_maneuver,Lateral Maneuver,mono,6,3,0.9999998807907104,8,10,0.0,44.654227123532216,1.3892306093531346,0,
18,1,lateral_maneuver,Lateral Maneuver,mono,7,3,0.9999998807907104,9,11,0.0,43.266615305567875,1.3876118179643413,0,
18,1,lateral_maneuver,Lateral Maneuver,mono,8,3,0.9999998807907104,10,12,0.0,41.88078318274385,1.3858321228240271,0,
18,1,lateral_maneuver,Lateral Maneuver,mono,9,3,0.9999997615814209,11,13,0.0,40.496913462633174,1.383869720110674,0,
18,1,lateral_maneuver,Lateral Maneuver,mono,10,3,0.9999997615814209,12,14,0.0,39.11521443121589,1.3816990314172841,0,
18,1,lateral_maneuver,Lateral Maneuver,mono,11,3,0.9999997615814209,13,15,0.0,37.73592452822641,1.379289902989477,0,
18,1,lateral_maneuver,Lateral Maneuver,mono,12,3,0.9999997615814209,14,16,0.0,36.359317925395686,1.3766066028307264,0,
18,1,lateral_maneuver,Lateral Maneuver,mono,13,3,0.9999997615814209,15,17,0.0,34.9857113690718,1.3736065563238853,0,
18,1,lateral_maneuver,Lateral Maneuver,mono,14,3,0.9999996423721313,16,18,0.0,33.61547262794322,1.3702387411285812,0,
18,1,lateral_maneuver,Lateral Maneuver,mono,15,3,0.9999996423721313,17,19,0.0,32.2490309931942,1.3664416347490231,0,
18,1,lateral_maneuver,Lateral Maneuver,mono,16,3,0.9999996423721313,18,20,0.0,30.886890422961002,1.3621405702331941,0,
18,1,lateral_maneuver,Lateral Maneuver,mono,17,3,0.9999996423721313,19,21,0.0,29.5296461204668,1.3572443024942018,0,
18,1,lateral_maneuver,Lateral Maneuver,mono,18,3,0.9999996423721313,20,22,0.0,28.178005607210743,1.3516405132560578,0,
18,1,lateral_maneuver,Lateral Maneuver,mono,19,3,0.9999996423721313,21,23,0.0,26.832815729997478,1.345189877213265,0,
18,1,lateral_maneuver,Lateral Maneuver,mono,20,3,0.9999996423721313,22,24,0.0,25.495097567963924,1.3377181620335534,0,
18,1,lateral_maneuver,Lateral Maneuver,mono,21,3,0.9999996423721313,23,25,0.0,24.166091947189145,1.3290056207747796,0,
18,1,lateral_maneuver,Lateral Maneuver,mono,22,3,0.9999996423721313,24,26,0.0,22.847319317591726,1.3187726295974187,0,
18,1,lateral_maneuver,Lateral Maneuver,mono,23,3,0.9999996423721313,25,27,0.0,21.540659228538015,1.306660089053711,0,
18,1,lateral_maneuver,Lateral Maneuver,mono,24,3,0.9999996423721313,26,28,0.0,20.248456731316587,1.292202497221428,0,
18,1,lateral_maneuver,Lateral Maneuver,mono,25,3,0.9999996423721313,27,29,0.0,18.973665961010276,1.2747907703063106,0,
18,1,lateral_maneuver,Lateral Maneuver,mono,26,3,0.9999996423721313,28,30,0.0,17.72004514666935,1.2536208143409269,0,
18,1,lateral_maneuver,Lateral Maneuver,mono,27,3,0.9999996423721313,29,31,0.0,16.492422502470642,1.227622644198707,0,
18,1,lateral_maneuver,Lateral Maneuver,mono,28,3,0.9999996423721313,30,32,0.0,15.297058540778355,1.195363961692287,0,
18,1,lateral_maneuver,Lateral Maneuver,mono,29,3,0.9999996423721313,31,33,0.0,14.142135623730951,1.1549229170474042,0,
18,1,lateral_maneuver,Lateral Maneuver,mono,30,3,0.9999996423721313,32,34,0.0,13.038404810405298,1.1037308133256527,0,
18,1,lateral_maneuver,Lateral Maneuver,mono,31,3,0.9999996423721313,33,35,0.0,12.0,1.0384048104052983,0,
18,1,lateral_maneuver,Lateral Maneuver,mono,32,3,0.9999997615814209,34,36,0.0,11.045361017187261,0.9546389828127388,0,
18,1,lateral_maneuver,Lateral Maneuver,mono,33,3,0.9999997615814209,35,37,0.0,10.198039027185569,0.8473219900016922,0,
18,1,lateral_maneuver,Lateral Maneuver,mono,34,3,0.9999997615814209,36,38,0.0,9.486832980505138,0.7112060466804309,0,
18,1,lateral_maneuver,Lateral Maneuver,mono,35,3,0.9999997615814209,37,39,0.0,8.94427190999916,0.5425610705059789,0,
18,1,lateral_maneuver,Lateral Maneuver,mono,36,3,0.9999997615814209,38,40,0.7472992539405823,8.602325267042627,0.34194664295653254,0,
18,1,lateral_maneuver,Lateral Maneuver,mono,37,3,0.9999997615814209,39,41,0.9999998807907104,8.48528137423857,0.11704389280405714,1,collision_risk
19,1,stress_density,Stress Density,stereo,1,3,1.0,3,5,0.0,26.076809620810597,1.0893457936016517,0,
19,1,stress_density,Stress Density,stereo,2,3,1.0,4,6,0.0,25.019992006393608,1.056817614416989,0,
19,1,stress_density,Stress Density,stereo,3,3,1.0,5,7,0.0,24.0,1.0199920063936077,0,
19,1,stress_density,Stress Density,stereo,4,3,1.0,6,8,0.0,23.021728866442675,0.9782711335573246,0,
19,1,stress_density,Stress Density,stereo,5,3,1.0,7,9,0.0,22.090722034374522,0.931006832068153,0,
19,1,stress_density,Stress Density,stereo,6,3,1.0,8,10,1.0,21.213203435596427,0.8775185987780958,1,collision_risk
20,1,stress_density,Stress Density,mono,1,3,1.0,3,5,0.0,26.076809620810597,1.0893457936016517,0,
20,1,stress_density,Stress Density,mono,2,3,1.0,4,6,0.0,25.019992006393608,1.056817614416989,0,
20,1,stress_density,Stress Density,mono,3,3,1.0,5,7,0.0,24.0,1.0199920063936077,0,
20,1,stress_density,Stress Density,mono,4,3,1.0,6,8,0.0,23.021728866442675,0.9782711335573246,0,
20,1,stress_density,Stress Density,mono,5,3,1.0,7,9,0.0,22.090722034374522,0.931006832068153,0,
20,1,stress_density,Stress Density,mono,6,3,1.0,8,10,0.0,21.213203435596427,0.8775185987780958,0,
20,1,stress_density,Stress Density,mono,7,3,1.0,9,11,0.0,20.396078054371138,0.8171253812252885,0,
20,1,stress_density,Stress Density,mono,8,3,1.0,10,12,0.0,19.6468827043885,0.7491953499826387,0,
20,1,stress_density,Stress Density,mono,9,3,1.0,11,13,0.0,18.973665961010276,0.673216743378223,0,
20,1,stress_density,Stress Density,mono,10,3,1.0,12,14,0.0,18.384776310850235,0.5888896501600414,0,
20,1,stress_density,Stress Density,mono,11,3,1.0,13,15,0.0,17.88854381999832,0.49623249085191645,0,
20,1,stress_density,Stress Density,mono,12,3,1.0,14,16,0.0,17.4928556845359,0.395688135462418,0,
20,1,stress_density,Stress Density,mono,13,3,1.0,15,17,0.0,17.204650534085253,0.2882051504506471,0,
20,1,stress_density,Stress Density,mono,14,3,1.0,16,18,0.0,17.029386365926403,0.1752641681588507,0,
20,1,stress_density,Stress Density,mono,15,3,1.0,17,19,0.0,16.97056274847714,0.058823617449263566,0,
20,1,stress_density,Stress Density,mono,16,3,1.0,18,20,0.0,17.029386365926403,-0.058823617449263566,0,
20,1,stress_density,Stress Density,mono,17,3,1.0,19,21,0.0,17.204650534085253,-0.1752641681588507,0,
20,1,stress_density,Stress Density,mono,18,3,1.0,20,22,0.0,17.4928556845359,-0.2882051504506471,0,
20,1,stress_density,Stress Density,mono,19,3,1.0,21,23,0.0,17.88854381999832,-0.395688135462418,0,
20,1,stress_density,Stress Density,mono,20,3,1.0,22,24,0.0,18.384776310850235,-0.49623249085191645,0,
20,1,stress_density,Stress Density,mono,21,3,1.0,23,25,0.0,18.973665961010276,-0.5888896501600414,0,
20,1,stress_density,Stress Density,mono,22,3,1.0,24,26,0.0,19.6468827043885,-0.673216743378223,0,
20,1,stress_density,Stress Density,mono,23,3,1.0,25,27,0.0,20.396078054371138,-0.7491953499826387,0,
20,1,stress_density,Stress Density,mono,24,3,1.0,26,28,0.0,21.213203435596427,-0.8171253812252885,0,
20,1,stress_density,Stress Density,mono,25,3,1.0,27,29,0.0,22.090722034374522,-0.8775185987780958,0,
20,1,stress_density,Stress Density,mono,26,3,1.0,28,30,0.0,23.021728866442675,-0.931006832068153,0,
20,1,stress_density,Stress Density,mono,27,3,1.0,29,31,0.932291567325592,24.0,-0.9782711335573246,0,
20,1,stress_density,Stress Density,mono,28,3,1.0,30,32,0.9999998807907104,25.019992006393608,-1.0199920063936077,1,collision_risk
21,2,baseline_open,Baseline Open,stereo,1,3,0.9887401461601257,5,3,0.0,53.009433122794285,1.3964489121474912,0,
21,2,baseline_open,Baseline Open,stereo,2,3,0.9876515865325928,6,4,0.0,51.61395160225576,1.3954815205385245,0,
21,2,baseline_open,Baseline Open,stereo,3,3,0.9865602254867554,7,5,0.0,50.21951811795888,1.3944334842968829,0,
21,2,baseline_open,Baseline Open,stereo,4,3,0.9854295253753662,8,6,0.0,48.82622246293481,1.393295655024069,0,
21,2,baseline_open,Baseline Open,stereo,5,3,0.9842687845230103,9,7,0.0,47.43416490252569,1.3920575604091212,0,
21,2,baseline_open,Baseline Open,stereo,6,3,0.9830637574195862,10,8,0.0,46.04345773288535,1.3907071696403364,0,
21,2,baseline_open,Baseline Open,stereo,7,3,0.9818165302276611,11,9,0.0,44.654227123532216,1.3892306093531346,0,
21,2,baseline_open,Baseline Open,stereo,8,3,0.9805414080619812,12,10,0.04957561939954758,43.266615305567875,1.3876118179643413,0,
21,2,baseline_open,Baseline Open,stereo,9,3,0.9792033433914185,13,11,0.5713734030723572,41.88078318274385,1.3858321228240271,0,
21,2,baseline_open,Baseline Open,stereo,10,3,0.9778828024864197,14,12,0.4484953284263611,40.496913462633174,1.383869720110674,0,
21,2,baseline_open,Baseline Open,stereo,11,3,0.976578950881958,15,13,0.6120755672454834,39.11521443121589,1.3816990314172841,0,
21,2,baseline_open,Baseline Open,stereo,12,3,0.9753249287605286,16,14,0.1041666567325592,37.73592452822641,1.379289902989477,0,
21,2,baseline_open,Baseline Open,stereo,13,3,0.9740840196609497,17,15,0.43981483578681946,36.359317925395686,1.3766066028307264,0,
21,2,baseline_open,Baseline Open,stereo,14,3,0.9728368520736694,18,16,0.430555522441864,34.9857113690718,1.3736065563238853,0,
21,2,baseline_open,Baseline Open,stereo,15,3,0.9715999960899353,19,17,0.6277005076408386,33.61547262794322,1.3702387411285812,0,
21,2,baseline_open,Baseline Open,stereo,16,3,0.9704180359840393,20,18,0.4606481194496155,32.2490309931942,1.3664416347490231,0,
21,2,baseline_open,Baseline Open,stereo,17,3,0.9692792892456055,21,19,0.30960649251937866,30.886890422961002,1.3621405702331941,0,
21,2,baseline_open,Baseline Open,stereo,18,3,0.9682355523109436,22,20,0.16087961196899414,29.5296461204668,1.3572443024942018,0,
21,2,baseline_open,Baseline Open,stereo,19,3,0.9672708511352539,23,21,0.7482637763023376,28.178005607210743,1.3516405132560578,0,
21,2,baseline_open,Baseline Open,stereo,20,3,0.9663417935371399,24,22,0.31327152252197266,26.832815729997478,1.345189877213265,0,
21,2,baseline_open,Baseline Open,stereo,21,3,0.9654613733291626,25,23,0.41261571645736694,25.495097567963924,1.3377181620335534,0,
21,2,baseline_open,Baseline Open,stereo,22,3,0.964607834815979,26,24,0.7264659404754639,24.166091947189145,1.3290056207747796,0,
21,2,baseline_open,Baseline Open,stereo,23,3,0.9637497663497925,27,25,0.5964506268501282,22.847319317591726,1.3187726295974187,0,
21,2,baseline_open,Baseline Open,stereo,24,3,0.9628435373306274,28,26,0.07426698505878448,21.540659228538015,1.306660089053711,0,
21,2,baseline_open,Baseline Open,stereo,25,3,0.9619366526603699,29,27,0.005787036847323179,20.248456731316587,1.292202497221428,0,
21,2,baseline_open,Baseline Open,stereo,26,3,0.9608824849128723,30,28,0.0,18.973665961010276,1.2747907703063106,0,
21,2,baseline_open,Baseline Open,stereo,27,3,0.9598561525344849,31,29,0.0,17.72004514666935,1.2536208143409269,0,
21,2,baseline_open,Baseline Open,stereo,28,3,0.9588761329650879,32,30,0.0,16.492422502470642,1.227622644198707,0,
21,2,baseline_open,Baseline Open,stereo,29,3,0.9579269886016846,33,31,0.0,15.297058540778355,1.195363961692287,0,
21,2,baseline_open,Baseline Open,stereo,30,3,0.9568044543266296,34,32,0.0,14.142135623730951,1.1549229170474042,0,
21,2,baseline_open,Baseline Open,stereo,31,3,0.9557244777679443,35,33,0.5451388359069824,13.038404810405298,1.1037308133256527,0,
21,2,baseline_open,Baseline Open,stereo,32,3,0.9546961784362793,36,34,0.6768903136253357,12.0,1.0384048104052983,0,
21,2,baseline_open,Baseline Open,stereo,33,3,0.9538632035255432,37,35,0.7434412837028503,11.045361017187261,0.9546389828127388,0,
21,2,baseline_open,Baseline Open,stereo,34,3,0.9531106352806091,38,36,0.5187113881111145,10.198039027185569,0.8473219900016922,0,
21,2,baseline_open,Baseline Open,stereo,35,3,0.9523440003395081,39,37,0.6099535822868347,9.486832980505138,0.7112060466804309,0,
21,2,baseline_open,Baseline Open,stereo,36,3,0.9516541957855225,40,38,0.26331016421318054,8.94427190999916,0.5425610705059789,0,
21,2,baseline_open,Baseline Open,stereo,37,3,0.9508278965950012,41,39,0.09741511940956116,8.602325267042627,0.34194664295653254,0,
21,2,baseline_open,Baseline Open,stereo,38,3,0.9498947858810425,42,40,0.0,8.48528137423857,0.11704389280405714,0,
21,2,baseline_open,Baseline Open,stereo,39,3,0.9491820335388184,43,41,0.0,8.602325267042627,-0.11704389280405714,0,
21,2,baseline_open,Baseline Open,stereo,40,3,0.9487967491149902,44,42,0.0,8.94427190999916,-0.34194664295653254,0,
21,2,baseline_open,Baseline Open,stereo,41,3,0.9486644268035889,45,43,0.011574074625968933,9.486832980505138,-0.5425610705059789,0,
21,2,baseline_open,Baseline Open,stereo,42,3,0.9488505125045776,46,44,0.016396604478359222,10.198039027185569,-0.7112060466804309,0,
21,2,baseline_open,Baseline Open,stereo,43,3,0.9492384195327759,47,45,0.0,11.045361017187261,-0.8473219900016922,0,
21,2,baseline_open,Baseline Open,stereo,44,3,0.9497084021568298,48,46,0.21643517911434174,12.0,-0.9546389828127388,0,
21,2,baseline_open,Baseline Open,stereo,45,3,0.950264573097229,49,47,0.2853008806705475,13.038404810405298,-1.0384048104052983,0,
21,2,baseline_open,Baseline Open,stereo,46,3,0.9507799744606018,49,48,0.4589119553565979,13.152946437965905,-0.11454162756060704,0,
21,2,baseline_open,Baseline Open,stereo,47,3,0.9515002369880676,49,49,0.06925153732299805,13.341664064126334,-0.18871762616042886,0,
21,2,baseline_open,Baseline Open,stereo,48,3,0.9522488713264465,49,49,0.06925153732299805,13.341664064126334,0.0,0,
21,2,baseline_open,Baseline Open,stereo,49,3,0.9522488713264465,49,49,0.06925153732299805,13.341664064126334,0.0,0,
21,2,baseline_open,Baseline Open,stereo,50,3,0.9522488713264465,49,49,0.06925153732299805,13.341664064126334,0.0,0,
21,2,baseline_open,Baseline Open,stereo,51,3,0.9522488713264465,49,49,0.06925153732299805,13.341664064126334,0.0,0,
21,2,baseline_open,Baseline Open,stereo,52,3,0.9522488713264465,49,49,0.06925153732299805,13.341664064126334,0.0,0,
21,2,baseline_open,Baseline Open,stereo,53,3,0.9522488713264465,49,49,0.06925153732299805,13.341664064126334,0.0,0,
21,2,baseline_open,Baseline Open,stereo,54,3,0.9522488713264465,49,49,0.06925153732299805,13.341664064126334,0.0,0,
21,2,baseline_open,Baseline Open,stereo,55,3,0.9522488713264465,49,49,0.06925153732299805,13.341664064126334,0.0,0,
21,2,baseline_open,Baseline Open,stereo,56,3,0.9522488713264465,49,49,0.06925153732299805,13.341664064126334,0.0,0,
21,2,baseline_open,Baseline Open,stereo,57,3,0.9522488713264465,49,49,0.06925153732299805,13.341664064126334,0.0,0,
21,2,baseline_open,Baseline Open,stereo,58,3,0.9522488713264465,49,49,0.06925153732299805,13.341664064126334,0.0,0,
21,2,baseline_open,Baseline Open,stereo,59,3,0.9522488713264465,49,49,0.06925153732299805,13.341664064126334,0.0,0,
21,2,baseline_open,Baseline Open,stereo,60,3,0.9522488713264465,49,49,0.06925153732299805,13.341664064126334,0.0,0,
21,2,baseline_open,Baseline Open,stereo,61,3,0.9522488713264465,49,49,0.06925153732299805,13.341664064126334,0.0,0,
21,2,baseline_open,Baseline Open,stereo,62,3,0.9522488713264465,49,49,0.06925153732299805,13.341664064126334,0.0,0,
21,2,baseline_open,Baseline Open,stereo,63,3,0.9522488713264465,49,49,0.06925153732299805,13.341664064126334,0.0,0,
21,2,baseline_open,Baseline Open,stereo,64,3,0.9522488713264465,49,49,0.06925153732299805,13.341664064126334,0.0,0,
21,2,baseline_open,Baseline Open,stereo,65,3,0.9522488713264465,49,49,0.06925153732299805,13.341664064126334,0.0,0,
21,2,baseline_open,Baseline Open,stereo,66,3,0.9522488713264465,49,49,0.06925153732299805,13.341664064126334,0.0,0,
21,2,baseline_open,Baseline Open,stereo,67,3,0.9522488713264465,49,49,0.06925153732299805,13.341664064126334,0.0,0,
21,2,baseline_open,Baseline Open,stereo,68,3,0.9522488713264465,49,49,0.06925153732299805,13.341664064126334,0.0,0,
21,2,baseline_open,Baseline Open,stereo,69,3,0.9522488713264465,49,49,0.06925153732299805,13.341664064126334,0.0,0,
21,2,baseline_open,Baseline Open,stereo,70,3,0.9522488713264465,49,49,0.06925153732299805,13.341664064126334,0.0,0,
21,2,baseline_open,Baseline Open,stereo,71,3,0.9522488713264465,49,49,0.06925153732299805,13.341664064126334,0.0,0,
21,2,baseline_open,Baseline Open,stereo,72,3,0.9522488713264465,49,49,0.06925153732299805,13.341664064126334,0.0,0,
21,2,baseline_open,Baseline Open,stereo,73,3,0.9522488713264465,49,49,0.06925153732299805,13.341664064126334,0.0,0,
21,2,baseline_open,Baseline Open,stereo,74,3,0.9522488713264465,49,49,0.06925153732299805,13.341664064126334,0.0,0,
21,2,baseline_open,Baseline Open,stereo,75,3,0.9522488713264465,49,49,0.06925153732299805,13.341664064126334,0.0,0,
21,2,baseline_open,Baseline Open,stereo,76,3,0.9522488713264465,49,49,0.06925153732299805,13.341664064126334,0.0,0,
21,2,baseline_open,Baseline Open,stereo,77,3,0.9522488713264465,49,49,0.06925153732299805,13.341664064126334,0.0,0,
21,2,baseline_open,Baseline Open,stereo,78,3,0.9522488713264465,49,49,0.06925153732299805,13.341664064126334,0.0,0,
21,2,baseline_open,Baseline Open,stereo,79,3,0.9522488713264465,49,49,0.06925153732299805,13.341664064126334,0.0,0,
21,2,baseline_open,Baseline Open,stereo,80,3,0.9522488713264465,49,49,0.06925153732299805,13.341664064126334,0.0,0,
21,2,baseline_open,Baseline Open,stereo,81,3,0.9522488713264465,49,49,0.06925153732299805,13.341664064126334,0.0,0,
21,2,baseline_open,Baseline Open,stereo,82,3,0.9522488713264465,49,49,0.06925153732299805,13.341664064126334,0.0,0,
21,2,baseline_open,Baseline Open,stereo,83,3,0.9522488713264465,49,49,0.06925153732299805,13.341664064126334,0.0,0,
21,2,baseline_open,Baseline Open,stereo,84,3,0.9522488713264465,49,49,0.06925153732299805,13.341664064126334,0.0,0,
21,2,baseline_open,Baseline Open,stereo,85,3,0.9522488713264465,49,49,0.06925153732299805,13.341664064126334,0.0,0,
21,2,baseline_open,Baseline Open,stereo,86,3,0.9522488713264465,49,49,0.06925153732299805,13.341664064126334,0.0,0,
21,2,baseline_open,Baseline Open,stereo,87,3,0.9522488713264465,49,49,0.06925153732299805,13.341664064126334,0.0,0,
21,2,baseline_open,Baseline Open,stereo,88,3,0.9522488713264465,49,49,0.06925153732299805,13.341664064126334,0.0,0,
21,2,baseline_open,Baseline Open,stereo,89,3,0.9522488713264465,49,49,0.06925153732299805,13.341664064126334,0.0,0,
21,2,baseline_open,Baseline Open,stereo,90,3,0.9522488713264465,49,49,0.06925153732299805,13.341664064126334,0.0,0,
21,2,baseline_open,Baseline Open,stereo,91,3,0.9522488713264465,49,49,0.06925153732299805,13.341664064126334,0.0,0,
21,2,baseline_open,Baseline Open,stereo,92,3,0.9522488713264465,49,49,0.06925153732299805,13.341664064126334,0.0,0,
21,2,baseline_open,Baseline Open,stereo,93,3,0.9522488713264465,49,49,0.06925153732299805,13.341664064126334,0.0,0,
21,2,baseline_open,Baseline Open,stereo,94,3,0.9522488713264465,49,49,0.06925153732299805,13.341664064126334,0.0,0,
21,2,baseline_open,Baseline Open,stereo,95,3,0.9522488713264465,49,49,0.06925153732299805,13.341664064126334,0.0,0,
21,2,baseline_open,Baseline Open,stereo,96,3,0.9522488713264465,49,49,0.06925153732299805,13.341664064126334,0.0,0,
21,2,baseline_open,Baseline Open,stereo,97,3,0.9522488713264465,49,49,0.06925153732299805,13.341664064126334,0.0,0,
21,2,baseline_open,Baseline Open,stereo,98,3,0.9522488713264465,49,49,0.06925153732299805,13.341664064126334,0.0,0,
21,2,baseline_open,Baseline Open,stereo,99,3,0.9522488713264465,49,49,0.06925153732299805,13.341664064126334,0.0,0,
21,2,baseline_open,Baseline Open,stereo,100,3,0.9522488713264465,49,49,0.06925153732299805,13.341664064126334,0.0,0,
21,2,baseline_open,Baseline Open,stereo,101,3,0.9522488713264465,49,49,0.06925153732299805,13.341664064126334,0.0,0,
21,2,baseline_open,Baseline Open,stereo,102,3,0.9522488713264465,49,49,0.06925153732299805,13.341664064126334,0.0,0,
21,2,baseline_open,Baseline Open,stereo,103,3,0.9522488713264465,49,49,0.06925153732299805,13.341664064126334,0.0,0,
21,2,baseline_open,Baseline Open,stereo,104,3,0.9522488713264465,49,49,0.06925153732299805,13.341664064126334,0.0,0,
21,2,baseline_open,Baseline Open,stereo,105,3,0.9522488713264465,49,49,0.06925153732299805,13.341664064126334,0.0,0,
21,2,baseline_open,Baseline Open,stereo,106,3,0.9522488713264465,49,49,0.06925153732299805,13.341664064126334,0.0,0,
21,2,baseline_open,Baseline Open,stereo,107,3,0.9522488713264465,49,49,0.06925153732299805,13.341664064126334,0.0,0,
21,2,baseline_open,Baseline Open,stereo,108,3,0.9522488713264465,49,49,0.06925153732299805,13.341664064126334,0.0,0,
21,2,baseline_open,Baseline Open,stereo,109,3,0.9522488713264465,49,49,0.06925153732299805,13.341664064126334,0.0,0,
21,2,baseline_open,Baseline Open,stereo,110,3,0.9522488713264465,49,49,0.06925153732299805,13.341664064126334,0.0,0,
21,2,baseline_open,Baseline Open,stereo,111,3,0.9522488713264465,49,49,0.06925153732299805,13.341664064126334,0.0,0,
21,2,baseline_open,Baseline Open,stereo,112,3,0.9522488713264465,49,49,0.06925153732299805,13.341664064126334,0.0,0,
21,2,baseline_open,Baseline Open,stereo,113,3,0.9522488713264465,49,49,0.06925153732299805,13.341664064126334,0.0,0,
21,2,baseline_open,Baseline Open,stereo,114,3,0.9522488713264465,49,49,0.06925153732299805,13.341664064126334,0.0,0,
21,2,baseline_open,Baseline Open,stereo,115,3,0.9522488713264465,49,49,0.06925153732299805,13.341664064126334,0.0,0,
21,2,baseline_open,Baseline Open,stereo,116,3,0.9522488713264465,49,49,0.06925153732299805,13.341664064126334,0.0,0,
21,2,baseline_open,Baseline Open,stereo,117,3,0.9522488713264465,49,49,0.06925153732299805,13.341664064126334,0.0,0,
21,2,baseline_open,Baseline Open,stereo,118,3,0.9522488713264465,49,49,0.06925153732299805,13.341664064126334,0.0,0,
21,2,baseline_open,Baseline Open,stereo,119,3,0.9522488713264465,49,49,0.06925153732299805,13.341664064126334,0.0,0,
21,2,baseline_open,Baseline Open,stereo,120,3,0.9522488713264465,49,49,0.06925153732299805,13.341664064126334,0.0,0,
21,2,baseline_open,Baseline Open,stereo,121,3,0.9522488713264465,49,49,0.06925153732299805,13.341664064126334,0.0,0,
21,2,baseline_open,Baseline Open,stereo,122,3,0.9522488713264465,49,49,0.06925153732299805,13.341664064126334,0.0,0,
21,2,baseline_open,Baseline Open,stereo,123,3,0.9522488713264465,49,49,0.06925153732299805,13.341664064126334,0.0,0,
21,2,baseline_open,Baseline Open,stereo,124,3,0.9522488713264465,49,49,0.06925153732299805,13.341664064126334,0.0,0,
21,2,baseline_open,Baseline Open,stereo,125,3,0.9522488713264465,49,49,0.06925153732299805,13.341664064126334,0.0,0,
21,2,baseline_open,Baseline Open,stereo,126,3,0.9522488713264465,49,49,0.06925153732299805,13.341664064126334,0.0,0,
21,2,baseline_open,Baseline Open,stereo,127,3,0.9522488713264465,49,49,0.06925153732299805,13.341664064126334,0.0,0,
21,2,baseline_open,Baseline Open,stereo,128,3,0.9522488713264465,49,49,0.06925153732299805,13.341664064126334,0.0,0,
21,2,baseline_open,Baseline Open,stereo,129,3,0.9522488713264465,49,49,0.06925153732299805,13.341664064126334,0.0,0,
21,2,baseline_open,Baseline Open,stereo,130,3,0.9522488713264465,49,49,0.06925153732299805,13.341664064126334,0.0,0,
21,2,baseline_open,Baseline Open,stereo,131,3,0.9522488713264465,49,49,0.06925153732299805,13.341664064126334,0.0,0,
21,2,baseline_open,Baseline Open,stereo,132,3,0.9522488713264465,49,49,0.06925153732299805,13.341664064126334,0.0,0,
21,2,baseline_open,Baseline Open,stereo,133,3,0.9522488713264465,49,49,0.06925153732299805,13.341664064126334,0.0,0,
21,2,baseline_open,Baseline Open,stereo,134,3,0.9522488713264465,49,49,0.06925153732299805,13.341664064126334,0.0,0,
21,2,baseline_open,Baseline Open,stereo,135,3,0.9522488713264465,49,49,0.06925153732299805,13.341664064126334,0.0,0,
21,2,baseline_open,Baseline Open,stereo,136,3,0.9522488713264465,49,49,0.06925153732299805,13.341664064126334,0.0,0,
21,2,baseline_open,Baseline Open,stereo,137,3,0.9522488713264465,49,49,0.06925153732299805,13.341664064126334,0.0,0,
21,2,baseline_open,Baseline Open,stereo,138,3,0.9522488713264465,49,49,0.06925153732299805,13.341664064126334,0.0,0,
21,2,baseline_open,Baseline Open,stereo,139,3,0.9522488713264465,49,49,0.06925153732299805,13.341664064126334,0.0,0,
21,2,baseline_open,Baseline Open,stereo,140,3,0.9522488713264465,49,49,0.06925153732299805,13.341664064126334,0.0,0,
21,2,baseline_open,Baseline Open,stereo,141,3,0.9522488713264465,49,49,0.06925153732299805,13.341664064126334,0.0,0,
21,2,baseline_open,Baseline Open,stereo,142,3,0.9522488713264465,49,49,0.06925153732299805,13.341664064126334,0.0,0,
21,2,baseline_open,Baseline Open,stereo,143,3,0.9522488713264465,49,49,0.06925153732299805,13.341664064126334,0.0,0,
21,2,baseline_open,Baseline Open,stereo,144,3,0.9522488713264465,49,49,0.06925153732299805,13.341664064126334,0.0,0,
21,2,baseline_open,Baseline Open,stereo,145,3,0.9522488713264465,49,49,0.06925153732299805,13.341664064126334,0.0,0,
21,2,baseline_open,Baseline Open,stereo,146,3,0.9522488713264465,49,49,0.06925153732299805,13.341664064126334,0.0,0,
21,2,baseline_open,Baseline Open,stereo,147,3,0.9522488713264465,49,49,0.06925153732299805,13.341664064126334,0.0,0,
21,2,baseline_open,Baseline Open,stereo,148,3,0.9522488713264465,49,49,0.06925153732299805,13.341664064126334,0.0,0,
21,2,baseline_open,Baseline Open,stereo,149,3,0.9522488713264465,49,49,0.06925153732299805,13.341664064126334,0.0,0,
21,2,baseline_open,Baseline Open,stereo,150,3,0.9522488713264465,49,49,0.06925153732299805,13.341664064126334,0.0,0,
21,2,baseline_open,Baseline Open,stereo,151,3,0.9522488713264465,49,49,0.06925153732299805,13.341664064126334,0.0,0,
21,2,baseline_open,Baseline Open,stereo,152,3,0.9522488713264465,49,49,0.06925153732299805,13.341664064126334,0.0,0,
21,2,baseline_open,Baseline Open,stereo,153,3,0.9522488713264465,49,49,0.06925153732299805,13.341664064126334,0.0,0,
21,2,baseline_open,Baseline Open,stereo,154,3,0.9522488713264465,49,49,0.06925153732299805,13.341664064126334,0.0,0,
21,2,baseline_open,Baseline Open,stereo,155,3,0.9522488713264465,49,49,0.06925153732299805,13.341664064126334,0.0,0,
21,2,baseline_open,Baseline Open,stereo,156,3,0.9522488713264465,49,49,0.06925153732299805,13.341664064126334,0.0,0,
21,2,baseline_open,Baseline Open,stereo,157,3,0.9522488713264465,49,49,0.06925153732299805,13.341664064126334,0.0,0,
21,2,baseline_open,Baseline Open,stereo,158,3,0.9522488713264465,49,49,0.06925153732299805,13.341664064126334,0.0,0,
21,2,baseline_open,Baseline Open,stereo,159,3,0.9522488713264465,49,49,0.06925153732299805,13.341664064126334,0.0,0,
21,2,baseline_open,Baseline Open,stereo,160,3,0.9522488713264465,49,49,0.06925153732299805,13.341664064126334,0.0,0,
21,2,baseline_open,Baseline Open,stereo,161,3,0.9522488713264465,49,49,0.06925153732299805,13.341664064126334,0.0,0,
21,2,baseline_open,Baseline Open,stereo,162,3,0.9522488713264465,49,49,0.06925153732299805,13.341664064126334,0.0,0,
21,2,baseline_open,Baseline Open,stereo,163,3,0.9522488713264465,49,49,0.06925153732299805,13.341664064126334,0.0,0,
21,2,baseline_open,Baseline Open,stereo,164,3,0.9522488713264465,49,49,0.06925153732299805,13.341664064126334,0.0,0,
21,2,baseline_open,Baseline Open,stereo,165,3,0.9522488713264465,49,49,0.06925153732299805,13.341664064126334,0.0,0,
21,2,baseline_open,Baseline Open,stereo,166,3,0.9522488713264465,49,49,0.06925153732299805,13.341664064126334,0.0,0,
21,2,baseline_open,Baseline Open,stereo,167,3,0.9522488713264465,49,49,0.06925153732299805,13.341664064126334,0.0,0,
21,2,baseline_open,Baseline Open,stereo,168,3,0.9522488713264465,49,49,0.06925153732299805,13.341664064126334,0.0,0,
21,2,baseline_open,Baseline Open,stereo,169,3,0.9522488713264465,49,49,0.06925153732299805,13.341664064126334,0.0,0,
21,2,baseline_open,Baseline Open,stereo,170,3,0.9522488713264465,49,49,0.06925153732299805,13.341664064126334,0.0,0,
21,2,baseline_open,Baseline Open,stereo,171,3,0.9522488713264465,49,49,0.06925153732299805,13.341664064126334,0.0,0,
21,2,baseline_open,Baseline Open,stereo,172,3,0.9522488713264465,49,49,0.06925153732299805,13.341664064126334,0.0,0,
21,2,baseline_open,Baseline Open,stereo,173,3,0.9522488713264465,49,49,0.06925153732299805,13.341664064126334,0.0,0,
21,2,baseline_open,Baseline Open,stereo,174,3,0.9522488713264465,49,49,0.06925153732299805,13.341664064126334,0.0,0,
21,2,baseline_open,Baseline Open,stereo,175,3,0.9522488713264465,49,49,0.06925153732299805,13.341664064126334,0.0,0,
21,2,baseline_open,Baseline Open,stereo,176,3,0.9522488713264465,49,49,0.06925153732299805,13.341664064126334,0.0,0,
21,2,baseline_open,Baseline Open,stereo,177,3,0.9522488713264465,49,49,0.06925153732299805,13.341664064126334,0.0,0,
21,2,baseline_open,Baseline Open,stereo,178,3,0.9522488713264465,49,49,0.06925153732299805,13.341664064126334,0.0,0,
21,2,baseline_open,Baseline Open,stereo,179,3,0.9522488713264465,49,49,0.06925153732299805,13.341664064126334,0.0,0,
21,2,baseline_open,Baseline Open,stereo,180,3,0.9522488713264465,49,49,0.06925153732299805,13.341664064126334,0.0,0,
21,2,baseline_open,Baseline Open,stereo,181,3,0.9522488713264465,49,49,0.06925153732299805,13.341664064126334,0.0,0,
21,2,baseline_open,Baseline Open,stereo,182,3,0.9522488713264465,49,49,0.06925153732299805,13.341664064126334,0.0,0,
21,2,baseline_open,Baseline Open,stereo,183,3,0.9522488713264465,49,49,0.06925153732299805,13.341664064126334,0.0,0,
21,2,baseline_open,Baseline Open,stereo,184,3,0.9522488713264465,49,49,0.06925153732299805,13.341664064126334,0.0,0,
21,2,baseline_open,Baseline Open,stereo,185,3,0.9522488713264465,49,49,0.06925153732299805,13.341664064126334,0.0,0,
21,2,baseline_open,Baseline Open,stereo,186,3,0.9522488713264465,49,49,0.06925153732299805,13.341664064126334,0.0,0,
21,2,baseline_open,Baseline Open,stereo,187,3,0.9522488713264465,49,49,0.06925153732299805,13.341664064126334,0.0,0,
21,2,baseline_open,Baseline Open,stereo,188,3,0.9522488713264465,49,49,0.06925153732299805,13.341664064126334,0.0,0,
21,2,baseline_open,Baseline Open,stereo,189,3,0.9522488713264465,49,49,0.06925153732299805,13.341664064126334,0.0,0,
21,2,baseline_open,Baseline Open,stereo,190,3,0.9522488713264465,49,49,0.06925153732299805,13.341664064126334,0.0,0,
21,2,baseline_open,Baseline Open,stereo,191,3,0.9522488713264465,49,49,0.06925153732299805,13.341664064126334,0.0,0,
21,2,baseline_open,Baseline Open,stereo,192,3,0.9522488713264465,49,49,0.06925153732299805,13.341664064126334,0.0,0,
21,2,baseline_open,Baseline Open,stereo,193,3,0.9522488713264465,49,49,0.06925153732299805,13.341664064126334,0.0,0,
21,2,baseline_open,Baseline Open,stereo,194,3,0.9522488713264465,49,49,0.06925153732299805,13.341664064126334,0.0,0,
21,2,baseline_open,Baseline Open,stereo,195,3,0.9522488713264465,49,49,0.06925153732299805,13.341664064126334,0.0,0,
21,2,baseline_open,Baseline Open,stereo,196,3,0.9522488713264465,49,49,0.06925153732299805,13.341664064126334,0.0,0,
21,2,baseline_open,Baseline Open,stereo,197,3,0.9522488713264465,49,49,0.06925153732299805,13.341664064126334,0.0,0,
21,2,baseline_open,Baseline Open,stereo,198,3,0.9522488713264465,49,49,0.06925153732299805,13.341664064126334,0.0,0,
21,2,baseline_open,Baseline Open,stereo,199,3,0.9522488713264465,49,49,0.06925153732299805,13.341664064126334,0.0,0,
21,2,baseline_open,Baseline Open,stereo,200,3,0.9522488713264465,49,49,0.06925153732299805,13.341664064126334,0.0,0,
22,2,baseline_open,Baseline Open,mono,1,3,0.9999996423721313,5,3,0.0,53.009433122794285,1.3964489121474912,0,
22,2,baseline_open,Baseline Open,mono,2,3,0.9999996423721313,6,4,0.0,51.61395160225576,1.3954815205385245,0,
22,2,baseline_open,Baseline Open,mono,3,3,0.9999996423721313,7,5,0.0,50.21951811795888,1.3944334842968829,0,
22,2,baseline_open,Baseline Open,mono,4,3,0.9999995231628418,8,6,0.0,48.82622246293481,1.393295655024069,0,
22,2,baseline_open,Baseline Open,mono,5,3,0.9999995231628418,9,7,0.0,47.43416490252569,1.3920575604091212,0,
22,2,baseline_open,Baseline Open,mono,6,3,0.9999994039535522,10,8,0.0,46.04345773288535,1.3907071696403364,0,
22,2,baseline_open,Baseline Open,mono,7,3,0.9999994039535522,11,9,0.0,44.654227123532216,1.3892306093531346,0,
22,2,baseline_open,Baseline Open,mono,8,3,0.9999992847442627,12,10,0.0,43.266615305567875,1.3876118179643413,0,
22,2,baseline_open,Baseline Open,mono,9,3,0.9999992847442627,13,11,0.0,41.88078318274385,1.3858321228240271,0,
22,2,baseline_open,Baseline Open,mono,10,3,0.9999991655349731,14,12,0.0,40.496913462633174,1.383869720110674,0,
22,2,baseline_open,Baseline Open,mono,11,3,0.9999991655349731,15,13,0.0,39.11521443121589,1.3816990314172841,0,
22,2,baseline_open,Baseline Open,mono,12,3,0.9999990463256836,16,14,0.0,37.73592452822641,1.379289902989477,0,
22,2,baseline_open,Baseline Open,mono,13,3,0.9999990463256836,17,15,0.0,36.359317925395686,1.3766066028307264,0,
22,2,baseline_open,Baseline Open,mono,14,3,0.999998927116394,18,16,0.0,34.9857113690718,1.3736065563238853,0,
22,2,baseline_open,Baseline Open,mono,15,3,0.999998927116394,19,17,0.0,33.61547262794322,1.3702387411285812,0,
22,2,baseline_open,Baseline Open,mono,16,3,0.999998927116394,20,18,0.0,32.2490309931942,1.3664416347490231,0,
22,2,baseline_open,Baseline Open,mono,17,3,0.999998927116394,21,19,0.0,30.886890422961002,1.3621405702331941,0,
22,2,baseline_open,Baseline Open,mono,18,3,0.999998927116394,22,20,0.0,29.5296461204668,1.3572443024942018,0,
22,2,baseline_open,Baseline Open,mono,19,3,0.999998927116394,23,21,0.0,28.178005607210743,1.3516405132560578,0,
22,2,baseline_open,Baseline Open,mono,20,3,0.999998927116394,24,22,0.0,26.832815729997478,1.345189877213265,0,
22,2,baseline_open,Baseline Open,mono,21,3,0.999998927116394,25,23,0.0,25.495097567963924,1.3377181620335534,0,
22,2,baseline_open,Baseline Open,mono,22,3,0.999998927116394,26,24,0.0,24.166091947189145,1.3290056207747796,0,
22,2,baseline_open,Baseline Open,mono,23,3,0.999998927116394,27,25,0.0,22.847319317591726,1.3187726295974187,0,
22,2,baseline_open,Baseline Open,mono,24,3,0.999998927116394,28,26,0.0,21.540659228538015,1.306660089053711,0,
22,2,baseline_open,Baseline Open,mono,25,3,0.9999990463256836,29,27,0.0,20.248456731316587,1.292202497221428,0,
22,2,baseline_open,Baseline Open,mono,26,3,0.9999990463256836,30,28,0.0,18.973665961010276,1.2747907703063106,0,
22,2,baseline_open,Baseline Open,mono,27,3,0.9999990463256836,31,29,0.0,17.72004514666935,1.2536208143409269,0,
22,2,baseline_open,Baseline Open,mono,28,3,0.9999991655349731,32,30,0.0,16.492422502470642,1.227622644198707,0,
22,2,baseline_open,Baseline Open,mono,29,3,0.9999991655349731,33,31,0.0,15.297058540778355,1.195363961692287,0,
22,2,baseline_open,Baseline Open,mono,30,3,0.9999991655349731,34,32,0.0,14.142135623730951,1.1549229170474042,0,
22,2,baseline_open,Baseline Open,mono,31,3,0.9999992847442627,35,33,0.0,13.038404810405298,1.1037308133256527,0,
22,2,baseline_open,Baseline Open,mono,32,3,0.9999992847442627,36,34,0.0,12.0,1.0384048104052983,0,
22,2,baseline_open,Baseline Open,mono,33,3,0.9999992847442627,37,35,0.0,11.045361017187261,0.9546389828127388,0,
22,2,baseline_open,Baseline Open,mono,34,3,0.9999994039535522,38,36,0.0,10.198039027185569,0.8473219900016922,0,
22,2,baseline_open,Baseline Open,mono,35,3,0.9999994039535522,39,37,0.13695988059043884,9.486832980505138,0.7112060466804309,0,
22,2,baseline_open,Baseline Open,mono,36,3,0.9999994039535522,40,38,1.0,8.94427190999916,0.5425610705059789,1,collision_risk
23,2,dense_corridor,Dense Corridor,stereo,1,3,1.0,12,10,0.8292824029922485,33.95585369269929,0.7572562227202724,0,
23,2,dense_corridor,Dense Corridor,stereo,2,3,1.0,13,11,0.8871526718139648,33.24154027718932,0.7143134155099702,0,
23,2,dense_corridor,Dense Corridor,stereo,3,3,1.0,14,12,0.9263115525245667,32.57299494980466,0.6685453273846633,0,
23,2,dense_corridor,Dense Corridor,stereo,4,3,1.0,15,13,1.0,31.953090617340916,0.6199043324637437,1,collision_risk
24,2,dense_corridor,Dense Corridor,mono,1,3,0.6505113244056702,12,10,0.0,33.95585369269929,0.7572562227202724,0,
24,2,dense_corridor,Dense Corridor,mono,2,3,0.653769850730896,13,11,0.0,33.24154027718932,0.7143134155099702,0,
24,2,dense_corridor,Dense Corridor,mono,3,3,0.657306432723999,14,12,0.0,32.57299494980466,0.6685453273846633,0,
24,2,dense_corridor,Dense Corridor,mono,4,3,0.6612658500671387,15,13,0.0,31.953090617340916,0.6199043324637437,0,
24,2,dense_corridor,Dense Corridor,mono,5,3,0.6653759479522705,16,14,0.0,31.38470965295043,0.5683809643904851,0,
24,2,dense_corridor,Dense Corridor,mono,6,3,0.6695477962493896,17,15,0.0,30.870698080866262,0.5140115720841685,0,
24,2,dense_corridor,Dense Corridor,mono,7,3,0.6737639307975769,18,16,0.0,30.4138126514911,0.45688542937516274,0,
24,2,dense_corridor,Dense Corridor,mono,8,3,0.6784029006958008,19,17,0.0,30.01666203960727,0.3971506118838306,0,
24,2,dense_corridor,Dense Corridor,mono,9,3,0.6833820343017578,20,18,0.0,29.68164415931166,0.3350178802956094,0,
24,2,dense_corridor,Dense Corridor,mono,10,3,0.6884797215461731,21,19,0.0,29.410882339705484,0.2707618196061752,0,
24,2,dense_corridor,Dense Corridor,mono,11,3,0.693638265132904,22,20,0.0,29.206163733020468,0.20471860668501662,0,
24,2,dense_corridor,Dense Corridor,mono,12,3,0.6988353729248047,23,21,0.0,29.068883707497267,0.13728002552320007,0,
24,2,dense_corridor,Dense Corridor,mono,13,3,0.7038887143135071,24,22,0.0,29.0,0.06888370749726747,0,
24,2,dense_corridor,Dense Corridor,mono,14,3,0.7085747122764587,25,23,0.0,29.0,0.0,0,
24,2,dense_corridor,Dense Corridor,mono,15,3,0.7130411267280579,26,24,0.0,29.068883707497267,-0.06888370749726747,0,
24,2,dense_corridor,Dense Corridor,mono,16,3,0.7172589898109436,27,25,0.0,29.206163733020468,-0.13728002552320007,0,
24,2,dense_corridor,Dense Corridor,mono,17,3,0.7214723825454712,28,26,0.0,29.410882339705484,-0.20471860668501662,0,
24,2,dense_corridor,Dense Corridor,mono,18,3,0.7254503965377808,29,27,0.0,29.68164415931166,-0.2707618196061752,0,
24,2,dense_corridor,Dense Corridor,mono,19,3,0.729180634021759,30,28,0.0,30.01666203960727,-0.3350178802956094,0,
24,2,dense_corridor,Dense Corridor,mono,20,3,0.7323679327964783,31,29,0.0,30.4138126514911,-0.3971506118838306,0,
24,2,dense_corridor,Dense Corridor,mono,21,3,0.7354910969734192,32,30,0.0,30.870698080866262,-0.45688542937516274,0,
24,2,dense_corridor,Dense Corridor,mono,22,3,0.7383527159690857,33,31,0.0,31.38470965295043,-0.5140115720841685,0,
24,2,dense_corridor,Dense Corridor,mono,23,3,0.7408164143562317,34,32,0.0,31.953090617340916,-0.5683809643904851,0,
24,2,dense_corridor,Dense Corridor,mono,24,3,0.7424471378326416,35,33,0.0,32.57299494980466,-0.6199043324637437,0,
24,2,dense_corridor,Dense Corridor,mono,25,3,0.7439847588539124,36,34,0.0,33.24154027718932,-0.6685453273846633,0,
24,2,dense_corridor,Dense Corridor,mono,26,3,0.7452566623687744,37,35,0.0,33.95585369269929,-0.7143134155099702,0,
24,2,dense_corridor,Dense Corridor,mono,27,3,0.7466018199920654,38,36,0.0,34.713109915419565,-0.7572562227202724,0,
24,2,dense_corridor,Dense Corridor,mono,28,3,0.7479920387268066,39,37,0.0,35.510561809129406,-0.7974518937098409,0,
24,2,dense_corridor,Dense Corridor,mono,29,3,0.7492715716362,40,38,0.0,36.345563690772494,-0.8350018816430875,0,
24,2,dense_corridor,Dense Corridor,mono,30,3,0.7501581311225891,41,39,0.0,37.21558813185679,-0.870024441084297,0,
24,2,dense_corridor,Dense Corridor,mono,31,3,0.7509335279464722,42,40,0.0,38.118237105091836,-0.9026489732350456,0,
24,2,dense_corridor,Dense Corridor,mono,32,3,0.7515255808830261,43,41,0.0,39.05124837953327,-0.9330112744414336,0,
24,2,dense_corridor,Dense Corridor,mono,33,3,0.7520204782485962,44,42,0.0,40.01249804748511,-0.9612496679518401,0,
24,2,dense_corridor,Dense Corridor,mono,34,3,0.7522203326225281,45,43,0.0,41.0,-0.98750195251489,0,
24,2,dense_corridor,Dense Corridor,mono,35,3,0.752449095249176,46,44,0.0,42.01190307520001,-1.01190307520001,0,
24,2,dense_corridor,Dense Corridor,mono,36,3,0.7525616884231567,47,45,0.0,43.04648650006177,-1.0345834248617578,0,
24,2,dense_corridor,Dense Corridor,mono,37,3,0.7531382441520691,48,46,0.0,44.10215414239989,-1.055667642338122,0,
24,2,dense_corridor,Dense Corridor,mono,38,3,0.7538161873817444,49,47,0.0,45.17742799230607,-1.075273849906182,0,
24,2,dense_corridor,Dense Corridor,mono,39,3,0.754291296005249,49,48,0.0,46.17358552246078,-0.9961575301547114,0,
24,2,dense_corridor,Dense Corridor,mono,40,3,0.7541933655738831,49,49,0.0,47.16990566028302,-0.9963201378222379,0,
24,2,dense_corridor,Dense Corridor,mono,41,3,0.7530741095542908,49,49,0.0,47.16990566028302,0.0,0,
24,2,dense_corridor,Dense Corridor,mono,42,3,0.7530741095542908,49,49,0.0,47.16990566028302,0.0,0,
24,2,dense_corridor,Dense Corridor,mono,43,3,0.7530741095542908,49,49,0.0,47.16990566028302,0.0,0,
24,2,dense_corridor,Dense Corridor,mono,44,3,0.7530741095542908,49,49,0.0,47.16990566028302,0.0,0,
24,2,dense_corridor,Dense Corridor,mono,45,3,0.7530741095542908,49,49,0.0,47.16990566028302,0.0,0,
24,2,dense_corridor,Dense Corridor,mono,46,3,0.7530741095542908,49,49,0.0,47.16990566028302,0.0,0,
24,2,dense_corridor,Dense Corridor,mono,47,3,0.7530741095542908,49,49,0.0,47.16990566028302,0.0,0,
24,2,dense_corridor,Dense Corridor,mono,48,3,0.7530741095542908,49,49,0.0,47.16990566028302,0.0,0,
24,2,dense_corridor,Dense Corridor,mono,49,3,0.7530741095542908,49,49,0.0,47.16990566028302,0.0,0,
24,2,dense_corridor,Dense Corridor,mono,50,3,0.7530741095542908,49,49,0.0,47.16990566028302,0.0,0,
24,2,dense_corridor,Dense Corridor,mono,51,3,0.7530741095542908,49,49,0.0,47.16990566028302,0.0,0,
24,2,dense_corridor,Dense Corridor,mono,52,3,0.7530741095542908,49,49,0.0,47.16990566028302,0.0,0,
24,2,dense_corridor,Dense Corridor,mono,53,3,0.7530741095542908,49,49,0.0,47.16990566028302,0.0,0,
24,2,dense_corridor,Dense Corridor,mono,54,3,0.7530741095542908,49,49,0.0,47.16990566028302,0.0,0,
24,2,dense_corridor,Dense Corridor,mono,55,3,0.7530741095542908,49,49,0.0,47.16990566028302,0.0,0,
24,2,dense_corridor,Dense Corridor,mono,56,3,0.7530741095542908,49,49,0.0,47.16990566028302,0.0,0,
24,2,dense_corridor,Dense Corridor,mono,57,3,0.7530741095542908,49,49,0.0,47.16990566028302,0.0,0,
24,2,dense_corridor,Dense Corridor,mono,58,3,0.7530741095542908,49,49,0.0,47.16990566028302,0.0,0,
24,2,dense_corridor,Dense Corridor,mono,59,3,0.7530741095542908,49,49,0.0,47.16990566028302,0.0,0,
24,2,dense_corridor,Dense Corridor,mono,60,3,0.7530741095542908,49,49,0.0,47.16990566028302,0.0,0,
24,2,dense_corridor,Dense Corridor,mono,61,3,0.7530741095542908,49,49,0.0,47.16990566028302,0.0,0,
24,2,dense_corridor,Dense Corridor,mono,62,3,0.7530741095542908,49,49,0.0,47.16990566028302,0.0,0,
24,2,dense_corridor,Dense Corridor,mono,63,3,0.7530741095542908,49,49,0.0,47.16990566028302,0.0,0,
24,2,dense_corridor,Dense Corridor,mono,64,3,0.7530741095542908,49,49,0.0,47.16990566028302,0.0,0,
24,2,dense_corridor,Dense Corridor,mono,65,3,0.7530741095542908,49,49,0.0,47.16990566028302,0.0,0,
24,2,dense_corridor,Dense Corridor,mono,66,3,0.7530741095542908,49,49,0.0,47.16990566028302,0.0,0,
24,2,dense_corridor,Dense Corridor,mono,67,3,0.7530741095542908,49,49,0.0,47.16990566028302,0.0,0,
24,2,dense_corridor,Dense Corridor,mono,68,3,0.7530741095542908,49,49,0.0,47.16990566028302,0.0,0,
24,2,dense_corridor,Dense Corridor,mono,69,3,0.7530741095542908,49,49,0.0,47.16990566028302,0.0,0,
24,2,dense_corridor,Dense Corridor,mono,70,3,0.7530741095542908,49,49,0.0,47.16990566028302,0.0,0,
24,2,dense_corridor,Dense Corridor,mono,71,3,0.7530741095542908,49,49,0.0,47.16990566028302,0.0,0,
24,2,dense_corridor,Dense Corridor,mono,72,3,0.7530741095542908,49,49,0.0,47.16990566028302,0.0,0,
24,2,dense_corridor,Dense Corridor,mono,73,3,0.7530741095542908,49,49,0.0,47.16990566028302,0.0,0,
24,2,dense_corridor,Dense Corridor,mono,74,3,0.7530741095542908,49,49,0.0,47.16990566028302,0.0,0,
24,2,dense_corridor,Dense Corridor,mono,75,3,0.7530741095542908,49,49,0.0,47.16990566028302,0.0,0,
24,2,dense_corridor,Dense Corridor,mono,76,3,0.7530741095542908,49,49,0.0,47.16990566028302,0.0,0,
24,2,dense_corridor,Dense Corridor,mono,77,3,0.7530741095542908,49,49,0.0,47.16990566028302,0.0,0,
24,2,dense_corridor,Dense Corridor,mono,78,3,0.7530741095542908,49,49,0.0,47.16990566028302,0.0,0,
24,2,dense_corridor,Dense Corridor,mono,79,3,0.7530741095542908,49,49,0.0,47.16990566028302,0.0,0,
24,2,dense_corridor,Dense Corridor,mono,80,3,0.7530741095542908,49,49,0.0,47.16990566028302,0.0,0,
24,2,dense_corridor,Dense Corridor,mono,81,3,0.7530741095542908,49,49,0.0,47.16990566028302,0.0,0,
24,2,dense_corridor,Dense Corridor,mono,82,3,0.7530741095542908,49,49,0.0,47.16990566028302,0.0,0,
24,2,dense_corridor,Dense Corridor,mono,83,3,0.7530741095542908,49,49,0.0,47.16990566028302,0.0,0,
24,2,dense_corridor,Dense Corridor,mono,84,3,0.7530741095542908,49,49,0.0,47.16990566028302,0.0,0,
24,2,dense_corridor,Dense Corridor,mono,85,3,0.7530741095542908,49,49,0.0,47.16990566028302,0.0,0,
24,2,dense_corridor,Dense Corridor,mono,86,3,0.7530741095542908,49,49,0.0,47.16990566028302,0.0,0,
24,2,dense_corridor,Dense Corridor,mono,87,3,0.7530741095542908,49,49,0.0,47.16990566028302,0.0,0,
24,2,dense_corridor,Dense Corridor,mono,88,3,0.7530741095542908,49,49,0.0,47.16990566028302,0.0,0,
24,2,dense_corridor,Dense Corridor,mono,89,3,0.7530741095542908,49,49,0.0,47.16990566028302,0.0,0,
24,2,dense_corridor,Dense Corridor,mono,90,3,0.7530741095542908,49,49,0.0,47.16990566028302,0.0,0,
24,2,dense_corridor,Dense Corridor,mono,91,3,0.7530741095542908,49,49,0.0,47.16990566028302,0.0,0,
24,2,dense_corridor,Dense Corridor,mono,92,3,0.7530741095542908,49,49,0.0,47.16990566028302,0.0,0,
24,2,dense_corridor,Dense Corridor,mono,93,3,0.7530741095542908,49,49,0.0,47.16990566028302,0.0,0,
24,2,dense_corridor,Dense Corridor,mono,94,3,0.7530741095542908,49,49,0.0,47.16990566028302,0.0,0,
24,2,dense_corridor,Dense Corridor,mono,95,3,0.7530741095542908,49,49,0.0,47.16990566028302,0.0,0,
24,2,dense_corridor,Dense Corridor,mono,96,3,0.7530741095542908,49,49,0.0,47.16990566028302,0.0,0,
24,2,dense_corridor,Dense Corridor,mono,97,3,0.7530741095542908,49,49,0.0,47.16990566028302,0.0,0,
24,2,dense_corridor,Dense Corridor,mono,98,3,0.7530741095542908,49,49,0.0,47.16990566028302,0.0,0,
24,2,dense_corridor,Dense Corridor,mono,99,3,0.7530741095542908,49,49,0.0,47.16990566028302,0.0,0,
24,2,dense_corridor,Dense Corridor,mono,100,3,0.7530741095542908,49,49,0.0,47.16990566028302,0.0,0,
24,2,dense_corridor,Dense Corridor,mono,101,3,0.7530741095542908,49,49,0.0,47.16990566028302,0.0,0,
24,2,dense_corridor,Dense Corridor,mono,102,3,0.7530741095542908,49,49,0.0,47.16990566028302,0.0,0,
24,2,dense_corridor,Dense Corridor,mono,103,3,0.7530741095542908,49,49,0.0,47.16990566028302,0.0,0,
24,2,dense_corridor,Dense Corridor,mono,104,3,0.7530741095542908,49,49,0.0,47.16990566028302,0.0,0,
24,2,dense_corridor,Dense Corridor,mono,105,3,0.7530741095542908,49,49,0.0,47.16990566028302,0.0,0,
24,2,dense_corridor,Dense Corridor,mono,106,3,0.7530741095542908,49,49,0.0,47.16990566028302,0.0,0,
24,2,dense_corridor,Dense Corridor,mono,107,3,0.7530741095542908,49,49,0.0,47.16990566028302,0.0,0,
24,2,dense_corridor,Dense Corridor,mono,108,3,0.7530741095542908,49,49,0.0,47.16990566028302,0.0,0,
24,2,dense_corridor,Dense Corridor,mono,109,3,0.7530741095542908,49,49,0.0,47.16990566028302,0.0,0,
24,2,dense_corridor,Dense Corridor,mono,110,3,0.7530741095542908,49,49,0.0,47.16990566028302,0.0,0,
24,2,dense_corridor,Dense Corridor,mono,111,3,0.7530741095542908,49,49,0.0,47.16990566028302,0.0,0,
24,2,dense_corridor,Dense Corridor,mono,112,3,0.7530741095542908,49,49,0.0,47.16990566028302,0.0,0,
24,2,dense_corridor,Dense Corridor,mono,113,3,0.7530741095542908,49,49,0.0,47.16990566028302,0.0,0,
24,2,dense_corridor,Dense Corridor,mono,114,3,0.7530741095542908,49,49,0.0,47.16990566028302,0.0,0,
24,2,dense_corridor,Dense Corridor,mono,115,3,0.7530741095542908,49,49,0.0,47.16990566028302,0.0,0,
24,2,dense_corridor,Dense Corridor,mono,116,3,0.7530741095542908,49,49,0.0,47.16990566028302,0.0,0,
24,2,dense_corridor,Dense Corridor,mono,117,3,0.7530741095542908,49,49,0.0,47.16990566028302,0.0,0,
24,2,dense_corridor,Dense Corridor,mono,118,3,0.7530741095542908,49,49,0.0,47.16990566028302,0.0,0,
24,2,dense_corridor,Dense Corridor,mono,119,3,0.7530741095542908,49,49,0.0,47.16990566028302,0.0,0,
24,2,dense_corridor,Dense Corridor,mono,120,3,0.7530741095542908,49,49,0.0,47.16990566028302,0.0,0,
24,2,dense_corridor,Dense Corridor,mono,121,3,0.7530741095542908,49,49,0.0,47.16990566028302,0.0,0,
24,2,dense_corridor,Dense Corridor,mono,122,3,0.7530741095542908,49,49,0.0,47.16990566028302,0.0,0,
24,2,dense_corridor,Dense Corridor,mono,123,3,0.7530741095542908,49,49,0.0,47.16990566028302,0.0,0,
24,2,dense_corridor,Dense Corridor,mono,124,3,0.7530741095542908,49,49,0.0,47.16990566028302,0.0,0,
24,2,dense_corridor,Dense Corridor,mono,125,3,0.7530741095542908,49,49,0.0,47.16990566028302,0.0,0,
24,2,dense_corridor,Dense Corridor,mono,126,3,0.7530741095542908,49,49,0.0,47.16990566028302,0.0,0,
24,2,dense_corridor,Dense Corridor,mono,127,3,0.7530741095542908,49,49,0.0,47.16990566028302,0.0,0,
24,2,dense_corridor,Dense Corridor,mono,128,3,0.7530741095542908,49,49,0.0,47.16990566028302,0.0,0,
24,2,dense_corridor,Dense Corridor,mono,129,3,0.7530741095542908,49,49,0.0,47.16990566028302,0.0,0,
24,2,dense_corridor,Dense Corridor,mono,130,3,0.7530741095542908,49,49,0.0,47.16990566028302,0.0,0,
24,2,dense_corridor,Dense Corridor,mono,131,3,0.7530741095542908,49,49,0.0,47.16990566028302,0.0,0,
24,2,dense_corridor,Dense Corridor,mono,132,3,0.7530741095542908,49,49,0.0,47.16990566028302,0.0,0,
24,2,dense_corridor,Dense Corridor,mono,133,3,0.7530741095542908,49,49,0.0,47.16990566028302,0.0,0,
24,2,dense_corridor,Dense Corridor,mono,134,3,0.7530741095542908,49,49,0.0,47.16990566028302,0.0,0,
24,2,dense_corridor,Dense Corridor,mono,135,3,0.7530741095542908,49,49,0.0,47.16990566028302,0.0,0,
24,2,dense_corridor,Dense Corridor,mono,136,3,0.7530741095542908,49,49,0.0,47.16990566028302,0.0,0,
24,2,dense_corridor,Dense Corridor,mono,137,3,0.7530741095542908,49,49,0.0,47.16990566028302,0.0,0,
24,2,dense_corridor,Dense Corridor,mono,138,3,0.7530741095542908,49,49,0.0,47.16990566028302,0.0,0,
24,2,dense_corridor,Dense Corridor,mono,139,3,0.7530741095542908,49,49,0.0,47.16990566028302,0.0,0,
24,2,dense_corridor,Dense Corridor,mono,140,3,0.7530741095542908,49,49,0.0,47.16990566028302,0.0,0,
24,2,dense_corridor,Dense Corridor,mono,141,3,0.7530741095542908,49,49,0.0,47.16990566028302,0.0,0,
24,2,dense_corridor,Dense Corridor,mono,142,3,0.7530741095542908,49,49,0.0,47.16990566028302,0.0,0,
24,2,dense_corridor,Dense Corridor,mono,143,3,0.7530741095542908,49,49,0.0,47.16990566028302,0.0,0,
24,2,dense_corridor,Dense Corridor,mono,144,3,0.7530741095542908,49,49,0.0,47.16990566028302,0.0,0,
24,2,dense_corridor,Dense Corridor,mono,145,3,0.7530741095542908,49,49,0.0,47.16990566028302,0.0,0,
24,2,dense_corridor,Dense Corridor,mono,146,3,0.7530741095542908,49,49,0.0,47.16990566028302,0.0,0,
24,2,dense_corridor,Dense Corridor,mono,147,3,0.7530741095542908,49,49,0.0,47.16990566028302,0.0,0,
24,2,dense_corridor,Dense Corridor,mono,148,3,0.7530741095542908,49,49,0.0,47.16990566028302,0.0,0,
24,2,dense_corridor,Dense Corridor,mono,149,3,0.7530741095542908,49,49,0.0,47.16990566028302,0.0,0,
24,2,dense_corridor,Dense Corridor,mono,150,3,0.7530741095542908,49,49,0.0,47.16990566028302,0.0,0,
24,2,dense_corridor,Dense Corridor,mono,151,3,0.7530741095542908,49,49,0.0,47.16990566028302,0.0,0,
24,2,dense_corridor,Dense Corridor,mono,152,3,0.7530741095542908,49,49,0.0,47.16990566028302,0.0,0,
24,2,dense_corridor,Dense Corridor,mono,153,3,0.7530741095542908,49,49,0.0,47.16990566028302,0.0,0,
24,2,dense_corridor,Dense Corridor,mono,154,3,0.7530741095542908,49,49,0.0,47.16990566028302,0.0,0,
24,2,dense_corridor,Dense Corridor,mono,155,3,0.7530741095542908,49,49,0.0,47.16990566028302,0.0,0,
24,2,dense_corridor,Dense Corridor,mono,156,3,0.7530741095542908,49,49,0.0,47.16990566028302,0.0,0,
24,2,dense_corridor,Dense Corridor,mono,157,3,0.7530741095542908,49,49,0.0,47.16990566028302,0.0,0,
24,2,dense_corridor,Dense Corridor,mono,158,3,0.7530741095542908,49,49,0.0,47.16990566028302,0.0,0,
24,2,dense_corridor,Dense Corridor,mono,159,3,0.7530741095542908,49,49,0.0,47.16990566028302,0.0,0,
24,2,dense_corridor,Dense Corridor,mono,160,3,0.7530741095542908,49,49,0.0,47.16990566028302,0.0,0,
24,2,dense_corridor,Dense Corridor,mono,161,3,0.7530741095542908,49,49,0.0,47.16990566028302,0.0,0,
24,2,dense_corridor,Dense Corridor,mono,162,3,0.7530741095542908,49,49,0.0,47.16990566028302,0.0,0,
24,2,dense_corridor,Dense Corridor,mono,163,3,0.7530741095542908,49,49,0.0,47.16990566028302,0.0,0,
24,2,dense_corridor,Dense Corridor,mono,164,3,0.7530741095542908,49,49,0.0,47.16990566028302,0.0,0,
24,2,dense_corridor,Dense Corridor,mono,165,3,0.7530741095542908,49,49,0.0,47.16990566028302,0.0,0,
24,2,dense_corridor,Dense Corridor,mono,166,3,0.7530741095542908,49,49,0.0,47.16990566028302,0.0,0,
24,2,dense_corridor,Dense Corridor,mono,167,3,0.7530741095542908,49,49,0.0,47.16990566028302,0.0,0,
24,2,dense_corridor,Dense Corridor,mono,168,3,0.7530741095542908,49,49,0.0,47.16990566028302,0.0,0,
24,2,dense_corridor,Dense Corridor,mono,169,3,0.7530741095542908,49,49,0.0,47.16990566028302,0.0,0,
24,2,dense_corridor,Dense Corridor,mono,170,3,0.7530741095542908,49,49,0.0,47.16990566028302,0.0,0,
24,2,dense_corridor,Dense Corridor,mono,171,3,0.7530741095542908,49,49,0.0,47.16990566028302,0.0,0,
24,2,dense_corridor,Dense Corridor,mono,172,3,0.7530741095542908,49,49,0.0,47.16990566028302,0.0,0,
24,2,dense_corridor,Dense Corridor,mono,173,3,0.7530741095542908,49,49,0.0,47.16990566028302,0.0,0,
24,2,dense_corridor,Dense Corridor,mono,174,3,0.7530741095542908,49,49,0.0,47.16990566028302,0.0,0,
24,2,dense_corridor,Dense Corridor,mono,175,3,0.7530741095542908,49,49,0.0,47.16990566028302,0.0,0,
24,2,dense_corridor,Dense Corridor,mono,176,3,0.7530741095542908,49,49,0.0,47.16990566028302,0.0,0,
24,2,dense_corridor,Dense Corridor,mono,177,3,0.7530741095542908,49,49,0.0,47.16990566028302,0.0,0,
24,2,dense_corridor,Dense Corridor,mono,178,3,0.7530741095542908,49,49,0.0,47.16990566028302,0.0,0,
24,2,dense_corridor,Dense Corridor,mono,179,3,0.7530741095542908,49,49,0.0,47.16990566028302,0.0,0,
24,2,dense_corridor,Dense Corridor,mono,180,3,0.7530741095542908,49,49,0.0,47.16990566028302,0.0,0,
24,2,dense_corridor,Dense Corridor,mono,181,3,0.7530741095542908,49,49,0.0,47.16990566028302,0.0,0,
24,2,dense_corridor,Dense Corridor,mono,182,3,0.7530741095542908,49,49,0.0,47.16990566028302,0.0,0,
24,2,dense_corridor,Dense Corridor,mono,183,3,0.7530741095542908,49,49,0.0,47.16990566028302,0.0,0,
24,2,dense_corridor,Dense Corridor,mono,184,3,0.7530741095542908,49,49,0.0,47.16990566028302,0.0,0,
24,2,dense_corridor,Dense Corridor,mono,185,3,0.7530741095542908,49,49,0.0,47.16990566028302,0.0,0,
24,2,dense_corridor,Dense Corridor,mono,186,3,0.7530741095542908,49,49,0.0,47.16990566028302,0.0,0,
24,2,dense_corridor,Dense Corridor,mono,187,3,0.7530741095542908,49,49,0.0,47.16990566028302,0.0,0,
24,2,dense_corridor,Dense Corridor,mono,188,3,0.7530741095542908,49,49,0.0,47.16990566028302,0.0,0,
24,2,dense_corridor,Dense Corridor,mono,189,3,0.7530741095542908,49,49,0.0,47.16990566028302,0.0,0,
24,2,dense_corridor,Dense Corridor,mono,190,3,0.7530741095542908,49,49,0.0,47.16990566028302,0.0,0,
24,2,dense_corridor,Dense Corridor,mono,191,3,0.7530741095542908,49,49,0.0,47.16990566028302,0.0,0,
24,2,dense_corridor,Dense Corridor,mono,192,3,0.7530741095542908,49,49,0.0,47.16990566028302,0.0,0,
24,2,dense_corridor,Dense Corridor,mono,193,3,0.7530741095542908,49,49,0.0,47.16990566028302,0.0,0,
24,2,dense_corridor,Dense Corridor,mono,194,3,0.7530741095542908,49,49,0.0,47.16990566028302,0.0,0,
24,2,dense_corridor,Dense Corridor,mono,195,3,0.7530741095542908,49,49,0.0,47.16990566028302,0.0,0,
24,2,dense_corridor,Dense Corridor,mono,196,3,0.7530741095542908,49,49,0.0,47.16990566028302,0.0,0,
24,2,dense_corridor,Dense Corridor,mono,197,3,0.7530741095542908,49,49,0.0,47.16990566028302,0.0,0,
24,2,dense_corridor,Dense Corridor,mono,198,3,0.7530741095542908,49,49,0.0,47.16990566028302,0.0,0,
24,2,dense_corridor,Dense Corridor,mono,199,3,0.7530741095542908,49,49,0.0,47.16990566028302,0.0,0,
24,2,dense_corridor,Dense Corridor,mono,200,3,0.7530741095542908,49,49,0.0,47.16990566028302,0.0,0,
25,2,obstacle_cluster,Obstacle Cluster,stereo,1,3,1.0,12,10,0.8292824029922485,33.95585369269929,0.7572562227202724,0,
25,2,obstacle_cluster,Obstacle Cluster,stereo,2,3,1.0,13,11,0.8871526718139648,33.24154027718932,0.7143134155099702,0,
25,2,obstacle_cluster,Obstacle Cluster,stereo,3,3,1.0,14,12,0.9263115525245667,32.57299494980466,0.6685453273846633,0,
25,2,obstacle_cluster,Obstacle Cluster,stereo,4,3,1.0,15,13,1.0,31.953090617340916,0.6199043324637437,1,collision_risk
26,2,obstacle_cluster,Obstacle Cluster,mono,1,3,0.6505113244056702,12,10,0.0,33.95585369269929,0.7572562227202724,0,
26,2,obstacle_cluster,Obstacle Cluster,mono,2,3,0.653769850730896,13,11,0.0,33.24154027718932,0.7143134155099702,0,
26,2,obstacle_cluster,Obstacle Cluster,mono,3,3,0.657306432723999,14,12,0.0,32.57299494980466,0.6685453273846633,0,
26,2,obstacle_cluster,Obstacle Cluster,mono,4,3,0.6612658500671387,15,13,0.0,31.953090617340916,0.6199043324637437,0,
26,2,obstacle_cluster,Obstacle Cluster,mono,5,3,0.6653759479522705,16,14,0.0,31.38470965295043,0.5683809643904851,0,
26,2,obstacle_cluster,Obstacle Cluster,mono,6,3,0.6695477962493896,17,15,0.0,30.870698080866262,0.5140115720841685,0,
26,2,obstacle_cluster,Obstacle Cluster,mono,7,3,0.6737639307975769,18,16,0.0,30.4138126514911,0.45688542937516274,0,
26,2,obstacle_cluster,Obstacle Cluster,mono,8,3,0.6784029006958008,19,17,0.0,30.01666203960727,0.3971506118838306,0,
26,2,obstacle_cluster,Obstacle Cluster,mono,9,3,0.6833820343017578,20,18,0.0,29.68164415931166,0.3350178802956094,0,
26,2,obstacle_cluster,Obstacle Cluster,mono,10,3,0.6884797215461731,21,19,0.0,29.410882339705484,0.2707618196061752,0,
26,2,obstacle_cluster,Obstacle Cluster,mono,11,3,0.693638265132904,22,20,0.0,29.206163733020468,0.20471860668501662,0,
26,2,obstacle_cluster,Obstacle Cluster,mono,12,3,0.6988353729248047,23,21,0.0,29.068883707497267,0.13728002552320007,0,
26,2,obstacle_cluster,Obstacle Cluster,mono,13,3,0.7038887143135071,24,22,0.0,29.0,0.06888370749726747,0,
26,2,obstacle_cluster,Obstacle Cluster,mono,14,3,0.7085747122764587,25,23,0.0,29.0,0.0,0,
26,2,obstacle_cluster,Obstacle Cluster,mono,15,3,0.7130411267280579,26,24,0.0,29.068883707497267,-0.06888370749726747,0,
26,2,obstacle_cluster,Obstacle Cluster,mono,16,3,0.7172589898109436,27,25,0.0,29.206163733020468,-0.13728002552320007,0,
26,2,obstacle_cluster,Obstacle Cluster,mono,17,3,0.7214723825454712,28,26,0.0,29.410882339705484,-0.20471860668501662,0,
26,2,obstacle_cluster,Obstacle Cluster,mono,18,3,0.7254503965377808,29,27,0.0,29.68164415931166,-0.2707618196061752,0,
26,2,obstacle_cluster,Obstacle Cluster,mono,19,3,0.729180634021759,30,28,0.0,30.01666203960727,-0.3350178802956094,0,
26,2,obstacle_cluster,Obstacle Cluster,mono,20,3,0.7323679327964783,31,29,0.0,30.4138126514911,-0.3971506118838306,0,
26,2,obstacle_cluster,Obstacle Cluster,mono,21,3,0.7354910969734192,32,30,0.0,30.870698080866262,-0.45688542937516274,0,
26,2,obstacle_cluster,Obstacle Cluster,mono,22,3,0.7383527159690857,33,31,0.0,31.38470965295043,-0.5140115720841685,0,
26,2,obstacle_cluster,Obstacle Cluster,mono,23,3,0.7408164143562317,34,32,0.0,31.953090617340916,-0.5683809643904851,0,
26,2,obstacle_cluster,Obstacle Cluster,mono,24,3,0.7424471378326416,35,33,0.0,32.57299494980466,-0.6199043324637437,0,
26,2,obstacle_cluster,Obstacle Cluster,mono,25,3,0.7439847588539124,36,34,0.0,33.24154027718932,-0.6685453273846633,0,
26,2,obstacle_cluster,Obstacle Cluster,mono,26,3,0.7452566623687744,37,35,0.0,33.95585369269929,-0.7143134155099702,0,
26,2,obstacle_cluster,Obstacle Cluster,mono,27,3,0.7466018199920654,38,36,0.0,34.713109915419565,-0.7572562227202724,0,
26,2,obstacle_cluster,Obstacle Cluster,mono,28,3,0.7479920387268066,39,37,0.0,35.510561809129406,-0.7974518937098409,0,
26,2,obstacle_cluster,Obstacle Cluster,mono,29,3,0.7492715716362,40,38,0.0,36.345563690772494,-0.8350018816430875,0,
26,2,obstacle_cluster,Obstacle Cluster,mono,30,3,0.7501581311225891,41,39,0.0,37.21558813185679,-0.870024441084297,0,
26,2,obstacle_cluster,Obstacle Cluster,mono,31,3,0.7509335279464722,42,40,0.0,38.118237105091836,-0.9026489732350456,0,
26,2,obstacle_cluster,Obstacle Cluster,mono,32,3,0.7515255808830261,43,41,0.0,39.05124837953327,-0.9330112744414336,0,
26,2,obstacle_cluster,Obstacle Cluster,mono,33,3,0.7520204782485962,44,42,0.0,40.01249804748511,-0.9612496679518401,0,
26,2,obstacle_cluster,Obstacle Cluster,mono,34,3,0.7522203326225281,45,43,0.0,41.0,-0.98750195251489,0,
26,2,obstacle_cluster,Obstacle Cluster,mono,35,3,0.752449095249176,46,44,0.0,42.01190307520001,-1.01190307520001,0,
26,2,obstacle_cluster,Obstacle Cluster,mono,36,3,0.7525616884231567,47,45,0.0,43.04648650006177,-1.0345834248617578,0,
26,2,obstacle_cluster,Obstacle Cluster,mono,37,3,0.7531382441520691,48,46,0.0,44.10215414239989,-1.055667642338122,0,
26,2,obstacle_cluster,Obstacle Cluster,mono,38,3,0.7538161873817444,49,47,0.0,45.17742799230607,-1.075273849906182,0,
26,2,obstacle_cluster,Obstacle Cluster,mono,39,3,0.754291296005249,49,48,0.0,46.17358552246078,-0.9961575301547114,0,
26,2,obstacle_cluster,Obstacle Cluster,mono,40,3,0.7541933655738831,49,49,0.0,47.16990566028302,-0.9963201378222379,0,
26,2,obstacle_cluster,Obstacle Cluster,mono,41,3,0.7530741095542908,49,49,0.0,47.16990566028302,0.0,0,
26,2,obstacle_cluster,Obstacle Cluster,mono,42,3,0.7530741095542908,49,49,0.0,47.16990566028302,0.0,0,
26,2,obstacle_cluster,Obstacle Cluster,mono,43,3,0.7530741095542908,49,49,0.0,47.16990566028302,0.0,0,
26,2,obstacle_cluster,Obstacle Cluster,mono,44,3,0.7530741095542908,49,49,0.0,47.16990566028302,0.0,0,
26,2,obstacle_cluster,Obstacle Cluster,mono,45,3,0.7530741095542908,49,49,0.0,47.16990566028302,0.0,0,
26,2,obstacle_cluster,Obstacle Cluster,mono,46,3,0.7530741095542908,49,49,0.0,47.16990566028302,0.0,0,
26,2,obstacle_cluster,Obstacle Cluster,mono,47,3,0.7530741095542908,49,49,0.0,47.16990566028302,0.0,0,
26,2,obstacle_cluster,Obstacle Cluster,mono,48,3,0.7530741095542908,49,49,0.0,47.16990566028302,0.0,0,
26,2,obstacle_cluster,Obstacle Cluster,mono,49,3,0.7530741095542908,49,49,0.0,47.16990566028302,0.0,0,
26,2,obstacle_cluster,Obstacle Cluster,mono,50,3,0.7530741095542908,49,49,0.0,47.16990566028302,0.0,0,
26,2,obstacle_cluster,Obstacle Cluster,mono,51,3,0.7530741095542908,49,49,0.0,47.16990566028302,0.0,0,
26,2,obstacle_cluster,Obstacle Cluster,mono,52,3,0.7530741095542908,49,49,0.0,47.16990566028302,0.0,0,
26,2,obstacle_cluster,Obstacle Cluster,mono,53,3,0.7530741095542908,49,49,0.0,47.16990566028302,0.0,0,
26,2,obstacle_cluster,Obstacle Cluster,mono,54,3,0.7530741095542908,49,49,0.0,47.16990566028302,0.0,0,
26,2,obstacle_cluster,Obstacle Cluster,mono,55,3,0.7530741095542908,49,49,0.0,47.16990566028302,0.0,0,
26,2,obstacle_cluster,Obstacle Cluster,mono,56,3,0.7530741095542908,49,49,0.0,47.16990566028302,0.0,0,
26,2,obstacle_cluster,Obstacle Cluster,mono,57,3,0.7530741095542908,49,49,0.0,47.16990566028302,0.0,0,
26,2,obstacle_cluster,Obstacle Cluster,mono,58,3,0.7530741095542908,49,49,0.0,47.16990566028302,0.0,0,
26,2,obstacle_cluster,Obstacle Cluster,mono,59,3,0.7530741095542908,49,49,0.0,47.16990566028302,0.0,0,
26,2,obstacle_cluster,Obstacle Cluster,mono,60,3,0.7530741095542908,49,49,0.0,47.16990566028302,0.0,0,
26,2,obstacle_cluster,Obstacle Cluster,mono,61,3,0.7530741095542908,49,49,0.0,47.16990566028302,0.0,0,
26,2,obstacle_cluster,Obstacle Cluster,mono,62,3,0.7530741095542908,49,49,0.0,47.16990566028302,0.0,0,
26,2,obstacle_cluster,Obstacle Cluster,mono,63,3,0.7530741095542908,49,49,0.0,47.16990566028302,0.0,0,
26,2,obstacle_cluster,Obstacle Cluster,mono,64,3,0.7530741095542908,49,49,0.0,47.16990566028302,0.0,0,
26,2,obstacle_cluster,Obstacle Cluster,mono,65,3,0.7530741095542908,49,49,0.0,47.16990566028302,0.0,0,
26,2,obstacle_cluster,Obstacle Cluster,mono,66,3,0.7530741095542908,49,49,0.0,47.16990566028302,0.0,0,
26,2,obstacle_cluster,Obstacle Cluster,mono,67,3,0.7530741095542908,49,49,0.0,47.16990566028302,0.0,0,
26,2,obstacle_cluster,Obstacle Cluster,mono,68,3,0.7530741095542908,49,49,0.0,47.16990566028302,0.0,0,
26,2,obstacle_cluster,Obstacle Cluster,mono,69,3,0.7530741095542908,49,49,0.0,47.16990566028302,0.0,0,
26,2,obstacle_cluster,Obstacle Cluster,mono,70,3,0.7530741095542908,49,49,0.0,47.16990566028302,0.0,0,
26,2,obstacle_cluster,Obstacle Cluster,mono,71,3,0.7530741095542908,49,49,0.0,47.16990566028302,0.0,0,
26,2,obstacle_cluster,Obstacle Cluster,mono,72,3,0.7530741095542908,49,49,0.0,47.16990566028302,0.0,0,
26,2,obstacle_cluster,Obstacle Cluster,mono,73,3,0.7530741095542908,49,49,0.0,47.16990566028302,0.0,0,
26,2,obstacle_cluster,Obstacle Cluster,mono,74,3,0.7530741095542908,49,49,0.0,47.16990566028302,0.0,0,
26,2,obstacle_cluster,Obstacle Cluster,mono,75,3,0.7530741095542908,49,49,0.0,47.16990566028302,0.0,0,
26,2,obstacle_cluster,Obstacle Cluster,mono,76,3,0.7530741095542908,49,49,0.0,47.16990566028302,0.0,0,
26,2,obstacle_cluster,Obstacle Cluster,mono,77,3,0.7530741095542908,49,49,0.0,47.16990566028302,0.0,0,
26,2,obstacle_cluster,Obstacle Cluster,mono,78,3,0.7530741095542908,49,49,0.0,47.16990566028302,0.0,0,
26,2,obstacle_cluster,Obstacle Cluster,mono,79,3,0.7530741095542908,49,49,0.0,47.16990566028302,0.0,0,
26,2,obstacle_cluster,Obstacle Cluster,mono,80,3,0.7530741095542908,49,49,0.0,47.16990566028302,0.0,0,
26,2,obstacle_cluster,Obstacle Cluster,mono,81,3,0.7530741095542908,49,49,0.0,47.16990566028302,0.0,0,
26,2,obstacle_cluster,Obstacle Cluster,mono,82,3,0.7530741095542908,49,49,0.0,47.16990566028302,0.0,0,
26,2,obstacle_cluster,Obstacle Cluster,mono,83,3,0.7530741095542908,49,49,0.0,47.16990566028302,0.0,0,
26,2,obstacle_cluster,Obstacle Cluster,mono,84,3,0.7530741095542908,49,49,0.0,47.16990566028302,0.0,0,
26,2,obstacle_cluster,Obstacle Cluster,mono,85,3,0.7530741095542908,49,49,0.0,47.16990566028302,0.0,0,
26,2,obstacle_cluster,Obstacle Cluster,mono,86,3,0.7530741095542908,49,49,0.0,47.16990566028302,0.0,0,
26,2,obstacle_cluster,Obstacle Cluster,mono,87,3,0.7530741095542908,49,49,0.0,47.16990566028302,0.0,0,
26,2,obstacle_cluster,Obstacle Cluster,mono,88,3,0.7530741095542908,49,49,0.0,47.16990566028302,0.0,0,
26,2,obstacle_cluster,Obstacle Cluster,mono,89,3,0.7530741095542908,49,49,0.0,47.16990566028302,0.0,0,
26,2,obstacle_cluster,Obstacle Cluster,mono,90,3,0.7530741095542908,49,49,0.0,47.16990566028302,0.0,0,
26,2,obstacle_cluster,Obstacle Cluster,mono,91,3,0.7530741095542908,49,49,0.0,47.16990566028302,0.0,0,
26,2,obstacle_cluster,Obstacle Cluster,mono,92,3,0.7530741095542908,49,49,0.0,47.16990566028302,0.0,0,
26,2,obstacle_cluster,Obstacle Cluster,mono,93,3,0.7530741095542908,49,49,0.0,47.16990566028302,0.0,0,
26,2,obstacle_cluster,Obstacle Cluster,mono,94,3,0.7530741095542908,49,49,0.0,47.16990566028302,0.0,0,
26,2,obstacle_cluster,Obstacle Cluster,mono,95,3,0.7530741095542908,49,49,0.0,47.16990566028302,0.0,0,
26,2,obstacle_cluster,Obstacle Cluster,mono,96,3,0.7530741095542908,49,49,0.0,47.16990566028302,0.0,0,
26,2,obstacle_cluster,Obstacle Cluster,mono,97,3,0.7530741095542908,49,49,0.0,47.16990566028302,0.0,0,
26,2,obstacle_cluster,Obstacle Cluster,mono,98,3,0.7530741095542908,49,49,0.0,47.16990566028302,0.0,0,
26,2,obstacle_cluster,Obstacle Cluster,mono,99,3,0.7530741095542908,49,49,0.0,47.16990566028302,0.0,0,
26,2,obstacle_cluster,Obstacle Cluster,mono,100,3,0.7530741095542908,49,49,0.0,47.16990566028302,0.0,0,
26,2,obstacle_cluster,Obstacle Cluster,mono,101,3,0.7530741095542908,49,49,0.0,47.16990566028302,0.0,0,
26,2,obstacle_cluster,Obstacle Cluster,mono,102,3,0.7530741095542908,49,49,0.0,47.16990566028302,0.0,0,
26,2,obstacle_cluster,Obstacle Cluster,mono,103,3,0.7530741095542908,49,49,0.0,47.16990566028302,0.0,0,
26,2,obstacle_cluster,Obstacle Cluster,mono,104,3,0.7530741095542908,49,49,0.0,47.16990566028302,0.0,0,
26,2,obstacle_cluster,Obstacle Cluster,mono,105,3,0.7530741095542908,49,49,0.0,47.16990566028302,0.0,0,
26,2,obstacle_cluster,Obstacle Cluster,mono,106,3,0.7530741095542908,49,49,0.0,47.16990566028302,0.0,0,
26,2,obstacle_cluster,Obstacle Cluster,mono,107,3,0.7530741095542908,49,49,0.0,47.16990566028302,0.0,0,
26,2,obstacle_cluster,Obstacle Cluster,mono,108,3,0.7530741095542908,49,49,0.0,47.16990566028302,0.0,0,
26,2,obstacle_cluster,Obstacle Cluster,mono,109,3,0.7530741095542908,49,49,0.0,47.16990566028302,0.0,0,
26,2,obstacle_cluster,Obstacle Cluster,mono,110,3,0.7530741095542908,49,49,0.0,47.16990566028302,0.0,0,
26,2,obstacle_cluster,Obstacle Cluster,mono,111,3,0.7530741095542908,49,49,0.0,47.16990566028302,0.0,0,
26,2,obstacle_cluster,Obstacle Cluster,mono,112,3,0.7530741095542908,49,49,0.0,47.16990566028302,0.0,0,
26,2,obstacle_cluster,Obstacle Cluster,mono,113,3,0.7530741095542908,49,49,0.0,47.16990566028302,0.0,0,
26,2,obstacle_cluster,Obstacle Cluster,mono,114,3,0.7530741095542908,49,49,0.0,47.16990566028302,0.0,0,
26,2,obstacle_cluster,Obstacle Cluster,mono,115,3,0.7530741095542908,49,49,0.0,47.16990566028302,0.0,0,
26,2,obstacle_cluster,Obstacle Cluster,mono,116,3,0.7530741095542908,49,49,0.0,47.16990566028302,0.0,0,
26,2,obstacle_cluster,Obstacle Cluster,mono,117,3,0.7530741095542908,49,49,0.0,47.16990566028302,0.0,0,
26,2,obstacle_cluster,Obstacle Cluster,mono,118,3,0.7530741095542908,49,49,0.0,47.16990566028302,0.0,0,
26,2,obstacle_cluster,Obstacle Cluster,mono,119,3,0.7530741095542908,49,49,0.0,47.16990566028302,0.0,0,
26,2,obstacle_cluster,Obstacle Cluster,mono,120,3,0.7530741095542908,49,49,0.0,47.16990566028302,0.0,0,
26,2,obstacle_cluster,Obstacle Cluster,mono,121,3,0.7530741095542908,49,49,0.0,47.16990566028302,0.0,0,
26,2,obstacle_cluster,Obstacle Cluster,mono,122,3,0.7530741095542908,49,49,0.0,47.16990566028302,0.0,0,
26,2,obstacle_cluster,Obstacle Cluster,mono,123,3,0.7530741095542908,49,49,0.0,47.16990566028302,0.0,0,
26,2,obstacle_cluster,Obstacle Cluster,mono,124,3,0.7530741095542908,49,49,0.0,47.16990566028302,0.0,0,
26,2,obstacle_cluster,Obstacle Cluster,mono,125,3,0.7530741095542908,49,49,0.0,47.16990566028302,0.0,0,
26,2,obstacle_cluster,Obstacle Cluster,mono,126,3,0.7530741095542908,49,49,0.0,47.16990566028302,0.0,0,
26,2,obstacle_cluster,Obstacle Cluster,mono,127,3,0.7530741095542908,49,49,0.0,47.16990566028302,0.0,0,
26,2,obstacle_cluster,Obstacle Cluster,mono,128,3,0.7530741095542908,49,49,0.0,47.16990566028302,0.0,0,
26,2,obstacle_cluster,Obstacle Cluster,mono,129,3,0.7530741095542908,49,49,0.0,47.16990566028302,0.0,0,
26,2,obstacle_cluster,Obstacle Cluster,mono,130,3,0.7530741095542908,49,49,0.0,47.16990566028302,0.0,0,
26,2,obstacle_cluster,Obstacle Cluster,mono,131,3,0.7530741095542908,49,49,0.0,47.16990566028302,0.0,0,
26,2,obstacle_cluster,Obstacle Cluster,mono,132,3,0.7530741095542908,49,49,0.0,47.16990566028302,0.0,0,
26,2,obstacle_cluster,Obstacle Cluster,mono,133,3,0.7530741095542908,49,49,0.0,47.16990566028302,0.0,0,
26,2,obstacle_cluster,Obstacle Cluster,mono,134,3,0.7530741095542908,49,49,0.0,47.16990566028302,0.0,0,
26,2,obstacle_cluster,Obstacle Cluster,mono,135,3,0.7530741095542908,49,49,0.0,47.16990566028302,0.0,0,
26,2,obstacle_cluster,Obstacle Cluster,mono,136,3,0.7530741095542908,49,49,0.0,47.16990566028302,0.0,0,
26,2,obstacle_cluster,Obstacle Cluster,mono,137,3,0.7530741095542908,49,49,0.0,47.16990566028302,0.0,0,
26,2,obstacle_cluster,Obstacle Cluster,mono,138,3,0.7530741095542908,49,49,0.0,47.16990566028302,0.0,0,
26,2,obstacle_cluster,Obstacle Cluster,mono,139,3,0.7530741095542908,49,49,0.0,47.16990566028302,0.0,0,
26,2,obstacle_cluster,Obstacle Cluster,mono,140,3,0.7530741095542908,49,49,0.0,47.16990566028302,0.0,0,
26,2,obstacle_cluster,Obstacle Cluster,mono,141,3,0.7530741095542908,49,49,0.0,47.16990566028302,0.0,0,
26,2,obstacle_cluster,Obstacle Cluster,mono,142,3,0.7530741095542908,49,49,0.0,47.16990566028302,0.0,0,
26,2,obstacle_cluster,Obstacle Cluster,mono,143,3,0.7530741095542908,49,49,0.0,47.16990566028302,0.0,0,
26,2,obstacle_cluster,Obstacle Cluster,mono,144,3,0.7530741095542908,49,49,0.0,47.16990566028302,0.0,0,
26,2,obstacle_cluster,Obstacle Cluster,mono,145,3,0.7530741095542908,49,49,0.0,47.16990566028302,0.0,0,
26,2,obstacle_cluster,Obstacle Cluster,mono,146,3,0.7530741095542908,49,49,0.0,47.16990566028302,0.0,0,
26,2,obstacle_cluster,Obstacle Cluster,mono,147,3,0.7530741095542908,49,49,0.0,47.16990566028302,0.0,0,
26,2,obstacle_cluster,Obstacle Cluster,mono,148,3,0.7530741095542908,49,49,0.0,47.16990566028302,0.0,0,
26,2,obstacle_cluster,Obstacle Cluster,mono,149,3,0.7530741095542908,49,49,0.0,47.16990566028302,0.0,0,
26,2,obstacle_cluster,Obstacle Cluster,mono,150,3,0.7530741095542908,49,49,0.0,47.16990566028302,0.0,0,
26,2,obstacle_cluster,Obstacle Cluster,mono,151,3,0.7530741095542908,49,49,0.0,47.16990566028302,0.0,0,
26,2,obstacle_cluster,Obstacle Cluster,mono,152,3,0.7530741095542908,49,49,0.0,47.16990566028302,0.0,0,
26,2,obstacle_cluster,Obstacle Cluster,mono,153,3,0.7530741095542908,49,49,0.0,47.16990566028302,0.0,0,
26,2,obstacle_cluster,Obstacle Cluster,mono,154,3,0.7530741095542908,49,49,0.0,47.16990566028302,0.0,0,
26,2,obstacle_cluster,Obstacle Cluster,mono,155,3,0.7530741095542908,49,49,0.0,47.16990566028302,0.0,0,
26,2,obstacle_cluster,Obstacle Cluster,mono,156,3,0.7530741095542908,49,49,0.0,47.16990566028302,0.0,0,
26,2,obstacle_cluster,Obstacle Cluster,mono,157,3,0.7530741095542908,49,49,0.0,47.16990566028302,0.0,0,
26,2,obstacle_cluster,Obstacle Cluster,mono,158,3,0.7530741095542908,49,49,0.0,47.16990566028302,0.0,0,
26,2,obstacle_cluster,Obstacle Cluster,mono,159,3,0.7530741095542908,49,49,0.0,47.16990566028302,0.0,0,
26,2,obstacle_cluster,Obstacle Cluster,mono,160,3,0.7530741095542908,49,49,0.0,47.16990566028302,0.0,0,
26,2,obstacle_cluster,Obstacle Cluster,mono,161,3,0.7530741095542908,49,49,0.0,47.16990566028302,0.0,0,
26,2,obstacle_cluster,Obstacle Cluster,mono,162,3,0.7530741095542908,49,49,0.0,47.16990566028302,0.0,0,
26,2,obstacle_cluster,Obstacle Cluster,mono,163,3,0.7530741095542908,49,49,0.0,47.16990566028302,0.0,0,
26,2,obstacle_cluster,Obstacle Cluster,mono,164,3,0.7530741095542908,49,49,0.0,47.16990566028302,0.0,0,
26,2,obstacle_cluster,Obstacle Cluster,mono,165,3,0.7530741095542908,49,49,0.0,47.16990566028302,0.0,0,
26,2,obstacle_cluster,Obstacle Cluster,mono,166,3,0.7530741095542908,49,49,0.0,47.16990566028302,0.0,0,
26,2,obstacle_cluster,Obstacle Cluster,mono,167,3,0.7530741095542908,49,49,0.0,47.16990566028302,0.0,0,
26,2,obstacle_cluster,Obstacle Cluster,mono,168,3,0.7530741095542908,49,49,0.0,47.16990566028302,0.0,0,
26,2,obstacle_cluster,Obstacle Cluster,mono,169,3,0.7530741095542908,49,49,0.0,47.16990566028302,0.0,0,
26,2,obstacle_cluster,Obstacle Cluster,mono,170,3,0.7530741095542908,49,49,0.0,47.16990566028302,0.0,0,
26,2,obstacle_cluster,Obstacle Cluster,mono,171,3,0.7530741095542908,49,49,0.0,47.16990566028302,0.0,0,
26,2,obstacle_cluster,Obstacle Cluster,mono,172,3,0.7530741095542908,49,49,0.0,47.16990566028302,0.0,0,
26,2,obstacle_cluster,Obstacle Cluster,mono,173,3,0.7530741095542908,49,49,0.0,47.16990566028302,0.0,0,
26,2,obstacle_cluster,Obstacle Cluster,mono,174,3,0.7530741095542908,49,49,0.0,47.16990566028302,0.0,0,
26,2,obstacle_cluster,Obstacle Cluster,mono,175,3,0.7530741095542908,49,49,0.0,47.16990566028302,0.0,0,
26,2,obstacle_cluster,Obstacle Cluster,mono,176,3,0.7530741095542908,49,49,0.0,47.16990566028302,0.0,0,
26,2,obstacle_cluster,Obstacle Cluster,mono,177,3,0.7530741095542908,49,49,0.0,47.16990566028302,0.0,0,
26,2,obstacle_cluster,Obstacle Cluster,mono,178,3,0.7530741095542908,49,49,0.0,47.16990566028302,0.0,0,
26,2,obstacle_cluster,Obstacle Cluster,mono,179,3,0.7530741095542908,49,49,0.0,47.16990566028302,0.0,0,
26,2,obstacle_cluster,Obstacle Cluster,mono,180,3,0.7530741095542908,49,49,0.0,47.16990566028302,0.0,0,
26,2,obstacle_cluster,Obstacle Cluster,mono,181,3,0.7530741095542908,49,49,0.0,47.16990566028302,0.0,0,
26,2,obstacle_cluster,Obstacle Cluster,mono,182,3,0.7530741095542908,49,49,0.0,47.16990566028302,0.0,0,
26,2,obstacle_cluster,Obstacle Cluster,mono,183,3,0.7530741095542908,49,49,0.0,47.16990566028302,0.0,0,
26,2,obstacle_cluster,Obstacle Cluster,mono,184,3,0.7530741095542908,49,49,0.0,47.16990566028302,0.0,0,
26,2,obstacle_cluster,Obstacle Cluster,mono,185,3,0.7530741095542908,49,49,0.0,47.16990566028302,0.0,0,
26,2,obstacle_cluster,Obstacle Cluster,mono,186,3,0.7530741095542908,49,49,0.0,47.16990566028302,0.0,0,
26,2,obstacle_cluster,Obstacle Cluster,mono,187,3,0.7530741095542908,49,49,0.0,47.16990566028302,0.0,0,
26,2,obstacle_cluster,Obstacle Cluster,mono,188,3,0.7530741095542908,49,49,0.0,47.16990566028302,0.0,0,
26,2,obstacle_cluster,Obstacle Cluster,mono,189,3,0.7530741095542908,49,49,0.0,47.16990566028302,0.0,0,
26,2,obstacle_cluster,Obstacle Cluster,mono,190,3,0.7530741095542908,49,49,0.0,47.16990566028302,0.0,0,
26,2,obstacle_cluster,Obstacle Cluster,mono,191,3,0.7530741095542908,49,49,0.0,47.16990566028302,0.0,0,
26,2,obstacle_cluster,Obstacle Cluster,mono,192,3,0.7530741095542908,49,49,0.0,47.16990566028302,0.0,0,
26,2,obstacle_cluster,Obstacle Cluster,mono,193,3,0.7530741095542908,49,49,0.0,47.16990566028302,0.0,0,
26,2,obstacle_cluster,Obstacle Cluster,mono,194,3,0.7530741095542908,49,49,0.0,47.16990566028302,0.0,0,
26,2,obstacle_cluster,Obstacle Cluster,mono,195,3,0.7530741095542908,49,49,0.0,47.16990566028302,0.0,0,
26,2,obstacle_cluster,Obstacle Cluster,mono,196,3,0.7530741095542908,49,49,0.0,47.16990566028302,0.0,0,
26,2,obstacle_cluster,Obstacle Cluster,mono,197,3,0.7530741095542908,49,49,0.0,47.16990566028302,0.0,0,
26,2,obstacle_cluster,Obstacle Cluster,mono,198,3,0.7530741095542908,49,49,0.0,47.16990566028302,0.0,0,
26,2,obstacle_cluster,Obstacle Cluster,mono,199,3,0.7530741095542908,49,49,0.0,47.16990566028302,0.0,0,
26,2,obstacle_cluster,Obstacle Cluster,mono,200,3,0.7530741095542908,49,49,0.0,47.16990566028302,0.0,0,
27,2,lateral_maneuver,Lateral Maneuver,stereo,1,3,0.9857784509658813,5,3,0.0,51.73973328110612,1.4109957825671273,0,
27,2,lateral_maneuver,Lateral Maneuver,stereo,2,3,0.9844842553138733,6,4,0.0,50.32891812864648,1.4108151524596408,0,
27,2,lateral_maneuver,Lateral Maneuver,stereo,3,3,0.9831569790840149,7,5,0.0,48.91829923454004,1.4106188941064417,0,
27,2,lateral_maneuver,Lateral Maneuver,stereo,4,3,0.9818201065063477,8,6,0.0,47.50789408087881,1.4104051536612232,0,
27,2,lateral_maneuver,Lateral Maneuver,stereo,5,3,0.9804956316947937,9,7,0.0,46.09772228646444,1.4101717944143743,0,
27,2,lateral_maneuver,Lateral Maneuver,stereo,6,3,0.9791608452796936,10,8,0.0,44.68780594300866,1.4099163434557767,0,
27,2,lateral_maneuver,Lateral Maneuver,stereo,7,3,0.97783362865448,11,9,0.0,43.278170016764804,1.4096359262438583,0,
27,2,lateral_maneuver,Lateral Maneuver,stereo,8,3,0.9764978885650635,12,10,0.5347221493721008,41.86884283091664,1.4093271858481629,0,
27,2,lateral_maneuver,Lateral Maneuver,stereo,9,3,0.9752105474472046,13,11,0.2253086268901825,40.45985664828782,1.4089861826288228,0,
27,2,lateral_maneuver,Lateral Maneuver,stereo,10,3,0.9739893674850464,14,12,0.14853394031524658,39.05124837953327,1.4086082687545485,0,
27,2,lateral_maneuver,Lateral Maneuver,stereo,11,3,0.9728461503982544,15,13,0.03858024626970291,37.64306044943742,1.408187930095849,0,
27,2,lateral_maneuver,Lateral Maneuver,stereo,12,3,0.9717432856559753,16,14,0.0,36.235341863986875,1.4077185854505458,0,
27,2,lateral_maneuver,Lateral Maneuver,stereo,13,3,0.9707602262496948,17,15,0.0,34.828149534535996,1.4071923294508792,0,
27,2,lateral_maneuver,Lateral Maneuver,stereo,14,3,0.9698547124862671,18,16,0.49691349267959595,33.421549934136806,1.4065996003991899,0,
27,2,lateral_maneuver,Lateral Maneuver,stereo,15,3,0.9691341519355774,19,17,0.0624999925494194,32.01562118716424,1.4059287469725632,0,
27,2,lateral_maneuver,Lateral Maneuver,stereo,16,3,0.9684876203536987,20,18,0.0,30.610455730027933,1.4051654571363095,0,
27,2,lateral_maneuver,Lateral Maneuver,stereo,17,3,0.9679686427116394,21,19,0.0,29.206163733020468,1.4042919970074657,0,
27,2,lateral_maneuver,Lateral Maneuver,stereo,18,3,0.9675009846687317,22,20,0.17631173133850098,27.80287754891569,1.403286184104779,0,
27,2,lateral_maneuver,Lateral Maneuver,stereo,19,3,0.9670905470848083,23,21,0.24633488059043884,26.40075756488817,1.402119984027518,0,
27,2,lateral_maneuver,Lateral Maneuver,stereo,20,3,0.9668115377426147,24,22,0.18036264181137085,25.0,1.4007575648881705,0,
27,2,lateral_maneuver,Lateral Maneuver,stereo,21,3,0.966627299785614,25,23,0.45679014921188354,23.600847442411894,1.3991525575881063,0,
27,2,lateral_maneuver,Lateral Maneuver,stereo,22,3,0.9665091037750244,26,24,0.21469904482364655,22.20360331117452,1.3972441312373753,0,
27,2,lateral_maneuver,Lateral Maneuver,stereo,23,3,0.9663958549499512,27,25,0.7658178210258484,20.808652046684813,1.3949512644897055,0,
27,2,lateral_maneuver,Lateral Maneuver,stereo,24,3,0.9662361145019531,28,26,0.0173611119389534,19.4164878389476,1.3921642077372134,0,
27,2,lateral_maneuver,Lateral Maneuver,stereo,25,3,0.9660489559173584,29,27,0.0,18.027756377319946,1.3887314616276534,0,
27,2,lateral_maneuver,Lateral Maneuver,stereo,26,3,0.9659603238105774,30,28,0.06269289553165436,16.64331697709324,1.3844394002267073,0,
27,2,lateral_maneuver,Lateral Maneuver,stereo,27,3,0.9659107327461243,31,29,0.006751543376594782,15.264337522473747,1.3789794546194916,0,
27,2,lateral_maneuver,Lateral Maneuver,stereo,28,3,0.9659004807472229,32,30,0.22029320895671844,13.892443989449804,1.3718935330239432,0,
27,2,lateral_maneuver,Lateral Maneuver,stereo,29,3,0.9658717513084412,33,31,0.0,12.529964086141668,1.3624799033081363,0,
27,2,lateral_maneuver,Lateral Maneuver,stereo,30,3,0.965785801410675,34,32,0.0,11.180339887498949,1.3496241986427187,0,
27,2,lateral_maneuver,Lateral Maneuver,stereo,31,3,0.9657902717590332,35,33,0.0,9.848857801796104,1.331482085702845,0,
27,2,lateral_maneuver,Lateral Maneuver,stereo,32,3,0.9657225608825684,36,34,0.0,8.54400374531753,1.3048540564785736,0,
27,2,lateral_maneuver,Lateral Maneuver,stereo,33,3,0.9653156995773315,37,35,0.21932868659496307,7.280109889280518,1.2638938560370123,0,
27,2,lateral_maneuver,Lateral Maneuver,stereo,34,3,0.964857280254364,38,36,0.01041666604578495,6.082762530298219,1.1973473589822987,0,
27,2,lateral_maneuver,Lateral Maneuver,stereo,35,3,0.9644043445587158,39,37,0.004822530783712864,5.0,1.0827625302982193,0,
27,2,lateral_maneuver,Lateral Maneuver,stereo,36,3,0.9638947248458862,40,38,0.04243827238678932,4.123105625617661,0.8768943743823394,0,
27,2,lateral_maneuver,Lateral Maneuver,stereo,37,3,0.9634780287742615,41,39,0.19733794033527374,3.605551275463989,0.5175543501536715,0,
27,2,lateral_maneuver,Lateral Maneuver,stereo,38,3,0.96326744556427,42,40,0.19483022391796112,3.605551275463989,0.0,0,
27,2,lateral_maneuver,Lateral Maneuver,stereo,39,3,0.9630018472671509,43,41,0.24922841787338257,4.123105625617661,-0.5175543501536715,0,
27,2,lateral_maneuver,Lateral Maneuver,stereo,40,3,0.9628216028213501,44,42,0.7974535822868347,5.0,-0.8768943743823394,0,
27,2,lateral_maneuver,Lateral Maneuver,stereo,41,3,0.9627353549003601,45,43,0.06616511940956116,6.082762530298219,-1.0827625302982193,0,
27,2,lateral_maneuver,Lateral Maneuver,stereo,42,3,0.9626938700675964,46,44,0.27970677614212036,7.280109889280518,-1.1973473589822987,0,
27,2,lateral_maneuver,Lateral Maneuver,stereo,43,3,0.9625425934791565,47,45,0.1996527761220932,8.54400374531753,-1.2638938560370123,0,
27,2,lateral_maneuver,Lateral Maneuver,stereo,44,3,0.9622345566749573,48,46,0.019290123134851456,9.848857801796104,-1.3048540564785736,0,
27,2,lateral_maneuver,Lateral Maneuver,stereo,45,3,0.9619697332382202,49,47,0.0,11.180339887498949,-1.331482085702845,0,
27,2,lateral_maneuver,Lateral Maneuver,stereo,46,3,0.9616782665252686,49,48,0.027006173506379128,12.083045973594572,-0.9027060860956233,0,
27,2,lateral_maneuver,Lateral Maneuver,stereo,47,3,0.9618964791297913,49,49,0.011574074625968933,13.0,-0.9169540264054277,0,
27,2,lateral_maneuver,Lateral Maneuver,stereo,48,3,0.962241530418396,49,49,0.011574074625968933,13.0,0.0,0,
27,2,lateral_maneuver,Lateral Maneuver,stereo,49,3,0.962241530418396,49,49,0.011574074625968933,13.0,0.0,0,
27,2,lateral_maneuver,Lateral Maneuver,stereo,50,3,0.962241530418396,49,49,0.011574074625968933,13.0,0.0,0,
27,2,lateral_maneuver,Lateral Maneuver,stereo,51,3,0.962241530418396,49,49,0.011574074625968933,13.0,0.0,0,
27,2,lateral_maneuver,Lateral Maneuver,stereo,52,3,0.962241530418396,49,49,0.011574074625968933,13.0,0.0,0,
27,2,lateral_maneuver,Lateral Maneuver,stereo,53,3,0.962241530418396,49,49,0.011574074625968933,13.0,0.0,0,
27,2,lateral_maneuver,Lateral Maneuver,stereo,54,3,0.962241530418396,49,49,0.011574074625968933,13.0,0.0,0,
27,2,lateral_maneuver,Lateral Maneuver,stereo,55,3,0.962241530418396,49,49,0.011574074625968933,13.0,0.0,0,
27,2,lateral_maneuver,Lateral Maneuver,stereo,56,3,0.962241530418396,49,49,0.011574074625968933,13.0,0.0,0,
27,2,lateral_maneuver,Lateral Maneuver,stereo,57,3,0.962241530418396,49,49,0.011574074625968933,13.0,0.0,0,
27,2,lateral_maneuver,Lateral Maneuver,stereo,58,3,0.962241530418396,49,49,0.011574074625968933,13.0,0.0,0,
27,2,lateral_maneuver,Lateral Maneuver,stereo,59,3,0.962241530418396,49,49,0.011574074625968933,13.0,0.0,0,
27,2,lateral_maneuver,Lateral Maneuver,stereo,60,3,0.962241530418396,49,49,0.011574074625968933,13.0,0.0,0,
27,2,lateral_maneuver,Lateral Maneuver,stereo,61,3,0.962241530418396,49,49,0.011574074625968933,13.0,0.0,0,
27,2,lateral_maneuver,Lateral Maneuver,stereo,62,3,0.962241530418396,49,49,0.011574074625968933,13.0,0.0,0,
27,2,lateral_maneuver,Lateral Maneuver,stereo,63,3,0.962241530418396,49,49,0.011574074625968933,13.0,0.0,0,
27,2,lateral_maneuver,Lateral Maneuver,stereo,64,3,0.962241530418396,49,49,0.011574074625968933,13.0,0.0,0,
27,2,lateral_maneuver,Lateral Maneuver,stereo,65,3,0.962241530418396,49,49,0.011574074625968933,13.0,0.0,0,
27,2,lateral_maneuver,Lateral Maneuver,stereo,66,3,0.962241530418396,49,49,0.011574074625968933,13.0,0.0,0,
27,2,lateral_maneuver,Lateral Maneuver,stereo,67,3,0.962241530418396,49,49,0.011574074625968933,13.0,0.0,0,
27,2,lateral_maneuver,Lateral Maneuver,stereo,68,3,0.962241530418396,49,49,0.011574074625968933,13.0,0.0,0,
27,2,lateral_maneuver,Lateral Maneuver,stereo,69,3,0.962241530418396,49,49,0.011574074625968933,13.0,0.0,0,
27,2,lateral_maneuver,Lateral Maneuver,stereo,70,3,0.962241530418396,49,49,0.011574074625968933,13.0,0.0,0,
27,2,lateral_maneuver,Lateral Maneuver,stereo,71,3,0.962241530418396,49,49,0.011574074625968933,13.0,0.0,0,
27,2,lateral_maneuver,Lateral Maneuver,stereo,72,3,0.962241530418396,49,49,0.011574074625968933,13.0,0.0,0,
27,2,lateral_maneuver,Lateral Maneuver,stereo,73,3,0.962241530418396,49,49,0.011574074625968933,13.0,0.0,0,
27,2,lateral_maneuver,Lateral Maneuver,stereo,74,3,0.962241530418396,49,49,0.011574074625968933,13.0,0.0,0,
27,2,lateral_maneuver,Lateral Maneuver,stereo,75,3,0.962241530418396,49,49,0.011574074625968933,13.0,0.0,0,
27,2,lateral_maneuver,Lateral Maneuver,stereo,76,3,0.962241530418396,49,49,0.011574074625968933,13.0,0.0,0,
27,2,lateral_maneuver,Lateral Maneuver,stereo,77,3,0.962241530418396,49,49,0.011574074625968933,13.0,0.0,0,
27,2,lateral_maneuver,Lateral Maneuver,stereo,78,3,0.962241530418396,49,49,0.011574074625968933,13.0,0.0,0,
27,2,lateral_maneuver,Lateral Maneuver,stereo,79,3,0.962241530418396,49,49,0.011574074625968933,13.0,0.0,0,
27,2,lateral_maneuver,Lateral Maneuver,stereo,80,3,0.962241530418396,49,49,0.011574074625968933,13.0,0.0,0,
27,2,lateral_maneuver,Lateral Maneuver,stereo,81,3,0.962241530418396,49,49,0.011574074625968933,13.0,0.0,0,
27,2,lateral_maneuver,Lateral Maneuver,stereo,82,3,0.962241530418396,49,49,0.011574074625968933,13.0,0.0,0,
27,2,lateral_maneuver,Lateral Maneuver,stereo,83,3,0.962241530418396,49,49,0.011574074625968933,13.0,0.0,0,
27,2,lateral_maneuver,Lateral Maneuver,stereo,84,3,0.962241530418396,49,49,0.011574074625968933,13.0,0.0,0,
27,2,lateral_maneuver,Lateral Maneuver,stereo,85,3,0.962241530418396,49,49,0.011574074625968933,13.0,0.0,0,
27,2,lateral_maneuver,Lateral Maneuver,stereo,86,3,0.962241530418396,49,49,0.011574074625968933,13.0,0.0,0,
27,2,lateral_maneuver,Lateral Maneuver,stereo,87,3,0.962241530418396,49,49,0.011574074625968933,13.0,0.0,0,
27,2,lateral_maneuver,Lateral Maneuver,stereo,88,3,0.962241530418396,49,49,0.011574074625968933,13.0,0.0,0,
27,2,lateral_maneuver,Lateral Maneuver,stereo,89,3,0.962241530418396,49,49,0.011574074625968933,13.0,0.0,0,
27,2,lateral_maneuver,Lateral Maneuver,stereo,90,3,0.962241530418396,49,49,0.011574074625968933,13.0,0.0,0,
27,2,lateral_maneuver,Lateral Maneuver,stereo,91,3,0.962241530418396,49,49,0.011574074625968933,13.0,0.0,0,
27,2,lateral_maneuver,Lateral Maneuver,stereo,92,3,0.962241530418396,49,49,0.011574074625968933,13.0,0.0,0,
27,2,lateral_maneuver,Lateral Maneuver,stereo,93,3,0.962241530418396,49,49,0.011574074625968933,13.0,0.0,0,
27,2,lateral_maneuver,Lateral Maneuver,stereo,94,3,0.962241530418396,49,49,0.011574074625968933,13.0,0.0,0,
27,2,lateral_maneuver,Lateral Maneuver,stereo,95,3,0.962241530418396,49,49,0.011574074625968933,13.0,0.0,0,
27,2,lateral_maneuver,Lateral Maneuver,stereo,96,3,0.962241530418396,49,49,0.011574074625968933,13.0,0.0,0,
27,2,lateral_maneuver,Lateral Maneuver,stereo,97,3,0.962241530418396,49,49,0.011574074625968933,13.0,0.0,0,
27,2,lateral_maneuver,Lateral Maneuver,stereo,98,3,0.962241530418396,49,49,0.011574074625968933,13.0,0.0,0,
27,2,lateral_maneuver,Lateral Maneuver,stereo,99,3,0.962241530418396,49,49,0.011574074625968933,13.0,0.0,0,
27,2,lateral_maneuver,Lateral Maneuver,stereo,100,3,0.962241530418396,49,49,0.011574074625968933,13.0,0.0,0,
27,2,lateral_maneuver,Lateral Maneuver,stereo,101,3,0.962241530418396,49,49,0.011574074625968933,13.0,0.0,0,
27,2,lateral_maneuver,Lateral Maneuver,stereo,102,3,0.962241530418396,49,49,0.011574074625968933,13.0,0.0,0,
27,2,lateral_maneuver,Lateral Maneuver,stereo,103,3,0.962241530418396,49,49,0.011574074625968933,13.0,0.0,0,
27,2,lateral_maneuver,Lateral Maneuver,stereo,104,3,0.962241530418396,49,49,0.011574074625968933,13.0,0.0,0,
27,2,lateral_maneuver,Lateral Maneuver,stereo,105,3,0.962241530418396,49,49,0.011574074625968933,13.0,0.0,0,
27,2,lateral_maneuver,Lateral Maneuver,stereo,106,3,0.962241530418396,49,49,0.011574074625968933,13.0,0.0,0,
27,2,lateral_maneuver,Lateral Maneuver,stereo,107,3,0.962241530418396,49,49,0.011574074625968933,13.0,0.0,0,
27,2,lateral_maneuver,Lateral Maneuver,stereo,108,3,0.962241530418396,49,49,0.011574074625968933,13.0,0.0,0,
27,2,lateral_maneuver,Lateral Maneuver,stereo,109,3,0.962241530418396,49,49,0.011574074625968933,13.0,0.0,0,
27,2,lateral_maneuver,Lateral Maneuver,stereo,110,3,0.962241530418396,49,49,0.011574074625968933,13.0,0.0,0,
27,2,lateral_maneuver,Lateral Maneuver,stereo,111,3,0.962241530418396,49,49,0.011574074625968933,13.0,0.0,0,
27,2,lateral_maneuver,Lateral Maneuver,stereo,112,3,0.962241530418396,49,49,0.011574074625968933,13.0,0.0,0,
27,2,lateral_maneuver,Lateral Maneuver,stereo,113,3,0.962241530418396,49,49,0.011574074625968933,13.0,0.0,0,
27,2,lateral_maneuver,Lateral Maneuver,stereo,114,3,0.962241530418396,49,49,0.011574074625968933,13.0,0.0,0,
27,2,lateral_maneuver,Lateral Maneuver,stereo,115,3,0.962241530418396,49,49,0.011574074625968933,13.0,0.0,0,
27,2,lateral_maneuver,Lateral Maneuver,stereo,116,3,0.962241530418396,49,49,0.011574074625968933,13.0,0.0,0,
27,2,lateral_maneuver,Lateral Maneuver,stereo,117,3,0.962241530418396,49,49,0.011574074625968933,13.0,0.0,0,
27,2,lateral_maneuver,Lateral Maneuver,stereo,118,3,0.962241530418396,49,49,0.011574074625968933,13.0,0.0,0,
27,2,lateral_maneuver,Lateral Maneuver,stereo,119,3,0.962241530418396,49,49,0.011574074625968933,13.0,0.0,0,
27,2,lateral_maneuver,Lateral Maneuver,stereo,120,3,0.962241530418396,49,49,0.011574074625968933,13.0,0.0,0,
27,2,lateral_maneuver,Lateral Maneuver,stereo,121,3,0.962241530418396,49,49,0.011574074625968933,13.0,0.0,0,
27,2,lateral_maneuver,Lateral Maneuver,stereo,122,3,0.962241530418396,49,49,0.011574074625968933,13.0,0.0,0,
27,2,lateral_maneuver,Lateral Maneuver,stereo,123,3,0.962241530418396,49,49,0.011574074625968933,13.0,0.0,0,
27,2,lateral_maneuver,Lateral Maneuver,stereo,124,3,0.962241530418396,49,49,0.011574074625968933,13.0,0.0,0,
27,2,lateral_maneuver,Lateral Maneuver,stereo,125,3,0.962241530418396,49,49,0.011574074625968933,13.0,0.0,0,
27,2,lateral_maneuver,Lateral Maneuver,stereo,126,3,0.962241530418396,49,49,0.011574074625968933,13.0,0.0,0,
27,2,lateral_maneuver,Lateral Maneuver,stereo,127,3,0.962241530418396,49,49,0.011574074625968933,13.0,0.0,0,
27,2,lateral_maneuver,Lateral Maneuver,stereo,128,3,0.962241530418396,49,49,0.011574074625968933,13.0,0.0,0,
27,2,lateral_maneuver,Lateral Maneuver,stereo,129,3,0.962241530418396,49,49,0.011574074625968933,13.0,0.0,0,
27,2,lateral_maneuver,Lateral Maneuver,stereo,130,3,0.962241530418396,49,49,0.011574074625968933,13.0,0.0,0,
27,2,lateral_maneuver,Lateral Maneuver,stereo,131,3,0.962241530418396,49,49,0.011574074625968933,13.0,0.0,0,
27,2,lateral_maneuver,Lateral Maneuver,stereo,132,3,0.962241530418396,49,49,0.011574074625968933,13.0,0.0,0,
27,2,lateral_maneuver,Lateral Maneuver,stereo,133,3,0.962241530418396,49,49,0.011574074625968933,13.0,0.0,0,
27,2,lateral_maneuver,Lateral Maneuver,stereo,134,3,0.962241530418396,49,49,0.011574074625968933,13.0,0.0,0,
27,2,lateral_maneuver,Lateral Maneuver,stereo,135,3,0.962241530418396,49,49,0.011574074625968933,13.0,0.0,0,
27,2,lateral_maneuver,Lateral Maneuver,stereo,136,3,0.962241530418396,49,49,0.011574074625968933,13.0,0.0,0,
27,2,lateral_maneuver,Lateral Maneuver,stereo,137,3,0.962241530418396,49,49,0.011574074625968933,13.0,0.0,0,
27,2,lateral_maneuver,Lateral Maneuver,stereo,138,3,0.962241530418396,49,49,0.011574074625968933,13.0,0.0,0,
27,2,lateral_maneuver,Lateral Maneuver,stereo,139,3,0.962241530418396,49,49,0.011574074625968933,13.0,0.0,0,
27,2,lateral_maneuver,Lateral Maneuver,stereo,140,3,0.962241530418396,49,49,0.011574074625968933,13.0,0.0,0,
27,2,lateral_maneuver,Lateral Maneuver,stereo,141,3,0.962241530418396,49,49,0.011574074625968933,13.0,0.0,0,
27,2,lateral_maneuver,Lateral Maneuver,stereo,142,3,0.962241530418396,49,49,0.011574074625968933,13.0,0.0,0,
27,2,lateral_maneuver,Lateral Maneuver,stereo,143,3,0.962241530418396,49,49,0.011574074625968933,13.0,0.0,0,
27,2,lateral_maneuver,Lateral Maneuver,stereo,144,3,0.962241530418396,49,49,0.011574074625968933,13.0,0.0,0,
27,2,lateral_maneuver,Lateral Maneuver,stereo,145,3,0.962241530418396,49,49,0.011574074625968933,13.0,0.0,0,
27,2,lateral_maneuver,Lateral Maneuver,stereo,146,3,0.962241530418396,49,49,0.011574074625968933,13.0,0.0,0,
27,2,lateral_maneuver,Lateral Maneuver,stereo,147,3,0.962241530418396,49,49,0.011574074625968933,13.0,0.0,0,
27,2,lateral_maneuver,Lateral Maneuver,stereo,148,3,0.962241530418396,49,49,0.011574074625968933,13.0,0.0,0,
27,2,lateral_maneuver,Lateral Maneuver,stereo,149,3,0.962241530418396,49,49,0.011574074625968933,13.0,0.0,0,
27,2,lateral_maneuver,Lateral Maneuver,stereo,150,3,0.962241530418396,49,49,0.011574074625968933,13.0,0.0,0,
27,2,lateral_maneuver,Lateral Maneuver,stereo,151,3,0.962241530418396,49,49,0.011574074625968933,13.0,0.0,0,
27,2,lateral_maneuver,Lateral Maneuver,stereo,152,3,0.962241530418396,49,49,0.011574074625968933,13.0,0.0,0,
27,2,lateral_maneuver,Lateral Maneuver,stereo,153,3,0.962241530418396,49,49,0.011574074625968933,13.0,0.0,0,
27,2,lateral_maneuver,Lateral Maneuver,stereo,154,3,0.962241530418396,49,49,0.011574074625968933,13.0,0.0,0,
27,2,lateral_maneuver,Lateral Maneuver,stereo,155,3,0.962241530418396,49,49,0.011574074625968933,13.0,0.0,0,
27,2,lateral_maneuver,Lateral Maneuver,stereo,156,3,0.962241530418396,49,49,0.011574074625968933,13.0,0.0,0,
27,2,lateral_maneuver,Lateral Maneuver,stereo,157,3,0.962241530418396,49,49,0.011574074625968933,13.0,0.0,0,
27,2,lateral_maneuver,Lateral Maneuver,stereo,158,3,0.962241530418396,49,49,0.011574074625968933,13.0,0.0,0,
27,2,lateral_maneuver,Lateral Maneuver,stereo,159,3,0.962241530418396,49,49,0.011574074625968933,13.0,0.0,0,
27,2,lateral_maneuver,Lateral Maneuver,stereo,160,3,0.962241530418396,49,49,0.011574074625968933,13.0,0.0,0,
27,2,lateral_maneuver,Lateral Maneuver,stereo,161,3,0.962241530418396,49,49,0.011574074625968933,13.0,0.0,0,
27,2,lateral_maneuver,Lateral Maneuver,stereo,162,3,0.962241530418396,49,49,0.011574074625968933,13.0,0.0,0,
27,2,lateral_maneuver,Lateral Maneuver,stereo,163,3,0.962241530418396,49,49,0.011574074625968933,13.0,0.0,0,
27,2,lateral_maneuver,Lateral Maneuver,stereo,164,3,0.962241530418396,49,49,0.011574074625968933,13.0,0.0,0,
27,2,lateral_maneuver,Lateral Maneuver,stereo,165,3,0.962241530418396,49,49,0.011574074625968933,13.0,0.0,0,
27,2,lateral_maneuver,Lateral Maneuver,stereo,166,3,0.962241530418396,49,49,0.011574074625968933,13.0,0.0,0,
27,2,lateral_maneuver,Lateral Maneuver,stereo,167,3,0.962241530418396,49,49,0.011574074625968933,13.0,0.0,0,
27,2,lateral_maneuver,Lateral Maneuver,stereo,168,3,0.962241530418396,49,49,0.011574074625968933,13.0,0.0,0,
27,2,lateral_maneuver,Lateral Maneuver,stereo,169,3,0.962241530418396,49,49,0.011574074625968933,13.0,0.0,0,
27,2,lateral_maneuver,Lateral Maneuver,stereo,170,3,0.962241530418396,49,49,0.011574074625968933,13.0,0.0,0,
27,2,lateral_maneuver,Lateral Maneuver,stereo,171,3,0.962241530418396,49,49,0.011574074625968933,13.0,0.0,0,
27,2,lateral_maneuver,Lateral Maneuver,stereo,172,3,0.962241530418396,49,49,0.011574074625968933,13.0,0.0,0,
27,2,lateral_maneuver,Lateral Maneuver,stereo,173,3,0.962241530418396,49,49,0.011574074625968933,13.0,0.0,0,
27,2,lateral_maneuver,Lateral Maneuver,stereo,174,3,0.962241530418396,49,49,0.011574074625968933,13.0,0.0,0,
27,2,lateral_maneuver,Lateral Maneuver,stereo,175,3,0.962241530418396,49,49,0.011574074625968933,13.0,0.0,0,
27,2,lateral_maneuver,Lateral Maneuver,stereo,176,3,0.962241530418396,49,49,0.011574074625968933,13.0,0.0,0,
27,2,lateral_maneuver,Lateral Maneuver,stereo,177,3,0.962241530418396,49,49,0.011574074625968933,13.0,0.0,0,
27,2,lateral_maneuver,Lateral Maneuver,stereo,178,3,0.962241530418396,49,49,0.011574074625968933,13.0,0.0,0,
27,2,lateral_maneuver,Lateral Maneuver,stereo,179,3,0.962241530418396,49,49,0.011574074625968933,13.0,0.0,0,
27,2,lateral_maneuver,Lateral Maneuver,stereo,180,3,0.962241530418396,49,49,0.011574074625968933,13.0,0.0,0,
27,2,lateral_maneuver,Lateral Maneuver,stereo,181,3,0.962241530418396,49,49,0.011574074625968933,13.0,0.0,0,
27,2,lateral_maneuver,Lateral Maneuver,stereo,182,3,0.962241530418396,49,49,0.011574074625968933,13.0,0.0,0,
27,2,lateral_maneuver,Lateral Maneuver,stereo,183,3,0.962241530418396,49,49,0.011574074625968933,13.0,0.0,0,
27,2,lateral_maneuver,Lateral Maneuver,stereo,184,3,0.962241530418396,49,49,0.011574074625968933,13.0,0.0,0,
27,2,lateral_maneuver,Lateral Maneuver,stereo,185,3,0.962241530418396,49,49,0.011574074625968933,13.0,0.0,0,
27,2,lateral_maneuver,Lateral Maneuver,stereo,186,3,0.962241530418396,49,49,0.011574074625968933,13.0,0.0,0,
27,2,lateral_maneuver,Lateral Maneuver,stereo,187,3,0.962241530418396,49,49,0.011574074625968933,13.0,0.0,0,
27,2,lateral_maneuver,Lateral Maneuver,stereo,188,3,0.962241530418396,49,49,0.011574074625968933,13.0,0.0,0,
27,2,lateral_maneuver,Lateral Maneuver,stereo,189,3,0.962241530418396,49,49,0.011574074625968933,13.0,0.0,0,
27,2,lateral_maneuver,Lateral Maneuver,stereo,190,3,0.962241530418396,49,49,0.011574074625968933,13.0,0.0,0,
27,2,lateral_maneuver,Lateral Maneuver,stereo,191,3,0.962241530418396,49,49,0.011574074625968933,13.0,0.0,0,
27,2,lateral_maneuver,Lateral Maneuver,stereo,192,3,0.962241530418396,49,49,0.011574074625968933,13.0,0.0,0,
27,2,lateral_maneuver,Lateral Maneuver,stereo,193,3,0.962241530418396,49,49,0.011574074625968933,13.0,0.0,0,
27,2,lateral_maneuver,Lateral Maneuver,stereo,194,3,0.962241530418396,49,49,0.011574074625968933,13.0,0.0,0,
27,2,lateral_maneuver,Lateral Maneuver,stereo,195,3,0.962241530418396,49,49,0.011574074625968933,13.0,0.0,0,
27,2,lateral_maneuver,Lateral Maneuver,stereo,196,3,0.962241530418396,49,49,0.011574074625968933,13.0,0.0,0,
27,2,lateral_maneuver,Lateral Maneuver,stereo,197,3,0.962241530418396,49,49,0.011574074625968933,13.0,0.0,0,
27,2,lateral_maneuver,Lateral Maneuver,stereo,198,3,0.962241530418396,49,49,0.011574074625968933,13.0,0.0,0,
27,2,lateral_maneuver,Lateral Maneuver,stereo,199,3,0.962241530418396,49,49,0.011574074625968933,13.0,0.0,0,
27,2,lateral_maneuver,Lateral Maneuver,stereo,200,3,0.962241530418396,49,49,0.011574074625968933,13.0,0.0,0,
28,2,lateral_maneuver,Lateral Maneuver,mono,1,3,0.9999998807907104,5,3,0.0,51.73973328110612,1.4109957825671273,0,
28,2,lateral_maneuver,Lateral Maneuver,mono,2,3,0.9999998807907104,6,4,0.0,50.32891812864648,1.4108151524596408,0,
28,2,lateral_maneuver,Lateral Maneuver,mono,3,3,0.9999998807907104,7,5,0.0,48.91829923454004,1.4106188941064417,0,
28,2,lateral_maneuver,Lateral Maneuver,mono,4,3,0.9999998807907104,8,6,0.0,47.50789408087881,1.4104051536612232,0,
28,2,lateral_maneuver,Lateral Maneuver,mono,5,3,0.9999998807907104,9,7,0.0,46.09772228646444,1.4101717944143743,0,
28,2,lateral_maneuver,Lateral Maneuver,mono,6,3,0.9999998807907104,10,8,0.0,44.68780594300866,1.4099163434557767,0,
28,2,lateral_maneuver,Lateral Maneuver,mono,7,3,0.9999998807907104,11,9,0.0,43.278170016764804,1.4096359262438583,0,
28,2,lateral_maneuver,Lateral Maneuver,mono,8,3,0.9999998807907104,12,10,0.0,41.86884283091664,1.4093271858481629,0,
28,2,lateral_maneuver,Lateral Maneuver,mono,9,3,0.9999997615814209,13,11,0.0,40.45985664828782,1.4089861826288228,0,
28,2,lateral_maneuver,Lateral Maneuver,mono,10,3,0.9999997615814209,14,12,0.0,39.05124837953327,1.4086082687545485,0,
28,2,lateral_maneuver,Lateral Maneuver,mono,11,3,0.9999997615814209,15,13,0.0,37.64306044943742,1.408187930095849,0,
28,2,lateral_maneuver,Lateral Maneuver,mono,12,3,0.9999997615814209,16,14,0.0,36.235341863986875,1.4077185854505458,0,
28,2,lateral_maneuver,Lateral Maneuver,mono,13,3,0.9999997615814209,17,15,0.0,34.828149534535996,1.4071923294508792,0,
28,2,lateral_maneuver,Lateral Maneuver,mono,14,3,0.9999996423721313,18,16,0.0,33.421549934136806,1.4065996003991899,0,
28,2,lateral_maneuver,Lateral Maneuver,mono,15,3,0.9999996423721313,19,17,0.0,32.01562118716424,1.4059287469725632,0,
28,2,lateral_maneuver,Lateral Maneuver,mono,16,3,0.9999996423721313,20,18,0.0,30.610455730027933,1.4051654571363095,0,
28,2,lateral_maneuver,Lateral Maneuver,mono,17,3,0.9999996423721313,21,19,0.0,29.206163733020468,1.4042919970074657,0,
28,2,lateral_maneuver,Lateral Maneuver,mono,18,3,0.9999996423721313,22,20,0.0,27.80287754891569,1.403286184104779,0,
28,2,lateral_maneuver,Lateral Maneuver,mono,19,3,0.9999996423721313,23,21,0.0,26.40075756488817,1.402119984027518,0,
28,2,lateral_maneuver,Lateral Maneuver,mono,20,3,0.9999996423721313,24,22,0.0,25.0,1.4007575648881705,0,
28,2,lateral_maneuver,Lateral Maneuver,mono,21,3,0.9999996423721313,25,23,0.0,23.600847442411894,1.3991525575881063,0,
28,2,lateral_maneuver,Lateral Maneuver,mono,22,3,0.9999996423721313,26,24,0.0,22.20360331117452,1.3972441312373753,0,
28,2,lateral_maneuver,Lateral Maneuver,mono,23,3,0.9999996423721313,27,25,0.0,20.808652046684813,1.3949512644897055,0,
28,2,lateral_maneuver,Lateral Maneuver,mono,24,3,0.9999996423721313,28,26,0.0,19.4164878389476,1.3921642077372134,0,
28,2,lateral_maneuver,Lateral Maneuver,mono,25,3,0.9999996423721313,29,27,0.0,18.027756377319946,1.3887314616276534,0,
28,2,lateral_maneuver,Lateral Maneuver,mono,26,3,0.9999996423721313,30,28,0.0,16.64331697709324,1.3844394002267073,0,
28,2,lateral_maneuver,Lateral Maneuver,mono,27,3,0.9999996423721313,31,29,0.0,15.264337522473747,1.3789794546194916,0,
28,2,lateral_maneuver,Lateral Maneuver,mono,28,3,0.9999996423721313,32,30,0.0,13.892443989449804,1.3718935330239432,0,
28,2,lateral_maneuver,Lateral Maneuver,mono,29,3,0.9999996423721313,33,31,0.0,12.529964086141668,1.3624799033081363,0,
28,2,lateral_maneuver,Lateral Maneuver,mono,30,3,0.9999996423721313,34,32,0.0,11.180339887498949,1.3496241986427187,0,
28,2,lateral_maneuver,Lateral Maneuver,mono,31,3,0.9999996423721313,35,33,0.0,9.848857801796104,1.331482085702845,0,
28,2,lateral_maneuver,Lateral Maneuver,mono,32,3,0.9999997615814209,36,34,0.0,8.54400374531753,1.3048540564785736,0,
28,2,lateral_maneuver,Lateral Maneuver,mono,33,3,0.9999997615814209,37,35,0.0,7.280109889280518,1.2638938560370123,0,
28,2,lateral_maneuver,Lateral Maneuver,mono,34,3,0.9999997615814209,38,36,0.0,6.082762530298219,1.1973473589822987,0,
28,2,lateral_maneuver,Lateral Maneuver,mono,35,3,0.9999997615814209,39,37,0.0,5.0,1.0827625302982193,0,
28,2,lateral_maneuver,Lateral Maneuver,mono,36,3,0.9999997615814209,40,38,0.0,4.123105625617661,0.8768943743823394,0,
28,2,lateral_maneuver,Lateral Maneuver,mono,37,3,0.9999997615814209,41,39,0.19772377610206604,3.605551275463989,0.5175543501536715,0,
28,2,lateral_maneuver,Lateral Maneuver,mono,38,3,0.9999997615814209,42,40,0.9999999403953552,3.605551275463989,0.0,1,collision_risk
29,2,stress_density,Stress Density,stereo,1,3,1.0,5,3,0.0,22.80350850198276,1.2381220583598562,0,
29,2,stress_density,Stress Density,stereo,2,3,1.0,6,4,0.0,21.587033144922902,1.2164753570598563,0,
29,2,stress_density,Stress Density,stereo,3,3,1.0,7,5,0.0,20.396078054371138,1.190955090551764,0,
29,2,stress_density,Stress Density,stereo,4,3,1.0,8,6,0.0,19.235384061671343,1.1606939926997946,0,
29,2,stress_density,Stress Density,stereo,5,3,1.0,9,7,0.0,18.110770276274835,1.1246137853965088,0,
29,2,stress_density,Stress Density,stereo,6,3,1.0,10,8,0.0,17.029386365926403,1.081383910348432,0,
29,2,stress_density,Stress Density,stereo,7,3,1.0,11,9,0.0,16.0,1.0293863659264026,0,
29,2,stress_density,Stress Density,stereo,8,3,1.0,12,10,0.9999999403953552,15.033296378372908,0.9667036216270919,1,collision_risk
30,2,stress_density,Stress Density,mono,1,3,1.0,5,3,0.0,22.80350850198276,1.2381220583598562,0,
30,2,stress_density,Stress Density,mono,2,3,1.0,6,4,0.0,21.587033144922902,1.2164753570598563,0,
30,2,stress_density,Stress Density,mono,3,3,1.0,7,5,0.0,20.396078054371138,1.190955090551764,0,
30,2,stress_density,Stress Density,mono,4,3,1.0,8,6,0.0,19.235384061671343,1.1606939926997946,0,
30,2,stress_density,Stress Density,mono,5,3,1.0,9,7,0.0,18.110770276274835,1.1246137853965088,0,
30,2,stress_density,Stress Density,mono,6,3,1.0,10,8,0.0,17.029386365926403,1.081383910348432,0,
30,2,stress_density,Stress Density,mono,7,3,1.0,11,9,0.0,16.0,1.0293863659264026,0,
30,2,stress_density,Stress Density,mono,8,3,1.0,12,10,0.0,15.033296378372908,0.9667036216270919,0,
30,2,stress_density,Stress Density,mono,9,3,1.0,13,11,0.0,14.142135623730951,0.8911607546419571,0,
30,2,stress_density,Stress Density,mono,10,3,1.0,14,12,0.0,13.341664064126334,0.8004715596046168,0,
30,2,stress_density,Stress Density,mono,11,3,1.0,15,13,0.0,12.649110640673518,0.6925534234528161,0,
30,2,stress_density,Stress Density,mono,12,3,1.0,16,14,0.0,12.083045973594572,0.5660646670789458,0,
30,2,stress_density,Stress Density,mono,13,3,1.0,17,15,0.0,11.661903789690601,0.42114218390397085,0,
30,2,stress_density,Stress Density,mono,14,3,1.0,18,16,0.0,11.40175425099138,0.2601495386992223,0,
30,2,stress_density,Stress Density,mono,15,3,1.0,19,17,0.0,11.313708498984761,0.08804575200661802,0,
30,2,stress_density,Stress Density,mono,16,3,1.0,20,18,0.0,11.40175425099138,-0.08804575200661802,0,
30,2,stress_density,Stress Density,mono,17,3,1.0,21,19,0.0,11.661903789690601,-0.2601495386992223,0,
30,2,stress_density,Stress Density,mono,18,3,1.0,22,20,0.0,12.083045973594572,-0.42114218390397085,0,
30,2,stress_density,Stress Density,mono,19,3,1.0,23,21,0.0,12.649110640673518,-0.5660646670789458,0,
30,2,stress_density,Stress Density,mono,20,3,1.0,24,22,0.0,13.341664064126334,-0.6925534234528161,0,
30,2,stress_density,Stress Density,mono,21,3,1.0,25,23,0.0,14.142135623730951,-0.8004715596046168,0,
30,2,stress_density,Stress Density,mono,22,3,1.0,26,24,0.0,15.033296378372908,-0.8911607546419571,0,
30,2,stress_density,Stress Density,mono,23,3,1.0,27,25,0.0,16.0,-0.9667036216270919,0,
30,2,stress_density,Stress Density,mono,24,3,1.0,28,26,0.0,17.029386365926403,-1.0293863659264026,0,
30,2,stress_density,Stress Density,mono,25,3,1.0,29,27,0.287422776222229,18.110770276274835,-1.081383910348432,0,
30,2,stress_density,Stress Density,mono,26,3,1.0,30,28,1.0,19.235384061671343,-1.1246137853965088,1,collision_risk
31,3,baseline_open,Baseline Open,stereo,1,3,0.9903627038002014,3,2,0.0,56.22277118748239,1.40534694941325,0,
31,3,baseline_open,Baseline Open,stereo,2,3,0.9893292784690857,4,3,0.0,54.817880294662984,1.4048908928194024,0,
31,3,baseline_open,Baseline Open,stereo,3,3,0.9882472157478333,5,4,0.0,53.41348144429457,1.4043988503684162,0,
31,3,baseline_open,Baseline Open,stereo,4,3,0.9871535897254944,6,5,0.0,52.009614495783374,1.4038669485111939,0,
31,3,baseline_open,Baseline Open,stereo,5,3,0.9860585331916809,7,6,0.0,50.60632371551998,1.4032907802633972,0,
31,3,baseline_open,Baseline Open,stereo,6,3,0.984916627407074,8,7,0.0,49.20365840057018,1.4026653149498003,0,
31,3,baseline_open,Baseline Open,stereo,7,3,0.983749508857727,9,8,0.0,47.80167361086848,1.4019847897017002,0,
31,3,baseline_open,Baseline Open,stereo,8,3,0.9825138449668884,10,9,0.0,46.400431032480725,1.4012425783877518,0,
31,3,baseline_open,Baseline Open,stereo,9,3,0.9812656044960022,11,10,0.0,45.0,1.400431032480725,0,
31,3,baseline_open,Baseline Open,stereo,10,3,0.9799760580062866,12,11,0.2096836119890213,43.60045871318328,1.3995412868167207,0,
31,3,baseline_open,Baseline Open,stereo,11,3,0.9786491990089417,13,12,0.5773533582687378,42.20189569201838,1.3985630211648967,0,
31,3,baseline_open,Baseline Open,stereo,12,3,0.9773160815238953,14,13,0.31828704476356506,40.80441152620633,1.3974841658120525,0,
31,3,baseline_open,Baseline Open,stereo,13,3,0.9760187864303589,15,14,0.03954475000500679,39.408120990476064,1.396290535730266,0,
31,3,baseline_open,Baseline Open,stereo,14,3,0.9747896790504456,16,15,0.032021600753068924,38.01315561749642,1.394965372979641,0,
31,3,baseline_open,Baseline Open,stereo,15,3,0.9735559821128845,17,16,0.7154706716537476,36.61966684720111,1.3934887702953134,0,
31,3,baseline_open,Baseline Open,stereo,16,3,0.9722837209701538,18,17,0.5177468657493591,35.22782990761707,1.3918369395840386,0,
31,3,baseline_open,Baseline Open,stereo,17,3,0.9710550904273987,19,18,0.5927854180335999,33.83784863137726,1.3899812762398085,0,
31,3,baseline_open,Baseline Open,stereo,18,3,0.9698895812034607,20,19,0.6259645223617554,32.449961479175904,1.3878871522013583,0,
31,3,baseline_open,Baseline Open,stereo,19,3,0.968776524066925,21,20,0.186728373169899,31.064449134018133,1.385512345157771,0,
31,3,baseline_open,Baseline Open,stereo,20,3,0.967762291431427,22,21,0.41010797023773193,29.68164415931166,1.382804974706474,0,
31,3,baseline_open,Baseline Open,stereo,21,3,0.9667983055114746,23,22,0.5266203880310059,28.30194339616981,1.379700763141848,0,
31,3,baseline_open,Baseline Open,stereo,22,3,0.9658949375152588,24,23,0.4762731194496155,26.92582403567252,1.3761193604972917,0,
31,3,baseline_open,Baseline Open,stereo,23,3,0.9650242924690247,25,24,0.5360724329948425,25.553864678361276,1.371959357311244,0,
31,3,baseline_open,Baseline Open,stereo,24,3,0.9641352295875549,26,25,0.68248450756073,24.186773244895647,1.3670914334656281,0,
31,3,baseline_open,Baseline Open,stereo,25,3,0.9632736444473267,27,26,0.10570986568927765,22.825424421026653,1.361348823868994,0,
31,3,baseline_open,Baseline Open,stereo,26,3,0.9623828530311584,28,27,0.4687499701976776,21.470910553583888,1.3545138674427655,0,
31,3,baseline_open,Baseline Open,stereo,27,3,0.9614389538764954,29,28,0.0038580247201025486,20.12461179749811,1.3462987560857798,0,
31,3,baseline_open,Baseline Open,stereo,28,3,0.9603558778762817,30,29,0.0,18.788294228055936,1.3363175694421727,0,
31,3,baseline_open,Baseline Open,stereo,29,3,0.9593689441680908,31,30,0.0,17.46424919657298,1.3240450314829566,0,
31,3,baseline_open,Baseline Open,stereo,30,3,0.9584061503410339,32,31,0.0,16.15549442140351,1.3087547751694686,0,
31,3,baseline_open,Baseline Open,stereo,31,3,0.9574238657951355,33,32,0.0,14.866068747318506,1.2894256740850043,0,
31,3,baseline_open,Baseline Open,stereo,32,3,0.9562504887580872,34,33,0.0,13.601470508735444,1.264598238583062,0,
31,3,baseline_open,Baseline Open,stereo,33,3,0.9551857113838196,35,34,0.63059401512146,12.36931687685298,1.232153631882463,0,
31,3,baseline_open,Baseline Open,stereo,34,3,0.9542525410652161,36,35,0.3410493731498718,11.180339887498949,1.1889769893540318,0,
31,3,baseline_open,Baseline Open,stereo,35,3,0.9534580707550049,37,36,0.9193671345710754,10.04987562112089,1.130464266378059,0,
31,3,baseline_open,Baseline Open,stereo,36,3,0.9527730941772461,38,37,0.6217206716537476,9.0,1.04987562112089,0,
31,3,baseline_open,Baseline Open,stereo,37,3,0.9520524144172668,39,38,0.48804008960723877,8.06225774829855,0.9377422517014509,0,
31,3,baseline_open,Baseline Open,stereo,38,3,0.9513462781906128,40,39,0.6626157760620117,7.280109889280518,0.7821478590180311,0,
31,3,baseline_open,Baseline Open,stereo,39,3,0.9504561424255371,41,40,0.23726850748062134,6.708203932499369,0.5719059567811486,0,
31,3,baseline_open,Baseline Open,stereo,40,3,0.9496228098869324,42,41,0.0,6.4031242374328485,0.3050796950665209,0,
31,3,baseline_open,Baseline Open,stereo,41,3,0.9491114616394043,43,42,0.0,6.4031242374328485,0.0,0,
31,3,baseline_open,Baseline Open,stereo,42,3,0.9488621950149536,44,43,0.0,6.708203932499369,-0.3050796950665209,0,
31,3,baseline_open,Baseline Open,stereo,43,3,0.9489395022392273,45,44,0.3481867015361786,7.280109889280518,-0.5719059567811486,0,
31,3,baseline_open,Baseline Open,stereo,44,3,0.9492281079292297,46,45,0.12827931344509125,8.06225774829855,-0.7821478590180311,0,
31,3,baseline_open,Baseline Open,stereo,45,3,0.9497109651565552,47,46,0.0,9.0,-0.9377422517014509,0,
31,3,baseline_open,Baseline Open,stereo,46,3,0.9502801895141602,48,47,0.540123462677002,10.04987562112089,-1.04987562112089,0,
31,3,baseline_open,Baseline Open,stereo,47,3,0.9509098529815674,49,48,0.4589119553565979,11.180339887498949,-1.130464266378059,0,
31,3,baseline_open,Baseline Open,stereo,48,3,0.951366662979126,49,49,0.06925153732299805,11.40175425099138,-0.22141436349243016,0,
31,3,baseline_open,Baseline Open,stereo,49,3,0.9521353840827942,49,49,0.06925153732299805,11.40175425099138,0.0,0,
31,3,baseline_open,Baseline Open,stereo,50,3,0.9521353840827942,49,49,0.06925153732299805,11.40175425099138,0.0,0,
31,3,baseline_open,Baseline Open,stereo,51,3,0.9521353840827942,49,49,0.06925153732299805,11.40175425099138,0.0,0,
31,3,baseline_open,Baseline Open,stereo,52,3,0.9521353840827942,49,49,0.06925153732299805,11.40175425099138,0.0,0,
31,3,baseline_open,Baseline Open,stereo,53,3,0.9521353840827942,49,49,0.06925153732299805,11.40175425099138,0.0,0,
31,3,baseline_open,Baseline Open,stereo,54,3,0.9521353840827942,49,49,0.06925153732299805,11.40175425099138,0.0,0,
31,3,baseline_open,Baseline Open,stereo,55,3,0.9521353840827942,49,49,0.06925153732299805,11.40175425099138,0.0,0,
31,3,baseline_open,Baseline Open,stereo,56,3,0.9521353840827942,49,49,0.06925153732299805,11.40175425099138,0.0,0,
31,3,baseline_open,Baseline Open,stereo,57,3,0.9521353840827942,49,49,0.06925153732299805,11.40175425099138,0.0,0,
31,3,baseline_open,Baseline Open,stereo,58,3,0.9521353840827942,49,49,0.06925153732299805,11.40175425099138,0.0,0,
31,3,baseline_open,Baseline Open,stereo,59,3,0.9521353840827942,49,49,0.06925153732299805,11.40175425099138,0.0,0,
31,3,baseline_open,Baseline Open,stereo,60,3,0.9521353840827942,49,49,0.06925153732299805,11.40175425099138,0.0,0,
31,3,baseline_open,Baseline Open,stereo,61,3,0.9521353840827942,49,49,0.06925153732299805,11.40175425099138,0.0,0,
31,3,baseline_open,Baseline Open,stereo,62,3,0.9521353840827942,49,49,0.06925153732299805,11.40175425099138,0.0,0,
31,3,baseline_open,Baseline Open,stereo,63,3,0.9521353840827942,49,49,0.06925153732299805,11.40175425099138,0.0,0,
31,3,baseline_open,Baseline Open,stereo,64,3,0.9521353840827942,49,49,0.06925153732299805,11.40175425099138,0.0,0,
31,3,baseline_open,Baseline Open,stereo,65,3,0.9521353840827942,49,49,0.06925153732299805,11.40175425099138,0.0,0,
31,3,baseline_open,Baseline Open,stereo,66,3,0.9521353840827942,49,49,0.06925153732299805,11.40175425099138,0.0,0,
31,3,baseline_open,Baseline Open,stereo,67,3,0.9521353840827942,49,49,0.06925153732299805,11.40175425099138,0.0,0,
31,3,baseline_open,Baseline Open,stereo,68,3,0.9521353840827942,49,49,0.06925153732299805,11.40175425099138,0.0,0,
31,3,baseline_open,Baseline Open,stereo,69,3,0.9521353840827942,49,49,0.06925153732299805,11.40175425099138,0.0,0,
31,3,baseline_open,Baseline Open,stereo,70,3,0.9521353840827942,49,49,0.06925153732299805,11.40175425099138,0.0,0,
31,3,baseline_open,Baseline Open,stereo,71,3,0.9521353840827942,49,49,0.06925153732299805,11.40175425099138,0.0,0,
31,3,baseline_open,Baseline Open,stereo,72,3,0.9521353840827942,49,49,0.06925153732299805,11.40175425099138,0.0,0,
31,3,baseline_open,Baseline Open,stereo,73,3,0.9521353840827942,49,49,0.06925153732299805,11.40175425099138,0.0,0,
31,3,baseline_open,Baseline Open,stereo,74,3,0.9521353840827942,49,49,0.06925153732299805,11.40175425099138,0.0,0,
31,3,baseline_open,Baseline Open,stereo,75,3,0.9521353840827942,49,49,0.06925153732299805,11.40175425099138,0.0,0,
31,3,baseline_open,Baseline Open,stereo,76,3,0.9521353840827942,49,49,0.06925153732299805,11.40175425099138,0.0,0,
31,3,baseline_open,Baseline Open,stereo,77,3,0.9521353840827942,49,49,0.06925153732299805,11.40175425099138,0.0,0,
31,3,baseline_open,Baseline Open,stereo,78,3,0.9521353840827942,49,49,0.06925153732299805,11.40175425099138,0.0,0,
31,3,baseline_open,Baseline Open,stereo,79,3,0.9521353840827942,49,49,0.06925153732299805,11.40175425099138,0.0,0,
31,3,baseline_open,Baseline Open,stereo,80,3,0.9521353840827942,49,49,0.06925153732299805,11.40175425099138,0.0,0,
31,3,baseline_open,Baseline Open,stereo,81,3,0.9521353840827942,49,49,0.06925153732299805,11.40175425099138,0.0,0,
31,3,baseline_open,Baseline Open,stereo,82,3,0.9521353840827942,49,49,0.06925153732299805,11.40175425099138,0.0,0,
31,3,baseline_open,Baseline Open,stereo,83,3,0.9521353840827942,49,49,0.06925153732299805,11.40175425099138,0.0,0,
31,3,baseline_open,Baseline Open,stereo,84,3,0.9521353840827942,49,49,0.06925153732299805,11.40175425099138,0.0,0,
31,3,baseline_open,Baseline Open,stereo,85,3,0.9521353840827942,49,49,0.06925153732299805,11.40175425099138,0.0,0,
31,3,baseline_open,Baseline Open,stereo,86,3,0.9521353840827942,49,49,0.06925153732299805,11.40175425099138,0.0,0,
31,3,baseline_open,Baseline Open,stereo,87,3,0.9521353840827942,49,49,0.06925153732299805,11.40175425099138,0.0,0,
31,3,baseline_open,Baseline Open,stereo,88,3,0.9521353840827942,49,49,0.06925153732299805,11.40175425099138,0.0,0,
31,3,baseline_open,Baseline Open,stereo,89,3,0.9521353840827942,49,49,0.06925153732299805,11.40175425099138,0.0,0,
31,3,baseline_open,Baseline Open,stereo,90,3,0.9521353840827942,49,49,0.06925153732299805,11.40175425099138,0.0,0,
31,3,baseline_open,Baseline Open,stereo,91,3,0.9521353840827942,49,49,0.06925153732299805,11.40175425099138,0.0,0,
31,3,baseline_open,Baseline Open,stereo,92,3,0.9521353840827942,49,49,0.06925153732299805,11.40175425099138,0.0,0,
31,3,baseline_open,Baseline Open,stereo,93,3,0.9521353840827942,49,49,0.06925153732299805,11.40175425099138,0.0,0,
31,3,baseline_open,Baseline Open,stereo,94,3,0.9521353840827942,49,49,0.06925153732299805,11.40175425099138,0.0,0,
31,3,baseline_open,Baseline Open,stereo,95,3,0.9521353840827942,49,49,0.06925153732299805,11.40175425099138,0.0,0,
31,3,baseline_open,Baseline Open,stereo,96,3,0.9521353840827942,49,49,0.06925153732299805,11.40175425099138,0.0,0,
31,3,baseline_open,Baseline Open,stereo,97,3,0.9521353840827942,49,49,0.06925153732299805,11.40175425099138,0.0,0,
31,3,baseline_open,Baseline Open,stereo,98,3,0.9521353840827942,49,49,0.06925153732299805,11.40175425099138,0.0,0,
31,3,baseline_open,Baseline Open,stereo,99,3,0.9521353840827942,49,49,0.06925153732299805,11.40175425099138,0.0,0,
31,3,baseline_open,Baseline Open,stereo,100,3,0.9521353840827942,49,49,0.06925153732299805,11.40175425099138,0.0,0,
31,3,baseline_open,Baseline Open,stereo,101,3,0.9521353840827942,49,49,0.06925153732299805,11.40175425099138,0.0,0,
31,3,baseline_open,Baseline Open,stereo,102,3,0.9521353840827942,49,49,0.06925153732299805,11.40175425099138,0.0,0,
31,3,baseline_open,Baseline Open,stereo,103,3,0.9521353840827942,49,49,0.06925153732299805,11.40175425099138,0.0,0,
31,3,baseline_open,Baseline Open,stereo,104,3,0.9521353840827942,49,49,0.06925153732299805,11.40175425099138,0.0,0,
31,3,baseline_open,Baseline Open,stereo,105,3,0.9521353840827942,49,49,0.06925153732299805,11.40175425099138,0.0,0,
31,3,baseline_open,Baseline Open,stereo,106,3,0.9521353840827942,49,49,0.06925153732299805,11.40175425099138,0.0,0,
31,3,baseline_open,Baseline Open,stereo,107,3,0.9521353840827942,49,49,0.06925153732299805,11.40175425099138,0.0,0,
31,3,baseline_open,Baseline Open,stereo,108,3,0.9521353840827942,49,49,0.06925153732299805,11.40175425099138,0.0,0,
31,3,baseline_open,Baseline Open,stereo,109,3,0.9521353840827942,49,49,0.06925153732299805,11.40175425099138,0.0,0,
31,3,baseline_open,Baseline Open,stereo,110,3,0.9521353840827942,49,49,0.06925153732299805,11.40175425099138,0.0,0,
31,3,baseline_open,Baseline Open,stereo,111,3,0.9521353840827942,49,49,0.06925153732299805,11.40175425099138,0.0,0,
31,3,baseline_open,Baseline Open,stereo,112,3,0.9521353840827942,49,49,0.06925153732299805,11.40175425099138,0.0,0,
31,3,baseline_open,Baseline Open,stereo,113,3,0.9521353840827942,49,49,0.06925153732299805,11.40175425099138,0.0,0,
31,3,baseline_open,Baseline Open,stereo,114,3,0.9521353840827942,49,49,0.06925153732299805,11.40175425099138,0.0,0,
31,3,baseline_open,Baseline Open,stereo,115,3,0.9521353840827942,49,49,0.06925153732299805,11.40175425099138,0.0,0,
31,3,baseline_open,Baseline Open,stereo,116,3,0.9521353840827942,49,49,0.06925153732299805,11.40175425099138,0.0,0,
31,3,baseline_open,Baseline Open,stereo,117,3,0.9521353840827942,49,49,0.06925153732299805,11.40175425099138,0.0,0,
31,3,baseline_open,Baseline Open,stereo,118,3,0.9521353840827942,49,49,0.06925153732299805,11.40175425099138,0.0,0,
31,3,baseline_open,Baseline Open,stereo,119,3,0.9521353840827942,49,49,0.06925153732299805,11.40175425099138,0.0,0,
31,3,baseline_open,Baseline Open,stereo,120,3,0.9521353840827942,49,49,0.06925153732299805,11.40175425099138,0.0,0,
31,3,baseline_open,Baseline Open,stereo,121,3,0.9521353840827942,49,49,0.06925153732299805,11.40175425099138,0.0,0,
31,3,baseline_open,Baseline Open,stereo,122,3,0.9521353840827942,49,49,0.06925153732299805,11.40175425099138,0.0,0,
31,3,baseline_open,Baseline Open,stereo,123,3,0.9521353840827942,49,49,0.06925153732299805,11.40175425099138,0.0,0,
31,3,baseline_open,Baseline Open,stereo,124,3,0.9521353840827942,49,49,0.06925153732299805,11.40175425099138,0.0,0,
31,3,baseline_open,Baseline Open,stereo,125,3,0.9521353840827942,49,49,0.06925153732299805,11.40175425099138,0.0,0,
31,3,baseline_open,Baseline Open,stereo,126,3,0.9521353840827942,49,49,0.06925153732299805,11.40175425099138,0.0,0,
31,3,baseline_open,Baseline Open,stereo,127,3,0.9521353840827942,49,49,0.06925153732299805,11.40175425099138,0.0,0,
31,3,baseline_open,Baseline Open,stereo,128,3,0.9521353840827942,49,49,0.06925153732299805,11.40175425099138,0.0,0,
31,3,baseline_open,Baseline Open,stereo,129,3,0.9521353840827942,49,49,0.06925153732299805,11.40175425099138,0.0,0,
31,3,baseline_open,Baseline Open,stereo,130,3,0.9521353840827942,49,49,0.06925153732299805,11.40175425099138,0.0,0,
31,3,baseline_open,Baseline Open,stereo,131,3,0.9521353840827942,49,49,0.06925153732299805,11.40175425099138,0.0,0,
31,3,baseline_open,Baseline Open,stereo,132,3,0.9521353840827942,49,49,0.06925153732299805,11.40175425099138,0.0,0,
31,3,baseline_open,Baseline Open,stereo,133,3,0.9521353840827942,49,49,0.06925153732299805,11.40175425099138,0.0,0,
31,3,baseline_open,Baseline Open,stereo,134,3,0.9521353840827942,49,49,0.06925153732299805,11.40175425099138,0.0,0,
31,3,baseline_open,Baseline Open,stereo,135,3,0.9521353840827942,49,49,0.06925153732299805,11.40175425099138,0.0,0,
31,3,baseline_open,Baseline Open,stereo,136,3,0.9521353840827942,49,49,0.06925153732299805,11.40175425099138,0.0,0,
31,3,baseline_open,Baseline Open,stereo,137,3,0.9521353840827942,49,49,0.06925153732299805,11.40175425099138,0.0,0,
31,3,baseline_open,Baseline Open,stereo,138,3,0.9521353840827942,49,49,0.06925153732299805,11.40175425099138,0.0,0,
31,3,baseline_open,Baseline Open,stereo,139,3,0.9521353840827942,49,49,0.06925153732299805,11.40175425099138,0.0,0,
31,3,baseline_open,Baseline Open,stereo,140,3,0.9521353840827942,49,49,0.06925153732299805,11.40175425099138,0.0,0,
31,3,baseline_open,Baseline Open,stereo,141,3,0.9521353840827942,49,49,0.06925153732299805,11.40175425099138,0.0,0,
31,3,baseline_open,Baseline Open,stereo,142,3,0.9521353840827942,49,49,0.06925153732299805,11.40175425099138,0.0,0,
31,3,baseline_open,Baseline Open,stereo,143,3,0.9521353840827942,49,49,0.06925153732299805,11.40175425099138,0.0,0,
31,3,baseline_open,Baseline Open,stereo,144,3,0.9521353840827942,49,49,0.06925153732299805,11.40175425099138,0.0,0,
31,3,baseline_open,Baseline Open,stereo,145,3,0.9521353840827942,49,49,0.06925153732299805,11.40175425099138,0.0,0,
31,3,baseline_open,Baseline Open,stereo,146,3,0.9521353840827942,49,49,0.06925153732299805,11.40175425099138,0.0,0,
31,3,baseline_open,Baseline Open,stereo,147,3,0.9521353840827942,49,49,0.06925153732299805,11.40175425099138,0.0,0,
31,3,baseline_open,Baseline Open,stereo,148,3,0.9521353840827942,49,49,0.06925153732299805,11.40175425099138,0.0,0,
31,3,baseline_open,Baseline Open,stereo,149,3,0.9521353840827942,49,49,0.06925153732299805,11.40175425099138,0.0,0,
31,3,baseline_open,Baseline Open,stereo,150,3,0.9521353840827942,49,49,0.06925153732299805,11.40175425099138,0.0,0,
31,3,baseline_open,Baseline Open,stereo,151,3,0.9521353840827942,49,49,0.06925153732299805,11.40175425099138,0.0,0,
31,3,baseline_open,Baseline Open,stereo,152,3,0.9521353840827942,49,49,0.06925153732299805,11.40175425099138,0.0,0,
31,3,baseline_open,Baseline Open,stereo,153,3,0.9521353840827942,49,49,0.06925153732299805,11.40175425099138,0.0,0,
31,3,baseline_open,Baseline Open,stereo,154,3,0.9521353840827942,49,49,0.06925153732299805,11.40175425099138,0.0,0,
31,3,baseline_open,Baseline Open,stereo,155,3,0.9521353840827942,49,49,0.06925153732299805,11.40175425099138,0.0,0,
31,3,baseline_open,Baseline Open,stereo,156,3,0.9521353840827942,49,49,0.06925153732299805,11.40175425099138,0.0,0,
31,3,baseline_open,Baseline Open,stereo,157,3,0.9521353840827942,49,49,0.06925153732299805,11.40175425099138,0.0,0,
31,3,baseline_open,Baseline Open,stereo,158,3,0.9521353840827942,49,49,0.06925153732299805,11.40175425099138,0.0,0,
31,3,baseline_open,Baseline Open,stereo,159,3,0.9521353840827942,49,49,0.06925153732299805,11.40175425099138,0.0,0,
31,3,baseline_open,Baseline Open,stereo,160,3,0.9521353840827942,49,49,0.06925153732299805,11.40175425099138,0.0,0,
31,3,baseline_open,Baseline Open,stereo,161,3,0.9521353840827942,49,49,0.06925153732299805,11.40175425099138,0.0,0,
31,3,baseline_open,Baseline Open,stereo,162,3,0.9521353840827942,49,49,0.06925153732299805,11.40175425099138,0.0,0,
31,3,baseline_open,Baseline Open,stereo,163,3,0.9521353840827942,49,49,0.06925153732299805,11.40175425099138,0.0,0,
31,3,baseline_open,Baseline Open,stereo,164,3,0.9521353840827942,49,49,0.06925153732299805,11.40175425099138,0.0,0,
31,3,baseline_open,Baseline Open,stereo,165,3,0.9521353840827942,49,49,0.06925153732299805,11.40175425099138,0.0,0,
31,3,baseline_open,Baseline Open,stereo,166,3,0.9521353840827942,49,49,0.06925153732299805,11.40175425099138,0.0,0,
31,3,baseline_open,Baseline Open,stereo,167,3,0.9521353840827942,49,49,0.06925153732299805,11.40175425099138,0.0,0,
31,3,baseline_open,Baseline Open,stereo,168,3,0.9521353840827942,49,49,0.06925153732299805,11.40175425099138,0.0,0,
31,3,baseline_open,Baseline Open,stereo,169,3,0.9521353840827942,49,49,0.06925153732299805,11.40175425099138,0.0,0,
31,3,baseline_open,Baseline Open,stereo,170,3,0.9521353840827942,49,49,0.06925153732299805,11.40175425099138,0.0,0,
31,3,baseline_open,Baseline Open,stereo,171,3,0.9521353840827942,49,49,0.06925153732299805,11.40175425099138,0.0,0,
31,3,baseline_open,Baseline Open,stereo,172,3,0.9521353840827942,49,49,0.06925153732299805,11.40175425099138,0.0,0,
31,3,baseline_open,Baseline Open,stereo,173,3,0.9521353840827942,49,49,0.06925153732299805,11.40175425099138,0.0,0,
31,3,baseline_open,Baseline Open,stereo,174,3,0.9521353840827942,49,49,0.06925153732299805,11.40175425099138,0.0,0,
31,3,baseline_open,Baseline Open,stereo,175,3,0.9521353840827942,49,49,0.06925153732299805,11.40175425099138,0.0,0,
31,3,baseline_open,Baseline Open,stereo,176,3,0.9521353840827942,49,49,0.06925153732299805,11.40175425099138,0.0,0,
31,3,baseline_open,Baseline Open,stereo,177,3,0.9521353840827942,49,49,0.06925153732299805,11.40175425099138,0.0,0,
31,3,baseline_open,Baseline Open,stereo,178,3,0.9521353840827942,49,49,0.06925153732299805,11.40175425099138,0.0,0,
31,3,baseline_open,Baseline Open,stereo,179,3,0.9521353840827942,49,49,0.06925153732299805,11.40175425099138,0.0,0,
31,3,baseline_open,Baseline Open,stereo,180,3,0.9521353840827942,49,49,0.06925153732299805,11.40175425099138,0.0,0,
31,3,baseline_open,Baseline Open,stereo,181,3,0.9521353840827942,49,49,0.06925153732299805,11.40175425099138,0.0,0,
31,3,baseline_open,Baseline Open,stereo,182,3,0.9521353840827942,49,49,0.06925153732299805,11.40175425099138,0.0,0,
31,3,baseline_open,Baseline Open,stereo,183,3,0.9521353840827942,49,49,0.06925153732299805,11.40175425099138,0.0,0,
31,3,baseline_open,Baseline Open,stereo,184,3,0.9521353840827942,49,49,0.06925153732299805,11.40175425099138,0.0,0,
31,3,baseline_open,Baseline Open,stereo,185,3,0.9521353840827942,49,49,0.06925153732299805,11.40175425099138,0.0,0,
31,3,baseline_open,Baseline Open,stereo,186,3,0.9521353840827942,49,49,0.06925153732299805,11.40175425099138,0.0,0,
31,3,baseline_open,Baseline Open,stereo,187,3,0.9521353840827942,49,49,0.06925153732299805,11.40175425099138,0.0,0,
31,3,baseline_open,Baseline Open,stereo,188,3,0.9521353840827942,49,49,0.06925153732299805,11.40175425099138,0.0,0,
31,3,baseline_open,Baseline Open,stereo,189,3,0.9521353840827942,49,49,0.06925153732299805,11.40175425099138,0.0,0,
31,3,baseline_open,Baseline Open,stereo,190,3,0.9521353840827942,49,49,0.06925153732299805,11.40175425099138,0.0,0,
31,3,baseline_open,Baseline Open,stereo,191,3,0.9521353840827942,49,49,0.06925153732299805,11.40175425099138,0.0,0,
31,3,baseline_open,Baseline Open,stereo,192,3,0.9521353840827942,49,49,0.06925153732299805,11.40175425099138,0.0,0,
31,3,baseline_open,Baseline Open,stereo,193,3,0.9521353840827942,49,49,0.06925153732299805,11.40175425099138,0.0,0,
31,3,baseline_open,Baseline Open,stereo,194,3,0.9521353840827942,49,49,0.06925153732299805,11.40175425099138,0.0,0,
31,3,baseline_open,Baseline Open,stereo,195,3,0.9521353840827942,49,49,0.06925153732299805,11.40175425099138,0.0,0,
31,3,baseline_open,Baseline Open,stereo,196,3,0.9521353840827942,49,49,0.06925153732299805,11.40175425099138,0.0,0,
31,3,baseline_open,Baseline Open,stereo,197,3,0.9521353840827942,49,49,0.06925153732299805,11.40175425099138,0.0,0,
31,3,baseline_open,Baseline Open,stereo,198,3,0.9521353840827942,49,49,0.06925153732299805,11.40175425099138,0.0,0,
31,3,baseline_open,Baseline Open,stereo,199,3,0.9521353840827942,49,49,0.06925153732299805,11.40175425099138,0.0,0,
31,3,baseline_open,Baseline Open,stereo,200,3,0.9521353840827942,49,49,0.06925153732299805,11.40175425099138,0.0,0,
32,3,baseline_open,Baseline Open,mono,1,3,0.9999997615814209,3,2,0.0,56.22277118748239,1.40534694941325,0,
32,3,baseline_open,Baseline Open,mono,2,3,0.9999996423721313,4,3,0.0,54.817880294662984,1.4048908928194024,0,
32,3,baseline_open,Baseline Open,mono,3,3,0.9999996423721313,5,4,0.0,53.41348144429457,1.4043988503684162,0,
32,3,baseline_open,Baseline Open,mono,4,3,0.9999996423721313,6,5,0.0,52.009614495783374,1.4038669485111939,0,
32,3,baseline_open,Baseline Open,mono,5,3,0.9999995231628418,7,6,0.0,50.60632371551998,1.4032907802633972,0,
32,3,baseline_open,Baseline Open,mono,6,3,0.9999995231628418,8,7,0.0,49.20365840057018,1.4026653149498003,0,
32,3,baseline_open,Baseline Open,mono,7,3,0.9999994039535522,9,8,0.0,47.80167361086848,1.4019847897017002,0,
32,3,baseline_open,Baseline Open,mono,8,3,0.9999994039535522,10,9,0.0,46.400431032480725,1.4012425783877518,0,
32,3,baseline_open,Baseline Open,mono,9,3,0.9999992847442627,11,10,0.0,45.0,1.400431032480725,0,
32,3,baseline_open,Baseline Open,mono,10,3,0.9999991655349731,12,11,0.0,43.60045871318328,1.3995412868167207,0,
32,3,baseline_open,Baseline Open,mono,11,3,0.9999991655349731,13,12,0.0,42.20189569201838,1.3985630211648967,0,
32,3,baseline_open,Baseline Open,mono,12,3,0.9999990463256836,14,13,0.0,40.80441152620633,1.3974841658120525,0,
32,3,baseline_open,Baseline Open,mono,13,3,0.9999990463256836,15,14,0.0,39.408120990476064,1.396290535730266,0,
32,3,baseline_open,Baseline Open,mono,14,3,0.999998927116394,16,15,0.0,38.01315561749642,1.394965372979641,0,
32,3,baseline_open,Baseline Open,mono,15,3,0.999998927116394,17,16,0.0,36.61966684720111,1.3934887702953134,0,
32,3,baseline_open,Baseline Open,mono,16,3,0.999998927116394,18,17,0.0,35.22782990761707,1.3918369395840386,0,
32,3,baseline_open,Baseline Open,mono,17,3,0.9999988079071045,19,18,0.0,33.83784863137726,1.3899812762398085,0,
32,3,baseline_open,Baseline Open,mono,18,3,0.9999988079071045,20,19,0.0,32.449961479175904,1.3878871522013583,0,
32,3,baseline_open,Baseline Open,mono,19,3,0.9999988079071045,21,20,0.0,31.064449134018133,1.385512345157771,0,
32,3,baseline_open,Baseline Open,mono,20,3,0.9999988079071045,22,21,0.0,29.68164415931166,1.382804974706474,0,
32,3,baseline_open,Baseline Open,mono,21,3,0.9999988079071045,23,22,0.0,28.30194339616981,1.379700763141848,0,
32,3,baseline_open,Baseline Open,mono,22,3,0.9999988079071045,24,23,0.0,26.92582403567252,1.3761193604972917,0,
32,3,baseline_open,Baseline Open,mono,23,3,0.9999988079071045,25,24,0.0,25.553864678361276,1.371959357311244,0,
32,3,baseline_open,Baseline Open,mono,24,3,0.9999988079071045,26,25,0.0,24.186773244895647,1.3670914334656281,0,
32,3,baseline_open,Baseline Open,mono,25,3,0.999998927116394,27,26,0.0,22.825424421026653,1.361348823868994,0,
32,3,baseline_open,Baseline Open,mono,26,3,0.999998927116394,28,27,0.0,21.470910553583888,1.3545138674427655,0,
32,3,baseline_open,Baseline Open,mono,27,3,0.999998927116394,29,28,0.0,20.12461179749811,1.3462987560857798,0,
32,3,baseline_open,Baseline Open,mono,28,3,0.9999990463256836,30,29,0.0,18.788294228055936,1.3363175694421727,0,
32,3,baseline_open,Baseline Open,mono,29,3,0.9999990463256836,31,30,0.0,17.46424919657298,1.3240450314829566,0,
32,3,baseline_open,Baseline Open,mono,30,3,0.9999990463256836,32,31,0.0,16.15549442140351,1.3087547751694686,0,
32,3,baseline_open,Baseline Open,mono,31,3,0.9999991655349731,33,32,0.0,14.866068747318506,1.2894256740850043,0,
32,3,baseline_open,Baseline Open,mono,32,3,0.9999991655349731,34,33,0.0,13.601470508735444,1.264598238583062,0,
32,3,baseline_open,Baseline Open,mono,33,3,0.9999991655349731,35,34,0.0,12.36931687685298,1.232153631882463,0,
32,3,baseline_open,Baseline Open,mono,34,3,0.9999992847442627,36,35,0.0,11.180339887498949,1.1889769893540318,0,
32,3,baseline_open,Baseline Open,mono,35,3,0.9999992847442627,37,36,0.0,10.04987562112089,1.130464266378059,0,
32,3,baseline_open,Baseline Open,mono,36,3,0.9999992847442627,38,37,0.0,9.0,1.04987562112089,0,
32,3,baseline_open,Baseline Open,mono,37,3,0.9999994039535522,39,38,0.7930169701576233,8.06225774829855,0.9377422517014509,0,
32,3,baseline_open,Baseline Open,mono,38,3,0.9999994039535522,40,39,0.9999998807907104,7.280109889280518,0.7821478590180311,1,collision_risk
33,3,dense_corridor,Dense Corridor,stereo,1,3,1.0,11,8,0.0,36.22154055254967,0.8998818339915005,0,
33,3,dense_corridor,Dense Corridor,stereo,2,3,1.0,12,9,0.0,35.35533905932738,0.8662014932222917,0,
33,3,dense_corridor,Dense Corridor,stereo,3,3,1.0,13,10,1.0,34.52535300326414,0.829986056063241,1,collision_risk
34,3,dense_corridor,Dense Corridor,mono,1,3,0.641698956489563,11,8,0.0,36.22154055254967,0.8998818339915005,0,
34,3,dense_corridor,Dense Corridor,mono,2,3,0.6449030041694641,12,9,0.0,35.35533905932738,0.8662014932222917,0,
34,3,dense_corridor,Dense Corridor,mono,3,3,0.6484286189079285,13,10,0.0,34.52535300326414,0.829986056063241,0,
34,3,dense_corridor,Dense Corridor,mono,4,3,0.6517201662063599,14,11,0.0,33.734255586866,0.7910974163981379,0,
34,3,dense_corridor,Dense Corridor,mono,5,3,0.6554060578346252,15,12,0.0,32.984845004941285,0.7494105819247139,0,
34,3,dense_corridor,Dense Corridor,mono,6,3,0.6593955755233765,16,13,0.0,32.28002478313795,0.7048202218033381,0,
34,3,dense_corridor,Dense Corridor,mono,7,3,0.663611114025116,17,14,0.0,31.622776601683793,0.657248181454154,0,
34,3,dense_corridor,Dense Corridor,mono,8,3,0.6678608655929565,18,15,0.0,31.016124838541646,0.6066517631421462,0,
34,3,dense_corridor,Dense Corridor,mono,9,3,0.6722497344017029,19,16,0.0,30.463092423455635,0.5530324150860118,0,
34,3,dense_corridor,Dense Corridor,mono,10,3,0.6770219802856445,20,17,0.0,29.966648127543394,0.4964442959122408,0,
34,3,dense_corridor,Dense Corridor,mono,11,3,0.6820818781852722,21,18,0.0,29.5296461204668,0.4370020070765932,0,
34,3,dense_corridor,Dense Corridor,mono,12,3,0.6872804760932922,22,19,0.0,29.154759474226502,0.37488664624029866,0,
34,3,dense_corridor,Dense Corridor,mono,13,3,0.6924575567245483,23,20,0.0,28.844410203711913,0.31034927051458894,0,
34,3,dense_corridor,Dense Corridor,mono,14,3,0.6975675225257874,24,21,0.0,28.600699292150182,0.24371091156173108,0,
34,3,dense_corridor,Dense Corridor,mono,15,3,0.7026230096817017,25,22,0.0,28.42534080710379,0.17535848504639162,0,
34,3,dense_corridor,Dense Corridor,mono,16,3,0.7072193026542664,26,23,0.0,28.319604517012593,0.10573629009119756,0,
34,3,dense_corridor,Dense Corridor,mono,17,3,0.7116419672966003,27,24,0.0,28.284271247461902,0.035333269550690716,0,
34,3,dense_corridor,Dense Corridor,mono,18,3,0.7159131169319153,28,25,0.0,28.319604517012593,-0.035333269550690716,0,
34,3,dense_corridor,Dense Corridor,mono,19,3,0.7201535105705261,29,26,0.0,28.42534080710379,-0.10573629009119756,0,
34,3,dense_corridor,Dense Corridor,mono,20,3,0.7241325378417969,30,27,0.0,28.600699292150182,-0.17535848504639162,0,
34,3,dense_corridor,Dense Corridor,mono,21,3,0.7275972366333008,31,28,0.0,28.844410203711913,-0.24371091156173108,0,
34,3,dense_corridor,Dense Corridor,mono,22,3,0.7307246327400208,32,29,0.0,29.154759474226502,-0.31034927051458894,0,
34,3,dense_corridor,Dense Corridor,mono,23,3,0.7337881326675415,33,30,0.0,29.5296461204668,-0.37488664624029866,0,
34,3,dense_corridor,Dense Corridor,mono,24,3,0.736458957195282,34,31,0.0,29.966648127543394,-0.4370020070765932,0,
34,3,dense_corridor,Dense Corridor,mono,25,3,0.7384907603263855,35,32,0.0,30.463092423455635,-0.4964442959122408,0,
34,3,dense_corridor,Dense Corridor,mono,26,3,0.7400721311569214,36,33,0.0,31.016124838541646,-0.5530324150860118,0,
34,3,dense_corridor,Dense Corridor,mono,27,3,0.7416001558303833,37,34,0.0,31.622776601683793,-0.6066517631421462,0,
34,3,dense_corridor,Dense Corridor,mono,28,3,0.7430258989334106,38,35,0.0,32.28002478313795,-0.657248181454154,0,
34,3,dense_corridor,Dense Corridor,mono,29,3,0.7444207668304443,39,36,0.0,32.984845004941285,-0.7048202218033381,0,
34,3,dense_corridor,Dense Corridor,mono,30,3,0.745777428150177,40,37,0.0,33.734255586866,-0.7494105819247139,0,
34,3,dense_corridor,Dense Corridor,mono,31,3,0.746844470500946,41,38,0.0,34.52535300326414,-0.7910974163981379,0,
34,3,dense_corridor,Dense Corridor,mono,32,3,0.7476822733879089,42,39,0.0,35.35533905932738,-0.829986056063241,0,
34,3,dense_corridor,Dense Corridor,mono,33,3,0.7486894726753235,43,40,0.0,36.22154055254967,-0.8662014932222917,0,
34,3,dense_corridor,Dense Corridor,mono,34,3,0.7494140267372131,44,41,0.0,37.12142238654117,-0.8998818339915005,0,
34,3,dense_corridor,Dense Corridor,mono,35,3,0.7499153017997742,45,42,0.0,38.05259518088089,-0.931172794339723,0,
34,3,dense_corridor,Dense Corridor,mono,36,3,0.7501558065414429,46,43,0.0,39.01281840626232,-0.9602232253814265,0,
34,3,dense_corridor,Dense Corridor,mono,37,3,0.7504451274871826,47,44,0.0,40.0,-0.9871815937376809,0,
34,3,dense_corridor,Dense Corridor,mono,38,3,0.7509405612945557,48,45,0.0,41.012193308819754,-1.0121933088197537,0,
34,3,dense_corridor,Dense Corridor,mono,39,3,0.75165194272995,49,46,0.0,42.04759208325728,-1.0353987744375246,0,
34,3,dense_corridor,Dense Corridor,mono,40,3,0.7522692680358887,49,47,0.0,43.04648650006177,-0.9988944168044895,0,
34,3,dense_corridor,Dense Corridor,mono,41,3,0.7524468898773193,49,48,0.0,44.04543109109048,-0.9989445910287102,0,
34,3,dense_corridor,Dense Corridor,mono,42,3,0.7521857619285583,49,49,0.0,45.044422518220834,-0.9989914271303562,0,
34,3,dense_corridor,Dense Corridor,mono,43,3,0.7509815692901611,49,49,0.0,45.044422518220834,0.0,0,
34,3,dense_corridor,Dense Corridor,mono,44,3,0.7509815692901611,49,49,0.0,45.044422518220834,0.0,0,
34,3,dense_corridor,Dense Corridor,mono,45,3,0.7509815692901611,49,49,0.0,45.044422518220834,0.0,0,
34,3,dense_corridor,Dense Corridor,mono,46,3,0.7509815692901611,49,49,0.0,45.044422518220834,0.0,0,
34,3,dense_corridor,Dense Corridor,mono,47,3,0.7509815692901611,49,49,0.0,45.044422518220834,0.0,0,
34,3,dense_corridor,Dense Corridor,mono,48,3,0.7509815692901611,49,49,0.0,45.044422518220834,0.0,0,
34,3,dense_corridor,Dense Corridor,mono,49,3,0.7509815692901611,49,49,0.0,45.044422518220834,0.0,0,
34,3,dense_corridor,Dense Corridor,mono,50,3,0.7509815692901611,49,49,0.0,45.044422518220834,0.0,0,
34,3,dense_corridor,Dense Corridor,mono,51,3,0.7509815692901611,49,49,0.0,45.044422518220834,0.0,0,
34,3,dense_corridor,Dense Corridor,mono,52,3,0.7509815692901611,49,49,0.0,45.044422518220834,0.0,0,
34,3,dense_corridor,Dense Corridor,mono,53,3,0.7509815692901611,49,49,0.0,45.044422518220834,0.0,0,
34,3,dense_corridor,Dense Corridor,mono,54,3,0.7509815692901611,49,49,0.0,45.044422518220834,0.0,0,
34,3,dense_corridor,Dense Corridor,mono,55,3,0.7509815692901611,49,49,0.0,45.044422518220834,0.0,0,
34,3,dense_corridor,Dense Corridor,mono,56,3,0.7509815692901611,49,49,0.0,45.044422518220834,0.0,0,
34,3,dense_corridor,Dense Corridor,mono,57,3,0.7509815692901611,49,49,0.0,45.044422518220834,0.0,0,
34,3,dense_corridor,Dense Corridor,mono,58,3,0.7509815692901611,49,49,0.0,45.044422518220834,0.0,0,
34,3,dense_corridor,Dense Corridor,mono,59,3,0.7509815692901611,49,49,0.0,45.044422518220834,0.0,0,
34,3,dense_corridor,Dense Corridor,mono,60,3,0.7509815692901611,49,49,0.0,45.044422518220834,0.0,0,
34,3,dense_corridor,Dense Corridor,mono,61,3,0.7509815692901611,49,49,0.0,45.044422518220834,0.0,0,
34,3,dense_corridor,Dense Corridor,mono,62,3,0.7509815692901611,49,49,0.0,45.044422518220834,0.0,0,
34,3,dense_corridor,Dense Corridor,mono,63,3,0.7509815692901611,49,49,0.0,45.044422518220834,0.0,0,
34,3,dense_corridor,Dense Corridor,mono,64,3,0.7509815692901611,49,49,0.0,45.044422518220834,0.0,0,
34,3,dense_corridor,Dense Corridor,mono,65,3,0.7509815692901611,49,49,0.0,45.044422518220834,0.0,0,
34,3,dense_corridor,Dense Corridor,mono,66,3,0.7509815692901611,49,49,0.0,45.044422518220834,0.0,0,
34,3,dense_corridor,Dense Corridor,mono,67,3,0.7509815692901611,49,49,0.0,45.044422518220834,0.0,0,
34,3,dense_corridor,Dense Corridor,mono,68,3,0.7509815692901611,49,49,0.0,45.044422518220834,0.0,0,
34,3,dense_corridor,Dense Corridor,mono,69,3,0.7509815692901611,49,49,0.0,45.044422518220834,0.0,0,
34,3,dense_corridor,Dense Corridor,mono,70,3,0.7509815692901611,49,49,0.0,45.044422518220834,0.0,0,
34,3,dense_corridor,Dense Corridor,mono,71,3,0.7509815692901611,49,49,0.0,45.044422518220834,0.0,0,
34,3,dense_corridor,Dense Corridor,mono,72,3,0.7509815692901611,49,49,0.0,45.044422518220834,0.0,0,
34,3,dense_corridor,Dense Corridor,mono,73,3,0.7509815692901611,49,49,0.0,45.044422518220834,0.0,0,
34,3,dense_corridor,Dense Corridor,mono,74,3,0.7509815692901611,49,49,0.0,45.044422518220834,0.0,0,
34,3,dense_corridor,Dense Corridor,mono,75,3,0.7509815692901611,49,49,0.0,45.044422518220834,0.0,0,
34,3,dense_corridor,Dense Corridor,mono,76,3,0.7509815692901611,49,49,0.0,45.044422518220834,0.0,0,
34,3,dense_corridor,Dense Corridor,mono,77,3,0.7509815692901611,49,49,0.0,45.044422518220834,0.0,0,
34,3,dense_corridor,Dense Corridor,mono,78,3,0.7509815692901611,49,49,0.0,45.044422518220834,0.0,0,
34,3,dense_corridor,Dense Corridor,mono,79,3,0.7509815692901611,49,49,0.0,45.044422518220834,0.0,0,
34,3,dense_corridor,Dense Corridor,mono,80,3,0.7509815692901611,49,49,0.0,45.044422518220834,0.0,0,
34,3,dense_corridor,Dense Corridor,mono,81,3,0.7509815692901611,49,49,0.0,45.044422518220834,0.0,0,
34,3,dense_corridor,Dense Corridor,mono,82,3,0.7509815692901611,49,49,0.0,45.044422518220834,0.0,0,
34,3,dense_corridor,Dense Corridor,mono,83,3,0.7509815692901611,49,49,0.0,45.044422518220834,0.0,0,
34,3,dense_corridor,Dense Corridor,mono,84,3,0.7509815692901611,49,49,0.0,45.044422518220834,0.0,0,
34,3,dense_corridor,Dense Corridor,mono,85,3,0.7509815692901611,49,49,0.0,45.044422518220834,0.0,0,
34,3,dense_corridor,Dense Corridor,mono,86,3,0.7509815692901611,49,49,0.0,45.044422518220834,0.0,0,
34,3,dense_corridor,Dense Corridor,mono,87,3,0.7509815692901611,49,49,0.0,45.044422518220834,0.0,0,
34,3,dense_corridor,Dense Corridor,mono,88,3,0.7509815692901611,49,49,0.0,45.044422518220834,0.0,0,
34,3,dense_corridor,Dense Corridor,mono,89,3,0.7509815692901611,49,49,0.0,45.044422518220834,0.0,0,
34,3,dense_corridor,Dense Corridor,mono,90,3,0.7509815692901611,49,49,0.0,45.044422518220834,0.0,0,
34,3,dense_corridor,Dense Corridor,mono,91,3,0.7509815692901611,49,49,0.0,45.044422518220834,0.0,0,
34,3,dense_corridor,Dense Corridor,mono,92,3,0.7509815692901611,49,49,0.0,45.044422518220834,0.0,0,
34,3,dense_corridor,Dense Corridor,mono,93,3,0.7509815692901611,49,49,0.0,45.044422518220834,0.0,0,
34,3,dense_corridor,Dense Corridor,mono,94,3,0.7509815692901611,49,49,0.0,45.044422518220834,0.0,0,
34,3,dense_corridor,Dense Corridor,mono,95,3,0.7509815692901611,49,49,0.0,45.044422518220834,0.0,0,
34,3,dense_corridor,Dense Corridor,mono,96,3,0.7509815692901611,49,49,0.0,45.044422518220834,0.0,0,
34,3,dense_corridor,Dense Corridor,mono,97,3,0.7509815692901611,49,49,0.0,45.044422518220834,0.0,0,
34,3,dense_corridor,Dense Corridor,mono,98,3,0.7509815692901611,49,49,0.0,45.044422518220834,0.0,0,
34,3,dense_corridor,Dense Corridor,mono,99,3,0.7509815692901611,49,49,0.0,45.044422518220834,0.0,0,
34,3,dense_corridor,Dense Corridor,mono,100,3,0.7509815692901611,49,49,0.0,45.044422518220834,0.0,0,
34,3,dense_corridor,Dense Corridor,mono,101,3,0.7509815692901611,49,49,0.0,45.044422518220834,0.0,0,
34,3,dense_corridor,Dense Corridor,mono,102,3,0.7509815692901611,49,49,0.0,45.044422518220834,0.0,0,
34,3,dense_corridor,Dense Corridor,mono,103,3,0.7509815692901611,49,49,0.0,45.044422518220834,0.0,0,
34,3,dense_corridor,Dense Corridor,mono,104,3,0.7509815692901611,49,49,0.0,45.044422518220834,0.0,0,
34,3,dense_corridor,Dense Corridor,mono,105,3,0.7509815692901611,49,49,0.0,45.044422518220834,0.0,0,
34,3,dense_corridor,Dense Corridor,mono,106,3,0.7509815692901611,49,49,0.0,45.044422518220834,0.0,0,
34,3,dense_corridor,Dense Corridor,mono,107,3,0.7509815692901611,49,49,0.0,45.044422518220834,0.0,0,
34,3,dense_corridor,Dense Corridor,mono,108,3,0.7509815692901611,49,49,0.0,45.044422518220834,0.0,0,
34,3,dense_corridor,Dense Corridor,mono,109,3,0.7509815692901611,49,49,0.0,45.044422518220834,0.0,0,
34,3,dense_corridor,Dense Corridor,mono,110,3,0.7509815692901611,49,49,0.0,45.044422518220834,0.0,0,
34,3,dense_corridor,Dense Corridor,mono,111,3,0.7509815692901611,49,49,0.0,45.044422518220834,0.0,0,
34,3,dense_corridor,Dense Corridor,mono,112,3,0.7509815692901611,49,49,0.0,45.044422518220834,0.0,0,
34,3,dense_corridor,Dense Corridor,mono,113,3,0.7509815692901611,49,49,0.0,45.044422518220834,0.0,0,
34,3,dense_corridor,Dense Corridor,mono,114,3,0.7509815692901611,49,49,0.0,45.044422518220834,0.0,0,
34,3,dense_corridor,Dense Corridor,mono,115,3,0.7509815692901611,49,49,0.0,45.044422518220834,0.0,0,
34,3,dense_corridor,Dense Corridor,mono,116,3,0.7509815692901611,49,49,0.0,45.044422518220834,0.0,0,
34,3,dense_corridor,Dense Corridor,mono,117,3,0.7509815692901611,49,49,0.0,45.044422518220834,0.0,0,
34,3,dense_corridor,Dense Corridor,mono,118,3,0.7509815692901611,49,49,0.0,45.044422518220834,0.0,0,
34,3,dense_corridor,Dense Corridor,mono,119,3,0.7509815692901611,49,49,0.0,45.044422518220834,0.0,0,
34,3,dense_corridor,Dense Corridor,mono,120,3,0.7509815692901611,49,49,0.0,45.044422518220834,0.0,0,
34,3,dense_corridor,Dense Corridor,mono,121,3,0.7509815692901611,49,49,0.0,45.044422518220834,0.0,0,
34,3,dense_corridor,Dense Corridor,mono,122,3,0.7509815692901611,49,49,0.0,45.044422518220834,0.0,0,
34,3,dense_corridor,Dense Corridor,mono,123,3,0.7509815692901611,49,49,0.0,45.044422518220834,0.0,0,
34,3,dense_corridor,Dense Corridor,mono,124,3,0.7509815692901611,49,49,0.0,45.044422518220834,0.0,0,
34,3,dense_corridor,Dense Corridor,mono,125,3,0.7509815692901611,49,49,0.0,45.044422518220834,0.0,0,
34,3,dense_corridor,Dense Corridor,mono,126,3,0.7509815692901611,49,49,0.0,45.044422518220834,0.0,0,
34,3,dense_corridor,Dense Corridor,mono,127,3,0.7509815692901611,49,49,0.0,45.044422518220834,0.0,0,
34,3,dense_corridor,Dense Corridor,mono,128,3,0.7509815692901611,49,49,0.0,45.044422518220834,0.0,0,
34,3,dense_corridor,Dense Corridor,mono,129,3,0.7509815692901611,49,49,0.0,45.044422518220834,0.0,0,
34,3,dense_corridor,Dense Corridor,mono,130,3,0.7509815692901611,49,49,0.0,45.044422518220834,0.0,0,
34,3,dense_corridor,Dense Corridor,mono,131,3,0.7509815692901611,49,49,0.0,45.044422518220834,0.0,0,
34,3,dense_corridor,Dense Corridor,mono,132,3,0.7509815692901611,49,49,0.0,45.044422518220834,0.0,0,
34,3,dense_corridor,Dense Corridor,mono,133,3,0.7509815692901611,49,49,0.0,45.044422518220834,0.0,0,
34,3,dense_corridor,Dense Corridor,mono,134,3,0.7509815692901611,49,49,0.0,45.044422518220834,0.0,0,
34,3,dense_corridor,Dense Corridor,mono,135,3,0.7509815692901611,49,49,0.0,45.044422518220834,0.0,0,
34,3,dense_corridor,Dense Corridor,mono,136,3,0.7509815692901611,49,49,0.0,45.044422518220834,0.0,0,
34,3,dense_corridor,Dense Corridor,mono,137,3,0.7509815692901611,49,49,0.0,45.044422518220834,0.0,0,
34,3,dense_corridor,Dense Corridor,mono,138,3,0.7509815692901611,49,49,0.0,45.044422518220834,0.0,0,
34,3,dense_corridor,Dense Corridor,mono,139,3,0.7509815692901611,49,49,0.0,45.044422518220834,0.0,0,
34,3,dense_corridor,Dense Corridor,mono,140,3,0.7509815692901611,49,49,0.0,45.044422518220834,0.0,0,
34,3,dense_corridor,Dense Corridor,mono,141,3,0.7509815692901611,49,49,0.0,45.044422518220834,0.0,0,
34,3,dense_corridor,Dense Corridor,mono,142,3,0.7509815692901611,49,49,0.0,45.044422518220834,0.0,0,
34,3,dense_corridor,Dense Corridor,mono,143,3,0.7509815692901611,49,49,0.0,45.044422518220834,0.0,0,
34,3,dense_corridor,Dense Corridor,mono,144,3,0.7509815692901611,49,49,0.0,45.044422518220834,0.0,0,
34,3,dense_corridor,Dense Corridor,mono,145,3,0.7509815692901611,49,49,0.0,45.044422518220834,0.0,0,
34,3,dense_corridor,Dense Corridor,mono,146,3,0.7509815692901611,49,49,0.0,45.044422518220834,0.0,0,
34,3,dense_corridor,Dense Corridor,mono,147,3,0.7509815692901611,49,49,0.0,45.044422518220834,0.0,0,
34,3,dense_corridor,Dense Corridor,mono,148,3,0.7509815692901611,49,49,0.0,45.044422518220834,0.0,0,
34,3,dense_corridor,Dense Corridor,mono,149,3,0.7509815692901611,49,49,0.0,45.044422518220834,0.0,0,
34,3,dense_corridor,Dense Corridor,mono,150,3,0.7509815692901611,49,49,0.0,45.044422518220834,0.0,0,
34,3,dense_corridor,Dense Corridor,mono,151,3,0.7509815692901611,49,49,0.0,45.044422518220834,0.0,0,
34,3,dense_corridor,Dense Corridor,mono,152,3,0.7509815692901611,49,49,0.0,45.044422518220834,0.0,0,
34,3,dense_corridor,Dense Corridor,mono,153,3,0.7509815692901611,49,49,0.0,45.044422518220834,0.0,0,
34,3,dense_corridor,Dense Corridor,mono,154,3,0.7509815692901611,49,49,0.0,45.044422518220834,0.0,0,
34,3,dense_corridor,Dense Corridor,mono,155,3,0.7509815692901611,49,49,0.0,45.044422518220834,0.0,0,
34,3,dense_corridor,Dense Corridor,mono,156,3,0.7509815692901611,49,49,0.0,45.044422518220834,0.0,0,
34,3,dense_corridor,Dense Corridor,mono,157,3,0.7509815692901611,49,49,0.0,45.044422518220834,0.0,0,
34,3,dense_corridor,Dense Corridor,mono,158,3,0.7509815692901611,49,49,0.0,45.044422518220834,0.0,0,
34,3,dense_corridor,Dense Corridor,mono,159,3,0.7509815692901611,49,49,0.0,45.044422518220834,0.0,0,
34,3,dense_corridor,Dense Corridor,mono,160,3,0.7509815692901611,49,49,0.0,45.044422518220834,0.0,0,
34,3,dense_corridor,Dense Corridor,mono,161,3,0.7509815692901611,49,49,0.0,45.044422518220834,0.0,0,
34,3,dense_corridor,Dense Corridor,mono,162,3,0.7509815692901611,49,49,0.0,45.044422518220834,0.0,0,
34,3,dense_corridor,Dense Corridor,mono,163,3,0.7509815692901611,49,49,0.0,45.044422518220834,0.0,0,
34,3,dense_corridor,Dense Corridor,mono,164,3,0.7509815692901611,49,49,0.0,45.044422518220834,0.0,0,
34,3,dense_corridor,Dense Corridor,mono,165,3,0.7509815692901611,49,49,0.0,45.044422518220834,0.0,0,
34,3,dense_corridor,Dense Corridor,mono,166,3,0.7509815692901611,49,49,0.0,45.044422518220834,0.0,0,
34,3,dense_corridor,Dense Corridor,mono,167,3,0.7509815692901611,49,49,0.0,45.044422518220834,0.0,0,
34,3,dense_corridor,Dense Corridor,mono,168,3,0.7509815692901611,49,49,0.0,45.044422518220834,0.0,0,
34,3,dense_corridor,Dense Corridor,mono,169,3,0.7509815692901611,49,49,0.0,45.044422518220834,0.0,0,
34,3,dense_corridor,Dense Corridor,mono,170,3,0.7509815692901611,49,49,0.0,45.044422518220834,0.0,0,
34,3,dense_corridor,Dense Corridor,mono,171,3,0.7509815692901611,49,49,0.0,45.044422518220834,0.0,0,
34,3,dense_corridor,Dense Corridor,mono,172,3,0.7509815692901611,49,49,0.0,45.044422518220834,0.0,0,
34,3,dense_corridor,Dense Corridor,mono,173,3,0.7509815692901611,49,49,0.0,45.044422518220834,0.0,0,
34,3,dense_corridor,Dense Corridor,mono,174,3,0.7509815692901611,49,49,0.0,45.044422518220834,0.0,0,
34,3,dense_corridor,Dense Corridor,mono,175,3,0.7509815692901611,49,49,0.0,45.044422518220834,0.0,0,
34,3,dense_corridor,Dense Corridor,mono,176,3,0.7509815692901611,49,49,0.0,45.044422518220834,0.0,0,
34,3,dense_corridor,Dense Corridor,mono,177,3,0.7509815692901611,49,49,0.0,45.044422518220834,0.0,0,
34,3,dense_corridor,Dense Corridor,mono,178,3,0.7509815692901611,49,49,0.0,45.044422518220834,0.0,0,
34,3,dense_corridor,Dense Corridor,mono,179,3,0.7509815692901611,49,49,0.0,45.044422518220834,0.0,0,
34,3,dense_corridor,Dense Corridor,mono,180,3,0.7509815692901611,49,49,0.0,45.044422518220834,0.0,0,
34,3,dense_corridor,Dense Corridor,mono,181,3,0.7509815692901611,49,49,0.0,45.044422518220834,0.0,0,
34,3,dense_corridor,Dense Corridor,mono,182,3,0.7509815692901611,49,49,0.0,45.044422518220834,0.0,0,
34,3,dense_corridor,Dense Corridor,mono,183,3,0.7509815692901611,49,49,0.0,45.044422518220834,0.0,0,
34,3,dense_corridor,Dense Corridor,mono,184,3,0.7509815692901611,49,49,0.0,45.044422518220834,0.0,0,
34,3,dense_corridor,Dense Corridor,mono,185,3,0.7509815692901611,49,49,0.0,45.044422518220834,0.0,0,
34,3,dense_corridor,Dense Corridor,mono,186,3,0.7509815692901611,49,49,0.0,45.044422518220834,0.0,0,
34,3,dense_corridor,Dense Corridor,mono,187,3,0.7509815692901611,49,49,0.0,45.044422518220834,0.0,0,
34,3,dense_corridor,Dense Corridor,mono,188,3,0.7509815692901611,49,49,0.0,45.044422518220834,0.0,0,
34,3,dense_corridor,Dense Corridor,mono,189,3,0.7509815692901611,49,49,0.0,45.044422518220834,0.0,0,
34,3,dense_corridor,Dense Corridor,mono,190,3,0.7509815692901611,49,49,0.0,45.044422518220834,0.0,0,
34,3,dense_corridor,Dense Corridor,mono,191,3,0.7509815692901611,49,49,0.0,45.044422518220834,0.0,0,
34,3,dense_corridor,Dense Corridor,mono,192,3,0.7509815692901611,49,49,0.0,45.044422518220834,0.0,0,
34,3,dense_corridor,Dense Corridor,mono,193,3,0.7509815692901611,49,49,0.0,45.044422518220834,0.0,0,
34,3,dense_corridor,Dense Corridor,mono,194,3,0.7509815692901611,49,49,0.0,45.044422518220834,0.0,0,
34,3,dense_corridor,Dense Corridor,mono,195,3,0.7509815692901611,49,49,0.0,45.044422518220834,0.0,0,
34,3,dense_corridor,Dense Corridor,mono,196,3,0.7509815692901611,49,49,0.0,45.044422518220834,0.0,0,
34,3,dense_corridor,Dense Corridor,mono,197,3,0.7509815692901611,49,49,0.0,45.044422518220834,0.0,0,
34,3,dense_corridor,Dense Corridor,mono,198,3,0.7509815692901611,49,49,0.0,45.044422518220834,0.0,0,
34,3,dense_corridor,Dense Corridor,mono,199,3,0.7509815692901611,49,49,0.0,45.044422518220834,0.0,0,
34,3,dense_corridor,Dense Corridor,mono,200,3,0.7509815692901611,49,49,0.0,45.044422518220834,0.0,0,
35,3,obstacle_cluster,Obstacle Cluster,stereo,1,3,1.0,11,8,0.0,36.22154055254967,0.8998818339915005,0,
35,3,obstacle_cluster,Obstacle Cluster,stereo,2,3,1.0,12,9,0.0,35.35533905932738,0.8662014932222917,0,
35,3,obstacle_cluster,Obstacle Cluster,stereo,3,3,1.0,13,10,1.0,34.52535300326414,0.829986056063241,1,collision_risk
36,3,obstacle_cluster,Obstacle Cluster,mono,1,3,0.641698956489563,11,8,0.0,36.22154055254967,0.8998818339915005,0,
36,3,obstacle_cluster,Obstacle Cluster,mono,2,3,0.6449030041694641,12,9,0.0,35.35533905932738,0.8662014932222917,0,
36,3,obstacle_cluster,Obstacle Cluster,mono,3,3,0.6484286189079285,13,10,0.0,34.52535300326414,0.829986056063241,0,
36,3,obstacle_cluster,Obstacle Cluster,mono,4,3,0.6517201662063599,14,11,0.0,33.734255586866,0.7910974163981379,0,
36,3,obstacle_cluster,Obstacle Cluster,mono,5,3,0.6554060578346252,15,12,0.0,32.984845004941285,0.7494105819247139,0,
36,3,obstacle_cluster,Obstacle Cluster,mono,6,3,0.6593955755233765,16,13,0.0,32.28002478313795,0.7048202218033381,0,
36,3,obstacle_cluster,Obstacle Cluster,mono,7,3,0.663611114025116,17,14,0.0,31.622776601683793,0.657248181454154,0,
36,3,obstacle_cluster,Obstacle Cluster,mono,8,3,0.6678608655929565,18,15,0.0,31.016124838541646,0.6066517631421462,0,
36,3,obstacle_cluster,Obstacle Cluster,mono,9,3,0.6722497344017029,19,16,0.0,30.463092423455635,0.5530324150860118,0,
36,3,obstacle_cluster,Obstacle Cluster,mono,10,3,0.6770219802856445,20,17,0.0,29.966648127543394,0.4964442959122408,0,
36,3,obstacle_cluster,Obstacle Cluster,mono,11,3,0.6820818781852722,21,18,0.0,29.5296461204668,0.4370020070765932,0,
36,3,obstacle_cluster,Obstacle Cluster,mono,12,3,0.6872804760932922,22,19,0.0,29.154759474226502,0.37488664624029866,0,
36,3,obstacle_cluster,Obstacle Cluster,mono,13,3,0.6924575567245483,23,20,0.0,28.844410203711913,0.31034927051458894,0,
36,3,obstacle_cluster,Obstacle Cluster,mono,14,3,0.6975675225257874,24,21,0.0,28.600699292150182,0.24371091156173108,0,
36,3,obstacle_cluster,Obstacle Cluster,mono,15,3,0.7026230096817017,25,22,0.0,28.42534080710379,0.17535848504639162,0,
36,3,obstacle_cluster,Obstacle Cluster,mono,16,3,0.7072193026542664,26,23,0.0,28.319604517012593,0.10573629009119756,0,
36,3,obstacle_cluster,Obstacle Cluster,mono,17,3,0.7116419672966003,27,24,0.0,28.284271247461902,0.035333269550690716,0,
36,3,obstacle_cluster,Obstacle Cluster,mono,18,3,0.7159131169319153,28,25,0.0,28.319604517012593,-0.035333269550690716,0,
36,3,obstacle_cluster,Obstacle Cluster,mono,19,3,0.7201535105705261,29,26,0.0,28.42534080710379,-0.10573629009119756,0,
36,3,obstacle_cluster,Obstacle Cluster,mono,20,3,0.7241325378417969,30,27,0.0,28.600699292150182,-0.17535848504639162,0,
36,3,obstacle_cluster,Obstacle Cluster,mono,21,3,0.7275972366333008,31,28,0.0,28.844410203711913,-0.24371091156173108,0,
36,3,obstacle_cluster,Obstacle Cluster,mono,22,3,0.7307246327400208,32,29,0.0,29.154759474226502,-0.31034927051458894,0,
36,3,obstacle_cluster,Obstacle Cluster,mono,23,3,0.7337881326675415,33,30,0.0,29.5296461204668,-0.37488664624029866,0,
36,3,obstacle_cluster,Obstacle Cluster,mono,24,3,0.736458957195282,34,31,0.0,29.966648127543394,-0.4370020070765932,0,
36,3,obstacle_cluster,Obstacle Cluster,mono,25,3,0.7384907603263855,35,32,0.0,30.463092423455635,-0.4964442959122408,0,
36,3,obstacle_cluster,Obstacle Cluster,mono,26,3,0.7400721311569214,36,33,0.0,31.016124838541646,-0.5530324150860118,0,
36,3,obstacle_cluster,Obstacle Cluster,mono,27,3,0.7416001558303833,37,34,0.0,31.622776601683793,-0.6066517631421462,0,
36,3,obstacle_cluster,Obstacle Cluster,mono,28,3,0.7430258989334106,38,35,0.0,32.28002478313795,-0.657248181454154,0,
36,3,obstacle_cluster,Obstacle Cluster,mono,29,3,0.7444207668304443,39,36,0.0,32.984845004941285,-0.7048202218033381,0,
36,3,obstacle_cluster,Obstacle Cluster,mono,30,3,0.745777428150177,40,37,0.0,33.734255586866,-0.7494105819247139,0,
36,3,obstacle_cluster,Obstacle Cluster,mono,31,3,0.746844470500946,41,38,0.0,34.52535300326414,-0.7910974163981379,0,
36,3,obstacle_cluster,Obstacle Cluster,mono,32,3,0.7476822733879089,42,39,0.0,35.35533905932738,-0.829986056063241,0,
36,3,obstacle_cluster,Obstacle Cluster,mono,33,3,0.7486894726753235,43,40,0.0,36.22154055254967,-0.8662014932222917,0,
36,3,obstacle_cluster,Obstacle Cluster,mono,34,3,0.7494140267372131,44,41,0.0,37.12142238654117,-0.8998818339915005,0,
36,3,obstacle_cluster,Obstacle Cluster,mono,35,3,0.7499153017997742,45,42,0.0,38.05259518088089,-0.931172794339723,0,
36,3,obstacle_cluster,Obstacle Cluster,mono,36,3,0.7501558065414429,46,43,0.0,39.01281840626232,-0.9602232253814265,0,
36,3,obstacle_cluster,Obstacle Cluster,mono,37,3,0.7504451274871826,47,44,0.0,40.0,-0.9871815937376809,0,
36,3,obstacle_cluster,Obstacle Cluster,mono,38,3,0.7509405612945557,48,45,0.0,41.012193308819754,-1.0121933088197537,0,
36,3,obstacle_cluster,Obstacle Cluster,mono,39,3,0.75165194272995,49,46,0.0,42.04759208325728,-1.0353987744375246,0,
36,3,obstacle_cluster,Obstacle Cluster,mono,40,3,0.7522692680358887,49,47,0.0,43.04648650006177,-0.9988944168044895,0,
36,3,obstacle_cluster,Obstacle Cluster,mono,41,3,0.7524468898773193,49,48,0.0,44.04543109109048,-0.9989445910287102,0,
36,3,obstacle_cluster,Obstacle Cluster,mono,42,3,0.7521857619285583,49,49,0.0,45.044422518220834,-0.9989914271303562,0,
36,3,obstacle_cluster,Obstacle Cluster,mono,43,3,0.7509815692901611,49,49,0.0,45.044422518220834,0.0,0,
36,3,obstacle_cluster,Obstacle Cluster,mono,44,3,0.7509815692901611,49,49,0.0,45.044422518220834,0.0,0,
36,3,obstacle_cluster,Obstacle Cluster,mono,45,3,0.7509815692901611,49,49,0.0,45.044422518220834,0.0,0,
36,3,obstacle_cluster,Obstacle Cluster,mono,46,3,0.7509815692901611,49,49,0.0,45.044422518220834,0.0,0,
36,3,obstacle_cluster,Obstacle Cluster,mono,47,3,0.7509815692901611,49,49,0.0,45.044422518220834,0.0,0,
36,3,obstacle_cluster,Obstacle Cluster,mono,48,3,0.7509815692901611,49,49,0.0,45.044422518220834,0.0,0,
36,3,obstacle_cluster,Obstacle Cluster,mono,49,3,0.7509815692901611,49,49,0.0,45.044422518220834,0.0,0,
36,3,obstacle_cluster,Obstacle Cluster,mono,50,3,0.7509815692901611,49,49,0.0,45.044422518220834,0.0,0,
36,3,obstacle_cluster,Obstacle Cluster,mono,51,3,0.7509815692901611,49,49,0.0,45.044422518220834,0.0,0,
36,3,obstacle_cluster,Obstacle Cluster,mono,52,3,0.7509815692901611,49,49,0.0,45.044422518220834,0.0,0,
36,3,obstacle_cluster,Obstacle Cluster,mono,53,3,0.7509815692901611,49,49,0.0,45.044422518220834,0.0,0,
36,3,obstacle_cluster,Obstacle Cluster,mono,54,3,0.7509815692901611,49,49,0.0,45.044422518220834,0.0,0,
36,3,obstacle_cluster,Obstacle Cluster,mono,55,3,0.7509815692901611,49,49,0.0,45.044422518220834,0.0,0,
36,3,obstacle_cluster,Obstacle Cluster,mono,56,3,0.7509815692901611,49,49,0.0,45.044422518220834,0.0,0,
36,3,obstacle_cluster,Obstacle Cluster,mono,57,3,0.7509815692901611,49,49,0.0,45.044422518220834,0.0,0,
36,3,obstacle_cluster,Obstacle Cluster,mono,58,3,0.7509815692901611,49,49,0.0,45.044422518220834,0.0,0,
36,3,obstacle_cluster,Obstacle Cluster,mono,59,3,0.7509815692901611,49,49,0.0,45.044422518220834,0.0,0,
36,3,obstacle_cluster,Obstacle Cluster,mono,60,3,0.7509815692901611,49,49,0.0,45.044422518220834,0.0,0,
36,3,obstacle_cluster,Obstacle Cluster,mono,61,3,0.7509815692901611,49,49,0.0,45.044422518220834,0.0,0,
36,3,obstacle_cluster,Obstacle Cluster,mono,62,3,0.7509815692901611,49,49,0.0,45.044422518220834,0.0,0,
36,3,obstacle_cluster,Obstacle Cluster,mono,63,3,0.7509815692901611,49,49,0.0,45.044422518220834,0.0,0,
36,3,obstacle_cluster,Obstacle Cluster,mono,64,3,0.7509815692901611,49,49,0.0,45.044422518220834,0.0,0,
36,3,obstacle_cluster,Obstacle Cluster,mono,65,3,0.7509815692901611,49,49,0.0,45.044422518220834,0.0,0,
36,3,obstacle_cluster,Obstacle Cluster,mono,66,3,0.7509815692901611,49,49,0.0,45.044422518220834,0.0,0,
36,3,obstacle_cluster,Obstacle Cluster,mono,67,3,0.7509815692901611,49,49,0.0,45.044422518220834,0.0,0,
36,3,obstacle_cluster,Obstacle Cluster,mono,68,3,0.7509815692901611,49,49,0.0,45.044422518220834,0.0,0,
36,3,obstacle_cluster,Obstacle Cluster,mono,69,3,0.7509815692901611,49,49,0.0,45.044422518220834,0.0,0,
36,3,obstacle_cluster,Obstacle Cluster,mono,70,3,0.7509815692901611,49,49,0.0,45.044422518220834,0.0,0,
36,3,obstacle_cluster,Obstacle Cluster,mono,71,3,0.7509815692901611,49,49,0.0,45.044422518220834,0.0,0,
36,3,obstacle_cluster,Obstacle Cluster,mono,72,3,0.7509815692901611,49,49,0.0,45.044422518220834,0.0,0,
36,3,obstacle_cluster,Obstacle Cluster,mono,73,3,0.7509815692901611,49,49,0.0,45.044422518220834,0.0,0,
36,3,obstacle_cluster,Obstacle Cluster,mono,74,3,0.7509815692901611,49,49,0.0,45.044422518220834,0.0,0,
36,3,obstacle_cluster,Obstacle Cluster,mono,75,3,0.7509815692901611,49,49,0.0,45.044422518220834,0.0,0,
36,3,obstacle_cluster,Obstacle Cluster,mono,76,3,0.7509815692901611,49,49,0.0,45.044422518220834,0.0,0,
36,3,obstacle_cluster,Obstacle Cluster,mono,77,3,0.7509815692901611,49,49,0.0,45.044422518220834,0.0,0,
36,3,obstacle_cluster,Obstacle Cluster,mono,78,3,0.7509815692901611,49,49,0.0,45.044422518220834,0.0,0,
36,3,obstacle_cluster,Obstacle Cluster,mono,79,3,0.7509815692901611,49,49,0.0,45.044422518220834,0.0,0,
36,3,obstacle_cluster,Obstacle Cluster,mono,80,3,0.7509815692901611,49,49,0.0,45.044422518220834,0.0,0,
36,3,obstacle_cluster,Obstacle Cluster,mono,81,3,0.7509815692901611,49,49,0.0,45.044422518220834,0.0,0,
36,3,obstacle_cluster,Obstacle Cluster,mono,82,3,0.7509815692901611,49,49,0.0,45.044422518220834,0.0,0,
36,3,obstacle_cluster,Obstacle Cluster,mono,83,3,0.7509815692901611,49,49,0.0,45.044422518220834,0.0,0,
36,3,obstacle_cluster,Obstacle Cluster,mono,84,3,0.7509815692901611,49,49,0.0,45.044422518220834,0.0,0,
36,3,obstacle_cluster,Obstacle Cluster,mono,85,3,0.7509815692901611,49,49,0.0,45.044422518220834,0.0,0,
36,3,obstacle_cluster,Obstacle Cluster,mono,86,3,0.7509815692901611,49,49,0.0,45.044422518220834,0.0,0,
36,3,obstacle_cluster,Obstacle Cluster,mono,87,3,0.7509815692901611,49,49,0.0,45.044422518220834,0.0,0,
36,3,obstacle_cluster,Obstacle Cluster,mono,88,3,0.7509815692901611,49,49,0.0,45.044422518220834,0.0,0,
36,3,obstacle_cluster,Obstacle Cluster,mono,89,3,0.7509815692901611,49,49,0.0,45.044422518220834,0.0,0,
36,3,obstacle_cluster,Obstacle Cluster,mono,90,3,0.7509815692901611,49,49,0.0,45.044422518220834,0.0,0,
36,3,obstacle_cluster,Obstacle Cluster,mono,91,3,0.7509815692901611,49,49,0.0,45.044422518220834,0.0,0,
36,3,obstacle_cluster,Obstacle Cluster,mono,92,3,0.7509815692901611,49,49,0.0,45.044422518220834,0.0,0,
36,3,obstacle_cluster,Obstacle Cluster,mono,93,3,0.7509815692901611,49,49,0.0,45.044422518220834,0.0,0,
36,3,obstacle_cluster,Obstacle Cluster,mono,94,3,0.7509815692901611,49,49,0.0,45.044422518220834,0.0,0,
36,3,obstacle_cluster,Obstacle Cluster,mono,95,3,0.7509815692901611,49,49,0.0,45.044422518220834,0.0,0,
36,3,obstacle_cluster,Obstacle Cluster,mono,96,3,0.7509815692901611,49,49,0.0,45.044422518220834,0.0,0,
36,3,obstacle_cluster,Obstacle Cluster,mono,97,3,0.7509815692901611,49,49,0.0,45.044422518220834,0.0,0,
36,3,obstacle_cluster,Obstacle Cluster,mono,98,3,0.7509815692901611,49,49,0.0,45.044422518220834,0.0,0,
36,3,obstacle_cluster,Obstacle Cluster,mono,99,3,0.7509815692901611,49,49,0.0,45.044422518220834,0.0,0,
36,3,obstacle_cluster,Obstacle Cluster,mono,100,3,0.7509815692901611,49,49,0.0,45.044422518220834,0.0,0,
36,3,obstacle_cluster,Obstacle Cluster,mono,101,3,0.7509815692901611,49,49,0.0,45.044422518220834,0.0,0,
36,3,obstacle_cluster,Obstacle Cluster,mono,102,3,0.7509815692901611,49,49,0.0,45.044422518220834,0.0,0,
36,3,obstacle_cluster,Obstacle Cluster,mono,103,3,0.7509815692901611,49,49,0.0,45.044422518220834,0.0,0,
36,3,obstacle_cluster,Obstacle Cluster,mono,104,3,0.7509815692901611,49,49,0.0,45.044422518220834,0.0,0,
36,3,obstacle_cluster,Obstacle Cluster,mono,105,3,0.7509815692901611,49,49,0.0,45.044422518220834,0.0,0,
36,3,obstacle_cluster,Obstacle Cluster,mono,106,3,0.7509815692901611,49,49,0.0,45.044422518220834,0.0,0,
36,3,obstacle_cluster,Obstacle Cluster,mono,107,3,0.7509815692901611,49,49,0.0,45.044422518220834,0.0,0,
36,3,obstacle_cluster,Obstacle Cluster,mono,108,3,0.7509815692901611,49,49,0.0,45.044422518220834,0.0,0,
36,3,obstacle_cluster,Obstacle Cluster,mono,109,3,0.7509815692901611,49,49,0.0,45.044422518220834,0.0,0,
36,3,obstacle_cluster,Obstacle Cluster,mono,110,3,0.7509815692901611,49,49,0.0,45.044422518220834,0.0,0,
36,3,obstacle_cluster,Obstacle Cluster,mono,111,3,0.7509815692901611,49,49,0.0,45.044422518220834,0.0,0,
36,3,obstacle_cluster,Obstacle Cluster,mono,112,3,0.7509815692901611,49,49,0.0,45.044422518220834,0.0,0,
36,3,obstacle_cluster,Obstacle Cluster,mono,113,3,0.7509815692901611,49,49,0.0,45.044422518220834,0.0,0,
36,3,obstacle_cluster,Obstacle Cluster,mono,114,3,0.7509815692901611,49,49,0.0,45.044422518220834,0.0,0,
36,3,obstacle_cluster,Obstacle Cluster,mono,115,3,0.7509815692901611,49,49,0.0,45.044422518220834,0.0,0,
36,3,obstacle_cluster,Obstacle Cluster,mono,116,3,0.7509815692901611,49,49,0.0,45.044422518220834,0.0,0,
36,3,obstacle_cluster,Obstacle Cluster,mono,117,3,0.7509815692901611,49,49,0.0,45.044422518220834,0.0,0,
36,3,obstacle_cluster,Obstacle Cluster,mono,118,3,0.7509815692901611,49,49,0.0,45.044422518220834,0.0,0,
36,3,obstacle_cluster,Obstacle Cluster,mono,119,3,0.7509815692901611,49,49,0.0,45.044422518220834,0.0,0,
36,3,obstacle_cluster,Obstacle Cluster,mono,120,3,0.7509815692901611,49,49,0.0,45.044422518220834,0.0,0,
36,3,obstacle_cluster,Obstacle Cluster,mono,121,3,0.7509815692901611,49,49,0.0,45.044422518220834,0.0,0,
36,3,obstacle_cluster,Obstacle Cluster,mono,122,3,0.7509815692901611,49,49,0.0,45.044422518220834,0.0,0,
36,3,obstacle_cluster,Obstacle Cluster,mono,123,3,0.7509815692901611,49,49,0.0,45.044422518220834,0.0,0,
36,3,obstacle_cluster,Obstacle Cluster,mono,124,3,0.7509815692901611,49,49,0.0,45.044422518220834,0.0,0,
36,3,obstacle_cluster,Obstacle Cluster,mono,125,3,0.7509815692901611,49,49,0.0,45.044422518220834,0.0,0,
36,3,obstacle_cluster,Obstacle Cluster,mono,126,3,0.7509815692901611,49,49,0.0,45.044422518220834,0.0,0,
36,3,obstacle_cluster,Obstacle Cluster,mono,127,3,0.7509815692901611,49,49,0.0,45.044422518220834,0.0,0,
36,3,obstacle_cluster,Obstacle Cluster,mono,128,3,0.7509815692901611,49,49,0.0,45.044422518220834,0.0,0,
36,3,obstacle_cluster,Obstacle Cluster,mono,129,3,0.7509815692901611,49,49,0.0,45.044422518220834,0.0,0,
36,3,obstacle_cluster,Obstacle Cluster,mono,130,3,0.7509815692901611,49,49,0.0,45.044422518220834,0.0,0,
36,3,obstacle_cluster,Obstacle Cluster,mono,131,3,0.7509815692901611,49,49,0.0,45.044422518220834,0.0,0,
36,3,obstacle_cluster,Obstacle Cluster,mono,132,3,0.7509815692901611,49,49,0.0,45.044422518220834,0.0,0,
36,3,obstacle_cluster,Obstacle Cluster,mono,133,3,0.7509815692901611,49,49,0.0,45.044422518220834,0.0,0,
36,3,obstacle_cluster,Obstacle Cluster,mono,134,3,0.7509815692901611,49,49,0.0,45.044422518220834,0.0,0,
36,3,obstacle_cluster,Obstacle Cluster,mono,135,3,0.7509815692901611,49,49,0.0,45.044422518220834,0.0,0,
36,3,obstacle_cluster,Obstacle Cluster,mono,136,3,0.7509815692901611,49,49,0.0,45.044422518220834,0.0,0,
36,3,obstacle_cluster,Obstacle Cluster,mono,137,3,0.7509815692901611,49,49,0.0,45.044422518220834,0.0,0,
36,3,obstacle_cluster,Obstacle Cluster,mono,138,3,0.7509815692901611,49,49,0.0,45.044422518220834,0.0,0,
36,3,obstacle_cluster,Obstacle Cluster,mono,139,3,0.7509815692901611,49,49,0.0,45.044422518220834,0.0,0,
36,3,obstacle_cluster,Obstacle Cluster,mono,140,3,0.7509815692901611,49,49,0.0,45.044422518220834,0.0,0,
36,3,obstacle_cluster,Obstacle Cluster,mono,141,3,0.7509815692901611,49,49,0.0,45.044422518220834,0.0,0,
36,3,obstacle_cluster,Obstacle Cluster,mono,142,3,0.7509815692901611,49,49,0.0,45.044422518220834,0.0,0,
36,3,obstacle_cluster,Obstacle Cluster,mono,143,3,0.7509815692901611,49,49,0.0,45.044422518220834,0.0,0,
36,3,obstacle_cluster,Obstacle Cluster,mono,144,3,0.7509815692901611,49,49,0.0,45.044422518220834,0.0,0,
36,3,obstacle_cluster,Obstacle Cluster,mono,145,3,0.7509815692901611,49,49,0.0,45.044422518220834,0.0,0,
36,3,obstacle_cluster,Obstacle Cluster,mono,146,3,0.7509815692901611,49,49,0.0,45.044422518220834,0.0,0,
36,3,obstacle_cluster,Obstacle Cluster,mono,147,3,0.7509815692901611,49,49,0.0,45.044422518220834,0.0,0,
36,3,obstacle_cluster,Obstacle Cluster,mono,148,3,0.7509815692901611,49,49,0.0,45.044422518220834,0.0,0,
36,3,obstacle_cluster,Obstacle Cluster,mono,149,3,0.7509815692901611,49,49,0.0,45.044422518220834,0.0,0,
36,3,obstacle_cluster,Obstacle Cluster,mono,150,3,0.7509815692901611,49,49,0.0,45.044422518220834,0.0,0,
36,3,obstacle_cluster,Obstacle Cluster,mono,151,3,0.7509815692901611,49,49,0.0,45.044422518220834,0.0,0,
36,3,obstacle_cluster,Obstacle Cluster,mono,152,3,0.7509815692901611,49,49,0.0,45.044422518220834,0.0,0,
36,3,obstacle_cluster,Obstacle Cluster,mono,153,3,0.7509815692901611,49,49,0.0,45.044422518220834,0.0,0,
36,3,obstacle_cluster,Obstacle Cluster,mono,154,3,0.7509815692901611,49,49,0.0,45.044422518220834,0.0,0,
36,3,obstacle_cluster,Obstacle Cluster,mono,155,3,0.7509815692901611,49,49,0.0,45.044422518220834,0.0,0,
36,3,obstacle_cluster,Obstacle Cluster,mono,156,3,0.7509815692901611,49,49,0.0,45.044422518220834,0.0,0,
36,3,obstacle_cluster,Obstacle Cluster,mono,157,3,0.7509815692901611,49,49,0.0,45.044422518220834,0.0,0,
36,3,obstacle_cluster,Obstacle Cluster,mono,158,3,0.7509815692901611,49,49,0.0,45.044422518220834,0.0,0,
36,3,obstacle_cluster,Obstacle Cluster,mono,159,3,0.7509815692901611,49,49,0.0,45.044422518220834,0.0,0,
36,3,obstacle_cluster,Obstacle Cluster,mono,160,3,0.7509815692901611,49,49,0.0,45.044422518220834,0.0,0,
36,3,obstacle_cluster,Obstacle Cluster,mono,161,3,0.7509815692901611,49,49,0.0,45.044422518220834,0.0,0,
36,3,obstacle_cluster,Obstacle Cluster,mono,162,3,0.7509815692901611,49,49,0.0,45.044422518220834,0.0,0,
36,3,obstacle_cluster,Obstacle Cluster,mono,163,3,0.7509815692901611,49,49,0.0,45.044422518220834,0.0,0,
36,3,obstacle_cluster,Obstacle Cluster,mono,164,3,0.7509815692901611,49,49,0.0,45.044422518220834,0.0,0,
36,3,obstacle_cluster,Obstacle Cluster,mono,165,3,0.7509815692901611,49,49,0.0,45.044422518220834,0.0,0,
36,3,obstacle_cluster,Obstacle Cluster,mono,166,3,0.7509815692901611,49,49,0.0,45.044422518220834,0.0,0,
36,3,obstacle_cluster,Obstacle Cluster,mono,167,3,0.7509815692901611,49,49,0.0,45.044422518220834,0.0,0,
36,3,obstacle_cluster,Obstacle Cluster,mono,168,3,0.7509815692901611,49,49,0.0,45.044422518220834,0.0,0,
36,3,obstacle_cluster,Obstacle Cluster,mono,169,3,0.7509815692901611,49,49,0.0,45.044422518220834,0.0,0,
36,3,obstacle_cluster,Obstacle Cluster,mono,170,3,0.7509815692901611,49,49,0.0,45.044422518220834,0.0,0,
36,3,obstacle_cluster,Obstacle Cluster,mono,171,3,0.7509815692901611,49,49,0.0,45.044422518220834,0.0,0,
36,3,obstacle_cluster,Obstacle Cluster,mono,172,3,0.7509815692901611,49,49,0.0,45.044422518220834,0.0,0,
36,3,obstacle_cluster,Obstacle Cluster,mono,173,3,0.7509815692901611,49,49,0.0,45.044422518220834,0.0,0,
36,3,obstacle_cluster,Obstacle Cluster,mono,174,3,0.7509815692901611,49,49,0.0,45.044422518220834,0.0,0,
36,3,obstacle_cluster,Obstacle Cluster,mono,175,3,0.7509815692901611,49,49,0.0,45.044422518220834,0.0,0,
36,3,obstacle_cluster,Obstacle Cluster,mono,176,3,0.7509815692901611,49,49,0.0,45.044422518220834,0.0,0,
36,3,obstacle_cluster,Obstacle Cluster,mono,177,3,0.7509815692901611,49,49,0.0,45.044422518220834,0.0,0,
36,3,obstacle_cluster,Obstacle Cluster,mono,178,3,0.7509815692901611,49,49,0.0,45.044422518220834,0.0,0,
36,3,obstacle_cluster,Obstacle Cluster,mono,179,3,0.7509815692901611,49,49,0.0,45.044422518220834,0.0,0,
36,3,obstacle_cluster,Obstacle Cluster,mono,180,3,0.7509815692901611,49,49,0.0,45.044422518220834,0.0,0,
36,3,obstacle_cluster,Obstacle Cluster,mono,181,3,0.7509815692901611,49,49,0.0,45.044422518220834,0.0,0,
36,3,obstacle_cluster,Obstacle Cluster,mono,182,3,0.7509815692901611,49,49,0.0,45.044422518220834,0.0,0,
36,3,obstacle_cluster,Obstacle Cluster,mono,183,3,0.7509815692901611,49,49,0.0,45.044422518220834,0.0,0,
36,3,obstacle_cluster,Obstacle Cluster,mono,184,3,0.7509815692901611,49,49,0.0,45.044422518220834,0.0,0,
36,3,obstacle_cluster,Obstacle Cluster,mono,185,3,0.7509815692901611,49,49,0.0,45.044422518220834,0.0,0,
36,3,obstacle_cluster,Obstacle Cluster,mono,186,3,0.7509815692901611,49,49,0.0,45.044422518220834,0.0,0,
36,3,obstacle_cluster,Obstacle Cluster,mono,187,3,0.7509815692901611,49,49,0.0,45.044422518220834,0.0,0,
36,3,obstacle_cluster,Obstacle Cluster,mono,188,3,0.7509815692901611,49,49,0.0,45.044422518220834,0.0,0,
36,3,obstacle_cluster,Obstacle Cluster,mono,189,3,0.7509815692901611,49,49,0.0,45.044422518220834,0.0,0,
36,3,obstacle_cluster,Obstacle Cluster,mono,190,3,0.7509815692901611,49,49,0.0,45.044422518220834,0.0,0,
36,3,obstacle_cluster,Obstacle Cluster,mono,191,3,0.7509815692901611,49,49,0.0,45.044422518220834,0.0,0,
36,3,obstacle_cluster,Obstacle Cluster,mono,192,3,0.7509815692901611,49,49,0.0,45.044422518220834,0.0,0,
36,3,obstacle_cluster,Obstacle Cluster,mono,193,3,0.7509815692901611,49,49,0.0,45.044422518220834,0.0,0,
36,3,obstacle_cluster,Obstacle Cluster,mono,194,3,0.7509815692901611,49,49,0.0,45.044422518220834,0.0,0,
36,3,obstacle_cluster,Obstacle Cluster,mono,195,3,0.7509815692901611,49,49,0.0,45.044422518220834,0.0,0,
36,3,obstacle_cluster,Obstacle Cluster,mono,196,3,0.7509815692901611,49,49,0.0,45.044422518220834,0.0,0,
36,3,obstacle_cluster,Obstacle Cluster,mono,197,3,0.7509815692901611,49,49,0.0,45.044422518220834,0.0,0,
36,3,obstacle_cluster,Obstacle Cluster,mono,198,3,0.7509815692901611,49,49,0.0,45.044422518220834,0.0,0,
36,3,obstacle_cluster,Obstacle Cluster,mono,199,3,0.7509815692901611,49,49,0.0,45.044422518220834,0.0,0,
36,3,obstacle_cluster,Obstacle Cluster,mono,200,3,0.7509815692901611,49,49,0.0,45.044422518220834,0.0,0,
37,3,lateral_maneuver,Lateral Maneuver,stereo,1,3,0.987880289554596,3,2,0.0,55.31726674375732,1.4101516709740167,0,
37,3,lateral_maneuver,Lateral Maneuver,stereo,2,3,0.986635148525238,4,3,0.0,53.907327887774215,1.409938855983107,0,
37,3,lateral_maneuver,Lateral Maneuver,stereo,3,3,0.9853464365005493,5,4,0.0,52.49761899362675,1.4097088941474638,0,
37,3,lateral_maneuver,Lateral Maneuver,stereo,4,3,0.9840631484985352,6,5,0.0,51.088159097779204,1.4094598958475473,0,
37,3,lateral_maneuver,Lateral Maneuver,stereo,5,3,0.982754647731781,7,6,0.0,49.678969393496885,1.4091897042823192,0,
37,3,lateral_maneuver,Lateral Maneuver,stereo,6,3,0.9814298748970032,8,7,0.0,48.27007354458868,1.4088958489082017,0,
37,3,lateral_maneuver,Lateral Maneuver,stereo,7,3,0.9800869226455688,9,8,0.0,46.861498055439924,1.4085754891487596,0,
37,3,lateral_maneuver,Lateral Maneuver,stereo,8,3,0.9787799119949341,10,9,0.0,45.45327270945405,1.4082253459858762,0,
37,3,lateral_maneuver,Lateral Maneuver,stereo,9,3,0.9774802923202515,11,10,0.01948302611708641,44.04543109109048,1.4078416183635696,0,
37,3,lateral_maneuver,Lateral Maneuver,stereo,10,3,0.9761711955070496,12,11,0.35918208956718445,42.638011210655684,1.4074198804347944,0,
37,3,lateral_maneuver,Lateral Maneuver,stereo,11,3,0.9749255180358887,13,12,0.1888502985239029,41.23105625617661,1.406954954479076,0,
37,3,lateral_maneuver,Lateral Maneuver,stereo,12,3,0.9737277626991272,14,13,0.0,39.824615503479755,1.4064407526968523,0,
37,3,lateral_maneuver,Lateral Maneuver,stereo,13,3,0.9726190567016602,15,14,0.0,38.41874542459709,1.4058700788826641,0,
37,3,lateral_maneuver,Lateral Maneuver,stereo,14,3,0.9715988039970398,16,15,0.0,37.013511046643494,1.4052343779535974,0,
37,3,lateral_maneuver,Lateral Maneuver,stereo,15,3,0.9706272482872009,17,16,0.0,35.608987629529715,1.4045234171137793,0,
37,3,lateral_maneuver,Lateral Maneuver,stereo,16,3,0.969801127910614,18,17,0.43711408972740173,34.20526275297414,1.4037248765555717,0,
37,3,lateral_maneuver,Lateral Maneuver,stereo,17,3,0.9691616892814636,19,18,0.04205247014760971,32.802438933713454,1.4028238192606892,0,
37,3,lateral_maneuver,Lateral Maneuver,stereo,18,3,0.9685719609260559,20,19,0.06751542538404465,31.400636936215164,1.4018019974982892,0,
37,3,lateral_maneuver,Lateral Maneuver,stereo,19,3,0.9680817127227783,21,20,0.20910492539405823,30.0,1.4006369362151645,0,
37,3,lateral_maneuver,Lateral Maneuver,stereo,20,3,0.9676291942596436,22,21,0.3300539553165436,28.600699292150182,1.399300707849818,0,
37,3,lateral_maneuver,Lateral Maneuver,stereo,21,3,0.9672576785087585,23,22,0.3047839105129242,27.202941017470888,1.397758274679294,0,
37,3,lateral_maneuver,Lateral Maneuver,stereo,22,3,0.9670215249061584,24,23,0.13599535822868347,25.80697580112788,1.3959652163430079,0,
37,3,lateral_maneuver,Lateral Maneuver,stereo,23,3,0.9668583273887634,25,24,0.011574073694646358,24.413111231467404,1.393864569660476,0,
37,3,lateral_maneuver,Lateral Maneuver,stereo,24,3,0.9667593836784363,26,25,0.1861496865749359,23.021728866442675,1.3913823650247288,0,
37,3,lateral_maneuver,Lateral Maneuver,stereo,25,3,0.9666476845741272,27,26,0.0,21.633307652783937,1.388421213658738,0,
37,3,lateral_maneuver,Lateral Maneuver,stereo,26,3,0.9664642214775085,28,27,0.0,20.248456731316587,1.3848509214673506,0,
37,3,lateral_maneuver,Lateral Maneuver,stereo,27,3,0.9663277268409729,29,28,0.08873456716537476,18.867962264113206,1.3804944672033805,0,
37,3,lateral_maneuver,Lateral Maneuver,stereo,28,3,0.9662498235702515,30,29,0.6153548359870911,17.4928556845359,1.3751065795773059,0,
37,3,lateral_maneuver,Lateral Maneuver,stereo,29,3,0.9662083387374878,31,30,0.09510030597448349,16.1245154965971,1.3683401879388022,0,
37,3,lateral_maneuver,Lateral Maneuver,stereo,30,3,0.9661915302276611,32,31,0.31886568665504456,14.7648230602334,1.359692436363698,0,
37,3,lateral_maneuver,Lateral Maneuver,stereo,31,3,0.9661209583282471,33,32,0.0,13.416407864998739,1.3484151952346615,0,
37,3,lateral_maneuver,Lateral Maneuver,stereo,32,3,0.9660363793373108,34,33,0.0,12.083045973594572,1.3333618914041665,0,
37,3,lateral_maneuver,Lateral Maneuver,stereo,33,3,0.9660230278968811,35,34,0.04822530597448349,10.770329614269007,1.3127163593255649,0,
37,3,lateral_maneuver,Lateral Maneuver,stereo,34,3,0.9658383131027222,36,35,0.01986882835626602,9.486832980505138,1.2834966337638694,0,
37,3,lateral_maneuver,Lateral Maneuver,stereo,35,3,0.965377151966095,37,36,0.3863811492919922,8.246211251235321,1.240621729269817,0,
37,3,lateral_maneuver,Lateral Maneuver,stereo,36,3,0.9648943543434143,38,37,0.0,7.0710678118654755,1.1751434393698457,0,
37,3,lateral_maneuver,Lateral Maneuver,stereo,37,3,0.9644433856010437,39,38,0.007716049440205097,6.0,1.0710678118654755,0,
37,3,lateral_maneuver,Lateral Maneuver,stereo,38,3,0.9639416933059692,40,39,0.5073301792144775,5.0990195135927845,0.9009804864072155,0,
37,3,lateral_maneuver,Lateral Maneuver,stereo,39,3,0.9636648297309875,41,40,0.24498455226421356,4.47213595499958,0.6268835585932049,0,
37,3,lateral_maneuver,Lateral Maneuver,stereo,40,3,0.9634531140327454,42,41,0.3933255672454834,4.242640687119285,0.22949526788029484,0,
37,3,lateral_maneuver,Lateral Maneuver,stereo,41,3,0.9632217884063721,43,42,0.22299379110336304,4.47213595499958,-0.22949526788029484,0,
37,3,lateral_maneuver,Lateral Maneuver,stereo,42,3,0.9630841016769409,44,43,0.35358792543411255,5.0990195135927845,-0.6268835585932049,0,
37,3,lateral_maneuver,Lateral Maneuver,stereo,43,3,0.9629735350608826,45,44,0.12249227613210678,6.0,-0.9009804864072155,0,
37,3,lateral_maneuver,Lateral Maneuver,stereo,44,3,0.9629294276237488,46,45,0.0,7.0710678118654755,-1.0710678118654755,0,
37,3,lateral_maneuver,Lateral Maneuver,stereo,45,3,0.9627658724784851,47,46,0.2941744029521942,8.246211251235321,-1.1751434393698457,0,
37,3,lateral_maneuver,Lateral Maneuver,stereo,46,3,0.9624937772750854,48,47,0.0,9.486832980505138,-1.240621729269817,0,
37,3,lateral_maneuver,Lateral Maneuver,stereo,47,3,0.9622799158096313,49,48,0.027006173506379128,10.770329614269007,-1.2834966337638694,0,
37,3,lateral_maneuver,Lateral Maneuver,stereo,48,3,0.9619765877723694,49,49,0.011574074625968933,11.704699910719626,-0.9343702964506182,0,
37,3,lateral_maneuver,Lateral Maneuver,stereo,49,3,0.962297797203064,49,49,0.011574074625968933,11.704699910719626,0.0,0,
37,3,lateral_maneuver,Lateral Maneuver,stereo,50,3,0.962297797203064,49,49,0.011574074625968933,11.704699910719626,0.0,0,
37,3,lateral_maneuver,Lateral Maneuver,stereo,51,3,0.962297797203064,49,49,0.011574074625968933,11.704699910719626,0.0,0,
37,3,lateral_maneuver,Lateral Maneuver,stereo,52,3,0.962297797203064,49,49,0.011574074625968933,11.704699910719626,0.0,0,
37,3,lateral_maneuver,Lateral Maneuver,stereo,53,3,0.962297797203064,49,49,0.011574074625968933,11.704699910719626,0.0,0,
37,3,lateral_maneuver,Lateral Maneuver,stereo,54,3,0.962297797203064,49,49,0.011574074625968933,11.704699910719626,0.0,0,
37,3,lateral_maneuver,Lateral Maneuver,stereo,55,3,0.962297797203064,49,49,0.011574074625968933,11.704699910719626,0.0,0,
37,3,lateral_maneuver,Lateral Maneuver,stereo,56,3,0.962297797203064,49,49,0.011574074625968933,11.704699910719626,0.0,0,
37,3,lateral_maneuver,Lateral Maneuver,stereo,57,3,0.962297797203064,49,49,0.011574074625968933,11.704699910719626,0.0,0,
37,3,lateral_maneuver,Lateral Maneuver,stereo,58,3,0.962297797203064,49,49,0.011574074625968933,11.704699910719626,0.0,0,
37,3,lateral_maneuver,Lateral Maneuver,stereo,59,3,0.962297797203064,49,49,0.011574074625968933,11.704699910719626,0.0,0,
37,3,lateral_maneuver,Lateral Maneuver,stereo,60,3,0.962297797203064,49,49,0.011574074625968933,11.704699910719626,0.0,0,
37,3,lateral_maneuver,Lateral Maneuver,stereo,61,3,0.962297797203064,49,49,0.011574074625968933,11.704699910719626,0.0,0,
37,3,lateral_maneuver,Lateral Maneuver,stereo,62,3,0.962297797203064,49,49,0.011574074625968933,11.704699910719626,0.0,0,
37,3,lateral_maneuver,Lateral Maneuver,stereo,63,3,0.962297797203064,49,49,0.011574074625968933,11.704699910719626,0.0,0,
37,3,lateral_maneuver,Lateral Maneuver,stereo,64,3,0.962297797203064,49,49,0.011574074625968933,11.704699910719626,0.0,0,
37,3,lateral_maneuver,Lateral Maneuver,stereo,65,3,0.962297797203064,49,49,0.011574074625968933,11.704699910719626,0.0,0,
37,3,lateral_maneuver,Lateral Maneuver,stereo,66,3,0.962297797203064,49,49,0.011574074625968933,11.704699910719626,0.0,0,
37,3,lateral_maneuver,Lateral Maneuver,stereo,67,3,0.962297797203064,49,49,0.011574074625968933,11.704699910719626,0.0,0,
37,3,lateral_maneuver,Lateral Maneuver,stereo,68,3,0.962297797203064,49,49,0.011574074625968933,11.704699910719626,0.0,0,
37,3,lateral_maneuver,Lateral Maneuver,stereo,69,3,0.962297797203064,49,49,0.011574074625968933,11.704699910719626,0.0,0,
37,3,lateral_maneuver,Lateral Maneuver,stereo,70,3,0.962297797203064,49,49,0.011574074625968933,11.704699910719626,0.0,0,
37,3,lateral_maneuver,Lateral Maneuver,stereo,71,3,0.962297797203064,49,49,0.011574074625968933,11.704699910719626,0.0,0,
37,3,lateral_maneuver,Lateral Maneuver,stereo,72,3,0.962297797203064,49,49,0.011574074625968933,11.704699910719626,0.0,0,
37,3,lateral_maneuver,Lateral Maneuver,stereo,73,3,0.962297797203064,49,49,0.011574074625968933,11.704699910719626,0.0,0,
37,3,lateral_maneuver,Lateral Maneuver,stereo,74,3,0.962297797203064,49,49,0.011574074625968933,11.704699910719626,0.0,0,
37,3,lateral_maneuver,Lateral Maneuver,stereo,75,3,0.962297797203064,49,49,0.011574074625968933,11.704699910719626,0.0,0,
37,3,lateral_maneuver,Lateral Maneuver,stereo,76,3,0.962297797203064,49,49,0.011574074625968933,11.704699910719626,0.0,0,
37,3,lateral_maneuver,Lateral Maneuver,stereo,77,3,0.962297797203064,49,49,0.011574074625968933,11.704699910719626,0.0,0,
37,3,lateral_maneuver,Lateral Maneuver,stereo,78,3,0.962297797203064,49,49,0.011574074625968933,11.704699910719626,0.0,0,
37,3,lateral_maneuver,Lateral Maneuver,stereo,79,3,0.962297797203064,49,49,0.011574074625968933,11.704699910719626,0.0,0,
37,3,lateral_maneuver,Lateral Maneuver,stereo,80,3,0.962297797203064,49,49,0.011574074625968933,11.704699910719626,0.0,0,
37,3,lateral_maneuver,Lateral Maneuver,stereo,81,3,0.962297797203064,49,49,0.011574074625968933,11.704699910719626,0.0,0,
37,3,lateral_maneuver,Lateral Maneuver,stereo,82,3,0.962297797203064,49,49,0.011574074625968933,11.704699910719626,0.0,0,
37,3,lateral_maneuver,Lateral Maneuver,stereo,83,3,0.962297797203064,49,49,0.011574074625968933,11.704699910719626,0.0,0,
37,3,lateral_maneuver,Lateral Maneuver,stereo,84,3,0.962297797203064,49,49,0.011574074625968933,11.704699910719626,0.0,0,
37,3,lateral_maneuver,Lateral Maneuver,stereo,85,3,0.962297797203064,49,49,0.011574074625968933,11.704699910719626,0.0,0,
37,3,lateral_maneuver,Lateral Maneuver,stereo,86,3,0.962297797203064,49,49,0.011574074625968933,11.704699910719626,0.0,0,
37,3,lateral_maneuver,Lateral Maneuver,stereo,87,3,0.962297797203064,49,49,0.011574074625968933,11.704699910719626,0.0,0,
37,3,lateral_maneuver,Lateral Maneuver,stereo,88,3,0.962297797203064,49,49,0.011574074625968933,11.704699910719626,0.0,0,
37,3,lateral_maneuver,Lateral Maneuver,stereo,89,3,0.962297797203064,49,49,0.011574074625968933,11.704699910719626,0.0,0,
37,3,lateral_maneuver,Lateral Maneuver,stereo,90,3,0.962297797203064,49,49,0.011574074625968933,11.704699910719626,0.0,0,
37,3,lateral_maneuver,Lateral Maneuver,stereo,91,3,0.962297797203064,49,49,0.011574074625968933,11.704699910719626,0.0,0,
37,3,lateral_maneuver,Lateral Maneuver,stereo,92,3,0.962297797203064,49,49,0.011574074625968933,11.704699910719626,0.0,0,
37,3,lateral_maneuver,Lateral Maneuver,stereo,93,3,0.962297797203064,49,49,0.011574074625968933,11.704699910719626,0.0,0,
37,3,lateral_maneuver,Lateral Maneuver,stereo,94,3,0.962297797203064,49,49,0.011574074625968933,11.704699910719626,0.0,0,
37,3,lateral_maneuver,Lateral Maneuver,stereo,95,3,0.962297797203064,49,49,0.011574074625968933,11.704699910719626,0.0,0,
37,3,lateral_maneuver,Lateral Maneuver,stereo,96,3,0.962297797203064,49,49,0.011574074625968933,11.704699910719626,0.0,0,
37,3,lateral_maneuver,Lateral Maneuver,stereo,97,3,0.962297797203064,49,49,0.011574074625968933,11.704699910719626,0.0,0,
37,3,lateral_maneuver,Lateral Maneuver,stereo,98,3,0.962297797203064,49,49,0.011574074625968933,11.704699910719626,0.0,0,
37,3,lateral_maneuver,Lateral Maneuver,stereo,99,3,0.962297797203064,49,49,0.011574074625968933,11.704699910719626,0.0,0,
37,3,lateral_maneuver,Lateral Maneuver,stereo,100,3,0.962297797203064,49,49,0.011574074625968933,11.704699910719626,0.0,0,
37,3,lateral_maneuver,Lateral Maneuver,stereo,101,3,0.962297797203064,49,49,0.011574074625968933,11.704699910719626,0.0,0,
37,3,lateral_maneuver,Lateral Maneuver,stereo,102,3,0.962297797203064,49,49,0.011574074625968933,11.704699910719626,0.0,0,
37,3,lateral_maneuver,Lateral Maneuver,stereo,103,3,0.962297797203064,49,49,0.011574074625968933,11.704699910719626,0.0,0,
37,3,lateral_maneuver,Lateral Maneuver,stereo,104,3,0.962297797203064,49,49,0.011574074625968933,11.704699910719626,0.0,0,
37,3,lateral_maneuver,Lateral Maneuver,stereo,105,3,0.962297797203064,49,49,0.011574074625968933,11.704699910719626,0.0,0,
37,3,lateral_maneuver,Lateral Maneuver,stereo,106,3,0.962297797203064,49,49,0.011574074625968933,11.704699910719626,0.0,0,
37,3,lateral_maneuver,Lateral Maneuver,stereo,107,3,0.962297797203064,49,49,0.011574074625968933,11.704699910719626,0.0,0,
37,3,lateral_maneuver,Lateral Maneuver,stereo,108,3,0.962297797203064,49,49,0.011574074625968933,11.704699910719626,0.0,0,
37,3,lateral_maneuver,Lateral Maneuver,stereo,109,3,0.962297797203064,49,49,0.011574074625968933,11.704699910719626,0.0,0,
37,3,lateral_maneuver,Lateral Maneuver,stereo,110,3,0.962297797203064,49,49,0.011574074625968933,11.704699910719626,0.0,0,
37,3,lateral_maneuver,Lateral Maneuver,stereo,111,3,0.962297797203064,49,49,0.011574074625968933,11.704699910719626,0.0,0,
37,3,lateral_maneuver,Lateral Maneuver,stereo,112,3,0.962297797203064,49,49,0.011574074625968933,11.704699910719626,0.0,0,
37,3,lateral_maneuver,Lateral Maneuver,stereo,113,3,0.962297797203064,49,49,0.011574074625968933,11.704699910719626,0.0,0,
37,3,lateral_maneuver,Lateral Maneuver,stereo,114,3,0.962297797203064,49,49,0.011574074625968933,11.704699910719626,0.0,0,
37,3,lateral_maneuver,Lateral Maneuver,stereo,115,3,0.962297797203064,49,49,0.011574074625968933,11.704699910719626,0.0,0,
37,3,lateral_maneuver,Lateral Maneuver,stereo,116,3,0.962297797203064,49,49,0.011574074625968933,11.704699910719626,0.0,0,
37,3,lateral_maneuver,Lateral Maneuver,stereo,117,3,0.962297797203064,49,49,0.011574074625968933,11.704699910719626,0.0,0,
37,3,lateral_maneuver,Lateral Maneuver,stereo,118,3,0.962297797203064,49,49,0.011574074625968933,11.704699910719626,0.0,0,
37,3,lateral_maneuver,Lateral Maneuver,stereo,119,3,0.962297797203064,49,49,0.011574074625968933,11.704699910719626,0.0,0,
37,3,lateral_maneuver,Lateral Maneuver,stereo,120,3,0.962297797203064,49,49,0.011574074625968933,11.704699910719626,0.0,0,
37,3,lateral_maneuver,Lateral Maneuver,stereo,121,3,0.962297797203064,49,49,0.011574074625968933,11.704699910719626,0.0,0,
37,3,lateral_maneuver,Lateral Maneuver,stereo,122,3,0.962297797203064,49,49,0.011574074625968933,11.704699910719626,0.0,0,
37,3,lateral_maneuver,Lateral Maneuver,stereo,123,3,0.962297797203064,49,49,0.011574074625968933,11.704699910719626,0.0,0,
37,3,lateral_maneuver,Lateral Maneuver,stereo,124,3,0.962297797203064,49,49,0.011574074625968933,11.704699910719626,0.0,0,
37,3,lateral_maneuver,Lateral Maneuver,stereo,125,3,0.962297797203064,49,49,0.011574074625968933,11.704699910719626,0.0,0,
37,3,lateral_maneuver,Lateral Maneuver,stereo,126,3,0.962297797203064,49,49,0.011574074625968933,11.704699910719626,0.0,0,
37,3,lateral_maneuver,Lateral Maneuver,stereo,127,3,0.962297797203064,49,49,0.011574074625968933,11.704699910719626,0.0,0,
37,3,lateral_maneuver,Lateral Maneuver,stereo,128,3,0.962297797203064,49,49,0.011574074625968933,11.704699910719626,0.0,0,
37,3,lateral_maneuver,Lateral Maneuver,stereo,129,3,0.962297797203064,49,49,0.011574074625968933,11.704699910719626,0.0,0,
37,3,lateral_maneuver,Lateral Maneuver,stereo,130,3,0.962297797203064,49,49,0.011574074625968933,11.704699910719626,0.0,0,
37,3,lateral_maneuver,Lateral Maneuver,stereo,131,3,0.962297797203064,49,49,0.011574074625968933,11.704699910719626,0.0,0,
37,3,lateral_maneuver,Lateral Maneuver,stereo,132,3,0.962297797203064,49,49,0.011574074625968933,11.704699910719626,0.0,0,
37,3,lateral_maneuver,Lateral Maneuver,stereo,133,3,0.962297797203064,49,49,0.011574074625968933,11.704699910719626,0.0,0,
37,3,lateral_maneuver,Lateral Maneuver,stereo,134,3,0.962297797203064,49,49,0.011574074625968933,11.704699910719626,0.0,0,
37,3,lateral_maneuver,Lateral Maneuver,stereo,135,3,0.962297797203064,49,49,0.011574074625968933,11.704699910719626,0.0,0,
37,3,lateral_maneuver,Lateral Maneuver,stereo,136,3,0.962297797203064,49,49,0.011574074625968933,11.704699910719626,0.0,0,
37,3,lateral_maneuver,Lateral Maneuver,stereo,137,3,0.962297797203064,49,49,0.011574074625968933,11.704699910719626,0.0,0,
37,3,lateral_maneuver,Lateral Maneuver,stereo,138,3,0.962297797203064,49,49,0.011574074625968933,11.704699910719626,0.0,0,
37,3,lateral_maneuver,Lateral Maneuver,stereo,139,3,0.962297797203064,49,49,0.011574074625968933,11.704699910719626,0.0,0,
37,3,lateral_maneuver,Lateral Maneuver,stereo,140,3,0.962297797203064,49,49,0.011574074625968933,11.704699910719626,0.0,0,
37,3,lateral_maneuver,Lateral Maneuver,stereo,141,3,0.962297797203064,49,49,0.011574074625968933,11.704699910719626,0.0,0,
37,3,lateral_maneuver,Lateral Maneuver,stereo,142,3,0.962297797203064,49,49,0.011574074625968933,11.704699910719626,0.0,0,
37,3,lateral_maneuver,Lateral Maneuver,stereo,143,3,0.962297797203064,49,49,0.011574074625968933,11.704699910719626,0.0,0,
37,3,lateral_maneuver,Lateral Maneuver,stereo,144,3,0.962297797203064,49,49,0.011574074625968933,11.704699910719626,0.0,0,
37,3,lateral_maneuver,Lateral Maneuver,stereo,145,3,0.962297797203064,49,49,0.011574074625968933,11.704699910719626,0.0,0,
37,3,lateral_maneuver,Lateral Maneuver,stereo,146,3,0.962297797203064,49,49,0.011574074625968933,11.704699910719626,0.0,0,
37,3,lateral_maneuver,Lateral Maneuver,stereo,147,3,0.962297797203064,49,49,0.011574074625968933,11.704699910719626,0.0,0,
37,3,lateral_maneuver,Lateral Maneuver,stereo,148,3,0.962297797203064,49,49,0.011574074625968933,11.704699910719626,0.0,0,
37,3,lateral_maneuver,Lateral Maneuver,stereo,149,3,0.962297797203064,49,49,0.011574074625968933,11.704699910719626,0.0,0,
37,3,lateral_maneuver,Lateral Maneuver,stereo,150,3,0.962297797203064,49,49,0.011574074625968933,11.704699910719626,0.0,0,
37,3,lateral_maneuver,Lateral Maneuver,stereo,151,3,0.962297797203064,49,49,0.011574074625968933,11.704699910719626,0.0,0,
37,3,lateral_maneuver,Lateral Maneuver,stereo,152,3,0.962297797203064,49,49,0.011574074625968933,11.704699910719626,0.0,0,
37,3,lateral_maneuver,Lateral Maneuver,stereo,153,3,0.962297797203064,49,49,0.011574074625968933,11.704699910719626,0.0,0,
37,3,lateral_maneuver,Lateral Maneuver,stereo,154,3,0.962297797203064,49,49,0.011574074625968933,11.704699910719626,0.0,0,
37,3,lateral_maneuver,Lateral Maneuver,stereo,155,3,0.962297797203064,49,49,0.011574074625968933,11.704699910719626,0.0,0,
37,3,lateral_maneuver,Lateral Maneuver,stereo,156,3,0.962297797203064,49,49,0.011574074625968933,11.704699910719626,0.0,0,
37,3,lateral_maneuver,Lateral Maneuver,stereo,157,3,0.962297797203064,49,49,0.011574074625968933,11.704699910719626,0.0,0,
37,3,lateral_maneuver,Lateral Maneuver,stereo,158,3,0.962297797203064,49,49,0.011574074625968933,11.704699910719626,0.0,0,
37,3,lateral_maneuver,Lateral Maneuver,stereo,159,3,0.962297797203064,49,49,0.011574074625968933,11.704699910719626,0.0,0,
37,3,lateral_maneuver,Lateral Maneuver,stereo,160,3,0.962297797203064,49,49,0.011574074625968933,11.704699910719626,0.0,0,
37,3,lateral_maneuver,Lateral Maneuver,stereo,161,3,0.962297797203064,49,49,0.011574074625968933,11.704699910719626,0.0,0,
37,3,lateral_maneuver,Lateral Maneuver,stereo,162,3,0.962297797203064,49,49,0.011574074625968933,11.704699910719626,0.0,0,
37,3,lateral_maneuver,Lateral Maneuver,stereo,163,3,0.962297797203064,49,49,0.011574074625968933,11.704699910719626,0.0,0,
37,3,lateral_maneuver,Lateral Maneuver,stereo,164,3,0.962297797203064,49,49,0.011574074625968933,11.704699910719626,0.0,0,
37,3,lateral_maneuver,Lateral Maneuver,stereo,165,3,0.962297797203064,49,49,0.011574074625968933,11.704699910719626,0.0,0,
37,3,lateral_maneuver,Lateral Maneuver,stereo,166,3,0.962297797203064,49,49,0.011574074625968933,11.704699910719626,0.0,0,
37,3,lateral_maneuver,Lateral Maneuver,stereo,167,3,0.962297797203064,49,49,0.011574074625968933,11.704699910719626,0.0,0,
37,3,lateral_maneuver,Lateral Maneuver,stereo,168,3,0.962297797203064,49,49,0.011574074625968933,11.704699910719626,0.0,0,
37,3,lateral_maneuver,Lateral Maneuver,stereo,169,3,0.962297797203064,49,49,0.011574074625968933,11.704699910719626,0.0,0,
37,3,lateral_maneuver,Lateral Maneuver,stereo,170,3,0.962297797203064,49,49,0.011574074625968933,11.704699910719626,0.0,0,
37,3,lateral_maneuver,Lateral Maneuver,stereo,171,3,0.962297797203064,49,49,0.011574074625968933,11.704699910719626,0.0,0,
37,3,lateral_maneuver,Lateral Maneuver,stereo,172,3,0.962297797203064,49,49,0.011574074625968933,11.704699910719626,0.0,0,
37,3,lateral_maneuver,Lateral Maneuver,stereo,173,3,0.962297797203064,49,49,0.011574074625968933,11.704699910719626,0.0,0,
37,3,lateral_maneuver,Lateral Maneuver,stereo,174,3,0.962297797203064,49,49,0.011574074625968933,11.704699910719626,0.0,0,
37,3,lateral_maneuver,Lateral Maneuver,stereo,175,3,0.962297797203064,49,49,0.011574074625968933,11.704699910719626,0.0,0,
37,3,lateral_maneuver,Lateral Maneuver,stereo,176,3,0.962297797203064,49,49,0.011574074625968933,11.704699910719626,0.0,0,
37,3,lateral_maneuver,Lateral Maneuver,stereo,177,3,0.962297797203064,49,49,0.011574074625968933,11.704699910719626,0.0,0,
37,3,lateral_maneuver,Lateral Maneuver,stereo,178,3,0.962297797203064,49,49,0.011574074625968933,11.704699910719626,0.0,0,
37,3,lateral_maneuver,Lateral Maneuver,stereo,179,3,0.962297797203064,49,49,0.011574074625968933,11.704699910719626,0.0,0,
37,3,lateral_maneuver,Lateral Maneuver,stereo,180,3,0.962297797203064,49,49,0.011574074625968933,11.704699910719626,0.0,0,
37,3,lateral_maneuver,Lateral Maneuver,stereo,181,3,0.962297797203064,49,49,0.011574074625968933,11.704699910719626,0.0,0,
37,3,lateral_maneuver,Lateral Maneuver,stereo,182,3,0.962297797203064,49,49,0.011574074625968933,11.704699910719626,0.0,0,
37,3,lateral_maneuver,Lateral Maneuver,stereo,183,3,0.962297797203064,49,49,0.011574074625968933,11.704699910719626,0.0,0,
37,3,lateral_maneuver,Lateral Maneuver,stereo,184,3,0.962297797203064,49,49,0.011574074625968933,11.704699910719626,0.0,0,
37,3,lateral_maneuver,Lateral Maneuver,stereo,185,3,0.962297797203064,49,49,0.011574074625968933,11.704699910719626,0.0,0,
37,3,lateral_maneuver,Lateral Maneuver,stereo,186,3,0.962297797203064,49,49,0.011574074625968933,11.704699910719626,0.0,0,
37,3,lateral_maneuver,Lateral Maneuver,stereo,187,3,0.962297797203064,49,49,0.011574074625968933,11.704699910719626,0.0,0,
37,3,lateral_maneuver,Lateral Maneuver,stereo,188,3,0.962297797203064,49,49,0.011574074625968933,11.704699910719626,0.0,0,
37,3,lateral_maneuver,Lateral Maneuver,stereo,189,3,0.962297797203064,49,49,0.011574074625968933,11.704699910719626,0.0,0,
37,3,lateral_maneuver,Lateral Maneuver,stereo,190,3,0.962297797203064,49,49,0.011574074625968933,11.704699910719626,0.0,0,
37,3,lateral_maneuver,Lateral Maneuver,stereo,191,3,0.962297797203064,49,49,0.011574074625968933,11.704699910719626,0.0,0,
37,3,lateral_maneuver,Lateral Maneuver,stereo,192,3,0.962297797203064,49,49,0.011574074625968933,11.704699910719626,0.0,0,
37,3,lateral_maneuver,Lateral Maneuver,stereo,193,3,0.962297797203064,49,49,0.011574074625968933,11.704699910719626,0.0,0,
37,3,lateral_maneuver,Lateral Maneuver,stereo,194,3,0.962297797203064,49,49,0.011574074625968933,11.704699910719626,0.0,0,
37,3,lateral_maneuver,Lateral Maneuver,stereo,195,3,0.962297797203064,49,49,0.011574074625968933,11.704699910719626,0.0,0,
37,3,lateral_maneuver,Lateral Maneuver,stereo,196,3,0.962297797203064,49,49,0.011574074625968933,11.704699910719626,0.0,0,
37,3,lateral_maneuver,Lateral Maneuver,stereo,197,3,0.962297797203064,49,49,0.011574074625968933,11.704699910719626,0.0,0,
37,3,lateral_maneuver,Lateral Maneuver,stereo,198,3,0.962297797203064,49,49,0.011574074625968933,11.704699910719626,0.0,0,
37,3,lateral_maneuver,Lateral Maneuver,stereo,199,3,0.962297797203064,49,49,0.011574074625968933,11.704699910719626,0.0,0,
37,3,lateral_maneuver,Lateral Maneuver,stereo,200,3,0.962297797203064,49,49,0.011574074625968933,11.704699910719626,0.0,0,
38,3,lateral_maneuver,Lateral Maneuver,mono,1,3,1.0,3,2,0.0,55.31726674375732,1.4101516709740167,0,
38,3,lateral_maneuver,Lateral Maneuver,mono,2,3,0.9999998807907104,4,3,0.0,53.907327887774215,1.409938855983107,0,
38,3,lateral_maneuver,Lateral Maneuver,mono,3,3,0.9999998807907104,5,4,0.0,52.49761899362675,1.4097088941474638,0,
38,3,lateral_maneuver,Lateral Maneuver,mono,4,3,0.9999998807907104,6,5,0.0,51.088159097779204,1.4094598958475473,0,
38,3,lateral_maneuver,Lateral Maneuver,mono,5,3,0.9999998807907104,7,6,0.0,49.678969393496885,1.4091897042823192,0,
38,3,lateral_maneuver,Lateral Maneuver,mono,6,3,0.9999998807907104,8,7,0.0,48.27007354458868,1.4088958489082017,0,
38,3,lateral_maneuver,Lateral Maneuver,mono,7,3,0.9999998807907104,9,8,0.0,46.861498055439924,1.4085754891487596,0,
38,3,lateral_maneuver,Lateral Maneuver,mono,8,3,0.9999998807907104,10,9,0.0,45.45327270945405,1.4082253459858762,0,
38,3,lateral_maneuver,Lateral Maneuver,mono,9,3,0.9999998807907104,11,10,0.0,44.04543109109048,1.4078416183635696,0,
38,3,lateral_maneuver,Lateral Maneuver,mono,10,3,0.9999997615814209,12,11,0.0,42.638011210655684,1.4074198804347944,0,
38,3,lateral_maneuver,Lateral Maneuver,mono,11,3,0.9999997615814209,13,12,0.0,41.23105625617661,1.406954954479076,0,
38,3,lateral_maneuver,Lateral Maneuver,mono,12,3,0.9999997615814209,14,13,0.0,39.824615503479755,1.4064407526968523,0,
38,3,lateral_maneuver,Lateral Maneuver,mono,13,3,0.9999997615814209,15,14,0.0,38.41874542459709,1.4058700788826641,0,
38,3,lateral_maneuver,Lateral Maneuver,mono,14,3,0.9999997615814209,16,15,0.0,37.013511046643494,1.4052343779535974,0,
38,3,lateral_maneuver,Lateral Maneuver,mono,15,3,0.9999996423721313,17,16,0.0,35.608987629529715,1.4045234171137793,0,
38,3,lateral_maneuver,Lateral Maneuver,mono,16,3,0.9999996423721313,18,17,0.0,34.20526275297414,1.4037248765555717,0,
38,3,lateral_maneuver,Lateral Maneuver,mono,17,3,0.9999996423721313,19,18,0.0,32.802438933713454,1.4028238192606892,0,
38,3,lateral_maneuver,Lateral Maneuver,mono,18,3,0.9999996423721313,20,19,0.0,31.400636936215164,1.4018019974982892,0,
38,3,lateral_maneuver,Lateral Maneuver,mono,19,3,0.9999996423721313,21,20,0.0,30.0,1.4006369362151645,0,
38,3,lateral_maneuver,Lateral Maneuver,mono,20,3,0.9999996423721313,22,21,0.0,28.600699292150182,1.399300707849818,0,
38,3,lateral_maneuver,Lateral Maneuver,mono,21,3,0.9999996423721313,23,22,0.0,27.202941017470888,1.397758274679294,0,
38,3,lateral_maneuver,Lateral Maneuver,mono,22,3,0.9999995231628418,24,23,0.0,25.80697580112788,1.3959652163430079,0,
38,3,lateral_maneuver,Lateral Maneuver,mono,23,3,0.9999995231628418,25,24,0.0,24.413111231467404,1.393864569660476,0,
38,3,lateral_maneuver,Lateral Maneuver,mono,24,3,0.9999995231628418,26,25,0.0,23.021728866442675,1.3913823650247288,0,
38,3,lateral_maneuver,Lateral Maneuver,mono,25,3,0.9999995231628418,27,26,0.0,21.633307652783937,1.388421213658738,0,
38,3,lateral_maneuver,Lateral Maneuver,mono,26,3,0.9999995231628418,28,27,0.0,20.248456731316587,1.3848509214673506,0,
38,3,lateral_maneuver,Lateral Maneuver,mono,27,3,0.9999996423721313,29,28,0.0,18.867962264113206,1.3804944672033805,0,
38,3,lateral_maneuver,Lateral Maneuver,mono,28,3,0.9999996423721313,30,29,0.0,17.4928556845359,1.3751065795773059,0,
38,3,lateral_maneuver,Lateral Maneuver,mono,29,3,0.9999996423721313,31,30,0.0,16.1245154965971,1.3683401879388022,0,
38,3,lateral_maneuver,Lateral Maneuver,mono,30,3,0.9999996423721313,32,31,0.0,14.7648230602334,1.359692436363698,0,
38,3,lateral_maneuver,Lateral Maneuver,mono,31,3,0.9999996423721313,33,32,0.0,13.416407864998739,1.3484151952346615,0,
38,3,lateral_maneuver,Lateral Maneuver,mono,32,3,0.9999996423721313,34,33,0.0,12.083045973594572,1.3333618914041665,0,
38,3,lateral_maneuver,Lateral Maneuver,mono,33,3,0.9999996423721313,35,34,0.0,10.770329614269007,1.3127163593255649,0,
38,3,lateral_maneuver,Lateral Maneuver,mono,34,3,0.9999997615814209,36,35,0.0,9.486832980505138,1.2834966337638694,0,
38,3,lateral_maneuver,Lateral Maneuver,mono,35,3,0.9999997615814209,37,36,0.0,8.246211251235321,1.240621729269817,0,
38,3,lateral_maneuver,Lateral Maneuver,mono,36,3,0.9999997615814209,38,37,0.0,7.0710678118654755,1.1751434393698457,0,
38,3,lateral_maneuver,Lateral Maneuver,mono,37,3,0.9999997615814209,39,38,0.0,6.0,1.0710678118654755,0,
38,3,lateral_maneuver,Lateral Maneuver,mono,38,3,0.9999997615814209,40,39,0.02700617164373398,5.0990195135927845,0.9009804864072155,0,
38,3,lateral_maneuver,Lateral Maneuver,mono,39,3,0.9999997615814209,41,40,0.9999999403953552,4.47213595499958,0.6268835585932049,1,collision_risk
39,3,stress_density,Stress Density,stereo,1,3,1.0,3,2,0.0,26.92582403567252,1.2344316449849266,0,
39,3,stress_density,Stress Density,stereo,2,3,1.0,4,3,0.0,25.709920264364882,1.2159037713076373,0,
39,3,stress_density,Stress Density,stereo,3,3,1.0,5,4,0.0,24.515301344262525,1.1946189201023572,0,
39,3,stress_density,Stress Density,stereo,4,3,1.0,6,5,0.0,23.345235059857504,1.1700662844050207,0,
39,3,stress_density,Stress Density,stereo,5,3,1.0,7,6,0.0,22.20360331117452,1.1416317486829861,0,
39,3,stress_density,Stress Density,stereo,6,3,1.0,8,7,0.0,21.095023109728988,1.1085802014455304,0,
39,3,stress_density,Stress Density,stereo,7,3,1.0,9,8,0.0,20.024984394500787,1.0700387152282005,0,
39,3,stress_density,Stress Density,stereo,8,3,1.0,10,9,0.0,19.0,1.0249843945007875,0,
39,3,stress_density,Stress Density,stereo,9,3,1.0,11,10,0.9083718657493591,18.027756377319946,0.9722436226800539,0,
39,3,stress_density,Stress Density,stereo,10,3,1.0,12,11,0.9972992539405823,17.11724276862369,0.910513608696256,1,collision_risk
40,3,stress_density,Stress Density,mono,1,3,1.0,3,2,0.0,26.92582403567252,1.2344316449849266,0,
40,3,stress_density,Stress Density,mono,2,3,1.0,4,3,0.0,25.709920264364882,1.2159037713076373,0,
40,3,stress_density,Stress Density,mono,3,3,1.0,5,4,0.0,24.515301344262525,1.1946189201023572,0,
40,3,stress_density,Stress Density,mono,4,3,1.0,6,5,0.0,23.345235059857504,1.1700662844050207,0,
40,3,stress_density,Stress Density,mono,5,3,1.0,7,6,0.0,22.20360331117452,1.1416317486829861,0,
40,3,stress_density,Stress Density,mono,6,3,1.0,8,7,0.0,21.095023109728988,1.1085802014455304,0,
40,3,stress_density,Stress Density,mono,7,3,1.0,9,8,0.0,20.024984394500787,1.0700387152282005,0,
40,3,stress_density,Stress Density,mono,8,3,1.0,10,9,0.0,19.0,1.0249843945007875,0,
40,3,stress_density,Stress Density,mono,9,3,1.0,11,10,0.0,18.027756377319946,0.9722436226800539,0,
40,3,stress_density,Stress Density,mono,10,3,1.0,12,11,0.0,17.11724276862369,0.910513608696256,0,
40,3,stress_density,Stress Density,mono,11,3,1.0,13,12,0.0,16.278820596099706,0.838422172523984,0,
40,3,stress_density,Stress Density,mono,12,3,1.0,14,13,0.0,15.524174696260024,0.7546458998396819,0,
40,3,stress_density,Stress Density,mono,13,3,1.0,15,14,0.0,14.866068747318506,0.6581059489415182,0,
40,3,stress_density,Stress Density,mono,14,3,1.0,16,15,0.0,14.317821063276353,0.5482476840421526,0,
40,3,stress_density,Stress Density,mono,15,3,1.0,17,16,0.0,13.892443989449804,0.42537707382654943,0,
40,3,stress_density,Stress Density,mono,16,3,1.0,18,17,0.0,13.601470508735444,0.29097348071436,0,
40,3,stress_density,Stress Density,mono,17,3,1.0,19,18,0.0,13.45362404707371,0.1478464616617341,0,
40,3,stress_density,Stress Density,mono,18,3,1.0,20,19,0.0,13.45362404707371,0.0,0,
40,3,stress_density,Stress Density,mono,19,3,1.0,21,20,0.0,13.601470508735444,-0.1478464616617341,0,
40,3,stress_density,Stress Density,mono,20,3,1.0,22,21,0.0,13.892443989449804,-0.29097348071436,0,
40,3,stress_density,Stress Density,mono,21,3,1.0,23,22,0.0,14.317821063276353,-0.42537707382654943,0,
40,3,stress_density,Stress Density,mono,22,3,1.0,24,23,0.0,14.866068747318506,-0.5482476840421526,0,
40,3,stress_density,Stress Density,mono,23,3,1.0,25,24,0.0,15.524174696260024,-0.6581059489415182,0,
40,3,stress_density,Stress Density,mono,24,3,1.0,26,25,0.0,16.278820596099706,-0.7546458998396819,0,
40,3,stress_density,Stress Density,mono,25,3,1.0,27,26,0.0,17.11724276862369,-0.838422172523984,0,
40,3,stress_density,Stress Density,mono,26,3,1.0,28,27,0.0,18.027756377319946,-0.910513608696256,0,
40,3,stress_density,Stress Density,mono,27,3,1.0,29,28,0.43209874629974365,19.0,-0.9722436226800539,0,
40,3,stress_density,Stress Density,mono,28,3,1.0,30,29,0.9999998807907104,20.024984394500787,-1.0249843945007875,1,collision_risk
41,4,baseline_open,Baseline Open,stereo,1,3,0.9906527996063232,2,3,0.0,55.97320787662612,1.411459064988172,0,
41,4,baseline_open,Baseline Open,stereo,2,3,0.989662766456604,3,4,0.0,54.56189146281496,1.4113164138111571,0,
41,4,baseline_open,Baseline Open,stereo,3,3,0.9886146783828735,4,5,0.0,53.150729063673246,1.4111623991417162,0,
41,4,baseline_open,Baseline Open,stereo,4,3,0.9875471591949463,5,6,0.0,51.73973328110612,1.4109957825671273,0,
41,4,baseline_open,Baseline Open,stereo,5,3,0.9864974617958069,6,7,0.0,50.32891812864648,1.4108151524596408,0,
41,4,baseline_open,Baseline Open,stereo,6,3,0.9854039549827576,7,8,0.0,48.91829923454004,1.4106188941064417,0,
41,4,baseline_open,Baseline Open,stereo,7,3,0.9842648506164551,8,9,0.0,47.50789408087881,1.4104051536612232,0,
41,4,baseline_open,Baseline Open,stereo,8,3,0.9830843806266785,9,10,0.0,46.09772228646444,1.4101717944143743,0,
41,4,baseline_open,Baseline Open,stereo,9,3,0.98188316822052,10,11,0.0,44.68780594300866,1.4099163434557767,0,
41,4,baseline_open,Baseline Open,stereo,10,3,0.980659544467926,11,12,0.0,43.278170016764804,1.4096359262438583,0,
41,4,baseline_open,Baseline Open,stereo,11,3,0.9793952107429504,12,13,0.4155091941356659,41.86884283091664,1.4093271858481629,0,
41,4,baseline_open,Baseline Open,stereo,12,3,0.978133499622345,13,14,0.0,40.45985664828782,1.4089861826288228,0,
41,4,baseline_open,Baseline Open,stereo,13,3,0.9768709540367126,14,15,0.14351850748062134,39.05124837953327,1.4086082687545485,0,
41,4,baseline_open,Baseline Open,stereo,14,3,0.9756515622138977,15,16,0.8007329106330872,37.64306044943742,1.408187930095849,0,
41,4,baseline_open,Baseline Open,stereo,15,3,0.9744532108306885,16,17,0.422839492559433,36.235341863986875,1.4077185854505458,0,
41,4,baseline_open,Baseline Open,stereo,16,3,0.9732575416564941,17,18,0.8724921345710754,34.828149534535996,1.4071923294508792,0,
41,4,baseline_open,Baseline Open,stereo,17,3,0.9720863103866577,18,19,0.0,33.421549934136806,1.4065996003991899,0,
41,4,baseline_open,Baseline Open,stereo,18,3,0.9709365367889404,19,20,0.0,32.01562118716424,1.4059287469725632,0,
41,4,baseline_open,Baseline Open,stereo,19,3,0.9698739051818848,20,21,0.36747682094573975,30.610455730027933,1.4051654571363095,0,
41,4,baseline_open,Baseline Open,stereo,20,3,0.9688699841499329,21,22,0.0,29.206163733020468,1.4042919970074657,0,
41,4,baseline_open,Baseline Open,stereo,21,3,0.9679158329963684,22,23,0.04610339552164078,27.80287754891569,1.403286184104779,0,
41,4,baseline_open,Baseline Open,stereo,22,3,0.9670129418373108,23,24,0.2808642089366913,26.40075756488817,1.402119984027518,0,
41,4,baseline_open,Baseline Open,stereo,23,3,0.9661489129066467,24,25,0.477430522441864,25.0,1.4007575648881705,0,
41,4,baseline_open,Baseline Open,stereo,24,3,0.9652578234672546,25,26,0.0,23.600847442411894,1.3991525575881063,0,
41,4,baseline_open,Baseline Open,stereo,25,3,0.9644052386283875,26,27,0.46682095527648926,22.20360331117452,1.3972441312373753,0,
41,4,baseline_open,Baseline Open,stereo,26,3,0.963498592376709,27,28,0.07966821640729904,20.808652046684813,1.3949512644897055,0,
41,4,baseline_open,Baseline Open,stereo,27,3,0.9626057744026184,28,29,0.0,19.4164878389476,1.3921642077372134,0,
41,4,baseline_open,Baseline Open,stereo,28,3,0.9615366458892822,29,30,0.11381171643733978,18.027756377319946,1.3887314616276534,0,
41,4,baseline_open,Baseline Open,stereo,29,3,0.9605405330657959,30,31,0.07233795523643494,16.64331697709324,1.3844394002267073,0,
41,4,baseline_open,Baseline Open,stereo,30,3,0.959568440914154,31,32,0.0,15.264337522473747,1.3789794546194916,0,
41,4,baseline_open,Baseline Open,stereo,31,3,0.9586093425750732,32,33,0.0,13.892443989449804,1.3718935330239432,0,
41,4,baseline_open,Baseline Open,stereo,32,3,0.9572985172271729,33,34,0.0,12.529964086141668,1.3624799033081363,0,
41,4,baseline_open,Baseline Open,stereo,33,3,0.9562163949012756,34,35,0.0,11.180339887498949,1.3496241986427187,0,
41,4,baseline_open,Baseline Open,stereo,34,3,0.9552710652351379,35,36,0.058449070900678635,9.848857801796104,1.331482085702845,0,
41,4,baseline_open,Baseline Open,stereo,35,3,0.9544592499732971,36,37,0.29938268661499023,8.54400374531753,1.3048540564785736,0,
41,4,baseline_open,Baseline Open,stereo,36,3,0.9537288546562195,37,38,0.10686727613210678,7.280109889280518,1.2638938560370123,0,
41,4,baseline_open,Baseline Open,stereo,37,3,0.9530355930328369,38,39,0.7301311492919922,6.082762530298219,1.1973473589822987,0,
41,4,baseline_open,Baseline Open,stereo,38,3,0.9522923231124878,39,40,0.7185571193695068,5.0,1.0827625302982193,0,
41,4,baseline_open,Baseline Open,stereo,39,3,0.9514665603637695,40,41,0.7870369553565979,4.123105625617661,0.8768943743823394,0,
41,4,baseline_open,Baseline Open,stereo,40,3,0.9506664872169495,41,42,0.041473761200904846,3.605551275463989,0.5175543501536715,0,
41,4,baseline_open,Baseline Open,stereo,41,3,0.9501602053642273,42,43,0.0,3.605551275463989,0.0,0,
41,4,baseline_open,Baseline Open,stereo,42,3,0.949995756149292,43,44,0.0,4.123105625617661,-0.5175543501536715,0,
41,4,baseline_open,Baseline Open,stereo,43,3,0.9499807953834534,44,45,0.16300153732299805,5.0,-0.8768943743823394,0,
41,4,baseline_open,Baseline Open,stereo,44,3,0.950226902961731,45,46,0.68248450756073,6.082762530298219,-1.0827625302982193,0,
41,4,baseline_open,Baseline Open,stereo,45,3,0.9507630467414856,46,47,0.26195985078811646,7.280109889280518,-1.1973473589822987,0,
41,4,baseline_open,Baseline Open,stereo,46,3,0.9513963460922241,47,48,0.6288579702377319,8.54400374531753,-1.2638938560370123,0,
41,4,baseline_open,Baseline Open,stereo,47,3,0.951973021030426,48,49,0.4743441045284271,9.848857801796104,-1.3048540564785736,0,
41,4,baseline_open,Baseline Open,stereo,48,3,0.9524323344230652,49,49,0.06925153732299805,10.770329614269007,-0.9214718124729036,0,
41,4,baseline_open,Baseline Open,stereo,49,3,0.9521692395210266,49,49,0.06925153732299805,10.770329614269007,0.0,0,
41,4,baseline_open,Baseline Open,stereo,50,3,0.9521692395210266,49,49,0.06925153732299805,10.770329614269007,0.0,0,
41,4,baseline_open,Baseline Open,stereo,51,3,0.9521692395210266,49,49,0.06925153732299805,10.770329614269007,0.0,0,
41,4,baseline_open,Baseline Open,stereo,52,3,0.9521692395210266,49,49,0.06925153732299805,10.770329614269007,0.0,0,
41,4,baseline_open,Baseline Open,stereo,53,3,0.9521692395210266,49,49,0.06925153732299805,10.770329614269007,0.0,0,
41,4,baseline_open,Baseline Open,stereo,54,3,0.9521692395210266,49,49,0.06925153732299805,10.770329614269007,0.0,0,
41,4,baseline_open,Baseline Open,stereo,55,3,0.9521692395210266,49,49,0.06925153732299805,10.770329614269007,0.0,0,
41,4,baseline_open,Baseline Open,stereo,56,3,0.9521692395210266,49,49,0.06925153732299805,10.770329614269007,0.0,0,
41,4,baseline_open,Baseline Open,stereo,57,3,0.9521692395210266,49,49,0.06925153732299805,10.770329614269007,0.0,0,
41,4,baseline_open,Baseline Open,stereo,58,3,0.9521692395210266,49,49,0.06925153732299805,10.770329614269007,0.0,0,
41,4,baseline_open,Baseline Open,stereo,59,3,0.9521692395210266,49,49,0.06925153732299805,10.770329614269007,0.0,0,
41,4,baseline_open,Baseline Open,stereo,60,3,0.9521692395210266,49,49,0.06925153732299805,10.770329614269007,0.0,0,
41,4,baseline_open,Baseline Open,stereo,61,3,0.9521692395210266,49,49,0.06925153732299805,10.770329614269007,0.0,0,
41,4,baseline_open,Baseline Open,stereo,62,3,0.9521692395210266,49,49,0.06925153732299805,10.770329614269007,0.0,0,
41,4,baseline_open,Baseline Open,stereo,63,3,0.9521692395210266,49,49,0.06925153732299805,10.770329614269007,0.0,0,
41,4,baseline_open,Baseline Open,stereo,64,3,0.9521692395210266,49,49,0.06925153732299805,10.770329614269007,0.0,0,
41,4,baseline_open,Baseline Open,stereo,65,3,0.9521692395210266,49,49,0.06925153732299805,10.770329614269007,0.0,0,
41,4,baseline_open,Baseline Open,stereo,66,3,0.9521692395210266,49,49,0.06925153732299805,10.770329614269007,0.0,0,
41,4,baseline_open,Baseline Open,stereo,67,3,0.9521692395210266,49,49,0.06925153732299805,10.770329614269007,0.0,0,
41,4,baseline_open,Baseline Open,stereo,68,3,0.9521692395210266,49,49,0.06925153732299805,10.770329614269007,0.0,0,
41,4,baseline_open,Baseline Open,stereo,69,3,0.9521692395210266,49,49,0.06925153732299805,10.770329614269007,0.0,0,
41,4,baseline_open,Baseline Open,stereo,70,3,0.9521692395210266,49,49,0.06925153732299805,10.770329614269007,0.0,0,
41,4,baseline_open,Baseline Open,stereo,71,3,0.9521692395210266,49,49,0.06925153732299805,10.770329614269007,0.0,0,
41,4,baseline_open,Baseline Open,stereo,72,3,0.9521692395210266,49,49,0.06925153732299805,10.770329614269007,0.0,0,
41,4,baseline_open,Baseline Open,stereo,73,3,0.9521692395210266,49,49,0.06925153732299805,10.770329614269007,0.0,0,
41,4,baseline_open,Baseline Open,stereo,74,3,0.9521692395210266,49,49,0.06925153732299805,10.770329614269007,0.0,0,
41,4,baseline_open,Baseline Open,stereo,75,3,0.9521692395210266,49,49,0.06925153732299805,10.770329614269007,0.0,0,
41,4,baseline_open,Baseline Open,stereo,76,3,0.9521692395210266,49,49,0.06925153732299805,10.770329614269007,0.0,0,
41,4,baseline_open,Baseline Open,stereo,77,3,0.9521692395210266,49,49,0.06925153732299805,10.770329614269007,0.0,0,
41,4,baseline_open,Baseline Open,stereo,78,3,0.9521692395210266,49,49,0.06925153732299805,10.770329614269007,0.0,0,
41,4,baseline_open,Baseline Open,stereo,79,3,0.9521692395210266,49,49,0.06925153732299805,10.770329614269007,0.0,0,
41,4,baseline_open,Baseline Open,stereo,80,3,0.9521692395210266,49,49,0.06925153732299805,10.770329614269007,0.0,0,
41,4,baseline_open,Baseline Open,stereo,81,3,0.9521692395210266,49,49,0.06925153732299805,10.770329614269007,0.0,0,
41,4,baseline_open,Baseline Open,stereo,82,3,0.9521692395210266,49,49,0.06925153732299805,10.770329614269007,0.0,0,
41,4,baseline_open,Baseline Open,stereo,83,3,0.9521692395210266,49,49,0.06925153732299805,10.770329614269007,0.0,0,
41,4,baseline_open,Baseline Open,stereo,84,3,0.9521692395210266,49,49,0.06925153732299805,10.770329614269007,0.0,0,
41,4,baseline_open,Baseline Open,stereo,85,3,0.9521692395210266,49,49,0.06925153732299805,10.770329614269007,0.0,0,
41,4,baseline_open,Baseline Open,stereo,86,3,0.9521692395210266,49,49,0.06925153732299805,10.770329614269007,0.0,0,
41,4,baseline_open,Baseline Open,stereo,87,3,0.9521692395210266,49,49,0.06925153732299805,10.770329614269007,0.0,0,
41,4,baseline_open,Baseline Open,stereo,88,3,0.9521692395210266,49,49,0.06925153732299805,10.770329614269007,0.0,0,
41,4,baseline_open,Baseline Open,stereo,89,3,0.9521692395210266,49,49,0.06925153732299805,10.770329614269007,0.0,0,
41,4,baseline_open,Baseline Open,stereo,90,3,0.9521692395210266,49,49,0.06925153732299805,10.770329614269007,0.0,0,
41,4,baseline_open,Baseline Open,stereo,91,3,0.9521692395210266,49,49,0.06925153732299805,10.770329614269007,0.0,0,
41,4,baseline_open,Baseline Open,stereo,92,3,0.9521692395210266,49,49,0.06925153732299805,10.770329614269007,0.0,0,
41,4,baseline_open,Baseline Open,stereo,93,3,0.9521692395210266,49,49,0.06925153732299805,10.770329614269007,0.0,0,
41,4,baseline_open,Baseline Open,stereo,94,3,0.9521692395210266,49,49,0.06925153732299805,10.770329614269007,0.0,0,
41,4,baseline_open,Baseline Open,stereo,95,3,0.9521692395210266,49,49,0.06925153732299805,10.770329614269007,0.0,0,
41,4,baseline_open,Baseline Open,stereo,96,3,0.9521692395210266,49,49,0.06925153732299805,10.770329614269007,0.0,0,
41,4,baseline_open,Baseline Open,stereo,97,3,0.9521692395210266,49,49,0.06925153732299805,10.770329614269007,0.0,0,
41,4,baseline_open,Baseline Open,stereo,98,3,0.9521692395210266,49,49,0.06925153732299805,10.770329614269007,0.0,0,
41,4,baseline_open,Baseline Open,stereo,99,3,0.9521692395210266,49,49,0.06925153732299805,10.770329614269007,0.0,0,
41,4,baseline_open,Baseline Open,stereo,100,3,0.9521692395210266,49,49,0.06925153732299805,10.770329614269007,0.0,0,
41,4,baseline_open,Baseline Open,stereo,101,3,0.9521692395210266,49,49,0.06925153732299805,10.770329614269007,0.0,0,
41,4,baseline_open,Baseline Open,stereo,102,3,0.9521692395210266,49,49,0.06925153732299805,10.770329614269007,0.0,0,
41,4,baseline_open,Baseline Open,stereo,103,3,0.9521692395210266,49,49,0.06925153732299805,10.770329614269007,0.0,0,
41,4,baseline_open,Baseline Open,stereo,104,3,0.9521692395210266,49,49,0.06925153732299805,10.770329614269007,0.0,0,
41,4,baseline_open,Baseline Open,stereo,105,3,0.9521692395210266,49,49,0.06925153732299805,10.770329614269007,0.0,0,
41,4,baseline_open,Baseline Open,stereo,106,3,0.9521692395210266,49,49,0.06925153732299805,10.770329614269007,0.0,0,
41,4,baseline_open,Baseline Open,stereo,107,3,0.9521692395210266,49,49,0.06925153732299805,10.770329614269007,0.0,0,
41,4,baseline_open,Baseline Open,stereo,108,3,0.9521692395210266,49,49,0.06925153732299805,10.770329614269007,0.0,0,
41,4,baseline_open,Baseline Open,stereo,109,3,0.9521692395210266,49,49,0.06925153732299805,10.770329614269007,0.0,0,
41,4,baseline_open,Baseline Open,stereo,110,3,0.9521692395210266,49,49,0.06925153732299805,10.770329614269007,0.0,0,
41,4,baseline_open,Baseline Open,stereo,111,3,0.9521692395210266,49,49,0.06925153732299805,10.770329614269007,0.0,0,
41,4,baseline_open,Baseline Open,stereo,112,3,0.9521692395210266,49,49,0.06925153732299805,10.770329614269007,0.0,0,
41,4,baseline_open,Baseline Open,stereo,113,3,0.9521692395210266,49,49,0.06925153732299805,10.770329614269007,0.0,0,
41,4,baseline_open,Baseline Open,stereo,114,3,0.9521692395210266,49,49,0.06925153732299805,10.770329614269007,0.0,0,
41,4,baseline_open,Baseline Open,stereo,115,3,0.9521692395210266,49,49,0.06925153732299805,10.770329614269007,0.0,0,
41,4,baseline_open,Baseline Open,stereo,116,3,0.9521692395210266,49,49,0.06925153732299805,10.770329614269007,0.0,0,
41,4,baseline_open,Baseline Open,stereo,117,3,0.9521692395210266,49,49,0.06925153732299805,10.770329614269007,0.0,0,
41,4,baseline_open,Baseline Open,stereo,118,3,0.9521692395210266,49,49,0.06925153732299805,10.770329614269007,0.0,0,
41,4,baseline_open,Baseline Open,stereo,119,3,0.9521692395210266,49,49,0.06925153732299805,10.770329614269007,0.0,0,
41,4,baseline_open,Baseline Open,stereo,120,3,0.9521692395210266,49,49,0.06925153732299805,10.770329614269007,0.0,0,
41,4,baseline_open,Baseline Open,stereo,121,3,0.9521692395210266,49,49,0.06925153732299805,10.770329614269007,0.0,0,
41,4,baseline_open,Baseline Open,stereo,122,3,0.9521692395210266,49,49,0.06925153732299805,10.770329614269007,0.0,0,
41,4,baseline_open,Baseline Open,stereo,123,3,0.9521692395210266,49,49,0.06925153732299805,10.770329614269007,0.0,0,
41,4,baseline_open,Baseline Open,stereo,124,3,0.9521692395210266,49,49,0.06925153732299805,10.770329614269007,0.0,0,
41,4,baseline_open,Baseline Open,stereo,125,3,0.9521692395210266,49,49,0.06925153732299805,10.770329614269007,0.0,0,
41,4,baseline_open,Baseline Open,stereo,126,3,0.9521692395210266,49,49,0.06925153732299805,10.770329614269007,0.0,0,
41,4,baseline_open,Baseline Open,stereo,127,3,0.9521692395210266,49,49,0.06925153732299805,10.770329614269007,0.0,0,
41,4,baseline_open,Baseline Open,stereo,128,3,0.9521692395210266,49,49,0.06925153732299805,10.770329614269007,0.0,0,
41,4,baseline_open,Baseline Open,stereo,129,3,0.9521692395210266,49,49,0.06925153732299805,10.770329614269007,0.0,0,
41,4,baseline_open,Baseline Open,stereo,130,3,0.9521692395210266,49,49,0.06925153732299805,10.770329614269007,0.0,0,
41,4,baseline_open,Baseline Open,stereo,131,3,0.9521692395210266,49,49,0.06925153732299805,10.770329614269007,0.0,0,
41,4,baseline_open,Baseline Open,stereo,132,3,0.9521692395210266,49,49,0.06925153732299805,10.770329614269007,0.0,0,
41,4,baseline_open,Baseline Open,stereo,133,3,0.9521692395210266,49,49,0.06925153732299805,10.770329614269007,0.0,0,
41,4,baseline_open,Baseline Open,stereo,134,3,0.9521692395210266,49,49,0.06925153732299805,10.770329614269007,0.0,0,
41,4,baseline_open,Baseline Open,stereo,135,3,0.9521692395210266,49,49,0.06925153732299805,10.770329614269007,0.0,0,
41,4,baseline_open,Baseline Open,stereo,136,3,0.9521692395210266,49,49,0.06925153732299805,10.770329614269007,0.0,0,
41,4,baseline_open,Baseline Open,stereo,137,3,0.9521692395210266,49,49,0.06925153732299805,10.770329614269007,0.0,0,
41,4,baseline_open,Baseline Open,stereo,138,3,0.9521692395210266,49,49,0.06925153732299805,10.770329614269007,0.0,0,
41,4,baseline_open,Baseline Open,stereo,139,3,0.9521692395210266,49,49,0.06925153732299805,10.770329614269007,0.0,0,
41,4,baseline_open,Baseline Open,stereo,140,3,0.9521692395210266,49,49,0.06925153732299805,10.770329614269007,0.0,0,
41,4,baseline_open,Baseline Open,stereo,141,3,0.9521692395210266,49,49,0.06925153732299805,10.770329614269007,0.0,0,
41,4,baseline_open,Baseline Open,stereo,142,3,0.9521692395210266,49,49,0.06925153732299805,10.770329614269007,0.0,0,
41,4,baseline_open,Baseline Open,stereo,143,3,0.9521692395210266,49,49,0.06925153732299805,10.770329614269007,0.0,0,
41,4,baseline_open,Baseline Open,stereo,144,3,0.9521692395210266,49,49,0.06925153732299805,10.770329614269007,0.0,0,
41,4,baseline_open,Baseline Open,stereo,145,3,0.9521692395210266,49,49,0.06925153732299805,10.770329614269007,0.0,0,
41,4,baseline_open,Baseline Open,stereo,146,3,0.9521692395210266,49,49,0.06925153732299805,10.770329614269007,0.0,0,
41,4,baseline_open,Baseline Open,stereo,147,3,0.9521692395210266,49,49,0.06925153732299805,10.770329614269007,0.0,0,
41,4,baseline_open,Baseline Open,stereo,148,3,0.9521692395210266,49,49,0.06925153732299805,10.770329614269007,0.0,0,
41,4,baseline_open,Baseline Open,stereo,149,3,0.9521692395210266,49,49,0.06925153732299805,10.770329614269007,0.0,0,
41,4,baseline_open,Baseline Open,stereo,150,3,0.9521692395210266,49,49,0.06925153732299805,10.770329614269007,0.0,0,
41,4,baseline_open,Baseline Open,stereo,151,3,0.9521692395210266,49,49,0.06925153732299805,10.770329614269007,0.0,0,
41,4,baseline_open,Baseline Open,stereo,152,3,0.9521692395210266,49,49,0.06925153732299805,10.770329614269007,0.0,0,
41,4,baseline_open,Baseline Open,stereo,153,3,0.9521692395210266,49,49,0.06925153732299805,10.770329614269007,0.0,0,
41,4,baseline_open,Baseline Open,stereo,154,3,0.9521692395210266,49,49,0.06925153732299805,10.770329614269007,0.0,0,
41,4,baseline_open,Baseline Open,stereo,155,3,0.9521692395210266,49,49,0.06925153732299805,10.770329614269007,0.0,0,
41,4,baseline_open,Baseline Open,stereo,156,3,0.9521692395210266,49,49,0.06925153732299805,10.770329614269007,0.0,0,
41,4,baseline_open,Baseline Open,stereo,157,3,0.9521692395210266,49,49,0.06925153732299805,10.770329614269007,0.0,0,
41,4,baseline_open,Baseline Open,stereo,158,3,0.9521692395210266,49,49,0.06925153732299805,10.770329614269007,0.0,0,
41,4,baseline_open,Baseline Open,stereo,159,3,0.9521692395210266,49,49,0.06925153732299805,10.770329614269007,0.0,0,
41,4,baseline_open,Baseline Open,stereo,160,3,0.9521692395210266,49,49,0.06925153732299805,10.770329614269007,0.0,0,
41,4,baseline_open,Baseline Open,stereo,161,3,0.9521692395210266,49,49,0.06925153732299805,10.770329614269007,0.0,0,
41,4,baseline_open,Baseline Open,stereo,162,3,0.9521692395210266,49,49,0.06925153732299805,10.770329614269007,0.0,0,
41,4,baseline_open,Baseline Open,stereo,163,3,0.9521692395210266,49,49,0.06925153732299805,10.770329614269007,0.0,0,
41,4,baseline_open,Baseline Open,stereo,164,3,0.9521692395210266,49,49,0.06925153732299805,10.770329614269007,0.0,0,
41,4,baseline_open,Baseline Open,stereo,165,3,0.9521692395210266,49,49,0.06925153732299805,10.770329614269007,0.0,0,
41,4,baseline_open,Baseline Open,stereo,166,3,0.9521692395210266,49,49,0.06925153732299805,10.770329614269007,0.0,0,
41,4,baseline_open,Baseline Open,stereo,167,3,0.9521692395210266,49,49,0.06925153732299805,10.770329614269007,0.0,0,
41,4,baseline_open,Baseline Open,stereo,168,3,0.9521692395210266,49,49,0.06925153732299805,10.770329614269007,0.0,0,
41,4,baseline_open,Baseline Open,stereo,169,3,0.9521692395210266,49,49,0.06925153732299805,10.770329614269007,0.0,0,
41,4,baseline_open,Baseline Open,stereo,170,3,0.9521692395210266,49,49,0.06925153732299805,10.770329614269007,0.0,0,
41,4,baseline_open,Baseline Open,stereo,171,3,0.9521692395210266,49,49,0.06925153732299805,10.770329614269007,0.0,0,
41,4,baseline_open,Baseline Open,stereo,172,3,0.9521692395210266,49,49,0.06925153732299805,10.770329614269007,0.0,0,
41,4,baseline_open,Baseline Open,stereo,173,3,0.9521692395210266,49,49,0.06925153732299805,10.770329614269007,0.0,0,
41,4,baseline_open,Baseline Open,stereo,174,3,0.9521692395210266,49,49,0.06925153732299805,10.770329614269007,0.0,0,
41,4,baseline_open,Baseline Open,stereo,175,3,0.9521692395210266,49,49,0.06925153732299805,10.770329614269007,0.0,0,
41,4,baseline_open,Baseline Open,stereo,176,3,0.9521692395210266,49,49,0.06925153732299805,10.770329614269007,0.0,0,
41,4,baseline_open,Baseline Open,stereo,177,3,0.9521692395210266,49,49,0.06925153732299805,10.770329614269007,0.0,0,
41,4,baseline_open,Baseline Open,stereo,178,3,0.9521692395210266,49,49,0.06925153732299805,10.770329614269007,0.0,0,
41,4,baseline_open,Baseline Open,stereo,179,3,0.9521692395210266,49,49,0.06925153732299805,10.770329614269007,0.0,0,
41,4,baseline_open,Baseline Open,stereo,180,3,0.9521692395210266,49,49,0.06925153732299805,10.770329614269007,0.0,0,
41,4,baseline_open,Baseline Open,stereo,181,3,0.9521692395210266,49,49,0.06925153732299805,10.770329614269007,0.0,0,
41,4,baseline_open,Baseline Open,stereo,182,3,0.9521692395210266,49,49,0.06925153732299805,10.770329614269007,0.0,0,
41,4,baseline_open,Baseline Open,stereo,183,3,0.9521692395210266,49,49,0.06925153732299805,10.770329614269007,0.0,0,
41,4,baseline_open,Baseline Open,stereo,184,3,0.9521692395210266,49,49,0.06925153732299805,10.770329614269007,0.0,0,
41,4,baseline_open,Baseline Open,stereo,185,3,0.9521692395210266,49,49,0.06925153732299805,10.770329614269007,0.0,0,
41,4,baseline_open,Baseline Open,stereo,186,3,0.9521692395210266,49,49,0.06925153732299805,10.770329614269007,0.0,0,
41,4,baseline_open,Baseline Open,stereo,187,3,0.9521692395210266,49,49,0.06925153732299805,10.770329614269007,0.0,0,
41,4,baseline_open,Baseline Open,stereo,188,3,0.9521692395210266,49,49,0.06925153732299805,10.770329614269007,0.0,0,
41,4,baseline_open,Baseline Open,stereo,189,3,0.9521692395210266,49,49,0.06925153732299805,10.770329614269007,0.0,0,
41,4,baseline_open,Baseline Open,stereo,190,3,0.9521692395210266,49,49,0.06925153732299805,10.770329614269007,0.0,0,
41,4,baseline_open,Baseline Open,stereo,191,3,0.9521692395210266,49,49,0.06925153732299805,10.770329614269007,0.0,0,
41,4,baseline_open,Baseline Open,stereo,192,3,0.9521692395210266,49,49,0.06925153732299805,10.770329614269007,0.0,0,
41,4,baseline_open,Baseline Open,stereo,193,3,0.9521692395210266,49,49,0.06925153732299805,10.770329614269007,0.0,0,
41,4,baseline_open,Baseline Open,stereo,194,3,0.9521692395210266,49,49,0.06925153732299805,10.770329614269007,0.0,0,
41,4,baseline_open,Baseline Open,stereo,195,3,0.9521692395210266,49,49,0.06925153732299805,10.770329614269007,0.0,0,
41,4,baseline_open,Baseline Open,stereo,196,3,0.9521692395210266,49,49,0.06925153732299805,10.770329614269007,0.0,0,
41,4,baseline_open,Baseline Open,stereo,197,3,0.9521692395210266,49,49,0.06925153732299805,10.770329614269007,0.0,0,
41,4,baseline_open,Baseline Open,stereo,198,3,0.9521692395210266,49,49,0.06925153732299805,10.770329614269007,0.0,0,
41,4,baseline_open,Baseline Open,stereo,199,3,0.9521692395210266,49,49,0.06925153732299805,10.770329614269007,0.0,0,
41,4,baseline_open,Baseline Open,stereo,200,3,0.9521692395210266,49,49,0.06925153732299805,10.770329614269007,0.0,0,
42,4,baseline_open,Baseline Open,mono,1,3,0.9999997615814209,2,3,0.0,55.97320787662612,1.411459064988172,0,
42,4,baseline_open,Baseline Open,mono,2,3,0.9999996423721313,3,4,0.0,54.56189146281496,1.4113164138111571,0,
42,4,baseline_open,Baseline Open,mono,3,3,0.9999996423721313,4,5,0.0,53.150729063673246,1.4111623991417162,0,
42,4,baseline_open,Baseline Open,mono,4,3,0.9999996423721313,5,6,0.0,51.73973328110612,1.4109957825671273,0,
42,4,baseline_open,Baseline Open,mono,5,3,0.9999995231628418,6,7,0.0,50.32891812864648,1.4108151524596408,0,
42,4,baseline_open,Baseline Open,mono,6,3,0.9999995231628418,7,8,0.0,48.91829923454004,1.4106188941064417,0,
42,4,baseline_open,Baseline Open,mono,7,3,0.9999994039535522,8,9,0.0,47.50789408087881,1.4104051536612232,0,
42,4,baseline_open,Baseline Open,mono,8,3,0.9999994039535522,9,10,0.0,46.09772228646444,1.4101717944143743,0,
42,4,baseline_open,Baseline Open,mono,9,3,0.9999992847442627,10,11,0.0,44.68780594300866,1.4099163434557767,0,
42,4,baseline_open,Baseline Open,mono,10,3,0.9999991655349731,11,12,0.0,43.278170016764804,1.4096359262438583,0,
42,4,baseline_open,Baseline Open,mono,11,3,0.9999991655349731,12,13,0.0,41.86884283091664,1.4093271858481629,0,
42,4,baseline_open,Baseline Open,mono,12,3,0.9999990463256836,13,14,0.0,40.45985664828782,1.4089861826288228,0,
42,4,baseline_open,Baseline Open,mono,13,3,0.9999990463256836,14,15,0.0,39.05124837953327,1.4086082687545485,0,
42,4,baseline_open,Baseline Open,mono,14,3,0.999998927116394,15,16,0.0,37.64306044943742,1.408187930095849,0,
42,4,baseline_open,Baseline Open,mono,15,3,0.999998927116394,16,17,0.0,36.235341863986875,1.4077185854505458,0,
42,4,baseline_open,Baseline Open,mono,16,3,0.999998927116394,17,18,0.0,34.828149534535996,1.4071923294508792,0,
42,4,baseline_open,Baseline Open,mono,17,3,0.9999988079071045,18,19,0.0,33.421549934136806,1.4065996003991899,0,
42,4,baseline_open,Baseline Open,mono,18,3,0.9999988079071045,19,20,0.0,32.01562118716424,1.4059287469725632,0,
42,4,baseline_open,Baseline Open,mono,19,3,0.9999988079071045,20,21,0.0,30.610455730027933,1.4051654571363095,0,
42,4,baseline_open,Baseline Open,mono,20,3,0.9999988079071045,21,22,0.0,29.206163733020468,1.4042919970074657,0,
42,4,baseline_open,Baseline Open,mono,21,3,0.9999988079071045,22,23,0.0,27.80287754891569,1.403286184104779,0,
42,4,baseline_open,Baseline Open,mono,22,3,0.9999988079071045,23,24,0.0,26.40075756488817,1.402119984027518,0,
42,4,baseline_open,Baseline Open,mono,23,3,0.9999988079071045,24,25,0.0,25.0,1.4007575648881705,0,
42,4,baseline_open,Baseline Open,mono,24,3,0.9999988079071045,25,26,0.0,23.600847442411894,1.3991525575881063,0,
42,4,baseline_open,Baseline Open,mono,25,3,0.999998927116394,26,27,0.0,22.20360331117452,1.3972441312373753,0,
42,4,baseline_open,Baseline Open,mono,26,3,0.999998927116394,27,28,0.0,20.808652046684813,1.3949512644897055,0,
42,4,baseline_open,Baseline Open,mono,27,3,0.999998927116394,28,29,0.0,19.4164878389476,1.3921642077372134,0,
42,4,baseline_open,Baseline Open,mono,28,3,0.9999990463256836,29,30,0.0,18.027756377319946,1.3887314616276534,0,
42,4,baseline_open,Baseline Open,mono,29,3,0.9999990463256836,30,31,0.0,16.64331697709324,1.3844394002267073,0,
42,4,baseline_open,Baseline Open,mono,30,3,0.9999990463256836,31,32,0.0,15.264337522473747,1.3789794546194916,0,
42,4,baseline_open,Baseline Open,mono,31,3,0.9999991655349731,32,33,0.0,13.892443989449804,1.3718935330239432,0,
42,4,baseline_open,Baseline Open,mono,32,3,0.9999991655349731,33,34,0.0,12.529964086141668,1.3624799033081363,0,
42,4,baseline_open,Baseline Open,mono,33,3,0.9999991655349731,34,35,0.0,11.180339887498949,1.3496241986427187,0,
42,4,baseline_open,Baseline Open,mono,34,3,0.9999992847442627,35,36,0.0,9.848857801796104,1.331482085702845,0,
42,4,baseline_open,Baseline Open,mono,35,3,0.9999992847442627,36,37,0.0,8.54400374531753,1.3048540564785736,0,
42,4,baseline_open,Baseline Open,mono,36,3,0.9999992847442627,37,38,0.0,7.280109889280518,1.2638938560370123,0,
42,4,baseline_open,Baseline Open,mono,37,3,0.9999994039535522,38,39,0.3040122985839844,6.082762530298219,1.1973473589822987,0,
42,4,baseline_open,Baseline Open,mono,38,3,0.9999994039535522,39,40,1.0,5.0,1.0827625302982193,1,collision_risk
43,4,dense_corridor,Dense Corridor,stereo,1,3,1.0,10,10,0.9276620745658875,38.8329756778952,0.7902498344227027,0,
43,4,dense_corridor,Dense Corridor,stereo,2,3,1.0,11,11,0.8481866121292114,38.07886552931954,0.7541101485756556,0,
43,4,dense_corridor,Dense Corridor,stereo,3,3,1.0,12,12,0.9999998807907104,37.36308338453881,0.7157821447807322,1,collision_risk
44,4,dense_corridor,Dense Corridor,mono,1,3,0.647693932056427,10,10,0.0,38.8329756778952,0.7902498344227027,0,
44,4,dense_corridor,Dense Corridor,mono,2,3,0.6511669754981995,11,11,0.0,38.07886552931954,0.7541101485756556,0,
44,4,dense_corridor,Dense Corridor,mono,3,3,0.6542628407478333,12,12,0.0,37.36308338453881,0.7157821447807322,0,
44,4,dense_corridor,Dense Corridor,mono,4,3,0.6576425433158875,13,13,0.0,36.68787265568828,0.67521072885053,0,
44,4,dense_corridor,Dense Corridor,mono,5,3,0.661493182182312,14,14,0.0,36.05551275463989,0.6323599010483889,0,
44,4,dense_corridor,Dense Corridor,mono,6,3,0.6656618714332581,15,15,0.0,35.4682957019364,0.5872170527034939,0,
44,4,dense_corridor,Dense Corridor,mono,7,3,0.6698337197303772,16,16,0.0,34.92849839314596,0.5397973087904404,0,
44,4,dense_corridor,Dense Corridor,mono,8,3,0.6741477251052856,17,17,0.0,34.438350715445125,0.4901476777008327,0,
44,4,dense_corridor,Dense Corridor,mono,9,3,0.6788042187690735,18,18,0.0,34.0,0.43835071544512516,0,
44,4,dense_corridor,Dense Corridor,mono,10,3,0.6836509704589844,19,19,0.0,33.61547262794322,0.38452737205678034,0,
44,4,dense_corridor,Dense Corridor,mono,11,3,0.688633918762207,20,20,0.0,33.28663395418648,0.32883867375674214,0,
44,4,dense_corridor,Dense Corridor,mono,12,3,0.6936883330345154,21,21,0.0,33.015148038438355,0.27148591574812286,0,
44,4,dense_corridor,Dense Corridor,mono,13,3,0.6987476944923401,22,22,0.0,32.802438933713454,0.212709104724901,0,
44,4,dense_corridor,Dense Corridor,mono,14,3,0.7038666605949402,23,23,0.0,32.64965543462902,0.15278349908443545,0,
44,4,dense_corridor,Dense Corridor,mono,15,3,0.7087709903717041,24,24,0.0,32.55764119219941,0.09201424242960599,0,
44,4,dense_corridor,Dense Corridor,mono,16,3,0.7132457494735718,25,25,0.0,32.526911934581186,0.030729257618226313,0,
44,4,dense_corridor,Dense Corridor,mono,17,3,0.71742182970047,26,26,0.0,32.55764119219941,-0.030729257618226313,0,
44,4,dense_corridor,Dense Corridor,mono,18,3,0.7214106321334839,27,27,0.0,32.64965543462902,-0.09201424242960599,0,
44,4,dense_corridor,Dense Corridor,mono,19,3,0.725366473197937,28,28,0.0,32.802438933713454,-0.15278349908443545,0,
44,4,dense_corridor,Dense Corridor,mono,20,3,0.7290651798248291,29,29,0.0,33.015148038438355,-0.212709104724901,0,
44,4,dense_corridor,Dense Corridor,mono,21,3,0.7325766682624817,30,30,0.0,33.28663395418648,-0.27148591574812286,0,
44,4,dense_corridor,Dense Corridor,mono,22,3,0.7358523607254028,31,31,0.0,33.61547262794322,-0.32883867375674214,0,
44,4,dense_corridor,Dense Corridor,mono,23,3,0.7386449575424194,32,32,0.0,34.0,-0.38452737205678034,0,
44,4,dense_corridor,Dense Corridor,mono,24,3,0.7412348389625549,33,33,0.0,34.438350715445125,-0.43835071544512516,0,
44,4,dense_corridor,Dense Corridor,mono,25,3,0.7434616088867188,34,34,0.0,34.92849839314596,-0.4901476777008327,0,
44,4,dense_corridor,Dense Corridor,mono,26,3,0.7449231743812561,35,35,0.0,35.4682957019364,-0.5397973087904404,0,
44,4,dense_corridor,Dense Corridor,mono,27,3,0.7462400197982788,36,36,0.0,36.05551275463989,-0.5872170527034939,0,
44,4,dense_corridor,Dense Corridor,mono,28,3,0.7472649216651917,37,37,0.0,36.68787265568828,-0.6323599010483889,0,
44,4,dense_corridor,Dense Corridor,mono,29,3,0.7483768463134766,38,38,0.0,37.36308338453881,-0.67521072885053,0,
44,4,dense_corridor,Dense Corridor,mono,30,3,0.74958735704422,39,39,0.0,38.07886552931954,-0.7157821447807322,0,
44,4,dense_corridor,Dense Corridor,mono,31,3,0.750666618347168,40,40,0.0,38.8329756778952,-0.7541101485756556,0,
44,4,dense_corridor,Dense Corridor,mono,32,3,0.7512836456298828,41,41,0.0,39.6232255123179,-0.7902498344227027,0,
44,4,dense_corridor,Dense Corridor,mono,33,3,0.7518070340156555,42,42,0.0,40.44749683231337,-0.8242713199954679,0,
44,4,dense_corridor,Dense Corridor,mono,34,3,0.7519000172615051,43,43,0.0,41.30375285612676,-0.856256023813394,0,
44,4,dense_corridor,Dense Corridor,mono,35,3,0.7520806193351746,44,44,0.0,42.190046219457976,-0.8862933633312124,0,
44,4,dense_corridor,Dense Corridor,mono,36,3,0.7521085143089294,45,45,0.0,43.104524124504614,-0.9144779050466383,0,
44,4,dense_corridor,Dense Corridor,mono,37,3,0.7522748708724976,46,46,0.0,44.04543109109048,-0.9409069665858638,0,
44,4,dense_corridor,Dense Corridor,mono,38,3,0.7524490356445312,47,47,0.0,45.0111097397076,-0.9656786486171214,0,
44,4,dense_corridor,Dense Corridor,mono,39,3,0.7531751990318298,48,48,0.0,46.0,-0.9888902602924006,0,
44,4,dense_corridor,Dense Corridor,mono,40,3,0.7539178729057312,49,49,0.0,47.01063709417264,-1.0106370941726368,0,
44,4,dense_corridor,Dense Corridor,mono,41,3,0.7538203597068787,49,49,0.0,47.01063709417264,0.0,0,
44,4,dense_corridor,Dense Corridor,mono,42,3,0.7538203597068787,49,49,0.0,47.01063709417264,0.0,0,
44,4,dense_corridor,Dense Corridor,mono,43,3,0.7538203597068787,49,49,0.0,47.01063709417264,0.0,0,
44,4,dense_corridor,Dense Corridor,mono,44,3,0.7538203597068787,49,49,0.0,47.01063709417264,0.0,0,
44,4,dense_corridor,Dense Corridor,mono,45,3,0.7538203597068787,49,49,0.0,47.01063709417264,0.0,0,
44,4,dense_corridor,Dense Corridor,mono,46,3,0.7538203597068787,49,49,0.0,47.01063709417264,0.0,0,
44,4,dense_corridor,Dense Corridor,mono,47,3,0.7538203597068787,49,49,0.0,47.01063709417264,0.0,0,
44,4,dense_corridor,Dense Corridor,mono,48,3,0.7538203597068787,49,49,0.0,47.01063709417264,0.0,0,
44,4,dense_corridor,Dense Corridor,mono,49,3,0.7538203597068787,49,49,0.0,47.01063709417264,0.0,0,
44,4,dense_corridor,Dense Corridor,mono,50,3,0.7538203597068787,49,49,0.0,47.01063709417264,0.0,0,
44,4,dense_corridor,Dense Corridor,mono,51,3,0.7538203597068787,49,49,0.0,47.01063709417264,0.0,0,
44,4,dense_corridor,Dense Corridor,mono,52,3,0.7538203597068787,49,49,0.0,47.01063709417264,0.0,0,
44,4,dense_corridor,Dense Corridor,mono,53,3,0.7538203597068787,49,49,0.0,47.01063709417264,0.0,0,
44,4,dense_corridor,Dense Corridor,mono,54,3,0.7538203597068787,49,49,0.0,47.01063709417264,0.0,0,
44,4,dense_corridor,Dense Corridor,mono,55,3,0.7538203597068787,49,49,0.0,47.01063709417264,0.0,0,
44,4,dense_corridor,Dense Corridor,mono,56,3,0.7538203597068787,49,49,0.0,47.01063709417264,0.0,0,
44,4,dense_corridor,Dense Corridor,mono,57,3,0.7538203597068787,49,49,0.0,47.01063709417264,0.0,0,
44,4,dense_corridor,Dense Corridor,mono,58,3,0.7538203597068787,49,49,0.0,47.01063709417264,0.0,0,
44,4,dense_corridor,Dense Corridor,mono,59,3,0.7538203597068787,49,49,0.0,47.01063709417264,0.0,0,
44,4,dense_corridor,Dense Corridor,mono,60,3,0.7538203597068787,49,49,0.0,47.01063709417264,0.0,0,
44,4,dense_corridor,Dense Corridor,mono,61,3,0.7538203597068787,49,49,0.0,47.01063709417264,0.0,0,
44,4,dense_corridor,Dense Corridor,mono,62,3,0.7538203597068787,49,49,0.0,47.01063709417264,0.0,0,
44,4,dense_corridor,Dense Corridor,mono,63,3,0.7538203597068787,49,49,0.0,47.01063709417264,0.0,0,
44,4,dense_corridor,Dense Corridor,mono,64,3,0.7538203597068787,49,49,0.0,47.01063709417264,0.0,0,
44,4,dense_corridor,Dense Corridor,mono,65,3,0.7538203597068787,49,49,0.0,47.01063709417264,0.0,0,
44,4,dense_corridor,Dense Corridor,mono,66,3,0.7538203597068787,49,49,0.0,47.01063709417264,0.0,0,
44,4,dense_corridor,Dense Corridor,mono,67,3,0.7538203597068787,49,49,0.0,47.01063709417264,0.0,0,
44,4,dense_corridor,Dense Corridor,mono,68,3,0.7538203597068787,49,49,0.0,47.01063709417264,0.0,0,
44,4,dense_corridor,Dense Corridor,mono,69,3,0.7538203597068787,49,49,0.0,47.01063709417264,0.0,0,
44,4,dense_corridor,Dense Corridor,mono,70,3,0.7538203597068787,49,49,0.0,47.01063709417264,0.0,0,
44,4,dense_corridor,Dense Corridor,mono,71,3,0.7538203597068787,49,49,0.0,47.01063709417264,0.0,0,
44,4,dense_corridor,Dense Corridor,mono,72,3,0.7538203597068787,49,49,0.0,47.01063709417264,0.0,0,
44,4,dense_corridor,Dense Corridor,mono,73,3,0.7538203597068787,49,49,0.0,47.01063709417264,0.0,0,
44,4,dense_corridor,Dense Corridor,mono,74,3,0.7538203597068787,49,49,0.0,47.01063709417264,0.0,0,
44,4,dense_corridor,Dense Corridor,mono,75,3,0.7538203597068787,49,49,0.0,47.01063709417264,0.0,0,
44,4,dense_corridor,Dense Corridor,mono,76,3,0.7538203597068787,49,49,0.0,47.01063709417264,0.0,0,
44,4,dense_corridor,Dense Corridor,mono,77,3,0.7538203597068787,49,49,0.0,47.01063709417264,0.0,0,
44,4,dense_corridor,Dense Corridor,mono,78,3,0.7538203597068787,49,49,0.0,47.01063709417264,0.0,0,
44,4,dense_corridor,Dense Corridor,mono,79,3,0.7538203597068787,49,49,0.0,47.01063709417264,0.0,0,
44,4,dense_corridor,Dense Corridor,mono,80,3,0.7538203597068787,49,49,0.0,47.01063709417264,0.0,0,
44,4,dense_corridor,Dense Corridor,mono,81,3,0.7538203597068787,49,49,0.0,47.01063709417264,0.0,0,
44,4,dense_corridor,Dense Corridor,mono,82,3,0.7538203597068787,49,49,0.0,47.01063709417264,0.0,0,
44,4,dense_corridor,Dense Corridor,mono,83,3,0.7538203597068787,49,49,0.0,47.01063709417264,0.0,0,
44,4,dense_corridor,Dense Corridor,mono,84,3,0.7538203597068787,49,49,0.0,47.01063709417264,0.0,0,
44,4,dense_corridor,Dense Corridor,mono,85,3,0.7538203597068787,49,49,0.0,47.01063709417264,0.0,0,
44,4,dense_corridor,Dense Corridor,mono,86,3,0.7538203597068787,49,49,0.0,47.01063709417264,0.0,0,
44,4,dense_corridor,Dense Corridor,mono,87,3,0.7538203597068787,49,49,0.0,47.01063709417264,0.0,0,
44,4,dense_corridor,Dense Corridor,mono,88,3,0.7538203597068787,49,49,0.0,47.01063709417264,0.0,0,
44,4,dense_corridor,Dense Corridor,mono,89,3,0.7538203597068787,49,49,0.0,47.01063709417264,0.0,0,
44,4,dense_corridor,Dense Corridor,mono,90,3,0.7538203597068787,49,49,0.0,47.01063709417264,0.0,0,
44,4,dense_corridor,Dense Corridor,mono,91,3,0.7538203597068787,49,49,0.0,47.01063709417264,0.0,0,
44,4,dense_corridor,Dense Corridor,mono,92,3,0.7538203597068787,49,49,0.0,47.01063709417264,0.0,0,
44,4,dense_corridor,Dense Corridor,mono,93,3,0.7538203597068787,49,49,0.0,47.01063709417264,0.0,0,
44,4,dense_corridor,Dense Corridor,mono,94,3,0.7538203597068787,49,49,0.0,47.01063709417264,0.0,0,
44,4,dense_corridor,Dense Corridor,mono,95,3,0.7538203597068787,49,49,0.0,47.01063709417264,0.0,0,
44,4,dense_corridor,Dense Corridor,mono,96,3,0.7538203597068787,49,49,0.0,47.01063709417264,0.0,0,
44,4,dense_corridor,Dense Corridor,mono,97,3,0.7538203597068787,49,49,0.0,47.01063709417264,0.0,0,
44,4,dense_corridor,Dense Corridor,mono,98,3,0.7538203597068787,49,49,0.0,47.01063709417264,0.0,0,
44,4,dense_corridor,Dense Corridor,mono,99,3,0.7538203597068787,49,49,0.0,47.01063709417264,0.0,0,
44,4,dense_corridor,Dense Corridor,mono,100,3,0.7538203597068787,49,49,0.0,47.01063709417264,0.0,0,
44,4,dense_corridor,Dense Corridor,mono,101,3,0.7538203597068787,49,49,0.0,47.01063709417264,0.0,0,
44,4,dense_corridor,Dense Corridor,mono,102,3,0.7538203597068787,49,49,0.0,47.01063709417264,0.0,0,
44,4,dense_corridor,Dense Corridor,mono,103,3,0.7538203597068787,49,49,0.0,47.01063709417264,0.0,0,
44,4,dense_corridor,Dense Corridor,mono,104,3,0.7538203597068787,49,49,0.0,47.01063709417264,0.0,0,
44,4,dense_corridor,Dense Corridor,mono,105,3,0.7538203597068787,49,49,0.0,47.01063709417264,0.0,0,
44,4,dense_corridor,Dense Corridor,mono,106,3,0.7538203597068787,49,49,0.0,47.01063709417264,0.0,0,
44,4,dense_corridor,Dense Corridor,mono,107,3,0.7538203597068787,49,49,0.0,47.01063709417264,0.0,0,
44,4,dense_corridor,Dense Corridor,mono,108,3,0.7538203597068787,49,49,0.0,47.01063709417264,0.0,0,
44,4,dense_corridor,Dense Corridor,mono,109,3,0.7538203597068787,49,49,0.0,47.01063709417264,0.0,0,
44,4,dense_corridor,Dense Corridor,mono,110,3,0.7538203597068787,49,49,0.0,47.01063709417264,0.0,0,
44,4,dense_corridor,Dense Corridor,mono,111,3,0.7538203597068787,49,49,0.0,47.01063709417264,0.0,0,
44,4,dense_corridor,Dense Corridor,mono,112,3,0.7538203597068787,49,49,0.0,47.01063709417264,0.0,0,
44,4,dense_corridor,Dense Corridor,mono,113,3,0.7538203597068787,49,49,0.0,47.01063709417264,0.0,0,
44,4,dense_corridor,Dense Corridor,mono,114,3,0.7538203597068787,49,49,0.0,47.01063709417264,0.0,0,
44,4,dense_corridor,Dense Corridor,mono,115,3,0.7538203597068787,49,49,0.0,47.01063709417264,0.0,0,
44,4,dense_corridor,Dense Corridor,mono,116,3,0.7538203597068787,49,49,0.0,47.01063709417264,0.0,0,
44,4,dense_corridor,Dense Corridor,mono,117,3,0.7538203597068787,49,49,0.0,47.01063709417264,0.0,0,
44,4,dense_corridor,Dense Corridor,mono,118,3,0.7538203597068787,49,49,0.0,47.01063709417264,0.0,0,
44,4,dense_corridor,Dense Corridor,mono,119,3,0.7538203597068787,49,49,0.0,47.01063709417264,0.0,0,
44,4,dense_corridor,Dense Corridor,mono,120,3,0.7538203597068787,49,49,0.0,47.01063709417264,0.0,0,
44,4,dense_corridor,Dense Corridor,mono,121,3,0.7538203597068787,49,49,0.0,47.01063709417264,0.0,0,
44,4,dense_corridor,Dense Corridor,mono,122,3,0.7538203597068787,49,49,0.0,47.01063709417264,0.0,0,
44,4,dense_corridor,Dense Corridor,mono,123,3,0.7538203597068787,49,49,0.0,47.01063709417264,0.0,0,
44,4,dense_corridor,Dense Corridor,mono,124,3,0.7538203597068787,49,49,0.0,47.01063709417264,0.0,0,
44,4,dense_corridor,Dense Corridor,mono,125,3,0.7538203597068787,49,49,0.0,47.01063709417264,0.0,0,
44,4,dense_corridor,Dense Corridor,mono,126,3,0.7538203597068787,49,49,0.0,47.01063709417264,0.0,0,
44,4,dense_corridor,Dense Corridor,mono,127,3,0.7538203597068787,49,49,0.0,47.01063709417264,0.0,0,
44,4,dense_corridor,Dense Corridor,mono,128,3,0.7538203597068787,49,49,0.0,47.01063709417264,0.0,0,
44,4,dense_corridor,Dense Corridor,mono,129,3,0.7538203597068787,49,49,0.0,47.01063709417264,0.0,0,
44,4,dense_corridor,Dense Corridor,mono,130,3,0.7538203597068787,49,49,0.0,47.01063709417264,0.0,0,
44,4,dense_corridor,Dense Corridor,mono,131,3,0.7538203597068787,49,49,0.0,47.01063709417264,0.0,0,
44,4,dense_corridor,Dense Corridor,mono,132,3,0.7538203597068787,49,49,0.0,47.01063709417264,0.0,0,
44,4,dense_corridor,Dense Corridor,mono,133,3,0.7538203597068787,49,49,0.0,47.01063709417264,0.0,0,
44,4,dense_corridor,Dense Corridor,mono,134,3,0.7538203597068787,49,49,0.0,47.01063709417264,0.0,0,
44,4,dense_corridor,Dense Corridor,mono,135,3,0.7538203597068787,49,49,0.0,47.01063709417264,0.0,0,
44,4,dense_corridor,Dense Corridor,mono,136,3,0.7538203597068787,49,49,0.0,47.01063709417264,0.0,0,
44,4,dense_corridor,Dense Corridor,mono,137,3,0.7538203597068787,49,49,0.0,47.01063709417264,0.0,0,
44,4,dense_corridor,Dense Corridor,mono,138,3,0.7538203597068787,49,49,0.0,47.01063709417264,0.0,0,
44,4,dense_corridor,Dense Corridor,mono,139,3,0.7538203597068787,49,49,0.0,47.01063709417264,0.0,0,
44,4,dense_corridor,Dense Corridor,mono,140,3,0.7538203597068787,49,49,0.0,47.01063709417264,0.0,0,
44,4,dense_corridor,Dense Corridor,mono,141,3,0.7538203597068787,49,49,0.0,47.01063709417264,0.0,0,
44,4,dense_corridor,Dense Corridor,mono,142,3,0.7538203597068787,49,49,0.0,47.01063709417264,0.0,0,
44,4,dense_corridor,Dense Corridor,mono,143,3,0.7538203597068787,49,49,0.0,47.01063709417264,0.0,0,
44,4,dense_corridor,Dense Corridor,mono,144,3,0.7538203597068787,49,49,0.0,47.01063709417264,0.0,0,
44,4,dense_corridor,Dense Corridor,mono,145,3,0.7538203597068787,49,49,0.0,47.01063709417264,0.0,0,
44,4,dense_corridor,Dense Corridor,mono,146,3,0.7538203597068787,49,49,0.0,47.01063709417264,0.0,0,
44,4,dense_corridor,Dense Corridor,mono,147,3,0.7538203597068787,49,49,0.0,47.01063709417264,0.0,0,
44,4,dense_corridor,Dense Corridor,mono,148,3,0.7538203597068787,49,49,0.0,47.01063709417264,0.0,0,
44,4,dense_corridor,Dense Corridor,mono,149,3,0.7538203597068787,49,49,0.0,47.01063709417264,0.0,0,
44,4,dense_corridor,Dense Corridor,mono,150,3,0.7538203597068787,49,49,0.0,47.01063709417264,0.0,0,
44,4,dense_corridor,Dense Corridor,mono,151,3,0.7538203597068787,49,49,0.0,47.01063709417264,0.0,0,
44,4,dense_corridor,Dense Corridor,mono,152,3,0.7538203597068787,49,49,0.0,47.01063709417264,0.0,0,
44,4,dense_corridor,Dense Corridor,mono,153,3,0.7538203597068787,49,49,0.0,47.01063709417264,0.0,0,
44,4,dense_corridor,Dense Corridor,mono,154,3,0.7538203597068787,49,49,0.0,47.01063709417264,0.0,0,
44,4,dense_corridor,Dense Corridor,mono,155,3,0.7538203597068787,49,49,0.0,47.01063709417264,0.0,0,
44,4,dense_corridor,Dense Corridor,mono,156,3,0.7538203597068787,49,49,0.0,47.01063709417264,0.0,0,
44,4,dense_corridor,Dense Corridor,mono,157,3,0.7538203597068787,49,49,0.0,47.01063709417264,0.0,0,
44,4,dense_corridor,Dense Corridor,mono,158,3,0.7538203597068787,49,49,0.0,47.01063709417264,0.0,0,
44,4,dense_corridor,Dense Corridor,mono,159,3,0.7538203597068787,49,49,0.0,47.01063709417264,0.0,0,
44,4,dense_corridor,Dense Corridor,mono,160,3,0.7538203597068787,49,49,0.0,47.01063709417264,0.0,0,
44,4,dense_corridor,Dense Corridor,mono,161,3,0.7538203597068787,49,49,0.0,47.01063709417264,0.0,0,
44,4,dense_corridor,Dense Corridor,mono,162,3,0.7538203597068787,49,49,0.0,47.01063709417264,0.0,0,
44,4,dense_corridor,Dense Corridor,mono,163,3,0.7538203597068787,49,49,0.0,47.01063709417264,0.0,0,
44,4,dense_corridor,Dense Corridor,mono,164,3,0.7538203597068787,49,49,0.0,47.01063709417264,0.0,0,
44,4,dense_corridor,Dense Corridor,mono,165,3,0.7538203597068787,49,49,0.0,47.01063709417264,0.0,0,
44,4,dense_corridor,Dense Corridor,mono,166,3,0.7538203597068787,49,49,0.0,47.01063709417264,0.0,0,
44,4,dense_corridor,Dense Corridor,mono,167,3,0.7538203597068787,49,49,0.0,47.01063709417264,0.0,0,
44,4,dense_corridor,Dense Corridor,mono,168,3,0.7538203597068787,49,49,0.0,47.01063709417264,0.0,0,
44,4,dense_corridor,Dense Corridor,mono,169,3,0.7538203597068787,49,49,0.0,47.01063709417264,0.0,0,
44,4,dense_corridor,Dense Corridor,mono,170,3,0.7538203597068787,49,49,0.0,47.01063709417264,0.0,0,
44,4,dense_corridor,Dense Corridor,mono,171,3,0.7538203597068787,49,49,0.0,47.01063709417264,0.0,0,
44,4,dense_corridor,Dense Corridor,mono,172,3,0.7538203597068787,49,49,0.0,47.01063709417264,0.0,0,
44,4,dense_corridor,Dense Corridor,mono,173,3,0.7538203597068787,49,49,0.0,47.01063709417264,0.0,0,
44,4,dense_corridor,Dense Corridor,mono,174,3,0.7538203597068787,49,49,0.0,47.01063709417264,0.0,0,
44,4,dense_corridor,Dense Corridor,mono,175,3,0.7538203597068787,49,49,0.0,47.01063709417264,0.0,0,
44,4,dense_corridor,Dense Corridor,mono,176,3,0.7538203597068787,49,49,0.0,47.01063709417264,0.0,0,
44,4,dense_corridor,Dense Corridor,mono,177,3,0.7538203597068787,49,49,0.0,47.01063709417264,0.0,0,
44,4,dense_corridor,Dense Corridor,mono,178,3,0.7538203597068787,49,49,0.0,47.01063709417264,0.0,0,
44,4,dense_corridor,Dense Corridor,mono,179,3,0.7538203597068787,49,49,0.0,47.01063709417264,0.0,0,
44,4,dense_corridor,Dense Corridor,mono,180,3,0.7538203597068787,49,49,0.0,47.01063709417264,0.0,0,
44,4,dense_corridor,Dense Corridor,mono,181,3,0.7538203597068787,49,49,0.0,47.01063709417264,0.0,0,
44,4,dense_corridor,Dense Corridor,mono,182,3,0.7538203597068787,49,49,0.0,47.01063709417264,0.0,0,
44,4,dense_corridor,Dense Corridor,mono,183,3,0.7538203597068787,49,49,0.0,47.01063709417264,0.0,0,
44,4,dense_corridor,Dense Corridor,mono,184,3,0.7538203597068787,49,49,0.0,47.01063709417264,0.0,0,
44,4,dense_corridor,Dense Corridor,mono,185,3,0.7538203597068787,49,49,0.0,47.01063709417264,0.0,0,
44,4,dense_corridor,Dense Corridor,mono,186,3,0.7538203597068787,49,49,0.0,47.01063709417264,0.0,0,
44,4,dense_corridor,Dense Corridor,mono,187,3,0.7538203597068787,49,49,0.0,47.01063709417264,0.0,0,
44,4,dense_corridor,Dense Corridor,mono,188,3,0.7538203597068787,49,49,0.0,47.01063709417264,0.0,0,
44,4,dense_corridor,Dense Corridor,mono,189,3,0.7538203597068787,49,49,0.0,47.01063709417264,0.0,0,
44,4,dense_corridor,Dense Corridor,mono,190,3,0.7538203597068787,49,49,0.0,47.01063709417264,0.0,0,
44,4,dense_corridor,Dense Corridor,mono,191,3,0.7538203597068787,49,49,0.0,47.01063709417264,0.0,0,
44,4,dense_corridor,Dense Corridor,mono,192,3,0.7538203597068787,49,49,0.0,47.01063709417264,0.0,0,
44,4,dense_corridor,Dense Corridor,mono,193,3,0.7538203597068787,49,49,0.0,47.01063709417264,0.0,0,
44,4,dense_corridor,Dense Corridor,mono,194,3,0.7538203597068787,49,49,0.0,47.01063709417264,0.0,0,
44,4,dense_corridor,Dense Corridor,mono,195,3,0.7538203597068787,49,49,0.0,47.01063709417264,0.0,0,
44,4,dense_corridor,Dense Corridor,mono,196,3,0.7538203597068787,49,49,0.0,47.01063709417264,0.0,0,
44,4,dense_corridor,Dense Corridor,mono,197,3,0.7538203597068787,49,49,0.0,47.01063709417264,0.0,0,
44,4,dense_corridor,Dense Corridor,mono,198,3,0.7538203597068787,49,49,0.0,47.01063709417264,0.0,0,
44,4,dense_corridor,Dense Corridor,mono,199,3,0.7538203597068787,49,49,0.0,47.01063709417264,0.0,0,
44,4,dense_corridor,Dense Corridor,mono,200,3,0.7538203597068787,49,49,0.0,47.01063709417264,0.0,0,
45,4,obstacle_cluster,Obstacle Cluster,stereo,1,3,1.0,10,10,0.9276620745658875,38.8329756778952,0.7902498344227027,0,
45,4,obstacle_cluster,Obstacle Cluster,stereo,2,3,1.0,11,11,0.8481866121292114,38.07886552931954,0.7541101485756556,0,
45,4,obstacle_cluster,Obstacle Cluster,stereo,3,3,1.0,12,12,0.9999998807907104,37.36308338453881,0.7157821447807322,1,collision_risk
46,4,obstacle_cluster,Obstacle Cluster,mono,1,3,0.647693932056427,10,10,0.0,38.8329756778952,0.7902498344227027,0,
46,4,obstacle_cluster,Obstacle Cluster,mono,2,3,0.6511669754981995,11,11,0.0,38.07886552931954,0.7541101485756556,0,
46,4,obstacle_cluster,Obstacle Cluster,mono,3,3,0.6542628407478333,12,12,0.0,37.36308338453881,0.7157821447807322,0,
46,4,obstacle_cluster,Obstacle Cluster,mono,4,3,0.6576425433158875,13,13,0.0,36.68787265568828,0.67521072885053,0,
46,4,obstacle_cluster,Obstacle Cluster,mono,5,3,0.661493182182312,14,14,0.0,36.05551275463989,0.6323599010483889,0,
46,4,obstacle_cluster,Obstacle Cluster,mono,6,3,0.6656618714332581,15,15,0.0,35.4682957019364,0.5872170527034939,0,
46,4,obstacle_cluster,Obstacle Cluster,mono,7,3,0.6698337197303772,16,16,0.0,34.92849839314596,0.5397973087904404,0,
46,4,obstacle_cluster,Obstacle Cluster,mono,8,3,0.6741477251052856,17,17,0.0,34.438350715445125,0.4901476777008327,0,
46,4,obstacle_cluster,Obstacle Cluster,mono,9,3,0.6788042187690735,18,18,0.0,34.0,0.43835071544512516,0,
46,4,obstacle_cluster,Obstacle Cluster,mono,10,3,0.6836509704589844,19,19,0.0,33.61547262794322,0.38452737205678034,0,
46,4,obstacle_cluster,Obstacle Cluster,mono,11,3,0.688633918762207,20,20,0.0,33.28663395418648,0.32883867375674214,0,
46,4,obstacle_cluster,Obstacle Cluster,mono,12,3,0.6936883330345154,21,21,0.0,33.015148038438355,0.27148591574812286,0,
46,4,obstacle_cluster,Obstacle Cluster,mono,13,3,0.6987476944923401,22,22,0.0,32.802438933713454,0.212709104724901,0,
46,4,obstacle_cluster,Obstacle Cluster,mono,14,3,0.7038666605949402,23,23,0.0,32.64965543462902,0.15278349908443545,0,
46,4,obstacle_cluster,Obstacle Cluster,mono,15,3,0.7087709903717041,24,24,0.0,32.55764119219941,0.09201424242960599,0,
46,4,obstacle_cluster,Obstacle Cluster,mono,16,3,0.7132457494735718,25,25,0.0,32.526911934581186,0.030729257618226313,0,
46,4,obstacle_cluster,Obstacle Cluster,mono,17,3,0.71742182970047,26,26,0.0,32.55764119219941,-0.030729257618226313,0,
46,4,obstacle_cluster,Obstacle Cluster,mono,18,3,0.7214106321334839,27,27,0.0,32.64965543462902,-0.09201424242960599,0,
46,4,obstacle_cluster,Obstacle Cluster,mono,19,3,0.725366473197937,28,28,0.0,32.802438933713454,-0.15278349908443545,0,
46,4,obstacle_cluster,Obstacle Cluster,mono,20,3,0.7290651798248291,29,29,0.0,33.015148038438355,-0.212709104724901,0,
46,4,obstacle_cluster,Obstacle Cluster,mono,21,3,0.7325766682624817,30,30,0.0,33.28663395418648,-0.27148591574812286,0,
46,4,obstacle_cluster,Obstacle Cluster,mono,22,3,0.7358523607254028,31,31,0.0,33.61547262794322,-0.32883867375674214,0,
46,4,obstacle_cluster,Obstacle Cluster,mono,23,3,0.7386449575424194,32,32,0.0,34.0,-0.38452737205678034,0,
46,4,obstacle_cluster,Obstacle Cluster,mono,24,3,0.7412348389625549,33,33,0.0,34.438350715445125,-0.43835071544512516,0,
46,4,obstacle_cluster,Obstacle Cluster,mono,25,3,0.7434616088867188,34,34,0.0,34.92849839314596,-0.4901476777008327,0,
46,4,obstacle_cluster,Obstacle Cluster,mono,26,3,0.7449231743812561,35,35,0.0,35.4682957019364,-0.5397973087904404,0,
46,4,obstacle_cluster,Obstacle Cluster,mono,27,3,0.7462400197982788,36,36,0.0,36.05551275463989,-0.5872170527034939,0,
46,4,obstacle_cluster,Obstacle Cluster,mono,28,3,0.7472649216651917,37,37,0.0,36.68787265568828,-0.6323599010483889,0,
46,4,obstacle_cluster,Obstacle Cluster,mono,29,3,0.7483768463134766,38,38,0.0,37.36308338453881,-0.67521072885053,0,
46,4,obstacle_cluster,Obstacle Cluster,mono,30,3,0.74958735704422,39,39,0.0,38.07886552931954,-0.7157821447807322,0,
46,4,obstacle_cluster,Obstacle Cluster,mono,31,3,0.750666618347168,40,40,0.0,38.8329756778952,-0.7541101485756556,0,
46,4,obstacle_cluster,Obstacle Cluster,mono,32,3,0.7512836456298828,41,41,0.0,39.6232255123179,-0.7902498344227027,0,
46,4,obstacle_cluster,Obstacle Cluster,mono,33,3,0.7518070340156555,42,42,0.0,40.44749683231337,-0.8242713199954679,0,
46,4,obstacle_cluster,Obstacle Cluster,mono,34,3,0.7519000172615051,43,43,0.0,41.30375285612676,-0.856256023813394,0,
46,4,obstacle_cluster,Obstacle Cluster,mono,35,3,0.7520806193351746,44,44,0.0,42.190046219457976,-0.8862933633312124,0,
46,4,obstacle_cluster,Obstacle Cluster,mono,36,3,0.7521085143089294,45,45,0.0,43.104524124504614,-0.9144779050466383,0,
46,4,obstacle_cluster,Obstacle Cluster,mono,37,3,0.7522748708724976,46,46,0.0,44.04543109109048,-0.9409069665858638,0,
46,4,obstacle_cluster,Obstacle Cluster,mono,38,3,0.7524490356445312,47,47,0.0,45.0111097397076,-0.9656786486171214,0,
46,4,obstacle_cluster,Obstacle Cluster,mono,39,3,0.7531751990318298,48,48,0.0,46.0,-0.9888902602924006,0,
46,4,obstacle_cluster,Obstacle Cluster,mono,40,3,0.7539178729057312,49,49,0.0,47.01063709417264,-1.0106370941726368,0,
46,4,obstacle_cluster,Obstacle Cluster,mono,41,3,0.7538203597068787,49,49,0.0,47.01063709417264,0.0,0,
46,4,obstacle_cluster,Obstacle Cluster,mono,42,3,0.7538203597068787,49,49,0.0,47.01063709417264,0.0,0,
46,4,obstacle_cluster,Obstacle Cluster,mono,43,3,0.7538203597068787,49,49,0.0,47.01063709417264,0.0,0,
46,4,obstacle_cluster,Obstacle Cluster,mono,44,3,0.7538203597068787,49,49,0.0,47.01063709417264,0.0,0,
46,4,obstacle_cluster,Obstacle Cluster,mono,45,3,0.7538203597068787,49,49,0.0,47.01063709417264,0.0,0,
46,4,obstacle_cluster,Obstacle Cluster,mono,46,3,0.7538203597068787,49,49,0.0,47.01063709417264,0.0,0,
46,4,obstacle_cluster,Obstacle Cluster,mono,47,3,0.7538203597068787,49,49,0.0,47.01063709417264,0.0,0,
46,4,obstacle_cluster,Obstacle Cluster,mono,48,3,0.7538203597068787,49,49,0.0,47.01063709417264,0.0,0,
46,4,obstacle_cluster,Obstacle Cluster,mono,49,3,0.7538203597068787,49,49,0.0,47.01063709417264,0.0,0,
46,4,obstacle_cluster,Obstacle Cluster,mono,50,3,0.7538203597068787,49,49,0.0,47.01063709417264,0.0,0,
46,4,obstacle_cluster,Obstacle Cluster,mono,51,3,0.7538203597068787,49,49,0.0,47.01063709417264,0.0,0,
46,4,obstacle_cluster,Obstacle Cluster,mono,52,3,0.7538203597068787,49,49,0.0,47.01063709417264,0.0,0,
46,4,obstacle_cluster,Obstacle Cluster,mono,53,3,0.7538203597068787,49,49,0.0,47.01063709417264,0.0,0,
46,4,obstacle_cluster,Obstacle Cluster,mono,54,3,0.7538203597068787,49,49,0.0,47.01063709417264,0.0,0,
46,4,obstacle_cluster,Obstacle Cluster,mono,55,3,0.7538203597068787,49,49,0.0,47.01063709417264,0.0,0,
46,4,obstacle_cluster,Obstacle Cluster,mono,56,3,0.7538203597068787,49,49,0.0,47.01063709417264,0.0,0,
46,4,obstacle_cluster,Obstacle Cluster,mono,57,3,0.7538203597068787,49,49,0.0,47.01063709417264,0.0,0,
46,4,obstacle_cluster,Obstacle Cluster,mono,58,3,0.7538203597068787,49,49,0.0,47.01063709417264,0.0,0,
46,4,obstacle_cluster,Obstacle Cluster,mono,59,3,0.7538203597068787,49,49,0.0,47.01063709417264,0.0,0,
46,4,obstacle_cluster,Obstacle Cluster,mono,60,3,0.7538203597068787,49,49,0.0,47.01063709417264,0.0,0,
46,4,obstacle_cluster,Obstacle Cluster,mono,61,3,0.7538203597068787,49,49,0.0,47.01063709417264,0.0,0,
46,4,obstacle_cluster,Obstacle Cluster,mono,62,3,0.7538203597068787,49,49,0.0,47.01063709417264,0.0,0,
46,4,obstacle_cluster,Obstacle Cluster,mono,63,3,0.7538203597068787,49,49,0.0,47.01063709417264,0.0,0,
46,4,obstacle_cluster,Obstacle Cluster,mono,64,3,0.7538203597068787,49,49,0.0,47.01063709417264,0.0,0,
46,4,obstacle_cluster,Obstacle Cluster,mono,65,3,0.7538203597068787,49,49,0.0,47.01063709417264,0.0,0,
46,4,obstacle_cluster,Obstacle Cluster,mono,66,3,0.7538203597068787,49,49,0.0,47.01063709417264,0.0,0,
46,4,obstacle_cluster,Obstacle Cluster,mono,67,3,0.7538203597068787,49,49,0.0,47.01063709417264,0.0,0,
46,4,obstacle_cluster,Obstacle Cluster,mono,68,3,0.7538203597068787,49,49,0.0,47.01063709417264,0.0,0,
46,4,obstacle_cluster,Obstacle Cluster,mono,69,3,0.7538203597068787,49,49,0.0,47.01063709417264,0.0,0,
46,4,obstacle_cluster,Obstacle Cluster,mono,70,3,0.7538203597068787,49,49,0.0,47.01063709417264,0.0,0,
46,4,obstacle_cluster,Obstacle Cluster,mono,71,3,0.7538203597068787,49,49,0.0,47.01063709417264,0.0,0,
46,4,obstacle_cluster,Obstacle Cluster,mono,72,3,0.7538203597068787,49,49,0.0,47.01063709417264,0.0,0,
46,4,obstacle_cluster,Obstacle Cluster,mono,73,3,0.7538203597068787,49,49,0.0,47.01063709417264,0.0,0,
46,4,obstacle_cluster,Obstacle Cluster,mono,74,3,0.7538203597068787,49,49,0.0,47.01063709417264,0.0,0,
46,4,obstacle_cluster,Obstacle Cluster,mono,75,3,0.7538203597068787,49,49,0.0,47.01063709417264,0.0,0,
46,4,obstacle_cluster,Obstacle Cluster,mono,76,3,0.7538203597068787,49,49,0.0,47.01063709417264,0.0,0,
46,4,obstacle_cluster,Obstacle Cluster,mono,77,3,0.7538203597068787,49,49,0.0,47.01063709417264,0.0,0,
46,4,obstacle_cluster,Obstacle Cluster,mono,78,3,0.7538203597068787,49,49,0.0,47.01063709417264,0.0,0,
46,4,obstacle_cluster,Obstacle Cluster,mono,79,3,0.7538203597068787,49,49,0.0,47.01063709417264,0.0,0,
46,4,obstacle_cluster,Obstacle Cluster,mono,80,3,0.7538203597068787,49,49,0.0,47.01063709417264,0.0,0,
46,4,obstacle_cluster,Obstacle Cluster,mono,81,3,0.7538203597068787,49,49,0.0,47.01063709417264,0.0,0,
46,4,obstacle_cluster,Obstacle Cluster,mono,82,3,0.7538203597068787,49,49,0.0,47.01063709417264,0.0,0,
46,4,obstacle_cluster,Obstacle Cluster,mono,83,3,0.7538203597068787,49,49,0.0,47.01063709417264,0.0,0,
46,4,obstacle_cluster,Obstacle Cluster,mono,84,3,0.7538203597068787,49,49,0.0,47.01063709417264,0.0,0,
46,4,obstacle_cluster,Obstacle Cluster,mono,85,3,0.7538203597068787,49,49,0.0,47.01063709417264,0.0,0,
46,4,obstacle_cluster,Obstacle Cluster,mono,86,3,0.7538203597068787,49,49,0.0,47.01063709417264,0.0,0,
46,4,obstacle_cluster,Obstacle Cluster,mono,87,3,0.7538203597068787,49,49,0.0,47.01063709417264,0.0,0,
46,4,obstacle_cluster,Obstacle Cluster,mono,88,3,0.7538203597068787,49,49,0.0,47.01063709417264,0.0,0,
46,4,obstacle_cluster,Obstacle Cluster,mono,89,3,0.7538203597068787,49,49,0.0,47.01063709417264,0.0,0,
46,4,obstacle_cluster,Obstacle Cluster,mono,90,3,0.7538203597068787,49,49,0.0,47.01063709417264,0.0,0,
46,4,obstacle_cluster,Obstacle Cluster,mono,91,3,0.7538203597068787,49,49,0.0,47.01063709417264,0.0,0,
46,4,obstacle_cluster,Obstacle Cluster,mono,92,3,0.7538203597068787,49,49,0.0,47.01063709417264,0.0,0,
46,4,obstacle_cluster,Obstacle Cluster,mono,93,3,0.7538203597068787,49,49,0.0,47.01063709417264,0.0,0,
46,4,obstacle_cluster,Obstacle Cluster,mono,94,3,0.7538203597068787,49,49,0.0,47.01063709417264,0.0,0,
46,4,obstacle_cluster,Obstacle Cluster,mono,95,3,0.7538203597068787,49,49,0.0,47.01063709417264,0.0,0,
46,4,obstacle_cluster,Obstacle Cluster,mono,96,3,0.7538203597068787,49,49,0.0,47.01063709417264,0.0,0,
46,4,obstacle_cluster,Obstacle Cluster,mono,97,3,0.7538203597068787,49,49,0.0,47.01063709417264,0.0,0,
46,4,obstacle_cluster,Obstacle Cluster,mono,98,3,0.7538203597068787,49,49,0.0,47.01063709417264,0.0,0,
46,4,obstacle_cluster,Obstacle Cluster,mono,99,3,0.7538203597068787,49,49,0.0,47.01063709417264,0.0,0,
46,4,obstacle_cluster,Obstacle Cluster,mono,100,3,0.7538203597068787,49,49,0.0,47.01063709417264,0.0,0,
46,4,obstacle_cluster,Obstacle Cluster,mono,101,3,0.7538203597068787,49,49,0.0,47.01063709417264,0.0,0,
46,4,obstacle_cluster,Obstacle Cluster,mono,102,3,0.7538203597068787,49,49,0.0,47.01063709417264,0.0,0,
46,4,obstacle_cluster,Obstacle Cluster,mono,103,3,0.7538203597068787,49,49,0.0,47.01063709417264,0.0,0,
46,4,obstacle_cluster,Obstacle Cluster,mono,104,3,0.7538203597068787,49,49,0.0,47.01063709417264,0.0,0,
46,4,obstacle_cluster,Obstacle Cluster,mono,105,3,0.7538203597068787,49,49,0.0,47.01063709417264,0.0,0,
46,4,obstacle_cluster,Obstacle Cluster,mono,106,3,0.7538203597068787,49,49,0.0,47.01063709417264,0.0,0,
46,4,obstacle_cluster,Obstacle Cluster,mono,107,3,0.7538203597068787,49,49,0.0,47.01063709417264,0.0,0,
46,4,obstacle_cluster,Obstacle Cluster,mono,108,3,0.7538203597068787,49,49,0.0,47.01063709417264,0.0,0,
46,4,obstacle_cluster,Obstacle Cluster,mono,109,3,0.7538203597068787,49,49,0.0,47.01063709417264,0.0,0,
46,4,obstacle_cluster,Obstacle Cluster,mono,110,3,0.7538203597068787,49,49,0.0,47.01063709417264,0.0,0,
46,4,obstacle_cluster,Obstacle Cluster,mono,111,3,0.7538203597068787,49,49,0.0,47.01063709417264,0.0,0,
46,4,obstacle_cluster,Obstacle Cluster,mono,112,3,0.7538203597068787,49,49,0.0,47.01063709417264,0.0,0,
46,4,obstacle_cluster,Obstacle Cluster,mono,113,3,0.7538203597068787,49,49,0.0,47.01063709417264,0.0,0,
46,4,obstacle_cluster,Obstacle Cluster,mono,114,3,0.7538203597068787,49,49,0.0,47.01063709417264,0.0,0,
46,4,obstacle_cluster,Obstacle Cluster,mono,115,3,0.7538203597068787,49,49,0.0,47.01063709417264,0.0,0,
46,4,obstacle_cluster,Obstacle Cluster,mono,116,3,0.7538203597068787,49,49,0.0,47.01063709417264,0.0,0,
46,4,obstacle_cluster,Obstacle Cluster,mono,117,3,0.7538203597068787,49,49,0.0,47.01063709417264,0.0,0,
46,4,obstacle_cluster,Obstacle Cluster,mono,118,3,0.7538203597068787,49,49,0.0,47.01063709417264,0.0,0,
46,4,obstacle_cluster,Obstacle Cluster,mono,119,3,0.7538203597068787,49,49,0.0,47.01063709417264,0.0,0,
46,4,obstacle_cluster,Obstacle Cluster,mono,120,3,0.7538203597068787,49,49,0.0,47.01063709417264,0.0,0,
46,4,obstacle_cluster,Obstacle Cluster,mono,121,3,0.7538203597068787,49,49,0.0,47.01063709417264,0.0,0,
46,4,obstacle_cluster,Obstacle Cluster,mono,122,3,0.7538203597068787,49,49,0.0,47.01063709417264,0.0,0,
46,4,obstacle_cluster,Obstacle Cluster,mono,123,3,0.7538203597068787,49,49,0.0,47.01063709417264,0.0,0,
46,4,obstacle_cluster,Obstacle Cluster,mono,124,3,0.7538203597068787,49,49,0.0,47.01063709417264,0.0,0,
46,4,obstacle_cluster,Obstacle Cluster,mono,125,3,0.7538203597068787,49,49,0.0,47.01063709417264,0.0,0,
46,4,obstacle_cluster,Obstacle Cluster,mono,126,3,0.7538203597068787,49,49,0.0,47.01063709417264,0.0,0,
46,4,obstacle_cluster,Obstacle Cluster,mono,127,3,0.7538203597068787,49,49,0.0,47.01063709417264,0.0,0,
46,4,obstacle_cluster,Obstacle Cluster,mono,128,3,0.7538203597068787,49,49,0.0,47.01063709417264,0.0,0,
46,4,obstacle_cluster,Obstacle Cluster,mono,129,3,0.7538203597068787,49,49,0.0,47.01063709417264,0.0,0,
46,4,obstacle_cluster,Obstacle Cluster,mono,130,3,0.7538203597068787,49,49,0.0,47.01063709417264,0.0,0,
46,4,obstacle_cluster,Obstacle Cluster,mono,131,3,0.7538203597068787,49,49,0.0,47.01063709417264,0.0,0,
46,4,obstacle_cluster,Obstacle Cluster,mono,132,3,0.7538203597068787,49,49,0.0,47.01063709417264,0.0,0,
46,4,obstacle_cluster,Obstacle Cluster,mono,133,3,0.7538203597068787,49,49,0.0,47.01063709417264,0.0,0,
46,4,obstacle_cluster,Obstacle Cluster,mono,134,3,0.7538203597068787,49,49,0.0,47.01063709417264,0.0,0,
46,4,obstacle_cluster,Obstacle Cluster,mono,135,3,0.7538203597068787,49,49,0.0,47.01063709417264,0.0,0,
46,4,obstacle_cluster,Obstacle Cluster,mono,136,3,0.7538203597068787,49,49,0.0,47.01063709417264,0.0,0,
46,4,obstacle_cluster,Obstacle Cluster,mono,137,3,0.7538203597068787,49,49,0.0,47.01063709417264,0.0,0,
46,4,obstacle_cluster,Obstacle Cluster,mono,138,3,0.7538203597068787,49,49,0.0,47.01063709417264,0.0,0,
46,4,obstacle_cluster,Obstacle Cluster,mono,139,3,0.7538203597068787,49,49,0.0,47.01063709417264,0.0,0,
46,4,obstacle_cluster,Obstacle Cluster,mono,140,3,0.7538203597068787,49,49,0.0,47.01063709417264,0.0,0,
46,4,obstacle_cluster,Obstacle Cluster,mono,141,3,0.7538203597068787,49,49,0.0,47.01063709417264,0.0,0,
46,4,obstacle_cluster,Obstacle Cluster,mono,142,3,0.7538203597068787,49,49,0.0,47.01063709417264,0.0,0,
46,4,obstacle_cluster,Obstacle Cluster,mono,143,3,0.7538203597068787,49,49,0.0,47.01063709417264,0.0,0,
46,4,obstacle_cluster,Obstacle Cluster,mono,144,3,0.7538203597068787,49,49,0.0,47.01063709417264,0.0,0,
46,4,obstacle_cluster,Obstacle Cluster,mono,145,3,0.7538203597068787,49,49,0.0,47.01063709417264,0.0,0,
46,4,obstacle_cluster,Obstacle Cluster,mono,146,3,0.7538203597068787,49,49,0.0,47.01063709417264,0.0,0,
46,4,obstacle_cluster,Obstacle Cluster,mono,147,3,0.7538203597068787,49,49,0.0,47.01063709417264,0.0,0,
46,4,obstacle_cluster,Obstacle Cluster,mono,148,3,0.7538203597068787,49,49,0.0,47.01063709417264,0.0,0,
46,4,obstacle_cluster,Obstacle Cluster,mono,149,3,0.7538203597068787,49,49,0.0,47.01063709417264,0.0,0,
46,4,obstacle_cluster,Obstacle Cluster,mono,150,3,0.7538203597068787,49,49,0.0,47.01063709417264,0.0,0,
46,4,obstacle_cluster,Obstacle Cluster,mono,151,3,0.7538203597068787,49,49,0.0,47.01063709417264,0.0,0,
46,4,obstacle_cluster,Obstacle Cluster,mono,152,3,0.7538203597068787,49,49,0.0,47.01063709417264,0.0,0,
46,4,obstacle_cluster,Obstacle Cluster,mono,153,3,0.7538203597068787,49,49,0.0,47.01063709417264,0.0,0,
46,4,obstacle_cluster,Obstacle Cluster,mono,154,3,0.7538203597068787,49,49,0.0,47.01063709417264,0.0,0,
46,4,obstacle_cluster,Obstacle Cluster,mono,155,3,0.7538203597068787,49,49,0.0,47.01063709417264,0.0,0,
46,4,obstacle_cluster,Obstacle Cluster,mono,156,3,0.7538203597068787,49,49,0.0,47.01063709417264,0.0,0,
46,4,obstacle_cluster,Obstacle Cluster,mono,157,3,0.7538203597068787,49,49,0.0,47.01063709417264,0.0,0,
46,4,obstacle_cluster,Obstacle Cluster,mono,158,3,0.7538203597068787,49,49,0.0,47.01063709417264,0.0,0,
46,4,obstacle_cluster,Obstacle Cluster,mono,159,3,0.7538203597068787,49,49,0.0,47.01063709417264,0.0,0,
46,4,obstacle_cluster,Obstacle Cluster,mono,160,3,0.7538203597068787,49,49,0.0,47.01063709417264,0.0,0,
46,4,obstacle_cluster,Obstacle Cluster,mono,161,3,0.7538203597068787,49,49,0.0,47.01063709417264,0.0,0,
46,4,obstacle_cluster,Obstacle Cluster,mono,162,3,0.7538203597068787,49,49,0.0,47.01063709417264,0.0,0,
46,4,obstacle_cluster,Obstacle Cluster,mono,163,3,0.7538203597068787,49,49,0.0,47.01063709417264,0.0,0,
46,4,obstacle_cluster,Obstacle Cluster,mono,164,3,0.7538203597068787,49,49,0.0,47.01063709417264,0.0,0,
46,4,obstacle_cluster,Obstacle Cluster,mono,165,3,0.7538203597068787,49,49,0.0,47.01063709417264,0.0,0,
46,4,obstacle_cluster,Obstacle Cluster,mono,166,3,0.7538203597068787,49,49,0.0,47.01063709417264,0.0,0,
46,4,obstacle_cluster,Obstacle Cluster,mono,167,3,0.7538203597068787,49,49,0.0,47.01063709417264,0.0,0,
46,4,obstacle_cluster,Obstacle Cluster,mono,168,3,0.7538203597068787,49,49,0.0,47.01063709417264,0.0,0,
46,4,obstacle_cluster,Obstacle Cluster,mono,169,3,0.7538203597068787,49,49,0.0,47.01063709417264,0.0,0,
46,4,obstacle_cluster,Obstacle Cluster,mono,170,3,0.7538203597068787,49,49,0.0,47.01063709417264,0.0,0,
46,4,obstacle_cluster,Obstacle Cluster,mono,171,3,0.7538203597068787,49,49,0.0,47.01063709417264,0.0,0,
46,4,obstacle_cluster,Obstacle Cluster,mono,172,3,0.7538203597068787,49,49,0.0,47.01063709417264,0.0,0,
46,4,obstacle_cluster,Obstacle Cluster,mono,173,3,0.7538203597068787,49,49,0.0,47.01063709417264,0.0,0,
46,4,obstacle_cluster,Obstacle Cluster,mono,174,3,0.7538203597068787,49,49,0.0,47.01063709417264,0.0,0,
46,4,obstacle_cluster,Obstacle Cluster,mono,175,3,0.7538203597068787,49,49,0.0,47.01063709417264,0.0,0,
46,4,obstacle_cluster,Obstacle Cluster,mono,176,3,0.7538203597068787,49,49,0.0,47.01063709417264,0.0,0,
46,4,obstacle_cluster,Obstacle Cluster,mono,177,3,0.7538203597068787,49,49,0.0,47.01063709417264,0.0,0,
46,4,obstacle_cluster,Obstacle Cluster,mono,178,3,0.7538203597068787,49,49,0.0,47.01063709417264,0.0,0,
46,4,obstacle_cluster,Obstacle Cluster,mono,179,3,0.7538203597068787,49,49,0.0,47.01063709417264,0.0,0,
46,4,obstacle_cluster,Obstacle Cluster,mono,180,3,0.7538203597068787,49,49,0.0,47.01063709417264,0.0,0,
46,4,obstacle_cluster,Obstacle Cluster,mono,181,3,0.7538203597068787,49,49,0.0,47.01063709417264,0.0,0,
46,4,obstacle_cluster,Obstacle Cluster,mono,182,3,0.7538203597068787,49,49,0.0,47.01063709417264,0.0,0,
46,4,obstacle_cluster,Obstacle Cluster,mono,183,3,0.7538203597068787,49,49,0.0,47.01063709417264,0.0,0,
46,4,obstacle_cluster,Obstacle Cluster,mono,184,3,0.7538203597068787,49,49,0.0,47.01063709417264,0.0,0,
46,4,obstacle_cluster,Obstacle Cluster,mono,185,3,0.7538203597068787,49,49,0.0,47.01063709417264,0.0,0,
46,4,obstacle_cluster,Obstacle Cluster,mono,186,3,0.7538203597068787,49,49,0.0,47.01063709417264,0.0,0,
46,4,obstacle_cluster,Obstacle Cluster,mono,187,3,0.7538203597068787,49,49,0.0,47.01063709417264,0.0,0,
46,4,obstacle_cluster,Obstacle Cluster,mono,188,3,0.7538203597068787,49,49,0.0,47.01063709417264,0.0,0,
46,4,obstacle_cluster,Obstacle Cluster,mono,189,3,0.7538203597068787,49,49,0.0,47.01063709417264,0.0,0,
46,4,obstacle_cluster,Obstacle Cluster,mono,190,3,0.7538203597068787,49,49,0.0,47.01063709417264,0.0,0,
46,4,obstacle_cluster,Obstacle Cluster,mono,191,3,0.7538203597068787,49,49,0.0,47.01063709417264,0.0,0,
46,4,obstacle_cluster,Obstacle Cluster,mono,192,3,0.7538203597068787,49,49,0.0,47.01063709417264,0.0,0,
46,4,obstacle_cluster,Obstacle Cluster,mono,193,3,0.7538203597068787,49,49,0.0,47.01063709417264,0.0,0,
46,4,obstacle_cluster,Obstacle Cluster,mono,194,3,0.7538203597068787,49,49,0.0,47.01063709417264,0.0,0,
46,4,obstacle_cluster,Obstacle Cluster,mono,195,3,0.7538203597068787,49,49,0.0,47.01063709417264,0.0,0,
46,4,obstacle_cluster,Obstacle Cluster,mono,196,3,0.7538203597068787,49,49,0.0,47.01063709417264,0.0,0,
46,4,obstacle_cluster,Obstacle Cluster,mono,197,3,0.7538203597068787,49,49,0.0,47.01063709417264,0.0,0,
46,4,obstacle_cluster,Obstacle Cluster,mono,198,3,0.7538203597068787,49,49,0.0,47.01063709417264,0.0,0,
46,4,obstacle_cluster,Obstacle Cluster,mono,199,3,0.7538203597068787,49,49,0.0,47.01063709417264,0.0,0,
46,4,obstacle_cluster,Obstacle Cluster,mono,200,3,0.7538203597068787,49,49,0.0,47.01063709417264,0.0,0,
47,4,lateral_maneuver,Lateral Maneuver,stereo,1,3,0.988381028175354,2,3,0.0,55.60575509783138,1.4030161571255206,0,
47,4,lateral_maneuver,Lateral Maneuver,stereo,2,3,0.9871981739997864,3,4,0.0,54.20332093147061,1.40243416636077,0,
47,4,lateral_maneuver,Lateral Maneuver,stereo,3,3,0.985968828201294,4,5,0.0,52.80151512977634,1.401805801694266,0,
47,4,lateral_maneuver,Lateral Maneuver,stereo,4,3,0.9847385883331299,5,6,0.0,51.40038910358559,1.4011260261907523,0,
47,4,lateral_maneuver,Lateral Maneuver,stereo,5,3,0.9834983944892883,6,7,0.0,50.0,1.4003891035855887,0,
47,4,lateral_maneuver,Lateral Maneuver,stereo,6,3,0.9822231531143188,7,8,0.0,48.60041152089147,1.3995884791085302,0,
47,4,lateral_maneuver,Lateral Maneuver,stereo,7,3,0.9809133410453796,8,9,0.0,47.20169488482379,1.3987166360676824,0,
47,4,lateral_maneuver,Lateral Maneuver,stereo,8,3,0.9796326160430908,9,10,0.0,45.803929962395145,1.3977649224286424,0,
47,4,lateral_maneuver,Lateral Maneuver,stereo,9,3,0.9783939719200134,10,11,0.3682483732700348,44.40720662234904,1.3967233400461083,0,
47,4,lateral_maneuver,Lateral Maneuver,stereo,10,3,0.9771275520324707,11,12,0.28375768661499023,43.01162633521314,1.3955802871358998,0,
47,4,lateral_maneuver,Lateral Maneuver,stereo,11,3,0.9759424328804016,12,13,0.0,41.617304093369626,1.3943222418435113,0,
47,4,lateral_maneuver,Lateral Maneuver,stereo,12,3,0.9748415350914001,13,14,0.0,40.22437072223753,1.392933371132095,0,
47,4,lateral_maneuver,Lateral Maneuver,stereo,13,3,0.9738035798072815,14,15,0.0,38.8329756778952,1.3913950443423317,0,
47,4,lateral_maneuver,Lateral Maneuver,stereo,14,3,0.9728050827980042,15,16,0.0,37.44329045369811,1.3896852241970876,0,
47,4,lateral_maneuver,Lateral Maneuver,stereo,15,3,0.9718576669692993,16,17,0.0,36.05551275463989,1.3877776990582191,0,
47,4,lateral_maneuver,Lateral Maneuver,stereo,16,3,0.9710121750831604,17,18,0.0,34.66987164671943,1.3856411079204634,0,
47,4,lateral_maneuver,Lateral Maneuver,stereo,17,3,0.970380425453186,18,19,0.5565199851989746,33.28663395418648,1.3832376925329513,0,
47,4,lateral_maneuver,Lateral Maneuver,stereo,18,3,0.9698071479797363,19,20,0.08294752985239029,31.906112267087632,1.3805216870988453,0,
47,4,lateral_maneuver,Lateral Maneuver,stereo,19,3,0.9693091511726379,20,21,0.1284722089767456,30.528675044947494,1.3774372221401379,0,
47,4,lateral_maneuver,Lateral Maneuver,stereo,20,3,0.968890368938446,21,22,0.0,29.154759474226502,1.3739155707209925,0,
47,4,lateral_maneuver,Lateral Maneuver,stereo,21,3,0.9685614705085754,22,23,0.0038580247201025486,27.784887978899608,1.369871495326894,0,
47,4,lateral_maneuver,Lateral Maneuver,stereo,22,3,0.968305766582489,23,24,0.04243826866149902,26.419689627245813,1.3651983516537953,0,
47,4,lateral_maneuver,Lateral Maneuver,stereo,23,3,0.9681269526481628,24,25,0.12249226868152618,25.059928172283335,1.3597614549624772,0,
47,4,lateral_maneuver,Lateral Maneuver,stereo,24,3,0.9679898619651794,25,26,0.0,23.706539182259394,1.3533889900239409,0,
47,4,lateral_maneuver,Lateral Maneuver,stereo,25,3,0.9678542017936707,26,27,0.0,22.360679774997898,1.3458594072614964,0,
47,4,lateral_maneuver,Lateral Maneuver,stereo,26,3,0.967687726020813,27,28,0.009259259328246117,21.02379604162864,1.336883733369259,0,
47,4,lateral_maneuver,Lateral Maneuver,stereo,27,3,0.9675043225288391,28,29,0.0,19.697715603592208,1.3260804380364313,0,
47,4,lateral_maneuver,Lateral Maneuver,stereo,28,3,0.9673850536346436,29,30,0.0,18.384776310850235,1.312939292741973,0,
47,4,lateral_maneuver,Lateral Maneuver,stereo,29,3,0.9672943949699402,30,31,0.3250386118888855,17.08800749063506,1.2967688202151741,0,
47,4,lateral_maneuver,Lateral Maneuver,stereo,30,3,0.9672156572341919,31,32,0.21797838807106018,15.811388300841896,1.2766191897931645,0,
47,4,lateral_maneuver,Lateral Maneuver,stereo,31,3,0.9670748114585876,32,33,0.0,14.560219778561036,1.2511685222808602,0,
47,4,lateral_maneuver,Lateral Maneuver,stereo,32,3,0.9669232964515686,33,34,0.19386573135852814,13.341664064126334,1.218555714434702,0,
47,4,lateral_maneuver,Lateral Maneuver,stereo,33,3,0.9666893482208252,34,35,0.2833719253540039,12.165525060596439,1.1761390035298955,0,
47,4,lateral_maneuver,Lateral Maneuver,stereo,34,3,0.966510534286499,35,36,0.4562113583087921,11.045361017187261,1.1201640434091775,0,
47,4,lateral_maneuver,Lateral Maneuver,stereo,35,3,0.9660454988479614,36,37,0.0,10.0,1.0453610171872612,0,
47,4,lateral_maneuver,Lateral Maneuver,stereo,36,3,0.9655066132545471,37,38,0.0,9.055385138137417,0.9446148618625827,0,
47,4,lateral_maneuver,Lateral Maneuver,stereo,37,3,0.9650200009346008,38,39,0.0,8.246211251235321,0.8091738869020961,0,
47,4,lateral_maneuver,Lateral Maneuver,stereo,38,3,0.9644495844841003,39,40,0.0,7.615773105863909,0.6304381453714125,0,
47,4,lateral_maneuver,Lateral Maneuver,stereo,39,3,0.9640975594520569,40,41,0.26099538803100586,7.211102550927978,0.4046705549359304,0,
47,4,lateral_maneuver,Lateral Maneuver,stereo,40,3,0.9638702273368835,41,42,0.7515430450439453,7.0710678118654755,0.14003473906250274,0,
47,4,lateral_maneuver,Lateral Maneuver,stereo,41,3,0.963577926158905,42,43,0.1714891940355301,7.211102550927978,-0.14003473906250274,0,
47,4,lateral_maneuver,Lateral Maneuver,stereo,42,3,0.9633890390396118,43,44,0.0,7.615773105863909,-0.4046705549359304,0,
47,4,lateral_maneuver,Lateral Maneuver,stereo,43,3,0.9632319808006287,44,45,0.0,8.246211251235321,-0.6304381453714125,0,
47,4,lateral_maneuver,Lateral Maneuver,stereo,44,3,0.96321040391922,45,46,0.0,9.055385138137417,-0.8091738869020961,0,
47,4,lateral_maneuver,Lateral Maneuver,stereo,45,3,0.9630945920944214,46,47,0.0,10.0,-0.9446148618625827,0,
47,4,lateral_maneuver,Lateral Maneuver,stereo,46,3,0.9629446864128113,47,48,0.0,11.045361017187261,-1.0453610171872612,0,
47,4,lateral_maneuver,Lateral Maneuver,stereo,47,3,0.9627435803413391,48,49,0.5082947015762329,12.165525060596439,-1.1201640434091775,0,
47,4,lateral_maneuver,Lateral Maneuver,stereo,48,3,0.9624669551849365,49,49,0.011574074625968933,12.36931687685298,-0.2037918162565422,0,
47,4,lateral_maneuver,Lateral Maneuver,stereo,49,3,0.9619912505149841,49,49,0.011574074625968933,12.36931687685298,0.0,0,
47,4,lateral_maneuver,Lateral Maneuver,stereo,50,3,0.9619912505149841,49,49,0.011574074625968933,12.36931687685298,0.0,0,
47,4,lateral_maneuver,Lateral Maneuver,stereo,51,3,0.9619912505149841,49,49,0.011574074625968933,12.36931687685298,0.0,0,
47,4,lateral_maneuver,Lateral Maneuver,stereo,52,3,0.9619912505149841,49,49,0.011574074625968933,12.36931687685298,0.0,0,
47,4,lateral_maneuver,Lateral Maneuver,stereo,53,3,0.9619912505149841,49,49,0.011574074625968933,12.36931687685298,0.0,0,
47,4,lateral_maneuver,Lateral Maneuver,stereo,54,3,0.9619912505149841,49,49,0.011574074625968933,12.36931687685298,0.0,0,
47,4,lateral_maneuver,Lateral Maneuver,stereo,55,3,0.9619912505149841,49,49,0.011574074625968933,12.36931687685298,0.0,0,
47,4,lateral_maneuver,Lateral Maneuver,stereo,56,3,0.9619912505149841,49,49,0.011574074625968933,12.36931687685298,0.0,0,
47,4,lateral_maneuver,Lateral Maneuver,stereo,57,3,0.9619912505149841,49,49,0.011574074625968933,12.36931687685298,0.0,0,
47,4,lateral_maneuver,Lateral Maneuver,stereo,58,3,0.9619912505149841,49,49,0.011574074625968933,12.36931687685298,0.0,0,
47,4,lateral_maneuver,Lateral Maneuver,stereo,59,3,0.9619912505149841,49,49,0.011574074625968933,12.36931687685298,0.0,0,
47,4,lateral_maneuver,Lateral Maneuver,stereo,60,3,0.9619912505149841,49,49,0.011574074625968933,12.36931687685298,0.0,0,
47,4,lateral_maneuver,Lateral Maneuver,stereo,61,3,0.9619912505149841,49,49,0.011574074625968933,12.36931687685298,0.0,0,
47,4,lateral_maneuver,Lateral Maneuver,stereo,62,3,0.9619912505149841,49,49,0.011574074625968933,12.36931687685298,0.0,0,
47,4,lateral_maneuver,Lateral Maneuver,stereo,63,3,0.9619912505149841,49,49,0.011574074625968933,12.36931687685298,0.0,0,
47,4,lateral_maneuver,Lateral Maneuver,stereo,64,3,0.9619912505149841,49,49,0.011574074625968933,12.36931687685298,0.0,0,
47,4,lateral_maneuver,Lateral Maneuver,stereo,65,3,0.9619912505149841,49,49,0.011574074625968933,12.36931687685298,0.0,0,
47,4,lateral_maneuver,Lateral Maneuver,stereo,66,3,0.9619912505149841,49,49,0.011574074625968933,12.36931687685298,0.0,0,
47,4,lateral_maneuver,Lateral Maneuver,stereo,67,3,0.9619912505149841,49,49,0.011574074625968933,12.36931687685298,0.0,0,
47,4,lateral_maneuver,Lateral Maneuver,stereo,68,3,0.9619912505149841,49,49,0.011574074625968933,12.36931687685298,0.0,0,
47,4,lateral_maneuver,Lateral Maneuver,stereo,69,3,0.9619912505149841,49,49,0.011574074625968933,12.36931687685298,0.0,0,
47,4,lateral_maneuver,Lateral Maneuver,stereo,70,3,0.9619912505149841,49,49,0.011574074625968933,12.36931687685298,0.0,0,
47,4,lateral_maneuver,Lateral Maneuver,stereo,71,3,0.9619912505149841,49,49,0.011574074625968933,12.36931687685298,0.0,0,
47,4,lateral_maneuver,Lateral Maneuver,stereo,72,3,0.9619912505149841,49,49,0.011574074625968933,12.36931687685298,0.0,0,
47,4,lateral_maneuver,Lateral Maneuver,stereo,73,3,0.9619912505149841,49,49,0.011574074625968933,12.36931687685298,0.0,0,
47,4,lateral_maneuver,Lateral Maneuver,stereo,74,3,0.9619912505149841,49,49,0.011574074625968933,12.36931687685298,0.0,0,
47,4,lateral_maneuver,Lateral Maneuver,stereo,75,3,0.9619912505149841,49,49,0.011574074625968933,12.36931687685298,0.0,0,
47,4,lateral_maneuver,Lateral Maneuver,stereo,76,3,0.9619912505149841,49,49,0.011574074625968933,12.36931687685298,0.0,0,
47,4,lateral_maneuver,Lateral Maneuver,stereo,77,3,0.9619912505149841,49,49,0.011574074625968933,12.36931687685298,0.0,0,
47,4,lateral_maneuver,Lateral Maneuver,stereo,78,3,0.9619912505149841,49,49,0.011574074625968933,12.36931687685298,0.0,0,
47,4,lateral_maneuver,Lateral Maneuver,stereo,79,3,0.9619912505149841,49,49,0.011574074625968933,12.36931687685298,0.0,0,
47,4,lateral_maneuver,Lateral Maneuver,stereo,80,3,0.9619912505149841,49,49,0.011574074625968933,12.36931687685298,0.0,0,
47,4,lateral_maneuver,Lateral Maneuver,stereo,81,3,0.9619912505149841,49,49,0.011574074625968933,12.36931687685298,0.0,0,
47,4,lateral_maneuver,Lateral Maneuver,stereo,82,3,0.9619912505149841,49,49,0.011574074625968933,12.36931687685298,0.0,0,
47,4,lateral_maneuver,Lateral Maneuver,stereo,83,3,0.9619912505149841,49,49,0.011574074625968933,12.36931687685298,0.0,0,
47,4,lateral_maneuver,Lateral Maneuver,stereo,84,3,0.9619912505149841,49,49,0.011574074625968933,12.36931687685298,0.0,0,
47,4,lateral_maneuver,Lateral Maneuver,stereo,85,3,0.9619912505149841,49,49,0.011574074625968933,12.36931687685298,0.0,0,
47,4,lateral_maneuver,Lateral Maneuver,stereo,86,3,0.9619912505149841,49,49,0.011574074625968933,12.36931687685298,0.0,0,
47,4,lateral_maneuver,Lateral Maneuver,stereo,87,3,0.9619912505149841,49,49,0.011574074625968933,12.36931687685298,0.0,0,
47,4,lateral_maneuver,Lateral Maneuver,stereo,88,3,0.9619912505149841,49,49,0.011574074625968933,12.36931687685298,0.0,0,
47,4,lateral_maneuver,Lateral Maneuver,stereo,89,3,0.9619912505149841,49,49,0.011574074625968933,12.36931687685298,0.0,0,
47,4,lateral_maneuver,Lateral Maneuver,stereo,90,3,0.9619912505149841,49,49,0.011574074625968933,12.36931687685298,0.0,0,
47,4,lateral_maneuver,Lateral Maneuver,stereo,91,3,0.9619912505149841,49,49,0.011574074625968933,12.36931687685298,0.0,0,
47,4,lateral_maneuver,Lateral Maneuver,stereo,92,3,0.9619912505149841,49,49,0.011574074625968933,12.36931687685298,0.0,0,
47,4,lateral_maneuver,Lateral Maneuver,stereo,93,3,0.9619912505149841,49,49,0.011574074625968933,12.36931687685298,0.0,0,
47,4,lateral_maneuver,Lateral Maneuver,stereo,94,3,0.9619912505149841,49,49,0.011574074625968933,12.36931687685298,0.0,0,
47,4,lateral_maneuver,Lateral Maneuver,stereo,95,3,0.9619912505149841,49,49,0.011574074625968933,12.36931687685298,0.0,0,
47,4,lateral_maneuver,Lateral Maneuver,stereo,96,3,0.9619912505149841,49,49,0.011574074625968933,12.36931687685298,0.0,0,
47,4,lateral_maneuver,Lateral Maneuver,stereo,97,3,0.9619912505149841,49,49,0.011574074625968933,12.36931687685298,0.0,0,
47,4,lateral_maneuver,Lateral Maneuver,stereo,98,3,0.9619912505149841,49,49,0.011574074625968933,12.36931687685298,0.0,0,
47,4,lateral_maneuver,Lateral Maneuver,stereo,99,3,0.9619912505149841,49,49,0.011574074625968933,12.36931687685298,0.0,0,
47,4,lateral_maneuver,Lateral Maneuver,stereo,100,3,0.9619912505149841,49,49,0.011574074625968933,12.36931687685298,0.0,0,
47,4,lateral_maneuver,Lateral Maneuver,stereo,101,3,0.9619912505149841,49,49,0.011574074625968933,12.36931687685298,0.0,0,
47,4,lateral_maneuver,Lateral Maneuver,stereo,102,3,0.9619912505149841,49,49,0.011574074625968933,12.36931687685298,0.0,0,
47,4,lateral_maneuver,Lateral Maneuver,stereo,103,3,0.9619912505149841,49,49,0.011574074625968933,12.36931687685298,0.0,0,
47,4,lateral_maneuver,Lateral Maneuver,stereo,104,3,0.9619912505149841,49,49,0.011574074625968933,12.36931687685298,0.0,0,
47,4,lateral_maneuver,Lateral Maneuver,stereo,105,3,0.9619912505149841,49,49,0.011574074625968933,12.36931687685298,0.0,0,
47,4,lateral_maneuver,Lateral Maneuver,stereo,106,3,0.9619912505149841,49,49,0.011574074625968933,12.36931687685298,0.0,0,
47,4,lateral_maneuver,Lateral Maneuver,stereo,107,3,0.9619912505149841,49,49,0.011574074625968933,12.36931687685298,0.0,0,
47,4,lateral_maneuver,Lateral Maneuver,stereo,108,3,0.9619912505149841,49,49,0.011574074625968933,12.36931687685298,0.0,0,
47,4,lateral_maneuver,Lateral Maneuver,stereo,109,3,0.9619912505149841,49,49,0.011574074625968933,12.36931687685298,0.0,0,
47,4,lateral_maneuver,Lateral Maneuver,stereo,110,3,0.9619912505149841,49,49,0.011574074625968933,12.36931687685298,0.0,0,
47,4,lateral_maneuver,Lateral Maneuver,stereo,111,3,0.9619912505149841,49,49,0.011574074625968933,12.36931687685298,0.0,0,
47,4,lateral_maneuver,Lateral Maneuver,stereo,112,3,0.9619912505149841,49,49,0.011574074625968933,12.36931687685298,0.0,0,
47,4,lateral_maneuver,Lateral Maneuver,stereo,113,3,0.9619912505149841,49,49,0.011574074625968933,12.36931687685298,0.0,0,
47,4,lateral_maneuver,Lateral Maneuver,stereo,114,3,0.9619912505149841,49,49,0.011574074625968933,12.36931687685298,0.0,0,
47,4,lateral_maneuver,Lateral Maneuver,stereo,115,3,0.9619912505149841,49,49,0.011574074625968933,12.36931687685298,0.0,0,
47,4,lateral_maneuver,Lateral Maneuver,stereo,116,3,0.9619912505149841,49,49,0.011574074625968933,12.36931687685298,0.0,0,
47,4,lateral_maneuver,Lateral Maneuver,stereo,117,3,0.9619912505149841,49,49,0.011574074625968933,12.36931687685298,0.0,0,
47,4,lateral_maneuver,Lateral Maneuver,stereo,118,3,0.9619912505149841,49,49,0.011574074625968933,12.36931687685298,0.0,0,
47,4,lateral_maneuver,Lateral Maneuver,stereo,119,3,0.9619912505149841,49,49,0.011574074625968933,12.36931687685298,0.0,0,
47,4,lateral_maneuver,Lateral Maneuver,stereo,120,3,0.9619912505149841,49,49,0.011574074625968933,12.36931687685298,0.0,0,
47,4,lateral_maneuver,Lateral Maneuver,stereo,121,3,0.9619912505149841,49,49,0.011574074625968933,12.36931687685298,0.0,0,
47,4,lateral_maneuver,Lateral Maneuver,stereo,122,3,0.9619912505149841,49,49,0.011574074625968933,12.36931687685298,0.0,0,
47,4,lateral_maneuver,Lateral Maneuver,stereo,123,3,0.9619912505149841,49,49,0.011574074625968933,12.36931687685298,0.0,0,
47,4,lateral_maneuver,Lateral Maneuver,stereo,124,3,0.9619912505149841,49,49,0.011574074625968933,12.36931687685298,0.0,0,
47,4,lateral_maneuver,Lateral Maneuver,stereo,125,3,0.9619912505149841,49,49,0.011574074625968933,12.36931687685298,0.0,0,
47,4,lateral_maneuver,Lateral Maneuver,stereo,126,3,0.9619912505149841,49,49,0.011574074625968933,12.36931687685298,0.0,0,
47,4,lateral_maneuver,Lateral Maneuver,stereo,127,3,0.9619912505149841,49,49,0.011574074625968933,12.36931687685298,0.0,0,
47,4,lateral_maneuver,Lateral Maneuver,stereo,128,3,0.9619912505149841,49,49,0.011574074625968933,12.36931687685298,0.0,0,
47,4,lateral_maneuver,Lateral Maneuver,stereo,129,3,0.9619912505149841,49,49,0.011574074625968933,12.36931687685298,0.0,0,
47,4,lateral_maneuver,Lateral Maneuver,stereo,130,3,0.9619912505149841,49,49,0.011574074625968933,12.36931687685298,0.0,0,
47,4,lateral_maneuver,Lateral Maneuver,stereo,131,3,0.9619912505149841,49,49,0.011574074625968933,12.36931687685298,0.0,0,
47,4,lateral_maneuver,Lateral Maneuver,stereo,132,3,0.9619912505149841,49,49,0.011574074625968933,12.36931687685298,0.0,0,
47,4,lateral_maneuver,Lateral Maneuver,stereo,133,3,0.9619912505149841,49,49,0.011574074625968933,12.36931687685298,0.0,0,
47,4,lateral_maneuver,Lateral Maneuver,stereo,134,3,0.9619912505149841,49,49,0.011574074625968933,12.36931687685298,0.0,0,
47,4,lateral_maneuver,Lateral Maneuver,stereo,135,3,0.9619912505149841,49,49,0.011574074625968933,12.36931687685298,0.0,0,
47,4,lateral_maneuver,Lateral Maneuver,stereo,136,3,0.9619912505149841,49,49,0.011574074625968933,12.36931687685298,0.0,0,
47,4,lateral_maneuver,Lateral Maneuver,stereo,137,3,0.9619912505149841,49,49,0.011574074625968933,12.36931687685298,0.0,0,
47,4,lateral_maneuver,Lateral Maneuver,stereo,138,3,0.9619912505149841,49,49,0.011574074625968933,12.36931687685298,0.0,0,
47,4,lateral_maneuver,Lateral Maneuver,stereo,139,3,0.9619912505149841,49,49,0.011574074625968933,12.36931687685298,0.0,0,
47,4,lateral_maneuver,Lateral Maneuver,stereo,140,3,0.9619912505149841,49,49,0.011574074625968933,12.36931687685298,0.0,0,
47,4,lateral_maneuver,Lateral Maneuver,stereo,141,3,0.9619912505149841,49,49,0.011574074625968933,12.36931687685298,0.0,0,
47,4,lateral_maneuver,Lateral Maneuver,stereo,142,3,0.9619912505149841,49,49,0.011574074625968933,12.36931687685298,0.0,0,
47,4,lateral_maneuver,Lateral Maneuver,stereo,143,3,0.9619912505149841,49,49,0.011574074625968933,12.36931687685298,0.0,0,
47,4,lateral_maneuver,Lateral Maneuver,stereo,144,3,0.9619912505149841,49,49,0.011574074625968933,12.36931687685298,0.0,0,
47,4,lateral_maneuver,Lateral Maneuver,stereo,145,3,0.9619912505149841,49,49,0.011574074625968933,12.36931687685298,0.0,0,
47,4,lateral_maneuver,Lateral Maneuver,stereo,146,3,0.9619912505149841,49,49,0.011574074625968933,12.36931687685298,0.0,0,
47,4,lateral_maneuver,Lateral Maneuver,stereo,147,3,0.9619912505149841,49,49,0.011574074625968933,12.36931687685298,0.0,0,
47,4,lateral_maneuver,Lateral Maneuver,stereo,148,3,0.9619912505149841,49,49,0.011574074625968933,12.36931687685298,0.0,0,
47,4,lateral_maneuver,Lateral Maneuver,stereo,149,3,0.9619912505149841,49,49,0.011574074625968933,12.36931687685298,0.0,0,
47,4,lateral_maneuver,Lateral Maneuver,stereo,150,3,0.9619912505149841,49,49,0.011574074625968933,12.36931687685298,0.0,0,
47,4,lateral_maneuver,Lateral Maneuver,stereo,151,3,0.9619912505149841,49,49,0.011574074625968933,12.36931687685298,0.0,0,
47,4,lateral_maneuver,Lateral Maneuver,stereo,152,3,0.9619912505149841,49,49,0.011574074625968933,12.36931687685298,0.0,0,
47,4,lateral_maneuver,Lateral Maneuver,stereo,153,3,0.9619912505149841,49,49,0.011574074625968933,12.36931687685298,0.0,0,
47,4,lateral_maneuver,Lateral Maneuver,stereo,154,3,0.9619912505149841,49,49,0.011574074625968933,12.36931687685298,0.0,0,
47,4,lateral_maneuver,Lateral Maneuver,stereo,155,3,0.9619912505149841,49,49,0.011574074625968933,12.36931687685298,0.0,0,
47,4,lateral_maneuver,Lateral Maneuver,stereo,156,3,0.9619912505149841,49,49,0.011574074625968933,12.36931687685298,0.0,0,
47,4,lateral_maneuver,Lateral Maneuver,stereo,157,3,0.9619912505149841,49,49,0.011574074625968933,12.36931687685298,0.0,0,
47,4,lateral_maneuver,Lateral Maneuver,stereo,158,3,0.9619912505149841,49,49,0.011574074625968933,12.36931687685298,0.0,0,
47,4,lateral_maneuver,Lateral Maneuver,stereo,159,3,0.9619912505149841,49,49,0.011574074625968933,12.36931687685298,0.0,0,
47,4,lateral_maneuver,Lateral Maneuver,stereo,160,3,0.9619912505149841,49,49,0.011574074625968933,12.36931687685298,0.0,0,
47,4,lateral_maneuver,Lateral Maneuver,stereo,161,3,0.9619912505149841,49,49,0.011574074625968933,12.36931687685298,0.0,0,
47,4,lateral_maneuver,Lateral Maneuver,stereo,162,3,0.9619912505149841,49,49,0.011574074625968933,12.36931687685298,0.0,0,
47,4,lateral_maneuver,Lateral Maneuver,stereo,163,3,0.9619912505149841,49,49,0.011574074625968933,12.36931687685298,0.0,0,
47,4,lateral_maneuver,Lateral Maneuver,stereo,164,3,0.9619912505149841,49,49,0.011574074625968933,12.36931687685298,0.0,0,
47,4,lateral_maneuver,Lateral Maneuver,stereo,165,3,0.9619912505149841,49,49,0.011574074625968933,12.36931687685298,0.0,0,
47,4,lateral_maneuver,Lateral Maneuver,stereo,166,3,0.9619912505149841,49,49,0.011574074625968933,12.36931687685298,0.0,0,
47,4,lateral_maneuver,Lateral Maneuver,stereo,167,3,0.9619912505149841,49,49,0.011574074625968933,12.36931687685298,0.0,0,
47,4,lateral_maneuver,Lateral Maneuver,stereo,168,3,0.9619912505149841,49,49,0.011574074625968933,12.36931687685298,0.0,0,
47,4,lateral_maneuver,Lateral Maneuver,stereo,169,3,0.9619912505149841,49,49,0.011574074625968933,12.36931687685298,0.0,0,
47,4,lateral_maneuver,Lateral Maneuver,stereo,170,3,0.9619912505149841,49,49,0.011574074625968933,12.36931687685298,0.0,0,
47,4,lateral_maneuver,Lateral Maneuver,stereo,171,3,0.9619912505149841,49,49,0.011574074625968933,12.36931687685298,0.0,0,
47,4,lateral_maneuver,Lateral Maneuver,stereo,172,3,0.9619912505149841,49,49,0.011574074625968933,12.36931687685298,0.0,0,
47,4,lateral_maneuver,Lateral Maneuver,stereo,173,3,0.9619912505149841,49,49,0.011574074625968933,12.36931687685298,0.0,0,
47,4,lateral_maneuver,Lateral Maneuver,stereo,174,3,0.9619912505149841,49,49,0.011574074625968933,12.36931687685298,0.0,0,
47,4,lateral_maneuver,Lateral Maneuver,stereo,175,3,0.9619912505149841,49,49,0.011574074625968933,12.36931687685298,0.0,0,
47,4,lateral_maneuver,Lateral Maneuver,stereo,176,3,0.9619912505149841,49,49,0.011574074625968933,12.36931687685298,0.0,0,
47,4,lateral_maneuver,Lateral Maneuver,stereo,177,3,0.9619912505149841,49,49,0.011574074625968933,12.36931687685298,0.0,0,
47,4,lateral_maneuver,Lateral Maneuver,stereo,178,3,0.9619912505149841,49,49,0.011574074625968933,12.36931687685298,0.0,0,
47,4,lateral_maneuver,Lateral Maneuver,stereo,179,3,0.9619912505149841,49,49,0.011574074625968933,12.36931687685298,0.0,0,
47,4,lateral_maneuver,Lateral Maneuver,stereo,180,3,0.9619912505149841,49,49,0.011574074625968933,12.36931687685298,0.0,0,
47,4,lateral_maneuver,Lateral Maneuver,stereo,181,3,0.9619912505149841,49,49,0.011574074625968933,12.36931687685298,0.0,0,
47,4,lateral_maneuver,Lateral Maneuver,stereo,182,3,0.9619912505149841,49,49,0.011574074625968933,12.36931687685298,0.0,0,
47,4,lateral_maneuver,Lateral Maneuver,stereo,183,3,0.9619912505149841,49,49,0.011574074625968933,12.36931687685298,0.0,0,
47,4,lateral_maneuver,Lateral Maneuver,stereo,184,3,0.9619912505149841,49,49,0.011574074625968933,12.36931687685298,0.0,0,
47,4,lateral_maneuver,Lateral Maneuver,stereo,185,3,0.9619912505149841,49,49,0.011574074625968933,12.36931687685298,0.0,0,
47,4,lateral_maneuver,Lateral Maneuver,stereo,186,3,0.9619912505149841,49,49,0.011574074625968933,12.36931687685298,0.0,0,
47,4,lateral_maneuver,Lateral Maneuver,stereo,187,3,0.9619912505149841,49,49,0.011574074625968933,12.36931687685298,0.0,0,
47,4,lateral_maneuver,Lateral Maneuver,stereo,188,3,0.9619912505149841,49,49,0.011574074625968933,12.36931687685298,0.0,0,
47,4,lateral_maneuver,Lateral Maneuver,stereo,189,3,0.9619912505149841,49,49,0.011574074625968933,12.36931687685298,0.0,0,
47,4,lateral_maneuver,Lateral Maneuver,stereo,190,3,0.9619912505149841,49,49,0.011574074625968933,12.36931687685298,0.0,0,
47,4,lateral_maneuver,Lateral Maneuver,stereo,191,3,0.9619912505149841,49,49,0.011574074625968933,12.36931687685298,0.0,0,
47,4,lateral_maneuver,Lateral Maneuver,stereo,192,3,0.9619912505149841,49,49,0.011574074625968933,12.36931687685298,0.0,0,
47,4,lateral_maneuver,Lateral Maneuver,stereo,193,3,0.9619912505149841,49,49,0.011574074625968933,12.36931687685298,0.0,0,
47,4,lateral_maneuver,Lateral Maneuver,stereo,194,3,0.9619912505149841,49,49,0.011574074625968933,12.36931687685298,0.0,0,
47,4,lateral_maneuver,Lateral Maneuver,stereo,195,3,0.9619912505149841,49,49,0.011574074625968933,12.36931687685298,0.0,0,
47,4,lateral_maneuver,Lateral Maneuver,stereo,196,3,0.9619912505149841,49,49,0.011574074625968933,12.36931687685298,0.0,0,
47,4,lateral_maneuver,Lateral Maneuver,stereo,197,3,0.9619912505149841,49,49,0.011574074625968933,12.36931687685298,0.0,0,
47,4,lateral_maneuver,Lateral Maneuver,stereo,198,3,0.9619912505149841,49,49,0.011574074625968933,12.36931687685298,0.0,0,
47,4,lateral_maneuver,Lateral Maneuver,stereo,199,3,0.9619912505149841,49,49,0.011574074625968933,12.36931687685298,0.0,0,
47,4,lateral_maneuver,Lateral Maneuver,stereo,200,3,0.9619912505149841,49,49,0.011574074625968933,12.36931687685298,0.0,0,
48,4,lateral_maneuver,Lateral Maneuver,mono,1,3,1.0,2,3,0.0,55.60575509783138,1.4030161571255206,0,
48,4,lateral_maneuver,Lateral Maneuver,mono,2,3,0.9999998807907104,3,4,0.0,54.20332093147061,1.40243416636077,0,
48,4,lateral_maneuver,Lateral Maneuver,mono,3,3,0.9999998807907104,4,5,0.0,52.80151512977634,1.401805801694266,0,
48,4,lateral_maneuver,Lateral Maneuver,mono,4,3,0.9999998807907104,5,6,0.0,51.40038910358559,1.4011260261907523,0,
48,4,lateral_maneuver,Lateral Maneuver,mono,5,3,0.9999998807907104,6,7,0.0,50.0,1.4003891035855887,0,
48,4,lateral_maneuver,Lateral Maneuver,mono,6,3,0.9999998807907104,7,8,0.0,48.60041152089147,1.3995884791085302,0,
48,4,lateral_maneuver,Lateral Maneuver,mono,7,3,0.9999998807907104,8,9,0.0,47.20169488482379,1.3987166360676824,0,
48,4,lateral_maneuver,Lateral Maneuver,mono,8,3,0.9999998807907104,9,10,0.0,45.803929962395145,1.3977649224286424,0,
48,4,lateral_maneuver,Lateral Maneuver,mono,9,3,0.9999998807907104,10,11,0.0,44.40720662234904,1.3967233400461083,0,
48,4,lateral_maneuver,Lateral Maneuver,mono,10,3,0.9999997615814209,11,12,0.0,43.01162633521314,1.3955802871358998,0,
48,4,lateral_maneuver,Lateral Maneuver,mono,11,3,0.9999997615814209,12,13,0.0,41.617304093369626,1.3943222418435113,0,
48,4,lateral_maneuver,Lateral Maneuver,mono,12,3,0.9999997615814209,13,14,0.0,40.22437072223753,1.392933371132095,0,
48,4,lateral_maneuver,Lateral Maneuver,mono,13,3,0.9999997615814209,14,15,0.0,38.8329756778952,1.3913950443423317,0,
48,4,lateral_maneuver,Lateral Maneuver,mono,14,3,0.9999997615814209,15,16,0.0,37.44329045369811,1.3896852241970876,0,
48,4,lateral_maneuver,Lateral Maneuver,mono,15,3,0.9999996423721313,16,17,0.0,36.05551275463989,1.3877776990582191,0,
48,4,lateral_maneuver,Lateral Maneuver,mono,16,3,0.9999996423721313,17,18,0.0,34.66987164671943,1.3856411079204634,0,
48,4,lateral_maneuver,Lateral Maneuver,mono,17,3,0.9999996423721313,18,19,0.0,33.28663395418648,1.3832376925329513,0,
48,4,lateral_maneuver,Lateral Maneuver,mono,18,3,0.9999996423721313,19,20,0.0,31.906112267087632,1.3805216870988453,0,
48,4,lateral_maneuver,Lateral Maneuver,mono,19,3,0.9999996423721313,20,21,0.0,30.528675044947494,1.3774372221401379,0,
48,4,lateral_maneuver,Lateral Maneuver,mono,20,3,0.9999996423721313,21,22,0.0,29.154759474226502,1.3739155707209925,0,
48,4,lateral_maneuver,Lateral Maneuver,mono,21,3,0.9999996423721313,22,23,0.0,27.784887978899608,1.369871495326894,0,
48,4,lateral_maneuver,Lateral Maneuver,mono,22,3,0.9999995231628418,23,24,0.0,26.419689627245813,1.3651983516537953,0,
48,4,lateral_maneuver,Lateral Maneuver,mono,23,3,0.9999995231628418,24,25,0.0,25.059928172283335,1.3597614549624772,0,
48,4,lateral_maneuver,Lateral Maneuver,mono,24,3,0.9999995231628418,25,26,0.0,23.706539182259394,1.3533889900239409,0,
48,4,lateral_maneuver,Lateral Maneuver,mono,25,3,0.9999995231628418,26,27,0.0,22.360679774997898,1.3458594072614964,0,
48,4,lateral_maneuver,Lateral Maneuver,mono,26,3,0.9999996423721313,27,28,0.0,21.02379604162864,1.336883733369259,0,
48,4,lateral_maneuver,Lateral Maneuver,mono,27,3,0.9999996423721313,28,29,0.0,19.697715603592208,1.3260804380364313,0,
48,4,lateral_maneuver,Lateral Maneuver,mono,28,3,0.9999996423721313,29,30,0.0,18.384776310850235,1.312939292741973,0,
48,4,lateral_maneuver,Lateral Maneuver,mono,29,3,0.9999996423721313,30,31,0.0,17.08800749063506,1.2967688202151741,0,
48,4,lateral_maneuver,Lateral Maneuver,mono,30,3,0.9999996423721313,31,32,0.0,15.811388300841896,1.2766191897931645,0,
48,4,lateral_maneuver,Lateral Maneuver,mono,31,3,0.9999996423721313,32,33,0.0,14.560219778561036,1.2511685222808602,0,
48,4,lateral_maneuver,Lateral Maneuver,mono,32,3,0.9999996423721313,33,34,0.0,13.341664064126334,1.218555714434702,0,
48,4,lateral_maneuver,Lateral Maneuver,mono,33,3,0.9999996423721313,34,35,0.0,12.165525060596439,1.1761390035298955,0,
48,4,lateral_maneuver,Lateral Maneuver,mono,34,3,0.9999997615814209,35,36,0.0,11.045361017187261,1.1201640434091775,0,
48,4,lateral_maneuver,Lateral Maneuver,mono,35,3,0.9999997615814209,36,37,0.0,10.0,1.0453610171872612,0,
48,4,lateral_maneuver,Lateral Maneuver,mono,36,3,0.9999997615814209,37,38,0.0,9.055385138137417,0.9446148618625827,0,
48,4,lateral_maneuver,Lateral Maneuver,mono,37,3,0.9999997615814209,38,39,0.0,8.246211251235321,0.8091738869020961,0,
48,4,lateral_maneuver,Lateral Maneuver,mono,38,3,0.9999997615814209,39,40,0.8447144031524658,7.615773105863909,0.6304381453714125,0,
48,4,lateral_maneuver,Lateral Maneuver,mono,39,3,0.9999997615814209,40,41,0.9999998807907104,7.211102550927978,0.4046705549359304,1,collision_risk
49,4,stress_density,Stress Density,stereo,1,3,1.0,2,3,0.0,27.65863337187866,1.203106007444962,0,
49,4,stress_density,Stress Density,stereo,2,3,1.0,3,4,0.0,26.476404589747453,1.182228782131208,0,
49,4,stress_density,Stress Density,stereo,3,3,1.0,4,5,0.0,25.317977802344327,1.1584267874031262,0,
49,4,stress_density,Stress Density,stereo,4,3,1.0,5,6,0.0,24.186773244895647,1.1312045574486795,0,
49,4,stress_density,Stress Density,stereo,5,3,1.0,6,7,0.0,23.08679276123039,1.0999804836652558,0,
49,4,stress_density,Stress Density,stereo,6,3,1.0,7,8,0.0,22.02271554554524,1.0640772156851526,0,
49,4,stress_density,Stress Density,stereo,7,3,1.0,8,9,0.0,21.0,1.022715545545239,0,
49,4,stress_density,Stress Density,stereo,8,3,1.0,9,10,0.9951774477958679,20.024984394500787,0.9750156054992125,1,collision_risk
50,4,stress_density,Stress Density,mono,1,3,1.0,2,3,0.0,27.65863337187866,1.203106007444962,0,
50,4,stress_density,Stress Density,mono,2,3,1.0,3,4,0.0,26.476404589747453,1.182228782131208,0,
50,4,stress_density,Stress Density,mono,3,3,1.0,4,5,0.0,25.317977802344327,1.1584267874031262,0,
50,4,stress_density,Stress Density,mono,4,3,1.0,5,6,0.0,24.186773244895647,1.1312045574486795,0,
50,4,stress_density,Stress Density,mono,5,3,1.0,6,7,0.0,23.08679276123039,1.0999804836652558,0,
50,4,stress_density,Stress Density,mono,6,3,1.0,7,8,0.0,22.02271554554524,1.0640772156851526,0,
50,4,stress_density,Stress Density,mono,7,3,1.0,8,9,0.0,21.0,1.022715545545239,0,
50,4,stress_density,Stress Density,mono,8,3,1.0,9,10,0.0,20.024984394500787,0.9750156054992125,0,
50,4,stress_density,Stress Density,mono,9,3,1.0,10,11,0.0,19.1049731745428,0.9200112199579884,0,
50,4,stress_density,Stress Density,mono,10,3,1.0,11,12,0.0,18.24828759089466,0.8566855836481402,0,
50,4,stress_density,Stress Density,mono,11,3,1.0,12,13,0.0,17.46424919657298,0.78403839432168,0,
50,4,stress_density,Stress Density,mono,12,3,1.0,13,14,0.0,16.76305461424021,0.7011945823327679,0,
50,4,stress_density,Stress Density,mono,13,3,1.0,14,15,0.0,16.15549442140351,0.6075601928367007,0,
50,4,stress_density,Stress Density,mono,14,3,1.0,15,16,0.0,15.652475842498529,0.5030185789049817,0,
50,4,stress_density,Stress Density,mono,15,3,1.0,16,17,0.0,15.264337522473747,0.38813832002478144,0,
50,4,stress_density,Stress Density,mono,16,3,1.0,17,18,0.0,15.0,0.2643375224737472,0,
50,4,stress_density,Stress Density,mono,17,3,1.0,18,19,0.0,14.866068747318506,0.13393125268149397,0,
50,4,stress_density,Stress Density,mono,18,3,1.0,19,20,0.0,14.866068747318506,0.0,0,
50,4,stress_density,Stress Density,mono,19,3,1.0,20,21,0.0,15.0,-0.13393125268149397,0,
50,4,stress_density,Stress Density,mono,20,3,1.0,21,22,0.0,15.264337522473747,-0.2643375224737472,0,
50,4,stress_density,Stress Density,mono,21,3,1.0,22,23,0.0,15.652475842498529,-0.38813832002478144,0,
50,4,stress_density,Stress Density,mono,22,3,1.0,23,24,0.0,16.15549442140351,-0.5030185789049817,0,
50,4,stress_density,Stress Density,mono,23,3,1.0,24,25,0.0,16.76305461424021,-0.6075601928367007,0,
50,4,stress_density,Stress Density,mono,24,3,1.0,25,26,0.0,17.46424919657298,-0.7011945823327679,0,
50,4,stress_density,Stress Density,mono,25,3,1.0,26,27,0.0,18.24828759089466,-0.78403839432168,0,
50,4,stress_density,Stress Density,mono,26,3,1.0,27,28,0.0,19.1049731745428,-0.8566855836481402,0,
50,4,stress_density,Stress Density,mono,27,3,1.0,28,29,0.0,20.024984394500787,-0.9200112199579884,0,
50,4,stress_density,Stress Density,mono,28,3,1.0,29,30,0.703125,21.0,-0.9750156054992125,0,
50,4,stress_density,Stress Density,mono,29,3,1.0,30,31,0.9999998807907104,22.02271554554524,-1.022715545545239,1,collision_risk
