episode,episode_variant,controller,scenario_id,scenario_name,mode,frame_id,step,row,col,event_type,event_value
2,0,raw_ppo,baseline_open,Baseline Open,mono,0020,37,39,39,collision,0.9999998807907104
3,0,raw_ppo,dense_corridor,Dense Corridor,stereo,0050,3,12,12,collision,0.9999998807907104
5,0,raw_ppo,obstacle_cluster,Obstacle Cluster,stereo,0060,3,12,12,collision,0.9999998807907104
8,0,raw_ppo,lateral_maneuver,Lateral Maneuver,mono,0010,38,40,40,collision,0.9758872985839844
9,0,raw_ppo,stress_density,Stress Density,stereo,0040,8,10,10,collision,1.0
10,0,raw_ppo,stress_density,Stress Density,mono,0040,28,30,30,collision,1.0
12,1,raw_ppo,baseline_open,Baseline Open,mono,0020,37,39,41,collision,0.9999998807907104
13,1,raw_ppo,dense_corridor,Dense Corridor,stereo,0050,1,10,13,collision,1.0
14,1,raw_ppo,dense_corridor,Dense Corridor,mono,0050,16,25,28,hazard_exposure,0.7939608097076416
14,1,raw_ppo,dense_corridor,Dense Corridor,mono,0050,17,26,29,hazard_exposure,0.8500000238418579
14,1,raw_ppo,dense_corridor,Dense Corridor,mono,0050,18,27,30,hazard_exposure,0.7939608097076416
15,1,raw_ppo,obstacle_cluster,Obstacle Cluster,stereo,0060,1,10,13,collision,1.0
17,1,raw_ppo,lateral_maneuver,Lateral Maneuver,stereo,0010,28,30,32,hazard_exposure,0.7061701416969299
18,1,raw_ppo,lateral_maneuver,Lateral Maneuver,mono,0010,37,39,41,collision,0.9999998807907104
19,1,raw_ppo,stress_density,Stress Density,stereo,0040,6,8,10,collision,1.0
20,1,raw_ppo,stress_density,Stress Density,mono,0040,28,30,32,collision,0.9999998807907104
21,2,raw_ppo,baseline_open,Baseline Open,stereo,0020,40,44,42,hazard_exposure,0.723880410194397
21,2,raw_ppo,baseline_open,Baseline Open,stereo,0020,41,45,43,hazard_exposure,0.8231301307678223
21,2,raw_ppo,baseline_open,Baseline Open,stereo,0020,42,46,44,hazard_exposure,0.8231301307678223
21,2,raw_ppo,baseline_open,Baseline Open,stereo,0020,43,47,45,hazard_exposure,0.723880410194397
22,2,raw_ppo,baseline_open,Baseline Open,mono,0020,31,35,33,hazard_exposure,0.723880410194397
22,2,raw_ppo,baseline_open,Baseline Open,mono,0020,32,36,34,hazard_exposure,0.723880410194397
22,2,raw_ppo,baseline_open,Baseline Open,mono,0020,36,40,38,collision,1.0
23,2,raw_ppo,dense_corridor,Dense Corridor,stereo,0050,4,15,13,collision,1.0
24,2,raw_ppo,dense_corridor,Dense Corridor,mono,0050,13,24,22,hazard_exposure,0.7228204607963562
24,2,raw_ppo,dense_corridor,Dense Corridor,mono,0050,14,25,23,hazard_exposure,0.7228204607963562
25,2,raw_ppo,obstacle_cluster,Obstacle Cluster,stereo,0060,4,15,13,collision,1.0
27,2,raw_ppo,lateral_maneuver,Lateral Maneuver,stereo,0010,16,20,18,hazard_exposure,0.7126767039299011
28,2,raw_ppo,lateral_maneuver,Lateral Maneuver,mono,0010,38,42,40,collision,0.9999999403953552
29,2,raw_ppo,stress_density,Stress Density,stereo,0040,8,12,10,collision,0.9999999403953552
30,2,raw_ppo,stress_density,Stress Density,mono,0040,26,30,28,collision,1.0
31,3,raw_ppo,baseline_open,Baseline Open,stereo,0020,39,41,40,hazard_exposure,0.7336648106575012
31,3,raw_ppo,baseline_open,Baseline Open,stereo,0020,40,42,41,hazard_exposure,0.7896930575370789
31,3,raw_ppo,baseline_open,Baseline Open,stereo,0020,41,43,42,hazard_exposure,0.7336648106575012
32,3,raw_ppo,baseline_open,Baseline Open,mono,0020,38,40,39,collision,0.9999998807907104
33,3,raw_ppo,dense_corridor,Dense Corridor,stereo,0050,3,13,10,collision,1.0
35,3,raw_ppo,obstacle_cluster,Obstacle Cluster,stereo,0060,3,13,10,collision,1.0
37,3,raw_ppo,lateral_maneuver,Lateral Maneuver,stereo,0010,22,24,23,hazard_exposure,0.7018209099769592
37,3,raw_ppo,lateral_maneuver,Lateral Maneuver,stereo,0010,23,25,24,hazard_exposure,0.7641890645027161
37,3,raw_ppo,lateral_maneuver,Lateral Maneuver,stereo,0010,24,26,25,hazard_exposure,0.7641890645027161
37,3,raw_ppo,lateral_maneuver,Lateral Maneuver,stereo,0010,25,27,26,hazard_exposure,0.7018209099769592
38,3,raw_ppo,lateral_maneuver,Lateral Maneuver,mono,0010,39,41,40,collision,0.9999999403953552
39,3,raw_ppo,stress_density,Stress Density,stereo,0040,10,12,11,collision,0.9972992539405823
40,3,raw_ppo,stress_density,Stress Density,mono,0040,28,30,29,collision,0.9999998807907104
42,4,raw_ppo,baseline_open,Baseline Open,mono,0020,38,39,40,collision,1.0
43,4,raw_ppo,dense_corridor,Dense Corridor,stereo,0050,3,12,12,collision,0.9999998807907104
45,4,raw_ppo,obstacle_cluster,Obstacle Cluster,stereo,0060,3,12,12,collision,0.9999998807907104
48,4,raw_ppo,lateral_maneuver,Lateral Maneuver,mono,0010,39,40,41,collision,0.9999998807907104
49,4,raw_ppo,stress_density,Stress Density,stereo,0040,8,9,10,collision,0.9951774477958679
50,4,raw_ppo,stress_density,Stress Density,mono,0040,29,30,31,collision,0.9999998807907104
51,0,ppo_shield,baseline_open,Baseline Open,stereo,0020,14,16,15,shield_intervention,obstacle_risk
51,0,ppo_shield,baseline_open,Baseline Open,stereo,0020,15,17,14,shield_intervention,obstacle_risk
51,0,ppo_shield,baseline_open,Baseline Open,stereo,0020,22,24,19,shield_intervention,obstacle_risk
51,0,ppo_shield,baseline_open,Baseline Open,stereo,0020,27,29,22,shield_intervention,obstacle_risk
51,0,ppo_shield,baseline_open,Baseline Open,stereo,0020,32,32,27,shield_intervention,obstacle_risk
51,0,ppo_shield,baseline_open,Baseline Open,stereo,0020,33,31,28,shield_intervention,lookahead_safer
51,0,ppo_shield,baseline_open,Baseline Open,stereo,0020,34,30,29,shield_intervention,lookahead_safer
51,0,ppo_shield,baseline_open,Baseline Open,stereo,0020,39,33,34,shield_intervention,obstacle_risk
51,0,ppo_shield,baseline_open,Baseline Open,stereo,0020,44,36,38,shield_intervention,obstacle_risk
51,0,ppo_shield,baseline_open,Baseline Open,stereo,0020,45,35,39,shield_intervention,lookahead_safer
51,0,ppo_shield,baseline_open,Baseline Open,stereo,0020,46,35,40,shield_intervention,lookahead_safer
51,0,ppo_shield,baseline_open,Baseline Open,stereo,0020,47,34,41,shield_intervention,obstacle_risk
51,0,ppo_shield,baseline_open,Baseline Open,stereo,0020,49,35,43,shield_intervention,obstacle_risk
51,0,ppo_shield,baseline_open,Baseline Open,stereo,0020,50,35,44,shield_intervention,obstacle_risk
51,0,ppo_shield,baseline_open,Baseline Open,stereo,0020,54,38,46,shield_intervention,negative_progress
52,0,ppo_shield,baseline_open,Baseline Open,mono,0020,37,37,39,shield_intervention,obstacle_risk
52,0,ppo_shield,baseline_open,Baseline Open,mono,0020,38,37,40,shield_intervention,lookahead_safer
52,0,ppo_shield,baseline_open,Baseline Open,mono,0020,39,37,41,shield_intervention,lookahead_safer
52,0,ppo_shield,baseline_open,Baseline Open,mono,0020,41,37,43,shield_intervention,obstacle_risk
52,0,ppo_shield,baseline_open,Baseline Open,mono,0020,43,38,45,shield_intervention,lookahead_safer
52,0,ppo_shield,baseline_open,Baseline Open,mono,0020,44,38,46,shield_intervention,obstacle_risk
53,0,ppo_shield,dense_corridor,Dense Corridor,stereo,0050,1,10,8,shield_intervention,obstacle_risk
53,0,ppo_shield,dense_corridor,Dense Corridor,stereo,0050,3,12,8,shield_intervention,obstacle_risk
53,0,ppo_shield,dense_corridor,Dense Corridor,stereo,0050,5,14,8,shield_intervention,obstacle_risk
53,0,ppo_shield,dense_corridor,Dense Corridor,stereo,0050,7,16,8,shield_intervention,obstacle_risk
53,0,ppo_shield,dense_corridor,Dense Corridor,stereo,0050,9,18,8,shield_intervention,obstacle_risk
53,0,ppo_shield,dense_corridor,Dense Corridor,stereo,0050,11,20,8,shield_intervention,obstacle_risk
53,0,ppo_shield,dense_corridor,Dense Corridor,stereo,0050,13,22,8,shield_intervention,obstacle_risk
53,0,ppo_shield,dense_corridor,Dense Corridor,stereo,0050,15,24,8,shield_intervention,obstacle_risk
53,0,ppo_shield,dense_corridor,Dense Corridor,stereo,0050,17,26,8,shield_intervention,obstacle_risk
53,0,ppo_shield,dense_corridor,Dense Corridor,stereo,0050,19,28,8,shield_intervention,obstacle_risk
53,0,ppo_shield,dense_corridor,Dense Corridor,stereo,0050,21,30,8,shield_intervention,obstacle_risk
53,0,ppo_shield,dense_corridor,Dense Corridor,stereo,0050,23,32,8,shield_intervention,obstacle_risk
53,0,ppo_shield,dense_corridor,Dense Corridor,stereo,0050,25,34,8,shield_intervention,obstacle_risk
53,0,ppo_shield,dense_corridor,Dense Corridor,stereo,0050,27,36,8,shield_intervention,obstacle_risk
53,0,ppo_shield,dense_corridor,Dense Corridor,stereo,0050,29,38,8,shield_intervention,obstacle_risk
53,0,ppo_shield,dense_corridor,Dense Corridor,stereo,0050,31,40,8,shield_intervention,obstacle_risk
53,0,ppo_shield,dense_corridor,Dense Corridor,stereo,0050,33,42,8,shield_intervention,obstacle_risk
53,0,ppo_shield,dense_corridor,Dense Corridor,stereo,0050,34,43,7,shield_intervention,negative_progress
53,0,ppo_shield,dense_corridor,Dense Corridor,stereo,0050,35,44,6,shield_intervention,negative_progress
53,0,ppo_shield,dense_corridor,Dense Corridor,stereo,0050,36,45,5,shield_intervention,negative_progress
53,0,ppo_shield,dense_corridor,Dense Corridor,stereo,0050,37,46,4,shield_intervention,negative_progress
53,0,ppo_shield,dense_corridor,Dense Corridor,stereo,0050,38,47,3,shield_intervention,negative_progress
53,0,ppo_shield,dense_corridor,Dense Corridor,stereo,0050,39,47,2,shield_intervention,negative_progress
54,0,ppo_shield,dense_corridor,Dense Corridor,mono,0050,11,20,18,shield_intervention,lookahead_safer
54,0,ppo_shield,dense_corridor,Dense Corridor,mono,0050,12,21,17,shield_intervention,lookahead_safer
54,0,ppo_shield,dense_corridor,Dense Corridor,mono,0050,13,22,16,shield_intervention,lookahead_safer
54,0,ppo_shield,dense_corridor,Dense Corridor,mono,0050,14,23,15,shield_intervention,lookahead_safer
54,0,ppo_shield,dense_corridor,Dense Corridor,mono,0050,16,25,15,shield_intervention,lookahead_safer
54,0,ppo_shield,dense_corridor,Dense Corridor,mono,0050,17,26,14,shield_intervention,lookahead_safer
54,0,ppo_shield,dense_corridor,Dense Corridor,mono,0050,18,27,13,shield_intervention,lookahead_safer
54,0,ppo_shield,dense_corridor,Dense Corridor,mono,0050,20,29,13,shield_intervention,lookahead_safer
54,0,ppo_shield,dense_corridor,Dense Corridor,mono,0050,21,30,12,shield_intervention,lookahead_safer
54,0,ppo_shield,dense_corridor,Dense Corridor,mono,0050,22,31,11,shield_intervention,lookahead_safer
54,0,ppo_shield,dense_corridor,Dense Corridor,mono,0050,23,32,10,shield_intervention,lookahead_safer
54,0,ppo_shield,dense_corridor,Dense Corridor,mono,0050,25,34,10,shield_intervention,lookahead_safer
54,0,ppo_shield,dense_corridor,Dense Corridor,mono,0050,26,35,9,shield_intervention,lookahead_safer
54,0,ppo_shield,dense_corridor,Dense Corridor,mono,0050,27,36,8,shield_intervention,lookahead_safer
54,0,ppo_shield,dense_corridor,Dense Corridor,mono,0050,29,38,8,shield_intervention,lookahead_safer
54,0,ppo_shield,dense_corridor,Dense Corridor,mono,0050,30,39,7,shield_intervention,lookahead_safer
54,0,ppo_shield,dense_corridor,Dense Corridor,mono,0050,31,40,6,shield_intervention,lookahead_safer
54,0,ppo_shield,dense_corridor,Dense Corridor,mono,0050,32,41,5,shield_intervention,lookahead_safer
54,0,ppo_shield,dense_corridor,Dense Corridor,mono,0050,34,43,5,shield_intervention,lookahead_safer
54,0,ppo_shield,dense_corridor,Dense Corridor,mono,0050,35,44,4,shield_intervention,lookahead_safer
54,0,ppo_shield,dense_corridor,Dense Corridor,mono,0050,36,45,3,shield_intervention,lookahead_safer
54,0,ppo_shield,dense_corridor,Dense Corridor,mono,0050,38,47,3,shield_intervention,negative_progress
54,0,ppo_shield,dense_corridor,Dense Corridor,mono,0050,39,47,2,shield_intervention,negative_progress
55,0,ppo_shield,obstacle_cluster,Obstacle Cluster,stereo,0060,1,10,8,shield_intervention,obstacle_risk
55,0,ppo_shield,obstacle_cluster,Obstacle Cluster,stereo,0060,3,12,8,shield_intervention,obstacle_risk
55,0,ppo_shield,obstacle_cluster,Obstacle Cluster,stereo,0060,5,14,8,shield_intervention,obstacle_risk
55,0,ppo_shield,obstacle_cluster,Obstacle Cluster,stereo,0060,7,16,8,shield_intervention,obstacle_risk
55,0,ppo_shield,obstacle_cluster,Obstacle Cluster,stereo,0060,9,18,8,shield_intervention,obstacle_risk
55,0,ppo_shield,obstacle_cluster,Obstacle Cluster,stereo,0060,11,20,8,shield_intervention,obstacle_risk
55,0,ppo_shield,obstacle_cluster,Obstacle Cluster,stereo,0060,13,22,8,shield_intervention,obstacle_risk
55,0,ppo_shield,obstacle_cluster,Obstacle Cluster,stereo,0060,15,24,8,shield_intervention,obstacle_risk
55,0,ppo_shield,obstacle_cluster,Obstacle Cluster,stereo,0060,17,26,8,shield_intervention,obstacle_risk
55,0,ppo_shield,obstacle_cluster,Obstacle Cluster,stereo,0060,18,27,7,shield_intervention,lookahead_safer
55,0,ppo_shield,obstacle_cluster,Obstacle Cluster,stereo,0060,19,28,6,shield_intervention,lookahead_safer
55,0,ppo_shield,obstacle_cluster,Obstacle Cluster,stereo,0060,21,30,6,shield_intervention,lookahead_safer
55,0,ppo_shield,obstacle_cluster,Obstacle Cluster,stereo,0060,23,32,6,shield_intervention,lookahead_safer
55,0,ppo_shield,obstacle_cluster,Obstacle Cluster,stereo,0060,26,35,7,shield_intervention,lookahead_safer
55,0,ppo_shield,obstacle_cluster,Obstacle Cluster,stereo,0060,28,37,7,shield_intervention,lookahead_safer
55,0,ppo_shield,obstacle_cluster,Obstacle Cluster,stereo,0060,30,39,7,shield_intervention,lookahead_safer
55,0,ppo_shield,obstacle_cluster,Obstacle Cluster,stereo,0060,32,41,7,shield_intervention,lookahead_safer
55,0,ppo_shield,obstacle_cluster,Obstacle Cluster,stereo,0060,34,43,7,shield_intervention,negative_progress
55,0,ppo_shield,obstacle_cluster,Obstacle Cluster,stereo,0060,35,44,6,shield_intervention,negative_progress
55,0,ppo_shield,obstacle_cluster,Obstacle Cluster,stereo,0060,36,45,6,shield_intervention,negative_progress
55,0,ppo_shield,obstacle_cluster,Obstacle Cluster,stereo,0060,38,47,7,shield_intervention,negative_progress
55,0,ppo_shield,obstacle_cluster,Obstacle Cluster,stereo,0060,39,48,7,shield_intervention,negative_progress
55,0,ppo_shield,obstacle_cluster,Obstacle Cluster,stereo,0060,40,49,6,shield_intervention,negative_progress
55,0,ppo_shield,obstacle_cluster,Obstacle Cluster,stereo,0060,41,49,7,shield_intervention,negative_progress
55,0,ppo_shield,obstacle_cluster,Obstacle Cluster,stereo,0060,42,49,8,shield_intervention,negative_progress
55,0,ppo_shield,obstacle_cluster,Obstacle Cluster,stereo,0060,43,48,8,shield_intervention,negative_progress
55,0,ppo_shield,obstacle_cluster,Obstacle Cluster,stereo,0060,44,47,8,shield_intervention,negative_progress
55,0,ppo_shield,obstacle_cluster,Obstacle Cluster,stereo,0060,45,46,8,shield_intervention,negative_progress
55,0,ppo_shield,obstacle_cluster,Obstacle Cluster,stereo,0060,46,46,7,shield_intervention,negative_progress
55,0,ppo_shield,obstacle_cluster,Obstacle Cluster,stereo,0060,47,45,6,shield_intervention,negative_progress+loop_prevention
55,0,ppo_shield,obstacle_cluster,Obstacle Cluster,stereo,0060,48,44,6,shield_intervention,negative_progress+loop_prevention
55,0,ppo_shield,obstacle_cluster,Obstacle Cluster,stereo,0060,49,43,5,shield_intervention,negative_progress
55,0,ppo_shield,obstacle_cluster,Obstacle Cluster,stereo,0060,50,43,4,shield_intervention,loop_prevention
55,0,ppo_shield,obstacle_cluster,Obstacle Cluster,stereo,0060,51,42,3,shield_intervention,lookahead_safer
55,0,ppo_shield,obstacle_cluster,Obstacle Cluster,stereo,0060,52,42,2,shield_intervention,loop_prevention
55,0,ppo_shield,obstacle_cluster,Obstacle Cluster,stereo,0060,53,42,1,shield_intervention,lookahead_safer
55,0,ppo_shield,obstacle_cluster,Obstacle Cluster,stereo,0060,54,43,0,shield_intervention,lookahead_safer
55,0,ppo_shield,obstacle_cluster,Obstacle Cluster,stereo,0060,55,42,0,shield_intervention,lookahead_safer
55,0,ppo_shield,obstacle_cluster,Obstacle Cluster,stereo,0060,56,41,0,shield_intervention,lookahead_safer
55,0,ppo_shield,obstacle_cluster,Obstacle Cluster,stereo,0060,57,41,1,shield_intervention,loop_prevention
55,0,ppo_shield,obstacle_cluster,Obstacle Cluster,stereo,0060,58,41,2,shield_intervention,loop_prevention
55,0,ppo_shield,obstacle_cluster,Obstacle Cluster,stereo,0060,59,41,3,shield_intervention,loop_prevention
55,0,ppo_shield,obstacle_cluster,Obstacle Cluster,stereo,0060,63,45,6,shield_intervention,negative_progress
55,0,ppo_shield,obstacle_cluster,Obstacle Cluster,stereo,0060,65,47,7,shield_intervention,negative_progress
55,0,ppo_shield,obstacle_cluster,Obstacle Cluster,stereo,0060,66,48,7,shield_intervention,negative_progress
55,0,ppo_shield,obstacle_cluster,Obstacle Cluster,stereo,0060,67,49,6,shield_intervention,negative_progress
55,0,ppo_shield,obstacle_cluster,Obstacle Cluster,stereo,0060,68,49,7,shield_intervention,negative_progress
55,0,ppo_shield,obstacle_cluster,Obstacle Cluster,stereo,0060,69,49,8,shield_intervention,negative_progress
55,0,ppo_shield,obstacle_cluster,Obstacle Cluster,stereo,0060,70,48,8,shield_intervention,negative_progress
55,0,ppo_shield,obstacle_cluster,Obstacle Cluster,stereo,0060,71,47,8,shield_intervention,negative_progress
55,0,ppo_shield,obstacle_cluster,Obstacle Cluster,stereo,0060,72,46,8,shield_intervention,negative_progress
55,0,ppo_shield,obstacle_cluster,Obstacle Cluster,stereo,0060,73,46,7,shield_intervention,negative_progress
55,0,ppo_shield,obstacle_cluster,Obstacle Cluster,stereo,0060,74,45,6,shield_intervention,negative_progress+loop_prevention
55,0,ppo_shield,obstacle_cluster,Obstacle Cluster,stereo,0060,75,44,6,shield_intervention,negative_progress+loop_prevention
55,0,ppo_shield,obstacle_cluster,Obstacle Cluster,stereo,0060,76,43,5,shield_intervention,negative_progress
55,0,ppo_shield,obstacle_cluster,Obstacle Cluster,stereo,0060,77,43,4,shield_intervention,loop_prevention
55,0,ppo_shield,obstacle_cluster,Obstacle Cluster,stereo,0060,78,42,3,shield_intervention,lookahead_safer
55,0,ppo_shield,obstacle_cluster,Obstacle Cluster,stereo,0060,79,42,2,shield_intervention,loop_prevention
55,0,ppo_shield,obstacle_cluster,Obstacle Cluster,stereo,0060,80,42,1,shield_intervention,lookahead_safer
55,0,ppo_shield,obstacle_cluster,Obstacle Cluster,stereo,0060,81,43,0,shield_intervention,lookahead_safer
55,0,ppo_shield,obstacle_cluster,Obstacle Cluster,stereo,0060,82,42,0,shield_intervention,lookahead_safer
55,0,ppo_shield,obstacle_cluster,Obstacle Cluster,stereo,0060,83,41,0,shield_intervention,lookahead_safer
55,0,ppo_shield,obstacle_cluster,Obstacle Cluster,stereo,0060,84,41,1,shield_intervention,loop_prevention
55,0,ppo_shield,obstacle_cluster,Obstacle Cluster,stereo,0060,85,41,2,shield_intervention,loop_prevention
55,0,ppo_shield,obstacle_cluster,Obstacle Cluster,stereo,0060,86,41,3,shield_intervention,loop_prevention
55,0,ppo_shield,obstacle_cluster,Obstacle Cluster,stereo,0060,90,45,6,shield_intervention,negative_progress
55,0,ppo_shield,obstacle_cluster,Obstacle Cluster,stereo,0060,92,47,7,shield_intervention,negative_progress
55,0,ppo_shield,obstacle_cluster,Obstacle Cluster,stereo,0060,93,48,7,shield_intervention,negative_progress
55,0,ppo_shield,obstacle_cluster,Obstacle Cluster,stereo,0060,94,49,6,shield_intervention,negative_progress
55,0,ppo_shield,obstacle_cluster,Obstacle Cluster,stereo,0060,95,49,7,shield_intervention,negative_progress
55,0,ppo_shield,obstacle_cluster,Obstacle Cluster,stereo,0060,96,49,8,shield_intervention,negative_progress
55,0,ppo_shield,obstacle_cluster,Obstacle Cluster,stereo,0060,97,48,8,shield_intervention,negative_progress
55,0,ppo_shield,obstacle_cluster,Obstacle Cluster,stereo,0060,98,47,8,shield_intervention,negative_progress
55,0,ppo_shield,obstacle_cluster,Obstacle Cluster,stereo,0060,99,46,8,shield_intervention,negative_progress
55,0,ppo_shield,obstacle_cluster,Obstacle Cluster,stereo,0060,100,46,7,shield_intervention,negative_progress
55,0,ppo_shield,obstacle_cluster,Obstacle Cluster,stereo,0060,101,45,6,shield_intervention,negative_progress+loop_prevention
55,0,ppo_shield,obstacle_cluster,Obstacle Cluster,stereo,0060,102,44,6,shield_intervention,negative_progress+loop_prevention
55,0,ppo_shield,obstacle_cluster,Obstacle Cluster,stereo,0060,103,43,5,shield_intervention,negative_progress
55,0,ppo_shield,obstacle_cluster,Obstacle Cluster,stereo,0060,104,43,4,shield_intervention,loop_prevention
55,0,ppo_shield,obstacle_cluster,Obstacle Cluster,stereo,0060,105,42,3,shield_intervention,lookahead_safer
55,0,ppo_shield,obstacle_cluster,Obstacle Cluster,stereo,0060,106,42,2,shield_intervention,loop_prevention
55,0,ppo_shield,obstacle_cluster,Obstacle Cluster,stereo,0060,107,42,1,shield_intervention,lookahead_safer
55,0,ppo_shield,obstacle_cluster,Obstacle Cluster,stereo,0060,108,43,0,shield_intervention,lookahead_safer
55,0,ppo_shield,obstacle_cluster,Obstacle Cluster,stereo,0060,109,42,0,shield_intervention,lookahead_safer
55,0,ppo_shield,obstacle_cluster,Obstacle Cluster,stereo,0060,110,41,0,shield_intervention,lookahead_safer
55,0,ppo_shield,obstacle_cluster,Obstacle Cluster,stereo,0060,111,41,1,shield_intervention,loop_prevention
55,0,ppo_shield,obstacle_cluster,Obstacle Cluster,stereo,0060,112,41,2,shield_intervention,loop_prevention
55,0,ppo_shield,obstacle_cluster,Obstacle Cluster,stereo,0060,113,41,3,shield_intervention,loop_prevention
55,0,ppo_shield,obstacle_cluster,Obstacle Cluster,stereo,0060,117,45,6,shield_intervention,negative_progress
55,0,ppo_shield,obstacle_cluster,Obstacle Cluster,stereo,0060,119,47,7,shield_intervention,negative_progress
55,0,ppo_shield,obstacle_cluster,Obstacle Cluster,stereo,0060,120,48,7,shield_intervention,negative_progress
55,0,ppo_shield,obstacle_cluster,Obstacle Cluster,stereo,0060,121,49,6,shield_intervention,negative_progress
55,0,ppo_shield,obstacle_cluster,Obstacle Cluster,stereo,0060,122,49,7,shield_intervention,negative_progress
55,0,ppo_shield,obstacle_cluster,Obstacle Cluster,stereo,0060,123,49,8,shield_intervention,negative_progress
55,0,ppo_shield,obstacle_cluster,Obstacle Cluster,stereo,0060,124,48,8,shield_intervention,negative_progress
55,0,ppo_shield,obstacle_cluster,Obstacle Cluster,stereo,0060,125,47,8,shield_intervention,negative_progress
55,0,ppo_shield,obstacle_cluster,Obstacle Cluster,stereo,0060,126,46,8,shield_intervention,negative_progress
55,0,ppo_shield,obstacle_cluster,Obstacle Cluster,stereo,0060,127,46,7,shield_intervention,negative_progress
55,0,ppo_shield,obstacle_cluster,Obstacle Cluster,stereo,0060,128,45,6,shield_intervention,negative_progress+loop_prevention
55,0,ppo_shield,obstacle_cluster,Obstacle Cluster,stereo,0060,129,44,6,shield_intervention,negative_progress+loop_prevention
55,0,ppo_shield,obstacle_cluster,Obstacle Cluster,stereo,0060,130,43,5,shield_intervention,negative_progress
55,0,ppo_shield,obstacle_cluster,Obstacle Cluster,stereo,0060,131,43,4,shield_intervention,loop_prevention
55,0,ppo_shield,obstacle_cluster,Obstacle Cluster,stereo,0060,132,42,3,shield_intervention,lookahead_safer
55,0,ppo_shield,obstacle_cluster,Obstacle Cluster,stereo,0060,133,42,2,shield_intervention,loop_prevention
55,0,ppo_shield,obstacle_cluster,Obstacle Cluster,stereo,0060,134,42,1,shield_intervention,lookahead_safer
55,0,ppo_shield,obstacle_cluster,Obstacle Cluster,stereo,0060,135,43,0,shield_intervention,lookahead_safer
55,0,ppo_shield,obstacle_cluster,Obstacle Cluster,stereo,0060,136,42,0,shield_intervention,lookahead_safer
55,0,ppo_shield,obstacle_cluster,Obstacle Cluster,stereo,0060,137,41,0,shield_intervention,lookahead_safer
55,0,ppo_shield,obstacle_cluster,Obstacle Cluster,stereo,0060,138,41,1,shield_intervention,loop_prevention
55,0,ppo_shield,obstacle_cluster,Obstacle Cluster,stereo,0060,139,41,2,shield_intervention,loop_prevention
55,0,ppo_shield,obstacle_cluster,Obstacle Cluster,stereo,0060,140,41,3,shield_intervention,loop_prevention
55,0,ppo_shield,obstacle_cluster,Obstacle Cluster,stereo,0060,144,45,6,shield_intervention,negative_progress
55,0,ppo_shield,obstacle_cluster,Obstacle Cluster,stereo,0060,146,47,7,shield_intervention,negative_progress
55,0,ppo_shield,obstacle_cluster,Obstacle Cluster,stereo,0060,147,48,7,shield_intervention,negative_progress
55,0,ppo_shield,obstacle_cluster,Obstacle Cluster,stereo,0060,148,49,6,shield_intervention,negative_progress
55,0,ppo_shield,obstacle_cluster,Obstacle Cluster,stereo,0060,149,49,7,shield_intervention,negative_progress
55,0,ppo_shield,obstacle_cluster,Obstacle Cluster,stereo,0060,150,49,8,shield_intervention,negative_progress
55,0,ppo_shield,obstacle_cluster,Obstacle Cluster,stereo,0060,151,48,8,shield_intervention,negative_progress
55,0,ppo_shield,obstacle_cluster,Obstacle Cluster,stereo,0060,152,47,8,shield_intervention,negative_progress
55,0,ppo_shield,obstacle_cluster,Obstacle Cluster,stereo,0060,153,46,8,shield_intervention,negative_progress
55,0,ppo_shield,obstacle_cluster,Obstacle Cluster,stereo,0060,154,46,7,shield_intervention,negative_progress
55,0,ppo_shield,obstacle_cluster,Obstacle Cluster,stereo,0060,155,45,6,shield_intervention,negative_progress+loop_prevention
55,0,ppo_shield,obstacle_cluster,Obstacle Cluster,stereo,0060,156,44,6,shield_intervention,negative_progress+loop_prevention
55,0,ppo_shield,obstacle_cluster,Obstacle Cluster,stereo,0060,157,43,5,shield_intervention,negative_progress
55,0,ppo_shield,obstacle_cluster,Obstacle Cluster,stereo,0060,158,43,4,shield_intervention,loop_prevention
55,0,ppo_shield,obstacle_cluster,Obstacle Cluster,stereo,0060,159,42,3,shield_intervention,lookahead_safer
55,0,ppo_shield,obstacle_cluster,Obstacle Cluster,stereo,0060,160,42,2,shield_intervention,loop_prevention
55,0,ppo_shield,obstacle_cluster,Obstacle Cluster,stereo,0060,161,42,1,shield_intervention,lookahead_safer
55,0,ppo_shield,obstacle_cluster,Obstacle Cluster,stereo,0060,162,43,0,shield_intervention,lookahead_safer
55,0,ppo_shield,obstacle_cluster,Obstacle Cluster,stereo,0060,163,42,0,shield_intervention,lookahead_safer
55,0,ppo_shield,obstacle_cluster,Obstacle Cluster,stereo,0060,164,41,0,shield_intervention,lookahead_safer
55,0,ppo_shield,obstacle_cluster,Obstacle Cluster,stereo,0060,165,41,1,shield_intervention,loop_prevention
55,0,ppo_shield,obstacle_cluster,Obstacle Cluster,stereo,0060,166,41,2,shield_intervention,loop_prevention
55,0,ppo_shield,obstacle_cluster,Obstacle Cluster,stereo,0060,167,41,3,shield_intervention,loop_prevention
55,0,ppo_shield,obstacle_cluster,Obstacle Cluster,stereo,0060,171,45,6,shield_intervention,negative_progress
55,0,ppo_shield,obstacle_cluster,Obstacle Cluster,stereo,0060,173,47,7,shield_intervention,negative_progress
55,0,ppo_shield,obstacle_cluster,Obstacle Cluster,stereo,0060,174,48,7,shield_intervention,negative_progress
55,0,ppo_shield,obstacle_cluster,Obstacle Cluster,stereo,0060,175,49,6,shield_intervention,negative_progress
55,0,ppo_shield,obstacle_cluster,Obstacle Cluster,stereo,0060,176,49,7,shield_intervention,negative_progress
55,0,ppo_shield,obstacle_cluster,Obstacle Cluster,stereo,0060,177,49,8,shield_intervention,negative_progress
55,0,ppo_shield,obstacle_cluster,Obstacle Cluster,stereo,0060,178,48,8,shield_intervention,negative_progress
55,0,ppo_shield,obstacle_cluster,Obstacle Cluster,stereo,0060,179,47,8,shield_intervention,negative_progress
55,0,ppo_shield,obstacle_cluster,Obstacle Cluster,stereo,0060,180,46,8,shield_intervention,negative_progress
55,0,ppo_shield,obstacle_cluster,Obstacle Cluster,stereo,0060,181,46,7,shield_intervention,negative_progress
55,0,ppo_shield,obstacle_cluster,Obstacle Cluster,stereo,0060,182,45,6,shield_intervention,negative_progress+loop_prevention
55,0,ppo_shield,obstacle_cluster,Obstacle Cluster,stereo,0060,183,44,6,shield_intervention,negative_progress+loop_prevention
55,0,ppo_shield,obstacle_cluster,Obstacle Cluster,stereo,0060,184,43,5,shield_intervention,negative_progress
55,0,ppo_shield,obstacle_cluster,Obstacle Cluster,stereo,0060,185,43,4,shield_intervention,loop_prevention
55,0,ppo_shield,obstacle_cluster,Obstacle Cluster,stereo,0060,186,42,3,shield_intervention,lookahead_safer
55,0,ppo_shield,obstacle_cluster,Obstacle Cluster,stereo,0060,187,42,2,shield_intervention,loop_prevention
55,0,ppo_shield,obstacle_cluster,Obstacle Cluster,stereo,0060,188,42,1,shield_intervention,lookahead_safer
55,0,ppo_shield,obstacle_cluster,Obstacle Cluster,stereo,0060,189,43,0,shield_intervention,lookahead_safer
55,0,ppo_shield,obstacle_cluster,Obstacle Cluster,stereo,0060,190,42,0,shield_intervention,lookahead_safer
55,0,ppo_shield,obstacle_cluster,Obstacle Cluster,stereo,0060,191,41,0,shield_intervention,lookahead_safer
55,0,ppo_shield,obstacle_cluster,Obstacle Cluster,stereo,0060,192,41,1,shield_intervention,loop_prevention
55,0,ppo_shield,obstacle_cluster,Obstacle Cluster,stereo,0060,193,41,2,shield_intervention,loop_prevention
55,0,ppo_shield,obstacle_cluster,Obstacle Cluster,stereo,0060,194,41,3,shield_intervention,loop_prevention
55,0,ppo_shield,obstacle_cluster,Obstacle Cluster,stereo,0060,198,45,6,shield_intervention,negative_progress
55,0,ppo_shield,obstacle_cluster,Obstacle Cluster,stereo,0060,200,47,7,shield_intervention,negative_progress
56,0,ppo_shield,obstacle_cluster,Obstacle Cluster,mono,0060,9,18,16,shield_intervention,lookahead_safer
56,0,ppo_shield,obstacle_cluster,Obstacle Cluster,mono,0060,10,19,15,shield_intervention,lookahead_safer
56,0,ppo_shield,obstacle_cluster,Obstacle Cluster,mono,0060,11,20,14,shield_intervention,lookahead_safer
56,0,ppo_shield,obstacle_cluster,Obstacle Cluster,mono,0060,12,21,13,shield_intervention,lookahead_safer
56,0,ppo_shield,obstacle_cluster,Obstacle Cluster,mono,0060,13,22,12,shield_intervention,lookahead_safer
56,0,ppo_shield,obstacle_cluster,Obstacle Cluster,mono,0060,14,23,11,shield_intervention,lookahead_safer
56,0,ppo_shield,obstacle_cluster,Obstacle Cluster,mono,0060,15,24,10,shield_intervention,lookahead_safer
56,0,ppo_shield,obstacle_cluster,Obstacle Cluster,mono,0060,17,26,10,shield_intervention,lookahead_safer
56,0,ppo_shield,obstacle_cluster,Obstacle Cluster,mono,0060,19,28,10,shield_intervention,lookahead_safer
56,0,ppo_shield,obstacle_cluster,Obstacle Cluster,mono,0060,21,30,10,shield_intervention,lookahead_safer
56,0,ppo_shield,obstacle_cluster,Obstacle Cluster,mono,0060,22,31,9,shield_intervention,lookahead_safer
56,0,ppo_shield,obstacle_cluster,Obstacle Cluster,mono,0060,24,33,9,shield_intervention,lookahead_safer
56,0,ppo_shield,obstacle_cluster,Obstacle Cluster,mono,0060,26,35,9,shield_intervention,lookahead_safer
56,0,ppo_shield,obstacle_cluster,Obstacle Cluster,mono,0060,27,36,8,shield_intervention,lookahead_safer
56,0,ppo_shield,obstacle_cluster,Obstacle Cluster,mono,0060,28,37,7,shield_intervention,lookahead_safer
56,0,ppo_shield,obstacle_cluster,Obstacle Cluster,mono,0060,30,39,7,shield_intervention,lookahead_safer
56,0,ppo_shield,obstacle_cluster,Obstacle Cluster,mono,0060,31,40,6,shield_intervention,lookahead_safer
56,0,ppo_shield,obstacle_cluster,Obstacle Cluster,mono,0060,32,41,5,shield_intervention,lookahead_safer
56,0,ppo_shield,obstacle_cluster,Obstacle Cluster,mono,0060,34,43,5,shield_intervention,lookahead_safer
56,0,ppo_shield,obstacle_cluster,Obstacle Cluster,mono,0060,35,44,4,shield_intervention,lookahead_safer
56,0,ppo_shield,obstacle_cluster,Obstacle Cluster,mono,0060,36,45,3,shield_intervention,lookahead_safer
56,0,ppo_shield,obstacle_cluster,Obstacle Cluster,mono,0060,38,47,3,shield_intervention,negative_progress
56,0,ppo_shield,obstacle_cluster,Obstacle Cluster,mono,0060,39,47,2,shield_intervention,negative_progress
57,0,ppo_shield,lateral_maneuver,Lateral Maneuver,stereo,0010,8,10,9,shield_intervention,lookahead_safer
57,0,ppo_shield,lateral_maneuver,Lateral Maneuver,stereo,0010,28,30,28,shield_intervention,obstacle_risk
57,0,ppo_shield,lateral_maneuver,Lateral Maneuver,stereo,0010,39,41,37,shield_intervention,lookahead_safer
57,0,ppo_shield,lateral_maneuver,Lateral Maneuver,stereo,0010,41,43,37,shield_intervention,obstacle_risk
57,0,ppo_shield,lateral_maneuver,Lateral Maneuver,stereo,0010,42,44,37,shield_intervention,obstacle_risk
57,0,ppo_shield,lateral_maneuver,Lateral Maneuver,stereo,0010,43,45,36,shield_intervention,lookahead_safer
58,0,ppo_shield,lateral_maneuver,Lateral Maneuver,mono,0010,38,40,38,shield_intervention,obstacle_risk
58,0,ppo_shield,lateral_maneuver,Lateral Maneuver,mono,0010,39,41,37,shield_intervention,lookahead_safer
58,0,ppo_shield,lateral_maneuver,Lateral Maneuver,mono,0010,41,43,37,shield_intervention,obstacle_risk
58,0,ppo_shield,lateral_maneuver,Lateral Maneuver,mono,0010,43,45,37,shield_intervention,obstacle_risk
58,0,ppo_shield,lateral_maneuver,Lateral Maneuver,mono,0010,44,46,37,shield_intervention,obstacle_risk
59,0,ppo_shield,stress_density,Stress Density,stereo,0040,8,10,9,shield_intervention,obstacle_risk
59,0,ppo_shield,stress_density,Stress Density,stereo,0040,9,11,9,shield_intervention,obstacle_risk
59,0,ppo_shield,stress_density,Stress Density,stereo,0040,10,12,9,shield_intervention,obstacle_risk
59,0,ppo_shield,stress_density,Stress Density,stereo,0040,11,13,9,shield_intervention,obstacle_risk
59,0,ppo_shield,stress_density,Stress Density,stereo,0040,12,14,9,shield_intervention,obstacle_risk
59,0,ppo_shield,stress_density,Stress Density,stereo,0040,13,15,9,shield_intervention,obstacle_risk
59,0,ppo_shield,stress_density,Stress Density,stereo,0040,14,16,8,shield_intervention,obstacle_risk
59,0,ppo_shield,stress_density,Stress Density,stereo,0040,16,18,8,shield_intervention,obstacle_risk
59,0,ppo_shield,stress_density,Stress Density,stereo,0040,18,20,8,shield_intervention,obstacle_risk
59,0,ppo_shield,stress_density,Stress Density,stereo,0040,20,22,8,shield_intervention,obstacle_risk
59,0,ppo_shield,stress_density,Stress Density,stereo,0040,22,24,8,shield_intervention,obstacle_risk
59,0,ppo_shield,stress_density,Stress Density,stereo,0040,24,26,8,shield_intervention,obstacle_risk
59,0,ppo_shield,stress_density,Stress Density,stereo,0040,26,28,9,shield_intervention,obstacle_risk
59,0,ppo_shield,stress_density,Stress Density,stereo,0040,27,29,9,shield_intervention,obstacle_risk
60,0,ppo_shield,stress_density,Stress Density,mono,0040,16,18,16,shield_intervention,lookahead_safer
60,0,ppo_shield,stress_density,Stress Density,mono,0040,17,19,15,shield_intervention,lookahead_safer
60,0,ppo_shield,stress_density,Stress Density,mono,0040,18,20,14,shield_intervention,lookahead_safer
60,0,ppo_shield,stress_density,Stress Density,mono,0040,19,21,13,shield_intervention,lookahead_safer
60,0,ppo_shield,stress_density,Stress Density,mono,0040,21,23,13,shield_intervention,lookahead_safer
60,0,ppo_shield,stress_density,Stress Density,mono,0040,22,24,12,shield_intervention,lookahead_safer
60,0,ppo_shield,stress_density,Stress Density,mono,0040,23,25,11,shield_intervention,lookahead_safer
60,0,ppo_shield,stress_density,Stress Density,mono,0040,25,27,11,shield_intervention,lookahead_safer
60,0,ppo_shield,stress_density,Stress Density,mono,0040,26,28,10,shield_intervention,negative_progress
60,0,ppo_shield,stress_density,Stress Density,mono,0040,27,29,9,shield_intervention,negative_progress
61,1,ppo_shield,baseline_open,Baseline Open,stereo,0020,12,14,14,shield_intervention,obstacle_risk
61,1,ppo_shield,baseline_open,Baseline Open,stereo,0020,14,16,15,shield_intervention,obstacle_risk
61,1,ppo_shield,baseline_open,Baseline Open,stereo,0020,15,17,14,shield_intervention,obstacle_risk
61,1,ppo_shield,baseline_open,Baseline Open,stereo,0020,21,23,19,shield_intervention,lookahead_safer
61,1,ppo_shield,baseline_open,Baseline Open,stereo,0020,22,24,18,shield_intervention,lookahead_safer
61,1,ppo_shield,baseline_open,Baseline Open,stereo,0020,23,25,18,shield_intervention,lookahead_safer
61,1,ppo_shield,baseline_open,Baseline Open,stereo,0020,24,26,18,shield_intervention,lookahead_safer
61,1,ppo_shield,baseline_open,Baseline Open,stereo,0020,26,28,19,shield_intervention,obstacle_risk
61,1,ppo_shield,baseline_open,Baseline Open,stereo,0020,38,38,31,shield_intervention,lookahead_safer
61,1,ppo_shield,baseline_open,Baseline Open,stereo,0020,39,38,32,shield_intervention,lookahead_safer
61,1,ppo_shield,baseline_open,Baseline Open,stereo,0020,40,38,33,shield_intervention,lookahead_safer
61,1,ppo_shield,baseline_open,Baseline Open,stereo,0020,41,38,34,shield_intervention,lookahead_safer
61,1,ppo_shield,baseline_open,Baseline Open,stereo,0020,43,38,35,shield_intervention,obstacle_risk
61,1,ppo_shield,baseline_open,Baseline Open,stereo,0020,44,38,34,shield_intervention,obstacle_risk
61,1,ppo_shield,baseline_open,Baseline Open,stereo,0020,45,38,35,shield_intervention,loop_prevention
61,1,ppo_shield,baseline_open,Baseline Open,stereo,0020,46,38,34,shield_intervention,obstacle_risk
61,1,ppo_shield,baseline_open,Baseline Open,stereo,0020,47,38,35,shield_intervention,loop_prevention
61,1,ppo_shield,baseline_open,Baseline Open,stereo,0020,48,38,34,shield_intervention,obstacle_risk
61,1,ppo_shield,baseline_open,Baseline Open,stereo,0020,49,38,33,shield_intervention,loop_prevention
61,1,ppo_shield,baseline_open,Baseline Open,stereo,0020,55,42,39,shield_intervention,lookahead_safer
61,1,ppo_shield,baseline_open,Baseline Open,stereo,0020,57,42,41,shield_intervention,negative_progress
61,1,ppo_shield,baseline_open,Baseline Open,stereo,0020,58,41,42,shield_intervention,negative_progress
61,1,ppo_shield,baseline_open,Baseline Open,stereo,0020,59,41,43,shield_intervention,negative_progress
61,1,ppo_shield,baseline_open,Baseline Open,stereo,0020,60,40,44,shield_intervention,negative_progress
61,1,ppo_shield,baseline_open,Baseline Open,stereo,0020,61,39,45,shield_intervention,negative_progress
61,1,ppo_shield,baseline_open,Baseline Open,stereo,0020,62,38,45,shield_intervention,negative_progress
61,1,ppo_shield,baseline_open,Baseline Open,stereo,0020,63,37,44,shield_intervention,negative_progress
62,1,ppo_shield,baseline_open,Baseline Open,mono,0020,36,37,40,shield_intervention,lookahead_safer
62,1,ppo_shield,baseline_open,Baseline Open,mono,0020,37,37,41,shield_intervention,lookahead_safer
62,1,ppo_shield,baseline_open,Baseline Open,mono,0020,39,37,43,shield_intervention,obstacle_risk
62,1,ppo_shield,baseline_open,Baseline Open,mono,0020,41,37,44,shield_intervention,negative_progress
63,1,ppo_shield,dense_corridor,Dense Corridor,stereo,0050,1,10,11,shield_intervention,obstacle_risk
63,1,ppo_shield,dense_corridor,Dense Corridor,stereo,0050,2,9,12,shield_intervention,obstacle_risk
63,1,ppo_shield,dense_corridor,Dense Corridor,stereo,0050,3,10,11,shield_intervention,obstacle_risk
63,1,ppo_shield,dense_corridor,Dense Corridor,stereo,0050,4,9,12,shield_intervention,obstacle_risk
63,1,ppo_shield,dense_corridor,Dense Corridor,stereo,0050,5,10,11,shield_intervention,obstacle_risk
63,1,ppo_shield,dense_corridor,Dense Corridor,stereo,0050,6,9,12,shield_intervention,obstacle_risk
63,1,ppo_shield,dense_corridor,Dense Corridor,stereo,0050,7,10,11,shield_intervention,obstacle_risk
63,1,ppo_shield,dense_corridor,Dense Corridor,stereo,0050,8,9,12,shield_intervention,obstacle_risk
63,1,ppo_shield,dense_corridor,Dense Corridor,stereo,0050,9,10,11,shield_intervention,obstacle_risk
63,1,ppo_shield,dense_corridor,Dense Corridor,stereo,0050,10,9,12,shield_intervention,obstacle_risk
63,1,ppo_shield,dense_corridor,Dense Corridor,stereo,0050,11,10,11,shield_intervention,obstacle_risk
63,1,ppo_shield,dense_corridor,Dense Corridor,stereo,0050,12,9,12,shield_intervention,obstacle_risk
63,1,ppo_shield,dense_corridor,Dense Corridor,stereo,0050,13,10,11,shield_intervention,obstacle_risk
63,1,ppo_shield,dense_corridor,Dense Corridor,stereo,0050,14,9,12,shield_intervention,obstacle_risk
63,1,ppo_shield,dense_corridor,Dense Corridor,stereo,0050,15,10,11,shield_intervention,obstacle_risk
63,1,ppo_shield,dense_corridor,Dense Corridor,stereo,0050,16,9,12,shield_intervention,obstacle_risk
63,1,ppo_shield,dense_corridor,Dense Corridor,stereo,0050,17,10,11,shield_intervention,obstacle_risk
63,1,ppo_shield,dense_corridor,Dense Corridor,stereo,0050,18,9,12,shield_intervention,obstacle_risk
63,1,ppo_shield,dense_corridor,Dense Corridor,stereo,0050,19,10,11,shield_intervention,obstacle_risk
63,1,ppo_shield,dense_corridor,Dense Corridor,stereo,0050,20,9,12,shield_intervention,obstacle_risk
63,1,ppo_shield,dense_corridor,Dense Corridor,stereo,0050,21,10,11,shield_intervention,obstacle_risk
63,1,ppo_shield,dense_corridor,Dense Corridor,stereo,0050,22,9,12,shield_intervention,obstacle_risk
63,1,ppo_shield,dense_corridor,Dense Corridor,stereo,0050,23,10,11,shield_intervention,obstacle_risk
63,1,ppo_shield,dense_corridor,Dense Corridor,stereo,0050,24,9,12,shield_intervention,obstacle_risk
63,1,ppo_shield,dense_corridor,Dense Corridor,stereo,0050,25,10,11,shield_intervention,obstacle_risk
63,1,ppo_shield,dense_corridor,Dense Corridor,stereo,0050,26,9,12,shield_intervention,obstacle_risk
63,1,ppo_shield,dense_corridor,Dense Corridor,stereo,0050,27,10,11,shield_intervention,obstacle_risk
63,1,ppo_shield,dense_corridor,Dense Corridor,stereo,0050,28,9,12,shield_intervention,obstacle_risk
63,1,ppo_shield,dense_corridor,Dense Corridor,stereo,0050,29,10,11,shield_intervention,obstacle_risk
63,1,ppo_shield,dense_corridor,Dense Corridor,stereo,0050,30,9,12,shield_intervention,obstacle_risk
63,1,ppo_shield,dense_corridor,Dense Corridor,stereo,0050,31,10,11,shield_intervention,obstacle_risk
63,1,ppo_shield,dense_corridor,Dense Corridor,stereo,0050,32,9,12,shield_intervention,obstacle_risk
63,1,ppo_shield,dense_corridor,Dense Corridor,stereo,0050,33,10,11,shield_intervention,obstacle_risk
63,1,ppo_shield,dense_corridor,Dense Corridor,stereo,0050,34,9,12,shield_intervention,obstacle_risk
63,1,ppo_shield,dense_corridor,Dense Corridor,stereo,0050,35,10,11,shield_intervention,obstacle_risk
63,1,ppo_shield,dense_corridor,Dense Corridor,stereo,0050,36,9,12,shield_intervention,obstacle_risk
63,1,ppo_shield,dense_corridor,Dense Corridor,stereo,0050,37,10,11,shield_intervention,obstacle_risk
63,1,ppo_shield,dense_corridor,Dense Corridor,stereo,0050,38,9,12,shield_intervention,obstacle_risk
63,1,ppo_shield,dense_corridor,Dense Corridor,stereo,0050,39,10,11,shield_intervention,obstacle_risk
63,1,ppo_shield,dense_corridor,Dense Corridor,stereo,0050,40,9,12,shield_intervention,obstacle_risk
63,1,ppo_shield,dense_corridor,Dense Corridor,stereo,0050,41,10,11,shield_intervention,obstacle_risk
63,1,ppo_shield,dense_corridor,Dense Corridor,stereo,0050,42,9,12,shield_intervention,obstacle_risk
63,1,ppo_shield,dense_corridor,Dense Corridor,stereo,0050,43,10,11,shield_intervention,obstacle_risk
63,1,ppo_shield,dense_corridor,Dense Corridor,stereo,0050,44,9,12,shield_intervention,obstacle_risk
63,1,ppo_shield,dense_corridor,Dense Corridor,stereo,0050,45,10,11,shield_intervention,obstacle_risk
63,1,ppo_shield,dense_corridor,Dense Corridor,stereo,0050,46,9,12,shield_intervention,obstacle_risk
63,1,ppo_shield,dense_corridor,Dense Corridor,stereo,0050,47,10,11,shield_intervention,obstacle_risk
63,1,ppo_shield,dense_corridor,Dense Corridor,stereo,0050,48,9,12,shield_intervention,obstacle_risk
63,1,ppo_shield,dense_corridor,Dense Corridor,stereo,0050,49,10,11,shield_intervention,obstacle_risk
63,1,ppo_shield,dense_corridor,Dense Corridor,stereo,0050,50,9,12,shield_intervention,obstacle_risk
63,1,ppo_shield,dense_corridor,Dense Corridor,stereo,0050,51,10,11,shield_intervention,obstacle_risk
63,1,ppo_shield,dense_corridor,Dense Corridor,stereo,0050,52,9,12,shield_intervention,obstacle_risk
63,1,ppo_shield,dense_corridor,Dense Corridor,stereo,0050,53,10,11,shield_intervention,obstacle_risk
63,1,ppo_shield,dense_corridor,Dense Corridor,stereo,0050,54,9,12,shield_intervention,obstacle_risk
63,1,ppo_shield,dense_corridor,Dense Corridor,stereo,0050,55,10,11,shield_intervention,obstacle_risk
63,1,ppo_shield,dense_corridor,Dense Corridor,stereo,0050,56,9,12,shield_intervention,obstacle_risk
63,1,ppo_shield,dense_corridor,Dense Corridor,stereo,0050,57,10,11,shield_intervention,obstacle_risk
63,1,ppo_shield,dense_corridor,Dense Corridor,stereo,0050,58,9,12,shield_intervention,obstacle_risk
63,1,ppo_shield,dense_corridor,Dense Corridor,stereo,0050,59,10,11,shield_intervention,obstacle_risk
63,1,ppo_shield,dense_corridor,Dense Corridor,stereo,0050,60,9,12,shield_intervention,obstacle_risk
63,1,ppo_shield,dense_corridor,Dense Corridor,stereo,0050,61,10,11,shield_intervention,obstacle_risk
63,1,ppo_shield,dense_corridor,Dense Corridor,stereo,0050,62,9,12,shield_intervention,obstacle_risk
63,1,ppo_shield,dense_corridor,Dense Corridor,stereo,0050,63,10,11,shield_intervention,obstacle_risk
63,1,ppo_shield,dense_corridor,Dense Corridor,stereo,0050,64,9,12,shield_intervention,obstacle_risk
63,1,ppo_shield,dense_corridor,Dense Corridor,stereo,0050,65,10,11,shield_intervention,obstacle_risk
63,1,ppo_shield,dense_corridor,Dense Corridor,stereo,0050,66,9,12,shield_intervention,obstacle_risk
63,1,ppo_shield,dense_corridor,Dense Corridor,stereo,0050,67,10,11,shield_intervention,obstacle_risk
63,1,ppo_shield,dense_corridor,Dense Corridor,stereo,0050,68,9,12,shield_intervention,obstacle_risk
63,1,ppo_shield,dense_corridor,Dense Corridor,stereo,0050,69,10,11,shield_intervention,obstacle_risk
63,1,ppo_shield,dense_corridor,Dense Corridor,stereo,0050,70,9,12,shield_intervention,obstacle_risk
63,1,ppo_shield,dense_corridor,Dense Corridor,stereo,0050,71,10,11,shield_intervention,obstacle_risk
63,1,ppo_shield,dense_corridor,Dense Corridor,stereo,0050,72,9,12,shield_intervention,obstacle_risk
63,1,ppo_shield,dense_corridor,Dense Corridor,stereo,0050,73,10,11,shield_intervention,obstacle_risk
63,1,ppo_shield,dense_corridor,Dense Corridor,stereo,0050,74,9,12,shield_intervention,obstacle_risk
63,1,ppo_shield,dense_corridor,Dense Corridor,stereo,0050,75,10,11,shield_intervention,obstacle_risk
63,1,ppo_shield,dense_corridor,Dense Corridor,stereo,0050,76,9,12,shield_intervention,obstacle_risk
63,1,ppo_shield,dense_corridor,Dense Corridor,stereo,0050,77,10,11,shield_intervention,obstacle_risk
63,1,ppo_shield,dense_corridor,Dense Corridor,stereo,0050,78,9,12,shield_intervention,obstacle_risk
63,1,ppo_shield,dense_corridor,Dense Corridor,stereo,0050,79,10,11,shield_intervention,obstacle_risk
63,1,ppo_shield,dense_corridor,Dense Corridor,stereo,0050,80,9,12,shield_intervention,obstacle_risk
63,1,ppo_shield,dense_corridor,Dense Corridor,stereo,0050,81,10,11,shield_intervention,obstacle_risk
63,1,ppo_shield,dense_corridor,Dense Corridor,stereo,0050,82,9,12,shield_intervention,obstacle_risk
63,1,ppo_shield,dense_corridor,Dense Corridor,stereo,0050,83,10,11,shield_intervention,obstacle_risk
63,1,ppo_shield,dense_corridor,Dense Corridor,stereo,0050,84,9,12,shield_intervention,obstacle_risk
63,1,ppo_shield,dense_corridor,Dense Corridor,stereo,0050,85,10,11,shield_intervention,obstacle_risk
63,1,ppo_shield,dense_corridor,Dense Corridor,stereo,0050,86,9,12,shield_intervention,obstacle_risk
63,1,ppo_shield,dense_corridor,Dense Corridor,stereo,0050,87,10,11,shield_intervention,obstacle_risk
63,1,ppo_shield,dense_corridor,Dense Corridor,stereo,0050,88,9,12,shield_intervention,obstacle_risk
63,1,ppo_shield,dense_corridor,Dense Corridor,stereo,0050,89,10,11,shield_intervention,obstacle_risk
63,1,ppo_shield,dense_corridor,Dense Corridor,stereo,0050,90,9,12,shield_intervention,obstacle_risk
63,1,ppo_shield,dense_corridor,Dense Corridor,stereo,0050,91,10,11,shield_intervention,obstacle_risk
63,1,ppo_shield,dense_corridor,Dense Corridor,stereo,0050,92,9,12,shield_intervention,obstacle_risk
63,1,ppo_shield,dense_corridor,Dense Corridor,stereo,0050,93,10,11,shield_intervention,obstacle_risk
63,1,ppo_shield,dense_corridor,Dense Corridor,stereo,0050,94,9,12,shield_intervention,obstacle_risk
63,1,ppo_shield,dense_corridor,Dense Corridor,stereo,0050,95,10,11,shield_intervention,obstacle_risk
63,1,ppo_shield,dense_corridor,Dense Corridor,stereo,0050,96,9,12,shield_intervention,obstacle_risk
63,1,ppo_shield,dense_corridor,Dense Corridor,stereo,0050,97,10,11,shield_intervention,obstacle_risk
63,1,ppo_shield,dense_corridor,Dense Corridor,stereo,0050,98,9,12,shield_intervention,obstacle_risk
63,1,ppo_shield,dense_corridor,Dense Corridor,stereo,0050,99,10,11,shield_intervention,obstacle_risk
63,1,ppo_shield,dense_corridor,Dense Corridor,stereo,0050,100,9,12,shield_intervention,obstacle_risk
63,1,ppo_shield,dense_corridor,Dense Corridor,stereo,0050,101,10,11,shield_intervention,obstacle_risk
63,1,ppo_shield,dense_corridor,Dense Corridor,stereo,0050,102,9,12,shield_intervention,obstacle_risk
63,1,ppo_shield,dense_corridor,Dense Corridor,stereo,0050,103,10,11,shield_intervention,obstacle_risk
63,1,ppo_shield,dense_corridor,Dense Corridor,stereo,0050,104,9,12,shield_intervention,obstacle_risk
63,1,ppo_shield,dense_corridor,Dense Corridor,stereo,0050,105,10,11,shield_intervention,obstacle_risk
63,1,ppo_shield,dense_corridor,Dense Corridor,stereo,0050,106,9,12,shield_intervention,obstacle_risk
63,1,ppo_shield,dense_corridor,Dense Corridor,stereo,0050,107,10,11,shield_intervention,obstacle_risk
63,1,ppo_shield,dense_corridor,Dense Corridor,stereo,0050,108,9,12,shield_intervention,obstacle_risk
63,1,ppo_shield,dense_corridor,Dense Corridor,stereo,0050,109,10,11,shield_intervention,obstacle_risk
63,1,ppo_shield,dense_corridor,Dense Corridor,stereo,0050,110,9,12,shield_intervention,obstacle_risk
63,1,ppo_shield,dense_corridor,Dense Corridor,stereo,0050,111,10,11,shield_intervention,obstacle_risk
63,1,ppo_shield,dense_corridor,Dense Corridor,stereo,0050,112,9,12,shield_intervention,obstacle_risk
63,1,ppo_shield,dense_corridor,Dense Corridor,stereo,0050,113,10,11,shield_intervention,obstacle_risk
63,1,ppo_shield,dense_corridor,Dense Corridor,stereo,0050,114,9,12,shield_intervention,obstacle_risk
63,1,ppo_shield,dense_corridor,Dense Corridor,stereo,0050,115,10,11,shield_intervention,obstacle_risk
63,1,ppo_shield,dense_corridor,Dense Corridor,stereo,0050,116,9,12,shield_intervention,obstacle_risk
63,1,ppo_shield,dense_corridor,Dense Corridor,stereo,0050,117,10,11,shield_intervention,obstacle_risk
63,1,ppo_shield,dense_corridor,Dense Corridor,stereo,0050,118,9,12,shield_intervention,obstacle_risk
63,1,ppo_shield,dense_corridor,Dense Corridor,stereo,0050,119,10,11,shield_intervention,obstacle_risk
63,1,ppo_shield,dense_corridor,Dense Corridor,stereo,0050,120,9,12,shield_intervention,obstacle_risk
63,1,ppo_shield,dense_corridor,Dense Corridor,stereo,0050,121,10,11,shield_intervention,obstacle_risk
63,1,ppo_shield,dense_corridor,Dense Corridor,stereo,0050,122,9,12,shield_intervention,obstacle_risk
63,1,ppo_shield,dense_corridor,Dense Corridor,stereo,0050,123,10,11,shield_intervention,obstacle_risk
63,1,ppo_shield,dense_corridor,Dense Corridor,stereo,0050,124,9,12,shield_intervention,obstacle_risk
63,1,ppo_shield,dense_corridor,Dense Corridor,stereo,0050,125,10,11,shield_intervention,obstacle_risk
63,1,ppo_shield,dense_corridor,Dense Corridor,stereo,0050,126,9,12,shield_intervention,obstacle_risk
63,1,ppo_shield,dense_corridor,Dense Corridor,stereo,0050,127,10,11,shield_intervention,obstacle_risk
63,1,ppo_shield,dense_corridor,Dense Corridor,stereo,0050,128,9,12,shield_intervention,obstacle_risk
63,1,ppo_shield,dense_corridor,Dense Corridor,stereo,0050,129,10,11,shield_intervention,obstacle_risk
63,1,ppo_shield,dense_corridor,Dense Corridor,stereo,0050,130,9,12,shield_intervention,obstacle_risk
63,1,ppo_shield,dense_corridor,Dense Corridor,stereo,0050,131,10,11,shield_intervention,obstacle_risk
63,1,ppo_shield,dense_corridor,Dense Corridor,stereo,0050,132,9,12,shield_intervention,obstacle_risk
63,1,ppo_shield,dense_corridor,Dense Corridor,stereo,0050,133,10,11,shield_intervention,obstacle_risk
63,1,ppo_shield,dense_corridor,Dense Corridor,stereo,0050,134,9,12,shield_intervention,obstacle_risk
63,1,ppo_shield,dense_corridor,Dense Corridor,stereo,0050,135,10,11,shield_intervention,obstacle_risk
63,1,ppo_shield,dense_corridor,Dense Corridor,stereo,0050,136,9,12,shield_intervention,obstacle_risk
63,1,ppo_shield,dense_corridor,Dense Corridor,stereo,0050,137,10,11,shield_intervention,obstacle_risk
63,1,ppo_shield,dense_corridor,Dense Corridor,stereo,0050,138,9,12,shield_intervention,obstacle_risk
63,1,ppo_shield,dense_corridor,Dense Corridor,stereo,0050,139,10,11,shield_intervention,obstacle_risk
63,1,ppo_shield,dense_corridor,Dense Corridor,stereo,0050,140,9,12,shield_intervention,obstacle_risk
63,1,ppo_shield,dense_corridor,Dense Corridor,stereo,0050,141,10,11,shield_intervention,obstacle_risk
63,1,ppo_shield,dense_corridor,Dense Corridor,stereo,0050,142,9,12,shield_intervention,obstacle_risk
63,1,ppo_shield,dense_corridor,Dense Corridor,stereo,0050,143,10,11,shield_intervention,obstacle_risk
63,1,ppo_shield,dense_corridor,Dense Corridor,stereo,0050,144,9,12,shield_intervention,obstacle_risk
63,1,ppo_shield,dense_corridor,Dense Corridor,stereo,0050,145,10,11,shield_intervention,obstacle_risk
63,1,ppo_shield,dense_corridor,Dense Corridor,stereo,0050,146,9,12,shield_intervention,obstacle_risk
63,1,ppo_shield,dense_corridor,Dense Corridor,stereo,0050,147,10,11,shield_intervention,obstacle_risk
63,1,ppo_shield,dense_corridor,Dense Corridor,stereo,0050,148,9,12,shield_intervention,obstacle_risk
63,1,ppo_shield,dense_corridor,Dense Corridor,stereo,0050,149,10,11,shield_intervention,obstacle_risk
63,1,ppo_shield,dense_corridor,Dense Corridor,stereo,0050,150,9,12,shield_intervention,obstacle_risk
63,1,ppo_shield,dense_corridor,Dense Corridor,stereo,0050,151,10,11,shield_intervention,obstacle_risk
63,1,ppo_shield,dense_corridor,Dense Corridor,stereo,0050,152,9,12,shield_intervention,obstacle_risk
63,1,ppo_shield,dense_corridor,Dense Corridor,stereo,0050,153,10,11,shield_intervention,obstacle_risk
63,1,ppo_shield,dense_corridor,Dense Corridor,stereo,0050,154,9,12,shield_intervention,obstacle_risk
63,1,ppo_shield,dense_corridor,Dense Corridor,stereo,0050,155,10,11,shield_intervention,obstacle_risk
63,1,ppo_shield,dense_corridor,Dense Corridor,stereo,0050,156,9,12,shield_intervention,obstacle_risk
63,1,ppo_shield,dense_corridor,Dense Corridor,stereo,0050,157,10,11,shield_intervention,obstacle_risk
63,1,ppo_shield,dense_corridor,Dense Corridor,stereo,0050,158,9,12,shield_intervention,obstacle_risk
63,1,ppo_shield,dense_corridor,Dense Corridor,stereo,0050,159,10,11,shield_intervention,obstacle_risk
63,1,ppo_shield,dense_corridor,Dense Corridor,stereo,0050,160,9,12,shield_intervention,obstacle_risk
63,1,ppo_shield,dense_corridor,Dense Corridor,stereo,0050,161,10,11,shield_intervention,obstacle_risk
63,1,ppo_shield,dense_corridor,Dense Corridor,stereo,0050,162,9,12,shield_intervention,obstacle_risk
63,1,ppo_shield,dense_corridor,Dense Corridor,stereo,0050,163,10,11,shield_intervention,obstacle_risk
63,1,ppo_shield,dense_corridor,Dense Corridor,stereo,0050,164,9,12,shield_intervention,obstacle_risk
63,1,ppo_shield,dense_corridor,Dense Corridor,stereo,0050,165,10,11,shield_intervention,obstacle_risk
63,1,ppo_shield,dense_corridor,Dense Corridor,stereo,0050,166,9,12,shield_intervention,obstacle_risk
63,1,ppo_shield,dense_corridor,Dense Corridor,stereo,0050,167,10,11,shield_intervention,obstacle_risk
63,1,ppo_shield,dense_corridor,Dense Corridor,stereo,0050,168,9,12,shield_intervention,obstacle_risk
63,1,ppo_shield,dense_corridor,Dense Corridor,stereo,0050,169,10,11,shield_intervention,obstacle_risk
63,1,ppo_shield,dense_corridor,Dense Corridor,stereo,0050,170,9,12,shield_intervention,obstacle_risk
63,1,ppo_shield,dense_corridor,Dense Corridor,stereo,0050,171,10,11,shield_intervention,obstacle_risk
63,1,ppo_shield,dense_corridor,Dense Corridor,stereo,0050,172,9,12,shield_intervention,obstacle_risk
63,1,ppo_shield,dense_corridor,Dense Corridor,stereo,0050,173,10,11,shield_intervention,obstacle_risk
63,1,ppo_shield,dense_corridor,Dense Corridor,stereo,0050,174,9,12,shield_intervention,obstacle_risk
63,1,ppo_shield,dense_corridor,Dense Corridor,stereo,0050,175,10,11,shield_intervention,obstacle_risk
63,1,ppo_shield,dense_corridor,Dense Corridor,stereo,0050,176,9,12,shield_intervention,obstacle_risk
63,1,ppo_shield,dense_corridor,Dense Corridor,stereo,0050,177,10,11,shield_intervention,obstacle_risk
63,1,ppo_shield,dense_corridor,Dense Corridor,stereo,0050,178,9,12,shield_intervention,obstacle_risk
63,1,ppo_shield,dense_corridor,Dense Corridor,stereo,0050,179,10,11,shield_intervention,obstacle_risk
63,1,ppo_shield,dense_corridor,Dense Corridor,stereo,0050,180,9,12,shield_intervention,obstacle_risk
63,1,ppo_shield,dense_corridor,Dense Corridor,stereo,0050,181,10,11,shield_intervention,obstacle_risk
63,1,ppo_shield,dense_corridor,Dense Corridor,stereo,0050,182,9,12,shield_intervention,obstacle_risk
63,1,ppo_shield,dense_corridor,Dense Corridor,stereo,0050,183,10,11,shield_intervention,obstacle_risk
63,1,ppo_shield,dense_corridor,Dense Corridor,stereo,0050,184,9,12,shield_intervention,obstacle_risk
63,1,ppo_shield,dense_corridor,Dense Corridor,stereo,0050,185,10,11,shield_intervention,obstacle_risk
63,1,ppo_shield,dense_corridor,Dense Corridor,stereo,0050,186,9,12,shield_intervention,obstacle_risk
63,1,ppo_shield,dense_corridor,Dense Corridor,stereo,0050,187,10,11,shield_intervention,obstacle_risk
63,1,ppo_shield,dense_corridor,Dense Corridor,stereo,0050,188,9,12,shield_intervention,obstacle_risk
63,1,ppo_shield,dense_corridor,Dense Corridor,stereo,0050,189,10,11,shield_intervention,obstacle_risk
63,1,ppo_shield,dense_corridor,Dense Corridor,stereo,0050,190,9,12,shield_intervention,obstacle_risk
63,1,ppo_shield,dense_corridor,Dense Corridor,stereo,0050,191,10,11,shield_intervention,obstacle_risk
63,1,ppo_shield,dense_corridor,Dense Corridor,stereo,0050,192,9,12,shield_intervention,obstacle_risk
63,1,ppo_shield,dense_corridor,Dense Corridor,stereo,0050,193,10,11,shield_intervention,obstacle_risk
63,1,ppo_shield,dense_corridor,Dense Corridor,stereo,0050,194,9,12,shield_intervention,obstacle_risk
63,1,ppo_shield,dense_corridor,Dense Corridor,stereo,0050,195,10,11,shield_intervention,obstacle_risk
63,1,ppo_shield,dense_corridor,Dense Corridor,stereo,0050,196,9,12,shield_intervention,obstacle_risk
63,1,ppo_shield,dense_corridor,Dense Corridor,stereo,0050,197,10,11,shield_intervention,obstacle_risk
63,1,ppo_shield,dense_corridor,Dense Corridor,stereo,0050,198,9,12,shield_intervention,obstacle_risk
63,1,ppo_shield,dense_corridor,Dense Corridor,stereo,0050,199,10,11,shield_intervention,obstacle_risk
63,1,ppo_shield,dense_corridor,Dense Corridor,stereo,0050,200,9,12,shield_intervention,obstacle_risk
64,1,ppo_shield,dense_corridor,Dense Corridor,mono,0050,8,17,18,shield_intervention,lookahead_safer
64,1,ppo_shield,dense_corridor,Dense Corridor,mono,0050,9,18,17,shield_intervention,lookahead_safer
64,1,ppo_shield,dense_corridor,Dense Corridor,mono,0050,11,20,17,shield_intervention,lookahead_safer
64,1,ppo_shield,dense_corridor,Dense Corridor,mono,0050,12,21,16,shield_intervention,lookahead_safer
64,1,ppo_shield,dense_corridor,Dense Corridor,mono,0050,13,22,15,shield_intervention,lookahead_safer
64,1,ppo_shield,dense_corridor,Dense Corridor,mono,0050,14,23,14,shield_intervention,lookahead_safer
64,1,ppo_shield,dense_corridor,Dense Corridor,mono,0050,16,25,14,shield_intervention,lookahead_safer
64,1,ppo_shield,dense_corridor,Dense Corridor,mono,0050,17,26,13,shield_intervention,lookahead_safer
64,1,ppo_shield,dense_corridor,Dense Corridor,mono,0050,18,27,12,shield_intervention,lookahead_safer
64,1,ppo_shield,dense_corridor,Dense Corridor,mono,0050,20,29,12,shield_intervention,lookahead_safer
64,1,ppo_shield,dense_corridor,Dense Corridor,mono,0050,21,30,11,shield_intervention,lookahead_safer
64,1,ppo_shield,dense_corridor,Dense Corridor,mono,0050,22,31,10,shield_intervention,lookahead_safer
64,1,ppo_shield,dense_corridor,Dense Corridor,mono,0050,23,32,9,shield_intervention,lookahead_safer
64,1,ppo_shield,dense_corridor,Dense Corridor,mono,0050,25,34,9,shield_intervention,lookahead_safer
64,1,ppo_shield,dense_corridor,Dense Corridor,mono,0050,26,35,8,shield_intervention,lookahead_safer
64,1,ppo_shield,dense_corridor,Dense Corridor,mono,0050,27,36,7,shield_intervention,lookahead_safer
64,1,ppo_shield,dense_corridor,Dense Corridor,mono,0050,29,38,7,shield_intervention,lookahead_safer
64,1,ppo_shield,dense_corridor,Dense Corridor,mono,0050,30,39,6,shield_intervention,lookahead_safer
64,1,ppo_shield,dense_corridor,Dense Corridor,mono,0050,31,40,5,shield_intervention,lookahead_safer
64,1,ppo_shield,dense_corridor,Dense Corridor,mono,0050,32,41,4,shield_intervention,lookahead_safer
64,1,ppo_shield,dense_corridor,Dense Corridor,mono,0050,34,43,4,shield_intervention,lookahead_safer
64,1,ppo_shield,dense_corridor,Dense Corridor,mono,0050,35,44,3,shield_intervention,lookahead_safer
64,1,ppo_shield,dense_corridor,Dense Corridor,mono,0050,36,45,2,shield_intervention,lookahead_safer
64,1,ppo_shield,dense_corridor,Dense Corridor,mono,0050,38,47,2,shield_intervention,negative_progress
64,1,ppo_shield,dense_corridor,Dense Corridor,mono,0050,39,47,1,shield_intervention,negative_progress
65,1,ppo_shield,obstacle_cluster,Obstacle Cluster,stereo,0060,1,10,11,shield_intervention,obstacle_risk
65,1,ppo_shield,obstacle_cluster,Obstacle Cluster,stereo,0060,2,9,12,shield_intervention,obstacle_risk
65,1,ppo_shield,obstacle_cluster,Obstacle Cluster,stereo,0060,3,10,11,shield_intervention,obstacle_risk
65,1,ppo_shield,obstacle_cluster,Obstacle Cluster,stereo,0060,4,9,12,shield_intervention,obstacle_risk
65,1,ppo_shield,obstacle_cluster,Obstacle Cluster,stereo,0060,5,10,11,shield_intervention,obstacle_risk
65,1,ppo_shield,obstacle_cluster,Obstacle Cluster,stereo,0060,6,9,12,shield_intervention,obstacle_risk
65,1,ppo_shield,obstacle_cluster,Obstacle Cluster,stereo,0060,7,10,11,shield_intervention,obstacle_risk
65,1,ppo_shield,obstacle_cluster,Obstacle Cluster,stereo,0060,8,9,12,shield_intervention,obstacle_risk
65,1,ppo_shield,obstacle_cluster,Obstacle Cluster,stereo,0060,9,10,11,shield_intervention,obstacle_risk
65,1,ppo_shield,obstacle_cluster,Obstacle Cluster,stereo,0060,10,9,12,shield_intervention,obstacle_risk
65,1,ppo_shield,obstacle_cluster,Obstacle Cluster,stereo,0060,11,10,11,shield_intervention,obstacle_risk
65,1,ppo_shield,obstacle_cluster,Obstacle Cluster,stereo,0060,12,9,12,shield_intervention,obstacle_risk
65,1,ppo_shield,obstacle_cluster,Obstacle Cluster,stereo,0060,13,10,11,shield_intervention,obstacle_risk
65,1,ppo_shield,obstacle_cluster,Obstacle Cluster,stereo,0060,14,9,12,shield_intervention,obstacle_risk
65,1,ppo_shield,obstacle_cluster,Obstacle Cluster,stereo,0060,15,10,11,shield_intervention,obstacle_risk
65,1,ppo_shield,obstacle_cluster,Obstacle Cluster,stereo,0060,16,9,12,shield_intervention,obstacle_risk
65,1,ppo_shield,obstacle_cluster,Obstacle Cluster,stereo,0060,17,10,11,shield_intervention,obstacle_risk
65,1,ppo_shield,obstacle_cluster,Obstacle Cluster,stereo,0060,18,9,12,shield_intervention,obstacle_risk
65,1,ppo_shield,obstacle_cluster,Obstacle Cluster,stereo,0060,19,10,11,shield_intervention,obstacle_risk
65,1,ppo_shield,obstacle_cluster,Obstacle Cluster,stereo,0060,20,9,12,shield_intervention,obstacle_risk
65,1,ppo_shield,obstacle_cluster,Obstacle Cluster,stereo,0060,21,10,11,shield_intervention,obstacle_risk
65,1,ppo_shield,obstacle_cluster,Obstacle Cluster,stereo,0060,22,9,12,shield_intervention,obstacle_risk
65,1,ppo_shield,obstacle_cluster,Obstacle Cluster,stereo,0060,23,10,11,shield_intervention,obstacle_risk
65,1,ppo_shield,obstacle_cluster,Obstacle Cluster,stereo,0060,24,9,12,shield_intervention,obstacle_risk
65,1,ppo_shield,obstacle_cluster,Obstacle Cluster,stereo,0060,25,10,11,shield_intervention,obstacle_risk
65,1,ppo_shield,obstacle_cluster,Obstacle Cluster,stereo,0060,26,9,12,shield_intervention,obstacle_risk
65,1,ppo_shield,obstacle_cluster,Obstacle Cluster,stereo,0060,27,10,11,shield_intervention,obstacle_risk
65,1,ppo_shield,obstacle_cluster,Obstacle Cluster,stereo,0060,28,9,12,shield_intervention,obstacle_risk
65,1,ppo_shield,obstacle_cluster,Obstacle Cluster,stereo,0060,29,10,11,shield_intervention,obstacle_risk
65,1,ppo_shield,obstacle_cluster,Obstacle Cluster,stereo,0060,30,9,12,shield_intervention,obstacle_risk
65,1,ppo_shield,obstacle_cluster,Obstacle Cluster,stereo,0060,31,10,11,shield_intervention,obstacle_risk
65,1,ppo_shield,obstacle_cluster,Obstacle Cluster,stereo,0060,32,9,12,shield_intervention,obstacle_risk
65,1,ppo_shield,obstacle_cluster,Obstacle Cluster,stereo,0060,33,10,11,shield_intervention,obstacle_risk
65,1,ppo_shield,obstacle_cluster,Obstacle Cluster,stereo,0060,34,9,12,shield_intervention,obstacle_risk
65,1,ppo_shield,obstacle_cluster,Obstacle Cluster,stereo,0060,35,10,11,shield_intervention,obstacle_risk
65,1,ppo_shield,obstacle_cluster,Obstacle Cluster,stereo,0060,36,9,12,shield_intervention,obstacle_risk
65,1,ppo_shield,obstacle_cluster,Obstacle Cluster,stereo,0060,37,10,11,shield_intervention,obstacle_risk
65,1,ppo_shield,obstacle_cluster,Obstacle Cluster,stereo,0060,38,9,12,shield_intervention,obstacle_risk
65,1,ppo_shield,obstacle_cluster,Obstacle Cluster,stereo,0060,39,10,11,shield_intervention,obstacle_risk
65,1,ppo_shield,obstacle_cluster,Obstacle Cluster,stereo,0060,40,9,12,shield_intervention,obstacle_risk
65,1,ppo_shield,obstacle_cluster,Obstacle Cluster,stereo,0060,41,10,11,shield_intervention,obstacle_risk
65,1,ppo_shield,obstacle_cluster,Obstacle Cluster,stereo,0060,42,9,12,shield_intervention,obstacle_risk
65,1,ppo_shield,obstacle_cluster,Obstacle Cluster,stereo,0060,43,10,11,shield_intervention,obstacle_risk
65,1,ppo_shield,obstacle_cluster,Obstacle Cluster,stereo,0060,44,9,12,shield_intervention,obstacle_risk
65,1,ppo_shield,obstacle_cluster,Obstacle Cluster,stereo,0060,45,10,11,shield_intervention,obstacle_risk
65,1,ppo_shield,obstacle_cluster,Obstacle Cluster,stereo,0060,46,9,12,shield_intervention,obstacle_risk
65,1,ppo_shield,obstacle_cluster,Obstacle Cluster,stereo,0060,47,10,11,shield_intervention,obstacle_risk
65,1,ppo_shield,obstacle_cluster,Obstacle Cluster,stereo,0060,48,9,12,shield_intervention,obstacle_risk
65,1,ppo_shield,obstacle_cluster,Obstacle Cluster,stereo,0060,49,10,11,shield_intervention,obstacle_risk
65,1,ppo_shield,obstacle_cluster,Obstacle Cluster,stereo,0060,50,9,12,shield_intervention,obstacle_risk
65,1,ppo_shield,obstacle_cluster,Obstacle Cluster,stereo,0060,51,10,11,shield_intervention,obstacle_risk
65,1,ppo_shield,obstacle_cluster,Obstacle Cluster,stereo,0060,52,9,12,shield_intervention,obstacle_risk
65,1,ppo_shield,obstacle_cluster,Obstacle Cluster,stereo,0060,53,10,11,shield_intervention,obstacle_risk
65,1,ppo_shield,obstacle_cluster,Obstacle Cluster,stereo,0060,54,9,12,shield_intervention,obstacle_risk
65,1,ppo_shield,obstacle_cluster,Obstacle Cluster,stereo,0060,55,10,11,shield_intervention,obstacle_risk
65,1,ppo_shield,obstacle_cluster,Obstacle Cluster,stereo,0060,56,9,12,shield_intervention,obstacle_risk
65,1,ppo_shield,obstacle_cluster,Obstacle Cluster,stereo,0060,57,10,11,shield_intervention,obstacle_risk
65,1,ppo_shield,obstacle_cluster,Obstacle Cluster,stereo,0060,58,9,12,shield_intervention,obstacle_risk
65,1,ppo_shield,obstacle_cluster,Obstacle Cluster,stereo,0060,59,10,11,shield_intervention,obstacle_risk
65,1,ppo_shield,obstacle_cluster,Obstacle Cluster,stereo,0060,60,9,12,shield_intervention,obstacle_risk
65,1,ppo_shield,obstacle_cluster,Obstacle Cluster,stereo,0060,61,10,11,shield_intervention,obstacle_risk
65,1,ppo_shield,obstacle_cluster,Obstacle Cluster,stereo,0060,62,9,12,shield_intervention,obstacle_risk
65,1,ppo_shield,obstacle_cluster,Obstacle Cluster,stereo,0060,63,10,11,shield_intervention,obstacle_risk
65,1,ppo_shield,obstacle_cluster,Obstacle Cluster,stereo,0060,64,9,12,shield_intervention,obstacle_risk
65,1,ppo_shield,obstacle_cluster,Obstacle Cluster,stereo,0060,65,10,11,shield_intervention,obstacle_risk
65,1,ppo_shield,obstacle_cluster,Obstacle Cluster,stereo,0060,66,9,12,shield_intervention,obstacle_risk
65,1,ppo_shield,obstacle_cluster,Obstacle Cluster,stereo,0060,67,10,11,shield_intervention,obstacle_risk
65,1,ppo_shield,obstacle_cluster,Obstacle Cluster,stereo,0060,68,9,12,shield_intervention,obstacle_risk
65,1,ppo_shield,obstacle_cluster,Obstacle Cluster,stereo,0060,69,10,11,shield_intervention,obstacle_risk
65,1,ppo_shield,obstacle_cluster,Obstacle Cluster,stereo,0060,70,9,12,shield_intervention,obstacle_risk
65,1,ppo_shield,obstacle_cluster,Obstacle Cluster,stereo,0060,71,10,11,shield_intervention,obstacle_risk
65,1,ppo_shield,obstacle_cluster,Obstacle Cluster,stereo,0060,72,9,12,shield_intervention,obstacle_risk
65,1,ppo_shield,obstacle_cluster,Obstacle Cluster,stereo,0060,73,10,11,shield_intervention,obstacle_risk
65,1,ppo_shield,obstacle_cluster,Obstacle Cluster,stereo,0060,74,9,12,shield_intervention,obstacle_risk
65,1,ppo_shield,obstacle_cluster,Obstacle Cluster,stereo,0060,75,10,11,shield_intervention,obstacle_risk
65,1,ppo_shield,obstacle_cluster,Obstacle Cluster,stereo,0060,76,9,12,shield_intervention,obstacle_risk
65,1,ppo_shield,obstacle_cluster,Obstacle Cluster,stereo,0060,77,10,11,shield_intervention,obstacle_risk
65,1,ppo_shield,obstacle_cluster,Obstacle Cluster,stereo,0060,78,9,12,shield_intervention,obstacle_risk
65,1,ppo_shield,obstacle_cluster,Obstacle Cluster,stereo,0060,79,10,11,shield_intervention,obstacle_risk
65,1,ppo_shield,obstacle_cluster,Obstacle Cluster,stereo,0060,80,9,12,shield_intervention,obstacle_risk
65,1,ppo_shield,obstacle_cluster,Obstacle Cluster,stereo,0060,81,10,11,shield_intervention,obstacle_risk
65,1,ppo_shield,obstacle_cluster,Obstacle Cluster,stereo,0060,82,9,12,shield_intervention,obstacle_risk
65,1,ppo_shield,obstacle_cluster,Obstacle Cluster,stereo,0060,83,10,11,shield_intervention,obstacle_risk
65,1,ppo_shield,obstacle_cluster,Obstacle Cluster,stereo,0060,84,9,12,shield_intervention,obstacle_risk
65,1,ppo_shield,obstacle_cluster,Obstacle Cluster,stereo,0060,85,10,11,shield_intervention,obstacle_risk
65,1,ppo_shield,obstacle_cluster,Obstacle Cluster,stereo,0060,86,9,12,shield_intervention,obstacle_risk
65,1,ppo_shield,obstacle_cluster,Obstacle Cluster,stereo,0060,87,10,11,shield_intervention,obstacle_risk
65,1,ppo_shield,obstacle_cluster,Obstacle Cluster,stereo,0060,88,9,12,shield_intervention,obstacle_risk
65,1,ppo_shield,obstacle_cluster,Obstacle Cluster,stereo,0060,89,10,11,shield_intervention,obstacle_risk
65,1,ppo_shield,obstacle_cluster,Obstacle Cluster,stereo,0060,90,9,12,shield_intervention,obstacle_risk
65,1,ppo_shield,obstacle_cluster,Obstacle Cluster,stereo,0060,91,10,11,shield_intervention,obstacle_risk
65,1,ppo_shield,obstacle_cluster,Obstacle Cluster,stereo,0060,92,9,12,shield_intervention,obstacle_risk
65,1,ppo_shield,obstacle_cluster,Obstacle Cluster,stereo,0060,93,10,11,shield_intervention,obstacle_risk
65,1,ppo_shield,obstacle_cluster,Obstacle Cluster,stereo,0060,94,9,12,shield_intervention,obstacle_risk
65,1,ppo_shield,obstacle_cluster,Obstacle Cluster,stereo,0060,95,10,11,shield_intervention,obstacle_risk
65,1,ppo_shield,obstacle_cluster,Obstacle Cluster,stereo,0060,96,9,12,shield_intervention,obstacle_risk
65,1,ppo_shield,obstacle_cluster,Obstacle Cluster,stereo,0060,97,10,11,shield_intervention,obstacle_risk
65,1,ppo_shield,obstacle_cluster,Obstacle Cluster,stereo,0060,98,9,12,shield_intervention,obstacle_risk
65,1,ppo_shield,obstacle_cluster,Obstacle Cluster,stereo,0060,99,10,11,shield_intervention,obstacle_risk
65,1,ppo_shield,obstacle_cluster,Obstacle Cluster,stereo,0060,100,9,12,shield_intervention,obstacle_risk
65,1,ppo_shield,obstacle_cluster,Obstacle Cluster,stereo,0060,101,10,11,shield_intervention,obstacle_risk
65,1,ppo_shield,obstacle_cluster,Obstacle Cluster,stereo,0060,102,9,12,shield_intervention,obstacle_risk
65,1,ppo_shield,obstacle_cluster,Obstacle Cluster,stereo,0060,103,10,11,shield_intervention,obstacle_risk
65,1,ppo_shield,obstacle_cluster,Obstacle Cluster,stereo,0060,104,9,12,shield_intervention,obstacle_risk
65,1,ppo_shield,obstacle_cluster,Obstacle Cluster,stereo,0060,105,10,11,shield_intervention,obstacle_risk
65,1,ppo_shield,obstacle_cluster,Obstacle Cluster,stereo,0060,106,9,12,shield_intervention,obstacle_risk
65,1,ppo_shield,obstacle_cluster,Obstacle Cluster,stereo,0060,107,10,11,shield_intervention,obstacle_risk
65,1,ppo_shield,obstacle_cluster,Obstacle Cluster,stereo,0060,108,9,12,shield_intervention,obstacle_risk
65,1,ppo_shield,obstacle_cluster,Obstacle Cluster,stereo,0060,109,10,11,shield_intervention,obstacle_risk
65,1,ppo_shield,obstacle_cluster,Obstacle Cluster,stereo,0060,110,9,12,shield_intervention,obstacle_risk
65,1,ppo_shield,obstacle_cluster,Obstacle Cluster,stereo,0060,111,10,11,shield_intervention,obstacle_risk
65,1,ppo_shield,obstacle_cluster,Obstacle Cluster,stereo,0060,112,9,12,shield_intervention,obstacle_risk
65,1,ppo_shield,obstacle_cluster,Obstacle Cluster,stereo,0060,113,10,11,shield_intervention,obstacle_risk
65,1,ppo_shield,obstacle_cluster,Obstacle Cluster,stereo,0060,114,9,12,shield_intervention,obstacle_risk
65,1,ppo_shield,obstacle_cluster,Obstacle Cluster,stereo,0060,115,10,11,shield_intervention,obstacle_risk
65,1,ppo_shield,obstacle_cluster,Obstacle Cluster,stereo,0060,116,9,12,shield_intervention,obstacle_risk
65,1,ppo_shield,obstacle_cluster,Obstacle Cluster,stereo,0060,117,10,11,shield_intervention,obstacle_risk
65,1,ppo_shield,obstacle_cluster,Obstacle Cluster,stereo,0060,118,9,12,shield_intervention,obstacle_risk
65,1,ppo_shield,obstacle_cluster,Obstacle Cluster,stereo,0060,119,10,11,shield_intervention,obstacle_risk
65,1,ppo_shield,obstacle_cluster,Obstacle Cluster,stereo,0060,120,9,12,shield_intervention,obstacle_risk
65,1,ppo_shield,obstacle_cluster,Obstacle Cluster,stereo,0060,121,10,11,shield_intervention,obstacle_risk
65,1,ppo_shield,obstacle_cluster,Obstacle Cluster,stereo,0060,122,9,12,shield_intervention,obstacle_risk
65,1,ppo_shield,obstacle_cluster,Obstacle Cluster,stereo,0060,123,10,11,shield_intervention,obstacle_risk
65,1,ppo_shield,obstacle_cluster,Obstacle Cluster,stereo,0060,124,9,12,shield_intervention,obstacle_risk
65,1,ppo_shield,obstacle_cluster,Obstacle Cluster,stereo,0060,125,10,11,shield_intervention,obstacle_risk
65,1,ppo_shield,obstacle_cluster,Obstacle Cluster,stereo,0060,126,9,12,shield_intervention,obstacle_risk
65,1,ppo_shield,obstacle_cluster,Obstacle Cluster,stereo,0060,127,10,11,shield_intervention,obstacle_risk
65,1,ppo_shield,obstacle_cluster,Obstacle Cluster,stereo,0060,128,9,12,shield_intervention,obstacle_risk
65,1,ppo_shield,obstacle_cluster,Obstacle Cluster,stereo,0060,129,10,11,shield_intervention,obstacle_risk
65,1,ppo_shield,obstacle_cluster,Obstacle Cluster,stereo,0060,130,9,12,shield_intervention,obstacle_risk
65,1,ppo_shield,obstacle_cluster,Obstacle Cluster,stereo,0060,131,10,11,shield_intervention,obstacle_risk
65,1,ppo_shield,obstacle_cluster,Obstacle Cluster,stereo,0060,132,9,12,shield_intervention,obstacle_risk
65,1,ppo_shield,obstacle_cluster,Obstacle Cluster,stereo,0060,133,10,11,shield_intervention,obstacle_risk
65,1,ppo_shield,obstacle_cluster,Obstacle Cluster,stereo,0060,134,9,12,shield_intervention,obstacle_risk
65,1,ppo_shield,obstacle_cluster,Obstacle Cluster,stereo,0060,135,10,11,shield_intervention,obstacle_risk
65,1,ppo_shield,obstacle_cluster,Obstacle Cluster,stereo,0060,136,9,12,shield_intervention,obstacle_risk
65,1,ppo_shield,obstacle_cluster,Obstacle Cluster,stereo,0060,137,10,11,shield_intervention,obstacle_risk
65,1,ppo_shield,obstacle_cluster,Obstacle Cluster,stereo,0060,138,9,12,shield_intervention,obstacle_risk
65,1,ppo_shield,obstacle_cluster,Obstacle Cluster,stereo,0060,139,10,11,shield_intervention,obstacle_risk
65,1,ppo_shield,obstacle_cluster,Obstacle Cluster,stereo,0060,140,9,12,shield_intervention,obstacle_risk
65,1,ppo_shield,obstacle_cluster,Obstacle Cluster,stereo,0060,141,10,11,shield_intervention,obstacle_risk
65,1,ppo_shield,obstacle_cluster,Obstacle Cluster,stereo,0060,142,9,12,shield_intervention,obstacle_risk
65,1,ppo_shield,obstacle_cluster,Obstacle Cluster,stereo,0060,143,10,11,shield_intervention,obstacle_risk
65,1,ppo_shield,obstacle_cluster,Obstacle Cluster,stereo,0060,144,9,12,shield_intervention,obstacle_risk
65,1,ppo_shield,obstacle_cluster,Obstacle Cluster,stereo,0060,145,10,11,shield_intervention,obstacle_risk
65,1,ppo_shield,obstacle_cluster,Obstacle Cluster,stereo,0060,146,9,12,shield_intervention,obstacle_risk
65,1,ppo_shield,obstacle_cluster,Obstacle Cluster,stereo,0060,147,10,11,shield_intervention,obstacle_risk
65,1,ppo_shield,obstacle_cluster,Obstacle Cluster,stereo,0060,148,9,12,shield_intervention,obstacle_risk
65,1,ppo_shield,obstacle_cluster,Obstacle Cluster,stereo,0060,149,10,11,shield_intervention,obstacle_risk
65,1,ppo_shield,obstacle_cluster,Obstacle Cluster,stereo,0060,150,9,12,shield_intervention,obstacle_risk
65,1,ppo_shield,obstacle_cluster,Obstacle Cluster,stereo,0060,151,10,11,shield_intervention,obstacle_risk
65,1,ppo_shield,obstacle_cluster,Obstacle Cluster,stereo,0060,152,9,12,shield_intervention,obstacle_risk
65,1,ppo_shield,obstacle_cluster,Obstacle Cluster,stereo,0060,153,10,11,shield_intervention,obstacle_risk
65,1,ppo_shield,obstacle_cluster,Obstacle Cluster,stereo,0060,154,9,12,shield_intervention,obstacle_risk
65,1,ppo_shield,obstacle_cluster,Obstacle Cluster,stereo,0060,155,10,11,shield_intervention,obstacle_risk
65,1,ppo_shield,obstacle_cluster,Obstacle Cluster,stereo,0060,156,9,12,shield_intervention,obstacle_risk
65,1,ppo_shield,obstacle_cluster,Obstacle Cluster,stereo,0060,157,10,11,shield_intervention,obstacle_risk
65,1,ppo_shield,obstacle_cluster,Obstacle Cluster,stereo,0060,158,9,12,shield_intervention,obstacle_risk
65,1,ppo_shield,obstacle_cluster,Obstacle Cluster,stereo,0060,159,10,11,shield_intervention,obstacle_risk
65,1,ppo_shield,obstacle_cluster,Obstacle Cluster,stereo,0060,160,9,12,shield_intervention,obstacle_risk
65,1,ppo_shield,obstacle_cluster,Obstacle Cluster,stereo,0060,161,10,11,shield_intervention,obstacle_risk
65,1,ppo_shield,obstacle_cluster,Obstacle Cluster,stereo,0060,162,9,12,shield_intervention,obstacle_risk
65,1,ppo_shield,obstacle_cluster,Obstacle Cluster,stereo,0060,163,10,11,shield_intervention,obstacle_risk
65,1,ppo_shield,obstacle_cluster,Obstacle Cluster,stereo,0060,164,9,12,shield_intervention,obstacle_risk
65,1,ppo_shield,obstacle_cluster,Obstacle Cluster,stereo,0060,165,10,11,shield_intervention,obstacle_risk
65,1,ppo_shield,obstacle_cluster,Obstacle Cluster,stereo,0060,166,9,12,shield_intervention,obstacle_risk
65,1,ppo_shield,obstacle_cluster,Obstacle Cluster,stereo,0060,167,10,11,shield_intervention,obstacle_risk
65,1,ppo_shield,obstacle_cluster,Obstacle Cluster,stereo,0060,168,9,12,shield_intervention,obstacle_risk
65,1,ppo_shield,obstacle_cluster,Obstacle Cluster,stereo,0060,169,10,11,shield_intervention,obstacle_risk
65,1,ppo_shield,obstacle_cluster,Obstacle Cluster,stereo,0060,170,9,12,shield_intervention,obstacle_risk
65,1,ppo_shield,obstacle_cluster,Obstacle Cluster,stereo,0060,171,10,11,shield_intervention,obstacle_risk
65,1,ppo_shield,obstacle_cluster,Obstacle Cluster,stereo,0060,172,9,12,shield_intervention,obstacle_risk
65,1,ppo_shield,obstacle_cluster,Obstacle Cluster,stereo,0060,173,10,11,shield_intervention,obstacle_risk
65,1,ppo_shield,obstacle_cluster,Obstacle Cluster,stereo,0060,174,9,12,shield_intervention,obstacle_risk
65,1,ppo_shield,obstacle_cluster,Obstacle Cluster,stereo,0060,175,10,11,shield_intervention,obstacle_risk
65,1,ppo_shield,obstacle_cluster,Obstacle Cluster,stereo,0060,176,9,12,shield_intervention,obstacle_risk
65,1,ppo_shield,obstacle_cluster,Obstacle Cluster,stereo,0060,177,10,11,shield_intervention,obstacle_risk
65,1,ppo_shield,obstacle_cluster,Obstacle Cluster,stereo,0060,178,9,12,shield_intervention,obstacle_risk
65,1,ppo_shield,obstacle_cluster,Obstacle Cluster,stereo,0060,179,10,11,shield_intervention,obstacle_risk
65,1,ppo_shield,obstacle_cluster,Obstacle Cluster,stereo,0060,180,9,12,shield_intervention,obstacle_risk
65,1,ppo_shield,obstacle_cluster,Obstacle Cluster,stereo,0060,181,10,11,shield_intervention,obstacle_risk
65,1,ppo_shield,obstacle_cluster,Obstacle Cluster,stereo,0060,182,9,12,shield_intervention,obstacle_risk
65,1,ppo_shield,obstacle_cluster,Obstacle Cluster,stereo,0060,183,10,11,shield_intervention,obstacle_risk
65,1,ppo_shield,obstacle_cluster,Obstacle Cluster,stereo,0060,184,9,12,shield_intervention,obstacle_risk
65,1,ppo_shield,obstacle_cluster,Obstacle Cluster,stereo,0060,185,10,11,shield_intervention,obstacle_risk
65,1,ppo_shield,obstacle_cluster,Obstacle Cluster,stereo,0060,186,9,12,shield_intervention,obstacle_risk
65,1,ppo_shield,obstacle_cluster,Obstacle Cluster,stereo,0060,187,10,11,shield_intervention,obstacle_risk
65,1,ppo_shield,obstacle_cluster,Obstacle Cluster,stereo,0060,188,9,12,shield_intervention,obstacle_risk
65,1,ppo_shield,obstacle_cluster,Obstacle Cluster,stereo,0060,189,10,11,shield_intervention,obstacle_risk
65,1,ppo_shield,obstacle_cluster,Obstacle Cluster,stereo,0060,190,9,12,shield_intervention,obstacle_risk
65,1,ppo_shield,obstacle_cluster,Obstacle Cluster,stereo,0060,191,10,11,shield_intervention,obstacle_risk
65,1,ppo_shield,obstacle_cluster,Obstacle Cluster,stereo,0060,192,9,12,shield_intervention,obstacle_risk
65,1,ppo_shield,obstacle_cluster,Obstacle Cluster,stereo,0060,193,10,11,shield_intervention,obstacle_risk
65,1,ppo_shield,obstacle_cluster,Obstacle Cluster,stereo,0060,194,9,12,shield_intervention,obstacle_risk
65,1,ppo_shield,obstacle_cluster,Obstacle Cluster,stereo,0060,195,10,11,shield_intervention,obstacle_risk
65,1,ppo_shield,obstacle_cluster,Obstacle Cluster,stereo,0060,196,9,12,shield_intervention,obstacle_risk
65,1,ppo_shield,obstacle_cluster,Obstacle Cluster,stereo,0060,197,10,11,shield_intervention,obstacle_risk
65,1,ppo_shield,obstacle_cluster,Obstacle Cluster,stereo,0060,198,9,12,shield_intervention,obstacle_risk
65,1,ppo_shield,obstacle_cluster,Obstacle Cluster,stereo,0060,199,10,11,shield_intervention,obstacle_risk
65,1,ppo_shield,obstacle_cluster,Obstacle Cluster,stereo,0060,200,9,12,shield_intervention,obstacle_risk
66,1,ppo_shield,obstacle_cluster,Obstacle Cluster,mono,0060,8,17,18,shield_intervention,lookahead_safer
66,1,ppo_shield,obstacle_cluster,Obstacle Cluster,mono,0060,9,18,17,shield_intervention,lookahead_safer
66,1,ppo_shield,obstacle_cluster,Obstacle Cluster,mono,0060,11,20,17,shield_intervention,lookahead_safer
66,1,ppo_shield,obstacle_cluster,Obstacle Cluster,mono,0060,12,21,16,shield_intervention,lookahead_safer
66,1,ppo_shield,obstacle_cluster,Obstacle Cluster,mono,0060,13,22,15,shield_intervention,lookahead_safer
66,1,ppo_shield,obstacle_cluster,Obstacle Cluster,mono,0060,15,24,15,shield_intervention,lookahead_safer
66,1,ppo_shield,obstacle_cluster,Obstacle Cluster,mono,0060,16,25,14,shield_intervention,lookahead_safer
66,1,ppo_shield,obstacle_cluster,Obstacle Cluster,mono,0060,17,26,13,shield_intervention,lookahead_safer
66,1,ppo_shield,obstacle_cluster,Obstacle Cluster,mono,0060,18,27,12,shield_intervention,lookahead_safer
66,1,ppo_shield,obstacle_cluster,Obstacle Cluster,mono,0060,20,29,12,shield_intervention,lookahead_safer
66,1,ppo_shield,obstacle_cluster,Obstacle Cluster,mono,0060,21,30,11,shield_intervention,lookahead_safer
66,1,ppo_shield,obstacle_cluster,Obstacle Cluster,mono,0060,22,31,10,shield_intervention,lookahead_safer
66,1,ppo_shield,obstacle_cluster,Obstacle Cluster,mono,0060,23,32,9,shield_intervention,lookahead_safer
66,1,ppo_shield,obstacle_cluster,Obstacle Cluster,mono,0060,25,34,9,shield_intervention,lookahead_safer
66,1,ppo_shield,obstacle_cluster,Obstacle Cluster,mono,0060,26,35,8,shield_intervention,lookahead_safer
66,1,ppo_shield,obstacle_cluster,Obstacle Cluster,mono,0060,27,36,7,shield_intervention,lookahead_safer
66,1,ppo_shield,obstacle_cluster,Obstacle Cluster,mono,0060,29,38,7,shield_intervention,lookahead_safer
66,1,ppo_shield,obstacle_cluster,Obstacle Cluster,mono,0060,30,39,6,shield_intervention,lookahead_safer
66,1,ppo_shield,obstacle_cluster,Obstacle Cluster,mono,0060,31,40,5,shield_intervention,lookahead_safer
66,1,ppo_shield,obstacle_cluster,Obstacle Cluster,mono,0060,32,41,4,shield_intervention,lookahead_safer
66,1,ppo_shield,obstacle_cluster,Obstacle Cluster,mono,0060,34,43,4,shield_intervention,lookahead_safer
66,1,ppo_shield,obstacle_cluster,Obstacle Cluster,mono,0060,35,44,3,shield_intervention,lookahead_safer
66,1,ppo_shield,obstacle_cluster,Obstacle Cluster,mono,0060,36,45,2,shield_intervention,lookahead_safer
66,1,ppo_shield,obstacle_cluster,Obstacle Cluster,mono,0060,38,47,2,shield_intervention,negative_progress
66,1,ppo_shield,obstacle_cluster,Obstacle Cluster,mono,0060,39,47,1,shield_intervention,negative_progress
67,1,ppo_shield,lateral_maneuver,Lateral Maneuver,stereo,0010,1,3,3,shield_intervention,lookahead_safer
67,1,ppo_shield,lateral_maneuver,Lateral Maneuver,stereo,0010,2,4,2,shield_intervention,lookahead_safer
67,1,ppo_shield,lateral_maneuver,Lateral Maneuver,stereo,0010,10,12,9,shield_intervention,obstacle_risk
67,1,ppo_shield,lateral_maneuver,Lateral Maneuver,stereo,0010,11,13,9,shield_intervention,obstacle_risk
67,1,ppo_shield,lateral_maneuver,Lateral Maneuver,stereo,0010,23,24,21,shield_intervention,obstacle_risk
67,1,ppo_shield,lateral_maneuver,Lateral Maneuver,stereo,0010,24,24,22,shield_intervention,obstacle_risk
67,1,ppo_shield,lateral_maneuver,Lateral Maneuver,stereo,0010,25,24,23,shield_intervention,lookahead_safer
67,1,ppo_shield,lateral_maneuver,Lateral Maneuver,stereo,0010,30,29,27,shield_intervention,lookahead_safer
67,1,ppo_shield,lateral_maneuver,Lateral Maneuver,stereo,0010,31,30,27,shield_intervention,lookahead_safer
67,1,ppo_shield,lateral_maneuver,Lateral Maneuver,stereo,0010,32,31,27,shield_intervention,lookahead_safer
67,1,ppo_shield,lateral_maneuver,Lateral Maneuver,stereo,0010,33,32,27,shield_intervention,lookahead_safer
67,1,ppo_shield,lateral_maneuver,Lateral Maneuver,stereo,0010,34,33,26,shield_intervention,lookahead_safer
67,1,ppo_shield,lateral_maneuver,Lateral Maneuver,stereo,0010,42,41,33,shield_intervention,lookahead_safer
67,1,ppo_shield,lateral_maneuver,Lateral Maneuver,stereo,0010,46,45,35,shield_intervention,negative_progress
68,1,ppo_shield,lateral_maneuver,Lateral Maneuver,mono,0010,36,38,38,shield_intervention,obstacle_risk
68,1,ppo_shield,lateral_maneuver,Lateral Maneuver,mono,0010,38,40,38,shield_intervention,obstacle_risk
68,1,ppo_shield,lateral_maneuver,Lateral Maneuver,mono,0010,39,41,37,shield_intervention,lookahead_safer
68,1,ppo_shield,lateral_maneuver,Lateral Maneuver,mono,0010,41,43,37,shield_intervention,obstacle_risk
68,1,ppo_shield,lateral_maneuver,Lateral Maneuver,mono,0010,42,44,36,shield_intervention,negative_progress
68,1,ppo_shield,lateral_maneuver,Lateral Maneuver,mono,0010,43,45,35,shield_intervention,negative_progress
69,1,ppo_shield,stress_density,Stress Density,stereo,0040,6,8,8,shield_intervention,obstacle_risk
69,1,ppo_shield,stress_density,Stress Density,stereo,0040,8,10,8,shield_intervention,obstacle_risk
69,1,ppo_shield,stress_density,Stress Density,stereo,0040,10,12,8,shield_intervention,obstacle_risk
69,1,ppo_shield,stress_density,Stress Density,stereo,0040,12,14,8,shield_intervention,obstacle_risk
69,1,ppo_shield,stress_density,Stress Density,stereo,0040,14,16,8,shield_intervention,obstacle_risk
69,1,ppo_shield,stress_density,Stress Density,stereo,0040,16,18,8,shield_intervention,obstacle_risk
69,1,ppo_shield,stress_density,Stress Density,stereo,0040,18,20,8,shield_intervention,obstacle_risk
69,1,ppo_shield,stress_density,Stress Density,stereo,0040,20,22,8,shield_intervention,obstacle_risk
69,1,ppo_shield,stress_density,Stress Density,stereo,0040,22,24,8,shield_intervention,obstacle_risk
69,1,ppo_shield,stress_density,Stress Density,stereo,0040,24,26,8,shield_intervention,obstacle_risk
69,1,ppo_shield,stress_density,Stress Density,stereo,0040,26,28,8,shield_intervention,obstacle_risk+negative_progress
69,1,ppo_shield,stress_density,Stress Density,stereo,0040,27,29,7,shield_intervention,negative_progress
70,1,ppo_shield,stress_density,Stress Density,mono,0040,13,15,15,shield_intervention,lookahead_safer
70,1,ppo_shield,stress_density,Stress Density,mono,0040,14,16,14,shield_intervention,lookahead_safer
70,1,ppo_shield,stress_density,Stress Density,mono,0040,16,18,14,shield_intervention,lookahead_safer
70,1,ppo_shield,stress_density,Stress Density,mono,0040,17,19,13,shield_intervention,lookahead_safer
70,1,ppo_shield,stress_density,Stress Density,mono,0040,18,20,12,shield_intervention,lookahead_safer
70,1,ppo_shield,stress_density,Stress Density,mono,0040,19,21,11,shield_intervention,lookahead_safer
70,1,ppo_shield,stress_density,Stress Density,mono,0040,21,23,11,shield_intervention,lookahead_safer
70,1,ppo_shield,stress_density,Stress Density,mono,0040,22,24,10,shield_intervention,lookahead_safer
70,1,ppo_shield,stress_density,Stress Density,mono,0040,23,25,9,shield_intervention,lookahead_safer
70,1,ppo_shield,stress_density,Stress Density,mono,0040,25,27,9,shield_intervention,lookahead_safer
70,1,ppo_shield,stress_density,Stress Density,mono,0040,26,28,8,shield_intervention,negative_progress
70,1,ppo_shield,stress_density,Stress Density,mono,0040,27,29,7,shield_intervention,negative_progress
71,2,ppo_shield,baseline_open,Baseline Open,stereo,0020,9,11,11,shield_intervention,obstacle_risk
71,2,ppo_shield,baseline_open,Baseline Open,stereo,0020,14,16,15,shield_intervention,obstacle_risk
71,2,ppo_shield,baseline_open,Baseline Open,stereo,0020,15,17,14,shield_intervention,obstacle_risk
71,2,ppo_shield,baseline_open,Baseline Open,stereo,0020,22,24,19,shield_intervention,obstacle_risk
71,2,ppo_shield,baseline_open,Baseline Open,stereo,0020,27,29,22,shield_intervention,obstacle_risk
71,2,ppo_shield,baseline_open,Baseline Open,stereo,0020,32,32,27,shield_intervention,obstacle_risk
71,2,ppo_shield,baseline_open,Baseline Open,stereo,0020,35,34,30,shield_intervention,obstacle_risk
71,2,ppo_shield,baseline_open,Baseline Open,stereo,0020,36,34,31,shield_intervention,obstacle_risk
71,2,ppo_shield,baseline_open,Baseline Open,stereo,0020,37,34,32,shield_intervention,obstacle_risk
71,2,ppo_shield,baseline_open,Baseline Open,stereo,0020,38,34,33,shield_intervention,obstacle_risk
71,2,ppo_shield,baseline_open,Baseline Open,stereo,0020,39,33,34,shield_intervention,obstacle_risk
71,2,ppo_shield,baseline_open,Baseline Open,stereo,0020,42,34,37,shield_intervention,lookahead_safer
71,2,ppo_shield,baseline_open,Baseline Open,stereo,0020,44,35,39,shield_intervention,lookahead_safer
71,2,ppo_shield,baseline_open,Baseline Open,stereo,0020,45,35,40,shield_intervention,lookahead_safer
71,2,ppo_shield,baseline_open,Baseline Open,stereo,0020,46,34,41,shield_intervention,obstacle_risk
71,2,ppo_shield,baseline_open,Baseline Open,stereo,0020,48,35,43,shield_intervention,obstacle_risk
71,2,ppo_shield,baseline_open,Baseline Open,stereo,0020,49,35,44,shield_intervention,obstacle_risk
71,2,ppo_shield,baseline_open,Baseline Open,stereo,0020,52,36,46,shield_intervention,negative_progress
72,2,ppo_shield,baseline_open,Baseline Open,mono,0020,30,32,31,shield_intervention,lookahead_safer
72,2,ppo_shield,baseline_open,Baseline Open,mono,0020,31,31,32,shield_intervention,lookahead_safer
72,2,ppo_shield,baseline_open,Baseline Open,mono,0020,32,30,33,shield_intervention,lookahead_safer
72,2,ppo_shield,baseline_open,Baseline Open,mono,0020,33,29,34,shield_intervention,lookahead_safer
72,2,ppo_shield,baseline_open,Baseline Open,mono,0020,34,29,35,shield_intervention,lookahead_safer
72,2,ppo_shield,baseline_open,Baseline Open,mono,0020,36,30,37,shield_intervention,lookahead_safer
72,2,ppo_shield,baseline_open,Baseline Open,mono,0020,45,37,46,shield_intervention,obstacle_risk+negative_progress
72,2,ppo_shield,baseline_open,Baseline Open,mono,0020,46,36,46,shield_intervention,obstacle_risk+negative_progress
73,2,ppo_shield,dense_corridor,Dense Corridor,stereo,0050,1,12,8,shield_intervention,obstacle_risk
73,2,ppo_shield,dense_corridor,Dense Corridor,stereo,0050,3,14,8,shield_intervention,obstacle_risk
73,2,ppo_shield,dense_corridor,Dense Corridor,stereo,0050,5,16,8,shield_intervention,obstacle_risk
73,2,ppo_shield,dense_corridor,Dense Corridor,stereo,0050,7,18,8,shield_intervention,obstacle_risk
73,2,ppo_shield,dense_corridor,Dense Corridor,stereo,0050,8,19,7,shield_intervention,lookahead_safer
73,2,ppo_shield,dense_corridor,Dense Corridor,stereo,0050,9,20,6,shield_intervention,lookahead_safer
73,2,ppo_shield,dense_corridor,Dense Corridor,stereo,0050,10,21,5,shield_intervention,lookahead_safer
73,2,ppo_shield,dense_corridor,Dense Corridor,stereo,0050,11,22,4,shield_intervention,lookahead_safer
73,2,ppo_shield,dense_corridor,Dense Corridor,stereo,0050,12,23,3,shield_intervention,lookahead_safer
73,2,ppo_shield,dense_corridor,Dense Corridor,stereo,0050,13,24,2,shield_intervention,lookahead_safer
73,2,ppo_shield,dense_corridor,Dense Corridor,stereo,0050,21,32,8,shield_intervention,obstacle_risk
73,2,ppo_shield,dense_corridor,Dense Corridor,stereo,0050,23,34,8,shield_intervention,obstacle_risk
73,2,ppo_shield,dense_corridor,Dense Corridor,stereo,0050,25,36,8,shield_intervention,obstacle_risk
73,2,ppo_shield,dense_corridor,Dense Corridor,stereo,0050,26,37,7,shield_intervention,lookahead_safer
73,2,ppo_shield,dense_corridor,Dense Corridor,stereo,0050,27,38,6,shield_intervention,lookahead_safer
73,2,ppo_shield,dense_corridor,Dense Corridor,stereo,0050,28,39,5,shield_intervention,lookahead_safer
73,2,ppo_shield,dense_corridor,Dense Corridor,stereo,0050,30,41,5,shield_intervention,lookahead_safer
73,2,ppo_shield,dense_corridor,Dense Corridor,stereo,0050,31,42,4,shield_intervention,lookahead_safer
73,2,ppo_shield,dense_corridor,Dense Corridor,stereo,0050,32,43,3,shield_intervention,lookahead_safer
73,2,ppo_shield,dense_corridor,Dense Corridor,stereo,0050,34,45,3,shield_intervention,negative_progress
73,2,ppo_shield,dense_corridor,Dense Corridor,stereo,0050,35,45,2,shield_intervention,negative_progress
74,2,ppo_shield,dense_corridor,Dense Corridor,mono,0050,8,19,15,shield_intervention,lookahead_safer
74,2,ppo_shield,dense_corridor,Dense Corridor,mono,0050,9,20,14,shield_intervention,lookahead_safer
74,2,ppo_shield,dense_corridor,Dense Corridor,mono,0050,10,21,13,shield_intervention,lookahead_safer
74,2,ppo_shield,dense_corridor,Dense Corridor,mono,0050,11,22,12,shield_intervention,lookahead_safer
74,2,ppo_shield,dense_corridor,Dense Corridor,mono,0050,13,24,12,shield_intervention,lookahead_safer
74,2,ppo_shield,dense_corridor,Dense Corridor,mono,0050,14,25,11,shield_intervention,lookahead_safer
74,2,ppo_shield,dense_corridor,Dense Corridor,mono,0050,16,27,11,shield_intervention,lookahead_safer
74,2,ppo_shield,dense_corridor,Dense Corridor,mono,0050,17,28,10,shield_intervention,lookahead_safer
74,2,ppo_shield,dense_corridor,Dense Corridor,mono,0050,19,30,10,shield_intervention,lookahead_safer
74,2,ppo_shield,dense_corridor,Dense Corridor,mono,0050,21,32,10,shield_intervention,lookahead_safer
74,2,ppo_shield,dense_corridor,Dense Corridor,mono,0050,22,33,9,shield_intervention,lookahead_safer
74,2,ppo_shield,dense_corridor,Dense Corridor,mono,0050,23,34,8,shield_intervention,lookahead_safer
74,2,ppo_shield,dense_corridor,Dense Corridor,mono,0050,25,36,8,shield_intervention,lookahead_safer
74,2,ppo_shield,dense_corridor,Dense Corridor,mono,0050,26,37,7,shield_intervention,lookahead_safer
74,2,ppo_shield,dense_corridor,Dense Corridor,mono,0050,27,38,6,shield_intervention,lookahead_safer
74,2,ppo_shield,dense_corridor,Dense Corridor,mono,0050,28,39,5,shield_intervention,lookahead_safer
74,2,ppo_shield,dense_corridor,Dense Corridor,mono,0050,30,41,5,shield_intervention,lookahead_safer
74,2,ppo_shield,dense_corridor,Dense Corridor,mono,0050,31,42,4,shield_intervention,lookahead_safer
74,2,ppo_shield,dense_corridor,Dense Corridor,mono,0050,32,43,3,shield_intervention,lookahead_safer
74,2,ppo_shield,dense_corridor,Dense Corridor,mono,0050,34,45,3,shield_intervention,negative_progress
74,2,ppo_shield,dense_corridor,Dense Corridor,mono,0050,35,45,2,shield_intervention,negative_progress
75,2,ppo_shield,obstacle_cluster,Obstacle Cluster,stereo,0060,1,12,8,shield_intervention,obstacle_risk
75,2,ppo_shield,obstacle_cluster,Obstacle Cluster,stereo,0060,3,14,8,shield_intervention,obstacle_risk
75,2,ppo_shield,obstacle_cluster,Obstacle Cluster,stereo,0060,5,16,8,shield_intervention,obstacle_risk
75,2,ppo_shield,obstacle_cluster,Obstacle Cluster,stereo,0060,7,18,8,shield_intervention,obstacle_risk
75,2,ppo_shield,obstacle_cluster,Obstacle Cluster,stereo,0060,9,20,8,shield_intervention,obstacle_risk
75,2,ppo_shield,obstacle_cluster,Obstacle Cluster,stereo,0060,11,22,8,shield_intervention,obstacle_risk
75,2,ppo_shield,obstacle_cluster,Obstacle Cluster,stereo,0060,13,24,8,shield_intervention,obstacle_risk
75,2,ppo_shield,obstacle_cluster,Obstacle Cluster,stereo,0060,15,26,8,shield_intervention,obstacle_risk
75,2,ppo_shield,obstacle_cluster,Obstacle Cluster,stereo,0060,17,28,8,shield_intervention,obstacle_risk
75,2,ppo_shield,obstacle_cluster,Obstacle Cluster,stereo,0060,19,30,8,shield_intervention,obstacle_risk
75,2,ppo_shield,obstacle_cluster,Obstacle Cluster,stereo,0060,21,32,8,shield_intervention,obstacle_risk
75,2,ppo_shield,obstacle_cluster,Obstacle Cluster,stereo,0060,23,34,8,shield_intervention,obstacle_risk
75,2,ppo_shield,obstacle_cluster,Obstacle Cluster,stereo,0060,25,36,8,shield_intervention,obstacle_risk
75,2,ppo_shield,obstacle_cluster,Obstacle Cluster,stereo,0060,26,37,7,shield_intervention,lookahead_safer
75,2,ppo_shield,obstacle_cluster,Obstacle Cluster,stereo,0060,27,38,6,shield_intervention,lookahead_safer
75,2,ppo_shield,obstacle_cluster,Obstacle Cluster,stereo,0060,28,39,5,shield_intervention,lookahead_safer
75,2,ppo_shield,obstacle_cluster,Obstacle Cluster,stereo,0060,30,41,5,shield_intervention,lookahead_safer
75,2,ppo_shield,obstacle_cluster,Obstacle Cluster,stereo,0060,31,42,4,shield_intervention,lookahead_safer
75,2,ppo_shield,obstacle_cluster,Obstacle Cluster,stereo,0060,32,43,3,shield_intervention,lookahead_safer
75,2,ppo_shield,obstacle_cluster,Obstacle Cluster,stereo,0060,34,45,3,shield_intervention,negative_progress
75,2,ppo_shield,obstacle_cluster,Obstacle Cluster,stereo,0060,35,45,2,shield_intervention,negative_progress
76,2,ppo_shield,obstacle_cluster,Obstacle Cluster,mono,0060,6,17,13,shield_intervention,lookahead_safer
76,2,ppo_shield,obstacle_cluster,Obstacle Cluster,mono,0060,8,19,13,shield_intervention,lookahead_safer
76,2,ppo_shield,obstacle_cluster,Obstacle Cluster,mono,0060,10,21,13,shield_intervention,lookahead_safer
76,2,ppo_shield,obstacle_cluster,Obstacle Cluster,mono,0060,12,23,13,shield_intervention,lookahead_safer
76,2,ppo_shield,obstacle_cluster,Obstacle Cluster,mono,0060,14,25,13,shield_intervention,lookahead_safer
76,2,ppo_shield,obstacle_cluster,Obstacle Cluster,mono,0060,15,26,12,shield_intervention,lookahead_safer
76,2,ppo_shield,obstacle_cluster,Obstacle Cluster,mono,0060,17,28,12,shield_intervention,lookahead_safer
76,2,ppo_shield,obstacle_cluster,Obstacle Cluster,mono,0060,18,29,11,shield_intervention,lookahead_safer
76,2,ppo_shield,obstacle_cluster,Obstacle Cluster,mono,0060,19,30,10,shield_intervention,lookahead_safer
76,2,ppo_shield,obstacle_cluster,Obstacle Cluster,mono,0060,21,32,10,shield_intervention,lookahead_safer
76,2,ppo_shield,obstacle_cluster,Obstacle Cluster,mono,0060,22,33,9,shield_intervention,lookahead_safer
76,2,ppo_shield,obstacle_cluster,Obstacle Cluster,mono,0060,23,34,8,shield_intervention,lookahead_safer
76,2,ppo_shield,obstacle_cluster,Obstacle Cluster,mono,0060,25,36,8,shield_intervention,lookahead_safer
76,2,ppo_shield,obstacle_cluster,Obstacle Cluster,mono,0060,26,37,7,shield_intervention,lookahead_safer
76,2,ppo_shield,obstacle_cluster,Obstacle Cluster,mono,0060,27,38,6,shield_intervention,lookahead_safer
76,2,ppo_shield,obstacle_cluster,Obstacle Cluster,mono,0060,28,39,5,shield_intervention,lookahead_safer
76,2,ppo_shield,obstacle_cluster,Obstacle Cluster,mono,0060,30,41,5,shield_intervention,lookahead_safer
76,2,ppo_shield,obstacle_cluster,Obstacle Cluster,mono,0060,31,42,4,shield_intervention,lookahead_safer
76,2,ppo_shield,obstacle_cluster,Obstacle Cluster,mono,0060,32,43,3,shield_intervention,lookahead_safer
76,2,ppo_shield,obstacle_cluster,Obstacle Cluster,mono,0060,34,45,3,shield_intervention,negative_progress
76,2,ppo_shield,obstacle_cluster,Obstacle Cluster,mono,0060,35,45,2,shield_intervention,negative_progress
77,2,ppo_shield,lateral_maneuver,Lateral Maneuver,stereo,0010,8,12,9,shield_intervention,obstacle_risk
77,2,ppo_shield,lateral_maneuver,Lateral Maneuver,stereo,0010,9,13,9,shield_intervention,obstacle_risk
77,2,ppo_shield,lateral_maneuver,Lateral Maneuver,stereo,0010,16,20,15,shield_intervention,lookahead_safer
77,2,ppo_shield,lateral_maneuver,Lateral Maneuver,stereo,0010,21,24,20,shield_intervention,obstacle_risk
77,2,ppo_shield,lateral_maneuver,Lateral Maneuver,stereo,0010,22,24,21,shield_intervention,obstacle_risk
77,2,ppo_shield,lateral_maneuver,Lateral Maneuver,stereo,0010,23,24,22,shield_intervention,obstacle_risk
77,2,ppo_shield,lateral_maneuver,Lateral Maneuver,stereo,0010,26,26,25,shield_intervention,obstacle_risk
77,2,ppo_shield,lateral_maneuver,Lateral Maneuver,stereo,0010,30,30,28,shield_intervention,obstacle_risk
77,2,ppo_shield,lateral_maneuver,Lateral Maneuver,stereo,0010,41,41,37,shield_intervention,lookahead_safer
77,2,ppo_shield,lateral_maneuver,Lateral Maneuver,stereo,0010,43,43,37,shield_intervention,obstacle_risk
77,2,ppo_shield,lateral_maneuver,Lateral Maneuver,stereo,0010,44,44,37,shield_intervention,obstacle_risk
78,2,ppo_shield,lateral_maneuver,Lateral Maneuver,mono,0010,37,41,37,shield_intervention,lookahead_safer
78,2,ppo_shield,lateral_maneuver,Lateral Maneuver,mono,0010,39,43,37,shield_intervention,obstacle_risk
78,2,ppo_shield,lateral_maneuver,Lateral Maneuver,mono,0010,41,44,37,shield_intervention,obstacle_risk+negative_progress
79,2,ppo_shield,stress_density,Stress Density,stereo,0040,8,12,8,shield_intervention,obstacle_risk
79,2,ppo_shield,stress_density,Stress Density,stereo,0040,9,13,7,shield_intervention,lookahead_safer
79,2,ppo_shield,stress_density,Stress Density,stereo,0040,10,14,6,shield_intervention,lookahead_safer
79,2,ppo_shield,stress_density,Stress Density,stereo,0040,12,16,6,shield_intervention,lookahead_safer
79,2,ppo_shield,stress_density,Stress Density,stereo,0040,16,20,8,shield_intervention,obstacle_risk
79,2,ppo_shield,stress_density,Stress Density,stereo,0040,18,22,9,shield_intervention,obstacle_risk
79,2,ppo_shield,stress_density,Stress Density,stereo,0040,19,23,9,shield_intervention,obstacle_risk
79,2,ppo_shield,stress_density,Stress Density,stereo,0040,20,24,9,shield_intervention,obstacle_risk
79,2,ppo_shield,stress_density,Stress Density,stereo,0040,21,25,9,shield_intervention,obstacle_risk
79,2,ppo_shield,stress_density,Stress Density,stereo,0040,22,26,9,shield_intervention,obstacle_risk
79,2,ppo_shield,stress_density,Stress Density,stereo,0040,23,27,9,shield_intervention,obstacle_risk
80,2,ppo_shield,stress_density,Stress Density,mono,0040,14,18,14,shield_intervention,lookahead_safer
80,2,ppo_shield,stress_density,Stress Density,mono,0040,15,19,13,shield_intervention,lookahead_safer
80,2,ppo_shield,stress_density,Stress Density,mono,0040,17,21,13,shield_intervention,lookahead_safer
80,2,ppo_shield,stress_density,Stress Density,mono,0040,18,22,12,shield_intervention,lookahead_safer
80,2,ppo_shield,stress_density,Stress Density,mono,0040,19,23,11,shield_intervention,lookahead_safer
80,2,ppo_shield,stress_density,Stress Density,mono,0040,21,25,11,shield_intervention,lookahead_safer
80,2,ppo_shield,stress_density,Stress Density,mono,0040,22,26,10,shield_intervention,negative_progress
80,2,ppo_shield,stress_density,Stress Density,mono,0040,23,27,9,shield_intervention,negative_progress
81,3,ppo_shield,baseline_open,Baseline Open,stereo,0020,11,12,12,shield_intervention,obstacle_risk
81,3,ppo_shield,baseline_open,Baseline Open,stereo,0020,15,16,15,shield_intervention,obstacle_risk
81,3,ppo_shield,baseline_open,Baseline Open,stereo,0020,16,17,14,shield_intervention,obstacle_risk
81,3,ppo_shield,baseline_open,Baseline Open,stereo,0020,23,24,19,shield_intervention,obstacle_risk
81,3,ppo_shield,baseline_open,Baseline Open,stereo,0020,28,29,22,shield_intervention,obstacle_risk
81,3,ppo_shield,baseline_open,Baseline Open,stereo,0020,33,32,27,shield_intervention,obstacle_risk
81,3,ppo_shield,baseline_open,Baseline Open,stereo,0020,35,33,29,shield_intervention,lookahead_safer
81,3,ppo_shield,baseline_open,Baseline Open,stereo,0020,36,32,30,shield_intervention,lookahead_safer
81,3,ppo_shield,baseline_open,Baseline Open,stereo,0020,37,32,31,shield_intervention,lookahead_safer
81,3,ppo_shield,baseline_open,Baseline Open,stereo,0020,38,32,32,shield_intervention,lookahead_safer
81,3,ppo_shield,baseline_open,Baseline Open,stereo,0020,39,32,33,shield_intervention,lookahead_safer
81,3,ppo_shield,baseline_open,Baseline Open,stereo,0020,41,33,35,shield_intervention,lookahead_safer
81,3,ppo_shield,baseline_open,Baseline Open,stereo,0020,45,35,39,shield_intervention,lookahead_safer
81,3,ppo_shield,baseline_open,Baseline Open,stereo,0020,46,35,40,shield_intervention,lookahead_safer
81,3,ppo_shield,baseline_open,Baseline Open,stereo,0020,47,34,41,shield_intervention,obstacle_risk
81,3,ppo_shield,baseline_open,Baseline Open,stereo,0020,49,35,43,shield_intervention,obstacle_risk
81,3,ppo_shield,baseline_open,Baseline Open,stereo,0020,50,35,44,shield_intervention,obstacle_risk
81,3,ppo_shield,baseline_open,Baseline Open,stereo,0020,54,38,46,shield_intervention,negative_progress
82,3,ppo_shield,baseline_open,Baseline Open,mono,0020,37,38,38,shield_intervention,obstacle_risk
82,3,ppo_shield,baseline_open,Baseline Open,mono,0020,38,37,39,shield_intervention,obstacle_risk
82,3,ppo_shield,baseline_open,Baseline Open,mono,0020,39,37,40,shield_intervention,lookahead_safer
82,3,ppo_shield,baseline_open,Baseline Open,mono,0020,40,37,41,shield_intervention,lookahead_safer
82,3,ppo_shield,baseline_open,Baseline Open,mono,0020,42,38,43,shield_intervention,obstacle_risk
82,3,ppo_shield,baseline_open,Baseline Open,mono,0020,43,38,44,shield_intervention,obstacle_risk
82,3,ppo_shield,baseline_open,Baseline Open,mono,0020,44,38,45,shield_intervention,lookahead_safer
82,3,ppo_shield,baseline_open,Baseline Open,mono,0020,45,38,46,shield_intervention,obstacle_risk
83,3,ppo_shield,dense_corridor,Dense Corridor,stereo,0050,3,13,8,shield_intervention,obstacle_risk
83,3,ppo_shield,dense_corridor,Dense Corridor,stereo,0050,5,15,8,shield_intervention,obstacle_risk
83,3,ppo_shield,dense_corridor,Dense Corridor,stereo,0050,7,17,8,shield_intervention,obstacle_risk
83,3,ppo_shield,dense_corridor,Dense Corridor,stereo,0050,9,19,8,shield_intervention,obstacle_risk
83,3,ppo_shield,dense_corridor,Dense Corridor,stereo,0050,11,21,8,shield_intervention,obstacle_risk
83,3,ppo_shield,dense_corridor,Dense Corridor,stereo,0050,13,23,8,shield_intervention,obstacle_risk
83,3,ppo_shield,dense_corridor,Dense Corridor,stereo,0050,15,25,8,shield_intervention,obstacle_risk
83,3,ppo_shield,dense_corridor,Dense Corridor,stereo,0050,17,27,8,shield_intervention,obstacle_risk
83,3,ppo_shield,dense_corridor,Dense Corridor,stereo,0050,19,29,8,shield_intervention,obstacle_risk
83,3,ppo_shield,dense_corridor,Dense Corridor,stereo,0050,21,31,8,shield_intervention,obstacle_risk
83,3,ppo_shield,dense_corridor,Dense Corridor,stereo,0050,23,33,8,shield_intervention,obstacle_risk
83,3,ppo_shield,dense_corridor,Dense Corridor,stereo,0050,25,35,8,shield_intervention,obstacle_risk
83,3,ppo_shield,dense_corridor,Dense Corridor,stereo,0050,27,37,8,shield_intervention,obstacle_risk
83,3,ppo_shield,dense_corridor,Dense Corridor,stereo,0050,29,39,8,shield_intervention,obstacle_risk
83,3,ppo_shield,dense_corridor,Dense Corridor,stereo,0050,31,41,8,shield_intervention,obstacle_risk
83,3,ppo_shield,dense_corridor,Dense Corridor,stereo,0050,32,42,7,shield_intervention,lookahead_safer
83,3,ppo_shield,dense_corridor,Dense Corridor,stereo,0050,33,43,6,shield_intervention,lookahead_safer
83,3,ppo_shield,dense_corridor,Dense Corridor,stereo,0050,35,45,6,shield_intervention,lookahead_safer
83,3,ppo_shield,dense_corridor,Dense Corridor,stereo,0050,36,46,5,shield_intervention,negative_progress
83,3,ppo_shield,dense_corridor,Dense Corridor,stereo,0050,37,47,4,shield_intervention,negative_progress
84,3,ppo_shield,dense_corridor,Dense Corridor,mono,0050,13,23,18,shield_intervention,lookahead_safer
84,3,ppo_shield,dense_corridor,Dense Corridor,mono,0050,14,24,17,shield_intervention,lookahead_safer
84,3,ppo_shield,dense_corridor,Dense Corridor,mono,0050,15,25,16,shield_intervention,lookahead_safer
84,3,ppo_shield,dense_corridor,Dense Corridor,mono,0050,17,27,16,shield_intervention,lookahead_safer
84,3,ppo_shield,dense_corridor,Dense Corridor,mono,0050,18,28,15,shield_intervention,lookahead_safer
84,3,ppo_shield,dense_corridor,Dense Corridor,mono,0050,19,29,14,shield_intervention,lookahead_safer
84,3,ppo_shield,dense_corridor,Dense Corridor,mono,0050,20,30,13,shield_intervention,lookahead_safer
84,3,ppo_shield,dense_corridor,Dense Corridor,mono,0050,22,32,13,shield_intervention,lookahead_safer
84,3,ppo_shield,dense_corridor,Dense Corridor,mono,0050,23,33,12,shield_intervention,lookahead_safer
84,3,ppo_shield,dense_corridor,Dense Corridor,mono,0050,24,34,11,shield_intervention,lookahead_safer
84,3,ppo_shield,dense_corridor,Dense Corridor,mono,0050,26,36,11,shield_intervention,lookahead_safer
84,3,ppo_shield,dense_corridor,Dense Corridor,mono,0050,27,37,10,shield_intervention,lookahead_safer
84,3,ppo_shield,dense_corridor,Dense Corridor,mono,0050,28,38,9,shield_intervention,lookahead_safer
84,3,ppo_shield,dense_corridor,Dense Corridor,mono,0050,29,39,8,shield_intervention,lookahead_safer
84,3,ppo_shield,dense_corridor,Dense Corridor,mono,0050,31,41,8,shield_intervention,lookahead_safer
84,3,ppo_shield,dense_corridor,Dense Corridor,mono,0050,32,42,7,shield_intervention,lookahead_safer
84,3,ppo_shield,dense_corridor,Dense Corridor,mono,0050,33,43,6,shield_intervention,lookahead_safer
84,3,ppo_shield,dense_corridor,Dense Corridor,mono,0050,35,45,6,shield_intervention,lookahead_safer
84,3,ppo_shield,dense_corridor,Dense Corridor,mono,0050,36,46,5,shield_intervention,negative_progress
84,3,ppo_shield,dense_corridor,Dense Corridor,mono,0050,37,47,4,shield_intervention,negative_progress
85,3,ppo_shield,obstacle_cluster,Obstacle Cluster,stereo,0060,3,13,8,shield_intervention,obstacle_risk
85,3,ppo_shield,obstacle_cluster,Obstacle Cluster,stereo,0060,5,15,9,shield_intervention,obstacle_risk
85,3,ppo_shield,obstacle_cluster,Obstacle Cluster,stereo,0060,6,16,9,shield_intervention,obstacle_risk
85,3,ppo_shield,obstacle_cluster,Obstacle Cluster,stereo,0060,7,17,9,shield_intervention,obstacle_risk
85,3,ppo_shield,obstacle_cluster,Obstacle Cluster,stereo,0060,8,18,9,shield_intervention,obstacle_risk
85,3,ppo_shield,obstacle_cluster,Obstacle Cluster,stereo,0060,9,19,9,shield_intervention,obstacle_risk
85,3,ppo_shield,obstacle_cluster,Obstacle Cluster,stereo,0060,10,20,9,shield_intervention,obstacle_risk
85,3,ppo_shield,obstacle_cluster,Obstacle Cluster,stereo,0060,11,21,9,shield_intervention,obstacle_risk
85,3,ppo_shield,obstacle_cluster,Obstacle Cluster,stereo,0060,12,22,9,shield_intervention,obstacle_risk
85,3,ppo_shield,obstacle_cluster,Obstacle Cluster,stereo,0060,13,23,9,shield_intervention,obstacle_risk
85,3,ppo_shield,obstacle_cluster,Obstacle Cluster,stereo,0060,14,24,9,shield_intervention,obstacle_risk
85,3,ppo_shield,obstacle_cluster,Obstacle Cluster,stereo,0060,15,25,8,shield_intervention,obstacle_risk
85,3,ppo_shield,obstacle_cluster,Obstacle Cluster,stereo,0060,17,27,8,shield_intervention,obstacle_risk
85,3,ppo_shield,obstacle_cluster,Obstacle Cluster,stereo,0060,19,29,8,shield_intervention,obstacle_risk
85,3,ppo_shield,obstacle_cluster,Obstacle Cluster,stereo,0060,21,31,8,shield_intervention,obstacle_risk
85,3,ppo_shield,obstacle_cluster,Obstacle Cluster,stereo,0060,23,33,8,shield_intervention,obstacle_risk
85,3,ppo_shield,obstacle_cluster,Obstacle Cluster,stereo,0060,25,35,8,shield_intervention,obstacle_risk
85,3,ppo_shield,obstacle_cluster,Obstacle Cluster,stereo,0060,27,37,8,shield_intervention,obstacle_risk
85,3,ppo_shield,obstacle_cluster,Obstacle Cluster,stereo,0060,29,39,8,shield_intervention,obstacle_risk
85,3,ppo_shield,obstacle_cluster,Obstacle Cluster,stereo,0060,31,41,8,shield_intervention,obstacle_risk
85,3,ppo_shield,obstacle_cluster,Obstacle Cluster,stereo,0060,32,42,7,shield_intervention,lookahead_safer
85,3,ppo_shield,obstacle_cluster,Obstacle Cluster,stereo,0060,33,43,6,shield_intervention,lookahead_safer
85,3,ppo_shield,obstacle_cluster,Obstacle Cluster,stereo,0060,35,45,6,shield_intervention,lookahead_safer
85,3,ppo_shield,obstacle_cluster,Obstacle Cluster,stereo,0060,36,46,5,shield_intervention,negative_progress
85,3,ppo_shield,obstacle_cluster,Obstacle Cluster,stereo,0060,37,47,4,shield_intervention,negative_progress
86,3,ppo_shield,obstacle_cluster,Obstacle Cluster,mono,0060,11,21,16,shield_intervention,lookahead_safer
86,3,ppo_shield,obstacle_cluster,Obstacle Cluster,mono,0060,13,23,16,shield_intervention,lookahead_safer
86,3,ppo_shield,obstacle_cluster,Obstacle Cluster,mono,0060,14,24,15,shield_intervention,lookahead_safer
86,3,ppo_shield,obstacle_cluster,Obstacle Cluster,mono,0060,15,25,14,shield_intervention,lookahead_safer
86,3,ppo_shield,obstacle_cluster,Obstacle Cluster,mono,0060,16,26,13,shield_intervention,lookahead_safer
86,3,ppo_shield,obstacle_cluster,Obstacle Cluster,mono,0060,17,27,12,shield_intervention,lookahead_safer
86,3,ppo_shield,obstacle_cluster,Obstacle Cluster,mono,0060,19,29,12,shield_intervention,lookahead_safer
86,3,ppo_shield,obstacle_cluster,Obstacle Cluster,mono,0060,20,30,11,shield_intervention,lookahead_safer
86,3,ppo_shield,obstacle_cluster,Obstacle Cluster,mono,0060,22,32,11,shield_intervention,lookahead_safer
86,3,ppo_shield,obstacle_cluster,Obstacle Cluster,mono,0060,24,34,11,shield_intervention,lookahead_safer
86,3,ppo_shield,obstacle_cluster,Obstacle Cluster,mono,0060,25,35,10,shield_intervention,lookahead_safer
86,3,ppo_shield,obstacle_cluster,Obstacle Cluster,mono,0060,27,37,10,shield_intervention,lookahead_safer
86,3,ppo_shield,obstacle_cluster,Obstacle Cluster,mono,0060,28,38,9,shield_intervention,lookahead_safer
86,3,ppo_shield,obstacle_cluster,Obstacle Cluster,mono,0060,29,39,8,shield_intervention,lookahead_safer
86,3,ppo_shield,obstacle_cluster,Obstacle Cluster,mono,0060,31,41,8,shield_intervention,lookahead_safer
86,3,ppo_shield,obstacle_cluster,Obstacle Cluster,mono,0060,32,42,7,shield_intervention,lookahead_safer
86,3,ppo_shield,obstacle_cluster,Obstacle Cluster,mono,0060,33,43,6,shield_intervention,lookahead_safer
86,3,ppo_shield,obstacle_cluster,Obstacle Cluster,mono,0060,35,45,6,shield_intervention,lookahead_safer
86,3,ppo_shield,obstacle_cluster,Obstacle Cluster,mono,0060,36,46,5,shield_intervention,negative_progress
86,3,ppo_shield,obstacle_cluster,Obstacle Cluster,mono,0060,37,47,4,shield_intervention,negative_progress
87,3,ppo_shield,lateral_maneuver,Lateral Maneuver,stereo,0010,21,21,22,shield_intervention,lookahead_safer
87,3,ppo_shield,lateral_maneuver,Lateral Maneuver,stereo,0010,23,21,24,shield_intervention,lookahead_safer
87,3,ppo_shield,lateral_maneuver,Lateral Maneuver,stereo,0010,27,24,28,shield_intervention,obstacle_risk
87,3,ppo_shield,lateral_maneuver,Lateral Maneuver,stereo,0010,30,27,30,shield_intervention,lookahead_safer
87,3,ppo_shield,lateral_maneuver,Lateral Maneuver,stereo,0010,35,32,34,shield_intervention,lookahead_safer
87,3,ppo_shield,lateral_maneuver,Lateral Maneuver,stereo,0010,36,33,33,shield_intervention,obstacle_risk
87,3,ppo_shield,lateral_maneuver,Lateral Maneuver,stereo,0010,38,35,34,shield_intervention,obstacle_risk
87,3,ppo_shield,lateral_maneuver,Lateral Maneuver,stereo,0010,43,40,38,shield_intervention,obstacle_risk
87,3,ppo_shield,lateral_maneuver,Lateral Maneuver,stereo,0010,45,42,38,shield_intervention,lookahead_safer
87,3,ppo_shield,lateral_maneuver,Lateral Maneuver,stereo,0010,46,43,37,shield_intervention,obstacle_risk
87,3,ppo_shield,lateral_maneuver,Lateral Maneuver,stereo,0010,47,44,37,shield_intervention,obstacle_risk
88,3,ppo_shield,lateral_maneuver,Lateral Maneuver,mono,0010,39,41,38,shield_intervention,obstacle_risk
88,3,ppo_shield,lateral_maneuver,Lateral Maneuver,mono,0010,40,42,38,shield_intervention,lookahead_safer
88,3,ppo_shield,lateral_maneuver,Lateral Maneuver,mono,0010,41,43,38,shield_intervention,obstacle_risk
88,3,ppo_shield,lateral_maneuver,Lateral Maneuver,mono,0010,42,44,38,shield_intervention,obstacle_risk
88,3,ppo_shield,lateral_maneuver,Lateral Maneuver,mono,0010,43,45,38,shield_intervention,obstacle_risk
89,3,ppo_shield,stress_density,Stress Density,stereo,0040,9,11,9,shield_intervention,obstacle_risk
89,3,ppo_shield,stress_density,Stress Density,stereo,0040,10,12,9,shield_intervention,obstacle_risk
89,3,ppo_shield,stress_density,Stress Density,stereo,0040,11,13,9,shield_intervention,obstacle_risk
89,3,ppo_shield,stress_density,Stress Density,stereo,0040,12,14,9,shield_intervention,obstacle_risk
89,3,ppo_shield,stress_density,Stress Density,stereo,0040,13,15,9,shield_intervention,obstacle_risk
89,3,ppo_shield,stress_density,Stress Density,stereo,0040,14,16,9,shield_intervention,obstacle_risk
89,3,ppo_shield,stress_density,Stress Density,stereo,0040,15,17,9,shield_intervention,obstacle_risk
89,3,ppo_shield,stress_density,Stress Density,stereo,0040,16,18,9,shield_intervention,obstacle_risk
89,3,ppo_shield,stress_density,Stress Density,stereo,0040,17,19,9,shield_intervention,obstacle_risk
89,3,ppo_shield,stress_density,Stress Density,stereo,0040,18,20,9,shield_intervention,obstacle_risk
89,3,ppo_shield,stress_density,Stress Density,stereo,0040,19,21,9,shield_intervention,obstacle_risk
89,3,ppo_shield,stress_density,Stress Density,stereo,0040,20,22,9,shield_intervention,obstacle_risk
89,3,ppo_shield,stress_density,Stress Density,stereo,0040,21,23,9,shield_intervention,obstacle_risk
89,3,ppo_shield,stress_density,Stress Density,stereo,0040,22,24,9,shield_intervention,obstacle_risk
89,3,ppo_shield,stress_density,Stress Density,stereo,0040,23,25,9,shield_intervention,obstacle_risk
89,3,ppo_shield,stress_density,Stress Density,stereo,0040,24,26,9,shield_intervention,obstacle_risk
89,3,ppo_shield,stress_density,Stress Density,stereo,0040,25,27,9,shield_intervention,obstacle_risk
89,3,ppo_shield,stress_density,Stress Density,stereo,0040,26,28,9,shield_intervention,obstacle_risk
89,3,ppo_shield,stress_density,Stress Density,stereo,0040,27,29,9,shield_intervention,obstacle_risk
90,3,ppo_shield,stress_density,Stress Density,mono,0040,16,18,15,shield_intervention,lookahead_safer
90,3,ppo_shield,stress_density,Stress Density,mono,0040,18,20,15,shield_intervention,lookahead_safer
90,3,ppo_shield,stress_density,Stress Density,mono,0040,19,21,14,shield_intervention,lookahead_safer
90,3,ppo_shield,stress_density,Stress Density,mono,0040,20,22,13,shield_intervention,lookahead_safer
90,3,ppo_shield,stress_density,Stress Density,mono,0040,21,23,12,shield_intervention,lookahead_safer
90,3,ppo_shield,stress_density,Stress Density,mono,0040,23,25,12,shield_intervention,lookahead_safer
90,3,ppo_shield,stress_density,Stress Density,mono,0040,24,26,11,shield_intervention,lookahead_safer
90,3,ppo_shield,stress_density,Stress Density,mono,0040,25,27,10,shield_intervention,lookahead_safer
90,3,ppo_shield,stress_density,Stress Density,mono,0040,27,29,10,shield_intervention,negative_progress
90,3,ppo_shield,stress_density,Stress Density,mono,0040,28,29,9,shield_intervention,obstacle_risk+negative_progress
91,4,ppo_shield,baseline_open,Baseline Open,stereo,0020,14,15,15,shield_intervention,obstacle_risk
91,4,ppo_shield,baseline_open,Baseline Open,stereo,0020,15,16,15,shield_intervention,obstacle_risk
91,4,ppo_shield,baseline_open,Baseline Open,stereo,0020,16,17,14,shield_intervention,obstacle_risk
91,4,ppo_shield,baseline_open,Baseline Open,stereo,0020,23,22,21,shield_intervention,obstacle_risk
91,4,ppo_shield,baseline_open,Baseline Open,stereo,0020,24,21,22,shield_intervention,obstacle_risk
91,4,ppo_shield,baseline_open,Baseline Open,stereo,0020,27,23,25,shield_intervention,lookahead_safer
91,4,ppo_shield,baseline_open,Baseline Open,stereo,0020,41,35,39,shield_intervention,lookahead_safer
91,4,ppo_shield,baseline_open,Baseline Open,stereo,0020,42,35,40,shield_intervention,lookahead_safer
91,4,ppo_shield,baseline_open,Baseline Open,stereo,0020,43,34,41,shield_intervention,obstacle_risk
91,4,ppo_shield,baseline_open,Baseline Open,stereo,0020,45,35,43,shield_intervention,obstacle_risk
91,4,ppo_shield,baseline_open,Baseline Open,stereo,0020,46,35,44,shield_intervention,obstacle_risk
91,4,ppo_shield,baseline_open,Baseline Open,stereo,0020,50,39,46,shield_intervention,negative_progress
91,4,ppo_shield,baseline_open,Baseline Open,stereo,0020,51,39,45,shield_intervention,negative_progress
92,4,ppo_shield,baseline_open,Baseline Open,mono,0020,37,37,39,shield_intervention,lookahead_safer
92,4,ppo_shield,baseline_open,Baseline Open,mono,0020,38,37,40,shield_intervention,lookahead_safer
92,4,ppo_shield,baseline_open,Baseline Open,mono,0020,39,37,41,shield_intervention,lookahead_safer
92,4,ppo_shield,baseline_open,Baseline Open,mono,0020,41,38,43,shield_intervention,obstacle_risk
92,4,ppo_shield,baseline_open,Baseline Open,mono,0020,42,38,44,shield_intervention,obstacle_risk
93,4,ppo_shield,dense_corridor,Dense Corridor,stereo,0050,1,10,8,shield_intervention,obstacle_risk
93,4,ppo_shield,dense_corridor,Dense Corridor,stereo,0050,3,12,8,shield_intervention,obstacle_risk
93,4,ppo_shield,dense_corridor,Dense Corridor,stereo,0050,5,14,8,shield_intervention,obstacle_risk
93,4,ppo_shield,dense_corridor,Dense Corridor,stereo,0050,7,16,8,shield_intervention,obstacle_risk
93,4,ppo_shield,dense_corridor,Dense Corridor,stereo,0050,9,18,8,shield_intervention,obstacle_risk
93,4,ppo_shield,dense_corridor,Dense Corridor,stereo,0050,11,20,8,shield_intervention,obstacle_risk
93,4,ppo_shield,dense_corridor,Dense Corridor,stereo,0050,13,22,8,shield_intervention,obstacle_risk
93,4,ppo_shield,dense_corridor,Dense Corridor,stereo,0050,15,24,8,shield_intervention,obstacle_risk
93,4,ppo_shield,dense_corridor,Dense Corridor,stereo,0050,17,26,8,shield_intervention,obstacle_risk
93,4,ppo_shield,dense_corridor,Dense Corridor,stereo,0050,18,27,7,shield_intervention,lookahead_safer
93,4,ppo_shield,dense_corridor,Dense Corridor,stereo,0050,20,29,7,shield_intervention,lookahead_safer
93,4,ppo_shield,dense_corridor,Dense Corridor,stereo,0050,22,31,7,shield_intervention,lookahead_safer
93,4,ppo_shield,dense_corridor,Dense Corridor,stereo,0050,25,34,8,shield_intervention,obstacle_risk
93,4,ppo_shield,dense_corridor,Dense Corridor,stereo,0050,27,36,8,shield_intervention,obstacle_risk
93,4,ppo_shield,dense_corridor,Dense Corridor,stereo,0050,28,37,7,shield_intervention,lookahead_safer
93,4,ppo_shield,dense_corridor,Dense Corridor,stereo,0050,29,38,6,shield_intervention,lookahead_safer
93,4,ppo_shield,dense_corridor,Dense Corridor,stereo,0050,30,39,5,shield_intervention,lookahead_safer
93,4,ppo_shield,dense_corridor,Dense Corridor,stereo,0050,31,40,4,shield_intervention,lookahead_safer
93,4,ppo_shield,dense_corridor,Dense Corridor,stereo,0050,32,41,3,shield_intervention,lookahead_safer
93,4,ppo_shield,dense_corridor,Dense Corridor,stereo,0050,34,43,3,shield_intervention,lookahead_safer
93,4,ppo_shield,dense_corridor,Dense Corridor,stereo,0050,36,45,3,shield_intervention,lookahead_safer
93,4,ppo_shield,dense_corridor,Dense Corridor,stereo,0050,37,46,2,shield_intervention,lookahead_safer
93,4,ppo_shield,dense_corridor,Dense Corridor,stereo,0050,39,48,2,shield_intervention,negative_progress
94,4,ppo_shield,dense_corridor,Dense Corridor,mono,0050,16,25,23,shield_intervention,lookahead_safer
94,4,ppo_shield,dense_corridor,Dense Corridor,mono,0050,17,26,22,shield_intervention,lookahead_safer
94,4,ppo_shield,dense_corridor,Dense Corridor,mono,0050,18,27,21,shield_intervention,lookahead_safer
94,4,ppo_shield,dense_corridor,Dense Corridor,mono,0050,19,28,20,shield_intervention,lookahead_safer
94,4,ppo_shield,dense_corridor,Dense Corridor,mono,0050,20,29,19,shield_intervention,lookahead_safer
94,4,ppo_shield,dense_corridor,Dense Corridor,mono,0050,21,30,18,shield_intervention,lookahead_safer
94,4,ppo_shield,dense_corridor,Dense Corridor,mono,0050,22,31,17,shield_intervention,lookahead_safer
94,4,ppo_shield,dense_corridor,Dense Corridor,mono,0050,23,32,16,shield_intervention,lookahead_safer
94,4,ppo_shield,dense_corridor,Dense Corridor,mono,0050,24,33,15,shield_intervention,lookahead_safer
94,4,ppo_shield,dense_corridor,Dense Corridor,mono,0050,25,34,14,shield_intervention,lookahead_safer
94,4,ppo_shield,dense_corridor,Dense Corridor,mono,0050,26,35,13,shield_intervention,lookahead_safer
94,4,ppo_shield,dense_corridor,Dense Corridor,mono,0050,27,36,12,shield_intervention,lookahead_safer
94,4,ppo_shield,dense_corridor,Dense Corridor,mono,0050,28,37,11,shield_intervention,lookahead_safer
94,4,ppo_shield,dense_corridor,Dense Corridor,mono,0050,29,38,10,shield_intervention,lookahead_safer
94,4,ppo_shield,dense_corridor,Dense Corridor,mono,0050,30,39,9,shield_intervention,lookahead_safer
94,4,ppo_shield,dense_corridor,Dense Corridor,mono,0050,31,40,8,shield_intervention,lookahead_safer
94,4,ppo_shield,dense_corridor,Dense Corridor,mono,0050,32,41,7,shield_intervention,lookahead_safer
94,4,ppo_shield,dense_corridor,Dense Corridor,mono,0050,33,41,6,shield_intervention,lookahead_safer
94,4,ppo_shield,dense_corridor,Dense Corridor,mono,0050,34,42,5,shield_intervention,lookahead_safer
94,4,ppo_shield,dense_corridor,Dense Corridor,mono,0050,35,43,4,shield_intervention,lookahead_safer
94,4,ppo_shield,dense_corridor,Dense Corridor,mono,0050,36,44,3,shield_intervention,lookahead_safer
94,4,ppo_shield,dense_corridor,Dense Corridor,mono,0050,38,46,3,shield_intervention,lookahead_safer
94,4,ppo_shield,dense_corridor,Dense Corridor,mono,0050,39,47,2,shield_intervention,lookahead_safer
94,4,ppo_shield,dense_corridor,Dense Corridor,mono,0050,41,48,2,shield_intervention,negative_progress
95,4,ppo_shield,obstacle_cluster,Obstacle Cluster,stereo,0060,1,10,8,shield_intervention,obstacle_risk
95,4,ppo_shield,obstacle_cluster,Obstacle Cluster,stereo,0060,3,12,8,shield_intervention,obstacle_risk
95,4,ppo_shield,obstacle_cluster,Obstacle Cluster,stereo,0060,5,14,8,shield_intervention,obstacle_risk
95,4,ppo_shield,obstacle_cluster,Obstacle Cluster,stereo,0060,7,16,8,shield_intervention,obstacle_risk
95,4,ppo_shield,obstacle_cluster,Obstacle Cluster,stereo,0060,9,18,8,shield_intervention,obstacle_risk
95,4,ppo_shield,obstacle_cluster,Obstacle Cluster,stereo,0060,11,20,8,shield_intervention,obstacle_risk
95,4,ppo_shield,obstacle_cluster,Obstacle Cluster,stereo,0060,13,22,8,shield_intervention,obstacle_risk
95,4,ppo_shield,obstacle_cluster,Obstacle Cluster,stereo,0060,15,24,8,shield_intervention,obstacle_risk
95,4,ppo_shield,obstacle_cluster,Obstacle Cluster,stereo,0060,17,26,8,shield_intervention,obstacle_risk
95,4,ppo_shield,obstacle_cluster,Obstacle Cluster,stereo,0060,19,28,8,shield_intervention,obstacle_risk
95,4,ppo_shield,obstacle_cluster,Obstacle Cluster,stereo,0060,21,30,8,shield_intervention,obstacle_risk
95,4,ppo_shield,obstacle_cluster,Obstacle Cluster,stereo,0060,23,32,8,shield_intervention,obstacle_risk
95,4,ppo_shield,obstacle_cluster,Obstacle Cluster,stereo,0060,25,34,8,shield_intervention,obstacle_risk
95,4,ppo_shield,obstacle_cluster,Obstacle Cluster,stereo,0060,27,36,8,shield_intervention,obstacle_risk
95,4,ppo_shield,obstacle_cluster,Obstacle Cluster,stereo,0060,28,37,7,shield_intervention,lookahead_safer
95,4,ppo_shield,obstacle_cluster,Obstacle Cluster,stereo,0060,29,38,6,shield_intervention,lookahead_safer
95,4,ppo_shield,obstacle_cluster,Obstacle Cluster,stereo,0060,30,39,5,shield_intervention,lookahead_safer
95,4,ppo_shield,obstacle_cluster,Obstacle Cluster,stereo,0060,31,40,4,shield_intervention,lookahead_safer
95,4,ppo_shield,obstacle_cluster,Obstacle Cluster,stereo,0060,32,41,3,shield_intervention,lookahead_safer
95,4,ppo_shield,obstacle_cluster,Obstacle Cluster,stereo,0060,33,42,2,shield_intervention,lookahead_safer
95,4,ppo_shield,obstacle_cluster,Obstacle Cluster,stereo,0060,35,44,2,shield_intervention,lookahead_safer
95,4,ppo_shield,obstacle_cluster,Obstacle Cluster,stereo,0060,38,47,3,shield_intervention,negative_progress
95,4,ppo_shield,obstacle_cluster,Obstacle Cluster,stereo,0060,39,48,2,shield_intervention,negative_progress
96,4,ppo_shield,obstacle_cluster,Obstacle Cluster,mono,0060,10,19,17,shield_intervention,lookahead_safer
96,4,ppo_shield,obstacle_cluster,Obstacle Cluster,mono,0060,12,21,17,shield_intervention,lookahead_safer
96,4,ppo_shield,obstacle_cluster,Obstacle Cluster,mono,0060,13,22,16,shield_intervention,lookahead_safer
96,4,ppo_shield,obstacle_cluster,Obstacle Cluster,mono,0060,15,24,16,shield_intervention,lookahead_safer
96,4,ppo_shield,obstacle_cluster,Obstacle Cluster,mono,0060,16,25,15,shield_intervention,lookahead_safer
96,4,ppo_shield,obstacle_cluster,Obstacle Cluster,mono,0060,17,26,14,shield_intervention,lookahead_safer
96,4,ppo_shield,obstacle_cluster,Obstacle Cluster,mono,0060,19,28,14,shield_intervention,lookahead_safer
96,4,ppo_shield,obstacle_cluster,Obstacle Cluster,mono,0060,20,29,13,shield_intervention,lookahead_safer
96,4,ppo_shield,obstacle_cluster,Obstacle Cluster,mono,0060,21,30,12,shield_intervention,lookahead_safer
96,4,ppo_shield,obstacle_cluster,Obstacle Cluster,mono,0060,22,31,11,shield_intervention,lookahead_safer
96,4,ppo_shield,obstacle_cluster,Obstacle Cluster,mono,0060,24,33,11,shield_intervention,lookahead_safer
96,4,ppo_shield,obstacle_cluster,Obstacle Cluster,mono,0060,25,34,10,shield_intervention,lookahead_safer
96,4,ppo_shield,obstacle_cluster,Obstacle Cluster,mono,0060,26,35,9,shield_intervention,lookahead_safer
96,4,ppo_shield,obstacle_cluster,Obstacle Cluster,mono,0060,27,36,8,shield_intervention,lookahead_safer
96,4,ppo_shield,obstacle_cluster,Obstacle Cluster,mono,0060,28,37,7,shield_intervention,lookahead_safer
96,4,ppo_shield,obstacle_cluster,Obstacle Cluster,mono,0060,29,38,6,shield_intervention,lookahead_safer
96,4,ppo_shield,obstacle_cluster,Obstacle Cluster,mono,0060,31,40,6,shield_intervention,lookahead_safer
96,4,ppo_shield,obstacle_cluster,Obstacle Cluster,mono,0060,32,41,5,shield_intervention,lookahead_safer
96,4,ppo_shield,obstacle_cluster,Obstacle Cluster,mono,0060,33,42,4,shield_intervention,lookahead_safer
96,4,ppo_shield,obstacle_cluster,Obstacle Cluster,mono,0060,35,44,4,shield_intervention,lookahead_safer
96,4,ppo_shield,obstacle_cluster,Obstacle Cluster,mono,0060,36,45,3,shield_intervention,lookahead_safer
96,4,ppo_shield,obstacle_cluster,Obstacle Cluster,mono,0060,38,47,3,shield_intervention,negative_progress
96,4,ppo_shield,obstacle_cluster,Obstacle Cluster,mono,0060,39,48,2,shield_intervention,negative_progress
97,4,ppo_shield,lateral_maneuver,Lateral Maneuver,stereo,0010,17,17,19,shield_intervention,obstacle_risk
97,4,ppo_shield,lateral_maneuver,Lateral Maneuver,stereo,0010,20,19,22,shield_intervention,lookahead_safer
97,4,ppo_shield,lateral_maneuver,Lateral Maneuver,stereo,0010,26,25,26,shield_intervention,obstacle_risk
97,4,ppo_shield,lateral_maneuver,Lateral Maneuver,stereo,0010,35,34,34,shield_intervention,lookahead_safer
97,4,ppo_shield,lateral_maneuver,Lateral Maneuver,stereo,0010,36,35,33,shield_intervention,obstacle_risk
97,4,ppo_shield,lateral_maneuver,Lateral Maneuver,stereo,0010,42,41,37,shield_intervention,lookahead_safer
97,4,ppo_shield,lateral_maneuver,Lateral Maneuver,stereo,0010,44,43,37,shield_intervention,obstacle_risk
97,4,ppo_shield,lateral_maneuver,Lateral Maneuver,stereo,0010,45,44,37,shield_intervention,obstacle_risk
97,4,ppo_shield,lateral_maneuver,Lateral Maneuver,stereo,0010,46,45,36,shield_intervention,lookahead_safer
98,4,ppo_shield,lateral_maneuver,Lateral Maneuver,mono,0010,11,11,13,shield_intervention,lookahead_safer
98,4,ppo_shield,lateral_maneuver,Lateral Maneuver,mono,0010,13,12,15,shield_intervention,lookahead_safer
98,4,ppo_shield,lateral_maneuver,Lateral Maneuver,mono,0010,38,37,38,shield_intervention,obstacle_risk
98,4,ppo_shield,lateral_maneuver,Lateral Maneuver,mono,0010,40,39,38,shield_intervention,obstacle_risk
98,4,ppo_shield,lateral_maneuver,Lateral Maneuver,mono,0010,42,41,38,shield_intervention,obstacle_risk
98,4,ppo_shield,lateral_maneuver,Lateral Maneuver,mono,0010,43,42,37,shield_intervention,lookahead_safer
98,4,ppo_shield,lateral_maneuver,Lateral Maneuver,mono,0010,45,44,37,shield_intervention,obstacle_risk
98,4,ppo_shield,lateral_maneuver,Lateral Maneuver,mono,0010,46,45,37,shield_intervention,lookahead_safer
98,4,ppo_shield,lateral_maneuver,Lateral Maneuver,mono,0010,47,46,37,shield_intervention,obstacle_risk
99,4,ppo_shield,stress_density,Stress Density,stereo,0040,8,9,9,shield_intervention,obstacle_risk
99,4,ppo_shield,stress_density,Stress Density,stereo,0040,9,10,9,shield_intervention,obstacle_risk
99,4,ppo_shield,stress_density,Stress Density,stereo,0040,10,11,9,shield_intervention,obstacle_risk
99,4,ppo_shield,stress_density,Stress Density,stereo,0040,11,12,9,shield_intervention,obstacle_risk
99,4,ppo_shield,stress_density,Stress Density,stereo,0040,12,13,9,shield_intervention,obstacle_risk
99,4,ppo_shield,stress_density,Stress Density,stereo,0040,13,14,9,shield_intervention,obstacle_risk
99,4,ppo_shield,stress_density,Stress Density,stereo,0040,14,15,9,shield_intervention,obstacle_risk
99,4,ppo_shield,stress_density,Stress Density,stereo,0040,15,16,9,shield_intervention,obstacle_risk
99,4,ppo_shield,stress_density,Stress Density,stereo,0040,16,17,9,shield_intervention,obstacle_risk
99,4,ppo_shield,stress_density,Stress Density,stereo,0040,17,18,9,shield_intervention,obstacle_risk
99,4,ppo_shield,stress_density,Stress Density,stereo,0040,18,19,9,shield_intervention,obstacle_risk
99,4,ppo_shield,stress_density,Stress Density,stereo,0040,19,20,9,shield_intervention,obstacle_risk
99,4,ppo_shield,stress_density,Stress Density,stereo,0040,20,21,9,shield_intervention,obstacle_risk
99,4,ppo_shield,stress_density,Stress Density,stereo,0040,21,22,9,shield_intervention,obstacle_risk
99,4,ppo_shield,stress_density,Stress Density,stereo,0040,22,23,9,shield_intervention,obstacle_risk
99,4,ppo_shield,stress_density,Stress Density,stereo,0040,23,24,9,shield_intervention,obstacle_risk
99,4,ppo_shield,stress_density,Stress Density,stereo,0040,24,25,9,shield_intervention,obstacle_risk
99,4,ppo_shield,stress_density,Stress Density,stereo,0040,25,26,9,shield_intervention,obstacle_risk
99,4,ppo_shield,stress_density,Stress Density,stereo,0040,26,27,9,shield_intervention,obstacle_risk
99,4,ppo_shield,stress_density,Stress Density,stereo,0040,27,28,9,shield_intervention,obstacle_risk
99,4,ppo_shield,stress_density,Stress Density,stereo,0040,28,29,9,shield_intervention,obstacle_risk
100,4,ppo_shield,stress_density,Stress Density,mono,0040,16,17,16,shield_intervention,lookahead_safer
100,4,ppo_shield,stress_density,Stress Density,mono,0040,17,18,15,shield_intervention,lookahead_safer
100,4,ppo_shield,stress_density,Stress Density,mono,0040,18,19,14,shield_intervention,lookahead_safer
100,4,ppo_shield,stress_density,Stress Density,mono,0040,20,21,14,shield_intervention,lookahead_safer
100,4,ppo_shield,stress_density,Stress Density,mono,0040,21,22,13,shield_intervention,lookahead_safer
100,4,ppo_shield,stress_density,Stress Density,mono,0040,22,23,12,shield_intervention,lookahead_safer
100,4,ppo_shield,stress_density,Stress Density,mono,0040,24,25,12,shield_intervention,lookahead_safer
100,4,ppo_shield,stress_density,Stress Density,mono,0040,25,26,11,shield_intervention,lookahead_safer
100,4,ppo_shield,stress_density,Stress Density,mono,0040,26,27,10,shield_intervention,lookahead_safer
100,4,ppo_shield,stress_density,Stress Density,mono,0040,28,29,10,shield_intervention,negative_progress
100,4,ppo_shield,stress_density,Stress Density,mono,0040,29,29,9,shield_intervention,obstacle_risk+negative_progress
