episode,episode_variant,controller,scenario_id,scenario_name,mode,frame_id,step,row,col,ppo_action,selected_action,reason,proposed_score,selected_score,obstacle_risk,hazard_risk,distance_to_goal
51,0,ppo_shield,baseline_open,Baseline Open,stereo,0020,14,16,15,3,4,obstacle_risk,288.96944305432265,9.371402258720286,0.032021600753068924,0.3723985254764557,38.01315561749642
51,0,ppo_shield,baseline_open,Baseline Open,stereo,0020,15,17,14,3,5,obstacle_risk,218.5824631208143,13.772306969858095,0.16396604478359222,0.46591320633888245,38.27531841800928
51,0,ppo_shield,baseline_open,Baseline Open,stereo,0020,22,24,19,3,5,obstacle_risk,213.38353937666378,3.115185656155098,0.0,0.012928617186844349,30.4138126514911
51,0,ppo_shield,baseline_open,Baseline Open,stereo,0020,27,29,22,3,5,obstacle_risk,205.2145496804953,3.5977516993172545,0.0,0.059144891798496246,25.632011235952593
51,0,ppo_shield,baseline_open,Baseline Open,stereo,0020,32,32,27,3,1,obstacle_risk,220.58866868069853,3.3005329497051816,0.0,0.45050767064094543,19.924858845171276
51,0,ppo_shield,baseline_open,Baseline Open,stereo,0020,33,31,28,3,1,lookahead_safer,204.7235302230272,1.8980616789442692,0.0,0.4024520516395569,19.313207915827967
51,0,ppo_shield,baseline_open,Baseline Open,stereo,0020,34,30,29,3,1,lookahead_safer,200.26312965534174,0.25501537114374767,0.0,0.3211722671985626,18.788294228055936
51,0,ppo_shield,baseline_open,Baseline Open,stereo,0020,39,33,34,3,1,obstacle_risk,209.05766879952972,-2.2885639240216493,0.0,0.28691282868385315,13.0
51,0,ppo_shield,baseline_open,Baseline Open,stereo,0020,44,36,38,3,0,obstacle_risk,216.66671902517302,-0.36171585994521904,0.005979938432574272,0.06436626613140106,8.246211251235321
51,0,ppo_shield,baseline_open,Baseline Open,stereo,0020,45,35,39,3,1,lookahead_safer,8.985382263009814,-4.62129340042879,0.0,0.03874467685818672,7.615773105863909
51,0,ppo_shield,baseline_open,Baseline Open,stereo,0020,46,35,40,3,2,lookahead_safer,4.908724667590345,-4.813175522342568,0.009645061567425728,0.021430129185318947,6.708203932499369
51,0,ppo_shield,baseline_open,Baseline Open,stereo,0020,47,34,41,3,1,obstacle_risk,205.83359354460083,-2.9286338924961104,0.0038580247201025486,0.010891719721257687,6.4031242374328485
51,0,ppo_shield,baseline_open,Baseline Open,stereo,0020,49,35,43,3,2,obstacle_risk,199.11489349066224,-4.7668476688398,0.005401234608143568,0.002585227834060788,4.242640687119285
51,0,ppo_shield,baseline_open,Baseline Open,stereo,0020,50,35,44,3,2,obstacle_risk,198.17400114790647,-4.032925019261231,0.14949846267700195,0.0011411308078095317,3.605551275463989
51,0,ppo_shield,baseline_open,Baseline Open,stereo,0020,54,38,46,3,6,negative_progress,3.0612205396599013,-4.137877876515267,0.0,0.000145647645695135,0.0
52,0,ppo_shield,baseline_open,Baseline Open,mono,0020,37,37,39,3,1,obstacle_risk,10218.002734256965,-6.983336604804547,0.0,0.06620721518993378,7.0710678118654755
52,0,ppo_shield,baseline_open,Baseline Open,mono,0020,38,37,40,3,2,lookahead_safer,0.5461832715048669,-7.416465396714258,0.0,0.06436626613140106,6.082762530298219
52,0,ppo_shield,baseline_open,Baseline Open,mono,0020,39,37,41,3,2,lookahead_safer,-0.3183429759324552,-7.686586058825901,0.0,0.059144891798496246,5.0990195135927845
52,0,ppo_shield,baseline_open,Baseline Open,mono,0020,41,37,43,3,1,obstacle_risk,211.61970871295804,-7.721212517656104,0.0,0.04216509684920311,3.1622776601683795
52,0,ppo_shield,baseline_open,Baseline Open,mono,0020,43,38,45,3,2,lookahead_safer,6.56840043564898,-3.66175286633273,0.0,0.03874467685818672,1.0
52,0,ppo_shield,baseline_open,Baseline Open,mono,0020,44,38,46,3,2,obstacle_risk,218.00038635569317,0.3735866853346427,0.1527777761220932,0.026853499934077263,0.0
53,0,ppo_shield,dense_corridor,Dense Corridor,stereo,0050,1,10,8,3,5,obstacle_risk,213.49231236107144,-7.039320457488595,0.0,0.006196049507707357,37.48332962798263
53,0,ppo_shield,dense_corridor,Dense Corridor,stereo,0050,3,12,8,3,5,obstacle_risk,211.31863660389732,-7.299113542701433,0.0,0.005423195194453001,35.510561809129406
53,0,ppo_shield,dense_corridor,Dense Corridor,stereo,0050,5,14,8,3,5,obstacle_risk,10214.193097762234,-7.576744092616664,0.0,0.0036364395637065172,33.54101966249684
53,0,ppo_shield,dense_corridor,Dense Corridor,stereo,0050,7,16,8,3,5,obstacle_risk,212.43175744346138,-7.860577353541966,0.0,0.0018680059583857656,31.575306807693888
53,0,ppo_shield,dense_corridor,Dense Corridor,stereo,0050,9,18,8,3,5,obstacle_risk,211.8719513723177,-8.145085632651815,0.0,0.0007351245149038732,29.614185789921695
53,0,ppo_shield,dense_corridor,Dense Corridor,stereo,0050,11,20,8,3,5,obstacle_risk,10213.900604039016,-8.432519309249109,0.0,0.00022162783716339618,27.65863337187866
53,0,ppo_shield,dense_corridor,Dense Corridor,stereo,0050,13,22,8,3,5,obstacle_risk,10213.778538652834,-8.728111570254313,0.0,5.1188035286031663e-05,25.709920264364882
53,0,ppo_shield,dense_corridor,Dense Corridor,stereo,0050,15,24,8,3,5,obstacle_risk,10213.677920489363,-9.036158898375415,0.0,9.057188435690477e-06,23.769728648009426
53,0,ppo_shield,dense_corridor,Dense Corridor,stereo,0050,17,26,8,3,5,obstacle_risk,10213.600198391177,-9.3573708808843,0.0,5.6788179790601134e-05,21.840329667841555
53,0,ppo_shield,dense_corridor,Dense Corridor,stereo,0050,19,28,8,3,5,obstacle_risk,10213.557824742087,-9.680714385004851,0.0,0.00040941874613054097,19.924858845171276
53,0,ppo_shield,dense_corridor,Dense Corridor,stereo,0050,21,30,8,3,5,obstacle_risk,10213.586314613127,-9.955007754437043,0.0,0.002268242882564664,18.027756377319946
53,0,ppo_shield,dense_corridor,Dense Corridor,stereo,0050,23,32,8,3,5,obstacle_risk,10213.76800473027,-10.039244214941512,0.0,0.009656581096351147,16.15549442140351
53,0,ppo_shield,dense_corridor,Dense Corridor,stereo,0050,25,34,8,3,5,obstacle_risk,10214.237239508544,-9.691566382239122,0.0,0.03159143030643463,14.317821063276353
53,0,ppo_shield,dense_corridor,Dense Corridor,stereo,0050,27,36,8,3,5,obstacle_risk,10215.105980438386,-8.733932900184074,0.0,0.07941950857639313,12.529964086141668
53,0,ppo_shield,dense_corridor,Dense Corridor,stereo,0050,29,38,8,3,5,obstacle_risk,10215.521421391682,-7.392912872478778,0.0,0.15342535078525543,10.816653826391969
53,0,ppo_shield,dense_corridor,Dense Corridor,stereo,0050,31,40,8,3,5,obstacle_risk,215.6985082439725,-5.706850881184444,0.0,0.22776085138320923,9.219544457292887
53,0,ppo_shield,dense_corridor,Dense Corridor,stereo,0050,33,42,8,3,5,obstacle_risk,10218.783230088302,-6.39842001109098,0.0,0.25982028245925903,7.810249675906654
53,0,ppo_shield,dense_corridor,Dense Corridor,stereo,0050,34,43,7,3,5,negative_progress,0.0329104177900692,-4.984555497296744,0.0,0.3611253798007965,6.4031242374328485
53,0,ppo_shield,dense_corridor,Dense Corridor,stereo,0050,35,44,6,3,5,negative_progress,1.3062320730603942,-4.190472210751874,0.0,0.43999627232551575,5.0
53,0,ppo_shield,dense_corridor,Dense Corridor,stereo,0050,36,45,5,3,5,negative_progress,2.503191209163868,-4.100047795567431,0.0,0.4699438810348511,3.605551275463989
53,0,ppo_shield,dense_corridor,Dense Corridor,stereo,0050,37,46,4,3,5,negative_progress,3.8698151623461117,-4.017817464007235,0.0,0.43999627232551575,2.23606797749979
53,0,ppo_shield,dense_corridor,Dense Corridor,stereo,0050,38,47,3,3,5,negative_progress,5.484265211463835,-0.6036212253164592,0.0,0.3611253798007965,1.0
53,0,ppo_shield,dense_corridor,Dense Corridor,stereo,0050,39,47,2,3,6,negative_progress,6.694517904161809,2.1336052060127257,0.0,0.3732127845287323,0.0
54,0,ppo_shield,dense_corridor,Dense Corridor,mono,0050,11,20,18,3,5,lookahead_safer,-4.4070129723911595,-9.7551237719251,0.0,2.2261059712036513e-05,31.38470965295043
54,0,ppo_shield,dense_corridor,Dense Corridor,mono,0050,12,21,17,3,5,lookahead_safer,-4.590609347774997,-9.841050258559921,0.0,3.938861937058391e-06,30.01666203960727
54,0,ppo_shield,dense_corridor,Dense Corridor,mono,0050,13,22,16,3,5,lookahead_safer,-4.777436335741289,-9.92052092507695,0.0,6.100087261984299e-07,28.653097563788805
54,0,ppo_shield,dense_corridor,Dense Corridor,mono,0050,14,23,15,3,5,lookahead_safer,-4.9685211066227,-9.99241445639486,0.0,8.268784768006299e-08,27.294688127912362
54,0,ppo_shield,dense_corridor,Dense Corridor,mono,0050,16,25,15,3,5,lookahead_safer,-4.913014533612387,-10.283653667770993,0.0,9.810423584610817e-09,25.553864678361276
54,0,ppo_shield,dense_corridor,Dense Corridor,mono,0050,17,26,14,3,5,lookahead_safer,-5.107577434046264,-10.35852954673181,0.0,1.0187654053694928e-09,24.186773244895647
54,0,ppo_shield,dense_corridor,Dense Corridor,mono,0050,18,27,13,3,5,lookahead_safer,-5.308279721286688,-10.423405865601504,0.0,9.259786687421112e-11,22.825424421026653
54,0,ppo_shield,dense_corridor,Dense Corridor,mono,0050,20,29,13,3,5,lookahead_safer,-5.196655936745366,-10.737844584078962,0.0,8.893411007626639e-11,21.095023109728988
54,0,ppo_shield,dense_corridor,Dense Corridor,mono,0050,21,30,12,3,5,lookahead_safer,-5.4005108543304186,-10.807681974305106,0.0,4.310240012128652e-11,19.72308292331602
54,0,ppo_shield,dense_corridor,Dense Corridor,mono,0050,22,31,11,3,5,lookahead_safer,-5.613296153159389,-10.863636250567431,0.0,1.831220071413231e-11,18.35755975068582
54,0,ppo_shield,dense_corridor,Dense Corridor,mono,0050,23,32,10,3,5,lookahead_safer,-5.836538087509657,-10.901091532021209,0.0,6.820019809311573e-12,17.0
54,0,ppo_shield,dense_corridor,Dense Corridor,mono,0050,25,34,10,3,5,lookahead_safer,-5.622666548106784,-11.276070233614865,0.0,2.2311640382466358e-11,15.264337522473747
54,0,ppo_shield,dense_corridor,Dense Corridor,mono,0050,26,35,9,3,5,lookahead_safer,-5.849390136931829,-11.320830787970536,0.0,6.38540782749164e-12,13.892443989449804
54,0,ppo_shield,dense_corridor,Dense Corridor,mono,0050,27,36,8,3,5,lookahead_safer,-6.093142638067482,-11.335442491109719,0.0,1.6019604262909604e-12,12.529964086141668
54,0,ppo_shield,dense_corridor,Dense Corridor,mono,0050,29,38,8,3,5,lookahead_safer,-5.682936909156514,-11.781343140016915,0.0,3.0947226118543947e-12,10.816653826391969
54,0,ppo_shield,dense_corridor,Dense Corridor,mono,0050,30,39,7,3,5,lookahead_safer,-5.915701362270029,-11.814369391545458,0.0,5.96618728813253e-13,9.433981132056603
54,0,ppo_shield,dense_corridor,Dense Corridor,mono,0050,31,40,6,3,5,lookahead_safer,-6.177677189304108,-11.788245934715587,0.0,1.0082728516035491e-13,8.06225774829855
54,0,ppo_shield,dense_corridor,Dense Corridor,mono,0050,32,41,5,3,5,lookahead_safer,-6.482470430792527,-11.642541117705683,0.0,1.4937065188794056e-14,6.708203932499369
54,0,ppo_shield,dense_corridor,Dense Corridor,mono,0050,34,43,5,3,5,lookahead_safer,-5.326643068004458,-12.40680858026618,0.0,1.4937065188794056e-14,5.0
54,0,ppo_shield,dense_corridor,Dense Corridor,mono,0050,35,44,4,3,5,lookahead_safer,-5.391187393101028,-12.203219233546157,0.0,1.7004525229308981e-15,3.605551275463989
54,0,ppo_shield,dense_corridor,Dense Corridor,mono,0050,36,45,3,3,5,lookahead_safer,-5.230975610866,-11.467449701362147,0.0,1.6969528210208597e-16,2.23606797749979
54,0,ppo_shield,dense_corridor,Dense Corridor,mono,0050,38,47,3,3,5,negative_progress,-0.1303398874988766,-6.947006554165615,0.0,1.0020602259832326e-16,1.0
54,0,ppo_shield,dense_corridor,Dense Corridor,mono,0050,39,47,2,3,6,negative_progress,1.9158399836613764,-4.141666666666667,0.0,1.1038105716241352e-17,0.0
55,0,ppo_shield,obstacle_cluster,Obstacle Cluster,stereo,0060,1,10,8,3,5,obstacle_risk,214.02598824465764,-6.883414873382373,0.0,0.018181893974542618,37.48332962798263
55,0,ppo_shield,obstacle_cluster,Obstacle Cluster,stereo,0060,3,12,8,3,5,obstacle_risk,211.75758545885657,-7.169712177678016,0.0,0.015758255496621132,35.510561809129406
55,0,ppo_shield,obstacle_cluster,Obstacle Cluster,stereo,0060,5,14,8,3,5,obstacle_risk,10214.467897654837,-7.487485268122152,0.0,0.010259240865707397,33.54101966249684
55,0,ppo_shield,obstacle_cluster,Obstacle Cluster,stereo,0060,7,16,8,3,5,obstacle_risk,212.6654848178471,-7.728305107665397,0.0,0.006695295684039593,31.575306807693888
55,0,ppo_shield,obstacle_cluster,Obstacle Cluster,stereo,0060,9,18,8,3,5,obstacle_risk,212.56541661672105,-7.695218360578936,0.0,0.021518448367714882,29.614185789921695
55,0,ppo_shield,obstacle_cluster,Obstacle Cluster,stereo,0060,11,20,8,3,5,obstacle_risk,10215.678844678945,-7.305789368454837,0.0,0.0569305382668972,27.65863337187866
55,0,ppo_shield,obstacle_cluster,Obstacle Cluster,stereo,0060,13,22,8,3,5,obstacle_risk,10217.405313346782,-6.424730914619304,0.0,0.12398602813482285,25.709920264364882
55,0,ppo_shield,obstacle_cluster,Obstacle Cluster,stereo,0060,15,24,8,3,5,obstacle_risk,10219.772828352277,-5.145468054174981,0.0,0.22227638959884644,23.769728648009426
55,0,ppo_shield,obstacle_cluster,Obstacle Cluster,stereo,0060,17,26,8,3,5,obstacle_risk,10222.072719051313,-3.9231199611441965,0.0,0.32802510261535645,21.840329667841555
55,0,ppo_shield,obstacle_cluster,Obstacle Cluster,stereo,0060,18,27,7,3,5,lookahead_safer,1.0262379082471287,-4.774980387514188,0.0,0.28348293900489807,20.615528128088304
55,0,ppo_shield,obstacle_cluster,Obstacle Cluster,stereo,0060,19,28,6,3,5,lookahead_safer,-0.5480692269485116,-5.734850253193555,0.0,0.22227638959884644,19.4164878389476
55,0,ppo_shield,obstacle_cluster,Obstacle Cluster,stereo,0060,21,30,6,3,5,lookahead_safer,-0.9040885447852649,-6.207611219723117,0.0,0.22227638959884644,17.46424919657298
55,0,ppo_shield,obstacle_cluster,Obstacle Cluster,stereo,0060,23,32,6,3,5,lookahead_safer,-2.210761907077294,-7.243124607753772,0.0,0.1829727739095688,15.524174696260024
55,0,ppo_shield,obstacle_cluster,Obstacle Cluster,stereo,0060,26,35,7,3,5,lookahead_safer,-3.631509436442928,-9.030137593610002,0.0,0.13016657531261444,13.0
55,0,ppo_shield,obstacle_cluster,Obstacle Cluster,stereo,0060,28,37,7,3,5,lookahead_safer,-4.758372572692127,-9.97306727783337,0.0,0.06587573140859604,11.180339887498949
55,0,ppo_shield,obstacle_cluster,Obstacle Cluster,stereo,0060,30,39,7,3,5,lookahead_safer,-4.533713892642184,-9.554998806269335,0.0,0.07312434911727905,9.433981132056603
55,0,ppo_shield,obstacle_cluster,Obstacle Cluster,stereo,0060,32,41,7,3,5,lookahead_safer,-2.582776001884967,-7.891558731682843,0.0,0.15820874273777008,7.810249675906654
55,0,ppo_shield,obstacle_cluster,Obstacle Cluster,stereo,0060,34,43,7,3,5,negative_progress,0.2508043361453751,-4.391589304895495,0.0,0.27455952763557434,6.4031242374328485
55,0,ppo_shield,obstacle_cluster,Obstacle Cluster,stereo,0060,35,44,6,3,5,negative_progress,3.243240900871627,1.128436356180357,0.0,0.42673805356025696,5.0
55,0,ppo_shield,obstacle_cluster,Obstacle Cluster,stereo,0060,36,45,6,3,4,negative_progress,8.808766061107258,6.914961938293605,0.0,0.4897933602333069,4.47213595499958
55,0,ppo_shield,obstacle_cluster,Obstacle Cluster,stereo,0060,38,47,7,3,4,negative_progress,9.348685399905388,7.1353646183502555,0.0,0.42673805356025696,5.0
55,0,ppo_shield,obstacle_cluster,Obstacle Cluster,stereo,0060,39,48,7,3,4,negative_progress,9.189741995382347,7.602156333598062,0.0,0.4151366353034973,5.0990195135927845
55,0,ppo_shield,obstacle_cluster,Obstacle Cluster,stereo,0060,40,49,6,3,5,negative_progress,9.148802426981026,6.255072940519563,0.0,0.4897933602333069,4.47213595499958
55,0,ppo_shield,obstacle_cluster,Obstacle Cluster,stereo,0060,41,49,7,3,2,negative_progress,13.14168804557683,13.14168804557683,0.0,0.3821907341480255,5.385164807134504
55,0,ppo_shield,obstacle_cluster,Obstacle Cluster,stereo,0060,42,49,8,3,2,negative_progress,10.137197421426482,10.137197421426482,0.0,0.2822323739528656,6.324555320336759
55,0,ppo_shield,obstacle_cluster,Obstacle Cluster,stereo,0060,43,48,8,3,0,negative_progress,6.5068668081894065,5.846378976347738,0.0,0.30656158924102783,6.082762530298219
55,0,ppo_shield,obstacle_cluster,Obstacle Cluster,stereo,0060,44,47,8,3,0,negative_progress,9.215830758382104,6.929970316378213,0.0,0.31512877345085144,6.0
55,0,ppo_shield,obstacle_cluster,Obstacle Cluster,stereo,0060,45,46,8,3,0,negative_progress,9.238409722485255,4.270620533228297,0.0,0.30656158924102783,6.082762530298219
55,0,ppo_shield,obstacle_cluster,Obstacle Cluster,stereo,0060,46,46,7,3,6,negative_progress,7.831257576036393,2.866730468947507,0.0,0.4151366353034973,5.0990195135927845
55,0,ppo_shield,obstacle_cluster,Obstacle Cluster,stereo,0060,47,45,6,3,7,negative_progress+loop_prevention,13.348685399905387,6.392879712446342,0.0,0.4897933602333069,4.47213595499958
55,0,ppo_shield,obstacle_cluster,Obstacle Cluster,stereo,0060,48,44,6,3,0,negative_progress+loop_prevention,14.18568157105947,10.242797753432939,0.0,0.42673805356025696,5.0
55,0,ppo_shield,obstacle_cluster,Obstacle Cluster,stereo,0060,49,43,5,3,7,negative_progress,10.680624301384247,8.1440575433446,0.0,0.42673805356025696,5.0
55,0,ppo_shield,obstacle_cluster,Obstacle Cluster,stereo,0060,50,43,4,3,6,loop_prevention,13.143927237313576,6.914961938293605,0.0,0.4897933602333069,4.47213595499958
55,0,ppo_shield,obstacle_cluster,Obstacle Cluster,stereo,0060,51,42,3,3,7,lookahead_safer,211.7601149000587,11.18568157105947,0.0,0.4151366353034973,5.0990195135927845
55,0,ppo_shield,obstacle_cluster,Obstacle Cluster,stereo,0060,52,42,2,3,6,loop_prevention,10.500742908175635,7.1353646183502555,0.0,0.42673805356025696,5.0
55,0,ppo_shield,obstacle_cluster,Obstacle Cluster,stereo,0060,53,42,1,3,6,lookahead_safer,208.96061511110005,7.602156333598062,0.0,0.4151366353034973,5.0990195135927845
55,0,ppo_shield,obstacle_cluster,Obstacle Cluster,stereo,0060,54,43,0,3,5,lookahead_safer,209.06622336329573,6.255072940519563,0.0,0.4897933602333069,4.47213595499958
55,0,ppo_shield,obstacle_cluster,Obstacle Cluster,stereo,0060,55,42,0,3,0,lookahead_safer,210.1037386974192,13.14168804557683,0.0,0.3821907341480255,5.385164807134504
55,0,ppo_shield,obstacle_cluster,Obstacle Cluster,stereo,0060,56,41,0,3,0,lookahead_safer,206.856534594618,10.137197421426482,0.0,0.2822323739528656,6.324555320336759
55,0,ppo_shield,obstacle_cluster,Obstacle Cluster,stereo,0060,57,41,1,3,2,loop_prevention,6.479379731914268,5.846378976347738,0.0,0.30656158924102783,6.082762530298219
55,0,ppo_shield,obstacle_cluster,Obstacle Cluster,stereo,0060,58,41,2,3,2,loop_prevention,7.716649534823082,6.929970316378213,0.0,0.31512877345085144,6.0
55,0,ppo_shield,obstacle_cluster,Obstacle Cluster,stereo,0060,59,41,3,3,2,loop_prevention,6.280543120438604,4.270620533228297,0.0,0.30656158924102783,6.082762530298219
55,0,ppo_shield,obstacle_cluster,Obstacle Cluster,stereo,0060,63,45,6,3,4,negative_progress,8.808766061107258,6.914961938293605,0.0,0.4897933602333069,4.47213595499958
55,0,ppo_shield,obstacle_cluster,Obstacle Cluster,stereo,0060,65,47,7,3,4,negative_progress,9.348685399905388,7.1353646183502555,0.0,0.42673805356025696,5.0
55,0,ppo_shield,obstacle_cluster,Obstacle Cluster,stereo,0060,66,48,7,3,4,negative_progress,9.189741995382347,7.602156333598062,0.0,0.4151366353034973,5.0990195135927845
55,0,ppo_shield,obstacle_cluster,Obstacle Cluster,stereo,0060,67,49,6,3,5,negative_progress,9.148802426981026,6.255072940519563,0.0,0.4897933602333069,4.47213595499958
55,0,ppo_shield,obstacle_cluster,Obstacle Cluster,stereo,0060,68,49,7,3,2,negative_progress,13.14168804557683,13.14168804557683,0.0,0.3821907341480255,5.385164807134504
55,0,ppo_shield,obstacle_cluster,Obstacle Cluster,stereo,0060,69,49,8,3,2,negative_progress,10.137197421426482,10.137197421426482,0.0,0.2822323739528656,6.324555320336759
55,0,ppo_shield,obstacle_cluster,Obstacle Cluster,stereo,0060,70,48,8,3,0,negative_progress,6.5068668081894065,5.846378976347738,0.0,0.30656158924102783,6.082762530298219
55,0,ppo_shield,obstacle_cluster,Obstacle Cluster,stereo,0060,71,47,8,3,0,negative_progress,9.215830758382104,6.929970316378213,0.0,0.31512877345085144,6.0
55,0,ppo_shield,obstacle_cluster,Obstacle Cluster,stereo,0060,72,46,8,3,0,negative_progress,9.238409722485255,4.270620533228297,0.0,0.30656158924102783,6.082762530298219
55,0,ppo_shield,obstacle_cluster,Obstacle Cluster,stereo,0060,73,46,7,3,6,negative_progress,7.831257576036393,2.866730468947507,0.0,0.4151366353034973,5.0990195135927845
55,0,ppo_shield,obstacle_cluster,Obstacle Cluster,stereo,0060,74,45,6,3,7,negative_progress+loop_prevention,13.348685399905387,6.392879712446342,0.0,0.4897933602333069,4.47213595499958
55,0,ppo_shield,obstacle_cluster,Obstacle Cluster,stereo,0060,75,44,6,3,0,negative_progress+loop_prevention,14.18568157105947,10.242797753432939,0.0,0.42673805356025696,5.0
55,0,ppo_shield,obstacle_cluster,Obstacle Cluster,stereo,0060,76,43,5,3,7,negative_progress,10.680624301384247,8.1440575433446,0.0,0.42673805356025696,5.0
55,0,ppo_shield,obstacle_cluster,Obstacle Cluster,stereo,0060,77,43,4,3,6,loop_prevention,13.143927237313576,6.914961938293605,0.0,0.4897933602333069,4.47213595499958
55,0,ppo_shield,obstacle_cluster,Obstacle Cluster,stereo,0060,78,42,3,3,7,lookahead_safer,211.7601149000587,11.18568157105947,0.0,0.4151366353034973,5.0990195135927845
55,0,ppo_shield,obstacle_cluster,Obstacle Cluster,stereo,0060,79,42,2,3,6,loop_prevention,10.500742908175635,7.1353646183502555,0.0,0.42673805356025696,5.0
55,0,ppo_shield,obstacle_cluster,Obstacle Cluster,stereo,0060,80,42,1,3,6,lookahead_safer,208.96061511110005,7.602156333598062,0.0,0.4151366353034973,5.0990195135927845
55,0,ppo_shield,obstacle_cluster,Obstacle Cluster,stereo,0060,81,43,0,3,5,lookahead_safer,209.06622336329573,6.255072940519563,0.0,0.4897933602333069,4.47213595499958
55,0,ppo_shield,obstacle_cluster,Obstacle Cluster,stereo,0060,82,42,0,3,0,lookahead_safer,210.1037386974192,13.14168804557683,0.0,0.3821907341480255,5.385164807134504
55,0,ppo_shield,obstacle_cluster,Obstacle Cluster,stereo,0060,83,41,0,3,0,lookahead_safer,206.856534594618,10.137197421426482,0.0,0.2822323739528656,6.324555320336759
55,0,ppo_shield,obstacle_cluster,Obstacle Cluster,stereo,0060,84,41,1,3,2,loop_prevention,6.479379731914268,5.846378976347738,0.0,0.30656158924102783,6.082762530298219
55,0,ppo_shield,obstacle_cluster,Obstacle Cluster,stereo,0060,85,41,2,3,2,loop_prevention,7.716649534823082,6.929970316378213,0.0,0.31512877345085144,6.0
55,0,ppo_shield,obstacle_cluster,Obstacle Cluster,stereo,0060,86,41,3,3,2,loop_prevention,6.280543120438604,4.270620533228297,0.0,0.30656158924102783,6.082762530298219
55,0,ppo_shield,obstacle_cluster,Obstacle Cluster,stereo,0060,90,45,6,3,4,negative_progress,8.808766061107258,6.914961938293605,0.0,0.4897933602333069,4.47213595499958
55,0,ppo_shield,obstacle_cluster,Obstacle Cluster,stereo,0060,92,47,7,3,4,negative_progress,9.348685399905388,7.1353646183502555,0.0,0.42673805356025696,5.0
55,0,ppo_shield,obstacle_cluster,Obstacle Cluster,stereo,0060,93,48,7,3,4,negative_progress,9.189741995382347,7.602156333598062,0.0,0.4151366353034973,5.0990195135927845
55,0,ppo_shield,obstacle_cluster,Obstacle Cluster,stereo,0060,94,49,6,3,5,negative_progress,9.148802426981026,6.255072940519563,0.0,0.4897933602333069,4.47213595499958
55,0,ppo_shield,obstacle_cluster,Obstacle Cluster,stereo,0060,95,49,7,3,2,negative_progress,13.14168804557683,13.14168804557683,0.0,0.3821907341480255,5.385164807134504
55,0,ppo_shield,obstacle_cluster,Obstacle Cluster,stereo,0060,96,49,8,3,2,negative_progress,10.137197421426482,10.137197421426482,0.0,0.2822323739528656,6.324555320336759
55,0,ppo_shield,obstacle_cluster,Obstacle Cluster,stereo,0060,97,48,8,3,0,negative_progress,6.5068668081894065,5.846378976347738,0.0,0.30656158924102783,6.082762530298219
55,0,ppo_shield,obstacle_cluster,Obstacle Cluster,stereo,0060,98,47,8,3,0,negative_progress,9.215830758382104,6.929970316378213,0.0,0.31512877345085144,6.0
55,0,ppo_shield,obstacle_cluster,Obstacle Cluster,stereo,0060,99,46,8,3,0,negative_progress,9.238409722485255,4.270620533228297,0.0,0.30656158924102783,6.082762530298219
55,0,ppo_shield,obstacle_cluster,Obstacle Cluster,stereo,0060,100,46,7,3,6,negative_progress,7.831257576036393,2.866730468947507,0.0,0.4151366353034973,5.0990195135927845
55,0,ppo_shield,obstacle_cluster,Obstacle Cluster,stereo,0060,101,45,6,3,7,negative_progress+loop_prevention,13.348685399905387,6.392879712446342,0.0,0.4897933602333069,4.47213595499958
55,0,ppo_shield,obstacle_cluster,Obstacle Cluster,stereo,0060,102,44,6,3,0,negative_progress+loop_prevention,14.18568157105947,10.242797753432939,0.0,0.42673805356025696,5.0
55,0,ppo_shield,obstacle_cluster,Obstacle Cluster,stereo,0060,103,43,5,3,7,negative_progress,10.680624301384247,8.1440575433446,0.0,0.42673805356025696,5.0
55,0,ppo_shield,obstacle_cluster,Obstacle Cluster,stereo,0060,104,43,4,3,6,loop_prevention,13.143927237313576,6.914961938293605,0.0,0.4897933602333069,4.47213595499958
55,0,ppo_shield,obstacle_cluster,Obstacle Cluster,stereo,0060,105,42,3,3,7,lookahead_safer,211.7601149000587,11.18568157105947,0.0,0.4151366353034973,5.0990195135927845
55,0,ppo_shield,obstacle_cluster,Obstacle Cluster,stereo,0060,106,42,2,3,6,loop_prevention,10.500742908175635,7.1353646183502555,0.0,0.42673805356025696,5.0
55,0,ppo_shield,obstacle_cluster,Obstacle Cluster,stereo,0060,107,42,1,3,6,lookahead_safer,208.96061511110005,7.602156333598062,0.0,0.4151366353034973,5.0990195135927845
55,0,ppo_shield,obstacle_cluster,Obstacle Cluster,stereo,0060,108,43,0,3,5,lookahead_safer,209.06622336329573,6.255072940519563,0.0,0.4897933602333069,4.47213595499958
55,0,ppo_shield,obstacle_cluster,Obstacle Cluster,stereo,0060,109,42,0,3,0,lookahead_safer,210.1037386974192,13.14168804557683,0.0,0.3821907341480255,5.385164807134504
55,0,ppo_shield,obstacle_cluster,Obstacle Cluster,stereo,0060,110,41,0,3,0,lookahead_safer,206.856534594618,10.137197421426482,0.0,0.2822323739528656,6.324555320336759
55,0,ppo_shield,obstacle_cluster,Obstacle Cluster,stereo,0060,111,41,1,3,2,loop_prevention,6.479379731914268,5.846378976347738,0.0,0.30656158924102783,6.082762530298219
55,0,ppo_shield,obstacle_cluster,Obstacle Cluster,stereo,0060,112,41,2,3,2,loop_prevention,7.716649534823082,6.929970316378213,0.0,0.31512877345085144,6.0
55,0,ppo_shield,obstacle_cluster,Obstacle Cluster,stereo,0060,113,41,3,3,2,loop_prevention,6.280543120438604,4.270620533228297,0.0,0.30656158924102783,6.082762530298219
55,0,ppo_shield,obstacle_cluster,Obstacle Cluster,stereo,0060,117,45,6,3,4,negative_progress,8.808766061107258,6.914961938293605,0.0,0.4897933602333069,4.47213595499958
55,0,ppo_shield,obstacle_cluster,Obstacle Cluster,stereo,0060,119,47,7,3,4,negative_progress,9.348685399905388,7.1353646183502555,0.0,0.42673805356025696,5.0
55,0,ppo_shield,obstacle_cluster,Obstacle Cluster,stereo,0060,120,48,7,3,4,negative_progress,9.189741995382347,7.602156333598062,0.0,0.4151366353034973,5.0990195135927845
55,0,ppo_shield,obstacle_cluster,Obstacle Cluster,stereo,0060,121,49,6,3,5,negative_progress,9.148802426981026,6.255072940519563,0.0,0.4897933602333069,4.47213595499958
55,0,ppo_shield,obstacle_cluster,Obstacle Cluster,stereo,0060,122,49,7,3,2,negative_progress,13.14168804557683,13.14168804557683,0.0,0.3821907341480255,5.385164807134504
55,0,ppo_shield,obstacle_cluster,Obstacle Cluster,stereo,0060,123,49,8,3,2,negative_progress,10.137197421426482,10.137197421426482,0.0,0.2822323739528656,6.324555320336759
55,0,ppo_shield,obstacle_cluster,Obstacle Cluster,stereo,0060,124,48,8,3,0,negative_progress,6.5068668081894065,5.846378976347738,0.0,0.30656158924102783,6.082762530298219
55,0,ppo_shield,obstacle_cluster,Obstacle Cluster,stereo,0060,125,47,8,3,0,negative_progress,9.215830758382104,6.929970316378213,0.0,0.31512877345085144,6.0
55,0,ppo_shield,obstacle_cluster,Obstacle Cluster,stereo,0060,126,46,8,3,0,negative_progress,9.238409722485255,4.270620533228297,0.0,0.30656158924102783,6.082762530298219
55,0,ppo_shield,obstacle_cluster,Obstacle Cluster,stereo,0060,127,46,7,3,6,negative_progress,7.831257576036393,2.866730468947507,0.0,0.4151366353034973,5.0990195135927845
55,0,ppo_shield,obstacle_cluster,Obstacle Cluster,stereo,0060,128,45,6,3,7,negative_progress+loop_prevention,13.348685399905387,6.392879712446342,0.0,0.4897933602333069,4.47213595499958
55,0,ppo_shield,obstacle_cluster,Obstacle Cluster,stereo,0060,129,44,6,3,0,negative_progress+loop_prevention,14.18568157105947,10.242797753432939,0.0,0.42673805356025696,5.0
55,0,ppo_shield,obstacle_cluster,Obstacle Cluster,stereo,0060,130,43,5,3,7,negative_progress,10.680624301384247,8.1440575433446,0.0,0.42673805356025696,5.0
55,0,ppo_shield,obstacle_cluster,Obstacle Cluster,stereo,0060,131,43,4,3,6,loop_prevention,13.143927237313576,6.914961938293605,0.0,0.4897933602333069,4.47213595499958
55,0,ppo_shield,obstacle_cluster,Obstacle Cluster,stereo,0060,132,42,3,3,7,lookahead_safer,211.7601149000587,11.18568157105947,0.0,0.4151366353034973,5.0990195135927845
55,0,ppo_shield,obstacle_cluster,Obstacle Cluster,stereo,0060,133,42,2,3,6,loop_prevention,10.500742908175635,7.1353646183502555,0.0,0.42673805356025696,5.0
55,0,ppo_shield,obstacle_cluster,Obstacle Cluster,stereo,0060,134,42,1,3,6,lookahead_safer,208.96061511110005,7.602156333598062,0.0,0.4151366353034973,5.0990195135927845
55,0,ppo_shield,obstacle_cluster,Obstacle Cluster,stereo,0060,135,43,0,3,5,lookahead_safer,209.06622336329573,6.255072940519563,0.0,0.4897933602333069,4.47213595499958
55,0,ppo_shield,obstacle_cluster,Obstacle Cluster,stereo,0060,136,42,0,3,0,lookahead_safer,210.1037386974192,13.14168804557683,0.0,0.3821907341480255,5.385164807134504
55,0,ppo_shield,obstacle_cluster,Obstacle Cluster,stereo,0060,137,41,0,3,0,lookahead_safer,206.856534594618,10.137197421426482,0.0,0.2822323739528656,6.324555320336759
55,0,ppo_shield,obstacle_cluster,Obstacle Cluster,stereo,0060,138,41,1,3,2,loop_prevention,6.479379731914268,5.846378976347738,0.0,0.30656158924102783,6.082762530298219
55,0,ppo_shield,obstacle_cluster,Obstacle Cluster,stereo,0060,139,41,2,3,2,loop_prevention,7.716649534823082,6.929970316378213,0.0,0.31512877345085144,6.0
55,0,ppo_shield,obstacle_cluster,Obstacle Cluster,stereo,0060,140,41,3,3,2,loop_prevention,6.280543120438604,4.270620533228297,0.0,0.30656158924102783,6.082762530298219
55,0,ppo_shield,obstacle_cluster,Obstacle Cluster,stereo,0060,144,45,6,3,4,negative_progress,8.808766061107258,6.914961938293605,0.0,0.4897933602333069,4.47213595499958
55,0,ppo_shield,obstacle_cluster,Obstacle Cluster,stereo,0060,146,47,7,3,4,negative_progress,9.348685399905388,7.1353646183502555,0.0,0.42673805356025696,5.0
55,0,ppo_shield,obstacle_cluster,Obstacle Cluster,stereo,0060,147,48,7,3,4,negative_progress,9.189741995382347,7.602156333598062,0.0,0.4151366353034973,5.0990195135927845
55,0,ppo_shield,obstacle_cluster,Obstacle Cluster,stereo,0060,148,49,6,3,5,negative_progress,9.148802426981026,6.255072940519563,0.0,0.4897933602333069,4.47213595499958
55,0,ppo_shield,obstacle_cluster,Obstacle Cluster,stereo,0060,149,49,7,3,2,negative_progress,13.14168804557683,13.14168804557683,0.0,0.3821907341480255,5.385164807134504
55,0,ppo_shield,obstacle_cluster,Obstacle Cluster,stereo,0060,150,49,8,3,2,negative_progress,10.137197421426482,10.137197421426482,0.0,0.2822323739528656,6.324555320336759
55,0,ppo_shield,obstacle_cluster,Obstacle Cluster,stereo,0060,151,48,8,3,0,negative_progress,6.5068668081894065,5.846378976347738,0.0,0.30656158924102783,6.082762530298219
55,0,ppo_shield,obstacle_cluster,Obstacle Cluster,stereo,0060,152,47,8,3,0,negative_progress,9.215830758382104,6.929970316378213,0.0,0.31512877345085144,6.0
55,0,ppo_shield,obstacle_cluster,Obstacle Cluster,stereo,0060,153,46,8,3,0,negative_progress,9.238409722485255,4.270620533228297,0.0,0.30656158924102783,6.082762530298219
55,0,ppo_shield,obstacle_cluster,Obstacle Cluster,stereo,0060,154,46,7,3,6,negative_progress,7.831257576036393,2.866730468947507,0.0,0.4151366353034973,5.0990195135927845
55,0,ppo_shield,obstacle_cluster,Obstacle Cluster,stereo,0060,155,45,6,3,7,negative_progress+loop_prevention,13.348685399905387,6.392879712446342,0.0,0.4897933602333069,4.47213595499958
55,0,ppo_shield,obstacle_cluster,Obstacle Cluster,stereo,0060,156,44,6,3,0,negative_progress+loop_prevention,14.18568157105947,10.242797753432939,0.0,0.42673805356025696,5.0
55,0,ppo_shield,obstacle_cluster,Obstacle Cluster,stereo,0060,157,43,5,3,7,negative_progress,10.680624301384247,8.1440575433446,0.0,0.42673805356025696,5.0
55,0,ppo_shield,obstacle_cluster,Obstacle Cluster,stereo,0060,158,43,4,3,6,loop_prevention,13.143927237313576,6.914961938293605,0.0,0.4897933602333069,4.47213595499958
55,0,ppo_shield,obstacle_cluster,Obstacle Cluster,stereo,0060,159,42,3,3,7,lookahead_safer,211.7601149000587,11.18568157105947,0.0,0.4151366353034973,5.0990195135927845
55,0,ppo_shield,obstacle_cluster,Obstacle Cluster,stereo,0060,160,42,2,3,6,loop_prevention,10.500742908175635,7.1353646183502555,0.0,0.42673805356025696,5.0
55,0,ppo_shield,obstacle_cluster,Obstacle Cluster,stereo,0060,161,42,1,3,6,lookahead_safer,208.96061511110005,7.602156333598062,0.0,0.4151366353034973,5.0990195135927845
55,0,ppo_shield,obstacle_cluster,Obstacle Cluster,stereo,0060,162,43,0,3,5,lookahead_safer,209.06622336329573,6.255072940519563,0.0,0.4897933602333069,4.47213595499958
55,0,ppo_shield,obstacle_cluster,Obstacle Cluster,stereo,0060,163,42,0,3,0,lookahead_safer,210.1037386974192,13.14168804557683,0.0,0.3821907341480255,5.385164807134504
55,0,ppo_shield,obstacle_cluster,Obstacle Cluster,stereo,0060,164,41,0,3,0,lookahead_safer,206.856534594618,10.137197421426482,0.0,0.2822323739528656,6.324555320336759
55,0,ppo_shield,obstacle_cluster,Obstacle Cluster,stereo,0060,165,41,1,3,2,loop_prevention,6.479379731914268,5.846378976347738,0.0,0.30656158924102783,6.082762530298219
55,0,ppo_shield,obstacle_cluster,Obstacle Cluster,stereo,0060,166,41,2,3,2,loop_prevention,7.716649534823082,6.929970316378213,0.0,0.31512877345085144,6.0
55,0,ppo_shield,obstacle_cluster,Obstacle Cluster,stereo,0060,167,41,3,3,2,loop_prevention,6.280543120438604,4.270620533228297,0.0,0.30656158924102783,6.082762530298219
55,0,ppo_shield,obstacle_cluster,Obstacle Cluster,stereo,0060,171,45,6,3,4,negative_progress,8.808766061107258,6.914961938293605,0.0,0.4897933602333069,4.47213595499958
55,0,ppo_shield,obstacle_cluster,Obstacle Cluster,stereo,0060,173,47,7,3,4,negative_progress,9.348685399905388,7.1353646183502555,0.0,0.42673805356025696,5.0
55,0,ppo_shield,obstacle_cluster,Obstacle Cluster,stereo,0060,174,48,7,3,4,negative_progress,9.189741995382347,7.602156333598062,0.0,0.4151366353034973,5.0990195135927845
55,0,ppo_shield,obstacle_cluster,Obstacle Cluster,stereo,0060,175,49,6,3,5,negative_progress,9.148802426981026,6.255072940519563,0.0,0.4897933602333069,4.47213595499958
55,0,ppo_shield,obstacle_cluster,Obstacle Cluster,stereo,0060,176,49,7,3,2,negative_progress,13.14168804557683,13.14168804557683,0.0,0.3821907341480255,5.385164807134504
55,0,ppo_shield,obstacle_cluster,Obstacle Cluster,stereo,0060,177,49,8,3,2,negative_progress,10.137197421426482,10.137197421426482,0.0,0.2822323739528656,6.324555320336759
55,0,ppo_shield,obstacle_cluster,Obstacle Cluster,stereo,0060,178,48,8,3,0,negative_progress,6.5068668081894065,5.846378976347738,0.0,0.30656158924102783,6.082762530298219
55,0,ppo_shield,obstacle_cluster,Obstacle Cluster,stereo,0060,179,47,8,3,0,negative_progress,9.215830758382104,6.929970316378213,0.0,0.31512877345085144,6.0
55,0,ppo_shield,obstacle_cluster,Obstacle Cluster,stereo,0060,180,46,8,3,0,negative_progress,9.238409722485255,4.270620533228297,0.0,0.30656158924102783,6.082762530298219
55,0,ppo_shield,obstacle_cluster,Obstacle Cluster,stereo,0060,181,46,7,3,6,negative_progress,7.831257576036393,2.866730468947507,0.0,0.4151366353034973,5.0990195135927845
55,0,ppo_shield,obstacle_cluster,Obstacle Cluster,stereo,0060,182,45,6,3,7,negative_progress+loop_prevention,13.348685399905387,6.392879712446342,0.0,0.4897933602333069,4.47213595499958
55,0,ppo_shield,obstacle_cluster,Obstacle Cluster,stereo,0060,183,44,6,3,0,negative_progress+loop_prevention,14.18568157105947,10.242797753432939,0.0,0.42673805356025696,5.0
55,0,ppo_shield,obstacle_cluster,Obstacle Cluster,stereo,0060,184,43,5,3,7,negative_progress,10.680624301384247,8.1440575433446,0.0,0.42673805356025696,5.0
55,0,ppo_shield,obstacle_cluster,Obstacle Cluster,stereo,0060,185,43,4,3,6,loop_prevention,13.143927237313576,6.914961938293605,0.0,0.4897933602333069,4.47213595499958
55,0,ppo_shield,obstacle_cluster,Obstacle Cluster,stereo,0060,186,42,3,3,7,lookahead_safer,211.7601149000587,11.18568157105947,0.0,0.4151366353034973,5.0990195135927845
55,0,ppo_shield,obstacle_cluster,Obstacle Cluster,stereo,0060,187,42,2,3,6,loop_prevention,10.500742908175635,7.1353646183502555,0.0,0.42673805356025696,5.0
55,0,ppo_shield,obstacle_cluster,Obstacle Cluster,stereo,0060,188,42,1,3,6,lookahead_safer,208.96061511110005,7.602156333598062,0.0,0.4151366353034973,5.0990195135927845
55,0,ppo_shield,obstacle_cluster,Obstacle Cluster,stereo,0060,189,43,0,3,5,lookahead_safer,209.06622336329573,6.255072940519563,0.0,0.4897933602333069,4.47213595499958
55,0,ppo_shield,obstacle_cluster,Obstacle Cluster,stereo,0060,190,42,0,3,0,lookahead_safer,210.1037386974192,13.14168804557683,0.0,0.3821907341480255,5.385164807134504
55,0,ppo_shield,obstacle_cluster,Obstacle Cluster,stereo,0060,191,41,0,3,0,lookahead_safer,206.856534594618,10.137197421426482,0.0,0.2822323739528656,6.324555320336759
55,0,ppo_shield,obstacle_cluster,Obstacle Cluster,stereo,0060,192,41,1,3,2,loop_prevention,6.479379731914268,5.846378976347738,0.0,0.30656158924102783,6.082762530298219
55,0,ppo_shield,obstacle_cluster,Obstacle Cluster,stereo,0060,193,41,2,3,2,loop_prevention,7.716649534823082,6.929970316378213,0.0,0.31512877345085144,6.0
55,0,ppo_shield,obstacle_cluster,Obstacle Cluster,stereo,0060,194,41,3,3,2,loop_prevention,6.280543120438604,4.270620533228297,0.0,0.30656158924102783,6.082762530298219
55,0,ppo_shield,obstacle_cluster,Obstacle Cluster,stereo,0060,198,45,6,3,4,negative_progress,8.808766061107258,6.914961938293605,0.0,0.4897933602333069,4.47213595499958
55,0,ppo_shield,obstacle_cluster,Obstacle Cluster,stereo,0060,200,47,7,3,4,negative_progress,9.348685399905388,7.1353646183502555,0.0,0.42673805356025696,5.0
56,0,ppo_shield,obstacle_cluster,Obstacle Cluster,mono,0060,9,18,16,3,5,lookahead_safer,-1.3720515147578156,-6.745668326788394,0.0,0.12703871726989746,32.202484376209235
56,0,ppo_shield,obstacle_cluster,Obstacle Cluster,mono,0060,10,19,15,3,5,lookahead_safer,-0.7307839113877805,-6.448084439354288,0.0,0.1543273776769638,30.870698080866262
56,0,ppo_shield,obstacle_cluster,Obstacle Cluster,mono,0060,11,20,14,3,5,lookahead_safer,-0.35141146531756406,-6.386942874531913,0.0,0.17009690403938293,29.546573405388315
56,0,ppo_shield,obstacle_cluster,Obstacle Cluster,mono,0060,12,21,13,3,5,lookahead_safer,-0.37682477115939383,-6.588717007309329,0.0,0.17009690403938293,28.231188426986208
56,0,ppo_shield,obstacle_cluster,Obstacle Cluster,mono,0060,13,22,12,3,5,lookahead_safer,-0.8532437934020878,-7.007700956218502,0.0,0.1543273776769638,26.92582403567252
56,0,ppo_shield,obstacle_cluster,Obstacle Cluster,mono,0060,14,23,11,3,5,lookahead_safer,-1.7101126049814368,-7.543843562535218,0.0,0.12703871726989746,25.632011235952593
56,0,ppo_shield,obstacle_cluster,Obstacle Cluster,mono,0060,15,24,10,3,5,lookahead_safer,-2.789250806447245,-8.080756340598569,0.0,0.09488024562597275,24.351591323771842
56,0,ppo_shield,obstacle_cluster,Obstacle Cluster,mono,0060,17,26,10,3,5,lookahead_safer,-2.6442352213696307,-8.329825043301526,0.0,0.10457532852888107,22.47220505424423
56,0,ppo_shield,obstacle_cluster,Obstacle Cluster,mono,0060,19,28,10,3,5,lookahead_safer,-3.0694034525851612,-8.862365730357384,0.0,0.09488024562597275,20.615528128088304
56,0,ppo_shield,obstacle_cluster,Obstacle Cluster,mono,0060,21,30,10,3,5,lookahead_safer,-3.8367114850283217,-9.584852925594243,0.0,0.07086234539747238,18.788294228055936
56,0,ppo_shield,obstacle_cluster,Obstacle Cluster,mono,0060,22,31,9,3,5,lookahead_safer,-5.04434196559304,-10.052459436822925,0.0,0.035862576216459274,17.46424919657298
56,0,ppo_shield,obstacle_cluster,Obstacle Cluster,mono,0060,24,33,9,3,5,lookahead_safer,-5.451001509476647,-10.661179754767451,0.0,0.020004184916615486,15.652475842498529
56,0,ppo_shield,obstacle_cluster,Obstacle Cluster,mono,0060,26,35,9,3,5,lookahead_safer,-5.563675900026576,-11.205208559178374,0.0,0.009185301139950752,13.892443989449804
56,0,ppo_shield,obstacle_cluster,Obstacle Cluster,mono,0060,27,36,8,3,5,lookahead_safer,-5.953026772426728,-11.285368181046959,0.0,0.0034718350507318974,12.529964086141668
56,0,ppo_shield,obstacle_cluster,Obstacle Cluster,mono,0060,28,37,7,3,5,lookahead_safer,-6.2541111601895505,-11.271498126428437,0.0,0.0019230126636102796,11.180339887498949
56,0,ppo_shield,obstacle_cluster,Obstacle Cluster,mono,0060,30,39,7,3,5,lookahead_safer,-5.65212365355941,-11.731734134469297,0.0,0.0051869614981114864,9.433981132056603
56,0,ppo_shield,obstacle_cluster,Obstacle Cluster,mono,0060,31,40,6,3,5,lookahead_safer,-5.954784276007825,-11.725286057951488,0.0,0.004160548560321331,8.06225774829855
56,0,ppo_shield,obstacle_cluster,Obstacle Cluster,mono,0060,32,41,5,3,5,lookahead_safer,-6.312648119461636,-11.599343714082742,0.0,0.0029888697899878025,6.708203932499369
56,0,ppo_shield,obstacle_cluster,Obstacle Cluster,mono,0060,34,43,5,3,5,lookahead_safer,-5.045169138950278,-12.334853014127068,0.0,0.0051869614981114864,5.0
56,0,ppo_shield,obstacle_cluster,Obstacle Cluster,mono,0060,35,44,4,3,5,lookahead_safer,-5.217361662842877,-12.16324167496812,0.0,0.0029888697899878025,3.605551275463989
56,0,ppo_shield,obstacle_cluster,Obstacle Cluster,mono,0060,36,45,3,3,5,lookahead_safer,-5.1344003384413535,-11.446017338904102,0.0,0.0015424806624650955,2.23606797749979
56,0,ppo_shield,obstacle_cluster,Obstacle Cluster,mono,0060,38,47,3,3,5,negative_progress,-0.024828104652845795,-6.9251358206940274,0.0,0.001722268876619637,1.0
56,0,ppo_shield,obstacle_cluster,Obstacle Cluster,mono,0060,39,47,2,3,6,negative_progress,1.9639223662736112,-4.130419577485494,0.0,0.0007328609353862703,0.0
57,0,ppo_shield,lateral_maneuver,Lateral Maneuver,stereo,0010,8,10,9,3,4,lookahead_safer,3.0458748950116723,-3.3887731735223325,0.0,0.0008037225343286991,45.60701700396552
57,0,ppo_shield,lateral_maneuver,Lateral Maneuver,stereo,0010,28,30,28,3,4,obstacle_risk,208.9070793540547,-1.6648693518395141,0.06269289553165436,0.22477245330810547,18.35755975068582
57,0,ppo_shield,lateral_maneuver,Lateral Maneuver,stereo,0010,39,41,37,3,5,lookahead_safer,-3.6343537983092937,-8.786592885485222,0.0,0.028044605627655983,5.0
57,0,ppo_shield,lateral_maneuver,Lateral Maneuver,stereo,0010,41,43,37,3,5,obstacle_risk,211.45071395839287,-8.740985701044089,0.0,0.009294632822275162,3.0
57,0,ppo_shield,lateral_maneuver,Lateral Maneuver,stereo,0010,42,44,37,3,4,obstacle_risk,203.0463590798828,-8.61777834488105,0.0,0.005020575597882271,2.0
57,0,ppo_shield,lateral_maneuver,Lateral Maneuver,stereo,0010,43,45,36,3,5,lookahead_safer,1.4813867690145317,-4.671691435937649,0.0,0.002770117251202464,1.4142135623730951
58,0,ppo_shield,lateral_maneuver,Lateral Maneuver,mono,0010,38,40,38,3,5,obstacle_risk,10221.63945396261,-4.449560467735937,0.0,0.2997782230377197,6.082762530298219
58,0,ppo_shield,lateral_maneuver,Lateral Maneuver,mono,0010,39,41,37,3,5,lookahead_safer,3.6401667416797796,-3.9131795904433,0.0,0.28307971358299255,5.0
58,0,ppo_shield,lateral_maneuver,Lateral Maneuver,mono,0010,41,43,37,3,5,obstacle_risk,214.0822542705791,-2.9867495035536957,0.0,0.3560197055339813,3.0
58,0,ppo_shield,lateral_maneuver,Lateral Maneuver,mono,0010,43,45,37,3,5,obstacle_risk,10227.102676122267,0.6158618919460634,0.0,0.3560197055339813,1.0
58,0,ppo_shield,lateral_maneuver,Lateral Maneuver,mono,0010,44,46,37,3,4,obstacle_risk,222.41228302817777,5.021835883371272,0.11824844777584076,0.3266909122467041,0.0
59,0,ppo_shield,stress_density,Stress Density,stereo,0040,8,10,9,3,4,obstacle_risk,10212.594640864329,-7.473068098834482,0.0,0.00020957177912350744,19.0
59,0,ppo_shield,stress_density,Stress Density,stereo,0040,9,11,9,3,4,obstacle_risk,210.69142976967163,-7.548629550853123,0.0,0.000594196782913059,18.0
59,0,ppo_shield,stress_density,Stress Density,stereo,0040,10,12,9,3,4,obstacle_risk,10212.47605528982,-7.603716623891766,0.0,0.0015595598379150033,17.0
59,0,ppo_shield,stress_density,Stress Density,stereo,0040,11,13,9,3,4,obstacle_risk,10211.893979905299,-7.61868044535319,0.0,0.003789204638451338,16.0
59,0,ppo_shield,stress_density,Stress Density,stereo,0040,12,14,9,3,4,obstacle_risk,10212.549292310843,-7.56205096381406,0.0,0.008522526361048222,15.0
59,0,ppo_shield,stress_density,Stress Density,stereo,0040,13,15,9,3,4,obstacle_risk,10212.756181550054,-7.389818677306175,0.0,0.017744462937116623,14.0
59,0,ppo_shield,stress_density,Stress Density,stereo,0040,14,16,8,3,5,obstacle_risk,10213.131512490665,-7.074944680922719,0.0,0.024163832888007164,13.038404810405298
59,0,ppo_shield,stress_density,Stress Density,stereo,0040,16,18,8,3,5,obstacle_risk,210.9471329999441,-6.194872684990976,0.0,0.07120757550001144,11.045361017187261
59,0,ppo_shield,stress_density,Stress Density,stereo,0040,18,20,8,3,5,obstacle_risk,10216.963383056916,-4.719058299782521,0.0,0.15409323573112488,9.055385138137417
59,0,ppo_shield,stress_density,Stress Density,stereo,0040,20,22,8,3,5,obstacle_risk,10219.203639550191,-3.3885044824786505,0.0,0.2448713779449463,7.0710678118654755
59,0,ppo_shield,stress_density,Stress Density,stereo,0040,22,24,8,3,5,obstacle_risk,10219.81989703326,-3.0869101429146033,0.0,0.28575214743614197,5.0990195135927845
59,0,ppo_shield,stress_density,Stress Density,stereo,0040,24,26,8,3,5,obstacle_risk,10218.1604782875,-3.931727892594751,0.0,0.2448713779449463,3.1622776601683795
59,0,ppo_shield,stress_density,Stress Density,stereo,0040,26,28,9,3,4,obstacle_risk,10219.253512572375,-2.47928481400013,0.0,0.21809686720371246,1.0
59,0,ppo_shield,stress_density,Stress Density,stereo,0040,27,29,9,3,4,obstacle_risk,10222.358687707781,-1.5831696872909864,0.0,0.15409323573112488,0.0
60,0,ppo_shield,stress_density,Stress Density,mono,0040,16,18,16,3,5,lookahead_safer,-5.683706521160411,-11.522303751736093,0.0,3.8397703860937327e-07,13.038404810405298
60,0,ppo_shield,stress_density,Stress Density,mono,0040,17,19,15,3,5,lookahead_safer,-5.916202683145228,-11.560876750636123,0.0,7.075985308802046e-07,11.661903789690601
60,0,ppo_shield,stress_density,Stress Density,mono,0040,18,20,14,3,5,lookahead_safer,-6.171049562269184,-11.558581311805352,0.0,1.186930376206874e-06,10.295630140987
60,0,ppo_shield,stress_density,Stress Density,mono,0040,19,21,13,3,5,lookahead_safer,-6.455672902598824,-11.48700929253686,0.0,1.8122589153790614e-06,8.94427190999916
60,0,ppo_shield,stress_density,Stress Density,mono,0040,21,23,13,3,5,lookahead_safer,-5.781759862432174,-12.090089743085548,0.0,1.0820405805134214e-05,7.211102550927978
60,0,ppo_shield,stress_density,Stress Density,mono,0040,22,24,12,3,5,lookahead_safer,-6.026148554276743,-12.024563901758913,0.0,1.3688374565390404e-05,5.830951894845301
60,0,ppo_shield,stress_density,Stress Density,mono,0040,23,25,11,3,5,lookahead_safer,-6.325936737984325,-11.669565029224131,0.0,1.576220165588893e-05,4.47213595499958
60,0,ppo_shield,stress_density,Stress Density,mono,0040,25,27,11,3,5,lookahead_safer,-3.7242266701695916,-12.785714961460862,0.0,6.46051048533991e-05,2.8284271247461903
60,0,ppo_shield,stress_density,Stress Density,mono,0040,26,28,10,3,5,negative_progress,-2.6745611855069,-8.851574565492875,0.0,6.163752550492063e-05,1.4142135623730951
60,0,ppo_shield,stress_density,Stress Density,mono,0040,27,29,9,3,5,negative_progress,-1.1098073492758165,-6.211872084075021,0.0,5.352789594326168e-05,0.0
61,1,ppo_shield,baseline_open,Baseline Open,stereo,0020,12,14,14,3,5,obstacle_risk,213.82543649861177,0.3312428522722116,0.0,0.0011345003731548786,37.8021163428716
61,1,ppo_shield,baseline_open,Baseline Open,stereo,0020,14,16,15,3,4,obstacle_risk,285.0428869571854,2.132037098597925,0.032021600753068924,0.007820947095751762,35.805027579936315
61,1,ppo_shield,baseline_open,Baseline Open,stereo,0020,15,17,14,3,5,obstacle_risk,213.845281503778,6.87274547284977,0.16396604478359222,0.00838974118232727,36.05551275463989
61,1,ppo_shield,baseline_open,Baseline Open,stereo,0020,21,23,19,3,4,lookahead_safer,210.4709248915237,10.137706020340357,0.0,0.47520506381988525,28.653097563788805
61,1,ppo_shield,baseline_open,Baseline Open,stereo,0020,22,24,18,3,5,lookahead_safer,217.78179972646765,10.60619591266318,0.0,0.41295483708381653,29.068883707497267
61,1,ppo_shield,baseline_open,Baseline Open,stereo,0020,23,25,18,3,4,lookahead_safer,205.13644334816206,6.252352220444068,0.0,0.42770782113075256,28.635642126552707
61,1,ppo_shield,baseline_open,Baseline Open,stereo,0020,24,26,18,3,4,lookahead_safer,205.0616431379855,6.252801249110912,0.0,0.41295483708381653,28.231188426986208
61,1,ppo_shield,baseline_open,Baseline Open,stereo,0020,26,28,19,3,4,obstacle_risk,209.97182310856206,6.015442323663206,0.019290123134851456,0.3987107276916504,26.570660511172846
61,1,ppo_shield,baseline_open,Baseline Open,stereo,0020,38,38,31,3,1,lookahead_safer,-2.440918135310941,-8.53246877700139,0.0,0.00011585203901631758,13.038404810405298
61,1,ppo_shield,baseline_open,Baseline Open,stereo,0020,39,38,32,3,2,lookahead_safer,-2.25465280011276,-7.566453167127762,0.0,5.9464218793436885e-05,12.041594578792296
61,1,ppo_shield,baseline_open,Baseline Open,stereo,0020,40,38,33,3,2,lookahead_safer,0.24180436694159627,-6.120735722334496,0.0,2.845237213477958e-05,11.045361017187261
61,1,ppo_shield,baseline_open,Baseline Open,stereo,0020,41,38,34,3,2,lookahead_safer,5.880948620165332,-0.9203996043210965,0.078125,1.2690887160715647e-05,10.04987562112089
61,1,ppo_shield,baseline_open,Baseline Open,stereo,0020,43,38,35,3,0,obstacle_risk,214.7640042969094,8.226572996810795,0.1905864179134369,5.27686779605574e-06,9.055385138137417
61,1,ppo_shield,baseline_open,Baseline Open,stereo,0020,44,38,34,3,6,obstacle_risk,217.6861874165592,14.529479790928123,0.078125,1.2690887160715647e-05,10.04987562112089
61,1,ppo_shield,baseline_open,Baseline Open,stereo,0020,45,38,35,3,2,loop_prevention,13.593125408962377,8.074917177670782,0.1905864179134369,5.27686779605574e-06,9.055385138137417
61,1,ppo_shield,baseline_open,Baseline Open,stereo,0020,46,38,34,3,6,obstacle_risk,217.6861874165592,14.529479790928123,0.078125,1.2690887160715647e-05,10.04987562112089
61,1,ppo_shield,baseline_open,Baseline Open,stereo,0020,47,38,35,3,2,loop_prevention,13.593125408962377,8.074917177670782,0.1905864179134369,5.27686779605574e-06,9.055385138137417
61,1,ppo_shield,baseline_open,Baseline Open,stereo,0020,48,38,34,3,6,obstacle_risk,217.6861874165592,14.529479790928123,0.078125,1.2690887160715647e-05,10.04987562112089
61,1,ppo_shield,baseline_open,Baseline Open,stereo,0020,49,38,33,3,6,loop_prevention,13.593125408962377,6.337859066022533,0.0,2.845237213477958e-05,11.045361017187261
61,1,ppo_shield,baseline_open,Baseline Open,stereo,0020,55,42,39,3,1,lookahead_safer,0.8385621941376349,-9.083733277234705,0.0,1.1578837888492899e-09,7.0710678118654755
61,1,ppo_shield,baseline_open,Baseline Open,stereo,0020,57,42,41,3,1,negative_progress,-2.623365170056465,-9.992703311585679,0.0,9.24808007951583e-11,5.830951894845301
61,1,ppo_shield,baseline_open,Baseline Open,stereo,0020,58,41,42,3,1,negative_progress,-1.7099238549216038,-7.213511503928744,0.041473761200904846,7.491759296263112e-11,4.47213595499958
61,1,ppo_shield,baseline_open,Baseline Open,stereo,0020,59,41,43,3,2,negative_progress,0.3496460450010418,-3.8680568966668982,0.0,1.7764539839149052e-11,4.123105625617661
61,1,ppo_shield,baseline_open,Baseline Open,stereo,0020,60,40,44,3,1,negative_progress,2.006263976905235,-4.973593033237515,0.16782405972480774,1.1657848297819129e-11,3.0
61,1,ppo_shield,baseline_open,Baseline Open,stereo,0020,61,39,45,3,1,negative_progress,5.320554967730298,-7.316413147347001,0.0,2.0833933536690274e-11,2.23606797749979
61,1,ppo_shield,baseline_open,Baseline Open,stereo,0020,62,38,45,3,0,negative_progress,8.898576794147658,-4.5012301481260915,0.0,8.812445911887679e-11,1.4142135623730951
61,1,ppo_shield,baseline_open,Baseline Open,stereo,0020,63,37,44,3,7,negative_progress,3.7966459669093213,-2.784879727272144,0.11516202986240387,7.779922261974548e-10,0.0
62,1,ppo_shield,baseline_open,Baseline Open,mono,0020,36,37,40,3,2,lookahead_safer,1.2776108640291315,-6.934298752744992,0.0,0.07582574337720871,4.0
62,1,ppo_shield,baseline_open,Baseline Open,mono,0020,37,37,41,3,2,lookahead_safer,1.7476478602119117,-6.1100359926621115,0.0,0.1179095208644867,3.0
62,1,ppo_shield,baseline_open,Baseline Open,mono,0020,39,37,43,3,1,obstacle_risk,219.96904481745563,-2.2037612604688945,0.0,0.23895734548568726,1.0
62,1,ppo_shield,baseline_open,Baseline Open,mono,0020,41,37,44,3,0,negative_progress,18.983336660901106,1.2779541055361427,0.0,0.3114294707775116,0.0
63,1,ppo_shield,dense_corridor,Dense Corridor,stereo,0050,1,10,11,3,5,obstacle_risk,10297.152616576292,286.4555452903726,0.5509259104728699,0.014040744863450527,38.3275357934736
63,1,ppo_shield,dense_corridor,Dense Corridor,stereo,0050,2,9,12,3,1,obstacle_risk,397.09187825708324,133.14858004302238,0.49035486578941345,0.019639182835817337,39.56008088970496
63,1,ppo_shield,dense_corridor,Dense Corridor,stereo,0050,3,10,11,3,5,obstacle_risk,10298.152616576292,290.4555452903726,0.5509259104728699,0.014040744863450527,38.3275357934736
63,1,ppo_shield,dense_corridor,Dense Corridor,stereo,0050,4,9,12,3,1,obstacle_risk,397.09187825708324,133.14858004302238,0.49035486578941345,0.019639182835817337,39.56008088970496
63,1,ppo_shield,dense_corridor,Dense Corridor,stereo,0050,5,10,11,3,5,obstacle_risk,10298.152616576292,290.4555452903726,0.5509259104728699,0.014040744863450527,38.3275357934736
63,1,ppo_shield,dense_corridor,Dense Corridor,stereo,0050,6,9,12,3,1,obstacle_risk,397.09187825708324,133.14858004302238,0.49035486578941345,0.019639182835817337,39.56008088970496
63,1,ppo_shield,dense_corridor,Dense Corridor,stereo,0050,7,10,11,3,5,obstacle_risk,10298.152616576292,290.4555452903726,0.5509259104728699,0.014040744863450527,38.3275357934736
63,1,ppo_shield,dense_corridor,Dense Corridor,stereo,0050,8,9,12,3,1,obstacle_risk,397.09187825708324,133.14858004302238,0.49035486578941345,0.019639182835817337,39.56008088970496
63,1,ppo_shield,dense_corridor,Dense Corridor,stereo,0050,9,10,11,3,5,obstacle_risk,10298.152616576292,290.4555452903726,0.5509259104728699,0.014040744863450527,38.3275357934736
63,1,ppo_shield,dense_corridor,Dense Corridor,stereo,0050,10,9,12,3,1,obstacle_risk,397.09187825708324,133.14858004302238,0.49035486578941345,0.019639182835817337,39.56008088970496
63,1,ppo_shield,dense_corridor,Dense Corridor,stereo,0050,11,10,11,3,5,obstacle_risk,10298.152616576292,290.4555452903726,0.5509259104728699,0.014040744863450527,38.3275357934736
63,1,ppo_shield,dense_corridor,Dense Corridor,stereo,0050,12,9,12,3,1,obstacle_risk,397.09187825708324,133.14858004302238,0.49035486578941345,0.019639182835817337,39.56008088970496
63,1,ppo_shield,dense_corridor,Dense Corridor,stereo,0050,13,10,11,3,5,obstacle_risk,10298.152616576292,290.4555452903726,0.5509259104728699,0.014040744863450527,38.3275357934736
63,1,ppo_shield,dense_corridor,Dense Corridor,stereo,0050,14,9,12,3,1,obstacle_risk,397.09187825708324,133.14858004302238,0.49035486578941345,0.019639182835817337,39.56008088970496
63,1,ppo_shield,dense_corridor,Dense Corridor,stereo,0050,15,10,11,3,5,obstacle_risk,10298.152616576292,290.4555452903726,0.5509259104728699,0.014040744863450527,38.3275357934736
63,1,ppo_shield,dense_corridor,Dense Corridor,stereo,0050,16,9,12,3,1,obstacle_risk,397.09187825708324,133.14858004302238,0.49035486578941345,0.019639182835817337,39.56008088970496
63,1,ppo_shield,dense_corridor,Dense Corridor,stereo,0050,17,10,11,3,5,obstacle_risk,10298.152616576292,290.4555452903726,0.5509259104728699,0.014040744863450527,38.3275357934736
63,1,ppo_shield,dense_corridor,Dense Corridor,stereo,0050,18,9,12,3,1,obstacle_risk,397.09187825708324,133.14858004302238,0.49035486578941345,0.019639182835817337,39.56008088970496
63,1,ppo_shield,dense_corridor,Dense Corridor,stereo,0050,19,10,11,3,5,obstacle_risk,10298.152616576292,290.4555452903726,0.5509259104728699,0.014040744863450527,38.3275357934736
63,1,ppo_shield,dense_corridor,Dense Corridor,stereo,0050,20,9,12,3,1,obstacle_risk,397.09187825708324,133.14858004302238,0.49035486578941345,0.019639182835817337,39.56008088970496
63,1,ppo_shield,dense_corridor,Dense Corridor,stereo,0050,21,10,11,3,5,obstacle_risk,10298.152616576292,290.4555452903726,0.5509259104728699,0.014040744863450527,38.3275357934736
63,1,ppo_shield,dense_corridor,Dense Corridor,stereo,0050,22,9,12,3,1,obstacle_risk,397.09187825708324,133.14858004302238,0.49035486578941345,0.019639182835817337,39.56008088970496
63,1,ppo_shield,dense_corridor,Dense Corridor,stereo,0050,23,10,11,3,5,obstacle_risk,10298.152616576292,290.4555452903726,0.5509259104728699,0.014040744863450527,38.3275357934736
63,1,ppo_shield,dense_corridor,Dense Corridor,stereo,0050,24,9,12,3,1,obstacle_risk,397.09187825708324,133.14858004302238,0.49035486578941345,0.019639182835817337,39.56008088970496
63,1,ppo_shield,dense_corridor,Dense Corridor,stereo,0050,25,10,11,3,5,obstacle_risk,10298.152616576292,290.4555452903726,0.5509259104728699,0.014040744863450527,38.3275357934736
63,1,ppo_shield,dense_corridor,Dense Corridor,stereo,0050,26,9,12,3,1,obstacle_risk,397.09187825708324,133.14858004302238,0.49035486578941345,0.019639182835817337,39.56008088970496
63,1,ppo_shield,dense_corridor,Dense Corridor,stereo,0050,27,10,11,3,5,obstacle_risk,10298.152616576292,290.4555452903726,0.5509259104728699,0.014040744863450527,38.3275357934736
63,1,ppo_shield,dense_corridor,Dense Corridor,stereo,0050,28,9,12,3,1,obstacle_risk,397.09187825708324,133.14858004302238,0.49035486578941345,0.019639182835817337,39.56008088970496
63,1,ppo_shield,dense_corridor,Dense Corridor,stereo,0050,29,10,11,3,5,obstacle_risk,10298.152616576292,290.4555452903726,0.5509259104728699,0.014040744863450527,38.3275357934736
63,1,ppo_shield,dense_corridor,Dense Corridor,stereo,0050,30,9,12,3,1,obstacle_risk,397.09187825708324,133.14858004302238,0.49035486578941345,0.019639182835817337,39.56008088970496
63,1,ppo_shield,dense_corridor,Dense Corridor,stereo,0050,31,10,11,3,5,obstacle_risk,10298.152616576292,290.4555452903726,0.5509259104728699,0.014040744863450527,38.3275357934736
63,1,ppo_shield,dense_corridor,Dense Corridor,stereo,0050,32,9,12,3,1,obstacle_risk,397.09187825708324,133.14858004302238,0.49035486578941345,0.019639182835817337,39.56008088970496
63,1,ppo_shield,dense_corridor,Dense Corridor,stereo,0050,33,10,11,3,5,obstacle_risk,10298.152616576292,290.4555452903726,0.5509259104728699,0.014040744863450527,38.3275357934736
63,1,ppo_shield,dense_corridor,Dense Corridor,stereo,0050,34,9,12,3,1,obstacle_risk,397.09187825708324,133.14858004302238,0.49035486578941345,0.019639182835817337,39.56008088970496
63,1,ppo_shield,dense_corridor,Dense Corridor,stereo,0050,35,10,11,3,5,obstacle_risk,10298.152616576292,290.4555452903726,0.5509259104728699,0.014040744863450527,38.3275357934736
63,1,ppo_shield,dense_corridor,Dense Corridor,stereo,0050,36,9,12,3,1,obstacle_risk,397.09187825708324,133.14858004302238,0.49035486578941345,0.019639182835817337,39.56008088970496
63,1,ppo_shield,dense_corridor,Dense Corridor,stereo,0050,37,10,11,3,5,obstacle_risk,10298.152616576292,290.4555452903726,0.5509259104728699,0.014040744863450527,38.3275357934736
63,1,ppo_shield,dense_corridor,Dense Corridor,stereo,0050,38,9,12,3,1,obstacle_risk,397.09187825708324,133.14858004302238,0.49035486578941345,0.019639182835817337,39.56008088970496
63,1,ppo_shield,dense_corridor,Dense Corridor,stereo,0050,39,10,11,3,5,obstacle_risk,10298.152616576292,290.4555452903726,0.5509259104728699,0.014040744863450527,38.3275357934736
63,1,ppo_shield,dense_corridor,Dense Corridor,stereo,0050,40,9,12,3,1,obstacle_risk,397.09187825708324,133.14858004302238,0.49035486578941345,0.019639182835817337,39.56008088970496
63,1,ppo_shield,dense_corridor,Dense Corridor,stereo,0050,41,10,11,3,5,obstacle_risk,10298.152616576292,290.4555452903726,0.5509259104728699,0.014040744863450527,38.3275357934736
63,1,ppo_shield,dense_corridor,Dense Corridor,stereo,0050,42,9,12,3,1,obstacle_risk,397.09187825708324,133.14858004302238,0.49035486578941345,0.019639182835817337,39.56008088970496
63,1,ppo_shield,dense_corridor,Dense Corridor,stereo,0050,43,10,11,3,5,obstacle_risk,10298.152616576292,290.4555452903726,0.5509259104728699,0.014040744863450527,38.3275357934736
63,1,ppo_shield,dense_corridor,Dense Corridor,stereo,0050,44,9,12,3,1,obstacle_risk,397.09187825708324,133.14858004302238,0.49035486578941345,0.019639182835817337,39.56008088970496
63,1,ppo_shield,dense_corridor,Dense Corridor,stereo,0050,45,10,11,3,5,obstacle_risk,10298.152616576292,290.4555452903726,0.5509259104728699,0.014040744863450527,38.3275357934736
63,1,ppo_shield,dense_corridor,Dense Corridor,stereo,0050,46,9,12,3,1,obstacle_risk,397.09187825708324,133.14858004302238,0.49035486578941345,0.019639182835817337,39.56008088970496
63,1,ppo_shield,dense_corridor,Dense Corridor,stereo,0050,47,10,11,3,5,obstacle_risk,10298.152616576292,290.4555452903726,0.5509259104728699,0.014040744863450527,38.3275357934736
63,1,ppo_shield,dense_corridor,Dense Corridor,stereo,0050,48,9,12,3,1,obstacle_risk,397.09187825708324,133.14858004302238,0.49035486578941345,0.019639182835817337,39.56008088970496
63,1,ppo_shield,dense_corridor,Dense Corridor,stereo,0050,49,10,11,3,5,obstacle_risk,10298.152616576292,290.4555452903726,0.5509259104728699,0.014040744863450527,38.3275357934736
63,1,ppo_shield,dense_corridor,Dense Corridor,stereo,0050,50,9,12,3,1,obstacle_risk,397.09187825708324,133.14858004302238,0.49035486578941345,0.019639182835817337,39.56008088970496
63,1,ppo_shield,dense_corridor,Dense Corridor,stereo,0050,51,10,11,3,5,obstacle_risk,10298.152616576292,290.4555452903726,0.5509259104728699,0.014040744863450527,38.3275357934736
63,1,ppo_shield,dense_corridor,Dense Corridor,stereo,0050,52,9,12,3,1,obstacle_risk,397.09187825708324,133.14858004302238,0.49035486578941345,0.019639182835817337,39.56008088970496
63,1,ppo_shield,dense_corridor,Dense Corridor,stereo,0050,53,10,11,3,5,obstacle_risk,10298.152616576292,290.4555452903726,0.5509259104728699,0.014040744863450527,38.3275357934736
63,1,ppo_shield,dense_corridor,Dense Corridor,stereo,0050,54,9,12,3,1,obstacle_risk,397.09187825708324,133.14858004302238,0.49035486578941345,0.019639182835817337,39.56008088970496
63,1,ppo_shield,dense_corridor,Dense Corridor,stereo,0050,55,10,11,3,5,obstacle_risk,10298.152616576292,290.4555452903726,0.5509259104728699,0.014040744863450527,38.3275357934736
63,1,ppo_shield,dense_corridor,Dense Corridor,stereo,0050,56,9,12,3,1,obstacle_risk,397.09187825708324,133.14858004302238,0.49035486578941345,0.019639182835817337,39.56008088970496
63,1,ppo_shield,dense_corridor,Dense Corridor,stereo,0050,57,10,11,3,5,obstacle_risk,10298.152616576292,290.4555452903726,0.5509259104728699,0.014040744863450527,38.3275357934736
63,1,ppo_shield,dense_corridor,Dense Corridor,stereo,0050,58,9,12,3,1,obstacle_risk,397.09187825708324,133.14858004302238,0.49035486578941345,0.019639182835817337,39.56008088970496
63,1,ppo_shield,dense_corridor,Dense Corridor,stereo,0050,59,10,11,3,5,obstacle_risk,10298.152616576292,290.4555452903726,0.5509259104728699,0.014040744863450527,38.3275357934736
63,1,ppo_shield,dense_corridor,Dense Corridor,stereo,0050,60,9,12,3,1,obstacle_risk,397.09187825708324,133.14858004302238,0.49035486578941345,0.019639182835817337,39.56008088970496
63,1,ppo_shield,dense_corridor,Dense Corridor,stereo,0050,61,10,11,3,5,obstacle_risk,10298.152616576292,290.4555452903726,0.5509259104728699,0.014040744863450527,38.3275357934736
63,1,ppo_shield,dense_corridor,Dense Corridor,stereo,0050,62,9,12,3,1,obstacle_risk,397.09187825708324,133.14858004302238,0.49035486578941345,0.019639182835817337,39.56008088970496
63,1,ppo_shield,dense_corridor,Dense Corridor,stereo,0050,63,10,11,3,5,obstacle_risk,10298.152616576292,290.4555452903726,0.5509259104728699,0.014040744863450527,38.3275357934736
63,1,ppo_shield,dense_corridor,Dense Corridor,stereo,0050,64,9,12,3,1,obstacle_risk,397.09187825708324,133.14858004302238,0.49035486578941345,0.019639182835817337,39.56008088970496
63,1,ppo_shield,dense_corridor,Dense Corridor,stereo,0050,65,10,11,3,5,obstacle_risk,10298.152616576292,290.4555452903726,0.5509259104728699,0.014040744863450527,38.3275357934736
63,1,ppo_shield,dense_corridor,Dense Corridor,stereo,0050,66,9,12,3,1,obstacle_risk,397.09187825708324,133.14858004302238,0.49035486578941345,0.019639182835817337,39.56008088970496
63,1,ppo_shield,dense_corridor,Dense Corridor,stereo,0050,67,10,11,3,5,obstacle_risk,10298.152616576292,290.4555452903726,0.5509259104728699,0.014040744863450527,38.3275357934736
63,1,ppo_shield,dense_corridor,Dense Corridor,stereo,0050,68,9,12,3,1,obstacle_risk,397.09187825708324,133.14858004302238,0.49035486578941345,0.019639182835817337,39.56008088970496
63,1,ppo_shield,dense_corridor,Dense Corridor,stereo,0050,69,10,11,3,5,obstacle_risk,10298.152616576292,290.4555452903726,0.5509259104728699,0.014040744863450527,38.3275357934736
63,1,ppo_shield,dense_corridor,Dense Corridor,stereo,0050,70,9,12,3,1,obstacle_risk,397.09187825708324,133.14858004302238,0.49035486578941345,0.019639182835817337,39.56008088970496
63,1,ppo_shield,dense_corridor,Dense Corridor,stereo,0050,71,10,11,3,5,obstacle_risk,10298.152616576292,290.4555452903726,0.5509259104728699,0.014040744863450527,38.3275357934736
63,1,ppo_shield,dense_corridor,Dense Corridor,stereo,0050,72,9,12,3,1,obstacle_risk,397.09187825708324,133.14858004302238,0.49035486578941345,0.019639182835817337,39.56008088970496
63,1,ppo_shield,dense_corridor,Dense Corridor,stereo,0050,73,10,11,3,5,obstacle_risk,10298.152616576292,290.4555452903726,0.5509259104728699,0.014040744863450527,38.3275357934736
63,1,ppo_shield,dense_corridor,Dense Corridor,stereo,0050,74,9,12,3,1,obstacle_risk,397.09187825708324,133.14858004302238,0.49035486578941345,0.019639182835817337,39.56008088970496
63,1,ppo_shield,dense_corridor,Dense Corridor,stereo,0050,75,10,11,3,5,obstacle_risk,10298.152616576292,290.4555452903726,0.5509259104728699,0.014040744863450527,38.3275357934736
63,1,ppo_shield,dense_corridor,Dense Corridor,stereo,0050,76,9,12,3,1,obstacle_risk,397.09187825708324,133.14858004302238,0.49035486578941345,0.019639182835817337,39.56008088970496
63,1,ppo_shield,dense_corridor,Dense Corridor,stereo,0050,77,10,11,3,5,obstacle_risk,10298.152616576292,290.4555452903726,0.5509259104728699,0.014040744863450527,38.3275357934736
63,1,ppo_shield,dense_corridor,Dense Corridor,stereo,0050,78,9,12,3,1,obstacle_risk,397.09187825708324,133.14858004302238,0.49035486578941345,0.019639182835817337,39.56008088970496
63,1,ppo_shield,dense_corridor,Dense Corridor,stereo,0050,79,10,11,3,5,obstacle_risk,10298.152616576292,290.4555452903726,0.5509259104728699,0.014040744863450527,38.3275357934736
63,1,ppo_shield,dense_corridor,Dense Corridor,stereo,0050,80,9,12,3,1,obstacle_risk,397.09187825708324,133.14858004302238,0.49035486578941345,0.019639182835817337,39.56008088970496
63,1,ppo_shield,dense_corridor,Dense Corridor,stereo,0050,81,10,11,3,5,obstacle_risk,10298.152616576292,290.4555452903726,0.5509259104728699,0.014040744863450527,38.3275357934736
63,1,ppo_shield,dense_corridor,Dense Corridor,stereo,0050,82,9,12,3,1,obstacle_risk,397.09187825708324,133.14858004302238,0.49035486578941345,0.019639182835817337,39.56008088970496
63,1,ppo_shield,dense_corridor,Dense Corridor,stereo,0050,83,10,11,3,5,obstacle_risk,10298.152616576292,290.4555452903726,0.5509259104728699,0.014040744863450527,38.3275357934736
63,1,ppo_shield,dense_corridor,Dense Corridor,stereo,0050,84,9,12,3,1,obstacle_risk,397.09187825708324,133.14858004302238,0.49035486578941345,0.019639182835817337,39.56008088970496
63,1,ppo_shield,dense_corridor,Dense Corridor,stereo,0050,85,10,11,3,5,obstacle_risk,10298.152616576292,290.4555452903726,0.5509259104728699,0.014040744863450527,38.3275357934736
63,1,ppo_shield,dense_corridor,Dense Corridor,stereo,0050,86,9,12,3,1,obstacle_risk,397.09187825708324,133.14858004302238,0.49035486578941345,0.019639182835817337,39.56008088970496
63,1,ppo_shield,dense_corridor,Dense Corridor,stereo,0050,87,10,11,3,5,obstacle_risk,10298.152616576292,290.4555452903726,0.5509259104728699,0.014040744863450527,38.3275357934736
63,1,ppo_shield,dense_corridor,Dense Corridor,stereo,0050,88,9,12,3,1,obstacle_risk,397.09187825708324,133.14858004302238,0.49035486578941345,0.019639182835817337,39.56008088970496
63,1,ppo_shield,dense_corridor,Dense Corridor,stereo,0050,89,10,11,3,5,obstacle_risk,10298.152616576292,290.4555452903726,0.5509259104728699,0.014040744863450527,38.3275357934736
63,1,ppo_shield,dense_corridor,Dense Corridor,stereo,0050,90,9,12,3,1,obstacle_risk,397.09187825708324,133.14858004302238,0.49035486578941345,0.019639182835817337,39.56008088970496
63,1,ppo_shield,dense_corridor,Dense Corridor,stereo,0050,91,10,11,3,5,obstacle_risk,10298.152616576292,290.4555452903726,0.5509259104728699,0.014040744863450527,38.3275357934736
63,1,ppo_shield,dense_corridor,Dense Corridor,stereo,0050,92,9,12,3,1,obstacle_risk,397.09187825708324,133.14858004302238,0.49035486578941345,0.019639182835817337,39.56008088970496
63,1,ppo_shield,dense_corridor,Dense Corridor,stereo,0050,93,10,11,3,5,obstacle_risk,10298.152616576292,290.4555452903726,0.5509259104728699,0.014040744863450527,38.3275357934736
63,1,ppo_shield,dense_corridor,Dense Corridor,stereo,0050,94,9,12,3,1,obstacle_risk,397.09187825708324,133.14858004302238,0.49035486578941345,0.019639182835817337,39.56008088970496
63,1,ppo_shield,dense_corridor,Dense Corridor,stereo,0050,95,10,11,3,5,obstacle_risk,10298.152616576292,290.4555452903726,0.5509259104728699,0.014040744863450527,38.3275357934736
63,1,ppo_shield,dense_corridor,Dense Corridor,stereo,0050,96,9,12,3,1,obstacle_risk,397.09187825708324,133.14858004302238,0.49035486578941345,0.019639182835817337,39.56008088970496
63,1,ppo_shield,dense_corridor,Dense Corridor,stereo,0050,97,10,11,3,5,obstacle_risk,10298.152616576292,290.4555452903726,0.5509259104728699,0.014040744863450527,38.3275357934736
63,1,ppo_shield,dense_corridor,Dense Corridor,stereo,0050,98,9,12,3,1,obstacle_risk,397.09187825708324,133.14858004302238,0.49035486578941345,0.019639182835817337,39.56008088970496
63,1,ppo_shield,dense_corridor,Dense Corridor,stereo,0050,99,10,11,3,5,obstacle_risk,10298.152616576292,290.4555452903726,0.5509259104728699,0.014040744863450527,38.3275357934736
63,1,ppo_shield,dense_corridor,Dense Corridor,stereo,0050,100,9,12,3,1,obstacle_risk,397.09187825708324,133.14858004302238,0.49035486578941345,0.019639182835817337,39.56008088970496
63,1,ppo_shield,dense_corridor,Dense Corridor,stereo,0050,101,10,11,3,5,obstacle_risk,10298.152616576292,290.4555452903726,0.5509259104728699,0.014040744863450527,38.3275357934736
63,1,ppo_shield,dense_corridor,Dense Corridor,stereo,0050,102,9,12,3,1,obstacle_risk,397.09187825708324,133.14858004302238,0.49035486578941345,0.019639182835817337,39.56008088970496
63,1,ppo_shield,dense_corridor,Dense Corridor,stereo,0050,103,10,11,3,5,obstacle_risk,10298.152616576292,290.4555452903726,0.5509259104728699,0.014040744863450527,38.3275357934736
63,1,ppo_shield,dense_corridor,Dense Corridor,stereo,0050,104,9,12,3,1,obstacle_risk,397.09187825708324,133.14858004302238,0.49035486578941345,0.019639182835817337,39.56008088970496
63,1,ppo_shield,dense_corridor,Dense Corridor,stereo,0050,105,10,11,3,5,obstacle_risk,10298.152616576292,290.4555452903726,0.5509259104728699,0.014040744863450527,38.3275357934736
63,1,ppo_shield,dense_corridor,Dense Corridor,stereo,0050,106,9,12,3,1,obstacle_risk,397.09187825708324,133.14858004302238,0.49035486578941345,0.019639182835817337,39.56008088970496
63,1,ppo_shield,dense_corridor,Dense Corridor,stereo,0050,107,10,11,3,5,obstacle_risk,10298.152616576292,290.4555452903726,0.5509259104728699,0.014040744863450527,38.3275357934736
63,1,ppo_shield,dense_corridor,Dense Corridor,stereo,0050,108,9,12,3,1,obstacle_risk,397.09187825708324,133.14858004302238,0.49035486578941345,0.019639182835817337,39.56008088970496
63,1,ppo_shield,dense_corridor,Dense Corridor,stereo,0050,109,10,11,3,5,obstacle_risk,10298.152616576292,290.4555452903726,0.5509259104728699,0.014040744863450527,38.3275357934736
63,1,ppo_shield,dense_corridor,Dense Corridor,stereo,0050,110,9,12,3,1,obstacle_risk,397.09187825708324,133.14858004302238,0.49035486578941345,0.019639182835817337,39.56008088970496
63,1,ppo_shield,dense_corridor,Dense Corridor,stereo,0050,111,10,11,3,5,obstacle_risk,10298.152616576292,290.4555452903726,0.5509259104728699,0.014040744863450527,38.3275357934736
63,1,ppo_shield,dense_corridor,Dense Corridor,stereo,0050,112,9,12,3,1,obstacle_risk,397.09187825708324,133.14858004302238,0.49035486578941345,0.019639182835817337,39.56008088970496
63,1,ppo_shield,dense_corridor,Dense Corridor,stereo,0050,113,10,11,3,5,obstacle_risk,10298.152616576292,290.4555452903726,0.5509259104728699,0.014040744863450527,38.3275357934736
63,1,ppo_shield,dense_corridor,Dense Corridor,stereo,0050,114,9,12,3,1,obstacle_risk,397.09187825708324,133.14858004302238,0.49035486578941345,0.019639182835817337,39.56008088970496
63,1,ppo_shield,dense_corridor,Dense Corridor,stereo,0050,115,10,11,3,5,obstacle_risk,10298.152616576292,290.4555452903726,0.5509259104728699,0.014040744863450527,38.3275357934736
63,1,ppo_shield,dense_corridor,Dense Corridor,stereo,0050,116,9,12,3,1,obstacle_risk,397.09187825708324,133.14858004302238,0.49035486578941345,0.019639182835817337,39.56008088970496
63,1,ppo_shield,dense_corridor,Dense Corridor,stereo,0050,117,10,11,3,5,obstacle_risk,10298.152616576292,290.4555452903726,0.5509259104728699,0.014040744863450527,38.3275357934736
63,1,ppo_shield,dense_corridor,Dense Corridor,stereo,0050,118,9,12,3,1,obstacle_risk,397.09187825708324,133.14858004302238,0.49035486578941345,0.019639182835817337,39.56008088970496
63,1,ppo_shield,dense_corridor,Dense Corridor,stereo,0050,119,10,11,3,5,obstacle_risk,10298.152616576292,290.4555452903726,0.5509259104728699,0.014040744863450527,38.3275357934736
63,1,ppo_shield,dense_corridor,Dense Corridor,stereo,0050,120,9,12,3,1,obstacle_risk,397.09187825708324,133.14858004302238,0.49035486578941345,0.019639182835817337,39.56008088970496
63,1,ppo_shield,dense_corridor,Dense Corridor,stereo,0050,121,10,11,3,5,obstacle_risk,10298.152616576292,290.4555452903726,0.5509259104728699,0.014040744863450527,38.3275357934736
63,1,ppo_shield,dense_corridor,Dense Corridor,stereo,0050,122,9,12,3,1,obstacle_risk,397.09187825708324,133.14858004302238,0.49035486578941345,0.019639182835817337,39.56008088970496
63,1,ppo_shield,dense_corridor,Dense Corridor,stereo,0050,123,10,11,3,5,obstacle_risk,10298.152616576292,290.4555452903726,0.5509259104728699,0.014040744863450527,38.3275357934736
63,1,ppo_shield,dense_corridor,Dense Corridor,stereo,0050,124,9,12,3,1,obstacle_risk,397.09187825708324,133.14858004302238,0.49035486578941345,0.019639182835817337,39.56008088970496
63,1,ppo_shield,dense_corridor,Dense Corridor,stereo,0050,125,10,11,3,5,obstacle_risk,10298.152616576292,290.4555452903726,0.5509259104728699,0.014040744863450527,38.3275357934736
63,1,ppo_shield,dense_corridor,Dense Corridor,stereo,0050,126,9,12,3,1,obstacle_risk,397.09187825708324,133.14858004302238,0.49035486578941345,0.019639182835817337,39.56008088970496
63,1,ppo_shield,dense_corridor,Dense Corridor,stereo,0050,127,10,11,3,5,obstacle_risk,10298.152616576292,290.4555452903726,0.5509259104728699,0.014040744863450527,38.3275357934736
63,1,ppo_shield,dense_corridor,Dense Corridor,stereo,0050,128,9,12,3,1,obstacle_risk,397.09187825708324,133.14858004302238,0.49035486578941345,0.019639182835817337,39.56008088970496
63,1,ppo_shield,dense_corridor,Dense Corridor,stereo,0050,129,10,11,3,5,obstacle_risk,10298.152616576292,290.4555452903726,0.5509259104728699,0.014040744863450527,38.3275357934736
63,1,ppo_shield,dense_corridor,Dense Corridor,stereo,0050,130,9,12,3,1,obstacle_risk,397.09187825708324,133.14858004302238,0.49035486578941345,0.019639182835817337,39.56008088970496
63,1,ppo_shield,dense_corridor,Dense Corridor,stereo,0050,131,10,11,3,5,obstacle_risk,10298.152616576292,290.4555452903726,0.5509259104728699,0.014040744863450527,38.3275357934736
63,1,ppo_shield,dense_corridor,Dense Corridor,stereo,0050,132,9,12,3,1,obstacle_risk,397.09187825708324,133.14858004302238,0.49035486578941345,0.019639182835817337,39.56008088970496
63,1,ppo_shield,dense_corridor,Dense Corridor,stereo,0050,133,10,11,3,5,obstacle_risk,10298.152616576292,290.4555452903726,0.5509259104728699,0.014040744863450527,38.3275357934736
63,1,ppo_shield,dense_corridor,Dense Corridor,stereo,0050,134,9,12,3,1,obstacle_risk,397.09187825708324,133.14858004302238,0.49035486578941345,0.019639182835817337,39.56008088970496
63,1,ppo_shield,dense_corridor,Dense Corridor,stereo,0050,135,10,11,3,5,obstacle_risk,10298.152616576292,290.4555452903726,0.5509259104728699,0.014040744863450527,38.3275357934736
63,1,ppo_shield,dense_corridor,Dense Corridor,stereo,0050,136,9,12,3,1,obstacle_risk,397.09187825708324,133.14858004302238,0.49035486578941345,0.019639182835817337,39.56008088970496
63,1,ppo_shield,dense_corridor,Dense Corridor,stereo,0050,137,10,11,3,5,obstacle_risk,10298.152616576292,290.4555452903726,0.5509259104728699,0.014040744863450527,38.3275357934736
63,1,ppo_shield,dense_corridor,Dense Corridor,stereo,0050,138,9,12,3,1,obstacle_risk,397.09187825708324,133.14858004302238,0.49035486578941345,0.019639182835817337,39.56008088970496
63,1,ppo_shield,dense_corridor,Dense Corridor,stereo,0050,139,10,11,3,5,obstacle_risk,10298.152616576292,290.4555452903726,0.5509259104728699,0.014040744863450527,38.3275357934736
63,1,ppo_shield,dense_corridor,Dense Corridor,stereo,0050,140,9,12,3,1,obstacle_risk,397.09187825708324,133.14858004302238,0.49035486578941345,0.019639182835817337,39.56008088970496
63,1,ppo_shield,dense_corridor,Dense Corridor,stereo,0050,141,10,11,3,5,obstacle_risk,10298.152616576292,290.4555452903726,0.5509259104728699,0.014040744863450527,38.3275357934736
63,1,ppo_shield,dense_corridor,Dense Corridor,stereo,0050,142,9,12,3,1,obstacle_risk,397.09187825708324,133.14858004302238,0.49035486578941345,0.019639182835817337,39.56008088970496
63,1,ppo_shield,dense_corridor,Dense Corridor,stereo,0050,143,10,11,3,5,obstacle_risk,10298.152616576292,290.4555452903726,0.5509259104728699,0.014040744863450527,38.3275357934736
63,1,ppo_shield,dense_corridor,Dense Corridor,stereo,0050,144,9,12,3,1,obstacle_risk,397.09187825708324,133.14858004302238,0.49035486578941345,0.019639182835817337,39.56008088970496
63,1,ppo_shield,dense_corridor,Dense Corridor,stereo,0050,145,10,11,3,5,obstacle_risk,10298.152616576292,290.4555452903726,0.5509259104728699,0.014040744863450527,38.3275357934736
63,1,ppo_shield,dense_corridor,Dense Corridor,stereo,0050,146,9,12,3,1,obstacle_risk,397.09187825708324,133.14858004302238,0.49035486578941345,0.019639182835817337,39.56008088970496
63,1,ppo_shield,dense_corridor,Dense Corridor,stereo,0050,147,10,11,3,5,obstacle_risk,10298.152616576292,290.4555452903726,0.5509259104728699,0.014040744863450527,38.3275357934736
63,1,ppo_shield,dense_corridor,Dense Corridor,stereo,0050,148,9,12,3,1,obstacle_risk,397.09187825708324,133.14858004302238,0.49035486578941345,0.019639182835817337,39.56008088970496
63,1,ppo_shield,dense_corridor,Dense Corridor,stereo,0050,149,10,11,3,5,obstacle_risk,10298.152616576292,290.4555452903726,0.5509259104728699,0.014040744863450527,38.3275357934736
63,1,ppo_shield,dense_corridor,Dense Corridor,stereo,0050,150,9,12,3,1,obstacle_risk,397.09187825708324,133.14858004302238,0.49035486578941345,0.019639182835817337,39.56008088970496
63,1,ppo_shield,dense_corridor,Dense Corridor,stereo,0050,151,10,11,3,5,obstacle_risk,10298.152616576292,290.4555452903726,0.5509259104728699,0.014040744863450527,38.3275357934736
63,1,ppo_shield,dense_corridor,Dense Corridor,stereo,0050,152,9,12,3,1,obstacle_risk,397.09187825708324,133.14858004302238,0.49035486578941345,0.019639182835817337,39.56008088970496
63,1,ppo_shield,dense_corridor,Dense Corridor,stereo,0050,153,10,11,3,5,obstacle_risk,10298.152616576292,290.4555452903726,0.5509259104728699,0.014040744863450527,38.3275357934736
63,1,ppo_shield,dense_corridor,Dense Corridor,stereo,0050,154,9,12,3,1,obstacle_risk,397.09187825708324,133.14858004302238,0.49035486578941345,0.019639182835817337,39.56008088970496
63,1,ppo_shield,dense_corridor,Dense Corridor,stereo,0050,155,10,11,3,5,obstacle_risk,10298.152616576292,290.4555452903726,0.5509259104728699,0.014040744863450527,38.3275357934736
63,1,ppo_shield,dense_corridor,Dense Corridor,stereo,0050,156,9,12,3,1,obstacle_risk,397.09187825708324,133.14858004302238,0.49035486578941345,0.019639182835817337,39.56008088970496
63,1,ppo_shield,dense_corridor,Dense Corridor,stereo,0050,157,10,11,3,5,obstacle_risk,10298.152616576292,290.4555452903726,0.5509259104728699,0.014040744863450527,38.3275357934736
63,1,ppo_shield,dense_corridor,Dense Corridor,stereo,0050,158,9,12,3,1,obstacle_risk,397.09187825708324,133.14858004302238,0.49035486578941345,0.019639182835817337,39.56008088970496
63,1,ppo_shield,dense_corridor,Dense Corridor,stereo,0050,159,10,11,3,5,obstacle_risk,10298.152616576292,290.4555452903726,0.5509259104728699,0.014040744863450527,38.3275357934736
63,1,ppo_shield,dense_corridor,Dense Corridor,stereo,0050,160,9,12,3,1,obstacle_risk,397.09187825708324,133.14858004302238,0.49035486578941345,0.019639182835817337,39.56008088970496
63,1,ppo_shield,dense_corridor,Dense Corridor,stereo,0050,161,10,11,3,5,obstacle_risk,10298.152616576292,290.4555452903726,0.5509259104728699,0.014040744863450527,38.3275357934736
63,1,ppo_shield,dense_corridor,Dense Corridor,stereo,0050,162,9,12,3,1,obstacle_risk,397.09187825708324,133.14858004302238,0.49035486578941345,0.019639182835817337,39.56008088970496
63,1,ppo_shield,dense_corridor,Dense Corridor,stereo,0050,163,10,11,3,5,obstacle_risk,10298.152616576292,290.4555452903726,0.5509259104728699,0.014040744863450527,38.3275357934736
63,1,ppo_shield,dense_corridor,Dense Corridor,stereo,0050,164,9,12,3,1,obstacle_risk,397.09187825708324,133.14858004302238,0.49035486578941345,0.019639182835817337,39.56008088970496
63,1,ppo_shield,dense_corridor,Dense Corridor,stereo,0050,165,10,11,3,5,obstacle_risk,10298.152616576292,290.4555452903726,0.5509259104728699,0.014040744863450527,38.3275357934736
63,1,ppo_shield,dense_corridor,Dense Corridor,stereo,0050,166,9,12,3,1,obstacle_risk,397.09187825708324,133.14858004302238,0.49035486578941345,0.019639182835817337,39.56008088970496
63,1,ppo_shield,dense_corridor,Dense Corridor,stereo,0050,167,10,11,3,5,obstacle_risk,10298.152616576292,290.4555452903726,0.5509259104728699,0.014040744863450527,38.3275357934736
63,1,ppo_shield,dense_corridor,Dense Corridor,stereo,0050,168,9,12,3,1,obstacle_risk,397.09187825708324,133.14858004302238,0.49035486578941345,0.019639182835817337,39.56008088970496
63,1,ppo_shield,dense_corridor,Dense Corridor,stereo,0050,169,10,11,3,5,obstacle_risk,10298.152616576292,290.4555452903726,0.5509259104728699,0.014040744863450527,38.3275357934736
63,1,ppo_shield,dense_corridor,Dense Corridor,stereo,0050,170,9,12,3,1,obstacle_risk,397.09187825708324,133.14858004302238,0.49035486578941345,0.019639182835817337,39.56008088970496
63,1,ppo_shield,dense_corridor,Dense Corridor,stereo,0050,171,10,11,3,5,obstacle_risk,10298.152616576292,290.4555452903726,0.5509259104728699,0.014040744863450527,38.3275357934736
63,1,ppo_shield,dense_corridor,Dense Corridor,stereo,0050,172,9,12,3,1,obstacle_risk,397.09187825708324,133.14858004302238,0.49035486578941345,0.019639182835817337,39.56008088970496
63,1,ppo_shield,dense_corridor,Dense Corridor,stereo,0050,173,10,11,3,5,obstacle_risk,10298.152616576292,290.4555452903726,0.5509259104728699,0.014040744863450527,38.3275357934736
63,1,ppo_shield,dense_corridor,Dense Corridor,stereo,0050,174,9,12,3,1,obstacle_risk,397.09187825708324,133.14858004302238,0.49035486578941345,0.019639182835817337,39.56008088970496
63,1,ppo_shield,dense_corridor,Dense Corridor,stereo,0050,175,10,11,3,5,obstacle_risk,10298.152616576292,290.4555452903726,0.5509259104728699,0.014040744863450527,38.3275357934736
63,1,ppo_shield,dense_corridor,Dense Corridor,stereo,0050,176,9,12,3,1,obstacle_risk,397.09187825708324,133.14858004302238,0.49035486578941345,0.019639182835817337,39.56008088970496
63,1,ppo_shield,dense_corridor,Dense Corridor,stereo,0050,177,10,11,3,5,obstacle_risk,10298.152616576292,290.4555452903726,0.5509259104728699,0.014040744863450527,38.3275357934736
63,1,ppo_shield,dense_corridor,Dense Corridor,stereo,0050,178,9,12,3,1,obstacle_risk,397.09187825708324,133.14858004302238,0.49035486578941345,0.019639182835817337,39.56008088970496
63,1,ppo_shield,dense_corridor,Dense Corridor,stereo,0050,179,10,11,3,5,obstacle_risk,10298.152616576292,290.4555452903726,0.5509259104728699,0.014040744863450527,38.3275357934736
63,1,ppo_shield,dense_corridor,Dense Corridor,stereo,0050,180,9,12,3,1,obstacle_risk,397.09187825708324,133.14858004302238,0.49035486578941345,0.019639182835817337,39.56008088970496
63,1,ppo_shield,dense_corridor,Dense Corridor,stereo,0050,181,10,11,3,5,obstacle_risk,10298.152616576292,290.4555452903726,0.5509259104728699,0.014040744863450527,38.3275357934736
63,1,ppo_shield,dense_corridor,Dense Corridor,stereo,0050,182,9,12,3,1,obstacle_risk,397.09187825708324,133.14858004302238,0.49035486578941345,0.019639182835817337,39.56008088970496
63,1,ppo_shield,dense_corridor,Dense Corridor,stereo,0050,183,10,11,3,5,obstacle_risk,10298.152616576292,290.4555452903726,0.5509259104728699,0.014040744863450527,38.3275357934736
63,1,ppo_shield,dense_corridor,Dense Corridor,stereo,0050,184,9,12,3,1,obstacle_risk,397.09187825708324,133.14858004302238,0.49035486578941345,0.019639182835817337,39.56008088970496
63,1,ppo_shield,dense_corridor,Dense Corridor,stereo,0050,185,10,11,3,5,obstacle_risk,10298.152616576292,290.4555452903726,0.5509259104728699,0.014040744863450527,38.3275357934736
63,1,ppo_shield,dense_corridor,Dense Corridor,stereo,0050,186,9,12,3,1,obstacle_risk,397.09187825708324,133.14858004302238,0.49035486578941345,0.019639182835817337,39.56008088970496
63,1,ppo_shield,dense_corridor,Dense Corridor,stereo,0050,187,10,11,3,5,obstacle_risk,10298.152616576292,290.4555452903726,0.5509259104728699,0.014040744863450527,38.3275357934736
63,1,ppo_shield,dense_corridor,Dense Corridor,stereo,0050,188,9,12,3,1,obstacle_risk,397.09187825708324,133.14858004302238,0.49035486578941345,0.019639182835817337,39.56008088970496
63,1,ppo_shield,dense_corridor,Dense Corridor,stereo,0050,189,10,11,3,5,obstacle_risk,10298.152616576292,290.4555452903726,0.5509259104728699,0.014040744863450527,38.3275357934736
63,1,ppo_shield,dense_corridor,Dense Corridor,stereo,0050,190,9,12,3,1,obstacle_risk,397.09187825708324,133.14858004302238,0.49035486578941345,0.019639182835817337,39.56008088970496
63,1,ppo_shield,dense_corridor,Dense Corridor,stereo,0050,191,10,11,3,5,obstacle_risk,10298.152616576292,290.4555452903726,0.5509259104728699,0.014040744863450527,38.3275357934736
63,1,ppo_shield,dense_corridor,Dense Corridor,stereo,0050,192,9,12,3,1,obstacle_risk,397.09187825708324,133.14858004302238,0.49035486578941345,0.019639182835817337,39.56008088970496
63,1,ppo_shield,dense_corridor,Dense Corridor,stereo,0050,193,10,11,3,5,obstacle_risk,10298.152616576292,290.4555452903726,0.5509259104728699,0.014040744863450527,38.3275357934736
63,1,ppo_shield,dense_corridor,Dense Corridor,stereo,0050,194,9,12,3,1,obstacle_risk,397.09187825708324,133.14858004302238,0.49035486578941345,0.019639182835817337,39.56008088970496
63,1,ppo_shield,dense_corridor,Dense Corridor,stereo,0050,195,10,11,3,5,obstacle_risk,10298.152616576292,290.4555452903726,0.5509259104728699,0.014040744863450527,38.3275357934736
63,1,ppo_shield,dense_corridor,Dense Corridor,stereo,0050,196,9,12,3,1,obstacle_risk,397.09187825708324,133.14858004302238,0.49035486578941345,0.019639182835817337,39.56008088970496
63,1,ppo_shield,dense_corridor,Dense Corridor,stereo,0050,197,10,11,3,5,obstacle_risk,10298.152616576292,290.4555452903726,0.5509259104728699,0.014040744863450527,38.3275357934736
63,1,ppo_shield,dense_corridor,Dense Corridor,stereo,0050,198,9,12,3,1,obstacle_risk,397.09187825708324,133.14858004302238,0.49035486578941345,0.019639182835817337,39.56008088970496
63,1,ppo_shield,dense_corridor,Dense Corridor,stereo,0050,199,10,11,3,5,obstacle_risk,10298.152616576292,290.4555452903726,0.5509259104728699,0.014040744863450527,38.3275357934736
63,1,ppo_shield,dense_corridor,Dense Corridor,stereo,0050,200,9,12,3,1,obstacle_risk,397.09187825708324,133.14858004302238,0.49035486578941345,0.019639182835817337,39.56008088970496
64,1,ppo_shield,dense_corridor,Dense Corridor,mono,0050,8,17,18,3,5,lookahead_safer,-4.187089613185841,-9.392290129483667,0.0,0.000866588088683784,34.48187929913333
64,1,ppo_shield,dense_corridor,Dense Corridor,mono,0050,9,18,17,3,5,lookahead_safer,-4.374788042757631,-9.478922158412844,0.0,0.0007062413496896625,33.12099032335839
64,1,ppo_shield,dense_corridor,Dense Corridor,mono,0050,11,20,17,3,5,lookahead_safer,-4.284614799012542,-9.729272390147504,0.0,0.0018349795136600733,31.38470965295043
64,1,ppo_shield,dense_corridor,Dense Corridor,mono,0050,12,21,16,3,5,lookahead_safer,-4.507656820494291,-9.825658099112463,0.0,0.001138392835855484,30.01666203960727
64,1,ppo_shield,dense_corridor,Dense Corridor,mono,0050,13,22,15,3,5,lookahead_safer,-4.728270474908081,-9.912510899907163,0.0,0.0006161882192827761,28.653097563788805
64,1,ppo_shield,dense_corridor,Dense Corridor,mono,0050,14,23,14,3,5,lookahead_safer,-4.942969682532911,-9.988762111697271,0.0,0.00029100128449499607,27.294688127912362
64,1,ppo_shield,dense_corridor,Dense Corridor,mono,0050,16,25,14,3,5,lookahead_safer,-4.880617770674154,-10.27900020578184,0.0,0.00038227366167120636,25.553864678361276
64,1,ppo_shield,dense_corridor,Dense Corridor,mono,0050,17,26,13,3,5,lookahead_safer,-5.0946330703821765,-10.356900420749211,0.0,0.00013742837472818792,24.186773244895647
64,1,ppo_shield,dense_corridor,Dense Corridor,mono,0050,18,27,12,3,5,lookahead_safer,-5.303748090485391,-10.422906432879362,0.0,4.3106101657031104e-05,22.825424421026653
64,1,ppo_shield,dense_corridor,Dense Corridor,mono,0050,20,29,12,3,5,lookahead_safer,-5.193284374588913,-10.737471829059233,0.0,3.281400859123096e-05,21.095023109728988
64,1,ppo_shield,dense_corridor,Dense Corridor,mono,0050,21,30,11,3,5,lookahead_safer,-5.399606210813276,-10.807594474124661,0.0,7.835056749172509e-06,19.72308292331602
64,1,ppo_shield,dense_corridor,Dense Corridor,mono,0050,22,31,10,3,5,lookahead_safer,-5.613083800011845,-10.86361828811197,0.0,1.6322447891070624e-06,18.35755975068582
64,1,ppo_shield,dense_corridor,Dense Corridor,mono,0050,23,32,9,3,5,lookahead_safer,-5.8364944954947084,-10.901088308353836,0.0,2.9668029810636654e-07,17.0
64,1,ppo_shield,dense_corridor,Dense Corridor,mono,0050,25,34,9,3,5,lookahead_safer,-5.622649988504117,-11.27606900666757,0.0,1.1418541134844418e-07,15.264337522473747
64,1,ppo_shield,dense_corridor,Dense Corridor,mono,0050,26,35,8,3,5,lookahead_safer,-5.849387540636195,-11.32083061984563,0.0,1.579918063043806e-08,13.892443989449804
64,1,ppo_shield,dense_corridor,Dense Corridor,mono,0050,27,36,7,3,5,lookahead_safer,-6.093142282553936,-11.335442470988735,0.0,1.9072992074598005e-09,12.529964086141668
64,1,ppo_shield,dense_corridor,Dense Corridor,mono,0050,29,38,7,3,5,lookahead_safer,-5.682936831591112,-11.781343135591426,0.0,4.2538464417596344e-10,10.816653826391969
64,1,ppo_shield,dense_corridor,Dense Corridor,mono,0050,30,39,6,3,5,lookahead_safer,-5.915701354294603,-11.814369391144657,0.0,3.9091882508834885e-11,9.433981132056603
64,1,ppo_shield,dense_corridor,Dense Corridor,mono,0050,31,40,5,3,5,lookahead_safer,-6.177677188601797,-11.788245934684191,0.0,3.1343801252387005e-12,8.06225774829855
64,1,ppo_shield,dense_corridor,Dense Corridor,mono,0050,32,41,4,3,5,lookahead_safer,-6.482470430740902,-11.642541117703582,0.0,2.192688711806154e-13,6.708203932499369
64,1,ppo_shield,dense_corridor,Dense Corridor,mono,0050,34,43,4,3,5,lookahead_safer,-5.326643068006028,-12.406808580266086,0.0,2.4725288141772342e-14,5.0
64,1,ppo_shield,dense_corridor,Dense Corridor,mono,0050,35,44,3,3,5,lookahead_safer,-5.391187393101687,-12.203219233546163,0.0,1.3167011756829035e-15,3.605551275463989
64,1,ppo_shield,dense_corridor,Dense Corridor,mono,0050,36,45,2,3,5,lookahead_safer,-5.230975610866098,-11.467449701362147,0.0,6.117772885649519e-17,2.23606797749979
64,1,ppo_shield,dense_corridor,Dense Corridor,mono,0050,38,47,2,3,5,negative_progress,-0.13033988749894765,-6.947006554165615,0.0,3.997595569214128e-18,1.0
64,1,ppo_shield,dense_corridor,Dense Corridor,mono,0050,39,47,1,3,6,negative_progress,1.9158399836613702,-4.141666666666667,0.0,6.127066383908644e-19,0.0
65,1,ppo_shield,obstacle_cluster,Obstacle Cluster,stereo,0060,1,10,11,3,5,obstacle_risk,10296.605974499498,286.1706284305661,0.5509259104728699,2.3857850464992225e-05,38.3275357934736
65,1,ppo_shield,obstacle_cluster,Obstacle Cluster,stereo,0060,2,9,12,3,1,obstacle_risk,396.687485999326,132.81709552004628,0.49035486578941345,3.4176242479588836e-05,39.56008088970496
65,1,ppo_shield,obstacle_cluster,Obstacle Cluster,stereo,0060,3,10,11,3,5,obstacle_risk,10297.605974499498,290.1706284305661,0.5509259104728699,2.3857850464992225e-05,38.3275357934736
65,1,ppo_shield,obstacle_cluster,Obstacle Cluster,stereo,0060,4,9,12,3,1,obstacle_risk,396.687485999326,132.81709552004628,0.49035486578941345,3.4176242479588836e-05,39.56008088970496
65,1,ppo_shield,obstacle_cluster,Obstacle Cluster,stereo,0060,5,10,11,3,5,obstacle_risk,10297.605974499498,290.1706284305661,0.5509259104728699,2.3857850464992225e-05,38.3275357934736
65,1,ppo_shield,obstacle_cluster,Obstacle Cluster,stereo,0060,6,9,12,3,1,obstacle_risk,396.687485999326,132.81709552004628,0.49035486578941345,3.4176242479588836e-05,39.56008088970496
65,1,ppo_shield,obstacle_cluster,Obstacle Cluster,stereo,0060,7,10,11,3,5,obstacle_risk,10297.605974499498,290.1706284305661,0.5509259104728699,2.3857850464992225e-05,38.3275357934736
65,1,ppo_shield,obstacle_cluster,Obstacle Cluster,stereo,0060,8,9,12,3,1,obstacle_risk,396.687485999326,132.81709552004628,0.49035486578941345,3.4176242479588836e-05,39.56008088970496
65,1,ppo_shield,obstacle_cluster,Obstacle Cluster,stereo,0060,9,10,11,3,5,obstacle_risk,10297.605974499498,290.1706284305661,0.5509259104728699,2.3857850464992225e-05,38.3275357934736
65,1,ppo_shield,obstacle_cluster,Obstacle Cluster,stereo,0060,10,9,12,3,1,obstacle_risk,396.687485999326,132.81709552004628,0.49035486578941345,3.4176242479588836e-05,39.56008088970496
65,1,ppo_shield,obstacle_cluster,Obstacle Cluster,stereo,0060,11,10,11,3,5,obstacle_risk,10297.605974499498,290.1706284305661,0.5509259104728699,2.3857850464992225e-05,38.3275357934736
65,1,ppo_shield,obstacle_cluster,Obstacle Cluster,stereo,0060,12,9,12,3,1,obstacle_risk,396.687485999326,132.81709552004628,0.49035486578941345,3.4176242479588836e-05,39.56008088970496
65,1,ppo_shield,obstacle_cluster,Obstacle Cluster,stereo,0060,13,10,11,3,5,obstacle_risk,10297.605974499498,290.1706284305661,0.5509259104728699,2.3857850464992225e-05,38.3275357934736
65,1,ppo_shield,obstacle_cluster,Obstacle Cluster,stereo,0060,14,9,12,3,1,obstacle_risk,396.687485999326,132.81709552004628,0.49035486578941345,3.4176242479588836e-05,39.56008088970496
65,1,ppo_shield,obstacle_cluster,Obstacle Cluster,stereo,0060,15,10,11,3,5,obstacle_risk,10297.605974499498,290.1706284305661,0.5509259104728699,2.3857850464992225e-05,38.3275357934736
65,1,ppo_shield,obstacle_cluster,Obstacle Cluster,stereo,0060,16,9,12,3,1,obstacle_risk,396.687485999326,132.81709552004628,0.49035486578941345,3.4176242479588836e-05,39.56008088970496
65,1,ppo_shield,obstacle_cluster,Obstacle Cluster,stereo,0060,17,10,11,3,5,obstacle_risk,10297.605974499498,290.1706284305661,0.5509259104728699,2.3857850464992225e-05,38.3275357934736
65,1,ppo_shield,obstacle_cluster,Obstacle Cluster,stereo,0060,18,9,12,3,1,obstacle_risk,396.687485999326,132.81709552004628,0.49035486578941345,3.4176242479588836e-05,39.56008088970496
65,1,ppo_shield,obstacle_cluster,Obstacle Cluster,stereo,0060,19,10,11,3,5,obstacle_risk,10297.605974499498,290.1706284305661,0.5509259104728699,2.3857850464992225e-05,38.3275357934736
65,1,ppo_shield,obstacle_cluster,Obstacle Cluster,stereo,0060,20,9,12,3,1,obstacle_risk,396.687485999326,132.81709552004628,0.49035486578941345,3.4176242479588836e-05,39.56008088970496
65,1,ppo_shield,obstacle_cluster,Obstacle Cluster,stereo,0060,21,10,11,3,5,obstacle_risk,10297.605974499498,290.1706284305661,0.5509259104728699,2.3857850464992225e-05,38.3275357934736
65,1,ppo_shield,obstacle_cluster,Obstacle Cluster,stereo,0060,22,9,12,3,1,obstacle_risk,396.687485999326,132.81709552004628,0.49035486578941345,3.4176242479588836e-05,39.56008088970496
65,1,ppo_shield,obstacle_cluster,Obstacle Cluster,stereo,0060,23,10,11,3,5,obstacle_risk,10297.605974499498,290.1706284305661,0.5509259104728699,2.3857850464992225e-05,38.3275357934736
65,1,ppo_shield,obstacle_cluster,Obstacle Cluster,stereo,0060,24,9,12,3,1,obstacle_risk,396.687485999326,132.81709552004628,0.49035486578941345,3.4176242479588836e-05,39.56008088970496
65,1,ppo_shield,obstacle_cluster,Obstacle Cluster,stereo,0060,25,10,11,3,5,obstacle_risk,10297.605974499498,290.1706284305661,0.5509259104728699,2.3857850464992225e-05,38.3275357934736
65,1,ppo_shield,obstacle_cluster,Obstacle Cluster,stereo,0060,26,9,12,3,1,obstacle_risk,396.687485999326,132.81709552004628,0.49035486578941345,3.4176242479588836e-05,39.56008088970496
65,1,ppo_shield,obstacle_cluster,Obstacle Cluster,stereo,0060,27,10,11,3,5,obstacle_risk,10297.605974499498,290.1706284305661,0.5509259104728699,2.3857850464992225e-05,38.3275357934736
65,1,ppo_shield,obstacle_cluster,Obstacle Cluster,stereo,0060,28,9,12,3,1,obstacle_risk,396.687485999326,132.81709552004628,0.49035486578941345,3.4176242479588836e-05,39.56008088970496
65,1,ppo_shield,obstacle_cluster,Obstacle Cluster,stereo,0060,29,10,11,3,5,obstacle_risk,10297.605974499498,290.1706284305661,0.5509259104728699,2.3857850464992225e-05,38.3275357934736
65,1,ppo_shield,obstacle_cluster,Obstacle Cluster,stereo,0060,30,9,12,3,1,obstacle_risk,396.687485999326,132.81709552004628,0.49035486578941345,3.4176242479588836e-05,39.56008088970496
65,1,ppo_shield,obstacle_cluster,Obstacle Cluster,stereo,0060,31,10,11,3,5,obstacle_risk,10297.605974499498,290.1706284305661,0.5509259104728699,2.3857850464992225e-05,38.3275357934736
65,1,ppo_shield,obstacle_cluster,Obstacle Cluster,stereo,0060,32,9,12,3,1,obstacle_risk,396.687485999326,132.81709552004628,0.49035486578941345,3.4176242479588836e-05,39.56008088970496
65,1,ppo_shield,obstacle_cluster,Obstacle Cluster,stereo,0060,33,10,11,3,5,obstacle_risk,10297.605974499498,290.1706284305661,0.5509259104728699,2.3857850464992225e-05,38.3275357934736
65,1,ppo_shield,obstacle_cluster,Obstacle Cluster,stereo,0060,34,9,12,3,1,obstacle_risk,396.687485999326,132.81709552004628,0.49035486578941345,3.4176242479588836e-05,39.56008088970496
65,1,ppo_shield,obstacle_cluster,Obstacle Cluster,stereo,0060,35,10,11,3,5,obstacle_risk,10297.605974499498,290.1706284305661,0.5509259104728699,2.3857850464992225e-05,38.3275357934736
65,1,ppo_shield,obstacle_cluster,Obstacle Cluster,stereo,0060,36,9,12,3,1,obstacle_risk,396.687485999326,132.81709552004628,0.49035486578941345,3.4176242479588836e-05,39.56008088970496
65,1,ppo_shield,obstacle_cluster,Obstacle Cluster,stereo,0060,37,10,11,3,5,obstacle_risk,10297.605974499498,290.1706284305661,0.5509259104728699,2.3857850464992225e-05,38.3275357934736
65,1,ppo_shield,obstacle_cluster,Obstacle Cluster,stereo,0060,38,9,12,3,1,obstacle_risk,396.687485999326,132.81709552004628,0.49035486578941345,3.4176242479588836e-05,39.56008088970496
65,1,ppo_shield,obstacle_cluster,Obstacle Cluster,stereo,0060,39,10,11,3,5,obstacle_risk,10297.605974499498,290.1706284305661,0.5509259104728699,2.3857850464992225e-05,38.3275357934736
65,1,ppo_shield,obstacle_cluster,Obstacle Cluster,stereo,0060,40,9,12,3,1,obstacle_risk,396.687485999326,132.81709552004628,0.49035486578941345,3.4176242479588836e-05,39.56008088970496
65,1,ppo_shield,obstacle_cluster,Obstacle Cluster,stereo,0060,41,10,11,3,5,obstacle_risk,10297.605974499498,290.1706284305661,0.5509259104728699,2.3857850464992225e-05,38.3275357934736
65,1,ppo_shield,obstacle_cluster,Obstacle Cluster,stereo,0060,42,9,12,3,1,obstacle_risk,396.687485999326,132.81709552004628,0.49035486578941345,3.4176242479588836e-05,39.56008088970496
65,1,ppo_shield,obstacle_cluster,Obstacle Cluster,stereo,0060,43,10,11,3,5,obstacle_risk,10297.605974499498,290.1706284305661,0.5509259104728699,2.3857850464992225e-05,38.3275357934736
65,1,ppo_shield,obstacle_cluster,Obstacle Cluster,stereo,0060,44,9,12,3,1,obstacle_risk,396.687485999326,132.81709552004628,0.49035486578941345,3.4176242479588836e-05,39.56008088970496
65,1,ppo_shield,obstacle_cluster,Obstacle Cluster,stereo,0060,45,10,11,3,5,obstacle_risk,10297.605974499498,290.1706284305661,0.5509259104728699,2.3857850464992225e-05,38.3275357934736
65,1,ppo_shield,obstacle_cluster,Obstacle Cluster,stereo,0060,46,9,12,3,1,obstacle_risk,396.687485999326,132.81709552004628,0.49035486578941345,3.4176242479588836e-05,39.56008088970496
65,1,ppo_shield,obstacle_cluster,Obstacle Cluster,stereo,0060,47,10,11,3,5,obstacle_risk,10297.605974499498,290.1706284305661,0.5509259104728699,2.3857850464992225e-05,38.3275357934736
65,1,ppo_shield,obstacle_cluster,Obstacle Cluster,stereo,0060,48,9,12,3,1,obstacle_risk,396.687485999326,132.81709552004628,0.49035486578941345,3.4176242479588836e-05,39.56008088970496
65,1,ppo_shield,obstacle_cluster,Obstacle Cluster,stereo,0060,49,10,11,3,5,obstacle_risk,10297.605974499498,290.1706284305661,0.5509259104728699,2.3857850464992225e-05,38.3275357934736
65,1,ppo_shield,obstacle_cluster,Obstacle Cluster,stereo,0060,50,9,12,3,1,obstacle_risk,396.687485999326,132.81709552004628,0.49035486578941345,3.4176242479588836e-05,39.56008088970496
65,1,ppo_shield,obstacle_cluster,Obstacle Cluster,stereo,0060,51,10,11,3,5,obstacle_risk,10297.605974499498,290.1706284305661,0.5509259104728699,2.3857850464992225e-05,38.3275357934736
65,1,ppo_shield,obstacle_cluster,Obstacle Cluster,stereo,0060,52,9,12,3,1,obstacle_risk,396.687485999326,132.81709552004628,0.49035486578941345,3.4176242479588836e-05,39.56008088970496
65,1,ppo_shield,obstacle_cluster,Obstacle Cluster,stereo,0060,53,10,11,3,5,obstacle_risk,10297.605974499498,290.1706284305661,0.5509259104728699,2.3857850464992225e-05,38.3275357934736
65,1,ppo_shield,obstacle_cluster,Obstacle Cluster,stereo,0060,54,9,12,3,1,obstacle_risk,396.687485999326,132.81709552004628,0.49035486578941345,3.4176242479588836e-05,39.56008088970496
65,1,ppo_shield,obstacle_cluster,Obstacle Cluster,stereo,0060,55,10,11,3,5,obstacle_risk,10297.605974499498,290.1706284305661,0.5509259104728699,2.3857850464992225e-05,38.3275357934736
65,1,ppo_shield,obstacle_cluster,Obstacle Cluster,stereo,0060,56,9,12,3,1,obstacle_risk,396.687485999326,132.81709552004628,0.49035486578941345,3.4176242479588836e-05,39.56008088970496
65,1,ppo_shield,obstacle_cluster,Obstacle Cluster,stereo,0060,57,10,11,3,5,obstacle_risk,10297.605974499498,290.1706284305661,0.5509259104728699,2.3857850464992225e-05,38.3275357934736
65,1,ppo_shield,obstacle_cluster,Obstacle Cluster,stereo,0060,58,9,12,3,1,obstacle_risk,396.687485999326,132.81709552004628,0.49035486578941345,3.4176242479588836e-05,39.56008088970496
65,1,ppo_shield,obstacle_cluster,Obstacle Cluster,stereo,0060,59,10,11,3,5,obstacle_risk,10297.605974499498,290.1706284305661,0.5509259104728699,2.3857850464992225e-05,38.3275357934736
65,1,ppo_shield,obstacle_cluster,Obstacle Cluster,stereo,0060,60,9,12,3,1,obstacle_risk,396.687485999326,132.81709552004628,0.49035486578941345,3.4176242479588836e-05,39.56008088970496
65,1,ppo_shield,obstacle_cluster,Obstacle Cluster,stereo,0060,61,10,11,3,5,obstacle_risk,10297.605974499498,290.1706284305661,0.5509259104728699,2.3857850464992225e-05,38.3275357934736
65,1,ppo_shield,obstacle_cluster,Obstacle Cluster,stereo,0060,62,9,12,3,1,obstacle_risk,396.687485999326,132.81709552004628,0.49035486578941345,3.4176242479588836e-05,39.56008088970496
65,1,ppo_shield,obstacle_cluster,Obstacle Cluster,stereo,0060,63,10,11,3,5,obstacle_risk,10297.605974499498,290.1706284305661,0.5509259104728699,2.3857850464992225e-05,38.3275357934736
65,1,ppo_shield,obstacle_cluster,Obstacle Cluster,stereo,0060,64,9,12,3,1,obstacle_risk,396.687485999326,132.81709552004628,0.49035486578941345,3.4176242479588836e-05,39.56008088970496
65,1,ppo_shield,obstacle_cluster,Obstacle Cluster,stereo,0060,65,10,11,3,5,obstacle_risk,10297.605974499498,290.1706284305661,0.5509259104728699,2.3857850464992225e-05,38.3275357934736
65,1,ppo_shield,obstacle_cluster,Obstacle Cluster,stereo,0060,66,9,12,3,1,obstacle_risk,396.687485999326,132.81709552004628,0.49035486578941345,3.4176242479588836e-05,39.56008088970496
65,1,ppo_shield,obstacle_cluster,Obstacle Cluster,stereo,0060,67,10,11,3,5,obstacle_risk,10297.605974499498,290.1706284305661,0.5509259104728699,2.3857850464992225e-05,38.3275357934736
65,1,ppo_shield,obstacle_cluster,Obstacle Cluster,stereo,0060,68,9,12,3,1,obstacle_risk,396.687485999326,132.81709552004628,0.49035486578941345,3.4176242479588836e-05,39.56008088970496
65,1,ppo_shield,obstacle_cluster,Obstacle Cluster,stereo,0060,69,10,11,3,5,obstacle_risk,10297.605974499498,290.1706284305661,0.5509259104728699,2.3857850464992225e-05,38.3275357934736
65,1,ppo_shield,obstacle_cluster,Obstacle Cluster,stereo,0060,70,9,12,3,1,obstacle_risk,396.687485999326,132.81709552004628,0.49035486578941345,3.4176242479588836e-05,39.56008088970496
65,1,ppo_shield,obstacle_cluster,Obstacle Cluster,stereo,0060,71,10,11,3,5,obstacle_risk,10297.605974499498,290.1706284305661,0.5509259104728699,2.3857850464992225e-05,38.3275357934736
65,1,ppo_shield,obstacle_cluster,Obstacle Cluster,stereo,0060,72,9,12,3,1,obstacle_risk,396.687485999326,132.81709552004628,0.49035486578941345,3.4176242479588836e-05,39.56008088970496
65,1,ppo_shield,obstacle_cluster,Obstacle Cluster,stereo,0060,73,10,11,3,5,obstacle_risk,10297.605974499498,290.1706284305661,0.5509259104728699,2.3857850464992225e-05,38.3275357934736
65,1,ppo_shield,obstacle_cluster,Obstacle Cluster,stereo,0060,74,9,12,3,1,obstacle_risk,396.687485999326,132.81709552004628,0.49035486578941345,3.4176242479588836e-05,39.56008088970496
65,1,ppo_shield,obstacle_cluster,Obstacle Cluster,stereo,0060,75,10,11,3,5,obstacle_risk,10297.605974499498,290.1706284305661,0.5509259104728699,2.3857850464992225e-05,38.3275357934736
65,1,ppo_shield,obstacle_cluster,Obstacle Cluster,stereo,0060,76,9,12,3,1,obstacle_risk,396.687485999326,132.81709552004628,0.49035486578941345,3.4176242479588836e-05,39.56008088970496
65,1,ppo_shield,obstacle_cluster,Obstacle Cluster,stereo,0060,77,10,11,3,5,obstacle_risk,10297.605974499498,290.1706284305661,0.5509259104728699,2.3857850464992225e-05,38.3275357934736
65,1,ppo_shield,obstacle_cluster,Obstacle Cluster,stereo,0060,78,9,12,3,1,obstacle_risk,396.687485999326,132.81709552004628,0.49035486578941345,3.4176242479588836e-05,39.56008088970496
65,1,ppo_shield,obstacle_cluster,Obstacle Cluster,stereo,0060,79,10,11,3,5,obstacle_risk,10297.605974499498,290.1706284305661,0.5509259104728699,2.3857850464992225e-05,38.3275357934736
65,1,ppo_shield,obstacle_cluster,Obstacle Cluster,stereo,0060,80,9,12,3,1,obstacle_risk,396.687485999326,132.81709552004628,0.49035486578941345,3.4176242479588836e-05,39.56008088970496
65,1,ppo_shield,obstacle_cluster,Obstacle Cluster,stereo,0060,81,10,11,3,5,obstacle_risk,10297.605974499498,290.1706284305661,0.5509259104728699,2.3857850464992225e-05,38.3275357934736
65,1,ppo_shield,obstacle_cluster,Obstacle Cluster,stereo,0060,82,9,12,3,1,obstacle_risk,396.687485999326,132.81709552004628,0.49035486578941345,3.4176242479588836e-05,39.56008088970496
65,1,ppo_shield,obstacle_cluster,Obstacle Cluster,stereo,0060,83,10,11,3,5,obstacle_risk,10297.605974499498,290.1706284305661,0.5509259104728699,2.3857850464992225e-05,38.3275357934736
65,1,ppo_shield,obstacle_cluster,Obstacle Cluster,stereo,0060,84,9,12,3,1,obstacle_risk,396.687485999326,132.81709552004628,0.49035486578941345,3.4176242479588836e-05,39.56008088970496
65,1,ppo_shield,obstacle_cluster,Obstacle Cluster,stereo,0060,85,10,11,3,5,obstacle_risk,10297.605974499498,290.1706284305661,0.5509259104728699,2.3857850464992225e-05,38.3275357934736
65,1,ppo_shield,obstacle_cluster,Obstacle Cluster,stereo,0060,86,9,12,3,1,obstacle_risk,396.687485999326,132.81709552004628,0.49035486578941345,3.4176242479588836e-05,39.56008088970496
65,1,ppo_shield,obstacle_cluster,Obstacle Cluster,stereo,0060,87,10,11,3,5,obstacle_risk,10297.605974499498,290.1706284305661,0.5509259104728699,2.3857850464992225e-05,38.3275357934736
65,1,ppo_shield,obstacle_cluster,Obstacle Cluster,stereo,0060,88,9,12,3,1,obstacle_risk,396.687485999326,132.81709552004628,0.49035486578941345,3.4176242479588836e-05,39.56008088970496
65,1,ppo_shield,obstacle_cluster,Obstacle Cluster,stereo,0060,89,10,11,3,5,obstacle_risk,10297.605974499498,290.1706284305661,0.5509259104728699,2.3857850464992225e-05,38.3275357934736
65,1,ppo_shield,obstacle_cluster,Obstacle Cluster,stereo,0060,90,9,12,3,1,obstacle_risk,396.687485999326,132.81709552004628,0.49035486578941345,3.4176242479588836e-05,39.56008088970496
65,1,ppo_shield,obstacle_cluster,Obstacle Cluster,stereo,0060,91,10,11,3,5,obstacle_risk,10297.605974499498,290.1706284305661,0.5509259104728699,2.3857850464992225e-05,38.3275357934736
65,1,ppo_shield,obstacle_cluster,Obstacle Cluster,stereo,0060,92,9,12,3,1,obstacle_risk,396.687485999326,132.81709552004628,0.49035486578941345,3.4176242479588836e-05,39.56008088970496
65,1,ppo_shield,obstacle_cluster,Obstacle Cluster,stereo,0060,93,10,11,3,5,obstacle_risk,10297.605974499498,290.1706284305661,0.5509259104728699,2.3857850464992225e-05,38.3275357934736
65,1,ppo_shield,obstacle_cluster,Obstacle Cluster,stereo,0060,94,9,12,3,1,obstacle_risk,396.687485999326,132.81709552004628,0.49035486578941345,3.4176242479588836e-05,39.56008088970496
65,1,ppo_shield,obstacle_cluster,Obstacle Cluster,stereo,0060,95,10,11,3,5,obstacle_risk,10297.605974499498,290.1706284305661,0.5509259104728699,2.3857850464992225e-05,38.3275357934736
65,1,ppo_shield,obstacle_cluster,Obstacle Cluster,stereo,0060,96,9,12,3,1,obstacle_risk,396.687485999326,132.81709552004628,0.49035486578941345,3.4176242479588836e-05,39.56008088970496
65,1,ppo_shield,obstacle_cluster,Obstacle Cluster,stereo,0060,97,10,11,3,5,obstacle_risk,10297.605974499498,290.1706284305661,0.5509259104728699,2.3857850464992225e-05,38.3275357934736
65,1,ppo_shield,obstacle_cluster,Obstacle Cluster,stereo,0060,98,9,12,3,1,obstacle_risk,396.687485999326,132.81709552004628,0.49035486578941345,3.4176242479588836e-05,39.56008088970496
65,1,ppo_shield,obstacle_cluster,Obstacle Cluster,stereo,0060,99,10,11,3,5,obstacle_risk,10297.605974499498,290.1706284305661,0.5509259104728699,2.3857850464992225e-05,38.3275357934736
65,1,ppo_shield,obstacle_cluster,Obstacle Cluster,stereo,0060,100,9,12,3,1,obstacle_risk,396.687485999326,132.81709552004628,0.49035486578941345,3.4176242479588836e-05,39.56008088970496
65,1,ppo_shield,obstacle_cluster,Obstacle Cluster,stereo,0060,101,10,11,3,5,obstacle_risk,10297.605974499498,290.1706284305661,0.5509259104728699,2.3857850464992225e-05,38.3275357934736
65,1,ppo_shield,obstacle_cluster,Obstacle Cluster,stereo,0060,102,9,12,3,1,obstacle_risk,396.687485999326,132.81709552004628,0.49035486578941345,3.4176242479588836e-05,39.56008088970496
65,1,ppo_shield,obstacle_cluster,Obstacle Cluster,stereo,0060,103,10,11,3,5,obstacle_risk,10297.605974499498,290.1706284305661,0.5509259104728699,2.3857850464992225e-05,38.3275357934736
65,1,ppo_shield,obstacle_cluster,Obstacle Cluster,stereo,0060,104,9,12,3,1,obstacle_risk,396.687485999326,132.81709552004628,0.49035486578941345,3.4176242479588836e-05,39.56008088970496
65,1,ppo_shield,obstacle_cluster,Obstacle Cluster,stereo,0060,105,10,11,3,5,obstacle_risk,10297.605974499498,290.1706284305661,0.5509259104728699,2.3857850464992225e-05,38.3275357934736
65,1,ppo_shield,obstacle_cluster,Obstacle Cluster,stereo,0060,106,9,12,3,1,obstacle_risk,396.687485999326,132.81709552004628,0.49035486578941345,3.4176242479588836e-05,39.56008088970496
65,1,ppo_shield,obstacle_cluster,Obstacle Cluster,stereo,0060,107,10,11,3,5,obstacle_risk,10297.605974499498,290.1706284305661,0.5509259104728699,2.3857850464992225e-05,38.3275357934736
65,1,ppo_shield,obstacle_cluster,Obstacle Cluster,stereo,0060,108,9,12,3,1,obstacle_risk,396.687485999326,132.81709552004628,0.49035486578941345,3.4176242479588836e-05,39.56008088970496
65,1,ppo_shield,obstacle_cluster,Obstacle Cluster,stereo,0060,109,10,11,3,5,obstacle_risk,10297.605974499498,290.1706284305661,0.5509259104728699,2.3857850464992225e-05,38.3275357934736
65,1,ppo_shield,obstacle_cluster,Obstacle Cluster,stereo,0060,110,9,12,3,1,obstacle_risk,396.687485999326,132.81709552004628,0.49035486578941345,3.4176242479588836e-05,39.56008088970496
65,1,ppo_shield,obstacle_cluster,Obstacle Cluster,stereo,0060,111,10,11,3,5,obstacle_risk,10297.605974499498,290.1706284305661,0.5509259104728699,2.3857850464992225e-05,38.3275357934736
65,1,ppo_shield,obstacle_cluster,Obstacle Cluster,stereo,0060,112,9,12,3,1,obstacle_risk,396.687485999326,132.81709552004628,0.49035486578941345,3.4176242479588836e-05,39.56008088970496
65,1,ppo_shield,obstacle_cluster,Obstacle Cluster,stereo,0060,113,10,11,3,5,obstacle_risk,10297.605974499498,290.1706284305661,0.5509259104728699,2.3857850464992225e-05,38.3275357934736
65,1,ppo_shield,obstacle_cluster,Obstacle Cluster,stereo,0060,114,9,12,3,1,obstacle_risk,396.687485999326,132.81709552004628,0.49035486578941345,3.4176242479588836e-05,39.56008088970496
65,1,ppo_shield,obstacle_cluster,Obstacle Cluster,stereo,0060,115,10,11,3,5,obstacle_risk,10297.605974499498,290.1706284305661,0.5509259104728699,2.3857850464992225e-05,38.3275357934736
65,1,ppo_shield,obstacle_cluster,Obstacle Cluster,stereo,0060,116,9,12,3,1,obstacle_risk,396.687485999326,132.81709552004628,0.49035486578941345,3.4176242479588836e-05,39.56008088970496
65,1,ppo_shield,obstacle_cluster,Obstacle Cluster,stereo,0060,117,10,11,3,5,obstacle_risk,10297.605974499498,290.1706284305661,0.5509259104728699,2.3857850464992225e-05,38.3275357934736
65,1,ppo_shield,obstacle_cluster,Obstacle Cluster,stereo,0060,118,9,12,3,1,obstacle_risk,396.687485999326,132.81709552004628,0.49035486578941345,3.4176242479588836e-05,39.56008088970496
65,1,ppo_shield,obstacle_cluster,Obstacle Cluster,stereo,0060,119,10,11,3,5,obstacle_risk,10297.605974499498,290.1706284305661,0.5509259104728699,2.3857850464992225e-05,38.3275357934736
65,1,ppo_shield,obstacle_cluster,Obstacle Cluster,stereo,0060,120,9,12,3,1,obstacle_risk,396.687485999326,132.81709552004628,0.49035486578941345,3.4176242479588836e-05,39.56008088970496
65,1,ppo_shield,obstacle_cluster,Obstacle Cluster,stereo,0060,121,10,11,3,5,obstacle_risk,10297.605974499498,290.1706284305661,0.5509259104728699,2.3857850464992225e-05,38.3275357934736
65,1,ppo_shield,obstacle_cluster,Obstacle Cluster,stereo,0060,122,9,12,3,1,obstacle_risk,396.687485999326,132.81709552004628,0.49035486578941345,3.4176242479588836e-05,39.56008088970496
65,1,ppo_shield,obstacle_cluster,Obstacle Cluster,stereo,0060,123,10,11,3,5,obstacle_risk,10297.605974499498,290.1706284305661,0.5509259104728699,2.3857850464992225e-05,38.3275357934736
65,1,ppo_shield,obstacle_cluster,Obstacle Cluster,stereo,0060,124,9,12,3,1,obstacle_risk,396.687485999326,132.81709552004628,0.49035486578941345,3.4176242479588836e-05,39.56008088970496
65,1,ppo_shield,obstacle_cluster,Obstacle Cluster,stereo,0060,125,10,11,3,5,obstacle_risk,10297.605974499498,290.1706284305661,0.5509259104728699,2.3857850464992225e-05,38.3275357934736
65,1,ppo_shield,obstacle_cluster,Obstacle Cluster,stereo,0060,126,9,12,3,1,obstacle_risk,396.687485999326,132.81709552004628,0.49035486578941345,3.4176242479588836e-05,39.56008088970496
65,1,ppo_shield,obstacle_cluster,Obstacle Cluster,stereo,0060,127,10,11,3,5,obstacle_risk,10297.605974499498,290.1706284305661,0.5509259104728699,2.3857850464992225e-05,38.3275357934736
65,1,ppo_shield,obstacle_cluster,Obstacle Cluster,stereo,0060,128,9,12,3,1,obstacle_risk,396.687485999326,132.81709552004628,0.49035486578941345,3.4176242479588836e-05,39.56008088970496
65,1,ppo_shield,obstacle_cluster,Obstacle Cluster,stereo,0060,129,10,11,3,5,obstacle_risk,10297.605974499498,290.1706284305661,0.5509259104728699,2.3857850464992225e-05,38.3275357934736
65,1,ppo_shield,obstacle_cluster,Obstacle Cluster,stereo,0060,130,9,12,3,1,obstacle_risk,396.687485999326,132.81709552004628,0.49035486578941345,3.4176242479588836e-05,39.56008088970496
65,1,ppo_shield,obstacle_cluster,Obstacle Cluster,stereo,0060,131,10,11,3,5,obstacle_risk,10297.605974499498,290.1706284305661,0.5509259104728699,2.3857850464992225e-05,38.3275357934736
65,1,ppo_shield,obstacle_cluster,Obstacle Cluster,stereo,0060,132,9,12,3,1,obstacle_risk,396.687485999326,132.81709552004628,0.49035486578941345,3.4176242479588836e-05,39.56008088970496
65,1,ppo_shield,obstacle_cluster,Obstacle Cluster,stereo,0060,133,10,11,3,5,obstacle_risk,10297.605974499498,290.1706284305661,0.5509259104728699,2.3857850464992225e-05,38.3275357934736
65,1,ppo_shield,obstacle_cluster,Obstacle Cluster,stereo,0060,134,9,12,3,1,obstacle_risk,396.687485999326,132.81709552004628,0.49035486578941345,3.4176242479588836e-05,39.56008088970496
65,1,ppo_shield,obstacle_cluster,Obstacle Cluster,stereo,0060,135,10,11,3,5,obstacle_risk,10297.605974499498,290.1706284305661,0.5509259104728699,2.3857850464992225e-05,38.3275357934736
65,1,ppo_shield,obstacle_cluster,Obstacle Cluster,stereo,0060,136,9,12,3,1,obstacle_risk,396.687485999326,132.81709552004628,0.49035486578941345,3.4176242479588836e-05,39.56008088970496
65,1,ppo_shield,obstacle_cluster,Obstacle Cluster,stereo,0060,137,10,11,3,5,obstacle_risk,10297.605974499498,290.1706284305661,0.5509259104728699,2.3857850464992225e-05,38.3275357934736
65,1,ppo_shield,obstacle_cluster,Obstacle Cluster,stereo,0060,138,9,12,3,1,obstacle_risk,396.687485999326,132.81709552004628,0.49035486578941345,3.4176242479588836e-05,39.56008088970496
65,1,ppo_shield,obstacle_cluster,Obstacle Cluster,stereo,0060,139,10,11,3,5,obstacle_risk,10297.605974499498,290.1706284305661,0.5509259104728699,2.3857850464992225e-05,38.3275357934736
65,1,ppo_shield,obstacle_cluster,Obstacle Cluster,stereo,0060,140,9,12,3,1,obstacle_risk,396.687485999326,132.81709552004628,0.49035486578941345,3.4176242479588836e-05,39.56008088970496
65,1,ppo_shield,obstacle_cluster,Obstacle Cluster,stereo,0060,141,10,11,3,5,obstacle_risk,10297.605974499498,290.1706284305661,0.5509259104728699,2.3857850464992225e-05,38.3275357934736
65,1,ppo_shield,obstacle_cluster,Obstacle Cluster,stereo,0060,142,9,12,3,1,obstacle_risk,396.687485999326,132.81709552004628,0.49035486578941345,3.4176242479588836e-05,39.56008088970496
65,1,ppo_shield,obstacle_cluster,Obstacle Cluster,stereo,0060,143,10,11,3,5,obstacle_risk,10297.605974499498,290.1706284305661,0.5509259104728699,2.3857850464992225e-05,38.3275357934736
65,1,ppo_shield,obstacle_cluster,Obstacle Cluster,stereo,0060,144,9,12,3,1,obstacle_risk,396.687485999326,132.81709552004628,0.49035486578941345,3.4176242479588836e-05,39.56008088970496
65,1,ppo_shield,obstacle_cluster,Obstacle Cluster,stereo,0060,145,10,11,3,5,obstacle_risk,10297.605974499498,290.1706284305661,0.5509259104728699,2.3857850464992225e-05,38.3275357934736
65,1,ppo_shield,obstacle_cluster,Obstacle Cluster,stereo,0060,146,9,12,3,1,obstacle_risk,396.687485999326,132.81709552004628,0.49035486578941345,3.4176242479588836e-05,39.56008088970496
65,1,ppo_shield,obstacle_cluster,Obstacle Cluster,stereo,0060,147,10,11,3,5,obstacle_risk,10297.605974499498,290.1706284305661,0.5509259104728699,2.3857850464992225e-05,38.3275357934736
65,1,ppo_shield,obstacle_cluster,Obstacle Cluster,stereo,0060,148,9,12,3,1,obstacle_risk,396.687485999326,132.81709552004628,0.49035486578941345,3.4176242479588836e-05,39.56008088970496
65,1,ppo_shield,obstacle_cluster,Obstacle Cluster,stereo,0060,149,10,11,3,5,obstacle_risk,10297.605974499498,290.1706284305661,0.5509259104728699,2.3857850464992225e-05,38.3275357934736
65,1,ppo_shield,obstacle_cluster,Obstacle Cluster,stereo,0060,150,9,12,3,1,obstacle_risk,396.687485999326,132.81709552004628,0.49035486578941345,3.4176242479588836e-05,39.56008088970496
65,1,ppo_shield,obstacle_cluster,Obstacle Cluster,stereo,0060,151,10,11,3,5,obstacle_risk,10297.605974499498,290.1706284305661,0.5509259104728699,2.3857850464992225e-05,38.3275357934736
65,1,ppo_shield,obstacle_cluster,Obstacle Cluster,stereo,0060,152,9,12,3,1,obstacle_risk,396.687485999326,132.81709552004628,0.49035486578941345,3.4176242479588836e-05,39.56008088970496
65,1,ppo_shield,obstacle_cluster,Obstacle Cluster,stereo,0060,153,10,11,3,5,obstacle_risk,10297.605974499498,290.1706284305661,0.5509259104728699,2.3857850464992225e-05,38.3275357934736
65,1,ppo_shield,obstacle_cluster,Obstacle Cluster,stereo,0060,154,9,12,3,1,obstacle_risk,396.687485999326,132.81709552004628,0.49035486578941345,3.4176242479588836e-05,39.56008088970496
65,1,ppo_shield,obstacle_cluster,Obstacle Cluster,stereo,0060,155,10,11,3,5,obstacle_risk,10297.605974499498,290.1706284305661,0.5509259104728699,2.3857850464992225e-05,38.3275357934736
65,1,ppo_shield,obstacle_cluster,Obstacle Cluster,stereo,0060,156,9,12,3,1,obstacle_risk,396.687485999326,132.81709552004628,0.49035486578941345,3.4176242479588836e-05,39.56008088970496
65,1,ppo_shield,obstacle_cluster,Obstacle Cluster,stereo,0060,157,10,11,3,5,obstacle_risk,10297.605974499498,290.1706284305661,0.5509259104728699,2.3857850464992225e-05,38.3275357934736
65,1,ppo_shield,obstacle_cluster,Obstacle Cluster,stereo,0060,158,9,12,3,1,obstacle_risk,396.687485999326,132.81709552004628,0.49035486578941345,3.4176242479588836e-05,39.56008088970496
65,1,ppo_shield,obstacle_cluster,Obstacle Cluster,stereo,0060,159,10,11,3,5,obstacle_risk,10297.605974499498,290.1706284305661,0.5509259104728699,2.3857850464992225e-05,38.3275357934736
65,1,ppo_shield,obstacle_cluster,Obstacle Cluster,stereo,0060,160,9,12,3,1,obstacle_risk,396.687485999326,132.81709552004628,0.49035486578941345,3.4176242479588836e-05,39.56008088970496
65,1,ppo_shield,obstacle_cluster,Obstacle Cluster,stereo,0060,161,10,11,3,5,obstacle_risk,10297.605974499498,290.1706284305661,0.5509259104728699,2.3857850464992225e-05,38.3275357934736
65,1,ppo_shield,obstacle_cluster,Obstacle Cluster,stereo,0060,162,9,12,3,1,obstacle_risk,396.687485999326,132.81709552004628,0.49035486578941345,3.4176242479588836e-05,39.56008088970496
65,1,ppo_shield,obstacle_cluster,Obstacle Cluster,stereo,0060,163,10,11,3,5,obstacle_risk,10297.605974499498,290.1706284305661,0.5509259104728699,2.3857850464992225e-05,38.3275357934736
65,1,ppo_shield,obstacle_cluster,Obstacle Cluster,stereo,0060,164,9,12,3,1,obstacle_risk,396.687485999326,132.81709552004628,0.49035486578941345,3.4176242479588836e-05,39.56008088970496
65,1,ppo_shield,obstacle_cluster,Obstacle Cluster,stereo,0060,165,10,11,3,5,obstacle_risk,10297.605974499498,290.1706284305661,0.5509259104728699,2.3857850464992225e-05,38.3275357934736
65,1,ppo_shield,obstacle_cluster,Obstacle Cluster,stereo,0060,166,9,12,3,1,obstacle_risk,396.687485999326,132.81709552004628,0.49035486578941345,3.4176242479588836e-05,39.56008088970496
65,1,ppo_shield,obstacle_cluster,Obstacle Cluster,stereo,0060,167,10,11,3,5,obstacle_risk,10297.605974499498,290.1706284305661,0.5509259104728699,2.3857850464992225e-05,38.3275357934736
65,1,ppo_shield,obstacle_cluster,Obstacle Cluster,stereo,0060,168,9,12,3,1,obstacle_risk,396.687485999326,132.81709552004628,0.49035486578941345,3.4176242479588836e-05,39.56008088970496
65,1,ppo_shield,obstacle_cluster,Obstacle Cluster,stereo,0060,169,10,11,3,5,obstacle_risk,10297.605974499498,290.1706284305661,0.5509259104728699,2.3857850464992225e-05,38.3275357934736
65,1,ppo_shield,obstacle_cluster,Obstacle Cluster,stereo,0060,170,9,12,3,1,obstacle_risk,396.687485999326,132.81709552004628,0.49035486578941345,3.4176242479588836e-05,39.56008088970496
65,1,ppo_shield,obstacle_cluster,Obstacle Cluster,stereo,0060,171,10,11,3,5,obstacle_risk,10297.605974499498,290.1706284305661,0.5509259104728699,2.3857850464992225e-05,38.3275357934736
65,1,ppo_shield,obstacle_cluster,Obstacle Cluster,stereo,0060,172,9,12,3,1,obstacle_risk,396.687485999326,132.81709552004628,0.49035486578941345,3.4176242479588836e-05,39.56008088970496
65,1,ppo_shield,obstacle_cluster,Obstacle Cluster,stereo,0060,173,10,11,3,5,obstacle_risk,10297.605974499498,290.1706284305661,0.5509259104728699,2.3857850464992225e-05,38.3275357934736
65,1,ppo_shield,obstacle_cluster,Obstacle Cluster,stereo,0060,174,9,12,3,1,obstacle_risk,396.687485999326,132.81709552004628,0.49035486578941345,3.4176242479588836e-05,39.56008088970496
65,1,ppo_shield,obstacle_cluster,Obstacle Cluster,stereo,0060,175,10,11,3,5,obstacle_risk,10297.605974499498,290.1706284305661,0.5509259104728699,2.3857850464992225e-05,38.3275357934736
65,1,ppo_shield,obstacle_cluster,Obstacle Cluster,stereo,0060,176,9,12,3,1,obstacle_risk,396.687485999326,132.81709552004628,0.49035486578941345,3.4176242479588836e-05,39.56008088970496
65,1,ppo_shield,obstacle_cluster,Obstacle Cluster,stereo,0060,177,10,11,3,5,obstacle_risk,10297.605974499498,290.1706284305661,0.5509259104728699,2.3857850464992225e-05,38.3275357934736
65,1,ppo_shield,obstacle_cluster,Obstacle Cluster,stereo,0060,178,9,12,3,1,obstacle_risk,396.687485999326,132.81709552004628,0.49035486578941345,3.4176242479588836e-05,39.56008088970496
65,1,ppo_shield,obstacle_cluster,Obstacle Cluster,stereo,0060,179,10,11,3,5,obstacle_risk,10297.605974499498,290.1706284305661,0.5509259104728699,2.3857850464992225e-05,38.3275357934736
65,1,ppo_shield,obstacle_cluster,Obstacle Cluster,stereo,0060,180,9,12,3,1,obstacle_risk,396.687485999326,132.81709552004628,0.49035486578941345,3.4176242479588836e-05,39.56008088970496
65,1,ppo_shield,obstacle_cluster,Obstacle Cluster,stereo,0060,181,10,11,3,5,obstacle_risk,10297.605974499498,290.1706284305661,0.5509259104728699,2.3857850464992225e-05,38.3275357934736
65,1,ppo_shield,obstacle_cluster,Obstacle Cluster,stereo,0060,182,9,12,3,1,obstacle_risk,396.687485999326,132.81709552004628,0.49035486578941345,3.4176242479588836e-05,39.56008088970496
65,1,ppo_shield,obstacle_cluster,Obstacle Cluster,stereo,0060,183,10,11,3,5,obstacle_risk,10297.605974499498,290.1706284305661,0.5509259104728699,2.3857850464992225e-05,38.3275357934736
65,1,ppo_shield,obstacle_cluster,Obstacle Cluster,stereo,0060,184,9,12,3,1,obstacle_risk,396.687485999326,132.81709552004628,0.49035486578941345,3.4176242479588836e-05,39.56008088970496
65,1,ppo_shield,obstacle_cluster,Obstacle Cluster,stereo,0060,185,10,11,3,5,obstacle_risk,10297.605974499498,290.1706284305661,0.5509259104728699,2.3857850464992225e-05,38.3275357934736
65,1,ppo_shield,obstacle_cluster,Obstacle Cluster,stereo,0060,186,9,12,3,1,obstacle_risk,396.687485999326,132.81709552004628,0.49035486578941345,3.4176242479588836e-05,39.56008088970496
65,1,ppo_shield,obstacle_cluster,Obstacle Cluster,stereo,0060,187,10,11,3,5,obstacle_risk,10297.605974499498,290.1706284305661,0.5509259104728699,2.3857850464992225e-05,38.3275357934736
65,1,ppo_shield,obstacle_cluster,Obstacle Cluster,stereo,0060,188,9,12,3,1,obstacle_risk,396.687485999326,132.81709552004628,0.49035486578941345,3.4176242479588836e-05,39.56008088970496
65,1,ppo_shield,obstacle_cluster,Obstacle Cluster,stereo,0060,189,10,11,3,5,obstacle_risk,10297.605974499498,290.1706284305661,0.5509259104728699,2.3857850464992225e-05,38.3275357934736
65,1,ppo_shield,obstacle_cluster,Obstacle Cluster,stereo,0060,190,9,12,3,1,obstacle_risk,396.687485999326,132.81709552004628,0.49035486578941345,3.4176242479588836e-05,39.56008088970496
65,1,ppo_shield,obstacle_cluster,Obstacle Cluster,stereo,0060,191,10,11,3,5,obstacle_risk,10297.605974499498,290.1706284305661,0.5509259104728699,2.3857850464992225e-05,38.3275357934736
65,1,ppo_shield,obstacle_cluster,Obstacle Cluster,stereo,0060,192,9,12,3,1,obstacle_risk,396.687485999326,132.81709552004628,0.49035486578941345,3.4176242479588836e-05,39.56008088970496
65,1,ppo_shield,obstacle_cluster,Obstacle Cluster,stereo,0060,193,10,11,3,5,obstacle_risk,10297.605974499498,290.1706284305661,0.5509259104728699,2.3857850464992225e-05,38.3275357934736
65,1,ppo_shield,obstacle_cluster,Obstacle Cluster,stereo,0060,194,9,12,3,1,obstacle_risk,396.687485999326,132.81709552004628,0.49035486578941345,3.4176242479588836e-05,39.56008088970496
65,1,ppo_shield,obstacle_cluster,Obstacle Cluster,stereo,0060,195,10,11,3,5,obstacle_risk,10297.605974499498,290.1706284305661,0.5509259104728699,2.3857850464992225e-05,38.3275357934736
65,1,ppo_shield,obstacle_cluster,Obstacle Cluster,stereo,0060,196,9,12,3,1,obstacle_risk,396.687485999326,132.81709552004628,0.49035486578941345,3.4176242479588836e-05,39.56008088970496
65,1,ppo_shield,obstacle_cluster,Obstacle Cluster,stereo,0060,197,10,11,3,5,obstacle_risk,10297.605974499498,290.1706284305661,0.5509259104728699,2.3857850464992225e-05,38.3275357934736
65,1,ppo_shield,obstacle_cluster,Obstacle Cluster,stereo,0060,198,9,12,3,1,obstacle_risk,396.687485999326,132.81709552004628,0.49035486578941345,3.4176242479588836e-05,39.56008088970496
65,1,ppo_shield,obstacle_cluster,Obstacle Cluster,stereo,0060,199,10,11,3,5,obstacle_risk,10297.605974499498,290.1706284305661,0.5509259104728699,2.3857850464992225e-05,38.3275357934736
65,1,ppo_shield,obstacle_cluster,Obstacle Cluster,stereo,0060,200,9,12,3,1,obstacle_risk,396.687485999326,132.81709552004628,0.49035486578941345,3.4176242479588836e-05,39.56008088970496
66,1,ppo_shield,obstacle_cluster,Obstacle Cluster,mono,0060,8,17,18,3,5,lookahead_safer,-4.241738368726097,-9.387919319427096,0.0,0.0004733195819426328,34.48187929913333
66,1,ppo_shield,obstacle_cluster,Obstacle Cluster,mono,0060,9,18,17,3,5,lookahead_safer,-4.4169746614237955,-9.450892399386401,0.0,0.001111412770114839,33.12099032335839
66,1,ppo_shield,obstacle_cluster,Obstacle Cluster,mono,0060,11,20,17,3,5,lookahead_safer,-4.400571417162384,-9.720317581371859,0.0,0.001111412770114839,31.38470965295043
66,1,ppo_shield,obstacle_cluster,Obstacle Cluster,mono,0060,12,21,16,3,5,lookahead_safer,-4.575926647179525,-9.778371969846907,0.0,0.0021804682910442352,30.01666203960727
66,1,ppo_shield,obstacle_cluster,Obstacle Cluster,mono,0060,13,22,15,3,5,lookahead_safer,-4.750767931234851,-9.81736548982032,0.0,0.003910217899829149,28.653097563788805
66,1,ppo_shield,obstacle_cluster,Obstacle Cluster,mono,0060,15,24,15,3,5,lookahead_safer,-4.706793005283653,-10.134312937984381,0.0,0.0027296559419482946,26.92582403567252
66,1,ppo_shield,obstacle_cluster,Obstacle Cluster,mono,0060,16,25,14,3,5,lookahead_safer,-4.887160759474753,-10.19137407133624,0.0,0.004089898895472288,25.553864678361276
66,1,ppo_shield,obstacle_cluster,Obstacle Cluster,mono,0060,17,26,13,3,5,lookahead_safer,-5.071655401168162,-10.240708652507756,0.0,0.005601366050541401,24.186773244895647
66,1,ppo_shield,obstacle_cluster,Obstacle Cluster,mono,0060,18,27,12,3,5,lookahead_safer,-5.262415071244303,-10.285189121470584,0.0,0.00701216422021389,22.825424421026653
66,1,ppo_shield,obstacle_cluster,Obstacle Cluster,mono,0060,20,29,12,3,5,lookahead_safer,-5.177511236150096,-10.679862596596902,0.0,0.003123509231954813,21.095023109728988
66,1,ppo_shield,obstacle_cluster,Obstacle Cluster,mono,0060,21,30,11,3,5,lookahead_safer,-5.3798796088016125,-10.750295177773713,0.0,0.003267039777711034,19.72308292331602
66,1,ppo_shield,obstacle_cluster,Obstacle Cluster,mono,0060,22,31,10,3,5,lookahead_safer,-5.592876683583421,-10.81148465112597,0.0,0.003123509231954813,18.35755975068582
66,1,ppo_shield,obstacle_cluster,Obstacle Cluster,mono,0060,23,32,9,3,5,lookahead_safer,-5.817981411985583,-10.857585654846272,0.0,0.0027296559419482946,17.0
66,1,ppo_shield,obstacle_cluster,Obstacle Cluster,mono,0060,25,34,9,3,5,lookahead_safer,-5.617631666725616,-11.264218841150077,0.0,0.0007758582360111177,15.264337522473747
66,1,ppo_shield,obstacle_cluster,Obstacle Cluster,mono,0060,26,35,8,3,5,lookahead_safer,-5.845535544579423,-11.312506459088079,0.0,0.0005665014032274485,13.892443989449804
66,1,ppo_shield,obstacle_cluster,Obstacle Cluster,mono,0060,27,36,7,3,5,lookahead_safer,-6.090435200383903,-11.33007954921997,0.0,0.00037809100467711687,12.529964086141668
66,1,ppo_shield,obstacle_cluster,Obstacle Cluster,mono,0060,29,38,7,3,5,lookahead_safer,-5.682418351001832,-11.78031269278892,0.0,7.502012886106968e-05,10.816653826391969
66,1,ppo_shield,obstacle_cluster,Obstacle Cluster,mono,0060,30,39,6,3,5,lookahead_safer,-5.915395016805941,-11.81381132260467,0.0,4.1833733121166006e-05,9.433981132056603
66,1,ppo_shield,obstacle_cluster,Obstacle Cluster,mono,0060,31,40,5,3,5,lookahead_safer,-6.177511278826804,-11.787968926281923,0.0,2.1323192413547076e-05,8.06225774829855
66,1,ppo_shield,obstacle_cluster,Obstacle Cluster,mono,0060,32,41,4,3,5,lookahead_safer,-6.482388077866702,-11.642415126251016,0.0,9.934696208802052e-06,6.708203932499369
66,1,ppo_shield,obstacle_cluster,Obstacle Cluster,mono,0060,34,43,4,3,5,lookahead_safer,-5.326632889367424,-12.406792973090083,0.0,1.2578236692206701e-06,5.0
66,1,ppo_shield,obstacle_cluster,Obstacle Cluster,mono,0060,35,44,3,3,5,lookahead_safer,-5.391183151917614,-12.203213277156044,0.0,4.896385235042544e-07,3.605551275463989
66,1,ppo_shield,obstacle_cluster,Obstacle Cluster,mono,0060,36,45,2,3,5,lookahead_safer,-5.230973992242131,-11.46744762088775,0.0,1.742240840485465e-07,2.23606797749979
66,1,ppo_shield,obstacle_cluster,Obstacle Cluster,mono,0060,38,47,2,3,5,negative_progress,-0.130339649756386,-6.9470063025599975,0.0,1.5398567754232317e-08,1.0
66,1,ppo_shield,obstacle_cluster,Obstacle Cluster,mono,0060,39,47,1,3,6,negative_progress,1.915840098214996,-4.141666424149775,0.0,1.6472053943061837e-08,0.0
67,1,ppo_shield,lateral_maneuver,Lateral Maneuver,stereo,0010,1,3,3,3,5,lookahead_safer,303.0587320830252,211.0951050969344,0.0,0.6279148459434509,52.80151512977634
67,1,ppo_shield,lateral_maneuver,Lateral Maneuver,stereo,0010,2,4,2,3,5,lookahead_safer,201.08188604719004,6.139458971965524,0.0,0.4747876226902008,52.630789467763066
67,1,ppo_shield,lateral_maneuver,Lateral Maneuver,stereo,0010,10,12,9,3,4,obstacle_risk,205.0216102631954,-4.044198416698394,0.0,0.020451907068490982,42.01190307520001
67,1,ppo_shield,lateral_maneuver,Lateral Maneuver,stereo,0010,11,13,9,3,4,obstacle_risk,203.59576046465,-5.353426564185506,0.0,0.011423896998167038,41.23105625617661
67,1,ppo_shield,lateral_maneuver,Lateral Maneuver,stereo,0010,23,24,21,3,2,obstacle_risk,212.55096536345948,3.0456489239882143,0.14274689555168152,0.008447790518403053,25.238858928247925
67,1,ppo_shield,lateral_maneuver,Lateral Maneuver,stereo,0010,24,24,22,3,2,obstacle_risk,207.66500574581522,1.4815045925290613,0.18036264181137085,0.014968778938055038,24.698178070456937
67,1,ppo_shield,lateral_maneuver,Lateral Maneuver,stereo,0010,25,24,23,3,2,lookahead_safer,4.667375545450497,-1.0652105776081238,0.13599535822868347,0.024973401799798012,24.186773244895647
67,1,ppo_shield,lateral_maneuver,Lateral Maneuver,stereo,0010,30,29,27,3,4,lookahead_safer,205.33709366154574,3.680749157747025,0.0,0.4107164144515991,17.88854381999832
67,1,ppo_shield,lateral_maneuver,Lateral Maneuver,stereo,0010,31,30,27,3,4,lookahead_safer,204.9995115508505,5.875701609942853,0.10223764926195145,0.4495416581630707,17.0
67,1,ppo_shield,lateral_maneuver,Lateral Maneuver,stereo,0010,32,31,27,3,4,lookahead_safer,202.92347628509464,7.091170356346471,0.20254628360271454,0.4632824957370758,16.1245154965971
67,1,ppo_shield,lateral_maneuver,Lateral Maneuver,stereo,0010,33,32,27,3,4,lookahead_safer,202.47459685846974,2.3204311922048233,0.007908950559794903,0.4495416581630707,15.264337522473747
67,1,ppo_shield,lateral_maneuver,Lateral Maneuver,stereo,0010,34,33,26,3,5,lookahead_safer,202.84877541537512,1.9799961857130963,0.085069440305233,0.3132264316082001,15.0
67,1,ppo_shield,lateral_maneuver,Lateral Maneuver,stereo,0010,42,41,33,3,4,lookahead_safer,0.5661681093326498,-7.222441093912828,0.0,0.03274623304605484,4.47213595499958
67,1,ppo_shield,lateral_maneuver,Lateral Maneuver,stereo,0010,46,45,35,3,5,negative_progress,1.3338207015355195,-6.193187280797205,0.0,0.001267528161406517,0.0
68,1,ppo_shield,lateral_maneuver,Lateral Maneuver,mono,0010,36,38,38,3,5,obstacle_risk,208.1655531576849,-11.28890982122663,0.0,3.2652574191160966e-06,7.615773105863909
68,1,ppo_shield,lateral_maneuver,Lateral Maneuver,mono,0010,38,40,38,3,5,obstacle_risk,10215.467994923138,-12.024315891027198,0.0,6.725746061420068e-06,5.830951894845301
68,1,ppo_shield,lateral_maneuver,Lateral Maneuver,mono,0010,39,41,37,3,5,lookahead_safer,-2.3723097998890608,-11.668117508385672,0.0,2.6867957785725594e-05,4.47213595499958
68,1,ppo_shield,lateral_maneuver,Lateral Maneuver,mono,0010,41,43,37,3,5,obstacle_risk,208.9841417652451,-12.54039181083116,0.0,3.8560814573429525e-05,2.8284271247461903
68,1,ppo_shield,lateral_maneuver,Lateral Maneuver,mono,0010,42,44,36,3,5,negative_progress,-2.6775556751271017,-8.482733824280977,0.0,0.00012106892245355994,1.4142135623730951
68,1,ppo_shield,lateral_maneuver,Lateral Maneuver,mono,0010,43,45,35,3,5,negative_progress,-0.8662108071439623,-5.230251179252829,0.036651235073804855,0.0003369887126609683,0.0
69,1,ppo_shield,stress_density,Stress Density,stereo,0040,6,8,8,3,5,obstacle_risk,10212.919961032869,-7.692920842563258,0.0,1.7249195138901996e-07,21.02379604162864
69,1,ppo_shield,stress_density,Stress Density,stereo,0040,8,10,8,3,5,obstacle_risk,10212.762855753,-7.914924302034489,0.0,2.3212433006847277e-06,19.026297590440446
69,1,ppo_shield,stress_density,Stress Density,stereo,0040,10,12,8,3,5,obstacle_risk,10212.613749529193,-8.144646440614082,0.0,2.408670297882054e-05,17.029386365926403
69,1,ppo_shield,stress_density,Stress Density,stereo,0040,12,14,8,3,5,obstacle_risk,10212.482087095843,-8.381242573574914,0.0,0.00019272534700576216,15.033296378372908
69,1,ppo_shield,stress_density,Stress Density,stereo,0040,14,16,8,3,5,obstacle_risk,10212.402465249803,-8.611629131518708,0.0,0.0011890636524185538,13.038404810405298
69,1,ppo_shield,stress_density,Stress Density,stereo,0040,16,18,8,3,5,obstacle_risk,208.83298834391323,-8.784524863784325,0.0,0.005656870547682047,11.045361017187261
69,1,ppo_shield,stress_density,Stress Density,stereo,0040,18,20,8,3,5,obstacle_risk,10212.968377151876,-8.778491685684813,0.0,0.020751627162098885,9.055385138137417
69,1,ppo_shield,stress_density,Stress Density,stereo,0040,20,22,8,3,5,obstacle_risk,10214.21498497726,-8.434455050471888,0.0,0.05869929492473602,7.0710678118654755
69,1,ppo_shield,stress_density,Stress Density,stereo,0040,22,24,8,3,5,obstacle_risk,10216.427950387602,-7.754682053629811,0.0,0.12803198397159576,5.0990195135927845
69,1,ppo_shield,stress_density,Stress Density,stereo,0040,24,26,8,3,5,obstacle_risk,10219.576468674044,-7.206497918521847,0.0,0.21533212065696716,3.1622776601683795
69,1,ppo_shield,stress_density,Stress Density,stereo,0040,26,28,8,3,5,obstacle_risk+negative_progress,10225.323901047233,-4.610203422616037,0.0,0.2792569696903229,1.4142135623730951
69,1,ppo_shield,stress_density,Stress Density,stereo,0040,27,29,7,3,5,negative_progress,4.984709966362648,-2.860988873063392,0.0,0.2017832100391388,0.0
70,1,ppo_shield,stress_density,Stress Density,mono,0040,13,15,15,3,5,lookahead_safer,-5.743413962213334,-11.08930541663753,0.0,2.225346634077141e-06,16.1245154965971
70,1,ppo_shield,stress_density,Stress Density,mono,0040,14,16,14,3,5,lookahead_safer,-5.976372492157436,-11.116714685065253,0.0,1.418564693267399e-06,14.7648230602334
70,1,ppo_shield,stress_density,Stress Density,mono,0040,16,18,14,3,5,lookahead_safer,-5.6834604041823535,-11.522269905526464,0.0,3.2165617085411213e-06,13.038404810405298
70,1,ppo_shield,stress_density,Stress Density,mono,0040,17,19,13,3,5,lookahead_safer,-5.91609298760833,-11.560855051491643,0.0,1.7407436416760902e-06,11.661903789690601
70,1,ppo_shield,stress_density,Stress Density,mono,0040,18,20,12,3,5,lookahead_safer,-6.170999025952033,-11.558514375291017,0.0,1.2933215884913807e-06,10.295630140987
70,1,ppo_shield,stress_density,Stress Density,mono,0040,19,21,11,3,5,lookahead_safer,-6.455508312123294,-11.486737855293,0.0,5.062980108050397e-06,8.94427190999916
70,1,ppo_shield,stress_density,Stress Density,mono,0040,21,23,11,3,5,lookahead_safer,-5.779951701508927,-12.087599418172957,0.0,5.253671406535432e-05,7.211102550927978
70,1,ppo_shield,stress_density,Stress Density,mono,0040,22,24,10,3,5,lookahead_safer,-6.01983623123137,-12.017885519534932,0.0,0.0001585869467817247,5.830951894845301
70,1,ppo_shield,stress_density,Stress Density,mono,0040,23,25,9,3,5,lookahead_safer,-6.308575604709839,-11.65409583651136,0.0,0.0004203628923278302,4.47213595499958
70,1,ppo_shield,stress_density,Stress Density,mono,0040,25,27,9,3,5,lookahead_safer,-3.6310546868283318,-12.233301119700435,0.0,0.0025935263838618994,2.8284271247461903
70,1,ppo_shield,stress_density,Stress Density,mono,0040,26,28,8,3,5,negative_progress,-1.9273961867019047,-8.032868445860954,0.0,0.005300934426486492,1.4142135623730951
70,1,ppo_shield,stress_density,Stress Density,mono,0040,27,29,7,3,5,negative_progress,0.45506481987102165,-4.185778105327355,0.07040894776582718,0.009514075703918934,0.0
71,2,ppo_shield,baseline_open,Baseline Open,stereo,0020,9,11,11,3,1,obstacle_risk,209.62556521904907,0.28990593402101345,0.0,1.1691597023855138e-07,43.01162633521314
71,2,ppo_shield,baseline_open,Baseline Open,stereo,0020,14,16,15,3,4,obstacle_risk,284.7891773248036,2.468396608073369,0.032021600753068924,0.00011442779941717163,36.89173349139343
71,2,ppo_shield,baseline_open,Baseline Open,stereo,0020,15,17,14,3,5,obstacle_risk,213.70576276492363,7.020064943958755,0.16396604478359222,6.43083403701894e-05,37.21558813185679
71,2,ppo_shield,baseline_open,Baseline Open,stereo,0020,22,24,19,3,5,obstacle_risk,214.39530433506533,3.6891415354590933,0.0,0.011498614214360714,29.546573405388315
71,2,ppo_shield,baseline_open,Baseline Open,stereo,0020,27,29,22,3,5,obstacle_risk,203.51283664652274,2.8865118672863934,0.0,0.02576412819325924,25.0
71,2,ppo_shield,baseline_open,Baseline Open,stereo,0020,32,32,27,3,1,obstacle_risk,204.20078582154943,-6.139192721934572,0.0,0.0458437018096447,19.4164878389476
71,2,ppo_shield,baseline_open,Baseline Open,stereo,0020,35,34,30,3,2,obstacle_risk,206.08453497655898,-7.261600919233349,0.0,0.022307422012090683,16.1245154965971
71,2,ppo_shield,baseline_open,Baseline Open,stereo,0020,36,34,31,3,2,obstacle_risk,203.91795719927347,-7.345282891797819,0.0,0.022959508001804352,15.132745950421556
71,2,ppo_shield,baseline_open,Baseline Open,stereo,0020,37,34,32,3,2,obstacle_risk,202.8147231000438,-7.05646958857616,0.0,0.022307422012090683,14.142135623730951
71,2,ppo_shield,baseline_open,Baseline Open,stereo,0020,38,34,33,3,2,obstacle_risk,204.72898641207868,-7.318347181970255,0.0,0.02046019397675991,13.152946437965905
71,2,ppo_shield,baseline_open,Baseline Open,stereo,0020,39,33,34,3,1,obstacle_risk,204.51732345374745,-7.0257494068314434,0.0,0.032443009316921234,12.36931687685298
71,2,ppo_shield,baseline_open,Baseline Open,stereo,0020,42,34,37,3,1,lookahead_safer,-2.201482488132557,-7.730144662845786,0.0,0.008137424476444721,9.219544457292887
71,2,ppo_shield,baseline_open,Baseline Open,stereo,0020,44,35,39,3,2,lookahead_safer,1.2485682854185856,-7.572615633605772,0.0,0.015332629904150963,7.0710678118654755
71,2,ppo_shield,baseline_open,Baseline Open,stereo,0020,45,35,40,3,2,lookahead_safer,4.725223768832505,-5.951242346582022,0.009645061567425728,0.02047247812151909,6.082762530298219
71,2,ppo_shield,baseline_open,Baseline Open,stereo,0020,46,34,41,3,1,obstacle_risk,205.99506136860498,-4.722150039460022,0.0038580247201025486,0.013057636097073555,5.385164807134504
71,2,ppo_shield,baseline_open,Baseline Open,stereo,0020,48,35,43,3,2,obstacle_risk,204.17136970196452,-5.720589146980995,0.005401234608143568,0.033145662397146225,3.1622776601683795
71,2,ppo_shield,baseline_open,Baseline Open,stereo,0020,49,35,44,3,2,obstacle_risk,203.23642950556092,-4.0497640190111515,0.14949846267700195,0.0342276506125927,2.23606797749979
71,2,ppo_shield,baseline_open,Baseline Open,stereo,0020,52,36,46,3,0,negative_progress,5.042543639965017,-2.231251716365417,0.0,0.05541577190160751,0.0
72,2,ppo_shield,baseline_open,Baseline Open,mono,0020,30,32,31,3,0,lookahead_safer,208.04874600737114,8.308338375657963,0.0,0.4471060633659363,15.524174696260024
72,2,ppo_shield,baseline_open,Baseline Open,mono,0020,31,31,32,3,1,lookahead_safer,210.5581217502398,3.8057298603765157,0.0,0.4767727255821228,14.866068747318506
72,2,ppo_shield,baseline_open,Baseline Open,mono,0020,32,30,33,3,1,lookahead_safer,209.16311717059838,3.845794248832424,0.0,0.4471060633659363,14.317821063276353
72,2,ppo_shield,baseline_open,Baseline Open,mono,0020,33,29,34,3,1,lookahead_safer,204.92026805200308,1.8910443820627907,0.0,0.3687296509742737,13.892443989449804
72,2,ppo_shield,baseline_open,Baseline Open,mono,0020,34,29,35,3,2,lookahead_safer,199.74313623975164,-0.23675549984768124,0.0,0.38076627254486084,13.038404810405298
72,2,ppo_shield,baseline_open,Baseline Open,mono,0020,36,30,37,3,2,lookahead_safer,199.085917039557,-0.7128062037125803,0.0,0.4471060633659363,10.816653826391969
72,2,ppo_shield,baseline_open,Baseline Open,mono,0020,45,37,46,3,1,obstacle_risk+negative_progress,218.21086523258774,-6.6962415900172125,0.0,0.013057636097073555,1.0
72,2,ppo_shield,baseline_open,Baseline Open,mono,0020,46,36,46,3,0,obstacle_risk+negative_progress,10222.555219188558,-3.852813049281637,0.0,0.015332629904150963,0.0
73,2,ppo_shield,dense_corridor,Dense Corridor,stereo,0050,1,12,8,3,5,obstacle_risk,214.84023012129148,-6.163670333148858,0.0,0.10527604818344116,33.54101966249684
73,2,ppo_shield,dense_corridor,Dense Corridor,stereo,0050,3,14,8,3,5,obstacle_risk,10217.696490953826,-6.219082624713418,0.0,0.10527604818344116,31.575306807693888
73,2,ppo_shield,dense_corridor,Dense Corridor,stereo,0050,5,16,8,3,5,obstacle_risk,215.8972562204034,-5.470546265349708,0.0,0.10676931589841843,29.614185789921695
73,2,ppo_shield,dense_corridor,Dense Corridor,stereo,0050,7,18,8,3,5,obstacle_risk,217.9203976088717,-2.477512684567991,0.0,0.26461952924728394,27.65863337187866
73,2,ppo_shield,dense_corridor,Dense Corridor,stereo,0050,8,19,7,3,5,lookahead_safer,4.936959696387341,-0.870015629219922,0.0,0.3659307062625885,26.476404589747453
73,2,ppo_shield,dense_corridor,Dense Corridor,stereo,0050,9,20,6,3,5,lookahead_safer,206.67154771851298,0.09979829936969153,0.0,0.4444931149482727,25.317977802344327
73,2,ppo_shield,dense_corridor,Dense Corridor,stereo,0050,10,21,5,3,5,lookahead_safer,211.50380773284553,0.15899525252689198,0.0,0.4742642939090729,24.186773244895647
73,2,ppo_shield,dense_corridor,Dense Corridor,stereo,0050,11,22,4,3,5,lookahead_safer,210.13092192868666,-0.653064061794459,0.0,0.4444931149482727,23.08679276123039
73,2,ppo_shield,dense_corridor,Dense Corridor,stereo,0050,12,23,3,3,5,lookahead_safer,205.39258670449436,-1.999620657018316,0.0,0.3659307062625885,22.02271554554524
73,2,ppo_shield,dense_corridor,Dense Corridor,stereo,0050,13,24,2,3,5,lookahead_safer,200.51492501798282,-3.416179235024611,0.0,0.26461952924728394,21.0
73,2,ppo_shield,dense_corridor,Dense Corridor,stereo,0050,21,32,8,3,5,obstacle_risk,10215.02465021048,-9.427810092160959,0.0,0.10676931589841843,14.317821063276353
73,2,ppo_shield,dense_corridor,Dense Corridor,stereo,0050,23,34,8,3,5,obstacle_risk,10214.3068952013,-10.898220223626673,0.0,0.03323911502957344,12.529964086141668
73,2,ppo_shield,dense_corridor,Dense Corridor,stereo,0050,25,36,8,3,5,obstacle_risk,10214.409313289925,-11.67998229839694,0.0,0.007984190247952938,10.816653826391969
73,2,ppo_shield,dense_corridor,Dense Corridor,stereo,0050,26,37,7,3,5,lookahead_safer,-5.872064838764653,-11.772058677257155,0.0,0.0034372475929558277,9.433981132056603
73,2,ppo_shield,dense_corridor,Dense Corridor,stereo,0050,27,38,6,3,5,lookahead_safer,-6.159462142624422,-11.772669133046424,0.0,0.0012998103629797697,8.06225774829855
73,2,ppo_shield,dense_corridor,Dense Corridor,stereo,0050,28,39,5,3,5,lookahead_safer,-6.475764513142806,-11.637486058611493,0.0,0.00043175596510991454,6.708203932499369
73,2,ppo_shield,dense_corridor,Dense Corridor,stereo,0050,30,41,5,3,5,lookahead_safer,-5.325820114399716,-12.40618631882676,0.0,5.423328184406273e-05,5.0
73,2,ppo_shield,dense_corridor,Dense Corridor,stereo,0050,31,42,4,3,5,lookahead_safer,-5.390952082197421,-12.203062528945448,0.0,1.3899612895329483e-05,3.605551275463989
73,2,ppo_shield,dense_corridor,Dense Corridor,stereo,0050,32,43,3,3,5,lookahead_safer,-5.2309163523295545,-11.467414769680875,0.0,3.129166998405708e-06,2.23606797749979
73,2,ppo_shield,dense_corridor,Dense Corridor,stereo,0050,34,45,3,3,5,negative_progress,-0.13033361059994886,-6.947003259609331,0.0,2.339985485377838e-07,1.0
73,2,ppo_shield,dense_corridor,Dense Corridor,stereo,0050,35,45,2,3,6,negative_progress,1.9158415972837024,-4.141664279212261,0.0,1.638168356521419e-07,0.0
74,2,ppo_shield,dense_corridor,Dense Corridor,mono,0050,8,19,15,3,5,lookahead_safer,-2.972354751550771,-8.730772249605828,0.0,0.054052386432886124,29.068883707497267
74,2,ppo_shield,dense_corridor,Dense Corridor,mono,0050,9,20,14,3,5,lookahead_safer,-3.0719834753097706,-8.852284419634307,0.0,0.054052386432886124,27.730849247724095
74,2,ppo_shield,dense_corridor,Dense Corridor,mono,0050,10,21,13,3,5,lookahead_safer,-3.4217735535605662,-9.052323791033325,0.0,0.04747927561402321,26.40075756488817
74,2,ppo_shield,dense_corridor,Dense Corridor,mono,0050,11,22,12,3,5,lookahead_safer,-3.9729451877739814,-9.279799637351582,0.0,0.036633849143981934,25.079872407968907
74,2,ppo_shield,dense_corridor,Dense Corridor,mono,0050,13,24,12,3,5,lookahead_safer,-3.3258975658622147,-9.38721634294729,0.0,0.054052386432886124,23.259406699226016
74,2,ppo_shield,dense_corridor,Dense Corridor,mono,0050,14,25,11,3,5,lookahead_safer,-4.337993838035816,-9.73391406347788,0.0,0.03217894211411476,21.93171219946131
74,2,ppo_shield,dense_corridor,Dense Corridor,mono,0050,16,27,11,3,5,lookahead_safer,-4.3447098197616985,-10.096445957392248,0.0,0.03217894211411476,20.12461179749811
74,2,ppo_shield,dense_corridor,Dense Corridor,mono,0050,17,28,10,3,5,lookahead_safer,-5.257566277648067,-10.343002807131006,0.0,0.014781110920011997,18.788294228055936
74,2,ppo_shield,dense_corridor,Dense Corridor,mono,0050,19,30,10,3,5,lookahead_safer,-5.378831818400412,-10.779476093070151,0.0,0.01001785509288311,17.0
74,2,ppo_shield,dense_corridor,Dense Corridor,mono,0050,21,32,10,3,5,lookahead_safer,-5.390102493396764,-11.214042520979405,0.0,0.005238667596131563,15.264337522473747
74,2,ppo_shield,dense_corridor,Dense Corridor,mono,0050,22,33,9,3,5,lookahead_safer,-5.768999158829491,-11.301934926540023,0.0,0.0016308869235217571,13.892443989449804
74,2,ppo_shield,dense_corridor,Dense Corridor,mono,0050,23,34,8,3,5,lookahead_safer,-6.068652669635734,-11.330371707300479,0.0,0.0004459806950762868,12.529964086141668
74,2,ppo_shield,dense_corridor,Dense Corridor,mono,0050,25,36,8,3,5,lookahead_safer,-5.675455087664497,-11.779790154194979,0.0,0.00013884142390452325,10.816653826391969
74,2,ppo_shield,dense_corridor,Dense Corridor,mono,0050,26,37,7,3,5,lookahead_safer,-5.913933378749794,-11.814046350967047,0.0,2.929474248958286e-05,9.433981132056603
74,2,ppo_shield,dense_corridor,Dense Corridor,mono,0050,27,38,6,3,5,lookahead_safer,-6.177309426487872,-11.788186800224574,0.0,5.4293714129016735e-06,8.06225774829855
74,2,ppo_shield,dense_corridor,Dense Corridor,mono,0050,28,39,5,3,5,lookahead_safer,-6.482403109628967,-11.642531593888808,0.0,8.838908911457111e-07,6.708203932499369
74,2,ppo_shield,dense_corridor,Dense Corridor,mono,0050,30,41,5,3,5,lookahead_safer,-5.326632225702497,-12.406807044287516,0.0,1.438956758192944e-07,5.0
74,2,ppo_shield,dense_corridor,Dense Corridor,mono,0050,31,42,4,3,5,lookahead_safer,-5.391185857123274,-12.203219042181608,0.0,1.80748749301074e-08,3.605551275463989
74,2,ppo_shield,dense_corridor,Dense Corridor,mono,0050,32,43,3,3,5,lookahead_safer,-5.2309754195015525,-11.467449680258472,0.0,1.994307163855069e-09,2.23606797749979
74,2,ppo_shield,dense_corridor,Dense Corridor,mono,0050,34,45,3,3,5,negative_progress,-0.13033986633149985,-6.947006551886649,0.0,1.932849436059314e-10,1.0
74,2,ppo_shield,dense_corridor,Dense Corridor,mono,0050,35,45,2,3,6,negative_progress,1.915839985826338,-4.141666665807677,0.0,5.825367271894422e-11,0.0
75,2,ppo_shield,obstacle_cluster,Obstacle Cluster,stereo,0060,1,12,8,3,5,obstacle_risk,213.34765834021252,-4.17146446125887,0.0,0.22818361222743988,33.54101966249684
75,2,ppo_shield,obstacle_cluster,Obstacle Cluster,stereo,0060,3,14,8,3,5,obstacle_risk,10214.78509955899,-6.580895726630923,0.0,0.09088460355997086,31.575306807693888
75,2,ppo_shield,obstacle_cluster,Obstacle Cluster,stereo,0060,5,16,8,3,5,obstacle_risk,212.46997905649056,-7.773313305247249,0.0,0.02782718650996685,29.614185789921695
75,2,ppo_shield,obstacle_cluster,Obstacle Cluster,stereo,0060,7,18,8,3,5,obstacle_risk,211.77017710834423,-8.349114837042215,0.0,0.0065496996976435184,27.65863337187866
75,2,ppo_shield,obstacle_cluster,Obstacle Cluster,stereo,0060,9,20,8,3,5,obstacle_risk,10213.786528335482,-8.713712939190852,0.0,0.0011850770097225904,25.709920264364882
75,2,ppo_shield,obstacle_cluster,Obstacle Cluster,stereo,0060,11,22,8,3,5,obstacle_risk,10213.67868142054,-9.034730058624827,0.0,0.0001648332690820098,23.769728648009426
75,2,ppo_shield,obstacle_cluster,Obstacle Cluster,stereo,0060,13,24,8,3,5,obstacle_risk,10213.598241159882,-9.361496413506384,0.0,1.7624477550270967e-05,21.840329667841555
75,2,ppo_shield,obstacle_cluster,Obstacle Cluster,stereo,0060,15,26,8,3,5,obstacle_risk,10213.545401913701,-9.706550506347018,0.0,1.4486410009340034e-06,19.924858845171276
75,2,ppo_shield,obstacle_cluster,Obstacle Cluster,stereo,0060,17,28,8,3,5,obstacle_risk,10213.529389542608,-10.074595195497622,0.0,6.205501108524913e-07,18.027756377319946
75,2,ppo_shield,obstacle_cluster,Obstacle Cluster,stereo,0060,19,30,8,3,5,obstacle_risk,10213.56582576816,-10.468762440873707,0.0,5.103141575091286e-06,16.15549442140351
75,2,ppo_shield,obstacle_cluster,Obstacle Cluster,stereo,0060,21,32,8,3,5,obstacle_risk,10213.680309993708,-10.889958052419598,0.0,3.361833296366967e-05,14.317821063276353
75,2,ppo_shield,obstacle_cluster,Obstacle Cluster,stereo,0060,23,34,8,3,5,obstacle_risk,10213.917346323773,-11.331882477989971,0.0,0.00017741590272635221,12.529964086141668
75,2,ppo_shield,obstacle_cluster,Obstacle Cluster,stereo,0060,25,36,8,3,5,obstacle_risk,10214.357893423421,-11.767378519845762,0.0,0.0007500440115109086,10.816653826391969
75,2,ppo_shield,obstacle_cluster,Obstacle Cluster,stereo,0060,26,37,7,3,5,lookahead_safer,-5.870958827820692,-11.8005740901562,0.0,0.0007928066770546138,9.433981132056603
75,2,ppo_shield,obstacle_cluster,Obstacle Cluster,stereo,0060,27,38,6,3,5,lookahead_safer,-6.133477150428879,-11.775965541441241,0.0,0.0007500440115109086,8.06225774829855
75,2,ppo_shield,obstacle_cluster,Obstacle Cluster,stereo,0060,28,39,5,3,5,lookahead_safer,-6.443124145947001,-11.632695105306777,0.0,0.000635104370303452,6.708203932499369
75,2,ppo_shield,obstacle_cluster,Obstacle Cluster,stereo,0060,30,41,5,3,5,lookahead_safer,-5.236177727249434,-12.3840393473261,0.0,0.001542175654321909,5.0
75,2,ppo_shield,obstacle_cluster,Obstacle Cluster,stereo,0060,31,42,4,3,5,lookahead_safer,-5.325892567242108,-12.188432417227656,0.0,0.0010460923658683896,3.605551275463989
75,2,ppo_shield,obstacle_cluster,Obstacle Cluster,stereo,0060,32,43,3,3,5,lookahead_safer,-5.188571784298466,-11.457976347990039,0.0,0.000635104370303452,2.23606797749979
75,2,ppo_shield,obstacle_cluster,Obstacle Cluster,stereo,0060,34,45,3,3,5,negative_progress,-0.06923821425041443,-6.934455256470006,0.0,0.0009896679548546672,1.0
75,2,ppo_shield,obstacle_cluster,Obstacle Cluster,stereo,0060,35,45,2,3,6,negative_progress,1.9483222904641706,-4.135240420897025,0.0,0.0004190260369796306,0.0
76,2,ppo_shield,obstacle_cluster,Obstacle Cluster,mono,0060,6,17,13,3,5,lookahead_safer,-3.312806138476922,-8.430140952025896,0.0,0.05473439767956734,30.083217912982647
76,2,ppo_shield,obstacle_cluster,Obstacle Cluster,mono,0060,8,19,13,3,5,lookahead_safer,-3.623205780777835,-8.829122298007341,0.0,0.04929334670305252,28.231188426986208
76,2,ppo_shield,obstacle_cluster,Obstacle Cluster,mono,0060,10,21,13,3,5,lookahead_safer,-4.152284025570146,-9.328422512693999,0.0,0.03600577637553215,26.40075756488817
76,2,ppo_shield,obstacle_cluster,Obstacle Cluster,mono,0060,12,23,13,3,5,lookahead_safer,-4.6594489787127555,-9.838895454913224,0.0,0.02133103832602501,24.596747752497688
76,2,ppo_shield,obstacle_cluster,Obstacle Cluster,mono,0060,14,25,13,3,5,lookahead_safer,-4.977962130363671,-10.29774732147913,0.0,0.010249619372189045,22.825424421026653
76,2,ppo_shield,obstacle_cluster,Obstacle Cluster,mono,0060,15,26,12,3,5,lookahead_safer,-5.383502576751687,-10.430230294189585,0.0,0.0037907345686107874,21.470910553583888
76,2,ppo_shield,obstacle_cluster,Obstacle Cluster,mono,0060,17,28,12,3,5,lookahead_safer,-5.355028043455335,-10.79202249172018,0.0,0.00133046368137002,19.72308292331602
76,2,ppo_shield,obstacle_cluster,Obstacle Cluster,mono,0060,18,29,11,3,5,lookahead_safer,-5.598435385349067,-10.859018813724186,0.0,0.00039909343468025327,18.35755975068582
76,2,ppo_shield,obstacle_cluster,Obstacle Cluster,mono,0060,19,30,10,3,5,lookahead_safer,-5.832156164508687,-10.899863086296172,0.0,0.00010781374294310808,17.0
76,2,ppo_shield,obstacle_cluster,Obstacle Cluster,mono,0060,21,32,10,3,5,lookahead_safer,-5.62167020525899,-11.275790452739793,0.0,2.4892333385651e-05,15.264337522473747
76,2,ppo_shield,obstacle_cluster,Obstacle Cluster,mono,0060,22,33,9,3,5,lookahead_safer,-5.849151022269694,-11.320770228633336,0.0,5.454074653243879e-06,13.892443989449804
76,2,ppo_shield,obstacle_cluster,Obstacle Cluster,mono,0060,23,34,8,3,5,lookahead_safer,-6.093090881174058,-11.335430670529492,0.0,1.0762285000964766e-06,12.529964086141668
76,2,ppo_shield,obstacle_cluster,Obstacle Cluster,mono,0060,25,36,8,3,5,lookahead_safer,-5.6829291344628245,-11.781341362093327,0.0,1.634586226373358e-07,10.816653826391969
76,2,ppo_shield,obstacle_cluster,Obstacle Cluster,mono,0060,26,37,7,3,5,lookahead_safer,-5.915699994044735,-11.814369109461612,0.0,2.6160568822319874e-08,9.433981132056603
76,2,ppo_shield,obstacle_cluster,Obstacle Cluster,mono,0060,27,38,6,3,5,lookahead_safer,-6.177676972152455,-11.788245894372341,0.0,3.770634915412074e-09,8.06225774829855
76,2,ppo_shield,obstacle_cluster,Obstacle Cluster,mono,0060,28,39,5,3,5,lookahead_safer,-6.482470399384498,-11.642541112505157,0.0,4.89451590368617e-10,6.708203932499369
76,2,ppo_shield,obstacle_cluster,Obstacle Cluster,mono,0060,30,41,5,3,5,lookahead_safer,-5.32664304032929,-12.406808578904412,0.0,1.181224701385375e-10,5.0
76,2,ppo_shield,obstacle_cluster,Obstacle Cluster,mono,0060,31,42,4,3,5,lookahead_safer,-5.391187385071806,-12.203219233191867,0.0,3.1217594481658395e-11,3.605551275463989
76,2,ppo_shield,obstacle_cluster,Obstacle Cluster,mono,0060,32,43,3,3,5,lookahead_safer,-5.230975608777023,-11.467449701274827,0.0,7.384230379936518e-12,2.23606797749979
76,2,ppo_shield,obstacle_cluster,Obstacle Cluster,mono,0060,34,45,3,3,5,negative_progress,-0.13033988493391502,-6.9470065540639565,0.0,9.217802736383174e-12,1.0
76,2,ppo_shield,obstacle_cluster,Obstacle Cluster,mono,0060,35,45,2,3,6,negative_progress,1.9158399842008738,-4.141666666642534,0.0,1.6989115192780901e-12,0.0
77,2,ppo_shield,lateral_maneuver,Lateral Maneuver,stereo,0010,8,12,9,3,4,obstacle_risk,206.0998349280885,-3.3803231817521477,0.0,0.02676636353135109,42.5205832509386
77,2,ppo_shield,lateral_maneuver,Lateral Maneuver,stereo,0010,9,13,9,3,4,obstacle_risk,205.06895986277226,-4.245922815556983,0.0,0.0341046117246151,41.773197148410844
77,2,ppo_shield,lateral_maneuver,Lateral Maneuver,stereo,0010,16,20,15,3,4,lookahead_safer,202.61759829611327,3.335076679703351,0.0,0.4487566649913788,32.55764119219941
77,2,ppo_shield,lateral_maneuver,Lateral Maneuver,stereo,0010,21,24,20,3,2,obstacle_risk,210.6052672377044,7.386035660905541,0.0694444477558136,0.38463640213012695,26.248809496813376
77,2,ppo_shield,lateral_maneuver,Lateral Maneuver,stereo,0010,22,24,21,3,2,obstacle_risk,217.36340030054527,8.761885364804355,0.14274689555168152,0.3762570023536682,25.612496949731394
77,2,ppo_shield,lateral_maneuver,Lateral Maneuver,stereo,0010,23,24,22,3,2,obstacle_risk,211.08960171978043,6.215940655644712,0.18036264181137085,0.3521982431411743,25.0
77,2,ppo_shield,lateral_maneuver,Lateral Maneuver,stereo,0010,26,26,25,3,2,obstacle_risk,205.64918701950734,-1.3627735999107207,0.1861496865749359,0.11969150602817535,21.633307652783937
77,2,ppo_shield,lateral_maneuver,Lateral Maneuver,stereo,0010,30,30,28,3,4,obstacle_risk,204.1130245858451,-6.038921281142658,0.06269289553165436,0.00870430190116167,16.64331697709324
77,2,ppo_shield,lateral_maneuver,Lateral Maneuver,stereo,0010,41,41,37,3,5,lookahead_safer,-3.336431210373149,-9.433673044924475,0.0,0.008506755344569683,3.0
77,2,ppo_shield,lateral_maneuver,Lateral Maneuver,stereo,0010,43,43,37,3,5,obstacle_risk,210.22035058895915,-6.881647037863491,0.0,0.004503069911152124,1.0
77,2,ppo_shield,lateral_maneuver,Lateral Maneuver,stereo,0010,44,44,37,3,4,obstacle_risk,209.51766117120474,-4.0935225769489385,0.0,0.0030258623883128166,0.0
78,2,ppo_shield,lateral_maneuver,Lateral Maneuver,mono,0010,37,41,37,3,5,lookahead_safer,-3.8601676089820383,-9.556156508998797,0.0,0.00043709194869734347,3.0
78,2,ppo_shield,lateral_maneuver,Lateral Maneuver,mono,0010,39,43,37,3,5,obstacle_risk,208.09739059128262,-6.935454031488773,0.0,0.0006679484504275024,1.0
78,2,ppo_shield,lateral_maneuver,Lateral Maneuver,mono,0010,41,44,37,3,6,obstacle_risk+negative_progress,10223.04650768017,-4.127370127655255,0.0,0.0007625988218933344,0.0
79,2,ppo_shield,stress_density,Stress Density,stereo,0040,8,12,8,3,5,obstacle_risk,10223.606822555712,0.4398150450459628,0.0,0.41913914680480957,15.033296378372908
79,2,ppo_shield,stress_density,Stress Density,stereo,0040,9,13,7,3,5,lookahead_safer,204.23919275248065,0.44769278441906757,0.0,0.41913914680480957,14.142135623730951
79,2,ppo_shield,stress_density,Stress Density,stereo,0040,10,14,6,3,5,lookahead_safer,201.23482922940505,0.17956459606992342,0.0,0.3662063479423523,13.341664064126334
79,2,ppo_shield,stress_density,Stress Density,stereo,0040,12,16,6,3,5,lookahead_safer,200.31805920483166,-0.6017137792916414,0.0,0.3662063479423523,11.40175425099138
79,2,ppo_shield,stress_density,Stress Density,stereo,0040,16,20,8,3,5,obstacle_risk,10215.726416930196,-4.626626000167817,0.0,0.24424676597118378,7.0710678118654755
79,2,ppo_shield,stress_density,Stress Density,stereo,0040,18,22,9,3,4,obstacle_risk,10213.22781644957,-7.065953789651394,0.0,0.12022892385721207,5.0
79,2,ppo_shield,stress_density,Stress Density,stereo,0040,19,23,9,3,4,obstacle_risk,10212.480931859003,-7.85786348481973,0.0,0.07246655970811844,4.0
79,2,ppo_shield,stress_density,Stress Density,stereo,0040,20,24,9,3,4,obstacle_risk,10212.028875646927,-8.398947375640272,0.0,0.040827251970767975,3.0
79,2,ppo_shield,stress_density,Stress Density,stereo,0040,21,25,9,3,4,obstacle_risk,10211.851840290466,-8.757513615923623,0.0,0.021500397473573685,2.0
79,2,ppo_shield,stress_density,Stress Density,stereo,0040,22,26,9,3,4,obstacle_risk,10215.430372953759,-5.629503471683711,0.0,0.01058343518525362,1.0
79,2,ppo_shield,stress_density,Stress Density,stereo,0040,23,27,9,3,4,obstacle_risk,10218.446972471755,-4.06626757682922,0.0,0.0048695700243115425,0.0
80,2,ppo_shield,stress_density,Stress Density,mono,0040,14,18,14,3,5,lookahead_safer,-6.169749288409969,-11.555874460983073,0.0,3.409979399293661e-05,10.295630140987
80,2,ppo_shield,stress_density,Stress Density,mono,0040,15,19,13,3,5,lookahead_safer,-6.450775582294089,-11.477776949051144,0.0,0.00014073152851779014,8.94427190999916
80,2,ppo_shield,stress_density,Stress Density,mono,0040,17,21,13,3,5,lookahead_safer,-5.755144983031103,-12.039396962978795,0.0,0.0009316318901255727,7.211102550927978
80,2,ppo_shield,stress_density,Stress Density,mono,0040,18,22,12,3,5,lookahead_safer,-5.945364280535442,-11.890321925053412,0.0,0.002935075666755438,5.830951894845301
80,2,ppo_shield,stress_density,Stress Density,mono,0040,19,23,11,3,5,lookahead_safer,-6.1112327137159905,-11.355826277716407,0.0,0.00807908084243536,4.47213595499958
80,2,ppo_shield,stress_density,Stress Density,mono,0040,21,25,11,3,5,lookahead_safer,-3.0223624508940943,-11.746980150827879,0.0,0.03116631507873535,2.8284271247461903
80,2,ppo_shield,stress_density,Stress Density,mono,0040,22,26,10,3,5,negative_progress,-1.4204771494616577,-7.354975397398185,0.0,0.06548824906349182,1.4142135623730951
80,2,ppo_shield,stress_density,Stress Density,mono,0040,23,27,9,3,5,negative_progress,0.74907683897131,-4.247349361895389,0.0,0.12022892385721207,0.0
81,3,ppo_shield,baseline_open,Baseline Open,stereo,0020,11,12,12,3,2,obstacle_risk,208.60715110635377,4.239461085302569,0.2405477911233902,0.29289278388023376,42.80186911806539
81,3,ppo_shield,baseline_open,Baseline Open,stereo,0020,15,16,15,3,4,obstacle_risk,285.2414726485305,2.687614136111029,0.032021600753068924,0.03321265056729317,38.01315561749642
81,3,ppo_shield,baseline_open,Baseline Open,stereo,0020,16,17,14,3,5,obstacle_risk,213.74932934910916,7.030280292813366,0.16396604478359222,0.022988824173808098,38.27531841800928
81,3,ppo_shield,baseline_open,Baseline Open,stereo,0020,23,24,19,3,5,obstacle_risk,213.31271383853144,2.944245815254852,0.0,0.0005086988094262779,30.4138126514911
81,3,ppo_shield,baseline_open,Baseline Open,stereo,0020,28,29,22,3,5,obstacle_risk,203.41143002603854,2.4755883141644377,0.0,0.02175874263048172,25.632011235952593
81,3,ppo_shield,baseline_open,Baseline Open,stereo,0020,33,32,27,3,1,obstacle_risk,210.97336423661807,-0.5198274688245829,0.0,0.25487861037254333,19.924858845171276
81,3,ppo_shield,baseline_open,Baseline Open,stereo,0020,35,33,29,3,2,lookahead_safer,202.71728570304865,1.5954504094018689,0.0,0.4372172951698303,17.72004514666935
81,3,ppo_shield,baseline_open,Baseline Open,stereo,0020,36,32,30,3,1,lookahead_safer,204.565219408024,2.0880623847360806,0.0,0.40105053782463074,17.08800749063506
81,3,ppo_shield,baseline_open,Baseline Open,stereo,0020,37,32,31,3,2,lookahead_safer,200.86306247597335,0.823045938935282,0.0,0.42788076400756836,16.15549442140351
81,3,ppo_shield,baseline_open,Baseline Open,stereo,0020,38,32,32,3,2,lookahead_safer,200.37637071009468,0.3708310917810203,0.0,0.4372172951698303,15.231546211727817
81,3,ppo_shield,baseline_open,Baseline Open,stereo,0020,39,32,33,3,2,lookahead_safer,199.9467029672764,0.02226942734136314,0.0,0.42788076400756836,14.317821063276353
81,3,ppo_shield,baseline_open,Baseline Open,stereo,0020,41,33,35,3,2,lookahead_safer,199.14191171380926,-0.6064640757146688,0.0,0.4372172951698303,12.083045973594572
81,3,ppo_shield,baseline_open,Baseline Open,stereo,0020,45,35,39,3,1,lookahead_safer,12.56602646201359,-1.5408512562037486,0.0,0.2388964593410492,7.615773105863909
81,3,ppo_shield,baseline_open,Baseline Open,stereo,0020,46,35,40,3,2,lookahead_safer,7.623111554196959,-2.5699276861352174,0.009645061567425728,0.17281894385814667,6.708203932499369
81,3,ppo_shield,baseline_open,Baseline Open,stereo,0020,47,34,41,3,1,obstacle_risk,207.62893864548548,-1.4086475728300027,0.0038580247201025486,0.10748579353094101,6.4031242374328485
81,3,ppo_shield,baseline_open,Baseline Open,stereo,0020,49,35,43,3,2,obstacle_risk,201.1666281783645,-3.810754050736807,0.005401234608143568,0.057923708111047745,4.242640687119285
81,3,ppo_shield,baseline_open,Baseline Open,stereo,0020,50,35,44,3,2,obstacle_risk,199.68844465882668,-3.1200309113165883,0.14949846267700195,0.0447707325220108,3.605551275463989
81,3,ppo_shield,baseline_open,Baseline Open,stereo,0020,54,38,46,3,6,negative_progress,4.0874303184222756,-2.265514682730039,0.0,0.09007827192544937,0.0
82,3,ppo_shield,baseline_open,Baseline Open,mono,0020,37,38,38,3,2,obstacle_risk,213.68774037164067,-3.6702052238974066,0.008487654849886894,0.21784494817256927,8.0
82,3,ppo_shield,baseline_open,Baseline Open,mono,0020,38,37,39,3,1,obstacle_risk,10218.30079942761,-3.3971900713153205,0.0,0.29240846633911133,7.0710678118654755
82,3,ppo_shield,baseline_open,Baseline Open,mono,0020,39,37,40,3,2,lookahead_safer,2.0528270759159604,-4.7041555270871,0.0,0.2432699203491211,6.082762530298219
82,3,ppo_shield,baseline_open,Baseline Open,mono,0020,40,37,41,3,2,lookahead_safer,0.37241564973384556,-6.006151091745148,0.0,0.18802961707115173,5.0990195135927845
82,3,ppo_shield,baseline_open,Baseline Open,mono,0020,42,38,43,3,2,obstacle_risk,210.81700140715913,-7.909996073196331,0.009066358208656311,0.060094766318798065,3.0
82,3,ppo_shield,baseline_open,Baseline Open,mono,0020,43,38,44,3,2,obstacle_risk,207.21057251056249,-7.505189362292488,0.0,0.03724711388349533,2.0
82,3,ppo_shield,baseline_open,Baseline Open,mono,0020,44,38,45,3,2,lookahead_safer,6.034900093950452,-3.9097068847467504,0.0,0.021448059007525444,1.0
82,3,ppo_shield,baseline_open,Baseline Open,mono,0020,45,38,46,3,2,obstacle_risk,217.58658979857964,0.17139239447812227,0.1527777761220932,0.011474208906292915,0.0
83,3,ppo_shield,dense_corridor,Dense Corridor,stereo,0050,3,13,8,3,5,obstacle_risk,10215.742174266368,-4.593320967481346,0.0,0.15425631403923035,34.23448553724738
83,3,ppo_shield,dense_corridor,Dense Corridor,stereo,0050,5,15,8,3,5,obstacle_risk,10214.668994917534,-6.288265491858715,0.0,0.06658191978931427,32.2490309931942
83,3,ppo_shield,dense_corridor,Dense Corridor,stereo,0050,7,17,8,3,5,obstacle_risk,211.71998737817194,-7.208624171896693,0.0,0.02329421229660511,30.265491900843113
83,3,ppo_shield,dense_corridor,Dense Corridor,stereo,0050,9,19,8,3,5,obstacle_risk,10213.943339962145,-7.70542774785905,0.0,0.006605688016861677,28.284271247461902
83,3,ppo_shield,dense_corridor,Dense Corridor,stereo,0050,11,21,8,3,5,obstacle_risk,10214.082445599048,-7.89680482031997,0.0,0.010479969903826714,26.30589287593181
83,3,ppo_shield,dense_corridor,Dense Corridor,stereo,0050,13,23,8,3,5,obstacle_risk,10214.378895582935,-8.022810063865025,0.0,0.020849894732236862,24.331050121192877
83,3,ppo_shield,dense_corridor,Dense Corridor,stereo,0050,15,25,8,3,5,obstacle_risk,10214.717053929704,-8.15047036177772,0.0,0.03298119828104973,22.360679774997898
83,3,ppo_shield,dense_corridor,Dense Corridor,stereo,0050,17,27,8,3,5,obstacle_risk,10214.883335909662,-8.357433226525256,0.0,0.04148085415363312,20.396078054371138
83,3,ppo_shield,dense_corridor,Dense Corridor,stereo,0050,19,29,8,3,5,obstacle_risk,10214.722430299751,-8.704464400255663,0.0,0.04148085415363312,18.439088914585774
83,3,ppo_shield,dense_corridor,Dense Corridor,stereo,0050,21,31,8,3,5,obstacle_risk,10214.282948174292,-9.185231225866769,0.0,0.03298119828104973,16.492422502470642
83,3,ppo_shield,dense_corridor,Dense Corridor,stereo,0050,23,33,8,3,5,obstacle_risk,10213.782505785364,-9.738092578133227,0.0,0.020849894732236862,14.560219778561036
83,3,ppo_shield,dense_corridor,Dense Corridor,stereo,0050,25,35,8,3,5,obstacle_risk,10213.43804778939,-10.306076143140743,0.0,0.010479969903826714,12.649110640673518
83,3,ppo_shield,dense_corridor,Dense Corridor,stereo,0050,27,37,8,3,5,obstacle_risk,10212.39429599045,-10.877108207416988,0.0,0.004188272636383772,10.770329614269007
83,3,ppo_shield,dense_corridor,Dense Corridor,stereo,0050,29,39,8,3,5,obstacle_risk,204.39107061975014,-11.471539195573381,0.0,0.001330848434008658,8.94427190999916
83,3,ppo_shield,dense_corridor,Dense Corridor,stereo,0050,31,41,8,3,5,obstacle_risk,10214.228541649009,-12.086468064692701,0.0,0.00033623346826061606,7.211102550927978
83,3,ppo_shield,dense_corridor,Dense Corridor,stereo,0050,32,42,7,3,5,lookahead_safer,-6.023982978809858,-12.023876687249993,0.0,8.494802750647068e-05,5.830951894845301
83,3,ppo_shield,dense_corridor,Dense Corridor,stereo,0050,33,43,6,3,5,lookahead_safer,-6.326233870649938,-11.669644910574092,0.0,1.9137052731821314e-05,4.47213595499958
83,3,ppo_shield,dense_corridor,Dense Corridor,stereo,0050,35,45,6,3,5,lookahead_safer,-3.7281817547792775,-12.786814032573737,0.0,3.0565031465812353e-06,2.8284271247461903
83,3,ppo_shield,dense_corridor,Dense Corridor,stereo,0050,36,46,5,3,5,negative_progress,-2.6783033479296816,-8.8525516990689,0.0,5.474763042911945e-07,1.4142135623730951
83,3,ppo_shield,dense_corridor,Dense Corridor,stereo,0050,37,47,4,3,5,negative_progress,-1.1127293576970676,-6.2127331696882075,0.0,8.74410019946481e-08,0.0
84,3,ppo_shield,dense_corridor,Dense Corridor,mono,0050,13,23,18,3,5,lookahead_safer,-4.5996676382853385,-10.027228804353463,0.0,0.002647722139954567,27.784887978899608
84,3,ppo_shield,dense_corridor,Dense Corridor,mono,0050,14,24,17,3,5,lookahead_safer,-4.87013323745237,-10.123650495301856,0.0,0.0011866918066516519,26.419689627245813
84,3,ppo_shield,dense_corridor,Dense Corridor,mono,0050,15,25,16,3,5,lookahead_safer,-5.108546433876069,-10.201274290231925,0.0,0.00047425602679140866,25.059928172283335
84,3,ppo_shield,dense_corridor,Dense Corridor,mono,0050,17,27,16,3,5,lookahead_safer,-5.035474075902242,-10.504465382078399,0.0,0.0003770783368963748,23.323807579381203
84,3,ppo_shield,dense_corridor,Dense Corridor,mono,0050,18,28,15,3,5,lookahead_safer,-5.2512190459613795,-10.579942206284866,0.0,0.00011981886927969754,21.95449840010015
84,3,ppo_shield,dense_corridor,Dense Corridor,mono,0050,19,29,14,3,5,lookahead_safer,-5.463783928780189,-10.641636047557206,0.0,3.394909799681045e-05,20.591260281974
84,3,ppo_shield,dense_corridor,Dense Corridor,mono,0050,20,30,13,3,5,lookahead_safer,-5.680655180872944,-10.68751653727867,0.0,8.57710256241262e-06,19.235384061671343
84,3,ppo_shield,dense_corridor,Dense Corridor,mono,0050,22,32,13,3,5,lookahead_safer,-5.5235660675675025,-11.038658608223182,0.0,3.844201273750514e-06,17.4928556845359
84,3,ppo_shield,dense_corridor,Dense Corridor,mono,0050,23,33,12,3,5,lookahead_safer,-5.7435234842432745,-11.089329011571985,0.0,7.722131840637303e-07,16.1245154965971
84,3,ppo_shield,dense_corridor,Dense Corridor,mono,0050,24,34,11,3,5,lookahead_safer,-5.9764814493372835,-11.116732932290898,0.0,1.3831767375904747e-07,14.7648230602334
84,3,ppo_shield,dense_corridor,Dense Corridor,mono,0050,26,36,11,3,5,lookahead_safer,-5.683728829287901,-11.52231466177566,0.0,3.9190489076190715e-08,13.038404810405298
84,3,ppo_shield,dense_corridor,Dense Corridor,mono,0050,27,37,10,3,5,lookahead_safer,-5.916250707872624,-11.56089573816165,0.0,5.581357598316572e-09,11.661903789690601
84,3,ppo_shield,dense_corridor,Dense Corridor,mono,0050,28,38,9,3,5,lookahead_safer,-6.171131314586069,-11.558610621913664,0.0,1.3039146429250081e-09,10.295630140987
84,3,ppo_shield,dense_corridor,Dense Corridor,mono,0050,29,39,8,3,5,lookahead_safer,-6.455798878042625,-11.487050623381625,0.0,4.924694541053043e-10,8.94427190999916
84,3,ppo_shield,dense_corridor,Dense Corridor,mono,0050,31,41,8,3,5,lookahead_safer,-5.782454303854626,-12.090318929312133,0.0,3.167051690344813e-11,7.211102550927978
84,3,ppo_shield,dense_corridor,Dense Corridor,mono,0050,32,42,7,3,5,lookahead_safer,-6.027044780060191,-12.02483466667568,0.0,1.0020741181282489e-11,5.830951894845301
84,3,ppo_shield,dense_corridor,Dense Corridor,mono,0050,33,43,6,3,5,lookahead_safer,-6.326995554900824,-11.66985779729956,0.0,2.902029528142891e-12,4.47213595499958
84,3,ppo_shield,dense_corridor,Dense Corridor,mono,0050,35,45,6,3,5,lookahead_safer,-3.728301758701208,-12.78684762645524,0.0,1.3098055355164478e-13,2.8284271247461903
84,3,ppo_shield,dense_corridor,Dense Corridor,mono,0050,36,46,5,3,5,negative_progress,-2.6783275903013353,-8.852557706345868,0.0,3.177776916390637e-14,1.4142135623730951
84,3,ppo_shield,dense_corridor,Dense Corridor,mono,0050,37,47,4,3,5,negative_progress,-1.1127344785320392,-6.212734478532042,0.0,7.056628095443787e-15,0.0
85,3,ppo_shield,obstacle_cluster,Obstacle Cluster,stereo,0060,3,13,8,3,5,obstacle_risk,10215.445151233265,-4.739174233992026,0.0,0.07233603298664093,34.23448553724738
85,3,ppo_shield,obstacle_cluster,Obstacle Cluster,stereo,0060,5,15,9,3,4,obstacle_risk,10216.39661731613,-3.4339565189475665,0.0,0.11151645332574844,32.38826948140329
85,3,ppo_shield,obstacle_cluster,Obstacle Cluster,stereo,0060,6,16,9,3,4,obstacle_risk,215.07849983507515,-3.024932841976374,0.0,0.15048107504844666,31.400636936215164
85,3,ppo_shield,obstacle_cluster,Obstacle Cluster,stereo,0060,7,17,9,3,4,obstacle_risk,214.9577901073267,-2.461826621150028,0.0,0.18997837603092194,30.4138126514911
85,3,ppo_shield,obstacle_cluster,Obstacle Cluster,stereo,0060,8,18,9,3,4,obstacle_risk,215.45346153652653,-2.053457906548798,0.0,0.22439120709896088,29.427877939124322
85,3,ppo_shield,obstacle_cluster,Obstacle Cluster,stereo,0060,9,19,9,3,4,obstacle_risk,10217.735904238427,-1.8843254749710598,0.0,0.24796295166015625,28.442925306655784
85,3,ppo_shield,obstacle_cluster,Obstacle Cluster,stereo,0060,10,20,9,3,4,obstacle_risk,10217.607889676416,-2.0003273285297887,0.0,0.25635814666748047,27.459060435491963
85,3,ppo_shield,obstacle_cluster,Obstacle Cluster,stereo,0060,11,21,9,3,4,obstacle_risk,10217.231500071694,-2.424955582062343,0.0,0.24796295166015625,26.476404589747453
85,3,ppo_shield,obstacle_cluster,Obstacle Cluster,stereo,0060,12,22,9,3,4,obstacle_risk,10216.647284515579,-2.8505171436563,0.0,0.22439120709896088,25.495097567963924
85,3,ppo_shield,obstacle_cluster,Obstacle Cluster,stereo,0060,13,23,9,3,4,obstacle_risk,10215.972132146042,-3.8389362475542748,0.0,0.18997837603092194,24.515301344262525
85,3,ppo_shield,obstacle_cluster,Obstacle Cluster,stereo,0060,14,24,9,3,4,obstacle_risk,10215.292151781126,-4.844195751614451,0.0,0.15048107504844666,23.53720459187964
85,3,ppo_shield,obstacle_cluster,Obstacle Cluster,stereo,0060,15,25,8,3,5,obstacle_risk,10214.67625762993,-5.852101990996378,0.0,0.1608431339263916,22.360679774997898
85,3,ppo_shield,obstacle_cluster,Obstacle Cluster,stereo,0060,17,27,8,3,5,obstacle_risk,10214.738185511447,-7.7672505564436,0.0,0.07233603298664093,20.396078054371138
85,3,ppo_shield,obstacle_cluster,Obstacle Cluster,stereo,0060,19,29,8,3,5,obstacle_risk,10215.291365276806,-8.693547325277311,0.0,0.042480532079935074,18.439088914585774
85,3,ppo_shield,obstacle_cluster,Obstacle Cluster,stereo,0060,21,31,8,3,5,obstacle_risk,10215.086847635075,-9.088316496452881,0.0,0.042480532079935074,16.492422502470642
85,3,ppo_shield,obstacle_cluster,Obstacle Cluster,stereo,0060,23,33,8,3,5,obstacle_risk,10214.277000490514,-9.675587615580888,0.0,0.027455804869532585,14.560219778561036
85,3,ppo_shield,obstacle_cluster,Obstacle Cluster,stereo,0060,25,35,8,3,5,obstacle_risk,10213.570317313428,-10.303132751694719,0.0,0.011468924582004547,12.649110640673518
85,3,ppo_shield,obstacle_cluster,Obstacle Cluster,stereo,0060,27,37,8,3,5,obstacle_risk,10212.381759680402,-10.892611011458403,0.0,0.003096388652920723,10.770329614269007
85,3,ppo_shield,obstacle_cluster,Obstacle Cluster,stereo,0060,29,39,8,3,5,obstacle_risk,204.36883321144782,-11.48118955965499,0.0,0.0005402968963608146,8.94427190999916
85,3,ppo_shield,obstacle_cluster,Obstacle Cluster,stereo,0060,31,41,8,3,5,obstacle_risk,10214.219992806424,-12.089668693987122,0.0,6.0933165514143184e-05,7.211102550927978
85,3,ppo_shield,obstacle_cluster,Obstacle Cluster,stereo,0060,32,42,7,3,5,lookahead_safer,-6.026667967045396,-12.024753940345901,0.0,7.664149052288849e-06,5.830951894845301
85,3,ppo_shield,obstacle_cluster,Obstacle Cluster,stereo,0060,33,43,6,3,5,lookahead_safer,-6.326948773741448,-11.669849718697627,0.0,7.749903261355939e-07,4.47213595499958
85,3,ppo_shield,obstacle_cluster,Obstacle Cluster,stereo,0060,35,45,6,3,5,lookahead_safer,-3.728299577627228,-12.786847249013391,0.0,3.650951185818485e-08,2.8284271247461903
85,3,ppo_shield,obstacle_cluster,Obstacle Cluster,stereo,0060,36,46,5,3,5,negative_progress,-2.678327413337456,-8.852557681796814,0.0,2.3860668996178447e-09,1.4142135623730951
85,3,ppo_shield,obstacle_cluster,Obstacle Cluster,stereo,0060,37,47,4,3,5,negative_progress,-1.1127344650267388,-6.212734476767725,0.0,1.2536645332961172e-10,0.0
86,3,ppo_shield,obstacle_cluster,Obstacle Cluster,mono,0060,11,21,16,3,5,lookahead_safer,-0.18200579301925457,-5.216513369227958,0.0,0.19115784764289856,28.635642126552707
86,3,ppo_shield,obstacle_cluster,Obstacle Cluster,mono,0060,13,23,16,3,5,lookahead_safer,5.100690942576048,-2.827808796994106,0.0,0.37864017486572266,26.832815729997478
86,3,ppo_shield,obstacle_cluster,Obstacle Cluster,mono,0060,14,24,15,3,5,lookahead_safer,206.2148172970926,-2.973769348796056,0.0,0.40542465448379517,25.495097567963924
86,3,ppo_shield,obstacle_cluster,Obstacle Cluster,mono,0060,15,25,14,3,5,lookahead_safer,206.20206713709686,-3.7392366539401207,0.0,0.37864017486572266,24.166091947189145
86,3,ppo_shield,obstacle_cluster,Obstacle Cluster,mono,0060,16,26,13,3,5,lookahead_safer,202.7318332800765,-4.793362515843466,0.0,0.30844399333000183,22.847319317591726
86,3,ppo_shield,obstacle_cluster,Obstacle Cluster,mono,0060,17,27,12,3,5,lookahead_safer,0.506833999667134,-5.590777342385711,0.0,0.27401086688041687,21.540659228538015
86,3,ppo_shield,obstacle_cluster,Obstacle Cluster,mono,0060,19,29,12,3,5,lookahead_safer,-0.6059678049688821,-7.731744940773267,0.0,0.19115784764289856,19.697715603592208
86,3,ppo_shield,obstacle_cluster,Obstacle Cluster,mono,0060,20,30,11,3,5,lookahead_safer,-3.039654123877378,-8.91246374735137,0.0,0.1033334732055664,18.384776310850235
86,3,ppo_shield,obstacle_cluster,Obstacle Cluster,mono,0060,22,32,11,3,5,lookahead_safer,-4.375379240389412,-9.962346767320051,0.0,0.05980994179844856,16.55294535724685
86,3,ppo_shield,obstacle_cluster,Obstacle Cluster,mono,0060,24,34,11,3,5,lookahead_safer,-5.22599893253094,-10.796270051441432,0.0,0.026337338611483574,14.7648230602334
86,3,ppo_shield,obstacle_cluster,Obstacle Cluster,mono,0060,25,35,10,3,5,lookahead_safer,-5.92603052287024,-10.998994671891678,0.0,0.009447568096220493,13.416407864998739
86,3,ppo_shield,obstacle_cluster,Obstacle Cluster,mono,0060,27,37,10,3,5,lookahead_safer,-5.831084773560859,-11.528924031186468,0.0,0.002760691102594137,11.661903789690601
86,3,ppo_shield,obstacle_cluster,Obstacle Cluster,mono,0060,28,38,9,3,5,lookahead_safer,-6.1450868906432605,-11.550055700630708,0.0,0.0007534113246947527,10.295630140987
86,3,ppo_shield,obstacle_cluster,Obstacle Cluster,mono,0060,29,39,8,3,5,lookahead_safer,-6.448829953841761,-11.485048562976232,0.0,0.0001793409901438281,8.94427190999916
86,3,ppo_shield,obstacle_cluster,Obstacle Cluster,mono,0060,31,41,8,3,5,lookahead_safer,-5.781295499495544,-12.08998524543498,0.0,3.0332605092553422e-05,7.211102550927978
86,3,ppo_shield,obstacle_cluster,Obstacle Cluster,mono,0060,32,42,7,3,5,lookahead_safer,-6.026807687428097,-12.024774998055339,0.0,5.493173375725746e-06,5.830951894845301
86,3,ppo_shield,obstacle_cluster,Obstacle Cluster,mono,0060,33,43,6,3,5,lookahead_safer,-6.326953158465688,-11.669848474685766,0.0,8.677007485857757e-07,4.47213595499958
86,3,ppo_shield,obstacle_cluster,Obstacle Cluster,mono,0060,35,45,6,3,5,lookahead_safer,-3.7282976534703365,-12.78684672240997,0.0,8.494394876379374e-08,2.8284271247461903
86,3,ppo_shield,obstacle_cluster,Obstacle Cluster,mono,0060,36,46,5,3,5,negative_progress,-2.6783270232558123,-8.852557598036508,0.0,1.0208109024745227e-08,1.4142135623730951
86,3,ppo_shield,obstacle_cluster,Obstacle Cluster,mono,0060,37,47,4,3,5,negative_progress,-1.1127343982394398,-6.212734462947427,0.0,1.0700184072121033e-09,0.0
87,3,ppo_shield,lateral_maneuver,Lateral Maneuver,stereo,0010,21,21,22,3,1,lookahead_safer,212.54974193483397,8.58768839102914,0.0,0.38672733306884766,28.844410203711913
87,3,ppo_shield,lateral_maneuver,Lateral Maneuver,stereo,0010,23,21,24,3,1,lookahead_safer,211.0100941096608,10.120443150492072,0.0009645061800256371,0.38672733306884766,27.784887978899608
87,3,ppo_shield,lateral_maneuver,Lateral Maneuver,stereo,0010,27,24,28,3,2,obstacle_risk,212.81909694871055,3.6583792337976884,0.0,0.4122263491153717,23.259406699226016
87,3,ppo_shield,lateral_maneuver,Lateral Maneuver,stereo,0010,30,27,30,3,4,lookahead_safer,4.4855988610951005,-1.2305974521211591,0.0,0.2995583415031433,19.697715603592208
87,3,ppo_shield,lateral_maneuver,Lateral Maneuver,stereo,0010,35,32,34,3,4,lookahead_safer,3.4528739504504085,-5.81261754163779,0.037615738809108734,0.038005806505680084,13.601470508735444
87,3,ppo_shield,lateral_maneuver,Lateral Maneuver,stereo,0010,36,33,33,3,5,obstacle_risk,205.32588174879828,-5.719803140267312,0.0,0.04702038690447807,13.0
87,3,ppo_shield,lateral_maneuver,Lateral Maneuver,stereo,0010,38,35,34,3,4,obstacle_risk,202.1771105765298,-6.3307650761468,0.04822530597448349,0.01657099835574627,10.770329614269007
87,3,ppo_shield,lateral_maneuver,Lateral Maneuver,stereo,0010,43,40,38,3,4,obstacle_risk,204.09407867528773,-7.211375425658787,0.04243827238678932,0.017952434718608856,5.0
87,3,ppo_shield,lateral_maneuver,Lateral Maneuver,stereo,0010,45,42,38,3,5,lookahead_safer,1.7736451014380559,-7.51456714286882,0.018904322758316994,0.028421597555279732,3.0
87,3,ppo_shield,lateral_maneuver,Lateral Maneuver,stereo,0010,46,43,37,3,5,obstacle_risk,210.28860860585692,-5.034314935515923,0.0,0.05661560595035553,2.23606797749979
87,3,ppo_shield,lateral_maneuver,Lateral Maneuver,stereo,0010,47,44,37,3,4,obstacle_risk,207.78461013759497,-1.10800091685768,0.0,0.061708804219961166,1.4142135623730951
88,3,ppo_shield,lateral_maneuver,Lateral Maneuver,mono,0010,39,41,38,3,5,obstacle_risk,10216.01184401762,-9.353311082637159,0.0,5.012821020500269e-06,4.0
88,3,ppo_shield,lateral_maneuver,Lateral Maneuver,mono,0010,40,42,38,3,4,lookahead_safer,-0.49209338769741495,-8.94983416118539,0.0,7.281088983290829e-06,3.0
88,3,ppo_shield,lateral_maneuver,Lateral Maneuver,mono,0010,41,43,38,3,4,obstacle_risk,205.32202944566018,-7.992066778888026,0.0,9.98550149233779e-06,2.0
88,3,ppo_shield,lateral_maneuver,Lateral Maneuver,mono,0010,42,44,38,3,4,obstacle_risk,213.08680822929696,-4.192341191790789,0.0,1.2930125194543507e-05,1.0
88,3,ppo_shield,lateral_maneuver,Lateral Maneuver,mono,0010,43,45,38,3,4,obstacle_risk,10220.788397630475,0.05630356223967581,0.15740740299224854,1.5808656826266088e-05,0.0
89,3,ppo_shield,stress_density,Stress Density,stereo,0040,9,11,9,3,4,obstacle_risk,210.68664231179758,-7.560257722631407,0.0,0.0007188288145698607,18.0
89,3,ppo_shield,stress_density,Stress Density,stereo,0040,10,12,9,3,4,obstacle_risk,10212.435647499793,-7.649671338576202,0.0,0.0008596186526119709,17.0
89,3,ppo_shield,stress_density,Stress Density,stereo,0040,11,13,9,3,4,obstacle_risk,10211.773019583594,-7.739686420490034,0.0,0.0009767687879502773,16.0
89,3,ppo_shield,stress_density,Stress Density,stereo,0040,12,14,9,3,4,obstacle_risk,10212.267116552805,-7.830529391711267,0.0,0.001054589287377894,15.0
89,3,ppo_shield,stress_density,Stress Density,stereo,0040,13,15,9,3,4,obstacle_risk,10212.18170648716,-7.922318988689221,0.0,0.0010818835580721498,14.0
89,3,ppo_shield,stress_density,Stress Density,stereo,0040,14,16,9,3,4,obstacle_risk,10212.098489454353,-8.012181799750154,0.0,0.001054589287377894,13.0
89,3,ppo_shield,stress_density,Stress Density,stereo,0040,15,17,9,3,4,obstacle_risk,209.51638045917647,-8.093769352029389,0.0,0.0009767687879502773,12.0
89,3,ppo_shield,stress_density,Stress Density,stereo,0040,16,18,9,3,4,obstacle_risk,208.3139663520575,-8.153826107845331,0.0,0.001716539030894637,11.0
89,3,ppo_shield,stress_density,Stress Density,stereo,0040,17,19,9,3,4,obstacle_risk,10211.737238905105,-8.181144617094349,0.0,0.0038640794809907675,10.0
89,3,ppo_shield,stress_density,Stress Density,stereo,0040,18,20,9,3,4,obstacle_risk,10211.936258350168,-8.164550233570237,0.0,0.007906431332230568,9.0
89,3,ppo_shield,stress_density,Stress Density,stereo,0040,19,21,9,3,4,obstacle_risk,10211.99057336973,-8.093001257752379,0.0,0.014704729430377483,8.0
89,3,ppo_shield,stress_density,Stress Density,stereo,0040,20,22,9,3,4,obstacle_risk,10212.08820191176,-7.965924580891927,0.0,0.024858541786670685,7.0
89,3,ppo_shield,stress_density,Stress Density,stereo,0040,21,23,9,3,4,obstacle_risk,10212.215247152917,-7.800502829750379,0.0,0.03819762170314789,6.0
89,3,ppo_shield,stress_density,Stress Density,stereo,0040,22,24,9,3,4,obstacle_risk,10212.345748464979,-7.63398376951615,0.0,0.05335056781768799,5.0
89,3,ppo_shield,stress_density,Stress Density,stereo,0040,23,25,9,3,4,obstacle_risk,10212.450651432859,-7.516979901989301,0.0,0.06773043423891068,4.0
89,3,ppo_shield,stress_density,Stress Density,stereo,0040,24,26,9,3,4,obstacle_risk,10212.516200382077,-7.498007532954216,0.0,0.07815751433372498,3.0
89,3,ppo_shield,stress_density,Stress Density,stereo,0040,25,27,9,3,4,obstacle_risk,10211.70945547792,-7.605326429009438,0.0,0.0819784551858902,2.0
89,3,ppo_shield,stress_density,Stress Density,stereo,0040,26,28,9,3,4,obstacle_risk,10216.188041531668,-4.4686041260759035,0.0,0.07815751433372498,1.0
89,3,ppo_shield,stress_density,Stress Density,stereo,0040,27,29,9,3,4,obstacle_risk,10220.080837062496,-2.971841371059418,0.0,0.06773043423891068,0.0
90,3,ppo_shield,stress_density,Stress Density,mono,0040,16,18,15,3,5,lookahead_safer,-6.088228894075977,-11.333211676872226,0.0,8.403525134781376e-05,12.529964086141668
90,3,ppo_shield,stress_density,Stress Density,mono,0040,18,20,15,3,5,lookahead_safer,-5.661963184703296,-11.77358898093973,0.0,0.00038930762093514204,10.816653826391969
90,3,ppo_shield,stress_density,Stress Density,mono,0040,19,21,14,3,5,lookahead_safer,-5.890582182324887,-11.805930529952942,0.0,0.000453812099294737,9.433981132056603
90,3,ppo_shield,stress_density,Stress Density,mono,0040,20,22,13,3,5,lookahead_safer,-6.150339952481129,-11.778534752554586,0.0,0.00047760672168806195,8.06225774829855
90,3,ppo_shield,stress_density,Stress Density,mono,0040,21,23,12,3,5,lookahead_safer,-6.455444315621543,-11.62970698127334,0.0,0.000453812099294737,6.708203932499369
90,3,ppo_shield,stress_density,Stress Density,mono,0040,23,25,12,3,5,lookahead_safer,-5.255682133040374,-12.38703660472361,0.0,0.0012611410347744823,5.0
90,3,ppo_shield,stress_density,Stress Density,mono,0040,24,26,11,3,5,lookahead_safer,-5.333360205011986,-12.18859912076709,0.0,0.0009767687879502773,3.605551275463989
90,3,ppo_shield,stress_density,Stress Density,mono,0040,25,27,10,3,5,lookahead_safer,-5.188216101729841,-11.456559687076851,0.0,0.0006830163765698671,2.23606797749979
90,3,ppo_shield,stress_density,Stress Density,mono,0040,27,29,10,3,5,negative_progress,-0.06015827898843473,-6.930102046809385,0.0,0.0012611410347744823,1.0
90,3,ppo_shield,stress_density,Stress Density,mono,0040,28,29,9,3,6,obstacle_risk+negative_progress,218.2599936099263,-4.1318953081635605,0.0,0.0005711507983505726,0.0
91,4,ppo_shield,baseline_open,Baseline Open,stereo,0020,14,15,15,3,4,obstacle_risk,283.1983270833414,1.1243104066053946,0.0364583320915699,6.53727474855259e-05,38.41874542459709
91,4,ppo_shield,baseline_open,Baseline Open,stereo,0020,15,16,15,3,4,obstacle_risk,284.8850865343136,1.9055665522473468,0.032021600753068924,0.00021406251471489668,37.8021163428716
91,4,ppo_shield,baseline_open,Baseline Open,stereo,0020,16,17,14,3,5,obstacle_risk,213.37480812731005,6.450873414187199,0.16396604478359222,0.0003782767744269222,38.01315561749642
91,4,ppo_shield,baseline_open,Baseline Open,stereo,0020,23,22,21,3,1,obstacle_risk,218.2724971715283,9.398288609642195,0.41010797023773193,0.11233119666576385,29.410882339705484
91,4,ppo_shield,baseline_open,Baseline Open,stereo,0020,24,21,22,3,1,obstacle_risk,206.93978594776527,-1.6785394203643826,0.0,0.05257851257920265,29.206163733020468
91,4,ppo_shield,baseline_open,Baseline Open,stereo,0020,27,23,25,3,2,lookahead_safer,2.129216333263164,-4.861746304254045,0.0,0.060621343553066254,25.612496949731394
91,4,ppo_shield,baseline_open,Baseline Open,stereo,0020,41,35,39,3,1,lookahead_safer,9.875502706021555,-2.879554182015551,0.0,0.025075946003198624,7.211102550927978
91,4,ppo_shield,baseline_open,Baseline Open,stereo,0020,42,35,40,3,2,lookahead_safer,5.652760079028465,-3.481554366716308,0.009645061567425728,0.02446984499692917,6.4031242374328485
91,4,ppo_shield,baseline_open,Baseline Open,stereo,0020,43,34,41,3,1,obstacle_risk,207.1741997731119,-0.8816846702052874,0.0038580247201025486,0.012333882041275501,6.4031242374328485
91,4,ppo_shield,baseline_open,Baseline Open,stereo,0020,45,35,43,3,2,obstacle_risk,199.74244324009265,-2.1861986376447957,0.005401234608143568,0.016952719539403915,4.47213595499958
91,4,ppo_shield,baseline_open,Baseline Open,stereo,0020,46,35,44,3,2,obstacle_risk,200.6033666279609,-0.9690703029259709,0.14949846267700195,0.013602047227323055,4.123105625617661
91,4,ppo_shield,baseline_open,Baseline Open,stereo,0020,50,39,46,3,5,negative_progress,2.175665211801249,-5.7082461337339225,0.008680555038154125,0.05353861302137375,1.0
91,4,ppo_shield,baseline_open,Baseline Open,stereo,0020,51,39,45,3,6,negative_progress,7.945484303784529,-2.9177588172256947,0.0,0.07358795404434204,0.0
92,4,ppo_shield,baseline_open,Baseline Open,mono,0020,37,37,39,3,2,lookahead_safer,-1.0944802527211337,-6.477254864576638,0.0,0.11430807411670685,6.324555320336759
92,4,ppo_shield,baseline_open,Baseline Open,mono,0020,38,37,40,3,2,lookahead_safer,0.029049030258325947,-6.968235288982202,0.0,0.07180928438901901,5.385164807134504
92,4,ppo_shield,baseline_open,Baseline Open,mono,0020,39,37,41,3,2,lookahead_safer,-1.6730784580016325,-8.009592085899813,0.0,0.04295681044459343,4.47213595499958
92,4,ppo_shield,baseline_open,Baseline Open,mono,0020,41,38,43,3,2,obstacle_risk,211.06024031209586,-6.865249786994312,0.009066358208656311,0.012333882041275501,2.23606797749979
92,4,ppo_shield,baseline_open,Baseline Open,mono,0020,42,38,44,3,2,obstacle_risk,208.95726182354005,-4.234557277781055,0.0,0.006370807532221079,1.4142135623730951
93,4,ppo_shield,dense_corridor,Dense Corridor,stereo,0050,1,10,8,3,5,obstacle_risk,213.21987738155778,-6.995159435385184,0.0,1.7783961084205657e-05,38.47076812334269
93,4,ppo_shield,dense_corridor,Dense Corridor,stereo,0050,3,12,8,3,5,obstacle_risk,211.10490523293527,-7.23672832781315,0.0,0.00013774377293884754,36.49657518178932
93,4,ppo_shield,dense_corridor,Dense Corridor,stereo,0050,5,14,8,3,5,obstacle_risk,10214.112575213485,-7.470216705263501,0.0,0.0008385367109440267,34.52535300326414
93,4,ppo_shield,dense_corridor,Dense Corridor,stereo,0050,7,16,8,3,5,obstacle_risk,212.5729723703062,-7.656836947856556,0.0,0.00401216559112072,32.55764119219941
93,4,ppo_shield,dense_corridor,Dense Corridor,stereo,0050,9,18,8,3,5,obstacle_risk,212.46906443179182,-7.697653879378215,0.0,0.015088368207216263,30.59411708155671
93,4,ppo_shield,dense_corridor,Dense Corridor,stereo,0050,11,20,8,3,5,obstacle_risk,10215.477467302419,-7.427655108120747,0.0,0.04459768906235695,28.635642126552707
93,4,ppo_shield,dense_corridor,Dense Corridor,stereo,0050,13,22,8,3,5,obstacle_risk,10217.08489264119,-6.7199294306844095,0.0,0.10360699146986008,26.68332812825267
93,4,ppo_shield,dense_corridor,Dense Corridor,stereo,0050,15,24,8,3,5,obstacle_risk,10219.223108787231,-5.711017382195954,0.0,0.18917879462242126,24.73863375370596
93,4,ppo_shield,dense_corridor,Dense Corridor,stereo,0050,17,26,8,3,5,obstacle_risk,10220.998711345686,-4.91941580567204,0.0,0.27149540185928345,22.80350850198276
93,4,ppo_shield,dense_corridor,Dense Corridor,stereo,0050,18,27,7,3,5,lookahead_safer,-0.4373246016355985,-5.900914065410681,0.0,0.21338756382465363,21.587033144922902
93,4,ppo_shield,dense_corridor,Dense Corridor,stereo,0050,20,29,7,3,5,lookahead_safer,-0.8421950480233118,-6.384167912506995,0.0,0.21338756382465363,19.6468827043885
93,4,ppo_shield,dense_corridor,Dense Corridor,stereo,0050,22,31,7,3,5,lookahead_safer,-2.3504756462008194,-7.491082314861188,0.0,0.16771648824214935,17.72004514666935
93,4,ppo_shield,dense_corridor,Dense Corridor,stereo,0050,25,34,8,3,5,obstacle_risk,10216.069135146236,-9.09628284827083,0.0,0.10360699146986008,15.231546211727817
93,4,ppo_shield,dense_corridor,Dense Corridor,stereo,0050,27,36,8,3,5,obstacle_risk,10216.231921318882,-8.636804156623084,0.0,0.09674765169620514,13.416407864998739
93,4,ppo_shield,dense_corridor,Dense Corridor,stereo,0050,28,37,7,3,5,lookahead_safer,-2.513403338709578,-7.514043914541879,0.0,0.15562951564788818,12.083045973594572
93,4,ppo_shield,dense_corridor,Dense Corridor,stereo,0050,29,38,6,3,5,lookahead_safer,-1.0860842891051492,-6.445780851760062,0.0,0.2185533046722412,10.770329614269007
93,4,ppo_shield,dense_corridor,Dense Corridor,stereo,0050,30,39,5,3,5,lookahead_safer,0.10764948161547228,-5.672899580985871,0.0,0.26793941855430603,9.486832980505138
93,4,ppo_shield,dense_corridor,Dense Corridor,stereo,0050,31,40,4,3,5,lookahead_safer,0.6102337656396757,-5.3011115608858566,0.0,0.2867673337459564,8.246211251235321
93,4,ppo_shield,dense_corridor,Dense Corridor,stereo,0050,32,41,3,3,5,lookahead_safer,0.1410137405164651,-5.175558060307896,0.0,0.26793941855430603,7.0710678118654755
93,4,ppo_shield,dense_corridor,Dense Corridor,stereo,0050,34,43,3,3,5,lookahead_safer,202.10111821731408,-4.577596283441468,0.0,0.35156765580177307,5.0990195135927845
93,4,ppo_shield,dense_corridor,Dense Corridor,stereo,0050,36,45,3,3,5,lookahead_safer,202.36732647587996,-5.673671768064781,0.0,0.35156765580177307,3.1622776601683795
93,4,ppo_shield,dense_corridor,Dense Corridor,stereo,0050,37,46,2,3,5,lookahead_safer,-1.2505224017484655,-6.260681412603309,0.0,0.2185533046722412,2.0
93,4,ppo_shield,dense_corridor,Dense Corridor,stereo,0050,39,48,2,3,5,negative_progress,3.295928337356581,-3.8063251950530876,0.0,0.14541155099868774,0.0
94,4,ppo_shield,dense_corridor,Dense Corridor,mono,0050,16,25,23,3,5,lookahead_safer,-2.344137704714316,-8.040803714260916,0.0,0.09185279905796051,31.144823004794873
94,4,ppo_shield,dense_corridor,Dense Corridor,mono,0050,17,26,22,3,5,lookahead_safer,-2.1134862986724148,-7.518254460604899,0.0,0.13182033598423004,29.732137494637012
94,4,ppo_shield,dense_corridor,Dense Corridor,mono,0050,18,27,21,3,5,lookahead_safer,-1.8943973855253895,-7.179905596978803,0.0,0.16771648824214935,28.319604517012593
94,4,ppo_shield,dense_corridor,Dense Corridor,mono,0050,19,28,20,3,5,lookahead_safer,-1.7770741982673368,-7.164475903740462,0.0,0.18917879462242126,26.90724809414742
94,4,ppo_shield,dense_corridor,Dense Corridor,mono,0050,20,29,19,3,5,lookahead_safer,-1.837634856278487,-7.509218428451419,0.0,0.18917879462242126,25.495097567963924
94,4,ppo_shield,dense_corridor,Dense Corridor,mono,0050,21,30,18,3,5,lookahead_safer,-2.101887706556668,-7.8830794753104225,0.0,0.16771648824214935,24.08318915758459
94,4,ppo_shield,dense_corridor,Dense Corridor,mono,0050,22,31,17,3,5,lookahead_safer,-2.3952049078998483,-8.060047279777995,0.0,0.134682759642601,22.67156809750927
94,4,ppo_shield,dense_corridor,Dense Corridor,mono,0050,23,32,16,3,5,lookahead_safer,-2.596761932261943,-7.666509842408248,0.0,0.17453314363956451,21.2602916254693
94,4,ppo_shield,dense_corridor,Dense Corridor,mono,0050,24,33,15,3,5,lookahead_safer,-2.4868721268580556,-7.630361603096017,0.0,0.19868308305740356,19.849433241279208
94,4,ppo_shield,dense_corridor,Dense Corridor,mono,0050,25,34,14,3,5,lookahead_safer,-2.5490652821087707,-8.007653186982555,0.0,0.19868308305740356,18.439088914585774
94,4,ppo_shield,dense_corridor,Dense Corridor,mono,0050,26,35,13,3,5,lookahead_safer,-2.8306978158369764,-8.715179027407173,0.0,0.17453314363956451,17.029386365926403
94,4,ppo_shield,dense_corridor,Dense Corridor,mono,0050,27,36,12,3,5,lookahead_safer,-3.136562754105614,-9.286422053743227,0.0,0.134682759642601,15.620499351813308
94,4,ppo_shield,dense_corridor,Dense Corridor,mono,0050,28,37,11,3,5,lookahead_safer,-3.0829327278655416,-9.252803090241704,0.0,0.09129838645458221,14.212670403551895
94,4,ppo_shield,dense_corridor,Dense Corridor,mono,0050,29,38,10,3,5,lookahead_safer,-2.1156556184828377,-7.959693703736992,0.0,0.1405569612979889,12.806248474865697
94,4,ppo_shield,dense_corridor,Dense Corridor,mono,0050,30,39,9,3,5,lookahead_safer,-0.1773272893972615,-6.063639586352912,0.0,0.24198976159095764,11.40175425099138
94,4,ppo_shield,dense_corridor,Dense Corridor,mono,0050,31,40,8,3,5,lookahead_safer,3.0648644099718667,-3.0936870540467085,0.0,0.3637101650238037,10.0
94,4,ppo_shield,dense_corridor,Dense Corridor,mono,0050,32,41,7,3,5,lookahead_safer,6.469365977244232,-1.386809608713754,0.0,0.477230042219162,8.602325267042627
94,4,ppo_shield,dense_corridor,Dense Corridor,mono,0050,33,41,6,3,6,lookahead_safer,211.16563616826895,0.4233319829206508,0.0,0.43101078271865845,8.06225774829855
94,4,ppo_shield,dense_corridor,Dense Corridor,mono,0050,34,42,5,3,5,lookahead_safer,209.06256954808603,-3.702618705469311,0.0,0.4612976312637329,6.708203932499369
94,4,ppo_shield,dense_corridor,Dense Corridor,mono,0050,35,43,4,3,5,lookahead_safer,209.33112470153324,-4.317412155817745,0.0,0.43101078271865845,5.385164807134504
94,4,ppo_shield,dense_corridor,Dense Corridor,mono,0050,36,44,3,3,5,lookahead_safer,202.37620530237635,-4.896190706573299,0.0,0.35156765580177307,4.123105625617661
94,4,ppo_shield,dense_corridor,Dense Corridor,mono,0050,38,46,3,3,5,lookahead_safer,203.86997077578903,-6.2442497278584,0.0,0.35156765580177307,2.23606797749979
94,4,ppo_shield,dense_corridor,Dense Corridor,mono,0050,39,47,2,3,5,lookahead_safer,1.6445286005417743,-3.44397298570388,0.0,0.2185533046722412,1.0
94,4,ppo_shield,dense_corridor,Dense Corridor,mono,0050,41,48,2,3,6,negative_progress,6.45455452167928,-1.0895913228392602,0.0,0.18442706763744354,0.0
95,4,ppo_shield,obstacle_cluster,Obstacle Cluster,stereo,0060,1,10,8,3,5,obstacle_risk,214.1477617696689,-6.754716835220893,0.0,0.01595251075923443,38.47076812334269
95,4,ppo_shield,obstacle_cluster,Obstacle Cluster,stereo,0060,3,12,8,3,5,obstacle_risk,213.02943728587968,-6.729892411306714,0.0,0.03667691349983215,36.49657518178932
95,4,ppo_shield,obstacle_cluster,Obstacle Cluster,stereo,0060,5,14,8,3,5,obstacle_risk,10216.773473405261,-6.766478149951344,0.0,0.05561278387904167,34.52535300326414
95,4,ppo_shield,obstacle_cluster,Obstacle Cluster,stereo,0060,7,16,8,3,5,obstacle_risk,214.93402747840386,-7.061922308487903,0.0,0.05561278387904167,32.55764119219941
95,4,ppo_shield,obstacle_cluster,Obstacle Cluster,stereo,0060,9,18,8,3,5,obstacle_risk,213.48326342170967,-7.581500289462731,0.0,0.03667691349983215,30.59411708155671
95,4,ppo_shield,obstacle_cluster,Obstacle Cluster,stereo,0060,11,20,8,3,5,obstacle_risk,10214.610801591103,-8.10980902216691,0.0,0.01595251075923443,28.635642126552707
95,4,ppo_shield,obstacle_cluster,Obstacle Cluster,stereo,0060,13,22,8,3,5,obstacle_risk,10214.01426704552,-8.5291015795201,0.0,0.0045759729109704494,26.68332812825267
95,4,ppo_shield,obstacle_cluster,Obstacle Cluster,stereo,0060,15,24,8,3,5,obstacle_risk,10213.758434357555,-8.870919412434255,0.0,0.0008656772552058101,24.73863375370596
95,4,ppo_shield,obstacle_cluster,Obstacle Cluster,stereo,0060,17,26,8,3,5,obstacle_risk,10213.64427465993,-9.19009004039385,0.0,0.000160388823132962,22.80350850198276
95,4,ppo_shield,obstacle_cluster,Obstacle Cluster,stereo,0060,19,28,8,3,5,obstacle_risk,10213.608514296522,-9.49173241869986,0.0,0.0010713228257372975,20.8806130178211
95,4,ppo_shield,obstacle_cluster,Obstacle Cluster,stereo,0060,21,30,8,3,5,obstacle_risk,10213.717777343427,-9.704109816150309,0.0,0.005643822252750397,18.973665961010276
95,4,ppo_shield,obstacle_cluster,Obstacle Cluster,stereo,0060,23,32,8,3,5,obstacle_risk,10214.216253719798,-9.594104574425932,0.0,0.023449469357728958,17.08800749063506
95,4,ppo_shield,obstacle_cluster,Obstacle Cluster,stereo,0060,25,34,8,3,5,obstacle_risk,10215.572294867929,-8.702422141832209,0.0,0.07684213668107986,15.231546211727817
95,4,ppo_shield,obstacle_cluster,Obstacle Cluster,stereo,0060,27,36,8,3,5,obstacle_risk,10218.30544454725,-6.5089235038775195,0.0,0.19859695434570312,13.416407864998739
95,4,ppo_shield,obstacle_cluster,Obstacle Cluster,stereo,0060,28,37,7,3,5,lookahead_safer,1.1652951195329941,-5.073950307831446,0.0,0.2835387885570526,12.083045973594572
95,4,ppo_shield,obstacle_cluster,Obstacle Cluster,stereo,0060,29,38,6,3,5,lookahead_safer,3.0761643304103905,-3.9584193212971606,0.0,0.35950568318367004,10.770329614269007
95,4,ppo_shield,obstacle_cluster,Obstacle Cluster,stereo,0060,30,39,5,3,5,lookahead_safer,204.37956495092064,-3.4087428420688393,0.0,0.4048111140727997,9.486832980505138
95,4,ppo_shield,obstacle_cluster,Obstacle Cluster,stereo,0060,31,40,4,3,5,lookahead_safer,204.79820861736624,-3.4462241548545665,0.0,0.4048111140727997,8.246211251235321
95,4,ppo_shield,obstacle_cluster,Obstacle Cluster,stereo,0060,32,41,3,3,5,lookahead_safer,204.11446059179767,-3.7917431989308152,0.0,0.35950568318367004,7.0710678118654755
95,4,ppo_shield,obstacle_cluster,Obstacle Cluster,stereo,0060,33,42,2,3,5,lookahead_safer,199.98415144291613,-4.26711142480629,0.0,0.2835387885570526,6.0
95,4,ppo_shield,obstacle_cluster,Obstacle Cluster,stereo,0060,35,44,2,3,5,lookahead_safer,199.66544503966162,-4.75148756351314,0.0,0.2835387885570526,4.0
95,4,ppo_shield,obstacle_cluster,Obstacle Cluster,stereo,0060,38,47,3,3,5,negative_progress,3.2714483339836686,-5.323718555281671,0.0,0.2518058717250824,1.4142135623730951
95,4,ppo_shield,obstacle_cluster,Obstacle Cluster,stereo,0060,39,48,2,3,5,negative_progress,2.832949954451256,-3.885136815725631,0.0,0.1391017735004425,0.0
96,4,ppo_shield,obstacle_cluster,Obstacle Cluster,mono,0060,10,19,17,3,5,lookahead_safer,-4.012522876049545,-9.226334623039227,0.0,0.01770208775997162,32.64965543462902
96,4,ppo_shield,obstacle_cluster,Obstacle Cluster,mono,0060,12,21,17,3,5,lookahead_safer,-4.469663492470497,-9.658271282280595,0.0,0.004123708698898554,30.886890422961002
96,4,ppo_shield,obstacle_cluster,Obstacle Cluster,mono,0060,13,22,16,3,5,lookahead_safer,-4.756894309100359,-9.769697092562591,0.0,0.0008656772552058101,29.5296461204668
96,4,ppo_shield,obstacle_cluster,Obstacle Cluster,mono,0060,15,24,16,3,5,lookahead_safer,-4.7513305377648996,-10.059872478429561,0.0,0.00010800570453284308,27.784887978899608
96,4,ppo_shield,obstacle_cluster,Obstacle Cluster,mono,0060,16,25,15,3,5,lookahead_safer,-4.94464040713009,-10.137473660516951,0.0,1.681852518231608e-05,26.419689627245813
96,4,ppo_shield,obstacle_cluster,Obstacle Cluster,mono,0060,17,26,14,3,5,lookahead_safer,-5.139042731158973,-10.20430606422666,0.0,5.511303243110888e-05,25.059928172283335
96,4,ppo_shield,obstacle_cluster,Obstacle Cluster,mono,0060,19,28,14,3,5,lookahead_safer,-5.044848697536923,-10.49125014685978,0.0,0.00041452166624367237,23.323807579381203
96,4,ppo_shield,obstacle_cluster,Obstacle Cluster,mono,0060,20,29,13,3,5,lookahead_safer,-5.2195164135567484,-10.541623566546098,0.0,0.0010713228257372975,21.95449840010015
96,4,ppo_shield,obstacle_cluster,Obstacle Cluster,mono,0060,21,30,12,3,5,lookahead_safer,-5.375406819344899,-10.562130667850441,0.0,0.0024589337408542633,20.591260281974
96,4,ppo_shield,obstacle_cluster,Obstacle Cluster,mono,0060,22,31,11,3,5,lookahead_safer,-5.498053056207128,-10.543505034648833,0.0,0.0050121801905334,19.235384061671343
96,4,ppo_shield,obstacle_cluster,Obstacle Cluster,mono,0060,24,33,11,3,5,lookahead_safer,-4.8496944895875975,-10.503727718706495,0.0,0.020825065672397614,17.4928556845359
96,4,ppo_shield,obstacle_cluster,Obstacle Cluster,mono,0060,25,34,10,3,5,lookahead_safer,-4.653133066970369,-10.313539856496401,0.0,0.03347903490066528,16.1245154965971
96,4,ppo_shield,obstacle_cluster,Obstacle Cluster,mono,0060,26,35,9,3,5,lookahead_safer,-4.395145320058326,-10.108253795900039,0.0,0.04779834672808647,14.7648230602334
96,4,ppo_shield,obstacle_cluster,Obstacle Cluster,mono,0060,27,36,8,3,5,lookahead_safer,-4.169681515581625,-9.936207776886025,0.0,0.060604680329561234,13.416407864998739
96,4,ppo_shield,obstacle_cluster,Obstacle Cluster,mono,0060,28,37,7,3,5,lookahead_safer,-4.098808857320851,-9.830588951473713,0.0,0.0682421624660492,12.083045973594572
96,4,ppo_shield,obstacle_cluster,Obstacle Cluster,mono,0060,29,38,6,3,5,lookahead_safer,-4.285795482746176,-9.782129255005271,0.0,0.0682421624660492,10.770329614269007
96,4,ppo_shield,obstacle_cluster,Obstacle Cluster,mono,0060,31,40,6,3,5,lookahead_safer,-2.2317165094614344,-9.53708812761252,0.0,0.12353385984897614,8.94427190999916
96,4,ppo_shield,obstacle_cluster,Obstacle Cluster,mono,0060,32,41,5,3,5,lookahead_safer,-3.2505886914680984,-9.832204835552176,0.0,0.09743000566959381,7.615773105863909
96,4,ppo_shield,obstacle_cluster,Obstacle Cluster,mono,0060,33,42,4,3,5,lookahead_safer,-4.52004350277566,-9.868426799332735,0.0,0.0682421624660492,6.324555320336759
96,4,ppo_shield,obstacle_cluster,Obstacle Cluster,mono,0060,35,44,4,3,5,lookahead_safer,-3.495882837332051,-10.619775153506248,0.0,0.07684213668107986,4.47213595499958
96,4,ppo_shield,obstacle_cluster,Obstacle Cluster,mono,0060,36,45,3,3,5,lookahead_safer,-5.045473716952973,-10.308412083442494,0.0,0.04244887828826904,3.1622776601683795
96,4,ppo_shield,obstacle_cluster,Obstacle Cluster,mono,0060,38,47,3,3,5,negative_progress,-1.3743696722636132,-8.420264115877561,0.0,0.03347903490066528,1.4142135623730951
96,4,ppo_shield,obstacle_cluster,Obstacle Cluster,mono,0060,39,48,2,3,5,negative_progress,-0.4501306718278595,-5.981392607564843,0.0,0.014586344361305237,0.0
97,4,ppo_shield,lateral_maneuver,Lateral Maneuver,stereo,0010,17,17,19,3,2,obstacle_risk,214.3330059616066,1.9004838145991987,0.0,0.2542925179004669,34.132096331752024
97,4,ppo_shield,lateral_maneuver,Lateral Maneuver,stereo,0010,20,19,22,3,2,lookahead_safer,201.80580671184634,2.8894551771211394,0.0,0.4427204132080078,30.886890422961002
97,4,ppo_shield,lateral_maneuver,Lateral Maneuver,stereo,0010,26,25,26,3,5,obstacle_risk,210.13699549170676,-2.339240974734287,0.0,0.2305898368358612,23.706539182259394
97,4,ppo_shield,lateral_maneuver,Lateral Maneuver,stereo,0010,35,34,34,3,4,lookahead_safer,-2.4475973144057903,-7.59431191628423,0.0,0.00036360055673867464,12.36931687685298
97,4,ppo_shield,lateral_maneuver,Lateral Maneuver,stereo,0010,36,35,33,3,5,obstacle_risk,201.96430777698274,-7.065183701212046,0.0,0.0002609081275295466,11.704699910719626
97,4,ppo_shield,lateral_maneuver,Lateral Maneuver,stereo,0010,42,41,37,3,5,lookahead_safer,-3.9568139454379265,-9.180385503942984,0.0,5.6847384257707745e-06,5.0
97,4,ppo_shield,lateral_maneuver,Lateral Maneuver,stereo,0010,44,43,37,3,5,obstacle_risk,211.30632762105228,-8.868194597162127,0.0,3.877330073009944e-06,3.0
97,4,ppo_shield,lateral_maneuver,Lateral Maneuver,stereo,0010,45,44,37,3,4,obstacle_risk,202.98394314225527,-8.68606793059637,0.0,2.9804759833496064e-06,2.0
97,4,ppo_shield,lateral_maneuver,Lateral Maneuver,stereo,0010,46,45,36,3,5,lookahead_safer,1.447013781811769,-4.710339156420865,0.0,6.107575245550834e-06,1.4142135623730951
98,4,ppo_shield,lateral_maneuver,Lateral Maneuver,mono,0010,11,11,13,3,2,lookahead_safer,203.43032916498396,4.240479329772171,0.0,0.37610334157943726,42.43819034784589
98,4,ppo_shield,lateral_maneuver,Lateral Maneuver,mono,0010,13,12,15,3,2,lookahead_safer,202.38916881052944,3.385150951201912,0.0,0.4427204132080078,40.496913462633174
98,4,ppo_shield,lateral_maneuver,Lateral Maneuver,mono,0010,38,37,38,3,5,obstacle_risk,204.58111177264567,-7.9839558755569575,0.0,0.05944754555821419,9.055385138137417
98,4,ppo_shield,lateral_maneuver,Lateral Maneuver,mono,0010,40,39,38,3,5,obstacle_risk,213.0765138606397,-7.103764145020112,0.0,0.127787783741951,7.0710678118654755
98,4,ppo_shield,lateral_maneuver,Lateral Maneuver,mono,0010,42,41,38,3,5,obstacle_risk,10222.456798987552,-5.934788882239912,0.0,0.2268589437007904,5.0990195135927845
98,4,ppo_shield,lateral_maneuver,Lateral Maneuver,mono,0010,43,42,37,3,5,lookahead_safer,6.146365155768291,-4.951927397974654,0.0,0.21626374125480652,4.0
98,4,ppo_shield,lateral_maneuver,Lateral Maneuver,mono,0010,45,44,37,3,5,obstacle_risk,218.91974253771866,-3.578419026718388,0.0,0.2881489098072052,2.0
98,4,ppo_shield,lateral_maneuver,Lateral Maneuver,mono,0010,46,45,37,3,4,lookahead_safer,6.264901236819846,1.1289470036824545,0.0,0.3095817267894745,1.0
98,4,ppo_shield,lateral_maneuver,Lateral Maneuver,mono,0010,47,46,37,3,4,obstacle_risk,222.15125933787462,4.729114194623866,0.11824844777584076,0.31707456707954407,0.0
99,4,ppo_shield,stress_density,Stress Density,stereo,0040,8,9,9,3,4,obstacle_risk,10212.584619985533,-7.381505137604351,0.0,0.000290166208287701,20.0
99,4,ppo_shield,stress_density,Stress Density,stereo,0040,9,10,9,3,4,obstacle_risk,10212.601746650293,-7.46289575357611,0.0,0.0006182969664223492,19.0
99,4,ppo_shield,stress_density,Stress Density,stereo,0040,10,11,9,3,4,obstacle_risk,210.6974175521686,-7.535911215360587,0.0,0.0012505146441981196,18.0
99,4,ppo_shield,stress_density,Stress Density,stereo,0040,11,12,9,3,4,obstacle_risk,10212.4699790375,-7.595572842440258,0.0,0.002400611061602831,17.0
99,4,ppo_shield,stress_density,Stress Density,stereo,0040,12,13,9,3,4,obstacle_risk,10211.848439295436,-7.635371340780209,0.0,0.004374174866825342,16.0
99,4,ppo_shield,stress_density,Stress Density,stereo,0040,13,14,9,3,4,obstacle_risk,10212.407580720343,-7.6477590172862016,0.0,0.007565051782876253,15.0
99,4,ppo_shield,stress_density,Stress Density,stereo,0040,14,15,9,3,4,obstacle_risk,10212.417072693968,-7.625348430375258,0.0,0.012418495491147041,14.0
99,4,ppo_shield,stress_density,Stress Density,stereo,0040,15,16,9,3,4,obstacle_risk,10212.459444972712,-7.562864059085647,0.0,0.019349396228790283,13.0
99,4,ppo_shield,stress_density,Stress Density,stereo,0040,16,17,9,3,4,obstacle_risk,210.02691261085133,-7.4595994253953295,0.0,0.028615890070796013,12.0
99,4,ppo_shield,stress_density,Stress Density,stereo,0040,17,18,9,3,4,obstacle_risk,208.98721305703077,-7.321774730334679,0.0,0.04016875848174095,11.0
99,4,ppo_shield,stress_density,Stress Density,stereo,0040,18,19,9,3,4,obstacle_risk,10212.565051038075,-7.163922067483266,0.0,0.053519364446401596,10.0
99,4,ppo_shield,stress_density,Stress Density,stereo,0040,19,20,9,3,4,obstacle_risk,10212.8682814664,-7.0084322258830065,0.0,0.06768225878477097,9.0
99,4,ppo_shield,stress_density,Stress Density,stereo,0040,20,21,9,3,4,obstacle_risk,10212.95845097473,-6.882792415221532,0.0,0.0812418982386589,8.0
99,4,ppo_shield,stress_density,Stress Density,stereo,0040,21,22,9,3,4,obstacle_risk,10213.004693897703,-6.814778524140517,0.0,0.09256070852279663,7.0
99,4,ppo_shield,stress_density,Stress Density,stereo,0040,22,23,9,3,4,obstacle_risk,10212.993159429403,-6.826687892774741,0.0,0.10009551793336868,6.0
99,4,ppo_shield,stress_density,Stress Density,stereo,0040,23,24,9,3,4,obstacle_risk,10212.920720330842,-6.930242979029815,0.0,0.10274104028940201,5.0
99,4,ppo_shield,stress_density,Stress Density,stereo,0040,24,25,9,3,4,obstacle_risk,10212.798953931318,-7.123768283923467,0.0,0.10009551793336868,4.0
99,4,ppo_shield,stress_density,Stress Density,stereo,0040,25,26,9,3,4,obstacle_risk,10212.752371257606,-7.299686277409395,0.0,0.09256070852279663,3.0
99,4,ppo_shield,stress_density,Stress Density,stereo,0040,26,27,9,3,4,obstacle_risk,10212.41365727308,-7.273696877062321,0.0,0.0812418982386589,2.0
99,4,ppo_shield,stress_density,Stress Density,stereo,0040,27,28,9,3,4,obstacle_risk,10217.561638902751,-3.7759704500436784,0.0,0.09554914385080338,1.0
99,4,ppo_shield,stress_density,Stress Density,stereo,0040,28,29,9,3,4,obstacle_risk,10222.148427852988,-1.7161383986473084,0.0,0.143341526389122,0.0
100,4,ppo_shield,stress_density,Stress Density,mono,0040,16,17,16,3,5,lookahead_safer,-5.359688839601393,-11.185245751759595,0.0,0.010345792397856712,13.892443989449804
100,4,ppo_shield,stress_density,Stress Density,mono,0040,17,18,15,3,5,lookahead_safer,-5.839562384206468,-11.271974272113845,0.0,0.004983595106750727,12.529964086141668
100,4,ppo_shield,stress_density,Stress Density,mono,0040,18,19,14,3,5,lookahead_safer,-6.239571626894813,-11.277096427690411,0.0,0.002162741031497717,11.180339887498949
100,4,ppo_shield,stress_density,Stress Density,mono,0040,20,21,14,3,5,lookahead_safer,-5.831095070264388,-11.795180628298354,0.0,0.0015814397484064102,9.433981132056603
100,4,ppo_shield,stress_density,Stress Density,mono,0040,21,22,13,3,5,lookahead_safer,-6.145345126322621,-11.781623360921742,0.0,0.0005570315988734365,8.06225774829855
100,4,ppo_shield,stress_density,Stress Density,mono,0040,22,23,12,3,5,lookahead_safer,-6.471311740721257,-11.640477440485267,0.0,0.00017676233255770057,6.708203932499369
100,4,ppo_shield,stress_density,Stress Density,mono,0040,24,25,12,3,5,lookahead_safer,-5.321364728478445,-12.405830497949761,0.0,8.514687942806631e-05,5.0
100,4,ppo_shield,stress_density,Stress Density,mono,0040,25,26,11,3,5,lookahead_safer,-5.389702673169392,-12.202970941715796,0.0,2.1930274670012295e-05,3.605551275463989
100,4,ppo_shield,stress_density,Stress Density,mono,0040,26,27,10,3,5,lookahead_safer,-5.230598706159115,-11.467391550105067,0.0,5.088644684292376e-06,2.23606797749979
100,4,ppo_shield,stress_density,Stress Density,mono,0040,28,29,10,3,5,negative_progress,-0.1302076695721497,-6.9469839415257,0.0,1.6147749875017325e-06,1.0
100,4,ppo_shield,stress_density,Stress Density,mono,0040,29,29,9,3,6,obstacle_risk+negative_progress,218.21851520126705,-4.1416535637968614,0.0,5.838059564666764e-07,0.0
